index,timestamp,cps_prior,frequency_MHz,signal,reference,ratio
0,2026-02-06 00:57:27,103693.76974135957,2199.99999961853,80232,90810,0.8835150313842088
0,2026-02-06 00:57:27,103693.76974135957,2202.0,76857,91535,0.839646037035014
0,2026-02-06 00:57:27,103693.76974135957,2204.00000038147,72179,91284,0.7907081197142982
0,2026-02-06 00:57:27,103693.76974135957,2206.000000762939,69218,91524,0.7562825051352651
0,2026-02-06 00:57:27,103693.76974135957,2208.000001144409,69817,92329,0.7561762826414236
0,2026-02-06 00:57:27,103693.76974135957,2210.000001525879,72315,92820,0.7790885585003232
0,2026-02-06 00:57:27,103693.76974135957,2212.0000019073486,77016,93559,0.8231810942827521
0,2026-02-06 00:57:27,103693.76974135957,2214.0000022888185,82440,93847,0.8784510959327416
0,2026-02-06 00:57:27,103693.76974135957,2216.000002670288,86355,94219,0.9165348814994853
0,2026-02-06 00:57:27,103693.76974135957,2218.0000030517576,88321,94298,0.9366158349063607
0,2026-02-06 00:57:27,103693.76974135957,2220.0000034332274,90290,95581,0.944643809962231
0,2026-02-06 00:57:27,103693.76974135957,2222.0000038146973,91105,95603,0.952951267219648
0,2026-02-06 00:57:27,103693.76974135957,2224.000004196167,92823,96527,0.9616273167093145
0,2026-02-06 00:57:27,103693.76974135957,2226.0000045776364,93650,96672,0.9687396557431314
0,2026-02-06 00:57:27,103693.76974135957,2228.0000049591063,94332,96974,0.9727555839709613
0,2026-02-06 00:57:27,103693.76974135957,2230.000005340576,95889,97687,0.9815942755945009
0,2026-02-06 00:57:27,103693.76974135957,2232.000005722046,95999,97560,0.9839995899959
0,2026-02-06 00:57:27,103693.76974135957,2234.0000061035157,96424,97907,0.9848529727190088
0,2026-02-06 00:57:27,103693.76974135957,2236.000006484985,96224,97850,0.983382728666326
0,2026-02-06 00:57:27,103693.76974135957,2238.000006866455,96535,97956,0.9854934868716566
0,2026-02-06 00:57:27,103693.76974135957,2240.0000072479247,96561,97506,0.9903082887206941
0,2026-02-06 00:57:27,103693.76974135957,2242.0000076293945,96381,97422,0.9893145285459136
0,2026-02-06 00:57:27,103693.76974135957,2244.0000080108643,96060,97488,0.9853520433284096
0,2026-02-06 00:57:27,103693.76974135957,2246.0000083923337,96513,96977,0.9952153603431741
0,2026-02-06 00:57:27,103693.76974135957,2248.0000087738035,96776,97682,0.9907250056305154
0,2026-02-06 00:57:27,103693.76974135957,2250.0000091552733,97016,98089,0.9890609548471286
0,2026-02-06 00:57:27,103693.76974135957,2252.000009536743,97083,98625,0.9843650190114068
0,2026-02-06 00:57:27,103693.76974135957,2254.000009918213,97705,98573,0.9911943432785855
0,2026-02-06 00:57:27,103693.76974135957,2256.0000102996823,97587,98736,0.9883629071463296
0,2026-02-06 00:57:27,103693.76974135957,2258.000010681152,98546,99617,0.9892488229920596
0,2026-02-06 00:57:27,103693.76974135957,2260.000011062622,99062,99632,0.9942789465232054
0,2026-02-06 00:57:27,103693.76974135957,2262.000011444092,99475,99708,0.9976631764753079
0,2026-02-06 00:57:27,103693.76974135957,2264.0000118255616,99484,99901,0.9958258676089329
0,2026-02-06 00:57:27,103693.76974135957,2266.000012207031,98948,100254,0.9869730883555768
0,2026-02-06 00:57:27,103693.76974135957,2268.000012588501,99071,99405,0.9966400080478849
0,2026-02-06 00:57:27,103693.76974135957,2270.0000129699706,99276,99667,0.9960769361975378
0,2026-02-06 00:57:27,103693.76974135957,2272.0000133514404,99229,99858,0.9937010554988083
0,2026-02-06 00:57:27,103693.76974135957,2274.0000137329102,99354,99944,0.9940966941487233
0,2026-02-06 00:57:27,103693.76974135957,2276.0000141143796,99310,99779,0.9952996121428357
0,2026-02-06 00:57:27,103693.76974135957,2278.0000144958494,99243,100263,0.9898267556326861
0,2026-02-06 00:57:27,103693.76974135957,2280.0000148773192,99882,100378,0.9950586781964176
0,2026-02-06 00:57:27,103693.76974135957,2282.000015258789,100190,101105,0.990950002472677
0,2026-02-06 00:57:27,103693.76974135957,2284.000015640259,99894,100877,0.9902554596191402
0,2026-02-06 00:57:27,103693.76974135957,2286.0000160217282,99555,100462,0.9909717106965817
0,2026-02-06 00:57:27,103693.76974135957,2288.000016403198,99864,100882,0.9899090025970936
0,2026-02-06 00:57:27,103693.76974135957,2290.000016784668,99987,100408,0.995807107003426
0,2026-02-06 00:57:27,103693.76974135957,2292.0000171661377,99619,100801,0.9882739258539102
0,2026-02-06 00:57:27,103693.76974135957,2294.0000175476075,100421,100574,0.998478732077873
0,2026-02-06 00:57:27,103693.76974135957,2296.000017929077,99641,101009,0.9864566523775109
0,2026-02-06 00:57:27,103693.76974135957,2298.0000183105467,99874,100741,0.9913937721483805
0,2026-02-06 00:57:27,103693.76974135957,2300.0000186920165,100170,100647,0.995260663507109
0,2026-02-06 00:57:27,103693.76974135957,2302.0000190734863,99603,100740,0.9887135199523526
0,2026-02-06 00:57:27,103693.76974135957,2304.000019454956,99981,100751,0.9923573959563676
0,2026-02-06 00:57:27,103693.76974135957,2306.0000198364255,99961,100797,0.9917061023641577
0,2026-02-06 00:57:27,103693.76974135957,2308.0000202178953,100080,100544,0.9953851050286442
0,2026-02-06 00:57:27,103693.76974135957,2310.000020599365,100269,100547,0.9972351238724179
0,2026-02-06 00:57:27,103693.76974135957,2312.000020980835,99893,100249,0.9964488423824677
0,2026-02-06 00:57:27,103693.76974135957,2314.000021362305,100213,100850,0.9936836886465047
0,2026-02-06 00:57:27,103693.76974135957,2316.000021743774,100241,101005,0.9924360180189099
0,2026-02-06 00:57:27,103693.76974135957,2318.000022125244,99850,100893,0.9896623155223851
0,2026-02-06 00:57:27,103693.76974135957,2320.000022506714,100137,101590,0.985697411162516
0,2026-02-06 00:57:27,103693.76974135957,2322.0000228881836,99725,100622,0.9910854485102661
0,2026-02-06 00:57:27,103693.76974135957,2324.0000232696534,100162,100834,0.9933355812523553
0,2026-02-06 00:57:27,103693.76974135957,2326.000023651123,100405,100501,0.9990447856240237
0,2026-02-06 00:57:27,103693.76974135957,2328.0000240325926,100464,101067,0.9940336608388495
0,2026-02-06 00:57:27,103693.76974135957,2330.0000244140624,100819,101238,0.9958612378751062
0,2026-02-06 00:57:27,103693.76974135957,2332.000024795532,101081,101394,0.9969130323293292
0,2026-02-06 00:57:27,103693.76974135957,2334.000025177002,100468,100938,0.9953436763161545
0,2026-02-06 00:57:27,103693.76974135957,2336.0000255584714,100294,100705,0.9959187726527978
0,2026-02-06 00:57:27,103693.76974135957,2338.000025939941,99971,101174,0.9881095933737917
0,2026-02-06 00:57:27,103693.76974135957,2340.000026321411,99874,100112,0.997622662617868
0,2026-02-06 00:57:27,103693.76974135957,2342.000026702881,99955,100068,0.998870767877843
0,2026-02-06 00:57:27,103693.76974135957,2344.0000270843507,99371,100514,0.9886284497681915
0,2026-02-06 00:57:27,103693.76974135957,2346.00002746582,99883,99748,1.0013534105946986
0,2026-02-06 00:57:27,103693.76974135957,2348.00002784729,99372,100285,0.9908959465523258
0,2026-02-06 00:57:27,103693.76974135957,2350.0000282287597,99645,100045,0.9960017991903644
0,2026-02-06 00:57:27,103693.76974135957,2352.0000286102295,99534,100857,0.9868824176804784
0,2026-02-06 00:57:27,103693.76974135957,2354.0000289916993,98877,100437,0.9844678753845695
0,2026-02-06 00:57:27,103693.76974135957,2356.0000293731687,99728,100388,0.9934255090249831
0,2026-02-06 00:57:27,103693.76974135957,2358.0000297546385,100221,100539,0.9968370483096112
0,2026-02-06 00:57:27,103693.76974135957,2360.0000301361083,99755,100090,0.99665301228894
0,2026-02-06 00:57:27,103693.76974135957,2362.000030517578,100594,100712,0.998828342203511
0,2026-02-06 00:57:27,103693.76974135957,2364.000030899048,99932,100274,0.996589345194168
0,2026-02-06 00:57:27,103693.76974135957,2366.0000312805173,99858,101013,0.9885658281607318
0,2026-02-06 00:57:27,103693.76974135957,2368.000031661987,100411,100993,0.9942372243620845
0,2026-02-06 00:57:27,103693.76974135957,2370.000032043457,100569,101052,0.9952202826267664
0,2026-02-06 00:57:27,103693.76974135957,2372.0000324249268,100334,100734,0.9960291460678619
0,2026-02-06 00:57:27,103693.76974135957,2374.0000328063966,100479,100911,0.9957189999108125
0,2026-02-06 00:57:27,103693.76974135957,2376.000033187866,100257,101095,0.9917107671002522
0,2026-02-06 00:57:27,103693.76974135957,2378.0000335693358,100587,100827,0.9976196852033682
0,2026-02-06 00:57:27,103693.76974135957,2380.0000339508056,100536,101567,0.9898490651491134
0,2026-02-06 00:57:27,103693.76974135957,2382.0000343322754,100812,101616,0.9920878601794992
0,2026-02-06 00:57:27,103693.76974135957,2384.000034713745,100774,101166,0.9961251803965759
0,2026-02-06 00:57:27,103693.76974135957,2386.0000350952146,100923,101194,0.9973219756112023
0,2026-02-06 00:57:27,103693.76974135957,2388.0000354766844,100919,101255,0.9966816453508469
0,2026-02-06 00:57:27,103693.76974135957,2390.000035858154,100448,101109,0.9934625008654027
0,2026-02-06 00:57:27,103693.76974135957,2392.000036239624,100132,100770,0.9936687506202243
0,2026-02-06 00:57:27,103693.76974135957,2394.000036621094,100625,101548,0.9909107023279631
0,2026-02-06 00:57:27,103693.76974135957,2396.000037002563,100018,101045,0.989836211588896
0,2026-02-06 00:57:27,103693.76974135957,2398.000037384033,100735,101070,0.9966854655189472
0,2026-02-06 00:57:27,103693.76974135957,2400.000037765503,99761,101612,0.981783647600677
0,2026-02-06 00:57:27,103693.76974135957,2402.0000381469727,100467,101193,0.9928255907029142
0,2026-02-06 00:57:27,103693.76974135957,2404.0000385284425,100371,101048,0.9933002137597974
0,2026-02-06 00:57:27,103693.76974135957,2406.000038909912,100636,100600,1.0003578528827037
0,2026-02-06 00:57:27,103693.76974135957,2408.0000392913817,100460,101283,0.991874253329779
0,2026-02-06 00:57:27,103693.76974135957,2410.0000396728515,100378,100372,1.0000597776272266
0,2026-02-06 00:57:27,103693.76974135957,2412.0000400543213,100508,101051,0.9946264757399729
0,2026-02-06 00:57:27,103693.76974135957,2414.000040435791,99990,100888,0.9910990405201808
0,2026-02-06 00:57:27,103693.76974135957,2416.0000408172605,99838,100844,0.9900241957875531
0,2026-02-06 00:57:27,103693.76974135957,2418.0000411987303,100986,101467,0.9952595425113584
0,2026-02-06 00:57:27,103693.76974135957,2420.0000415802,100546,100501,1.0004477567387389
0,2026-02-06 00:57:27,103693.76974135957,2422.00004196167,100191,101573,0.9863940220334144
0,2026-02-06 00:57:27,103693.76974135957,2424.0000423431397,101314,101332,0.9998223660837643
0,2026-02-06 00:57:27,103693.76974135957,2426.000042724609,100494,101404,0.9910259950297818
0,2026-02-06 00:57:27,103693.76974135957,2428.000043106079,100671,101274,0.9940458557971443
0,2026-02-06 00:57:27,103693.76974135957,2430.0000434875487,101105,101507,0.9960396819923749
0,2026-02-06 00:57:27,103693.76974135957,2432.0000438690186,100896,101155,0.9974395729326282
0,2026-02-06 00:57:27,103693.76974135957,2434.0000442504884,100666,100459,1.0020605421117073
0,2026-02-06 00:57:27,103693.76974135957,2436.0000446319577,99723,101123,0.9861554740266804
0,2026-02-06 00:57:27,103693.76974135957,2438.0000450134276,99855,100285,0.9957122201725084
0,2026-02-06 00:57:27,103693.76974135957,2440.0000453948974,99043,100181,0.9886405605853406
0,2026-02-06 00:57:27,103693.76974135957,2442.000045776367,99253,100018,0.9923513767521847
0,2026-02-06 00:57:27,103693.76974135957,2444.000046157837,99373,98976,1.0040110733915293
0,2026-02-06 00:57:27,103693.76974135957,2446.0000465393064,99000,99872,0.9912688240948414
0,2026-02-06 00:57:27,103693.76974135957,2448.000046920776,98595,99497,0.9909344000321618
0,2026-02-06 00:57:27,103693.76974135957,2450.000047302246,99136,100051,0.9908546641212982
0,2026-02-06 00:57:27,103693.76974135957,2452.000047683716,100113,99940,1.001731038623174
0,2026-02-06 00:57:27,103693.76974135957,2454.0000480651856,100027,100622,0.9940867802269882
0,2026-02-06 00:57:27,103693.76974135957,2456.000048446655,100023,99735,1.0028876522785382
0,2026-02-06 00:57:27,103693.76974135957,2458.000048828125,99562,99713,0.998485653826482
0,2026-02-06 00:57:27,103693.76974135957,2460.0000492095946,99864,100021,0.9984303296307775
0,2026-02-06 00:57:27,103693.76974135957,2462.0000495910645,99379,100488,0.9889638563808614
0,2026-02-06 00:57:27,103693.76974135957,2464.0000499725343,99505,100260,0.9924695790943546
0,2026-02-06 00:57:27,103693.76974135957,2466.0000503540036,100345,100807,0.995416984931602
0,2026-02-06 00:57:27,103693.76974135957,2468.0000507354735,99728,100611,0.9912236236594408
0,2026-02-06 00:57:27,103693.76974135957,2470.0000511169433,100163,100435,0.9972917807537213
0,2026-02-06 00:57:27,103693.76974135957,2472.000051498413,100068,100661,0.9941089399072133
0,2026-02-06 00:57:27,103693.76974135957,2474.000051879883,99635,101031,0.986182458849264
0,2026-02-06 00:57:27,103693.76974135957,2476.0000522613523,100338,100408,0.9993028443948689
0,2026-02-06 00:57:27,103693.76974135957,2478.000052642822,100251,100309,0.9994217866791614
0,2026-02-06 00:57:27,103693.76974135957,2480.000053024292,99503,100863,0.9865163637805736
0,2026-02-06 00:57:27,103693.76974135957,2482.0000534057617,100673,100476,1.0019606672240138
0,2026-02-06 00:57:27,103693.76974135957,2484.0000537872315,100128,100505,0.9962489428386647
0,2026-02-06 00:57:27,103693.76974135957,2486.000054168701,100709,100945,0.9976620932190797
0,2026-02-06 00:57:27,103693.76974135957,2488.0000545501707,100995,100364,1.0062871149017576
0,2026-02-06 00:57:27,103693.76974135957,2490.0000549316405,100369,100760,0.9961194918618499
0,2026-02-06 00:57:27,103693.76974135957,2492.0000553131104,99878,100214,0.9966471750454028
0,2026-02-06 00:57:27,103693.76974135957,2494.00005569458,100288,101182,0.9911644363621989
0,2026-02-06 00:57:27,103693.76974135957,2496.0000560760495,101010,100887,1.001219185821761
0,2026-02-06 00:57:27,103693.76974135957,2498.0000564575193,100425,101073,0.9935887922590603
0,2026-02-06 00:57:27,103693.76974135957,2500.000056838989,100956,100456,1.004977303496058
0,2026-02-06 00:57:27,103693.76974135957,2502.000057220459,100926,100920,1.0000594530321045
0,2026-02-06 00:57:27,103693.76974135957,2504.000057601929,100946,100885,1.0006046488576101
0,2026-02-06 00:57:27,103693.76974135957,2506.000057983398,100718,100327,1.0038972559729684
0,2026-02-06 00:57:27,103693.76974135957,2508.000058364868,100317,100751,0.9956923504481345
0,2026-02-06 00:57:27,103693.76974135957,2510.000058746338,100405,101115,0.9929782920437126
0,2026-02-06 00:57:27,103693.76974135957,2512.0000591278076,100711,100772,0.9993946731234867
0,2026-02-06 00:57:27,103693.76974135957,2514.0000595092774,100645,100860,0.99786833234186
0,2026-02-06 00:57:27,103693.76974135957,2516.000059890747,100252,100342,0.9991030675091188
0,2026-02-06 00:57:27,103693.76974135957,2518.0000602722166,100177,100812,0.9937011466888862
0,2026-02-06 00:57:27,103693.76974135957,2520.0000606536864,99906,100759,0.9915342550045158
0,2026-02-06 00:57:27,103693.76974135957,2522.0000610351562,100244,100830,0.9941882376276902
0,2026-02-06 00:57:27,103693.76974135957,2524.000061416626,100614,100263,1.0035007929146345
0,2026-02-06 00:57:27,103693.76974135957,2526.0000617980954,99966,100922,0.9905273379441549
0,2026-02-06 00:57:27,103693.76974135957,2528.0000621795652,100151,100751,0.994044724121845
0,2026-02-06 00:57:27,103693.76974135957,2530.000062561035,99597,100418,0.9918241749487143
0,2026-02-06 00:57:27,103693.76974135957,2532.000062942505,99212,101175,0.9805979738077588
0,2026-02-06 00:57:27,103693.76974135957,2534.0000633239747,99267,100450,0.9882229965156795
0,2026-02-06 00:57:27,103693.76974135957,2536.000063705444,100061,99962,1.0009903763430104
0,2026-02-06 00:57:27,103693.76974135957,2538.000064086914,99494,100408,0.9908971396701458
0,2026-02-06 00:57:27,103693.76974135957,2540.0000644683837,99265,100222,0.9904511983396859
0,2026-02-06 00:57:27,103693.76974135957,2542.0000648498535,99664,100319,0.9934708280584934
0,2026-02-06 00:57:27,103693.76974135957,2544.0000652313233,99781,100200,0.9958183632734531
0,2026-02-06 00:57:27,103693.76974135957,2546.0000656127927,99414,99653,0.9976016778220425
0,2026-02-06 00:57:27,103693.76974135957,2548.0000659942625,99303,100150,0.9915426859710434
0,2026-02-06 00:57:27,103693.76974135957,2550.0000663757323,100194,100347,0.9984752907411283
0,2026-02-06 00:57:27,103693.76974135957,2552.000066757202,100178,100012,1.001659800823901
0,2026-02-06 00:57:27,103693.76974135957,2554.000067138672,99948,100802,0.9915279458740898
0,2026-02-06 00:57:27,103693.76974135957,2556.0000675201413,100280,101450,0.9884672252341055
0,2026-02-06 00:57:27,103693.76974135957,2558.000067901611,100328,100921,0.9941241168835029
0,2026-02-06 00:57:27,103693.76974135957,2560.000068283081,100658,100886,0.9977400233927404
0,2026-02-06 00:57:27,103693.76974135957,2562.000068664551,100478,101776,0.9872465021223078
0,2026-02-06 00:57:27,103693.76974135957,2564.0000690460206,99595,101245,0.9837028989085881
0,2026-02-06 00:57:27,103693.76974135957,2566.00006942749,99578,101271,0.9832824796832262
0,2026-02-06 00:57:27,103693.76974135957,2568.00006980896,100581,101312,0.9927846651926722
0,2026-02-06 00:57:27,103693.76974135957,2570.0000701904296,99971,101135,0.9884906313343551
0,2026-02-06 00:57:27,103693.76974135957,2572.0000705718994,100260,100863,0.9940215936468279
0,2026-02-06 00:57:27,103693.76974135957,2574.0000709533692,100957,101007,0.9995049848030334
0,2026-02-06 00:57:27,103693.76974135957,2576.0000713348386,100737,100469,1.0026674894743652
0,2026-02-06 00:57:27,103693.76974135957,2578.0000717163084,100052,101083,0.989800461007291
0,2026-02-06 00:57:27,103693.76974135957,2580.0000720977782,100328,100469,0.998596582030278
0,2026-02-06 00:57:27,103693.76974135957,2582.000072479248,100676,101261,0.9942228498632247
0,2026-02-06 00:57:27,103693.76974135957,2584.0000728607174,99840,100945,0.9890534449452673
0,2026-02-06 00:57:27,103693.76974135957,2586.000073242187,99770,100526,0.9924795575274058
0,2026-02-06 00:57:27,103693.76974135957,2588.000073623657,100171,100645,0.995290377067912
0,2026-02-06 00:57:27,103693.76974135957,2590.000074005127,100484,100984,0.9950487205894003
0,2026-02-06 00:57:27,103693.76974135957,2592.0000743865967,100193,100869,0.993298238309094
0,2026-02-06 00:57:27,103693.76974135957,2594.000074768066,100703,101093,0.9961421661242618
0,2026-02-06 00:57:27,103693.76974135957,2596.000075149536,101166,101269,0.9989829069112957
0,2026-02-06 00:57:27,103693.76974135957,2598.0000755310057,101298,101695,0.9960961699198584
0,2026-02-06 00:57:27,103693.76974135957,2600.0000759124755,100751,101413,0.9934722372871329
0,2026-02-06 00:57:27,103693.76974135957,2602.0000762939453,100900,101382,0.9952457043656665
0,2026-02-06 00:57:27,103693.76974135957,2604.0000766754147,100511,102111,0.984330777291379
0,2026-02-06 00:57:27,103693.76974135957,2606.0000770568845,101091,100631,1.0045711560056045
0,2026-02-06 00:57:27,103693.76974135957,2608.0000774383543,100557,101696,0.9887999528005035
0,2026-02-06 00:57:27,103693.76974135957,2610.000077819824,100698,101331,0.9937531456316429
0,2026-02-06 00:57:27,103693.76974135957,2612.000078201294,100391,101583,0.988265753127984
0,2026-02-06 00:57:27,103693.76974135957,2614.0000785827633,100717,101753,0.9898184820103584
0,2026-02-06 00:57:27,103693.76974135957,2616.000078964233,100481,101264,0.9922677358192448
0,2026-02-06 00:57:27,103693.76974135957,2618.000079345703,100375,100825,0.9955368212248946
0,2026-02-06 00:57:27,103693.76974135957,2620.0000797271728,99994,101821,0.9820567466436196
0,2026-02-06 00:57:27,103693.76974135957,2622.0000801086426,100006,101088,0.9892964545742323
0,2026-02-06 00:57:27,103693.76974135957,2624.000080490112,99887,101076,0.9882365744588231
0,2026-02-06 00:57:27,103693.76974135957,2626.0000808715818,99478,100443,0.9903925609549695
0,2026-02-06 00:57:27,103693.76974135957,2628.0000812530516,99008,100400,0.9861354581673307
0,2026-02-06 00:57:27,103693.76974135957,2630.0000816345214,98965,99797,0.9916630760443701
0,2026-02-06 00:57:27,103693.76974135957,2632.000082015991,99026,99620,0.994037341899217
0,2026-02-06 00:57:27,103693.76974135957,2634.0000823974606,99280,99304,0.999758317892532
0,2026-02-06 00:57:27,103693.76974135957,2636.0000827789304,98834,99926,0.9890719132157797
0,2026-02-06 00:57:27,103693.76974135957,2638.0000831604,98710,99386,0.9931982371762622
0,2026-02-06 00:57:27,103693.76974135957,2640.00008354187,99018,100258,0.9876319096730436
0,2026-02-06 00:57:27,103693.76974135957,2642.00008392334,98785,99827,0.9895619421599366
0,2026-02-06 00:57:27,103693.76974135957,2644.000084304809,99792,100047,0.9974511979369696
0,2026-02-06 00:57:27,103693.76974135957,2646.000084686279,99769,101238,0.9854896382781169
0,2026-02-06 00:57:27,103693.76974135957,2648.000085067749,99621,101162,0.9847670073743106
0,2026-02-06 00:57:27,103693.76974135957,2650.0000854492187,99701,101085,0.9863085522085374
0,2026-02-06 00:57:27,103693.76974135957,2652.0000858306885,100334,101455,0.9889507663496131
0,2026-02-06 00:57:27,103693.76974135957,2654.000086212158,100545,101528,0.990317941848554
0,2026-02-06 00:57:27,103693.76974135957,2656.0000865936277,100400,101049,0.9935773733535216
0,2026-02-06 00:57:27,103693.76974135957,2658.0000869750975,100473,101036,0.9944277287303536
0,2026-02-06 00:57:27,103693.76974135957,2660.0000873565673,100902,101889,0.9903129876630451
0,2026-02-06 00:57:27,103693.76974135957,2662.000087738037,99847,101073,0.9878701532555677
0,2026-02-06 00:57:27,103693.76974135957,2664.0000881195065,100493,101204,0.9929745859847436
0,2026-02-06 00:57:27,103693.76974135957,2666.0000885009763,100399,101786,0.9863733715835183
0,2026-02-06 00:57:27,103693.76974135957,2668.000088882446,100334,101560,0.9879283182355258
0,2026-02-06 00:57:27,103693.76974135957,2670.000089263916,100042,101395,0.9866561467527984
0,2026-02-06 00:57:27,103693.76974135957,2672.0000896453857,99609,101001,0.9862179582380373
0,2026-02-06 00:57:27,103693.76974135957,2674.000090026855,99344,100882,0.9847544656132908
0,2026-02-06 00:57:27,103693.76974135957,2676.000090408325,99522,100981,0.9855517374555609
0,2026-02-06 00:57:27,103693.76974135957,2678.0000907897947,99053,101500,0.9758916256157636
0,2026-02-06 00:57:27,103693.76974135957,2680.0000911712646,99000,100613,0.9839682744774532
0,2026-02-06 00:57:27,103693.76974135957,2682.0000915527344,98502,100878,0.9764467971212752
0,2026-02-06 00:57:27,103693.76974135957,2684.0000919342037,98695,101015,0.9770331138939762
0,2026-02-06 00:57:27,103693.76974135957,2686.0000923156736,98685,101027,0.9768180783354945
0,2026-02-06 00:57:27,103693.76974135957,2688.0000926971434,98138,101054,0.9711441407564273
0,2026-02-06 00:57:27,103693.76974135957,2690.000093078613,97501,100225,0.9728211524070841
0,2026-02-06 00:57:27,103693.76974135957,2692.000093460083,97192,100615,0.9659792277493415
0,2026-02-06 00:57:27,103693.76974135957,2694.0000938415524,96122,101021,0.9515051325961928
0,2026-02-06 00:57:27,103693.76974135957,2696.000094223022,94939,100520,0.9444787107043374
0,2026-02-06 00:57:27,103693.76974135957,2698.000094604492,93270,101209,0.9215583594344376
0,2026-02-06 00:57:27,103693.76974135957,2700.000094985962,90467,100782,0.8976503740747356
0,2026-02-06 00:57:27,103693.76974135957,2702.0000953674316,86464,100139,0.8634398186520736
0,2026-02-06 00:57:27,103693.76974135957,2704.000095748901,80697,100966,0.7992492522235208
0,2026-02-06 00:57:27,103693.76974135957,2706.000096130371,76073,101229,0.7514941370555869
0,2026-02-06 00:57:27,103693.76974135957,2708.0000965118406,75295,101548,0.7414720132351204
0,2026-02-06 00:57:27,103693.76974135957,2710.0000968933105,76661,100475,0.7629858173675044
0,2026-02-06 00:57:27,103693.76974135957,2712.0000972747803,81310,100699,0.8074558833752074
0,2026-02-06 00:57:27,103693.76974135957,2714.0000976562496,86163,101464,0.8491977450130095
0,2026-02-06 00:57:27,103693.76974135957,2716.0000980377195,90275,100682,0.8966349496434318
0,2026-02-06 00:57:27,103693.76974135957,2718.0000984191893,92714,100749,0.9202473473682121
0,2026-02-06 00:57:27,103693.76974135957,2720.000098800659,94919,100957,0.9401923591231911
0,2026-02-06 00:57:27,103693.76974135957,2722.000099182129,96323,100434,0.9590676464145608
0,2026-02-06 00:57:27,103693.76974135957,2724.0000995635983,96901,100334,0.9657842805031196
0,2026-02-06 00:57:27,103693.76974135957,2726.000099945068,97084,100691,0.9641775332452751
0,2026-02-06 00:57:27,103693.76974135957,2728.000100326538,97704,100086,0.9762004675978658
0,2026-02-06 00:57:27,103693.76974135957,2730.0001007080077,98017,99971,0.9804543317562093
0,2026-02-06 00:57:27,103693.76974135957,2732.0001010894775,98164,100020,0.9814437112577484
0,2026-02-06 00:57:27,103693.76974135957,2734.000101470947,98236,99021,0.9920723886852284
0,2026-02-06 00:57:27,103693.76974135957,2736.0001018524167,97842,100275,0.9757367240089753
0,2026-02-06 00:57:27,103693.76974135957,2738.0001022338865,98547,99600,0.9894277108433734
0,2026-02-06 00:57:27,103693.76974135957,2740.0001026153564,98000,99333,0.9865804918808453
0,2026-02-06 00:57:27,103693.76974135957,2742.000102996826,98634,100274,0.9836448132117996
0,2026-02-06 00:57:27,103693.76974135957,2744.0001033782955,98807,99861,0.9894453290073202
0,2026-02-06 00:57:27,103693.76974135957,2746.0001037597654,99282,101051,0.9824939881841842
0,2026-02-06 00:57:27,103693.76974135957,2748.000104141235,99074,100377,0.9870189386014725
0,2026-02-06 00:57:27,103693.76974135957,2750.000104522705,99535,100512,0.9902797675899395
0,2026-02-06 00:57:27,103693.76974135957,2752.000104904175,99783,100878,0.9891453042288705
0,2026-02-06 00:57:27,103693.76974135957,2754.000105285644,99763,100952,0.9882221253665108
0,2026-02-06 00:57:27,103693.76974135957,2756.000105667114,100263,101438,0.9884165697273212
0,2026-02-06 00:57:27,103693.76974135957,2758.000106048584,100093,101250,0.9885728395061728
0,2026-02-06 00:57:27,103693.76974135957,2760.0001064300536,99781,101117,0.9867875827012272
0,2026-02-06 00:57:27,103693.76974135957,2762.0001068115234,100302,100877,0.9942999890956313
0,2026-02-06 00:57:27,103693.76974135957,2764.000107192993,100495,101566,0.9894551326231219
0,2026-02-06 00:57:27,103693.76974135957,2766.0001075744626,99814,100431,0.9938564785773317
0,2026-02-06 00:57:27,103693.76974135957,2768.0001079559324,100353,100429,0.9992432464726324
0,2026-02-06 00:57:27,103693.76974135957,2770.0001083374023,99469,100768,0.9871090028580501
0,2026-02-06 00:57:27,103693.76974135957,2772.000108718872,99435,100332,0.9910596818562373
0,2026-02-06 00:57:27,103693.76974135957,2774.0001091003414,99486,99858,0.9962747100883255
0,2026-02-06 00:57:27,103693.76974135957,2776.0001094818113,99353,100933,0.9843460513409886
0,2026-02-06 00:57:27,103693.76974135957,2778.000109863281,99927,100422,0.9950708012188564
0,2026-02-06 00:57:27,103693.76974135957,2780.000110244751,99785,100375,0.9941220423412204
0,2026-02-06 00:57:27,103693.76974135957,2782.0001106262207,99687,100620,0.9907274895646989
0,2026-02-06 00:57:27,103693.76974135957,2784.00011100769,100069,100571,0.9950085014566823
0,2026-02-06 00:57:27,103693.76974135957,2786.00011138916,100276,100142,1.0013380998981447
0,2026-02-06 00:57:27,103693.76974135957,2788.0001117706297,100099,100692,0.9941107535851905
0,2026-02-06 00:57:27,103693.76974135957,2790.0001121520995,100430,100844,0.9958946491610805
0,2026-02-06 00:57:27,103693.76974135957,2792.0001125335693,100459,100639,0.9982114289688888
0,2026-02-06 00:57:27,103693.76974135957,2794.0001129150387,99356,100124,0.9923295114058568
0,2026-02-06 00:57:27,103693.76974135957,2796.0001132965085,99965,100418,0.9954888565794977
0,2026-02-06 00:57:27,103693.76974135957,2798.0001136779783,100206,100546,0.9966184631909772
0,2026-02-06 00:57:27,103693.76974135957,2800.000114059448,100193,100205,0.9998802454967317
0,2026-02-06 00:57:27,103693.76974135957,2802.000114440918,99500,99564,0.9993571973805794
0,2026-02-06 00:57:27,103693.76974135957,2804.0001148223873,99765,100575,0.9919463087248322
0,2026-02-06 00:57:27,103693.76974135957,2806.000115203857,99774,100421,0.9935571245058304
0,2026-02-06 00:57:27,103693.76974135957,2808.000115585327,99948,100114,0.9983418902451205
0,2026-02-06 00:57:27,103693.76974135957,2810.000115966797,100039,100697,0.9934655451503024
0,2026-02-06 00:57:27,103693.76974135957,2812.0001163482666,99649,100357,0.9929451856870971
0,2026-02-06 00:57:27,103693.76974135957,2814.000116729736,99603,100337,0.9926846527203325
0,2026-02-06 00:57:27,103693.76974135957,2816.000117111206,100266,101069,0.9920549327687026
0,2026-02-06 00:57:27,103693.76974135957,2818.0001174926756,99903,100755,0.9915438439779664
0,2026-02-06 00:57:27,103693.76974135957,2820.0001178741454,99660,100700,0.9896722939424032
0,2026-02-06 00:57:27,103693.76974135957,2822.0001182556152,99981,100569,0.9941532679056171
0,2026-02-06 00:57:27,103693.76974135957,2824.0001186370846,99898,100947,0.9896084083727105
0,2026-02-06 00:57:27,103693.76974135957,2826.0001190185544,100170,100405,0.9976594791096061
0,2026-02-06 00:57:27,103693.76974135957,2828.0001194000242,100041,100226,0.9981541715722467
0,2026-02-06 00:57:27,103693.76974135957,2830.000119781494,99665,99976,0.996889253420821
0,2026-02-06 00:57:27,103693.76974135957,2832.000120162964,99914,100072,0.9984211367815173
0,2026-02-06 00:57:27,103693.76974135957,2834.0001205444332,99000,99813,0.9918547684169396
0,2026-02-06 00:57:27,103693.76974135957,2836.000120925903,99616,100185,0.9943205070619354
0,2026-02-06 00:57:27,103693.76974135957,2838.000121307373,99607,99983,0.9962393606913176
0,2026-02-06 00:57:27,103693.76974135957,2840.0001216888427,100005,100146,0.9985920555988257
0,2026-02-06 00:57:27,103693.76974135957,2842.0001220703125,99324,99605,0.9971788564831082
0,2026-02-06 00:57:27,103693.76974135957,2844.000122451782,99156,100276,0.9888308269177071
0,2026-02-06 00:57:27,103693.76974135957,2846.0001228332517,98922,100287,0.9863890633880762
0,2026-02-06 00:57:27,103693.76974135957,2848.0001232147215,99041,99081,0.9995962899042198
0,2026-02-06 00:57:27,103693.76974135957,2850.0001235961913,98715,99424,0.9928689250080464
0,2026-02-06 00:57:27,103693.76974135957,2852.000123977661,99091,99664,0.9942506822925028
0,2026-02-06 00:57:27,103693.76974135957,2854.0001243591305,98691,99380,0.9930670154960757
0,2026-02-06 00:57:27,103693.76974135957,2856.0001247406003,98699,99075,0.9962048952813525
0,2026-02-06 00:57:27,103693.76974135957,2858.00012512207,98269,98749,0.9951391912829497
0,2026-02-06 00:57:27,103693.76974135957,2860.00012550354,97421,98496,0.9890858512020793
0,2026-02-06 00:57:27,103693.76974135957,2862.0001258850098,98028,98130,0.9989605625191073
0,2026-02-06 00:57:27,103693.76974135957,2864.000126266479,97225,97607,0.9960863462661489
0,2026-02-06 00:57:27,103693.76974135957,2866.000126647949,96172,97479,0.9865919839144841
0,2026-02-06 00:57:27,103693.76974135957,2868.0001270294188,96377,96268,1.001132255785931
0,2026-02-06 00:57:27,103693.76974135957,2870.0001274108886,94919,95693,0.9919116340798178
0,2026-02-06 00:57:27,103693.76974135957,2872.0001277923584,94352,95094,0.9921971943550592
0,2026-02-06 00:57:27,103693.76974135957,2874.0001281738278,94150,94352,0.9978590808885874
0,2026-02-06 00:57:27,103693.76974135957,2876.0001285552976,93732,93435,1.0031786803660299
0,2026-02-06 00:57:27,103693.76974135957,2878.0001289367674,92684,93227,0.9941755070955839
0,2026-02-06 00:57:27,103693.76974135957,2880.000129318237,92152,92373,0.9976075260086822
0,2026-02-06 00:57:27,103693.76974135957,2882.000129699707,91851,91828,1.0002504682667597
0,2026-02-06 00:57:27,103693.76974135957,2884.0001300811764,91041,91373,0.9963665415385289
0,2026-02-06 00:57:27,103693.76974135957,2886.000130462646,91489,91068,1.004622919137348
0,2026-02-06 00:57:27,103693.76974135957,2888.000130844116,90790,90476,1.003470533622176
0,2026-02-06 00:57:27,103693.76974135957,2890.000131225586,90366,90438,0.9992038744775427
0,2026-02-06 00:57:27,103693.76974135957,2892.0001316070557,90040,91090,0.9884729388516852
0,2026-02-06 00:57:27,103693.76974135957,2894.000131988525,89307,90636,0.9853369522044221
0,2026-02-06 00:57:27,103693.76974135957,2896.000132369995,89828,91131,0.9857019016580527
0,2026-02-06 00:57:27,103693.76974135957,2898.0001327514647,89804,90560,0.9916519434628975
0,2026-02-06 00:57:27,103693.76974135957,2900.0001331329345,89429,90196,0.9914962969533017
1,2026-02-06 01:15:05,95308.64179446097,2199.99999961853,67244,74651,0.9007782883015633
1,2026-02-06 01:15:05,95308.64179446097,2202.0,63783,75455,0.8453117752302697
1,2026-02-06 01:15:05,95308.64179446097,2204.00000038147,60016,75313,0.7968876555176397
1,2026-02-06 01:15:05,95308.64179446097,2206.000000762939,57881,75665,0.7649639859908809
1,2026-02-06 01:15:05,95308.64179446097,2208.000001144409,57962,76292,0.7597388979185236
1,2026-02-06 01:15:05,95308.64179446097,2210.000001525879,59947,76577,0.7828329655118378
1,2026-02-06 01:15:05,95308.64179446097,2212.0000019073486,65000,77374,0.8400754775505984
1,2026-02-06 01:15:05,95308.64179446097,2214.0000022888185,68893,78117,0.8819207086805689
1,2026-02-06 01:15:05,95308.64179446097,2216.000002670288,72761,78703,0.9245009720086909
1,2026-02-06 01:15:05,95308.64179446097,2218.0000030517576,74857,79601,0.9404027587593121
1,2026-02-06 01:15:05,95308.64179446097,2220.0000034332274,75928,80390,0.9444955840278642
1,2026-02-06 01:15:05,95308.64179446097,2222.0000038146973,77918,81539,0.9555918026956426
1,2026-02-06 01:15:05,95308.64179446097,2224.000004196167,78774,82044,0.9601433377212227
1,2026-02-06 01:15:05,95308.64179446097,2226.0000045776364,79967,82611,0.9679945769933787
1,2026-02-06 01:15:05,95308.64179446097,2228.0000049591063,81167,82739,0.9810004955341496
1,2026-02-06 01:15:05,95308.64179446097,2230.000005340576,81466,83640,0.9740076518412243
1,2026-02-06 01:15:05,95308.64179446097,2232.000005722046,82420,83656,0.9852252079946447
1,2026-02-06 01:15:05,95308.64179446097,2234.0000061035157,82153,83476,0.9841511332598591
1,2026-02-06 01:15:05,95308.64179446097,2236.000006484985,82499,82885,0.9953429450443385
1,2026-02-06 01:15:05,95308.64179446097,2238.000006866455,82305,83644,0.9839916790206111
1,2026-02-06 01:15:05,95308.64179446097,2240.0000072479247,82390,82978,0.9929137843765817
1,2026-02-06 01:15:05,95308.64179446097,2242.0000076293945,82019,83238,0.9853552464018838
1,2026-02-06 01:15:05,95308.64179446097,2244.0000080108643,82261,83600,0.9839832535885168
1,2026-02-06 01:15:05,95308.64179446097,2246.0000083923337,82647,83377,0.9912445878359739
1,2026-02-06 01:15:05,95308.64179446097,2248.0000087738035,83118,83926,0.9903724709863451
1,2026-02-06 01:15:05,95308.64179446097,2250.0000091552733,82939,84405,0.9826313607013802
1,2026-02-06 01:15:05,95308.64179446097,2252.000009536743,83366,85146,0.9790947314025321
1,2026-02-06 01:15:05,95308.64179446097,2254.000009918213,84812,85247,0.9948971811324738
1,2026-02-06 01:15:05,95308.64179446097,2256.0000102996823,84688,86243,0.9819695511519776
1,2026-02-06 01:15:05,95308.64179446097,2258.000010681152,85820,86553,0.9915312005360877
1,2026-02-06 01:15:05,95308.64179446097,2260.000011062622,85762,87109,0.9845366150455177
1,2026-02-06 01:15:05,95308.64179446097,2262.000011444092,86799,87421,0.9928850047471431
1,2026-02-06 01:15:05,95308.64179446097,2264.0000118255616,86834,87764,0.9894034000273461
1,2026-02-06 01:15:05,95308.64179446097,2266.000012207031,86389,87549,0.986750276987744
1,2026-02-06 01:15:05,95308.64179446097,2268.000012588501,86839,87512,0.9923096261084194
1,2026-02-06 01:15:05,95308.64179446097,2270.0000129699706,86714,87712,0.9886218533381977
1,2026-02-06 01:15:05,95308.64179446097,2272.0000133514404,86276,87322,0.9880213462815786
1,2026-02-06 01:15:05,95308.64179446097,2274.0000137329102,86600,87432,0.9904840333058834
1,2026-02-06 01:15:05,95308.64179446097,2276.0000141143796,86396,87395,0.9885691401109903
1,2026-02-06 01:15:05,95308.64179446097,2278.0000144958494,87363,87730,0.9958167103613359
1,2026-02-06 01:15:05,95308.64179446097,2280.0000148773192,87587,88332,0.9915659104288367
1,2026-02-06 01:15:05,95308.64179446097,2282.000015258789,87743,88298,0.993714466918843
1,2026-02-06 01:15:05,95308.64179446097,2284.000015640259,87839,88456,0.9930247806819209
1,2026-02-06 01:15:05,95308.64179446097,2286.0000160217282,88119,88911,0.9910922158113169
1,2026-02-06 01:15:05,95308.64179446097,2288.000016403198,88558,88939,0.9957161650119745
1,2026-02-06 01:15:05,95308.64179446097,2290.000016784668,88522,88879,0.9959833031424746
1,2026-02-06 01:15:05,95308.64179446097,2292.0000171661377,88441,89457,0.9886425880590675
1,2026-02-06 01:15:05,95308.64179446097,2294.0000175476075,88807,88800,1.000078828828829
1,2026-02-06 01:15:05,95308.64179446097,2296.000017929077,88994,89188,0.9978248194824416
1,2026-02-06 01:15:05,95308.64179446097,2298.0000183105467,88907,89282,0.9957998252727314
1,2026-02-06 01:15:05,95308.64179446097,2300.0000186920165,88574,89854,0.9857546686847553
1,2026-02-06 01:15:05,95308.64179446097,2302.0000190734863,89070,89508,0.99510658265183
1,2026-02-06 01:15:05,95308.64179446097,2304.000019454956,88463,89516,0.988236739800706
1,2026-02-06 01:15:05,95308.64179446097,2306.0000198364255,88262,89163,0.9898949115664569
1,2026-02-06 01:15:05,95308.64179446097,2308.0000202178953,89095,88535,1.0063251821313606
1,2026-02-06 01:15:05,95308.64179446097,2310.000020599365,88367,89249,0.9901175363309392
1,2026-02-06 01:15:05,95308.64179446097,2312.000020980835,88845,89313,0.9947600013435894
1,2026-02-06 01:15:05,95308.64179446097,2314.000021362305,88775,89852,0.9880136224012821
1,2026-02-06 01:15:05,95308.64179446097,2316.000021743774,88887,89783,0.9900203824777519
1,2026-02-06 01:15:05,95308.64179446097,2318.000022125244,89331,89693,0.9959640105693867
1,2026-02-06 01:15:05,95308.64179446097,2320.000022506714,88532,89611,0.9879590675251922
1,2026-02-06 01:15:05,95308.64179446097,2322.0000228881836,89469,90189,0.9920167647939327
1,2026-02-06 01:15:05,95308.64179446097,2324.0000232696534,89342,90127,0.9912900684589524
1,2026-02-06 01:15:05,95308.64179446097,2326.000023651123,89476,89674,0.9977920021410889
1,2026-02-06 01:15:05,95308.64179446097,2328.0000240325926,89616,90013,0.9955895259573617
1,2026-02-06 01:15:05,95308.64179446097,2330.0000244140624,89330,89792,0.9948547754811119
1,2026-02-06 01:15:05,95308.64179446097,2332.000024795532,89332,89097,1.002637574778051
1,2026-02-06 01:15:05,95308.64179446097,2334.000025177002,88301,89456,0.9870886245752102
1,2026-02-06 01:15:05,95308.64179446097,2336.0000255584714,88374,89262,0.9900517577468576
1,2026-02-06 01:15:05,95308.64179446097,2338.000025939941,87975,88038,0.9992843999182172
1,2026-02-06 01:15:05,95308.64179446097,2340.000026321411,88176,88935,0.9914656771799629
1,2026-02-06 01:15:05,95308.64179446097,2342.000026702881,87943,88509,0.9936051700956965
1,2026-02-06 01:15:05,95308.64179446097,2344.0000270843507,87558,88002,0.9949546601213609
1,2026-02-06 01:15:05,95308.64179446097,2346.00002746582,87386,88135,0.9915016735689567
1,2026-02-06 01:15:05,95308.64179446097,2348.00002784729,88029,88232,0.9976992474385711
1,2026-02-06 01:15:05,95308.64179446097,2350.0000282287597,88024,87856,1.0019122199963577
1,2026-02-06 01:15:05,95308.64179446097,2352.0000286102295,88187,88761,0.9935331958855804
1,2026-02-06 01:15:05,95308.64179446097,2354.0000289916993,88159,88801,0.9927703516852288
1,2026-02-06 01:15:05,95308.64179446097,2356.0000293731687,87987,88805,0.9907888069365464
1,2026-02-06 01:15:05,95308.64179446097,2358.0000297546385,89467,89138,1.0036909062352757
1,2026-02-06 01:15:05,95308.64179446097,2360.0000301361083,88279,88060,1.0024869407222348
1,2026-02-06 01:15:05,95308.64179446097,2362.000030517578,87991,88869,0.9901202894147566
1,2026-02-06 01:15:05,95308.64179446097,2364.000030899048,88455,88342,1.001279119784474
1,2026-02-06 01:15:05,95308.64179446097,2366.0000312805173,88490,88677,0.9978912232033109
1,2026-02-06 01:15:05,95308.64179446097,2368.000031661987,88799,88586,1.0024044431399997
1,2026-02-06 01:15:05,95308.64179446097,2370.000032043457,88533,88503,1.0003389715602862
1,2026-02-06 01:15:05,95308.64179446097,2372.0000324249268,88801,89920,0.9875556049822064
1,2026-02-06 01:15:05,95308.64179446097,2374.0000328063966,88754,89508,0.9915761719622826
1,2026-02-06 01:15:05,95308.64179446097,2376.000033187866,89714,89469,1.0027383786562944
1,2026-02-06 01:15:05,95308.64179446097,2378.0000335693358,89379,89904,0.9941604378003204
1,2026-02-06 01:15:05,95308.64179446097,2380.0000339508056,89832,89566,1.0029698769622402
1,2026-02-06 01:15:05,95308.64179446097,2382.0000343322754,89693,90494,0.9911485844365372
1,2026-02-06 01:15:05,95308.64179446097,2384.000034713745,89717,89704,1.0001449210737536
1,2026-02-06 01:15:05,95308.64179446097,2386.0000350952146,89572,89419,1.001711045750903
1,2026-02-06 01:15:05,95308.64179446097,2388.0000354766844,89861,89693,1.0018730558683508
1,2026-02-06 01:15:05,95308.64179446097,2390.000035858154,89466,89800,0.9962806236080178
1,2026-02-06 01:15:05,95308.64179446097,2392.000036239624,89783,89830,0.9994767894912613
1,2026-02-06 01:15:05,95308.64179446097,2394.000036621094,90033,90110,0.9991454888469649
1,2026-02-06 01:15:05,95308.64179446097,2396.000037002563,89150,89745,0.9933701041840771
1,2026-02-06 01:15:05,95308.64179446097,2398.000037384033,89407,89861,0.9949477526401888
1,2026-02-06 01:15:05,95308.64179446097,2400.000037765503,89540,89982,0.995087906470183
1,2026-02-06 01:15:05,95308.64179446097,2402.0000381469727,89539,89723,0.9979492437836452
1,2026-02-06 01:15:05,95308.64179446097,2404.0000385284425,89283,90001,0.9920223108632127
1,2026-02-06 01:15:05,95308.64179446097,2406.000038909912,89394,89822,0.9952350203736279
1,2026-02-06 01:15:05,95308.64179446097,2408.0000392913817,89267,90091,0.990853692377707
1,2026-02-06 01:15:05,95308.64179446097,2410.0000396728515,89258,90271,0.9887782344274463
1,2026-02-06 01:15:05,95308.64179446097,2412.0000400543213,88983,89623,0.9928589759325174
1,2026-02-06 01:15:05,95308.64179446097,2414.000040435791,89483,89888,0.9954943930224279
1,2026-02-06 01:15:05,95308.64179446097,2416.0000408172605,89993,90082,0.9990120112786128
1,2026-02-06 01:15:05,95308.64179446097,2418.0000411987303,89393,90214,0.9908994169419381
1,2026-02-06 01:15:05,95308.64179446097,2420.0000415802,90359,90737,0.9958341139777599
1,2026-02-06 01:15:05,95308.64179446097,2422.00004196167,89421,90311,0.9901451650408034
1,2026-02-06 01:15:05,95308.64179446097,2424.0000423431397,90321,90453,0.9985406785844583
1,2026-02-06 01:15:05,95308.64179446097,2426.000042724609,89667,90236,0.9936943126911654
1,2026-02-06 01:15:05,95308.64179446097,2428.000043106079,89694,90521,0.9908639984092089
1,2026-02-06 01:15:05,95308.64179446097,2430.0000434875487,89692,90211,0.9942468213410781
1,2026-02-06 01:15:05,95308.64179446097,2432.0000438690186,89536,90018,0.9946455153413761
1,2026-02-06 01:15:05,95308.64179446097,2434.0000442504884,89259,89588,0.996327633165156
1,2026-02-06 01:15:05,95308.64179446097,2436.0000446319577,88581,89225,0.9927822919585318
1,2026-02-06 01:15:05,95308.64179446097,2438.0000450134276,88431,88764,0.996248479113154
1,2026-02-06 01:15:05,95308.64179446097,2440.0000453948974,88006,88525,0.9941372493645863
1,2026-02-06 01:15:05,95308.64179446097,2442.000045776367,87726,88347,0.9929708988420659
1,2026-02-06 01:15:05,95308.64179446097,2444.000046157837,87574,87843,0.9969377184294708
1,2026-02-06 01:15:05,95308.64179446097,2446.0000465393064,87022,87833,0.9907665683740735
1,2026-02-06 01:15:05,95308.64179446097,2448.000046920776,87103,87557,0.9948148063547175
1,2026-02-06 01:15:05,95308.64179446097,2450.000047302246,87301,87902,0.99316284043594
1,2026-02-06 01:15:05,95308.64179446097,2452.000047683716,88112,87961,1.0017166698877913
1,2026-02-06 01:15:05,95308.64179446097,2454.0000480651856,88064,88222,0.9982090634989005
1,2026-02-06 01:15:05,95308.64179446097,2456.000048446655,87949,88717,0.9913432600290812
1,2026-02-06 01:15:05,95308.64179446097,2458.000048828125,88330,88270,1.0006797326384955
1,2026-02-06 01:15:05,95308.64179446097,2460.0000492095946,88111,88824,0.9919728902098532
1,2026-02-06 01:15:05,95308.64179446097,2462.0000495910645,87875,88891,0.9885702714560529
1,2026-02-06 01:15:05,95308.64179446097,2464.0000499725343,88127,89355,0.986257064517934
1,2026-02-06 01:15:05,95308.64179446097,2466.0000503540036,87857,89318,0.9836427147943304
1,2026-02-06 01:15:05,95308.64179446097,2468.0000507354735,88672,88765,0.9989522897538444
1,2026-02-06 01:15:05,95308.64179446097,2470.0000511169433,88339,88942,0.99322030087023
1,2026-02-06 01:15:05,95308.64179446097,2472.000051498413,89076,88796,1.0031532951934772
1,2026-02-06 01:15:05,95308.64179446097,2474.000051879883,88615,89869,0.9860463563631509
1,2026-02-06 01:15:05,95308.64179446097,2476.0000522613523,89031,89635,0.9932615607742511
1,2026-02-06 01:15:05,95308.64179446097,2478.000052642822,89104,89925,0.9908701695857659
1,2026-02-06 01:15:05,95308.64179446097,2480.000053024292,89327,89309,1.0002015474364285
1,2026-02-06 01:15:05,95308.64179446097,2482.0000534057617,89168,90001,0.9907445472828079
1,2026-02-06 01:15:05,95308.64179446097,2484.0000537872315,89243,89766,0.9941737406144866
1,2026-02-06 01:15:05,95308.64179446097,2486.000054168701,89565,89665,0.9988847376345286
1,2026-02-06 01:15:05,95308.64179446097,2488.0000545501707,89433,90269,0.9907387918332983
1,2026-02-06 01:15:05,95308.64179446097,2490.0000549316405,89452,90831,0.9848179586264602
1,2026-02-06 01:15:05,95308.64179446097,2492.0000553131104,89539,90113,0.9936302198350959
1,2026-02-06 01:15:05,95308.64179446097,2494.00005569458,89447,90246,0.9911464220020832
1,2026-02-06 01:15:05,95308.64179446097,2496.0000560760495,90172,90770,0.9934119202379641
1,2026-02-06 01:15:05,95308.64179446097,2498.0000564575193,89426,90434,0.9888537496959108
1,2026-02-06 01:15:05,95308.64179446097,2500.000056838989,90152,90385,0.9974221386291974
1,2026-02-06 01:15:05,95308.64179446097,2502.000057220459,88840,90455,0.9821458183627217
1,2026-02-06 01:15:05,95308.64179446097,2504.000057601929,89526,90115,0.993463907229651
1,2026-02-06 01:15:05,95308.64179446097,2506.000057983398,89413,89876,0.9948484578752949
1,2026-02-06 01:15:05,95308.64179446097,2508.000058364868,89340,90121,0.9913338733480542
1,2026-02-06 01:15:05,95308.64179446097,2510.000058746338,89203,89430,0.9974617018897461
1,2026-02-06 01:15:05,95308.64179446097,2512.0000591278076,89374,89397,0.9997427206729532
1,2026-02-06 01:15:05,95308.64179446097,2514.0000595092774,88300,89327,0.9885029162515253
1,2026-02-06 01:15:05,95308.64179446097,2516.000059890747,88722,89097,0.9957911040775783
1,2026-02-06 01:15:05,95308.64179446097,2518.0000602722166,88856,89376,0.9941818832796276
1,2026-02-06 01:15:05,95308.64179446097,2520.0000606536864,89256,89326,0.9992163535812641
1,2026-02-06 01:15:05,95308.64179446097,2522.0000610351562,88679,89685,0.9887829625912917
1,2026-02-06 01:15:05,95308.64179446097,2524.000061416626,88089,89707,0.9819635034055313
1,2026-02-06 01:15:05,95308.64179446097,2526.0000617980954,88377,89461,0.9878829881177272
1,2026-02-06 01:15:05,95308.64179446097,2528.0000621795652,88571,88588,0.9998081004199214
1,2026-02-06 01:15:05,95308.64179446097,2530.000062561035,88651,88749,0.9988957622057714
1,2026-02-06 01:15:05,95308.64179446097,2532.000062942505,88436,88369,1.000758184431192
1,2026-02-06 01:15:05,95308.64179446097,2534.0000633239747,88242,88929,0.9922747360253685
1,2026-02-06 01:15:05,95308.64179446097,2536.000063705444,87792,88639,0.9904443867823418
1,2026-02-06 01:15:05,95308.64179446097,2538.000064086914,87441,88317,0.990081184822854
1,2026-02-06 01:15:05,95308.64179446097,2540.0000644683837,87722,88946,0.9862388415443077
1,2026-02-06 01:15:05,95308.64179446097,2542.0000648498535,87608,87604,1.0000456600155243
1,2026-02-06 01:15:05,95308.64179446097,2544.0000652313233,87895,88282,0.9956163204277203
1,2026-02-06 01:15:05,95308.64179446097,2546.0000656127927,87590,88562,0.9890246381066372
1,2026-02-06 01:15:05,95308.64179446097,2548.0000659942625,87732,87486,1.0028118784719842
1,2026-02-06 01:15:05,95308.64179446097,2550.0000663757323,88528,88997,0.9947301594435768
1,2026-02-06 01:15:05,95308.64179446097,2552.000066757202,88253,88706,0.9948932428471581
1,2026-02-06 01:15:05,95308.64179446097,2554.000067138672,88430,88962,0.9940199186169376
1,2026-02-06 01:15:05,95308.64179446097,2556.0000675201413,89253,89087,1.0018633470652283
1,2026-02-06 01:15:05,95308.64179446097,2558.000067901611,88638,89393,0.9915541485351202
1,2026-02-06 01:15:05,95308.64179446097,2560.000068283081,88916,89758,0.9906192205708684
1,2026-02-06 01:15:05,95308.64179446097,2562.000068664551,89740,89731,1.0001002997849127
1,2026-02-06 01:15:05,95308.64179446097,2564.0000690460206,88512,89984,0.9836415362731152
1,2026-02-06 01:15:05,95308.64179446097,2566.00006942749,89216,89853,0.9929106429390226
1,2026-02-06 01:15:05,95308.64179446097,2568.00006980896,89113,89820,0.9921287018481407
1,2026-02-06 01:15:05,95308.64179446097,2570.0000701904296,89278,89505,0.9974638288363779
1,2026-02-06 01:15:05,95308.64179446097,2572.0000705718994,88898,89838,0.9895367216545338
1,2026-02-06 01:15:05,95308.64179446097,2574.0000709533692,89307,89539,0.9974089502898178
1,2026-02-06 01:15:05,95308.64179446097,2576.0000713348386,89040,90275,0.9863195790639712
1,2026-02-06 01:15:05,95308.64179446097,2578.0000717163084,88940,89538,0.9933212714154884
1,2026-02-06 01:15:05,95308.64179446097,2580.0000720977782,89567,89886,0.9964510602318493
1,2026-02-06 01:15:05,95308.64179446097,2582.000072479248,89182,90451,0.9859703043636886
1,2026-02-06 01:15:05,95308.64179446097,2584.0000728607174,88850,89940,0.9878808094285079
1,2026-02-06 01:15:05,95308.64179446097,2586.000073242187,89438,89791,0.9960686483055095
1,2026-02-06 01:15:05,95308.64179446097,2588.000073623657,89485,90239,0.9916444109531356
1,2026-02-06 01:15:05,95308.64179446097,2590.000074005127,89434,90990,0.9828992196944719
1,2026-02-06 01:15:05,95308.64179446097,2592.0000743865967,89605,89921,0.996485804205914
1,2026-02-06 01:15:05,95308.64179446097,2594.000074768066,89918,90635,0.9920891487835825
1,2026-02-06 01:15:05,95308.64179446097,2596.000075149536,89580,90410,0.990819599601814
1,2026-02-06 01:15:05,95308.64179446097,2598.0000755310057,90202,90221,0.9997894060141209
1,2026-02-06 01:15:05,95308.64179446097,2600.0000759124755,89538,90500,0.9893701657458563
1,2026-02-06 01:15:05,95308.64179446097,2602.0000762939453,90093,90421,0.9963725240817951
1,2026-02-06 01:15:05,95308.64179446097,2604.0000766754147,89987,90245,0.9971411158512937
1,2026-02-06 01:15:05,95308.64179446097,2606.0000770568845,89593,90691,0.9878929551995237
1,2026-02-06 01:15:05,95308.64179446097,2608.0000774383543,89660,90191,0.9941124945948043
1,2026-02-06 01:15:05,95308.64179446097,2610.000077819824,89231,89723,0.9945164562040948
1,2026-02-06 01:15:05,95308.64179446097,2612.000078201294,89746,89459,1.0032081735767222
1,2026-02-06 01:15:05,95308.64179446097,2614.0000785827633,89717,89750,0.9996323119777158
1,2026-02-06 01:15:05,95308.64179446097,2616.000078964233,88992,89655,0.9926049857788188
1,2026-02-06 01:15:05,95308.64179446097,2618.000079345703,89205,90074,0.9903523769345205
1,2026-02-06 01:15:05,95308.64179446097,2620.0000797271728,88565,88935,0.9958396581773206
1,2026-02-06 01:15:05,95308.64179446097,2622.0000801086426,88701,88718,0.9998083816136523
1,2026-02-06 01:15:05,95308.64179446097,2624.000080490112,88164,89010,0.9904954499494438
1,2026-02-06 01:15:05,95308.64179446097,2626.0000808715818,87885,88499,0.9930620684979491
1,2026-02-06 01:15:05,95308.64179446097,2628.0000812530516,87526,87953,0.9951451343331097
1,2026-02-06 01:15:05,95308.64179446097,2630.0000816345214,87250,87820,0.9935094511500797
1,2026-02-06 01:15:05,95308.64179446097,2632.000082015991,87492,87583,0.9989609855793933
1,2026-02-06 01:15:05,95308.64179446097,2634.0000823974606,86975,87435,0.9947389489334935
1,2026-02-06 01:15:05,95308.64179446097,2636.0000827789304,86577,88320,0.9802649456521739
1,2026-02-06 01:15:05,95308.64179446097,2638.0000831604,87148,88077,0.989452410958593
1,2026-02-06 01:15:05,95308.64179446097,2640.00008354187,87135,88261,0.9872423833856403
1,2026-02-06 01:15:05,95308.64179446097,2642.00008392334,87612,88542,0.9894965101307854
1,2026-02-06 01:15:05,95308.64179446097,2644.000084304809,87972,89077,0.9875950020768549
1,2026-02-06 01:15:05,95308.64179446097,2646.000084686279,87970,89136,0.9869188655537605
1,2026-02-06 01:15:05,95308.64179446097,2648.000085067749,88312,89489,0.9868475455083865
1,2026-02-06 01:15:05,95308.64179446097,2650.0000854492187,89170,89086,1.000942909099073
1,2026-02-06 01:15:05,95308.64179446097,2652.0000858306885,89011,90163,0.9872231403125451
1,2026-02-06 01:15:05,95308.64179446097,2654.000086212158,89290,90059,0.9914611532439845
1,2026-02-06 01:15:05,95308.64179446097,2656.0000865936277,89328,90260,0.9896742743186351
1,2026-02-06 01:15:05,95308.64179446097,2658.0000869750975,89388,90175,0.99127252564458
1,2026-02-06 01:15:05,95308.64179446097,2660.0000873565673,89787,90232,0.9950682684635163
1,2026-02-06 01:15:05,95308.64179446097,2662.000087738037,89300,90324,0.9886630352951596
1,2026-02-06 01:15:05,95308.64179446097,2664.0000881195065,89739,89758,0.9997883197040932
1,2026-02-06 01:15:05,95308.64179446097,2666.0000885009763,89557,89888,0.9963176397294411
1,2026-02-06 01:15:05,95308.64179446097,2668.000088882446,89045,89786,0.991747042968837
1,2026-02-06 01:15:05,95308.64179446097,2670.000089263916,89211,90040,0.990792980897379
1,2026-02-06 01:15:05,95308.64179446097,2672.0000896453857,88967,89624,0.9926693742747479
1,2026-02-06 01:15:05,95308.64179446097,2674.000090026855,89087,89931,0.9906150270763141
1,2026-02-06 01:15:05,95308.64179446097,2676.000090408325,88958,89997,0.9884551707279131
1,2026-02-06 01:15:05,95308.64179446097,2678.0000907897947,88424,90277,0.9794742847015298
1,2026-02-06 01:15:05,95308.64179446097,2680.0000911712646,88371,89659,0.9856344594519234
1,2026-02-06 01:15:05,95308.64179446097,2682.0000915527344,88236,90028,0.9800950815301906
1,2026-02-06 01:15:05,95308.64179446097,2684.0000919342037,87955,90143,0.9757274552655225
1,2026-02-06 01:15:05,95308.64179446097,2686.0000923156736,88102,89732,0.9818347969509206
1,2026-02-06 01:15:05,95308.64179446097,2688.0000926971434,87150,89297,0.9759566390808202
1,2026-02-06 01:15:05,95308.64179446097,2690.000093078613,86974,90012,0.9662489445851664
1,2026-02-06 01:15:05,95308.64179446097,2692.000093460083,86036,89708,0.9590671957907879
1,2026-02-06 01:15:05,95308.64179446097,2694.0000938415524,85942,89994,0.9549747760961842
1,2026-02-06 01:15:05,95308.64179446097,2696.000094223022,84544,89256,0.9472080308326611
1,2026-02-06 01:15:05,95308.64179446097,2698.000094604492,83531,89574,0.932536227030165
1,2026-02-06 01:15:05,95308.64179446097,2700.000094985962,80580,89701,0.8983177445067502
1,2026-02-06 01:15:05,95308.64179446097,2702.0000953674316,77189,88856,0.8686976681372107
1,2026-02-06 01:15:05,95308.64179446097,2704.000095748901,71503,88643,0.8066401182270455
1,2026-02-06 01:15:05,95308.64179446097,2706.000096130371,68088,89169,0.7635837566867409
1,2026-02-06 01:15:05,95308.64179446097,2708.0000965118406,66730,88997,0.7498005550748902
1,2026-02-06 01:15:05,95308.64179446097,2710.0000968933105,68352,89286,0.7655399502721592
1,2026-02-06 01:15:05,95308.64179446097,2712.0000972747803,72035,88807,0.8111410136588332
1,2026-02-06 01:15:05,95308.64179446097,2714.0000976562496,76337,89213,0.8556712586730634
1,2026-02-06 01:15:05,95308.64179446097,2716.0000980377195,79464,89316,0.8896950154507591
1,2026-02-06 01:15:05,95308.64179446097,2718.0000984191893,82043,89096,0.9208381970009877
1,2026-02-06 01:15:05,95308.64179446097,2720.000098800659,83815,88537,0.9466663654743215
1,2026-02-06 01:15:05,95308.64179446097,2722.000099182129,85071,88238,0.9641084340080237
1,2026-02-06 01:15:05,95308.64179446097,2724.0000995635983,85126,88166,0.9655195880498151
1,2026-02-06 01:15:05,95308.64179446097,2726.000099945068,86046,88357,0.9738447434838213
1,2026-02-06 01:15:05,95308.64179446097,2728.000100326538,85829,88881,0.9656619524982842
1,2026-02-06 01:15:05,95308.64179446097,2730.0001007080077,86159,87963,0.9794913770562623
1,2026-02-06 01:15:05,95308.64179446097,2732.0001010894775,86322,87660,0.9847364818617386
1,2026-02-06 01:15:05,95308.64179446097,2734.000101470947,85916,88137,0.9748005945289719
1,2026-02-06 01:15:05,95308.64179446097,2736.0001018524167,86111,86867,0.9912970403029919
1,2026-02-06 01:15:05,95308.64179446097,2738.0001022338865,86382,87864,0.9831330237639989
1,2026-02-06 01:15:05,95308.64179446097,2740.0001026153564,86502,87528,0.9882780367425281
1,2026-02-06 01:15:05,95308.64179446097,2742.000102996826,86452,87947,0.9830011256779652
1,2026-02-06 01:15:05,95308.64179446097,2744.0001033782955,86711,88067,0.9846026320869338
1,2026-02-06 01:15:05,95308.64179446097,2746.0001037597654,86845,87892,0.988087653028717
1,2026-02-06 01:15:05,95308.64179446097,2748.000104141235,86921,88429,0.9829467708557148
1,2026-02-06 01:15:05,95308.64179446097,2750.000104522705,87430,88862,0.9838851252503883
1,2026-02-06 01:15:05,95308.64179446097,2752.000104904175,88115,88569,0.9948740529982274
1,2026-02-06 01:15:05,95308.64179446097,2754.000105285644,88621,88854,0.9973777207553965
1,2026-02-06 01:15:05,95308.64179446097,2756.000105667114,87872,88934,0.9880585602806575
1,2026-02-06 01:15:05,95308.64179446097,2758.000106048584,88217,89107,0.9900120080352834
1,2026-02-06 01:15:05,95308.64179446097,2760.0001064300536,88397,89118,0.9919096029982719
1,2026-02-06 01:15:05,95308.64179446097,2762.0001068115234,88687,89069,0.9957111902008555
1,2026-02-06 01:15:05,95308.64179446097,2764.000107192993,88643,89349,0.9920984006536168
1,2026-02-06 01:15:05,95308.64179446097,2766.0001075744626,88726,89478,0.9915956995015535
1,2026-02-06 01:15:05,95308.64179446097,2768.0001079559324,88641,88671,0.9996616706702304
1,2026-02-06 01:15:05,95308.64179446097,2770.0001083374023,88174,88935,0.9914431888457862
1,2026-02-06 01:15:05,95308.64179446097,2772.000108718872,88031,89337,0.9853811970404199
1,2026-02-06 01:15:05,95308.64179446097,2774.0001091003414,88407,89165,0.9914989065216172
1,2026-02-06 01:15:05,95308.64179446097,2776.0001094818113,88564,89096,0.9940289126335637
1,2026-02-06 01:15:05,95308.64179446097,2778.000109863281,88678,88407,1.0030653681269583
1,2026-02-06 01:15:05,95308.64179446097,2780.000110244751,88842,89714,0.9902802238223689
1,2026-02-06 01:15:05,95308.64179446097,2782.0001106262207,89151,89551,0.9955332715435897
1,2026-02-06 01:15:05,95308.64179446097,2784.00011100769,88866,89028,0.9981803477557623
1,2026-02-06 01:15:05,95308.64179446097,2786.00011138916,88872,89070,0.9977770293027955
1,2026-02-06 01:15:05,95308.64179446097,2788.0001117706297,88939,89151,0.9976220120918442
1,2026-02-06 01:15:05,95308.64179446097,2790.0001121520995,88638,89376,0.9917427497314716
1,2026-02-06 01:15:05,95308.64179446097,2792.0001125335693,88179,89245,0.988055353241078
1,2026-02-06 01:15:05,95308.64179446097,2794.0001129150387,88418,88830,0.9953619272768209
1,2026-02-06 01:15:05,95308.64179446097,2796.0001132965085,88754,88802,0.9994594716335218
1,2026-02-06 01:15:05,95308.64179446097,2798.0001136779783,87721,88528,0.9908842400144587
1,2026-02-06 01:15:05,95308.64179446097,2800.000114059448,88430,88598,0.9981037946680512
1,2026-02-06 01:15:05,95308.64179446097,2802.000114440918,88028,88787,0.9914514512259678
1,2026-02-06 01:15:05,95308.64179446097,2804.0001148223873,87734,88142,0.9953711057157768
1,2026-02-06 01:15:05,95308.64179446097,2806.000115203857,88029,88657,0.9929165209740911
1,2026-02-06 01:15:05,95308.64179446097,2808.000115585327,88143,88160,0.9998071687840291
1,2026-02-06 01:15:05,95308.64179446097,2810.000115966797,87699,88097,0.9954822525171119
1,2026-02-06 01:15:05,95308.64179446097,2812.0001163482666,88190,88041,1.00169239331675
1,2026-02-06 01:15:05,95308.64179446097,2814.000116729736,88291,87825,1.0053060062624537
1,2026-02-06 01:15:05,95308.64179446097,2816.000117111206,87845,88787,0.989390338675707
1,2026-02-06 01:15:05,95308.64179446097,2818.0001174926756,87957,88539,0.9934266255548403
1,2026-02-06 01:15:05,95308.64179446097,2820.0001178741454,87864,88202,0.9961678873494932
1,2026-02-06 01:15:05,95308.64179446097,2822.0001182556152,88052,88329,0.9968639971017446
1,2026-02-06 01:15:05,95308.64179446097,2824.0001186370846,88109,88339,0.9973963934389115
1,2026-02-06 01:15:05,95308.64179446097,2826.0001190185544,87459,88566,0.9875008468260958
1,2026-02-06 01:15:05,95308.64179446097,2828.0001194000242,87633,88199,0.9935826936813342
1,2026-02-06 01:15:05,95308.64179446097,2830.000119781494,87566,87898,0.9962228947188787
1,2026-02-06 01:15:05,95308.64179446097,2832.000120162964,87295,87616,0.9963362856099343
1,2026-02-06 01:15:05,95308.64179446097,2834.0001205444332,87029,88094,0.9879106409063046
1,2026-02-06 01:15:05,95308.64179446097,2836.000120925903,87560,87841,0.9968010382395465
1,2026-02-06 01:15:05,95308.64179446097,2838.000121307373,86498,86873,0.9956833538613838
1,2026-02-06 01:15:05,95308.64179446097,2840.0001216888427,86517,87614,0.9874791699956628
1,2026-02-06 01:15:05,95308.64179446097,2842.0001220703125,86542,87189,0.9925793391368177
1,2026-02-06 01:15:05,95308.64179446097,2844.000122451782,86542,86596,0.9993764146149937
1,2026-02-06 01:15:05,95308.64179446097,2846.0001228332517,86392,86878,0.9944059485715602
1,2026-02-06 01:15:05,95308.64179446097,2848.0001232147215,86374,86353,1.0002431878452398
1,2026-02-06 01:15:05,95308.64179446097,2850.0001235961913,85813,86363,0.9936315320218149
1,2026-02-06 01:15:05,95308.64179446097,2852.000123977661,85510,86021,0.9940595901000918
1,2026-02-06 01:15:05,95308.64179446097,2854.0001243591305,85362,86029,0.9922468004975067
1,2026-02-06 01:15:05,95308.64179446097,2856.0001247406003,85475,85474,1.0000116994641646
1,2026-02-06 01:15:05,95308.64179446097,2858.00012512207,84626,84394,1.0027490105931702
1,2026-02-06 01:15:05,95308.64179446097,2860.00012550354,83953,84448,0.9941384046987495
1,2026-02-06 01:15:05,95308.64179446097,2862.0001258850098,83285,83550,0.9968282465589468
1,2026-02-06 01:15:05,95308.64179446097,2864.000126266479,82854,82537,1.0038407017458837
1,2026-02-06 01:15:05,95308.64179446097,2866.000126647949,82178,82237,0.9992825613774822
1,2026-02-06 01:15:05,95308.64179446097,2868.0001270294188,81428,81341,1.001069571310901
1,2026-02-06 01:15:05,95308.64179446097,2870.0001274108886,80043,80269,0.9971844672289427
1,2026-02-06 01:15:05,95308.64179446097,2872.0001277923584,79966,79630,1.0042195152580686
1,2026-02-06 01:15:05,95308.64179446097,2874.0001281738278,79412,78593,1.010420775387121
1,2026-02-06 01:15:05,95308.64179446097,2876.0001285552976,77810,78104,0.9962357881798628
1,2026-02-06 01:15:05,95308.64179446097,2878.0001289367674,77917,77456,1.0059517661640156
1,2026-02-06 01:15:05,95308.64179446097,2880.000129318237,76828,77318,0.9936625365374169
1,2026-02-06 01:15:05,95308.64179446097,2882.000129699707,76226,76501,0.9964052757480294
1,2026-02-06 01:15:05,95308.64179446097,2884.0001300811764,75207,75398,0.9974667763070638
1,2026-02-06 01:15:05,95308.64179446097,2886.000130462646,74572,75152,0.9922823078560783
1,2026-02-06 01:15:05,95308.64179446097,2888.000130844116,74818,74811,1.0000935691275348
1,2026-02-06 01:15:05,95308.64179446097,2890.000131225586,74516,74925,0.9945412078745413
1,2026-02-06 01:15:05,95308.64179446097,2892.0001316070557,74300,74344,0.9994081566770687
1,2026-02-06 01:15:05,95308.64179446097,2894.000131988525,73986,74352,0.9950774693350549
1,2026-02-06 01:15:05,95308.64179446097,2896.000132369995,74049,74300,0.996621803499327
1,2026-02-06 01:15:05,95308.64179446097,2898.0001327514647,73916,74541,0.99161535262473
1,2026-02-06 01:15:05,95308.64179446097,2900.0001331329345,74222,74837,0.9917821398506087
2,2026-02-06 01:32:43,86026.78141451132,2199.99999961853,54120,59554,0.9087550794237162
2,2026-02-06 01:32:43,86026.78141451132,2202.0,51188,59975,0.8534889537307211
2,2026-02-06 01:32:43,86026.78141451132,2204.00000038147,49214,60440,0.8142620780939775
2,2026-02-06 01:32:43,86026.78141451132,2206.000000762939,47546,60413,0.7870160395941271
2,2026-02-06 01:32:43,86026.78141451132,2208.000001144409,47334,60761,0.7790194368097958
2,2026-02-06 01:32:43,86026.78141451132,2210.000001525879,48958,61750,0.7928421052631579
2,2026-02-06 01:32:43,86026.78141451132,2212.0000019073486,53056,62989,0.8423057994252965
2,2026-02-06 01:32:43,86026.78141451132,2214.0000022888185,56419,63433,0.8894266391310517
2,2026-02-06 01:32:43,86026.78141451132,2216.000002670288,58946,64481,0.9141607605341108
2,2026-02-06 01:32:43,86026.78141451132,2218.0000030517576,61247,65542,0.9344695004729792
2,2026-02-06 01:32:43,86026.78141451132,2220.0000034332274,62964,66451,0.9475252441648734
2,2026-02-06 01:32:43,86026.78141451132,2222.0000038146973,64848,67269,0.964010168130937
2,2026-02-06 01:32:43,86026.78141451132,2224.000004196167,65671,68161,0.963468845820924
2,2026-02-06 01:32:43,86026.78141451132,2226.0000045776364,66612,68625,0.9706666666666667
2,2026-02-06 01:32:43,86026.78141451132,2228.0000049591063,67378,69160,0.9742336610757664
2,2026-02-06 01:32:43,86026.78141451132,2230.000005340576,67787,68595,0.9882207157956119
2,2026-02-06 01:32:43,86026.78141451132,2232.000005722046,67127,68962,0.9733911429482903
2,2026-02-06 01:32:43,86026.78141451132,2234.0000061035157,67700,68791,0.9841403671991976
2,2026-02-06 01:32:43,86026.78141451132,2236.000006484985,67431,68486,0.9845953917588997
2,2026-02-06 01:32:43,86026.78141451132,2238.000006866455,66911,67824,0.9865386883698986
2,2026-02-06 01:32:43,86026.78141451132,2240.0000072479247,66651,67937,0.9810706978524221
2,2026-02-06 01:32:43,86026.78141451132,2242.0000076293945,66493,67135,0.9904371788187979
2,2026-02-06 01:32:43,86026.78141451132,2244.0000080108643,66280,66999,0.9892684965447246
2,2026-02-06 01:32:43,86026.78141451132,2246.0000083923337,66424,67407,0.9854169448276885
2,2026-02-06 01:32:43,86026.78141451132,2248.0000087738035,66328,67754,0.9789532721315347
2,2026-02-06 01:32:43,86026.78141451132,2250.0000091552733,67794,68436,0.9906189724706295
2,2026-02-06 01:32:43,86026.78141451132,2252.000009536743,68313,69474,0.9832887123240349
2,2026-02-06 01:32:43,86026.78141451132,2254.000009918213,69115,69838,0.9896474698588161
2,2026-02-06 01:32:43,86026.78141451132,2256.0000102996823,70391,70912,0.9926528655234657
2,2026-02-06 01:32:43,86026.78141451132,2258.000010681152,70610,71154,0.9923546111251651
2,2026-02-06 01:32:43,86026.78141451132,2260.000011062622,71611,71787,0.9975483026174655
2,2026-02-06 01:32:43,86026.78141451132,2262.000011444092,71563,72424,0.9881116756876174
2,2026-02-06 01:32:43,86026.78141451132,2264.0000118255616,72199,72698,0.9931359872348621
2,2026-02-06 01:32:43,86026.78141451132,2266.000012207031,71896,72070,0.9975856805883169
2,2026-02-06 01:32:43,86026.78141451132,2268.000012588501,71412,72122,0.9901555697290702
2,2026-02-06 01:32:43,86026.78141451132,2270.0000129699706,71504,71986,0.9933042536048676
2,2026-02-06 01:32:43,86026.78141451132,2272.0000133514404,71422,71633,0.9970544302207084
2,2026-02-06 01:32:43,86026.78141451132,2274.0000137329102,71324,72275,0.986841923209962
2,2026-02-06 01:32:43,86026.78141451132,2276.0000141143796,72115,72314,0.9972481123987057
2,2026-02-06 01:32:43,86026.78141451132,2278.0000144958494,72374,72815,0.9939435555860743
2,2026-02-06 01:32:43,86026.78141451132,2280.0000148773192,73002,72912,1.0012343647136275
2,2026-02-06 01:32:43,86026.78141451132,2282.000015258789,73075,74343,0.9829439220908491
2,2026-02-06 01:32:43,86026.78141451132,2284.000015640259,73967,74327,0.9951565380009956
2,2026-02-06 01:32:43,86026.78141451132,2286.0000160217282,74647,75018,0.9950545202484737
2,2026-02-06 01:32:43,86026.78141451132,2288.000016403198,74497,75740,0.9835885925534724
2,2026-02-06 01:32:43,86026.78141451132,2290.000016784668,75483,75751,0.9964620929096646
2,2026-02-06 01:32:43,86026.78141451132,2292.0000171661377,76105,76463,0.9953179969396964
2,2026-02-06 01:32:43,86026.78141451132,2294.0000175476075,76073,76802,0.9905080596859457
2,2026-02-06 01:32:43,86026.78141451132,2296.000017929077,76360,76348,1.0001571750406035
2,2026-02-06 01:32:43,86026.78141451132,2298.0000183105467,76587,76279,1.0040378085711663
2,2026-02-06 01:32:43,86026.78141451132,2300.0000186920165,76636,77268,0.9918206760884195
2,2026-02-06 01:32:43,86026.78141451132,2302.0000190734863,76309,77079,0.9900102492248213
2,2026-02-06 01:32:43,86026.78141451132,2304.000019454956,76556,77061,0.9934467499772908
2,2026-02-06 01:32:43,86026.78141451132,2306.0000198364255,76286,77138,0.9889548601208225
2,2026-02-06 01:32:43,86026.78141451132,2308.0000202178953,77251,77014,1.0030773625574572
2,2026-02-06 01:32:43,86026.78141451132,2310.000020599365,77086,77477,0.9949533409915201
2,2026-02-06 01:32:43,86026.78141451132,2312.000020980835,76778,77253,0.9938513714677747
2,2026-02-06 01:32:43,86026.78141451132,2314.000021362305,76470,77841,0.9823871738543954
2,2026-02-06 01:32:43,86026.78141451132,2316.000021743774,77157,78086,0.9881028609481853
2,2026-02-06 01:32:43,86026.78141451132,2318.000022125244,76824,78017,0.9847084609764538
2,2026-02-06 01:32:43,86026.78141451132,2320.000022506714,77325,77955,0.9919184144698865
2,2026-02-06 01:32:43,86026.78141451132,2322.0000228881836,76942,78049,0.9858166023908058
2,2026-02-06 01:32:43,86026.78141451132,2324.0000232696534,77301,77582,0.996378025830734
2,2026-02-06 01:32:43,86026.78141451132,2326.000023651123,77138,77315,0.9977106641660739
2,2026-02-06 01:32:43,86026.78141451132,2328.0000240325926,76976,77171,0.9974731440567053
2,2026-02-06 01:32:43,86026.78141451132,2330.0000244140624,76039,76255,0.9971673988590912
2,2026-02-06 01:32:43,86026.78141451132,2332.000024795532,75457,75663,0.9972774011075427
2,2026-02-06 01:32:43,86026.78141451132,2334.000025177002,75454,75005,1.0059862675821611
2,2026-02-06 01:32:43,86026.78141451132,2336.0000255584714,74197,74600,0.994597855227882
2,2026-02-06 01:32:43,86026.78141451132,2338.000025939941,74295,74696,0.9946315733104851
2,2026-02-06 01:32:43,86026.78141451132,2340.000026321411,73368,73591,0.9969697381473278
2,2026-02-06 01:32:43,86026.78141451132,2342.000026702881,73561,73621,0.9991850151451352
2,2026-02-06 01:32:43,86026.78141451132,2344.0000270843507,73205,73887,0.9907696888491886
2,2026-02-06 01:32:43,86026.78141451132,2346.00002746582,72987,73860,0.9881803411860276
2,2026-02-06 01:32:43,86026.78141451132,2348.00002784729,73513,73177,1.0045916066523635
2,2026-02-06 01:32:43,86026.78141451132,2350.0000282287597,73665,73888,0.9969819185794716
2,2026-02-06 01:32:43,86026.78141451132,2352.0000286102295,73547,74216,0.9909857712622615
2,2026-02-06 01:32:43,86026.78141451132,2354.0000289916993,74254,74159,1.0012810312976173
2,2026-02-06 01:32:43,86026.78141451132,2356.0000293731687,73869,74591,0.9903205480553954
2,2026-02-06 01:32:43,86026.78141451132,2358.0000297546385,74124,74559,0.9941656942823804
2,2026-02-06 01:32:43,86026.78141451132,2360.0000301361083,73797,73987,0.9974319812940111
2,2026-02-06 01:32:43,86026.78141451132,2362.000030517578,73731,73889,0.9978616573508912
2,2026-02-06 01:32:43,86026.78141451132,2364.000030899048,73868,74007,0.9981217992892564
2,2026-02-06 01:32:43,86026.78141451132,2366.0000312805173,73606,74321,0.9903795697043905
2,2026-02-06 01:32:43,86026.78141451132,2368.000031661987,74497,74445,1.0006985022499832
2,2026-02-06 01:32:43,86026.78141451132,2370.000032043457,74346,74500,0.9979328859060402
2,2026-02-06 01:32:43,86026.78141451132,2372.0000324249268,74600,75397,0.9894292876374392
2,2026-02-06 01:32:43,86026.78141451132,2374.0000328063966,75257,75696,0.9942004861551469
2,2026-02-06 01:32:43,86026.78141451132,2376.000033187866,75250,76374,0.9852829496949224
2,2026-02-06 01:32:43,86026.78141451132,2378.0000335693358,76135,76740,0.9921162366432108
2,2026-02-06 01:32:43,86026.78141451132,2380.0000339508056,76572,77614,0.9865745870590358
2,2026-02-06 01:32:43,86026.78141451132,2382.0000343322754,76791,77482,0.9910817996437883
2,2026-02-06 01:32:43,86026.78141451132,2384.000034713745,76935,78272,0.9829185404742437
2,2026-02-06 01:32:43,86026.78141451132,2386.0000350952146,77317,77636,0.995891081457056
2,2026-02-06 01:32:43,86026.78141451132,2388.0000354766844,77945,77841,1.0013360568338023
2,2026-02-06 01:32:43,86026.78141451132,2390.000035858154,77452,77717,0.9965901926219488
2,2026-02-06 01:32:43,86026.78141451132,2392.000036239624,77567,77758,0.9975436611023946
2,2026-02-06 01:32:43,86026.78141451132,2394.000036621094,77496,77413,1.001072171340731
2,2026-02-06 01:32:43,86026.78141451132,2396.000037002563,77259,77625,0.9952850241545894
2,2026-02-06 01:32:43,86026.78141451132,2398.000037384033,77037,77880,0.9891756548536209
2,2026-02-06 01:32:43,86026.78141451132,2400.000037765503,76263,77862,0.9794636664868613
2,2026-02-06 01:32:43,86026.78141451132,2402.0000381469727,76935,77018,0.9989223298449713
2,2026-02-06 01:32:43,86026.78141451132,2404.0000385284425,76936,77248,0.9959610604805302
2,2026-02-06 01:32:43,86026.78141451132,2406.000038909912,77196,77666,0.9939484459094069
2,2026-02-06 01:32:43,86026.78141451132,2408.0000392913817,77029,77350,0.9958500323206205
2,2026-02-06 01:32:43,86026.78141451132,2410.0000396728515,76521,76919,0.9948257257634655
2,2026-02-06 01:32:43,86026.78141451132,2412.0000400543213,77210,77642,0.9944360011334071
2,2026-02-06 01:32:43,86026.78141451132,2414.000040435791,76882,77323,0.9942966517077713
2,2026-02-06 01:32:43,86026.78141451132,2416.0000408172605,77102,77912,0.9896036554060992
2,2026-02-06 01:32:43,86026.78141451132,2418.0000411987303,76865,77895,0.9867770716990821
2,2026-02-06 01:32:43,86026.78141451132,2420.0000415802,77019,77262,0.9968548574978644
2,2026-02-06 01:32:43,86026.78141451132,2422.00004196167,77289,77539,0.99677581604096
2,2026-02-06 01:32:43,86026.78141451132,2424.0000423431397,77296,77161,1.0017495885226992
2,2026-02-06 01:32:43,86026.78141451132,2426.000042724609,76709,76966,0.996660863238313
2,2026-02-06 01:32:43,86026.78141451132,2428.000043106079,77297,77128,1.002191162742454
2,2026-02-06 01:32:43,86026.78141451132,2430.0000434875487,76280,76349,0.9990962553537047
2,2026-02-06 01:32:43,86026.78141451132,2432.0000438690186,75682,75941,0.9965894576052462
2,2026-02-06 01:32:43,86026.78141451132,2434.0000442504884,75366,75412,0.9993900175038456
2,2026-02-06 01:32:43,86026.78141451132,2436.0000446319577,74812,74832,0.9997327346589694
2,2026-02-06 01:32:43,86026.78141451132,2438.0000450134276,74162,74571,0.9945152941492001
2,2026-02-06 01:32:43,86026.78141451132,2440.0000453948974,73786,73998,0.9971350577042623
2,2026-02-06 01:32:43,86026.78141451132,2442.000045776367,73001,73646,0.9912418868641881
2,2026-02-06 01:32:43,86026.78141451132,2444.000046157837,72726,73296,0.9922233136869679
2,2026-02-06 01:32:43,86026.78141451132,2446.0000465393064,72671,73279,0.9917029435445353
2,2026-02-06 01:32:43,86026.78141451132,2448.000046920776,73008,73641,0.9914042449179126
2,2026-02-06 01:32:43,86026.78141451132,2450.000047302246,72996,73096,0.9986319360840539
2,2026-02-06 01:32:43,86026.78141451132,2452.000047683716,72894,73921,0.9861067896808755
2,2026-02-06 01:32:43,86026.78141451132,2454.0000480651856,73812,73474,1.0046002667610312
2,2026-02-06 01:32:43,86026.78141451132,2456.000048446655,73747,73803,0.9992412232565072
2,2026-02-06 01:32:43,86026.78141451132,2458.000048828125,73362,74193,0.988799482430957
2,2026-02-06 01:32:43,86026.78141451132,2460.0000492095946,73566,73737,0.9976809471500061
2,2026-02-06 01:32:43,86026.78141451132,2462.0000495910645,73710,74359,0.9912720719751476
2,2026-02-06 01:32:43,86026.78141451132,2464.0000499725343,73762,74474,0.99043961651046
2,2026-02-06 01:32:43,86026.78141451132,2466.0000503540036,73910,75097,0.9841937760496424
2,2026-02-06 01:32:43,86026.78141451132,2468.0000507354735,75336,75180,1.002075019952115
2,2026-02-06 01:32:43,86026.78141451132,2470.0000511169433,75098,75118,0.9997337522298251
2,2026-02-06 01:32:43,86026.78141451132,2472.000051498413,75224,75814,0.9922177961854011
2,2026-02-06 01:32:43,86026.78141451132,2474.000051879883,75706,75822,0.9984701010260875
2,2026-02-06 01:32:43,86026.78141451132,2476.0000522613523,76002,76799,0.9896222607065196
2,2026-02-06 01:32:43,86026.78141451132,2478.000052642822,76435,77006,0.9925849933771395
2,2026-02-06 01:32:43,86026.78141451132,2480.000053024292,76548,77028,0.9937684997663188
2,2026-02-06 01:32:43,86026.78141451132,2482.0000534057617,76827,78017,0.984746914134099
2,2026-02-06 01:32:43,86026.78141451132,2484.0000537872315,77514,77698,0.9976318566758475
2,2026-02-06 01:32:43,86026.78141451132,2486.000054168701,78278,78199,1.001010243097738
2,2026-02-06 01:32:43,86026.78141451132,2488.0000545501707,78474,78368,1.0013525928950593
2,2026-02-06 01:32:43,86026.78141451132,2490.0000549316405,77867,78626,0.990346704652405
2,2026-02-06 01:32:43,86026.78141451132,2492.0000553131104,78177,78719,0.9931147499333071
2,2026-02-06 01:32:43,86026.78141451132,2494.00005569458,78350,78844,0.9937344629902085
2,2026-02-06 01:32:43,86026.78141451132,2496.0000560760495,78154,79440,0.9838116817724069
2,2026-02-06 01:32:43,86026.78141451132,2498.0000564575193,78133,78285,0.9980583764450406
2,2026-02-06 01:32:43,86026.78141451132,2500.000056838989,78118,78282,0.9979050100917197
2,2026-02-06 01:32:43,86026.78141451132,2502.000057220459,77581,77835,0.9967366865805871
2,2026-02-06 01:32:43,86026.78141451132,2504.000057601929,76991,77894,0.9884073227719722
2,2026-02-06 01:32:43,86026.78141451132,2506.000057983398,77164,77728,0.9927439275421984
2,2026-02-06 01:32:43,86026.78141451132,2508.000058364868,77241,77091,1.0019457524224618
2,2026-02-06 01:32:43,86026.78141451132,2510.000058746338,76439,76823,0.9950014969475287
2,2026-02-06 01:32:43,86026.78141451132,2512.0000591278076,76254,76804,0.9928389146398625
2,2026-02-06 01:32:43,86026.78141451132,2514.0000595092774,76265,76555,0.9962118738162106
2,2026-02-06 01:32:43,86026.78141451132,2516.000059890747,76001,76291,0.9961987652540929
2,2026-02-06 01:32:43,86026.78141451132,2518.0000602722166,75950,75822,1.001688164385007
2,2026-02-06 01:32:43,86026.78141451132,2520.0000606536864,75398,75804,0.9946440821064851
2,2026-02-06 01:32:43,86026.78141451132,2522.0000610351562,75498,75061,1.0058219314957169
2,2026-02-06 01:32:43,86026.78141451132,2524.000061416626,75124,74716,1.0054606777664756
2,2026-02-06 01:32:43,86026.78141451132,2526.0000617980954,74661,75117,0.9939294700267582
2,2026-02-06 01:32:43,86026.78141451132,2528.0000621795652,74600,74842,0.9967665214719008
2,2026-02-06 01:32:43,86026.78141451132,2530.000062561035,74081,74608,0.9929364143255415
2,2026-02-06 01:32:43,86026.78141451132,2532.000062942505,74263,74410,0.9980244590780809
2,2026-02-06 01:32:43,86026.78141451132,2534.0000633239747,73508,74672,0.984411827726591
2,2026-02-06 01:32:43,86026.78141451132,2536.000063705444,73819,74174,0.995213956372853
2,2026-02-06 01:32:43,86026.78141451132,2538.000064086914,73536,73682,0.998018511983931
2,2026-02-06 01:32:43,86026.78141451132,2540.0000644683837,73061,73812,0.9898255026282989
2,2026-02-06 01:32:43,86026.78141451132,2542.0000648498535,73507,74074,0.9923454923454923
2,2026-02-06 01:32:43,86026.78141451132,2544.0000652313233,73330,73729,0.994588289546854
2,2026-02-06 01:32:43,86026.78141451132,2546.0000656127927,73503,74006,0.9932032537902332
2,2026-02-06 01:32:43,86026.78141451132,2548.0000659942625,73829,74571,0.9900497512437811
2,2026-02-06 01:32:43,86026.78141451132,2550.0000663757323,73860,74543,0.9908375031860805
2,2026-02-06 01:32:43,86026.78141451132,2552.000066757202,74293,74633,0.9954443744724184
2,2026-02-06 01:32:43,86026.78141451132,2554.000067138672,74352,75111,0.9898949554659104
2,2026-02-06 01:32:43,86026.78141451132,2556.0000675201413,74725,75106,0.9949271696002983
2,2026-02-06 01:32:43,86026.78141451132,2558.000067901611,74818,75563,0.9901406773156174
2,2026-02-06 01:32:43,86026.78141451132,2560.000068283081,74698,75767,0.9858909551651774
2,2026-02-06 01:32:43,86026.78141451132,2562.000068664551,75870,75997,0.9983288814032133
2,2026-02-06 01:32:43,86026.78141451132,2564.0000690460206,75488,75909,0.9944538855735157
2,2026-02-06 01:32:43,86026.78141451132,2566.00006942749,76130,76334,0.9973275342573428
2,2026-02-06 01:32:43,86026.78141451132,2568.00006980896,75602,76446,0.9889595269863695
2,2026-02-06 01:32:43,86026.78141451132,2570.0000701904296,76032,76622,0.9922998616585315
2,2026-02-06 01:32:43,86026.78141451132,2572.0000705718994,76055,76720,0.9913321167883211
2,2026-02-06 01:32:43,86026.78141451132,2574.0000709533692,76220,76794,0.9925254577180509
2,2026-02-06 01:32:43,86026.78141451132,2576.0000713348386,76704,77076,0.995173594893352
2,2026-02-06 01:32:43,86026.78141451132,2578.0000717163084,77012,77347,0.9956688688636922
2,2026-02-06 01:32:43,86026.78141451132,2580.0000720977782,77023,78012,0.9873224632107881
2,2026-02-06 01:32:43,86026.78141451132,2582.000072479248,78006,78211,0.9973788853230364
2,2026-02-06 01:32:43,86026.78141451132,2584.0000728607174,77358,78430,0.9863317608058141
2,2026-02-06 01:32:43,86026.78141451132,2586.000073242187,77490,78282,0.9898827316624511
2,2026-02-06 01:32:43,86026.78141451132,2588.000073623657,77901,78038,0.9982444450139676
2,2026-02-06 01:32:43,86026.78141451132,2590.000074005127,78394,78197,1.0025192782331802
2,2026-02-06 01:32:43,86026.78141451132,2592.0000743865967,78044,78573,0.9932674073791251
2,2026-02-06 01:32:43,86026.78141451132,2594.000074768066,77560,78750,0.9848888888888889
2,2026-02-06 01:32:43,86026.78141451132,2596.000075149536,77713,78791,0.9863182343161021
2,2026-02-06 01:32:43,86026.78141451132,2598.0000755310057,78537,78131,1.0051964009164096
2,2026-02-06 01:32:43,86026.78141451132,2600.0000759124755,77672,78485,0.9896413327387399
2,2026-02-06 01:32:43,86026.78141451132,2602.0000762939453,77608,78130,0.9933188275950339
2,2026-02-06 01:32:43,86026.78141451132,2604.0000766754147,77082,77932,0.9890930554842683
2,2026-02-06 01:32:43,86026.78141451132,2606.0000770568845,77459,77355,1.0013444509081508
2,2026-02-06 01:32:43,86026.78141451132,2608.0000774383543,77150,77936,0.9899148018887293
2,2026-02-06 01:32:43,86026.78141451132,2610.000077819824,76280,76936,0.9914734324633462
2,2026-02-06 01:32:43,86026.78141451132,2612.000078201294,75920,77270,0.9825287951339459
2,2026-02-06 01:32:43,86026.78141451132,2614.0000785827633,75699,76127,0.9943778160179699
2,2026-02-06 01:32:43,86026.78141451132,2616.000078964233,76422,76249,1.0022688822148487
2,2026-02-06 01:32:43,86026.78141451132,2618.000079345703,75047,76128,0.9858002311895755
2,2026-02-06 01:32:43,86026.78141451132,2620.0000797271728,75088,75736,0.9914439632407309
2,2026-02-06 01:32:43,86026.78141451132,2622.0000801086426,74573,74661,0.9988213391194868
2,2026-02-06 01:32:43,86026.78141451132,2624.000080490112,73756,74686,0.9875478670701336
2,2026-02-06 01:32:43,86026.78141451132,2626.0000808715818,73351,73310,1.0005592688582732
2,2026-02-06 01:32:43,86026.78141451132,2628.0000812530516,72933,73655,0.9901975425972439
2,2026-02-06 01:32:43,86026.78141451132,2630.0000816345214,72916,73392,0.9935142794855025
2,2026-02-06 01:32:43,86026.78141451132,2632.000082015991,72458,73429,0.9867763417723243
2,2026-02-06 01:32:43,86026.78141451132,2634.0000823974606,72413,73406,0.9864724954363403
2,2026-02-06 01:32:43,86026.78141451132,2636.0000827789304,72780,72840,0.999176276771005
2,2026-02-06 01:32:43,86026.78141451132,2638.0000831604,72385,72884,0.9931535041984524
2,2026-02-06 01:32:43,86026.78141451132,2640.00008354187,72642,73429,0.9892821637227798
2,2026-02-06 01:32:43,86026.78141451132,2642.00008392334,73101,73653,0.992505396928842
2,2026-02-06 01:32:43,86026.78141451132,2644.000084304809,73917,74209,0.9960651672977671
2,2026-02-06 01:32:43,86026.78141451132,2646.000084686279,74018,74799,0.9895586839396249
2,2026-02-06 01:32:43,86026.78141451132,2648.000085067749,74421,75050,0.9916189207195203
2,2026-02-06 01:32:43,86026.78141451132,2650.0000854492187,74365,75422,0.9859855214658853
2,2026-02-06 01:32:43,86026.78141451132,2652.0000858306885,74926,76229,0.9829067677655485
2,2026-02-06 01:32:43,86026.78141451132,2654.000086212158,75205,76367,0.9847840035617479
2,2026-02-06 01:32:43,86026.78141451132,2656.0000865936277,76157,76884,0.9905441964517975
2,2026-02-06 01:32:43,86026.78141451132,2658.0000869750975,76361,76434,0.9990449276499986
2,2026-02-06 01:32:43,86026.78141451132,2660.0000873565673,76195,77358,0.9849660022234288
2,2026-02-06 01:32:43,86026.78141451132,2662.000087738037,76422,77018,0.9922615492482277
2,2026-02-06 01:32:43,86026.78141451132,2664.0000881195065,76770,77779,0.9870273467131231
2,2026-02-06 01:32:43,86026.78141451132,2666.0000885009763,76562,77577,0.9869162251698312
2,2026-02-06 01:32:43,86026.78141451132,2668.000088882446,76852,77612,0.9902076998402309
2,2026-02-06 01:32:43,86026.78141451132,2670.000089263916,75977,77587,0.9792491010091897
2,2026-02-06 01:32:43,86026.78141451132,2672.0000896453857,76261,77468,0.9844193731605309
2,2026-02-06 01:32:43,86026.78141451132,2674.000090026855,76437,77935,0.9807788541733495
2,2026-02-06 01:32:43,86026.78141451132,2676.000090408325,76295,77670,0.9822968971288786
2,2026-02-06 01:32:43,86026.78141451132,2678.0000907897947,76392,77464,0.9861613136424662
2,2026-02-06 01:32:43,86026.78141451132,2680.0000911712646,76807,77647,0.9891818099862197
2,2026-02-06 01:32:43,86026.78141451132,2682.0000915527344,76283,77217,0.9879042179830866
2,2026-02-06 01:32:43,86026.78141451132,2684.0000919342037,76453,77486,0.9866685594817128
2,2026-02-06 01:32:43,86026.78141451132,2686.0000923156736,75952,77169,0.9842294185488991
2,2026-02-06 01:32:43,86026.78141451132,2688.0000926971434,75249,77153,0.9753217632496468
2,2026-02-06 01:32:43,86026.78141451132,2690.000093078613,74990,76676,0.9780113725285617
2,2026-02-06 01:32:43,86026.78141451132,2692.000093460083,74554,77042,0.9677059266374185
2,2026-02-06 01:32:43,86026.78141451132,2694.0000938415524,73316,76597,0.9571654242333251
2,2026-02-06 01:32:43,86026.78141451132,2696.000094223022,72524,76234,0.9513340504236955
2,2026-02-06 01:32:43,86026.78141451132,2698.000094604492,71540,76181,0.9390792979876872
2,2026-02-06 01:32:43,86026.78141451132,2700.000094985962,68765,76284,0.9014341146242987
2,2026-02-06 01:32:43,86026.78141451132,2702.0000953674316,65717,75628,0.8689506531972285
2,2026-02-06 01:32:43,86026.78141451132,2704.000095748901,61765,75116,0.8222615687736301
2,2026-02-06 01:32:43,86026.78141451132,2706.000096130371,58078,75629,0.7679329357786034
2,2026-02-06 01:32:43,86026.78141451132,2708.0000965118406,56940,75437,0.7548020202288002
2,2026-02-06 01:32:43,86026.78141451132,2710.0000968933105,57858,75360,0.7677547770700637
2,2026-02-06 01:32:43,86026.78141451132,2712.0000972747803,61245,75040,0.8161647121535182
2,2026-02-06 01:32:43,86026.78141451132,2714.0000976562496,65271,75644,0.8628708159272381
2,2026-02-06 01:32:43,86026.78141451132,2716.0000980377195,68317,75020,0.9106504932018129
2,2026-02-06 01:32:43,86026.78141451132,2718.0000984191893,69666,74877,0.9304058656196161
2,2026-02-06 01:32:43,86026.78141451132,2720.000098800659,70436,74339,0.9474972759924132
2,2026-02-06 01:32:43,86026.78141451132,2722.000099182129,71299,75022,0.9503745567966729
2,2026-02-06 01:32:43,86026.78141451132,2724.0000995635983,71842,73943,0.9715862218195096
2,2026-02-06 01:32:43,86026.78141451132,2726.000099945068,72092,73390,0.9823136667120861
2,2026-02-06 01:32:43,86026.78141451132,2728.000100326538,72044,73192,0.9843152257077277
2,2026-02-06 01:32:43,86026.78141451132,2730.0001007080077,71796,72968,0.983938164674926
2,2026-02-06 01:32:43,86026.78141451132,2732.0001010894775,72028,73049,0.986023080398089
2,2026-02-06 01:32:43,86026.78141451132,2734.000101470947,71914,72796,0.9878839496675641
2,2026-02-06 01:32:43,86026.78141451132,2736.0001018524167,71441,72816,0.9811167875192266
2,2026-02-06 01:32:43,86026.78141451132,2738.0001022338865,71284,73209,0.9737054187326695
2,2026-02-06 01:32:43,86026.78141451132,2740.0001026153564,72215,72837,0.9914603841454206
2,2026-02-06 01:32:43,86026.78141451132,2742.000102996826,72050,73172,0.9846662657847264
2,2026-02-06 01:32:43,86026.78141451132,2744.0001033782955,72298,73516,0.9834321780292725
2,2026-02-06 01:32:43,86026.78141451132,2746.0001037597654,72748,73880,0.9846778559826747
2,2026-02-06 01:32:43,86026.78141451132,2748.000104141235,73457,74014,0.9924743967357527
2,2026-02-06 01:32:43,86026.78141451132,2750.000104522705,73860,74650,0.9894172806430007
2,2026-02-06 01:32:43,86026.78141451132,2752.000104904175,74202,75012,0.9892017277235642
2,2026-02-06 01:32:43,86026.78141451132,2754.000105285644,74422,75452,0.986348937072576
2,2026-02-06 01:32:43,86026.78141451132,2756.000105667114,75274,76076,0.9894579105105421
2,2026-02-06 01:32:43,86026.78141451132,2758.000106048584,74800,75879,0.9857799918290964
2,2026-02-06 01:32:43,86026.78141451132,2760.0001064300536,75526,76375,0.9888837970540099
2,2026-02-06 01:32:43,86026.78141451132,2762.0001068115234,75855,76535,0.9911151760632391
2,2026-02-06 01:32:43,86026.78141451132,2764.000107192993,75622,76027,0.9946729451379115
2,2026-02-06 01:32:43,86026.78141451132,2766.0001075744626,75988,76315,0.9957151280875319
2,2026-02-06 01:32:43,86026.78141451132,2768.0001079559324,76593,76756,0.9978763875136797
2,2026-02-06 01:32:43,86026.78141451132,2770.0001083374023,76016,76759,0.9903203533136179
2,2026-02-06 01:32:43,86026.78141451132,2772.000108718872,76109,76676,0.9926052480567583
2,2026-02-06 01:32:43,86026.78141451132,2774.0001091003414,76538,76392,1.0019111948895172
2,2026-02-06 01:32:43,86026.78141451132,2776.0001094818113,76479,77197,0.9906991204321411
2,2026-02-06 01:32:43,86026.78141451132,2778.000109863281,76380,76920,0.9929797191887676
2,2026-02-06 01:32:43,86026.78141451132,2780.000110244751,76872,76798,1.0009635667595511
2,2026-02-06 01:32:43,86026.78141451132,2782.0001106262207,76134,76683,0.9928406556863972
2,2026-02-06 01:32:43,86026.78141451132,2784.00011100769,76146,76762,0.9919751960605508
2,2026-02-06 01:32:43,86026.78141451132,2786.00011138916,76504,76827,0.995795748890364
2,2026-02-06 01:32:43,86026.78141451132,2788.0001117706297,76259,77114,0.9889125191275255
2,2026-02-06 01:32:43,86026.78141451132,2790.0001121520995,76165,76083,1.0010777703297715
2,2026-02-06 01:32:43,86026.78141451132,2792.0001125335693,75729,76274,0.9928547080263261
2,2026-02-06 01:32:43,86026.78141451132,2794.0001129150387,75544,75770,0.997017289164577
2,2026-02-06 01:32:43,86026.78141451132,2796.0001132965085,75315,75122,1.0025691541758739
2,2026-02-06 01:32:43,86026.78141451132,2798.0001136779783,75148,75979,0.9890627673436081
2,2026-02-06 01:32:43,86026.78141451132,2800.000114059448,74408,74400,1.0001075268817203
2,2026-02-06 01:32:43,86026.78141451132,2802.000114440918,74800,74659,1.0018885867745349
2,2026-02-06 01:32:43,86026.78141451132,2804.0001148223873,74361,74134,1.0030620228235358
2,2026-02-06 01:32:43,86026.78141451132,2806.000115203857,74212,74260,0.9993536224077565
2,2026-02-06 01:32:43,86026.78141451132,2808.000115585327,73435,74115,0.990825069149295
2,2026-02-06 01:32:43,86026.78141451132,2810.000115966797,73599,74519,0.9876541553160939
2,2026-02-06 01:32:43,86026.78141451132,2812.0001163482666,73292,73648,0.9951661959591571
2,2026-02-06 01:32:43,86026.78141451132,2814.000116729736,73460,74007,0.9926088072749875
2,2026-02-06 01:32:43,86026.78141451132,2816.000117111206,73475,74248,0.9895889451567719
2,2026-02-06 01:32:43,86026.78141451132,2818.0001174926756,73539,74221,0.9908112259333611
2,2026-02-06 01:32:43,86026.78141451132,2820.0001178741454,73165,74101,0.9873685915169835
2,2026-02-06 01:32:43,86026.78141451132,2822.0001182556152,73341,73587,0.9966570182233275
2,2026-02-06 01:32:43,86026.78141451132,2824.0001186370846,73146,73358,0.9971100629788162
2,2026-02-06 01:32:43,86026.78141451132,2826.0001190185544,73300,73004,1.0040545723521999
2,2026-02-06 01:32:43,86026.78141451132,2828.0001194000242,73698,73175,1.007147249743765
2,2026-02-06 01:32:43,86026.78141451132,2830.000119781494,72880,72929,0.9993281136447778
2,2026-02-06 01:32:43,86026.78141451132,2832.000120162964,72529,73098,0.9922159293003913
2,2026-02-06 01:32:43,86026.78141451132,2834.0001205444332,72356,73097,0.9898627850664186
2,2026-02-06 01:32:43,86026.78141451132,2836.000120925903,71702,72612,0.9874676362033824
2,2026-02-06 01:32:43,86026.78141451132,2838.000121307373,71847,71996,0.9979304405800322
2,2026-02-06 01:32:43,86026.78141451132,2840.0001216888427,71674,72874,0.9835332217251694
2,2026-02-06 01:32:43,86026.78141451132,2842.0001220703125,71881,72354,0.9934626972938607
2,2026-02-06 01:32:43,86026.78141451132,2844.000122451782,71983,72489,0.9930196305646374
2,2026-02-06 01:32:43,86026.78141451132,2846.0001228332517,71041,72261,0.9831167573103057
2,2026-02-06 01:32:43,86026.78141451132,2848.0001232147215,71297,71768,0.9934371864898005
2,2026-02-06 01:32:43,86026.78141451132,2850.0001235961913,71006,72071,0.9852229051907148
2,2026-02-06 01:32:43,86026.78141451132,2852.000123977661,71124,71574,0.9937128007376981
2,2026-02-06 01:32:43,86026.78141451132,2854.0001243591305,70727,71493,0.9892856643307737
2,2026-02-06 01:32:43,86026.78141451132,2856.0001247406003,70510,70436,1.0010505991254472
2,2026-02-06 01:32:43,86026.78141451132,2858.00012512207,70116,70489,0.9947083942175375
2,2026-02-06 01:32:43,86026.78141451132,2860.00012550354,69876,69903,0.9996137504828119
2,2026-02-06 01:32:43,86026.78141451132,2862.0001258850098,68847,68933,0.9987524117621458
2,2026-02-06 01:32:43,86026.78141451132,2864.000126266479,68316,67783,1.007863328563209
2,2026-02-06 01:32:43,86026.78141451132,2866.000126647949,67387,66796,1.0088478351997126
2,2026-02-06 01:32:43,86026.78141451132,2868.0001270294188,66413,66310,1.0015533102096215
2,2026-02-06 01:32:43,86026.78141451132,2870.0001274108886,65467,65317,1.0022964924904696
2,2026-02-06 01:32:43,86026.78141451132,2872.0001277923584,64448,64315,1.0020679468242246
2,2026-02-06 01:32:43,86026.78141451132,2874.0001281738278,63305,63559,0.9960037130854796
2,2026-02-06 01:32:43,86026.78141451132,2876.0001285552976,62820,62530,1.004637773868543
2,2026-02-06 01:32:43,86026.78141451132,2878.0001289367674,62396,62283,1.0018142992469856
2,2026-02-06 01:32:43,86026.78141451132,2880.000129318237,61521,61257,1.0043097115431705
2,2026-02-06 01:32:43,86026.78141451132,2882.000129699707,60718,60920,0.9966841759684832
2,2026-02-06 01:32:43,86026.78141451132,2884.0001300811764,60083,60092,0.9998502296478733
2,2026-02-06 01:32:43,86026.78141451132,2886.000130462646,59287,60116,0.9862099940115776
2,2026-02-06 01:32:43,86026.78141451132,2888.000130844116,59033,60020,0.9835554815061646
2,2026-02-06 01:32:43,86026.78141451132,2890.000131225586,59429,59506,0.9987060128390415
2,2026-02-06 01:32:43,86026.78141451132,2892.0001316070557,59179,59497,0.9946551926987915
2,2026-02-06 01:32:43,86026.78141451132,2894.000131988525,59198,59559,0.9939387833912591
2,2026-02-06 01:32:43,86026.78141451132,2896.000132369995,59202,59613,0.9931055306728398
2,2026-02-06 01:32:43,86026.78141451132,2898.0001327514647,59483,59137,1.005850820975024
2,2026-02-06 01:32:43,86026.78141451132,2900.0001331329345,59388,59280,1.001821862348178
3,2026-02-06 01:50:21,72851.4241245136,2199.99999961853,42023,46263,0.9083500853814063
3,2026-02-06 01:50:21,72851.4241245136,2202.0,40271,45681,0.8815700181694797
3,2026-02-06 01:50:21,72851.4241245136,2204.00000038147,38222,46313,0.8252974326862867
3,2026-02-06 01:50:21,72851.4241245136,2206.000000762939,37199,46464,0.8005983126721763
3,2026-02-06 01:50:21,72851.4241245136,2208.000001144409,37334,47075,0.7930748805098248
3,2026-02-06 01:50:21,72851.4241245136,2210.000001525879,38905,48191,0.807308418584383
3,2026-02-06 01:50:21,72851.4241245136,2212.0000019073486,41719,49053,0.8504882474058671
3,2026-02-06 01:50:21,72851.4241245136,2214.0000022888185,44224,49883,0.8865545376180262
3,2026-02-06 01:50:21,72851.4241245136,2216.000002670288,46654,50625,0.9215604938271605
3,2026-02-06 01:50:21,72851.4241245136,2218.0000030517576,49005,51846,0.9452031014928828
3,2026-02-06 01:50:21,72851.4241245136,2220.0000034332274,50398,52938,0.9520193433828252
3,2026-02-06 01:50:21,72851.4241245136,2222.0000038146973,51309,53625,0.9568111888111888
3,2026-02-06 01:50:21,72851.4241245136,2224.000004196167,52845,54614,0.9676090379756106
3,2026-02-06 01:50:21,72851.4241245136,2226.0000045776364,53563,55120,0.9717525399129173
3,2026-02-06 01:50:21,72851.4241245136,2228.0000049591063,54422,55484,0.9808593468387283
3,2026-02-06 01:50:21,72851.4241245136,2230.000005340576,54692,56192,0.9733058086560364
3,2026-02-06 01:50:21,72851.4241245136,2232.000005722046,55040,55821,0.9860088497160567
3,2026-02-06 01:50:21,72851.4241245136,2234.0000061035157,54456,55475,0.9816313654799459
3,2026-02-06 01:50:21,72851.4241245136,2236.000006484985,54552,54597,0.9991757788889499
3,2026-02-06 01:50:21,72851.4241245136,2238.000006866455,54161,54468,0.9943636630682235
3,2026-02-06 01:50:21,72851.4241245136,2240.0000072479247,54087,54467,0.993023298511025
3,2026-02-06 01:50:21,72851.4241245136,2242.0000076293945,53707,54307,0.9889517005174286
3,2026-02-06 01:50:21,72851.4241245136,2244.0000080108643,53814,54504,0.9873403786878028
3,2026-02-06 01:50:21,72851.4241245136,2246.0000083923337,53918,54598,0.987545331330818
3,2026-02-06 01:50:21,72851.4241245136,2248.0000087738035,54440,55056,0.9888113920371985
3,2026-02-06 01:50:21,72851.4241245136,2250.0000091552733,55080,55412,0.9940085180105392
3,2026-02-06 01:50:21,72851.4241245136,2252.000009536743,56014,56593,0.9897690527096991
3,2026-02-06 01:50:21,72851.4241245136,2254.000009918213,56795,57289,0.9913770531864756
3,2026-02-06 01:50:21,72851.4241245136,2256.0000102996823,57555,58536,0.9832410824108241
3,2026-02-06 01:50:21,72851.4241245136,2258.000010681152,57752,58674,0.9842860551521969
3,2026-02-06 01:50:21,72851.4241245136,2260.000011062622,58717,59635,0.9846063553282468
3,2026-02-06 01:50:21,72851.4241245136,2262.000011444092,59264,59313,0.9991738741928413
3,2026-02-06 01:50:21,72851.4241245136,2264.0000118255616,59349,59944,0.9900740691311891
3,2026-02-06 01:50:21,72851.4241245136,2266.000012207031,59421,59943,0.9912917271407837
3,2026-02-06 01:50:21,72851.4241245136,2268.000012588501,59162,59712,0.9907891211146839
3,2026-02-06 01:50:21,72851.4241245136,2270.0000129699706,59636,59974,0.9943642244972821
3,2026-02-06 01:50:21,72851.4241245136,2272.0000133514404,59365,59732,0.9938558896403937
3,2026-02-06 01:50:21,72851.4241245136,2274.0000137329102,58966,59684,0.9879699752027344
3,2026-02-06 01:50:21,72851.4241245136,2276.0000141143796,59665,60083,0.9930429572424813
3,2026-02-06 01:50:21,72851.4241245136,2278.0000144958494,59856,60754,0.9852190802251704
3,2026-02-06 01:50:21,72851.4241245136,2280.0000148773192,60088,61413,0.9784247634865583
3,2026-02-06 01:50:21,72851.4241245136,2282.000015258789,60969,61776,0.9869366744366744
3,2026-02-06 01:50:21,72851.4241245136,2284.000015640259,61847,62277,0.9930953642596785
3,2026-02-06 01:50:21,72851.4241245136,2286.0000160217282,61803,62442,0.9897665033150764
3,2026-02-06 01:50:21,72851.4241245136,2288.000016403198,62351,62897,0.991319140817527
3,2026-02-06 01:50:21,72851.4241245136,2290.000016784668,62353,63731,0.9783778694826694
3,2026-02-06 01:50:21,72851.4241245136,2292.0000171661377,63383,64150,0.9880436477007015
3,2026-02-06 01:50:21,72851.4241245136,2294.0000175476075,63749,63924,0.9972623740692071
3,2026-02-06 01:50:21,72851.4241245136,2296.000017929077,63853,63967,0.9982178310691451
3,2026-02-06 01:50:21,72851.4241245136,2298.0000183105467,63835,64350,0.991996891996892
3,2026-02-06 01:50:21,72851.4241245136,2300.0000186920165,64080,64395,0.9951083158630328
3,2026-02-06 01:50:21,72851.4241245136,2302.0000190734863,63924,64207,0.995592380893049
3,2026-02-06 01:50:21,72851.4241245136,2304.000019454956,64312,64706,0.9939109201619634
3,2026-02-06 01:50:21,72851.4241245136,2306.0000198364255,63733,64702,0.9850236468733579
3,2026-02-06 01:50:21,72851.4241245136,2308.0000202178953,64171,64682,0.9920998113849293
3,2026-02-06 01:50:21,72851.4241245136,2310.000020599365,64434,64702,0.9958579332941795
3,2026-02-06 01:50:21,72851.4241245136,2312.000020980835,63905,64705,0.9876361950390232
3,2026-02-06 01:50:21,72851.4241245136,2314.000021362305,64713,64895,0.9971954696047461
3,2026-02-06 01:50:21,72851.4241245136,2316.000021743774,64545,65216,0.9897111138370952
3,2026-02-06 01:50:21,72851.4241245136,2318.000022125244,65096,65603,0.9922716948920018
3,2026-02-06 01:50:21,72851.4241245136,2320.000022506714,64795,65671,0.9866607787303376
3,2026-02-06 01:50:21,72851.4241245136,2322.0000228881836,64844,65528,0.9895617140764253
3,2026-02-06 01:50:21,72851.4241245136,2324.0000232696534,65105,65621,0.9921366635680651
3,2026-02-06 01:50:21,72851.4241245136,2326.000023651123,64791,64545,1.0038112944457356
3,2026-02-06 01:50:21,72851.4241245136,2328.0000240325926,64259,65164,0.986111963660917
3,2026-02-06 01:50:21,72851.4241245136,2330.0000244140624,64159,64036,1.001920794553064
3,2026-02-06 01:50:21,72851.4241245136,2332.000024795532,63198,63983,0.9877311160777081
3,2026-02-06 01:50:21,72851.4241245136,2334.000025177002,63224,62556,1.0106784321248161
3,2026-02-06 01:50:21,72851.4241245136,2336.0000255584714,62733,62192,1.0086988680216105
3,2026-02-06 01:50:21,72851.4241245136,2338.000025939941,61925,62326,0.9935660879889613
3,2026-02-06 01:50:21,72851.4241245136,2340.000026321411,61337,62023,0.9889395869274301
3,2026-02-06 01:50:21,72851.4241245136,2342.000026702881,60924,61486,0.9908597079009855
3,2026-02-06 01:50:21,72851.4241245136,2344.0000270843507,60753,61446,0.9887218045112782
3,2026-02-06 01:50:21,72851.4241245136,2346.00002746582,61310,61683,0.9939529530016374
3,2026-02-06 01:50:21,72851.4241245136,2348.00002784729,61041,61423,0.993780831284698
3,2026-02-06 01:50:21,72851.4241245136,2350.0000282287597,61542,61898,0.9942486025396621
3,2026-02-06 01:50:21,72851.4241245136,2352.0000286102295,61599,61925,0.9947355672184094
3,2026-02-06 01:50:21,72851.4241245136,2354.0000289916993,62361,62343,1.000288725277898
3,2026-02-06 01:50:21,72851.4241245136,2356.0000293731687,61573,62463,0.9857515649264365
3,2026-02-06 01:50:21,72851.4241245136,2358.0000297546385,61361,62247,0.9857663823156136
3,2026-02-06 01:50:21,72851.4241245136,2360.0000301361083,61986,62775,0.987431302270012
3,2026-02-06 01:50:21,72851.4241245136,2362.000030517578,61834,62345,0.9918036731093111
3,2026-02-06 01:50:21,72851.4241245136,2364.000030899048,62105,62219,0.998167762259117
3,2026-02-06 01:50:21,72851.4241245136,2366.0000312805173,62126,62318,0.996919028210148
3,2026-02-06 01:50:21,72851.4241245136,2368.000031661987,62206,62132,1.0011910126826755
3,2026-02-06 01:50:21,72851.4241245136,2370.000032043457,62692,62797,0.9983279456024969
3,2026-02-06 01:50:21,72851.4241245136,2372.0000324249268,62534,62908,0.9940548101990208
3,2026-02-06 01:50:21,72851.4241245136,2374.0000328063966,63073,63182,0.9982748251084169
3,2026-02-06 01:50:21,72851.4241245136,2376.000033187866,63399,64018,0.9903308444499984
3,2026-02-06 01:50:21,72851.4241245136,2378.0000335693358,63868,64606,0.988576912361081
3,2026-02-06 01:50:21,72851.4241245136,2380.0000339508056,64928,64757,1.0026406411662059
3,2026-02-06 01:50:21,72851.4241245136,2382.0000343322754,64677,65265,0.9909905768788784
3,2026-02-06 01:50:21,72851.4241245136,2384.000034713745,64754,65027,0.9958017438909991
3,2026-02-06 01:50:21,72851.4241245136,2386.0000350952146,65045,65901,0.9870108192591918
3,2026-02-06 01:50:21,72851.4241245136,2388.0000354766844,65226,65425,0.996958349254872
3,2026-02-06 01:50:21,72851.4241245136,2390.000035858154,65310,65828,0.9921310080816673
3,2026-02-06 01:50:21,72851.4241245136,2392.000036239624,65444,65249,1.0029885515486827
3,2026-02-06 01:50:21,72851.4241245136,2394.000036621094,64984,65301,0.995145556729606
3,2026-02-06 01:50:21,72851.4241245136,2396.000037002563,65571,65746,0.9973382411097254
3,2026-02-06 01:50:21,72851.4241245136,2398.000037384033,64947,65680,0.9888398294762485
3,2026-02-06 01:50:21,72851.4241245136,2400.000037765503,64879,65078,0.996942130981284
3,2026-02-06 01:50:21,72851.4241245136,2402.0000381469727,64583,65175,0.9909167625623322
3,2026-02-06 01:50:21,72851.4241245136,2404.0000385284425,64087,64707,0.9904183473194554
3,2026-02-06 01:50:21,72851.4241245136,2406.000038909912,64677,64916,0.9963183190584756
3,2026-02-06 01:50:21,72851.4241245136,2408.0000392913817,64735,64506,1.0035500573590053
3,2026-02-06 01:50:21,72851.4241245136,2410.0000396728515,63899,64466,0.9912046660255018
3,2026-02-06 01:50:21,72851.4241245136,2412.0000400543213,64727,65009,0.9956621390884339
3,2026-02-06 01:50:21,72851.4241245136,2414.000040435791,64365,65188,0.98737497698963
3,2026-02-06 01:50:21,72851.4241245136,2416.0000408172605,64960,65073,0.9982634886973092
3,2026-02-06 01:50:21,72851.4241245136,2418.0000411987303,64818,65467,0.9900866085203233
3,2026-02-06 01:50:21,72851.4241245136,2420.0000415802,64774,65412,0.9902464379624534
3,2026-02-06 01:50:21,72851.4241245136,2422.00004196167,65226,65294,0.9989585566820841
3,2026-02-06 01:50:21,72851.4241245136,2424.0000423431397,65461,65313,1.0022660113606785
3,2026-02-06 01:50:21,72851.4241245136,2426.000042724609,65013,65040,0.9995848708487085
3,2026-02-06 01:50:21,72851.4241245136,2428.000043106079,64419,64643,0.9965348142877032
3,2026-02-06 01:50:21,72851.4241245136,2430.0000434875487,64335,64172,1.0025400486193354
3,2026-02-06 01:50:21,72851.4241245136,2432.0000438690186,63773,64114,0.9946813488473656
3,2026-02-06 01:50:21,72851.4241245136,2434.0000442504884,63563,63445,1.0018598786350381
3,2026-02-06 01:50:21,72851.4241245136,2436.0000446319577,62192,62308,0.9981382807986133
3,2026-02-06 01:50:21,72851.4241245136,2438.0000450134276,62580,62140,1.0070807853234631
3,2026-02-06 01:50:21,72851.4241245136,2440.0000453948974,61990,62107,0.9981161543787335
3,2026-02-06 01:50:21,72851.4241245136,2442.000045776367,61458,61759,0.995126216421898
3,2026-02-06 01:50:21,72851.4241245136,2444.000046157837,60600,61280,0.9889033942558747
3,2026-02-06 01:50:21,72851.4241245136,2446.0000465393064,61604,61486,1.001919136063494
3,2026-02-06 01:50:21,72851.4241245136,2448.000046920776,60871,61555,0.9888879863536675
3,2026-02-06 01:50:21,72851.4241245136,2450.000047302246,60698,61383,0.9888405584608116
3,2026-02-06 01:50:21,72851.4241245136,2452.000047683716,60934,61682,0.987873285561428
3,2026-02-06 01:50:21,72851.4241245136,2454.0000480651856,61392,61917,0.991520907020689
3,2026-02-06 01:50:21,72851.4241245136,2456.000048446655,61173,61835,0.9892940891081103
3,2026-02-06 01:50:21,72851.4241245136,2458.000048828125,61481,62091,0.9901757098452272
3,2026-02-06 01:50:21,72851.4241245136,2460.0000492095946,61551,62499,0.9848317573081169
3,2026-02-06 01:50:21,72851.4241245136,2462.0000495910645,62193,62496,0.9951516897081413
3,2026-02-06 01:50:21,72851.4241245136,2464.0000499725343,62127,62618,0.9921588041777125
3,2026-02-06 01:50:21,72851.4241245136,2466.0000503540036,61978,62349,0.9940496238913215
3,2026-02-06 01:50:21,72851.4241245136,2468.0000507354735,62089,62972,0.9859778949374325
3,2026-02-06 01:50:21,72851.4241245136,2470.0000511169433,62735,63017,0.9955250170588889
3,2026-02-06 01:50:21,72851.4241245136,2472.000051498413,62711,63451,0.9883374572504767
3,2026-02-06 01:50:21,72851.4241245136,2474.000051879883,63173,63812,0.989986209490378
3,2026-02-06 01:50:21,72851.4241245136,2476.0000522613523,63473,64498,0.9841080343576545
3,2026-02-06 01:50:21,72851.4241245136,2478.000052642822,63953,64380,0.9933675054364709
3,2026-02-06 01:50:21,72851.4241245136,2480.000053024292,64163,64800,0.9901697530864197
3,2026-02-06 01:50:21,72851.4241245136,2482.0000534057617,64352,65318,0.9852108147830614
3,2026-02-06 01:50:21,72851.4241245136,2484.0000537872315,65111,65464,0.9946077233288525
3,2026-02-06 01:50:21,72851.4241245136,2486.000054168701,65460,65396,1.0009786531286318
3,2026-02-06 01:50:21,72851.4241245136,2488.0000545501707,65690,66245,0.9916220092082422
3,2026-02-06 01:50:21,72851.4241245136,2490.0000549316405,65807,65844,0.999438065731122
3,2026-02-06 01:50:21,72851.4241245136,2492.0000553131104,66207,66608,0.9939797021378813
3,2026-02-06 01:50:21,72851.4241245136,2494.00005569458,66802,66233,1.0085908836984585
3,2026-02-06 01:50:21,72851.4241245136,2496.0000560760495,66175,66543,0.9944697413702418
3,2026-02-06 01:50:21,72851.4241245136,2498.0000564575193,66203,66096,1.001618857419511
3,2026-02-06 01:50:21,72851.4241245136,2500.000056838989,65545,66576,0.9845139389569815
3,2026-02-06 01:50:21,72851.4241245136,2502.000057220459,65640,65972,0.9949675619959983
3,2026-02-06 01:50:21,72851.4241245136,2504.000057601929,64730,65234,0.9922739675629273
3,2026-02-06 01:50:21,72851.4241245136,2506.000057983398,65262,64798,1.0071607148368777
3,2026-02-06 01:50:21,72851.4241245136,2508.000058364868,64739,64889,0.997688360122671
3,2026-02-06 01:50:21,72851.4241245136,2510.000058746338,63874,64628,0.9883332301788699
3,2026-02-06 01:50:21,72851.4241245136,2512.0000591278076,64103,64437,0.9948166426121638
3,2026-02-06 01:50:21,72851.4241245136,2514.0000595092774,64197,63985,1.0033132765491912
3,2026-02-06 01:50:21,72851.4241245136,2516.000059890747,63729,63761,0.9994981258135851
3,2026-02-06 01:50:21,72851.4241245136,2518.0000602722166,63333,63738,0.9936458627506354
3,2026-02-06 01:50:21,72851.4241245136,2520.0000606536864,63196,63102,1.0014896516750658
3,2026-02-06 01:50:21,72851.4241245136,2522.0000610351562,63130,63331,0.996826198859958
3,2026-02-06 01:50:21,72851.4241245136,2524.000061416626,62967,63367,0.9936875660832926
3,2026-02-06 01:50:21,72851.4241245136,2526.0000617980954,62864,63185,0.9949196803038696
3,2026-02-06 01:50:21,72851.4241245136,2528.0000621795652,62610,62564,1.0007352471069624
3,2026-02-06 01:50:21,72851.4241245136,2530.000062561035,62091,62216,0.997990870515623
3,2026-02-06 01:50:21,72851.4241245136,2532.000062942505,62121,62178,0.9990832770433272
3,2026-02-06 01:50:21,72851.4241245136,2534.0000633239747,61612,61843,0.9962647348931973
3,2026-02-06 01:50:21,72851.4241245136,2536.000063705444,61637,61766,0.9979114723310559
3,2026-02-06 01:50:21,72851.4241245136,2538.000064086914,61366,61614,0.9959749407602169
3,2026-02-06 01:50:21,72851.4241245136,2540.0000644683837,61645,61599,1.0007467653695676
3,2026-02-06 01:50:21,72851.4241245136,2542.0000648498535,61532,62174,0.9896741403158876
3,2026-02-06 01:50:21,72851.4241245136,2544.0000652313233,61562,62431,0.9860806330188528
3,2026-02-06 01:50:21,72851.4241245136,2546.0000656127927,61847,62389,0.9913125711263203
3,2026-02-06 01:50:21,72851.4241245136,2548.0000659942625,62289,62314,0.9995988060467953
3,2026-02-06 01:50:21,72851.4241245136,2550.0000663757323,62290,62615,0.994809550427214
3,2026-02-06 01:50:21,72851.4241245136,2552.000066757202,62414,62897,0.9923207784155047
3,2026-02-06 01:50:21,72851.4241245136,2554.000067138672,62500,63303,0.9873149771732778
3,2026-02-06 01:50:21,72851.4241245136,2556.0000675201413,62279,63624,0.9788601785489752
3,2026-02-06 01:50:21,72851.4241245136,2558.000067901611,63364,63968,0.9905577788894447
3,2026-02-06 01:50:21,72851.4241245136,2560.000068283081,63077,63799,0.9886832082007555
3,2026-02-06 01:50:21,72851.4241245136,2562.000068664551,63626,63923,0.9953537850226053
3,2026-02-06 01:50:21,72851.4241245136,2564.0000690460206,63473,63575,0.9983955957530476
3,2026-02-06 01:50:21,72851.4241245136,2566.00006942749,63670,64402,0.9886338933573492
3,2026-02-06 01:50:21,72851.4241245136,2568.00006980896,63498,64110,0.9904539073467478
3,2026-02-06 01:50:21,72851.4241245136,2570.0000701904296,64048,64213,0.9974304268606046
3,2026-02-06 01:50:21,72851.4241245136,2572.0000705718994,63980,64407,0.9933702858384958
3,2026-02-06 01:50:21,72851.4241245136,2574.0000709533692,64677,65020,0.9947247000922793
3,2026-02-06 01:50:21,72851.4241245136,2576.0000713348386,64805,65534,0.988876003295999
3,2026-02-06 01:50:21,72851.4241245136,2578.0000717163084,64750,65006,0.9960619019782789
3,2026-02-06 01:50:21,72851.4241245136,2580.0000720977782,64309,65464,0.9823567151411463
3,2026-02-06 01:50:21,72851.4241245136,2582.000072479248,64622,65919,0.9803243374444394
3,2026-02-06 01:50:21,72851.4241245136,2584.0000728607174,65475,65868,0.9940335215886318
3,2026-02-06 01:50:21,72851.4241245136,2586.000073242187,64993,65509,0.9921232197102688
3,2026-02-06 01:50:21,72851.4241245136,2588.000073623657,65378,65909,0.9919434371633616
3,2026-02-06 01:50:21,72851.4241245136,2590.000074005127,65671,65639,1.0004875150444095
3,2026-02-06 01:50:21,72851.4241245136,2592.0000743865967,65318,65717,0.9939285116484319
3,2026-02-06 01:50:21,72851.4241245136,2594.000074768066,65729,66346,0.9907002682904772
3,2026-02-06 01:50:21,72851.4241245136,2596.000075149536,65566,66324,0.9885712562571618
3,2026-02-06 01:50:21,72851.4241245136,2598.0000755310057,65164,66120,0.9855414398064126
3,2026-02-06 01:50:21,72851.4241245136,2600.0000759124755,66154,65314,1.0128609486480693
3,2026-02-06 01:50:21,72851.4241245136,2602.0000762939453,65294,66059,0.9884194432249959
3,2026-02-06 01:50:21,72851.4241245136,2604.0000766754147,64935,65826,0.9864643150123051
3,2026-02-06 01:50:21,72851.4241245136,2606.0000770568845,65516,65537,0.9996795703190564
3,2026-02-06 01:50:21,72851.4241245136,2608.0000774383543,64985,64800,1.002854938271605
3,2026-02-06 01:50:21,72851.4241245136,2610.000077819824,64776,65108,0.9949007802420593
3,2026-02-06 01:50:21,72851.4241245136,2612.000078201294,64348,64805,0.9929480749942134
3,2026-02-06 01:50:21,72851.4241245136,2614.0000785827633,64381,64784,0.9937793282291923
3,2026-02-06 01:50:21,72851.4241245136,2616.000078964233,63424,63812,0.9939196389393844
3,2026-02-06 01:50:21,72851.4241245136,2618.000079345703,63227,63860,0.9900876918258691
3,2026-02-06 01:50:21,72851.4241245136,2620.0000797271728,62944,63223,0.9955870490169717
3,2026-02-06 01:50:21,72851.4241245136,2622.0000801086426,62441,62772,0.9947269483209074
3,2026-02-06 01:50:21,72851.4241245136,2624.000080490112,62286,62570,0.9954610835863833
3,2026-02-06 01:50:21,72851.4241245136,2626.0000808715818,61423,61852,0.9930640884692492
3,2026-02-06 01:50:21,72851.4241245136,2628.0000812530516,61073,61449,0.9938811046558935
3,2026-02-06 01:50:21,72851.4241245136,2630.0000816345214,61393,61346,1.0007661461219965
3,2026-02-06 01:50:21,72851.4241245136,2632.000082015991,61027,60979,1.0007871562341133
3,2026-02-06 01:50:21,72851.4241245136,2634.0000823974606,60602,60977,0.9938501402168031
3,2026-02-06 01:50:21,72851.4241245136,2636.0000827789304,60667,61056,0.9936287997903563
3,2026-02-06 01:50:21,72851.4241245136,2638.0000831604,60655,60750,0.9984362139917695
3,2026-02-06 01:50:21,72851.4241245136,2640.00008354187,60329,61170,0.986251430439758
3,2026-02-06 01:50:21,72851.4241245136,2642.00008392334,61205,61794,0.9904683302586011
3,2026-02-06 01:50:21,72851.4241245136,2644.000084304809,61467,61909,0.9928604887819219
3,2026-02-06 01:50:21,72851.4241245136,2646.000084686279,61959,62637,0.9891757268068394
3,2026-02-06 01:50:21,72851.4241245136,2648.000085067749,62743,63224,0.9923921295710489
3,2026-02-06 01:50:21,72851.4241245136,2650.0000854492187,62921,63672,0.9882051765297147
3,2026-02-06 01:50:21,72851.4241245136,2652.0000858306885,63369,64208,0.986933092449539
3,2026-02-06 01:50:21,72851.4241245136,2654.000086212158,63632,64381,0.9883661328652863
3,2026-02-06 01:50:21,72851.4241245136,2656.0000865936277,63888,64901,0.984391611839571
3,2026-02-06 01:50:21,72851.4241245136,2658.0000869750975,64290,64860,0.9912118408880666
3,2026-02-06 01:50:21,72851.4241245136,2660.0000873565673,64340,65063,0.9888876934663327
3,2026-02-06 01:50:21,72851.4241245136,2662.000087738037,64473,64551,0.9987916531114932
3,2026-02-06 01:50:21,72851.4241245136,2664.0000881195065,64683,65106,0.9935029029582527
3,2026-02-06 01:50:21,72851.4241245136,2666.0000885009763,64675,65085,0.9937005454405777
3,2026-02-06 01:50:21,72851.4241245136,2668.000088882446,64023,65148,0.9827316264505433
3,2026-02-06 01:50:21,72851.4241245136,2670.000089263916,64447,65200,0.9884509202453988
3,2026-02-06 01:50:21,72851.4241245136,2672.0000896453857,64543,65497,0.9854344473792693
3,2026-02-06 01:50:21,72851.4241245136,2674.000090026855,64178,65372,0.9817352995166126
3,2026-02-06 01:50:21,72851.4241245136,2676.000090408325,64599,65801,0.9817328004133675
3,2026-02-06 01:50:21,72851.4241245136,2678.0000907897947,64573,65263,0.9894273937759527
3,2026-02-06 01:50:21,72851.4241245136,2680.0000911712646,64055,64844,0.987832336068102
3,2026-02-06 01:50:21,72851.4241245136,2682.0000915527344,64015,64572,0.9913739701418571
3,2026-02-06 01:50:21,72851.4241245136,2684.0000919342037,63881,65123,0.9809283970333063
3,2026-02-06 01:50:21,72851.4241245136,2686.0000923156736,63474,64720,0.9807478368355995
3,2026-02-06 01:50:21,72851.4241245136,2688.0000926971434,63414,64510,0.9830103859866688
3,2026-02-06 01:50:21,72851.4241245136,2690.000093078613,62930,64098,0.9817779025866642
3,2026-02-06 01:50:21,72851.4241245136,2692.000093460083,62321,64451,0.9669516376782362
3,2026-02-06 01:50:21,72851.4241245136,2694.0000938415524,62000,64207,0.9656268008161104
3,2026-02-06 01:50:21,72851.4241245136,2696.000094223022,61081,64008,0.9542713410823647
3,2026-02-06 01:50:21,72851.4241245136,2698.000094604492,59284,63725,0.9303099254609651
3,2026-02-06 01:50:21,72851.4241245136,2700.000094985962,57803,63588,0.9090237151663836
3,2026-02-06 01:50:21,72851.4241245136,2702.0000953674316,55492,62989,0.8809792185937227
3,2026-02-06 01:50:21,72851.4241245136,2704.000095748901,51873,63661,0.8148316865899059
3,2026-02-06 01:50:21,72851.4241245136,2706.000096130371,49331,63053,0.7823735587521609
3,2026-02-06 01:50:21,72851.4241245136,2708.0000965118406,48510,63551,0.7633239445484729
3,2026-02-06 01:50:21,72851.4241245136,2710.0000968933105,49353,62881,0.7848634722730237
3,2026-02-06 01:50:21,72851.4241245136,2712.0000972747803,52128,63230,0.824418788549739
3,2026-02-06 01:50:21,72851.4241245136,2714.0000976562496,55097,63349,0.8697374859903076
3,2026-02-06 01:50:21,72851.4241245136,2716.0000980377195,57542,62487,0.9208635396162401
3,2026-02-06 01:50:21,72851.4241245136,2718.0000984191893,58627,63029,0.9301591330974631
3,2026-02-06 01:50:21,72851.4241245136,2720.000098800659,59832,62511,0.9571435427364784
3,2026-02-06 01:50:21,72851.4241245136,2722.000099182129,59346,62743,0.9458585021436654
3,2026-02-06 01:50:21,72851.4241245136,2724.0000995635983,60136,62459,0.9628076017867722
3,2026-02-06 01:50:21,72851.4241245136,2726.000099945068,60110,61470,0.9778753863673336
3,2026-02-06 01:50:21,72851.4241245136,2728.000100326538,60219,60911,0.9886391620561147
3,2026-02-06 01:50:21,72851.4241245136,2730.0001007080077,59741,60708,0.9840712920867102
3,2026-02-06 01:50:21,72851.4241245136,2732.0001010894775,59783,60471,0.988622645565643
3,2026-02-06 01:50:21,72851.4241245136,2734.000101470947,59659,60318,0.989074571438045
3,2026-02-06 01:50:21,72851.4241245136,2736.0001018524167,59915,60268,0.9941428286984801
3,2026-02-06 01:50:21,72851.4241245136,2738.0001022338865,59642,60550,0.9850041288191578
3,2026-02-06 01:50:21,72851.4241245136,2740.0001026153564,60275,60452,0.9970720571693245
3,2026-02-06 01:50:21,72851.4241245136,2742.000102996826,59895,61311,0.9769046337525077
3,2026-02-06 01:50:21,72851.4241245136,2744.0001033782955,60532,61098,0.9907361943107794
3,2026-02-06 01:50:21,72851.4241245136,2746.0001037597654,60700,61895,0.9806931092980047
3,2026-02-06 01:50:21,72851.4241245136,2748.000104141235,61061,61898,0.9864777537238683
3,2026-02-06 01:50:21,72851.4241245136,2750.000104522705,61817,62565,0.9880444337888595
3,2026-02-06 01:50:21,72851.4241245136,2752.000104904175,62085,62721,0.9898598555507725
3,2026-02-06 01:50:21,72851.4241245136,2754.000105285644,62363,63456,0.9827754664649521
3,2026-02-06 01:50:21,72851.4241245136,2756.000105667114,62854,63217,0.9942578736732208
3,2026-02-06 01:50:21,72851.4241245136,2758.000106048584,63159,63294,0.9978670964072424
3,2026-02-06 01:50:21,72851.4241245136,2760.0001064300536,63383,63835,0.9929192449283308
3,2026-02-06 01:50:21,72851.4241245136,2762.0001068115234,63257,64004,0.9883288544465971
3,2026-02-06 01:50:21,72851.4241245136,2764.000107192993,63305,64278,0.9848626279597996
3,2026-02-06 01:50:21,72851.4241245136,2766.0001075744626,64152,63874,1.0043523186272976
3,2026-02-06 01:50:21,72851.4241245136,2768.0001079559324,63880,64103,0.9965212236556792
3,2026-02-06 01:50:21,72851.4241245136,2770.0001083374023,64140,64024,1.0018118205672872
3,2026-02-06 01:50:21,72851.4241245136,2772.000108718872,63872,64610,0.9885776195635351
3,2026-02-06 01:50:21,72851.4241245136,2774.0001091003414,64304,64652,0.9946173358906144
3,2026-02-06 01:50:21,72851.4241245136,2776.0001094818113,64471,64428,1.0006674116843608
3,2026-02-06 01:50:21,72851.4241245136,2778.000109863281,64121,63821,1.0047006471224205
3,2026-02-06 01:50:21,72851.4241245136,2780.000110244751,64345,64436,0.9985877459805078
3,2026-02-06 01:50:21,72851.4241245136,2782.0001106262207,63892,64585,0.9892699543237594
3,2026-02-06 01:50:21,72851.4241245136,2784.00011100769,63917,64607,0.9893200427198291
3,2026-02-06 01:50:21,72851.4241245136,2786.00011138916,64507,64498,1.0001395392105181
3,2026-02-06 01:50:21,72851.4241245136,2788.0001117706297,64290,64050,1.0037470725995317
3,2026-02-06 01:50:21,72851.4241245136,2790.0001121520995,63787,64177,0.993923056546738
3,2026-02-06 01:50:21,72851.4241245136,2792.0001125335693,63592,63488,1.0016381048387097
3,2026-02-06 01:50:21,72851.4241245136,2794.0001129150387,62769,63445,0.9893451020568996
3,2026-02-06 01:50:21,72851.4241245136,2796.0001132965085,62627,62819,0.9969435998662824
3,2026-02-06 01:50:21,72851.4241245136,2798.0001136779783,62426,62988,0.991077665587096
3,2026-02-06 01:50:21,72851.4241245136,2800.000114059448,62557,62172,1.0061924982307149
3,2026-02-06 01:50:21,72851.4241245136,2802.000114440918,61989,62074,0.9986306666237071
3,2026-02-06 01:50:21,72851.4241245136,2804.0001148223873,62249,62158,1.0014640110685673
3,2026-02-06 01:50:21,72851.4241245136,2806.000115203857,61899,61747,1.0024616580562618
3,2026-02-06 01:50:21,72851.4241245136,2808.000115585327,61558,61719,0.9973914029715323
3,2026-02-06 01:50:21,72851.4241245136,2810.000115966797,60888,61877,0.9840166782487839
3,2026-02-06 01:50:21,72851.4241245136,2812.0001163482666,61683,61768,0.9986238829167207
3,2026-02-06 01:50:21,72851.4241245136,2814.000116729736,61476,61339,1.0022334892971845
3,2026-02-06 01:50:21,72851.4241245136,2816.000117111206,61331,61297,1.0005546764115698
3,2026-02-06 01:50:21,72851.4241245136,2818.0001174926756,61379,61396,0.9997231089973289
3,2026-02-06 01:50:21,72851.4241245136,2820.0001178741454,61552,61240,1.0050947093403004
3,2026-02-06 01:50:21,72851.4241245136,2822.0001182556152,61436,61349,1.001418116024711
3,2026-02-06 01:50:21,72851.4241245136,2824.0001186370846,61687,61893,0.9966716753106167
3,2026-02-06 01:50:21,72851.4241245136,2826.0001190185544,61323,61208,1.001878839367403
3,2026-02-06 01:50:21,72851.4241245136,2828.0001194000242,60698,61061,0.9940551252026661
3,2026-02-06 01:50:21,72851.4241245136,2830.000119781494,60658,61027,0.9939534959935766
3,2026-02-06 01:50:21,72851.4241245136,2832.000120162964,60300,60910,0.9899852241011328
3,2026-02-06 01:50:21,72851.4241245136,2834.0001205444332,60460,60413,1.0007779782497144
3,2026-02-06 01:50:21,72851.4241245136,2836.000120925903,59892,60739,0.986055088164112
3,2026-02-06 01:50:21,72851.4241245136,2838.000121307373,59899,60305,0.9932675565873477
3,2026-02-06 01:50:21,72851.4241245136,2840.0001216888427,59424,59787,0.9939284459832405
3,2026-02-06 01:50:21,72851.4241245136,2842.0001220703125,59356,59791,0.9927246575571574
3,2026-02-06 01:50:21,72851.4241245136,2844.000122451782,59130,59570,0.9926137317441666
3,2026-02-06 01:50:21,72851.4241245136,2846.0001228332517,58864,59020,0.9973568281938326
3,2026-02-06 01:50:21,72851.4241245136,2848.0001232147215,58502,58335,1.0028627753492758
3,2026-02-06 01:50:21,72851.4241245136,2850.0001235961913,58710,58762,0.9991150743677887
3,2026-02-06 01:50:21,72851.4241245136,2852.000123977661,58620,58602,1.0003071567523292
3,2026-02-06 01:50:21,72851.4241245136,2854.0001243591305,57993,57843,1.0025932264924018
3,2026-02-06 01:50:21,72851.4241245136,2856.0001247406003,57205,57440,0.9959087743732591
3,2026-02-06 01:50:21,72851.4241245136,2858.00012512207,56788,56757,1.000546188135384
3,2026-02-06 01:50:21,72851.4241245136,2860.00012550354,56586,56395,1.0033868250731448
3,2026-02-06 01:50:21,72851.4241245136,2862.0001258850098,55910,55640,1.0048526240115025
3,2026-02-06 01:50:21,72851.4241245136,2864.000126266479,55162,54603,1.0102375327362965
3,2026-02-06 01:50:21,72851.4241245136,2866.000126647949,53769,53895,0.9976621207904258
3,2026-02-06 01:50:21,72851.4241245136,2868.0001270294188,52643,52885,0.9954240332797579
3,2026-02-06 01:50:21,72851.4241245136,2870.0001274108886,52259,52065,1.0037261115912801
3,2026-02-06 01:50:21,72851.4241245136,2872.0001277923584,50898,50957,0.9988421610377377
3,2026-02-06 01:50:21,72851.4241245136,2874.0001281738278,50248,49507,1.0149675803421738
3,2026-02-06 01:50:21,72851.4241245136,2876.0001285552976,49223,49112,1.0022601400879623
3,2026-02-06 01:50:21,72851.4241245136,2878.0001289367674,48063,48226,0.9966200804545267
3,2026-02-06 01:50:21,72851.4241245136,2880.000129318237,48315,47719,1.0124897839435025
3,2026-02-06 01:50:21,72851.4241245136,2882.000129699707,47260,47348,0.9981414209681507
3,2026-02-06 01:50:21,72851.4241245136,2884.0001300811764,46484,46832,0.9925691834642979
3,2026-02-06 01:50:21,72851.4241245136,2886.000130462646,46362,46646,0.9939115894181709
3,2026-02-06 01:50:21,72851.4241245136,2888.000130844116,46041,45924,1.0025476874836687
3,2026-02-06 01:50:21,72851.4241245136,2890.000131225586,46045,46032,1.000282412234967
3,2026-02-06 01:50:21,72851.4241245136,2892.0001316070557,45804,46525,0.9845029554003224
3,2026-02-06 01:50:21,72851.4241245136,2894.000131988525,45921,45760,1.0035183566433565
3,2026-02-06 01:50:21,72851.4241245136,2896.000132369995,46059,46146,0.9981146794955142
3,2026-02-06 01:50:21,72851.4241245136,2898.0001327514647,46196,46042,1.0033447721645454
3,2026-02-06 01:50:21,72851.4241245136,2900.0001331329345,45956,45878,1.001700161297354
4,2026-02-06 02:07:59,59430.90684367132,2199.99999961853,32215,34514,0.9333893492495798
4,2026-02-06 02:07:59,59430.90684367132,2202.0,30717,35103,0.8750534142380993
4,2026-02-06 02:07:59,59430.90684367132,2204.00000038147,29501,35494,0.83115456133431
4,2026-02-06 02:07:59,59430.90684367132,2206.000000762939,29125,35965,0.8098150980119561
4,2026-02-06 02:07:59,59430.90684367132,2208.000001144409,29039,36256,0.8009432921447485
4,2026-02-06 02:07:59,59430.90684367132,2210.000001525879,30756,36898,0.8335411133394764
4,2026-02-06 02:07:59,59430.90684367132,2212.0000019073486,32624,37512,0.8696950309234378
4,2026-02-06 02:07:59,59430.90684367132,2214.0000022888185,34785,38652,0.8999534306116113
4,2026-02-06 02:07:59,59430.90684367132,2216.000002670288,36587,39452,0.9273801074723715
4,2026-02-06 02:07:59,59430.90684367132,2218.0000030517576,37662,40305,0.9344250093040566
4,2026-02-06 02:07:59,59430.90684367132,2220.0000034332274,39141,41009,0.9544490233851106
4,2026-02-06 02:07:59,59430.90684367132,2222.0000038146973,40349,42024,0.9601418237197792
4,2026-02-06 02:07:59,59430.90684367132,2224.000004196167,41766,42574,0.9810212805937897
4,2026-02-06 02:07:59,59430.90684367132,2226.0000045776364,42000,43690,0.9613183794918746
4,2026-02-06 02:07:59,59430.90684367132,2228.0000049591063,42986,43427,0.9898450272871716
4,2026-02-06 02:07:59,59430.90684367132,2230.000005340576,42616,43724,0.9746592260543409
4,2026-02-06 02:07:59,59430.90684367132,2232.000005722046,42921,43557,0.9853984434189682
4,2026-02-06 02:07:59,59430.90684367132,2234.0000061035157,42836,42964,0.9970207615678243
4,2026-02-06 02:07:59,59430.90684367132,2236.000006484985,42429,42445,0.9996230415832253
4,2026-02-06 02:07:59,59430.90684367132,2238.000006866455,42204,42760,0.9869971936389149
4,2026-02-06 02:07:59,59430.90684367132,2240.0000072479247,41894,41885,1.000214874059926
4,2026-02-06 02:07:59,59430.90684367132,2242.0000076293945,41646,42262,0.9854242581988547
4,2026-02-06 02:07:59,59430.90684367132,2244.0000080108643,41079,41925,0.9798211091234347
4,2026-02-06 02:07:59,59430.90684367132,2246.0000083923337,41560,42348,0.9813922735430245
4,2026-02-06 02:07:59,59430.90684367132,2248.0000087738035,41726,42835,0.974109956811019
4,2026-02-06 02:07:59,59430.90684367132,2250.0000091552733,43020,43915,0.9796197199134692
4,2026-02-06 02:07:59,59430.90684367132,2252.000009536743,43290,44259,0.9781061479021216
4,2026-02-06 02:07:59,59430.90684367132,2254.000009918213,44203,44903,0.9844108411464713
4,2026-02-06 02:07:59,59430.90684367132,2256.0000102996823,45467,45675,0.9954460864805692
4,2026-02-06 02:07:59,59430.90684367132,2258.000010681152,45535,46674,0.9755966919484081
4,2026-02-06 02:07:59,59430.90684367132,2260.000011062622,46460,46858,0.9915062529343975
4,2026-02-06 02:07:59,59430.90684367132,2262.000011444092,46180,47172,0.9789705757652845
4,2026-02-06 02:07:59,59430.90684367132,2264.0000118255616,47268,47195,1.001546774022672
4,2026-02-06 02:07:59,59430.90684367132,2266.000012207031,46700,47531,0.9825166733289853
4,2026-02-06 02:07:59,59430.90684367132,2268.000012588501,46662,47404,0.9843473124630833
4,2026-02-06 02:07:59,59430.90684367132,2270.0000129699706,46805,46933,0.997272707902755
4,2026-02-06 02:07:59,59430.90684367132,2272.0000133514404,46449,46839,0.9916736053288926
4,2026-02-06 02:07:59,59430.90684367132,2274.0000137329102,46682,47234,0.9883135029851379
4,2026-02-06 02:07:59,59430.90684367132,2276.0000141143796,46991,47875,0.9815352480417755
4,2026-02-06 02:07:59,59430.90684367132,2278.0000144958494,47503,47700,0.9958700209643606
4,2026-02-06 02:07:59,59430.90684367132,2280.0000148773192,48080,48696,0.9873500903564975
4,2026-02-06 02:07:59,59430.90684367132,2282.000015258789,48906,49195,0.9941254192499238
4,2026-02-06 02:07:59,59430.90684367132,2284.000015640259,49372,50145,0.9845847043573637
4,2026-02-06 02:07:59,59430.90684367132,2286.0000160217282,49807,51034,0.9759572050005878
4,2026-02-06 02:07:59,59430.90684367132,2288.000016403198,50367,50900,0.9895284872298625
4,2026-02-06 02:07:59,59430.90684367132,2290.000016784668,50853,51435,0.9886847477398658
4,2026-02-06 02:07:59,59430.90684367132,2292.0000171661377,51365,51818,0.9912578640626809
4,2026-02-06 02:07:59,59430.90684367132,2294.0000175476075,51929,52015,0.9983466307795829
4,2026-02-06 02:07:59,59430.90684367132,2296.000017929077,51738,52341,0.9884793947383504
4,2026-02-06 02:07:59,59430.90684367132,2298.0000183105467,52039,52719,0.9871014245338493
4,2026-02-06 02:07:59,59430.90684367132,2300.0000186920165,52070,52390,0.9938919641152891
4,2026-02-06 02:07:59,59430.90684367132,2302.0000190734863,52085,52508,0.9919440847109012
4,2026-02-06 02:07:59,59430.90684367132,2304.000019454956,52198,52621,0.9919613842382319
4,2026-02-06 02:07:59,59430.90684367132,2306.0000198364255,52093,52410,0.9939515359664186
4,2026-02-06 02:07:59,59430.90684367132,2308.0000202178953,52065,52607,0.9896971885870701
4,2026-02-06 02:07:59,59430.90684367132,2310.000020599365,52514,52651,0.9973979601527037
4,2026-02-06 02:07:59,59430.90684367132,2312.000020980835,53070,53064,1.0001130710085935
4,2026-02-06 02:07:59,59430.90684367132,2314.000021362305,53013,53987,0.9819586196676978
4,2026-02-06 02:07:59,59430.90684367132,2316.000021743774,53353,53899,0.9898699419284217
4,2026-02-06 02:07:59,59430.90684367132,2318.000022125244,52993,53835,0.9843596173493081
4,2026-02-06 02:07:59,59430.90684367132,2320.000022506714,53815,54457,0.9882108819802781
4,2026-02-06 02:07:59,59430.90684367132,2322.0000228881836,53908,53688,1.0040977499627477
4,2026-02-06 02:07:59,59430.90684367132,2324.0000232696534,53136,53583,0.9916578019147864
4,2026-02-06 02:07:59,59430.90684367132,2326.000023651123,53545,53058,1.0091786347016471
4,2026-02-06 02:07:59,59430.90684367132,2328.0000240325926,52649,52303,1.0066152993136148
4,2026-02-06 02:07:59,59430.90684367132,2330.0000244140624,52396,51603,1.0153673236052168
4,2026-02-06 02:07:59,59430.90684367132,2332.000024795532,51585,51141,1.008681879509591
4,2026-02-06 02:07:59,59430.90684367132,2334.000025177002,50746,50614,1.0026079740783183
4,2026-02-06 02:07:59,59430.90684367132,2336.0000255584714,50128,49649,1.0096477270438478
4,2026-02-06 02:07:59,59430.90684367132,2338.000025939941,49589,49641,0.9989524787977679
4,2026-02-06 02:07:59,59430.90684367132,2340.000026321411,48841,48889,0.9990181840495818
4,2026-02-06 02:07:59,59430.90684367132,2342.000026702881,48692,48150,1.0112564901349947
4,2026-02-06 02:07:59,59430.90684367132,2344.0000270843507,48797,48957,0.9967318258880242
4,2026-02-06 02:07:59,59430.90684367132,2346.00002746582,48197,49271,0.9782021878995758
4,2026-02-06 02:07:59,59430.90684367132,2348.00002784729,48370,48626,0.9947353267799119
4,2026-02-06 02:07:59,59430.90684367132,2350.0000282287597,49055,49511,0.9907899254711074
4,2026-02-06 02:07:59,59430.90684367132,2352.0000286102295,48931,49226,0.9940072319505953
4,2026-02-06 02:07:59,59430.90684367132,2354.0000289916993,49390,49580,0.9961678096006454
4,2026-02-06 02:07:59,59430.90684367132,2356.0000293731687,49241,49750,0.9897688442211056
4,2026-02-06 02:07:59,59430.90684367132,2358.0000297546385,49507,49663,0.9968588285041178
4,2026-02-06 02:07:59,59430.90684367132,2360.0000301361083,49466,49772,0.9938519649602185
4,2026-02-06 02:07:59,59430.90684367132,2362.000030517578,49300,49616,0.9936310867462109
4,2026-02-06 02:07:59,59430.90684367132,2364.000030899048,49325,49694,0.9925745562844609
4,2026-02-06 02:07:59,59430.90684367132,2366.0000312805173,49024,49906,0.9823267743357512
4,2026-02-06 02:07:59,59430.90684367132,2368.000031661987,49291,49807,0.9896400104402996
4,2026-02-06 02:07:59,59430.90684367132,2370.000032043457,49530,50605,0.9787570398181998
4,2026-02-06 02:07:59,59430.90684367132,2372.0000324249268,50106,50670,0.9888691533451747
4,2026-02-06 02:07:59,59430.90684367132,2374.0000328063966,50301,51223,0.982000273314722
4,2026-02-06 02:07:59,59430.90684367132,2376.000033187866,51318,51403,0.9983464000155633
4,2026-02-06 02:07:59,59430.90684367132,2378.0000335693358,51503,52292,0.9849116499655779
4,2026-02-06 02:07:59,59430.90684367132,2380.0000339508056,52763,52928,0.9968825574365175
4,2026-02-06 02:07:59,59430.90684367132,2382.0000343322754,52560,53421,0.9838827427416185
4,2026-02-06 02:07:59,59430.90684367132,2384.000034713745,53294,53915,0.9884818696095706
4,2026-02-06 02:07:59,59430.90684367132,2386.0000350952146,54244,54026,1.004035094213897
4,2026-02-06 02:07:59,59430.90684367132,2388.0000354766844,53958,54129,0.9968408801197141
4,2026-02-06 02:07:59,59430.90684367132,2390.000035858154,53793,53738,1.0010234843127768
4,2026-02-06 02:07:59,59430.90684367132,2392.000036239624,53648,53943,0.9945312644828801
4,2026-02-06 02:07:59,59430.90684367132,2394.000036621094,53152,53910,0.9859395288443702
4,2026-02-06 02:07:59,59430.90684367132,2396.000037002563,53822,53524,1.0055675958448547
4,2026-02-06 02:07:59,59430.90684367132,2398.000037384033,52880,53416,0.989965553392242
4,2026-02-06 02:07:59,59430.90684367132,2400.000037765503,52962,52847,1.0021760932503263
4,2026-02-06 02:07:59,59430.90684367132,2402.0000381469727,52892,52748,1.0027299613255478
4,2026-02-06 02:07:59,59430.90684367132,2404.0000385284425,52508,52496,1.0002285888448643
4,2026-02-06 02:07:59,59430.90684367132,2406.000038909912,52348,52599,0.9952280461605734
4,2026-02-06 02:07:59,59430.90684367132,2408.0000392913817,52666,52997,0.9937543634545352
4,2026-02-06 02:07:59,59430.90684367132,2410.0000396728515,52830,53436,0.9886593307882326
4,2026-02-06 02:07:59,59430.90684367132,2412.0000400543213,52713,52770,0.9989198408186469
4,2026-02-06 02:07:59,59430.90684367132,2414.000040435791,53128,53337,0.9960815193955416
4,2026-02-06 02:07:59,59430.90684367132,2416.0000408172605,52732,53472,0.9861609814482346
4,2026-02-06 02:07:59,59430.90684367132,2418.0000411987303,53136,53614,0.9910844182489649
4,2026-02-06 02:07:59,59430.90684367132,2420.0000415802,53078,53147,0.9987017141136847
4,2026-02-06 02:07:59,59430.90684367132,2422.00004196167,53277,53366,0.9983322714837162
4,2026-02-06 02:07:59,59430.90684367132,2424.0000423431397,53273,53468,0.9963529587790828
4,2026-02-06 02:07:59,59430.90684367132,2426.000042724609,53018,52977,1.0007739207580648
4,2026-02-06 02:07:59,59430.90684367132,2428.000043106079,52338,52578,0.995435353189547
4,2026-02-06 02:07:59,59430.90684367132,2430.0000434875487,52254,52164,1.0017253278122844
4,2026-02-06 02:07:59,59430.90684367132,2432.0000438690186,51317,51128,1.0036966046002191
4,2026-02-06 02:07:59,59430.90684367132,2434.0000442504884,51052,51120,0.9986697965571205
4,2026-02-06 02:07:59,59430.90684367132,2436.0000446319577,50161,50443,0.9944095315504629
4,2026-02-06 02:07:59,59430.90684367132,2438.0000450134276,50121,49574,1.0110340097631823
4,2026-02-06 02:07:59,59430.90684367132,2440.0000453948974,49486,50173,0.9863073764773882
4,2026-02-06 02:07:59,59430.90684367132,2442.000045776367,49060,49091,0.9993685196879265
4,2026-02-06 02:07:59,59430.90684367132,2444.000046157837,48756,49128,0.9924279433317049
4,2026-02-06 02:07:59,59430.90684367132,2446.0000465393064,48650,48651,0.999979445437915
4,2026-02-06 02:07:59,59430.90684367132,2448.000046920776,48751,48913,0.9966879970559974
4,2026-02-06 02:07:59,59430.90684367132,2450.000047302246,48870,49116,0.9949914488150501
4,2026-02-06 02:07:59,59430.90684367132,2452.000047683716,48630,49126,0.9899035134144852
4,2026-02-06 02:07:59,59430.90684367132,2454.0000480651856,49067,49549,0.9902722557468364
4,2026-02-06 02:07:59,59430.90684367132,2456.000048446655,48657,49527,0.9824338239748016
4,2026-02-06 02:07:59,59430.90684367132,2458.000048828125,49026,49181,0.9968483764055225
4,2026-02-06 02:07:59,59430.90684367132,2460.0000492095946,49165,49531,0.9926106882558398
4,2026-02-06 02:07:59,59430.90684367132,2462.0000495910645,49676,49876,0.9959900553372364
4,2026-02-06 02:07:59,59430.90684367132,2464.0000499725343,49371,49824,0.9909079961464354
4,2026-02-06 02:07:59,59430.90684367132,2466.0000503540036,49324,49976,0.9869537377941412
4,2026-02-06 02:07:59,59430.90684367132,2468.0000507354735,49763,49845,0.9983549001905908
4,2026-02-06 02:07:59,59430.90684367132,2470.0000511169433,50413,51055,0.9874253256292234
4,2026-02-06 02:07:59,59430.90684367132,2472.000051498413,50554,50943,0.9923640146830771
4,2026-02-06 02:07:59,59430.90684367132,2474.000051879883,50901,51828,0.9821139152581616
4,2026-02-06 02:07:59,59430.90684367132,2476.0000522613523,51559,51948,0.9925117425117425
4,2026-02-06 02:07:59,59430.90684367132,2478.000052642822,51907,52649,0.9859066648939201
4,2026-02-06 02:07:59,59430.90684367132,2480.000053024292,52235,52984,0.9858636569530425
4,2026-02-06 02:07:59,59430.90684367132,2482.0000534057617,52980,53547,0.9894111714942013
4,2026-02-06 02:07:59,59430.90684367132,2484.0000537872315,53897,54293,0.9927062420569871
4,2026-02-06 02:07:59,59430.90684367132,2486.000054168701,54145,54303,0.9970904001620536
4,2026-02-06 02:07:59,59430.90684367132,2488.0000545501707,54017,55004,0.9820558504836012
4,2026-02-06 02:07:59,59430.90684367132,2490.0000549316405,54123,54864,0.9864938757655293
4,2026-02-06 02:07:59,59430.90684367132,2492.0000553131104,54478,55090,0.9888909057905246
4,2026-02-06 02:07:59,59430.90684367132,2494.00005569458,54785,54427,1.006577617726496
4,2026-02-06 02:07:59,59430.90684367132,2496.0000560760495,54361,55097,0.9866417409296332
4,2026-02-06 02:07:59,59430.90684367132,2498.0000564575193,54038,54101,0.9988355113583852
4,2026-02-06 02:07:59,59430.90684367132,2500.000056838989,54349,53894,1.0084424982372806
4,2026-02-06 02:07:59,59430.90684367132,2502.000057220459,53762,54094,0.9938625355862017
4,2026-02-06 02:07:59,59430.90684367132,2504.000057601929,53187,53391,0.9961791313142665
4,2026-02-06 02:07:59,59430.90684367132,2506.000057983398,53347,53234,1.0021227035353346
4,2026-02-06 02:07:59,59430.90684367132,2508.000058364868,52924,52794,1.0024624010304202
4,2026-02-06 02:07:59,59430.90684367132,2510.000058746338,52695,52573,1.002320582808666
4,2026-02-06 02:07:59,59430.90684367132,2512.0000591278076,52251,51956,1.0056778812841636
4,2026-02-06 02:07:59,59430.90684367132,2514.0000595092774,51692,51782,0.9982619443049708
4,2026-02-06 02:07:59,59430.90684367132,2516.000059890747,51952,51111,1.016454383596486
4,2026-02-06 02:07:59,59430.90684367132,2518.0000602722166,50945,51617,0.9869810333804754
4,2026-02-06 02:07:59,59430.90684367132,2520.0000606536864,50591,51059,0.990834133061752
4,2026-02-06 02:07:59,59430.90684367132,2522.0000610351562,50913,50888,1.0004912749567678
4,2026-02-06 02:07:59,59430.90684367132,2524.000061416626,50446,50714,0.9947154631857081
4,2026-02-06 02:07:59,59430.90684367132,2526.0000617980954,49937,50388,0.9910494562197348
4,2026-02-06 02:07:59,59430.90684367132,2528.0000621795652,50192,50277,0.9983093661117409
4,2026-02-06 02:07:59,59430.90684367132,2530.000062561035,49369,50093,0.9855468827979957
4,2026-02-06 02:07:59,59430.90684367132,2532.000062942505,49203,49905,0.9859332732191163
4,2026-02-06 02:07:59,59430.90684367132,2534.0000633239747,49111,49300,0.9961663286004057
4,2026-02-06 02:07:59,59430.90684367132,2536.000063705444,49298,49504,0.995838720103426
4,2026-02-06 02:07:59,59430.90684367132,2538.000064086914,49268,49099,1.003442025295831
4,2026-02-06 02:07:59,59430.90684367132,2540.0000644683837,49073,49025,1.000979092299847
4,2026-02-06 02:07:59,59430.90684367132,2542.0000648498535,48714,49423,0.9856544523804707
4,2026-02-06 02:07:59,59430.90684367132,2544.0000652313233,49291,49694,0.9918903690586389
4,2026-02-06 02:07:59,59430.90684367132,2546.0000656127927,48959,49680,0.985487117552335
4,2026-02-06 02:07:59,59430.90684367132,2548.0000659942625,49710,50132,0.9915822229314609
4,2026-02-06 02:07:59,59430.90684367132,2550.0000663757323,49996,49936,1.0012015379686
4,2026-02-06 02:07:59,59430.90684367132,2552.000066757202,49913,50271,0.9928785979988463
4,2026-02-06 02:07:59,59430.90684367132,2554.000067138672,50293,50129,1.0032715593768078
4,2026-02-06 02:07:59,59430.90684367132,2556.0000675201413,50609,50615,0.9998814580657908
4,2026-02-06 02:07:59,59430.90684367132,2558.000067901611,50737,50395,1.0067863875384462
4,2026-02-06 02:07:59,59430.90684367132,2560.000068283081,50225,51402,0.9771020582856699
4,2026-02-06 02:07:59,59430.90684367132,2562.000068664551,50776,51424,0.9873988799004356
4,2026-02-06 02:07:59,59430.90684367132,2564.0000690460206,51258,51240,1.000351288056206
4,2026-02-06 02:07:59,59430.90684367132,2566.00006942749,51622,51849,0.9956219020617563
4,2026-02-06 02:07:59,59430.90684367132,2568.00006980896,51443,52124,0.9869350011511012
4,2026-02-06 02:07:59,59430.90684367132,2570.0000701904296,51660,51614,1.00089123106134
4,2026-02-06 02:07:59,59430.90684367132,2572.0000705718994,52445,52484,0.9992569163935676
4,2026-02-06 02:07:59,59430.90684367132,2574.0000709533692,52310,52918,0.988510525719037
4,2026-02-06 02:07:59,59430.90684367132,2576.0000713348386,52479,53135,0.987654088642138
4,2026-02-06 02:07:59,59430.90684367132,2578.0000717163084,52862,53365,0.9905743464817764
4,2026-02-06 02:07:59,59430.90684367132,2580.0000720977782,53119,53319,0.9962489919165776
4,2026-02-06 02:07:59,59430.90684367132,2582.000072479248,53760,54066,0.9943402508045722
4,2026-02-06 02:07:59,59430.90684367132,2584.0000728607174,53525,54217,0.9872364756441706
4,2026-02-06 02:07:59,59430.90684367132,2586.000073242187,53593,53954,0.9933091151721837
4,2026-02-06 02:07:59,59430.90684367132,2588.000073623657,53667,54672,0.9816176470588235
4,2026-02-06 02:07:59,59430.90684367132,2590.000074005127,54017,54285,0.9950630929354334
4,2026-02-06 02:07:59,59430.90684367132,2592.0000743865967,53989,54891,0.9835674336412162
4,2026-02-06 02:07:59,59430.90684367132,2594.000074768066,54357,54234,1.0022679499944684
4,2026-02-06 02:07:59,59430.90684367132,2596.000075149536,54315,54344,0.9994663624319152
4,2026-02-06 02:07:59,59430.90684367132,2598.0000755310057,53722,53870,0.9972526452571004
4,2026-02-06 02:07:59,59430.90684367132,2600.0000759124755,53963,54403,0.9919122107236733
4,2026-02-06 02:07:59,59430.90684367132,2602.0000762939453,53556,53795,0.9955572079189515
4,2026-02-06 02:07:59,59430.90684367132,2604.0000766754147,53027,53258,0.9956626234556311
4,2026-02-06 02:07:59,59430.90684367132,2606.0000770568845,53210,53238,0.9994740598820392
4,2026-02-06 02:07:59,59430.90684367132,2608.0000774383543,52886,52879,1.0001323776924678
4,2026-02-06 02:07:59,59430.90684367132,2610.000077819824,52692,52847,0.99706700474956
4,2026-02-06 02:07:59,59430.90684367132,2612.000078201294,52376,52351,1.000477545796642
4,2026-02-06 02:07:59,59430.90684367132,2614.0000785827633,51911,52003,0.9982308712958867
4,2026-02-06 02:07:59,59430.90684367132,2616.000078964233,51512,51572,0.9988365779880556
4,2026-02-06 02:07:59,59430.90684367132,2618.000079345703,50881,51333,0.9911947480178442
4,2026-02-06 02:07:59,59430.90684367132,2620.0000797271728,50488,50673,0.9963491405679553
4,2026-02-06 02:07:59,59430.90684367132,2622.0000801086426,49889,50299,0.9918487445078431
4,2026-02-06 02:07:59,59430.90684367132,2624.000080490112,49949,49971,0.9995597446518981
4,2026-02-06 02:07:59,59430.90684367132,2626.0000808715818,49395,49307,1.0017847364471577
4,2026-02-06 02:07:59,59430.90684367132,2628.0000812530516,48866,49399,0.9892103079009696
4,2026-02-06 02:07:59,59430.90684367132,2630.0000816345214,48732,48895,0.9966663258001841
4,2026-02-06 02:07:59,59430.90684367132,2632.000082015991,48121,48835,0.9853793385891266
4,2026-02-06 02:07:59,59430.90684367132,2634.0000823974606,48177,48817,0.9868898129749882
4,2026-02-06 02:07:59,59430.90684367132,2636.0000827789304,47992,48655,0.9863734456890351
4,2026-02-06 02:07:59,59430.90684367132,2638.0000831604,48244,48372,0.997353841065079
4,2026-02-06 02:07:59,59430.90684367132,2640.00008354187,48079,49008,0.9810439111981717
4,2026-02-06 02:07:59,59430.90684367132,2642.00008392334,48674,49100,0.9913238289205702
4,2026-02-06 02:07:59,59430.90684367132,2644.000084304809,48982,49968,0.9802673711175152
4,2026-02-06 02:07:59,59430.90684367132,2646.000084686279,49638,50417,0.9845488624868596
4,2026-02-06 02:07:59,59430.90684367132,2648.000085067749,50482,50854,0.9926849412042317
4,2026-02-06 02:07:59,59430.90684367132,2650.0000854492187,50432,50834,0.9920919069913837
4,2026-02-06 02:07:59,59430.90684367132,2652.0000858306885,51372,52007,0.9877901051781491
4,2026-02-06 02:07:59,59430.90684367132,2654.000086212158,51911,52221,0.9940636908523391
4,2026-02-06 02:07:59,59430.90684367132,2656.0000865936277,51874,51985,0.997864768683274
4,2026-02-06 02:07:59,59430.90684367132,2658.0000869750975,51684,52537,0.983763823590993
4,2026-02-06 02:07:59,59430.90684367132,2660.0000873565673,52178,52622,0.991562464368515
4,2026-02-06 02:07:59,59430.90684367132,2662.000087738037,52975,52610,1.0069378445162516
4,2026-02-06 02:07:59,59430.90684367132,2664.0000881195065,52164,52524,0.9931459904043866
4,2026-02-06 02:07:59,59430.90684367132,2666.0000885009763,52324,53009,0.9870776660567073
4,2026-02-06 02:07:59,59430.90684367132,2668.000088882446,52341,52863,0.9901254185347029
4,2026-02-06 02:07:59,59430.90684367132,2670.000089263916,52327,52811,0.9908352426577797
4,2026-02-06 02:07:59,59430.90684367132,2672.0000896453857,52773,53065,0.9944973146141525
4,2026-02-06 02:07:59,59430.90684367132,2674.000090026855,52512,53394,0.9834812900325879
4,2026-02-06 02:07:59,59430.90684367132,2676.000090408325,52651,53046,0.9925536326961505
4,2026-02-06 02:07:59,59430.90684367132,2678.0000907897947,52788,53459,0.987448324884491
4,2026-02-06 02:07:59,59430.90684367132,2680.0000911712646,52439,53568,0.9789239844683393
4,2026-02-06 02:07:59,59430.90684367132,2682.0000915527344,52575,53147,0.9892373981598209
4,2026-02-06 02:07:59,59430.90684367132,2684.0000919342037,52510,53454,0.9823399558498896
4,2026-02-06 02:07:59,59430.90684367132,2686.0000923156736,51968,53197,0.9768971934507585
4,2026-02-06 02:07:59,59430.90684367132,2688.0000926971434,51634,53243,0.9697800649850684
4,2026-02-06 02:07:59,59430.90684367132,2690.000093078613,51417,52930,0.9714150765161534
4,2026-02-06 02:07:59,59430.90684367132,2692.000093460083,50588,52741,0.9591778692099125
4,2026-02-06 02:07:59,59430.90684367132,2694.0000938415524,50658,52377,0.967180250873475
4,2026-02-06 02:07:59,59430.90684367132,2696.000094223022,49732,52239,0.9520090353950114
4,2026-02-06 02:07:59,59430.90684367132,2698.000094604492,49174,51956,0.9464546924320579
4,2026-02-06 02:07:59,59430.90684367132,2700.000094985962,47621,51812,0.9191114027638385
4,2026-02-06 02:07:59,59430.90684367132,2702.0000953674316,45466,51826,0.8772816732913982
4,2026-02-06 02:07:59,59430.90684367132,2704.000095748901,42801,51671,0.828336978188926
4,2026-02-06 02:07:59,59430.90684367132,2706.000096130371,40335,51312,0.7860734331150608
4,2026-02-06 02:07:59,59430.90684367132,2708.0000965118406,39757,50984,0.7797936607563157
4,2026-02-06 02:07:59,59430.90684367132,2710.0000968933105,40495,50750,0.7979310344827586
4,2026-02-06 02:07:59,59430.90684367132,2712.0000972747803,42185,50471,0.8358265142358978
4,2026-02-06 02:07:59,59430.90684367132,2714.0000976562496,44784,50419,0.8882365774807116
4,2026-02-06 02:07:59,59430.90684367132,2716.0000980377195,46243,50332,0.9187594373360883
4,2026-02-06 02:07:59,59430.90684367132,2718.0000984191893,46903,50164,0.934993222231082
4,2026-02-06 02:07:59,59430.90684367132,2720.000098800659,47561,49788,0.9552703462681771
4,2026-02-06 02:07:59,59430.90684367132,2722.000099182129,47880,49354,0.9701341329983385
4,2026-02-06 02:07:59,59430.90684367132,2724.0000995635983,47694,48867,0.975996070968138
4,2026-02-06 02:07:59,59430.90684367132,2726.000099945068,47882,49043,0.9763268968048447
4,2026-02-06 02:07:59,59430.90684367132,2728.000100326538,47532,48808,0.9738567447959351
4,2026-02-06 02:07:59,59430.90684367132,2730.0001007080077,47915,48109,0.9959674904903448
4,2026-02-06 02:07:59,59430.90684367132,2732.0001010894775,47733,48404,0.9861375092967524
4,2026-02-06 02:07:59,59430.90684367132,2734.000101470947,47247,48047,0.983349636813953
4,2026-02-06 02:07:59,59430.90684367132,2736.0001018524167,47600,48294,0.9856296848469789
4,2026-02-06 02:07:59,59430.90684367132,2738.0001022338865,47688,48050,0.9924661810613944
4,2026-02-06 02:07:59,59430.90684367132,2740.0001026153564,47506,48353,0.9824829896800612
4,2026-02-06 02:07:59,59430.90684367132,2742.000102996826,47249,48742,0.9693693324032662
4,2026-02-06 02:07:59,59430.90684367132,2744.0001033782955,48005,49321,0.9733176537377588
4,2026-02-06 02:07:59,59430.90684367132,2746.0001037597654,48209,49156,0.9807348034827895
4,2026-02-06 02:07:59,59430.90684367132,2748.000104141235,49125,49577,0.9908828690723521
4,2026-02-06 02:07:59,59430.90684367132,2750.000104522705,49512,50405,0.9822835036206725
4,2026-02-06 02:07:59,59430.90684367132,2752.000104904175,49627,50444,0.9838038220601063
4,2026-02-06 02:07:59,59430.90684367132,2754.000105285644,50082,50576,0.9902325213540019
4,2026-02-06 02:07:59,59430.90684367132,2756.000105667114,50527,51127,0.988264517769476
4,2026-02-06 02:07:59,59430.90684367132,2758.000106048584,50859,51097,0.9953421923009179
4,2026-02-06 02:07:59,59430.90684367132,2760.0001064300536,51012,51493,0.9906589245140116
4,2026-02-06 02:07:59,59430.90684367132,2762.0001068115234,51566,51828,0.9949448174731805
4,2026-02-06 02:07:59,59430.90684367132,2764.000107192993,51445,51530,0.9983504754511935
4,2026-02-06 02:07:59,59430.90684367132,2766.0001075744626,51610,52575,0.9816452686638136
4,2026-02-06 02:07:59,59430.90684367132,2768.0001079559324,51843,52514,0.9872224549643904
4,2026-02-06 02:07:59,59430.90684367132,2770.0001083374023,52323,52501,0.9966095883887925
4,2026-02-06 02:07:59,59430.90684367132,2772.000108718872,52096,52208,0.9978547349065278
4,2026-02-06 02:07:59,59430.90684367132,2774.0001091003414,51945,52555,0.9883931119779279
4,2026-02-06 02:07:59,59430.90684367132,2776.0001094818113,52427,52540,0.9978492577084126
4,2026-02-06 02:07:59,59430.90684367132,2778.000109863281,52412,52618,0.9960849899274012
4,2026-02-06 02:07:59,59430.90684367132,2780.000110244751,52974,52409,1.0107805911198458
4,2026-02-06 02:07:59,59430.90684367132,2782.0001106262207,52129,52807,0.9871607930766755
4,2026-02-06 02:07:59,59430.90684367132,2784.00011100769,52186,52441,0.9951373924982361
4,2026-02-06 02:07:59,59430.90684367132,2786.00011138916,52210,52667,0.9913228397288625
4,2026-02-06 02:07:59,59430.90684367132,2788.0001117706297,51529,51981,0.9913045151112907
4,2026-02-06 02:07:59,59430.90684367132,2790.0001121520995,51761,51585,1.0034118445284481
4,2026-02-06 02:07:59,59430.90684367132,2792.0001125335693,51304,51341,0.9992793284119904
4,2026-02-06 02:07:59,59430.90684367132,2794.0001129150387,51287,51371,0.9983648361916256
4,2026-02-06 02:07:59,59430.90684367132,2796.0001132965085,50817,50685,1.002604320804972
4,2026-02-06 02:07:59,59430.90684367132,2798.0001136779783,51066,50244,1.0163601624074516
4,2026-02-06 02:07:59,59430.90684367132,2800.000114059448,50014,50576,0.9888880101233787
4,2026-02-06 02:07:59,59430.90684367132,2802.000114440918,49890,49932,0.9991588560442202
4,2026-02-06 02:07:59,59430.90684367132,2804.0001148223873,49738,50062,0.9935280252486917
4,2026-02-06 02:07:59,59430.90684367132,2806.000115203857,49260,49507,0.9950108065526088
4,2026-02-06 02:07:59,59430.90684367132,2808.000115585327,49704,49941,0.9952544001922268
4,2026-02-06 02:07:59,59430.90684367132,2810.000115966797,48978,49521,0.9890349548676319
4,2026-02-06 02:07:59,59430.90684367132,2812.0001163482666,48929,48944,0.9996935272965021
4,2026-02-06 02:07:59,59430.90684367132,2814.000116729736,48942,49008,0.9986532810969637
4,2026-02-06 02:07:59,59430.90684367132,2816.000117111206,48857,48724,1.002729660947377
4,2026-02-06 02:07:59,59430.90684367132,2818.0001174926756,49122,48994,1.0026125648038535
4,2026-02-06 02:07:59,59430.90684367132,2820.0001178741454,48654,49155,0.9898077509917608
4,2026-02-06 02:07:59,59430.90684367132,2822.0001182556152,48154,48947,0.9837988027866876
4,2026-02-06 02:07:59,59430.90684367132,2824.0001186370846,48333,48651,0.9934636492569526
4,2026-02-06 02:07:59,59430.90684367132,2826.0001190185544,48370,48586,0.9955542748940024
4,2026-02-06 02:07:59,59430.90684367132,2828.0001194000242,48032,48251,0.9954612339640629
4,2026-02-06 02:07:59,59430.90684367132,2830.000119781494,47930,48142,0.9955963607660671
4,2026-02-06 02:07:59,59430.90684367132,2832.000120162964,47851,48057,0.9957134236427576
4,2026-02-06 02:07:59,59430.90684367132,2834.0001205444332,47499,47772,0.9942853554383321
4,2026-02-06 02:07:59,59430.90684367132,2836.000120925903,47492,47350,1.002998944033791
4,2026-02-06 02:07:59,59430.90684367132,2838.000121307373,47464,47043,1.0089492591884022
4,2026-02-06 02:07:59,59430.90684367132,2840.0001216888427,46900,47342,0.9906636812977906
4,2026-02-06 02:07:59,59430.90684367132,2842.0001220703125,46642,46894,0.9946261781891074
4,2026-02-06 02:07:59,59430.90684367132,2844.000122451782,46386,47333,0.9799928168508228
4,2026-02-06 02:07:59,59430.90684367132,2846.0001228332517,46550,46699,0.9968093535193473
4,2026-02-06 02:07:59,59430.90684367132,2848.0001232147215,46545,46601,0.998798309049162
4,2026-02-06 02:07:59,59430.90684367132,2850.0001235961913,46010,46190,0.9961030526087897
4,2026-02-06 02:07:59,59430.90684367132,2852.000123977661,45712,45973,0.9943227546603441
4,2026-02-06 02:07:59,59430.90684367132,2854.0001243591305,45526,46004,0.98960959916529
4,2026-02-06 02:07:59,59430.90684367132,2856.0001247406003,45431,45027,1.008972394341173
4,2026-02-06 02:07:59,59430.90684367132,2858.00012512207,44871,44894,0.999487682095603
4,2026-02-06 02:07:59,59430.90684367132,2860.00012550354,44352,44327,1.0005639903444854
4,2026-02-06 02:07:59,59430.90684367132,2862.0001258850098,43388,43521,0.9969440040440247
4,2026-02-06 02:07:59,59430.90684367132,2864.000126266479,42679,42467,1.0049921115218876
4,2026-02-06 02:07:59,59430.90684367132,2866.000126647949,41842,42002,0.996190657587734
4,2026-02-06 02:07:59,59430.90684367132,2868.0001270294188,41403,40701,1.017247733470922
4,2026-02-06 02:07:59,59430.90684367132,2870.0001274108886,40362,40090,1.0067847343477176
4,2026-02-06 02:07:59,59430.90684367132,2872.0001277923584,39177,39051,1.0032265498962896
4,2026-02-06 02:07:59,59430.90684367132,2874.0001281738278,38625,38238,1.0101208222187352
4,2026-02-06 02:07:59,59430.90684367132,2876.0001285552976,37647,37394,1.0067657913034176
4,2026-02-06 02:07:59,59430.90684367132,2878.0001289367674,37042,36798,1.0066307951519105
4,2026-02-06 02:07:59,59430.90684367132,2880.000129318237,36340,36210,1.003590168461751
4,2026-02-06 02:07:59,59430.90684367132,2882.000129699707,35431,35873,0.9876787556100689
4,2026-02-06 02:07:59,59430.90684367132,2884.0001300811764,35582,35594,0.9996628645277293
4,2026-02-06 02:07:59,59430.90684367132,2886.000130462646,35410,34967,1.0126690879972546
4,2026-02-06 02:07:59,59430.90684367132,2888.000130844116,34893,35315,0.9880504035112558
4,2026-02-06 02:07:59,59430.90684367132,2890.000131225586,35150,34983,1.0047737472486635
4,2026-02-06 02:07:59,59430.90684367132,2892.0001316070557,34805,34767,1.0010929904794776
4,2026-02-06 02:07:59,59430.90684367132,2894.000131988525,34800,35285,0.9862547824854754
4,2026-02-06 02:07:59,59430.90684367132,2896.000132369995,34936,35071,0.99615066579225
4,2026-02-06 02:07:59,59430.90684367132,2898.0001327514647,34663,35005,0.9902299671475504
4,2026-02-06 02:07:59,59430.90684367132,2900.0001331329345,34686,35107,0.9880080895547897
5,2026-02-06 02:25:36,50285.45479514763,2199.99999961853,25986,28155,0.9229621736814065
5,2026-02-06 02:25:36,50285.45479514763,2202.0,25521,28699,0.8892644343008467
5,2026-02-06 02:25:36,50285.45479514763,2204.00000038147,24383,28289,0.8619251299091519
5,2026-02-06 02:25:36,50285.45479514763,2206.000000762939,23739,28754,0.825589483202337
5,2026-02-06 02:25:36,50285.45479514763,2208.000001144409,23653,28923,0.8177920685959271
5,2026-02-06 02:25:36,50285.45479514763,2210.000001525879,24725,29795,0.8298372210102366
5,2026-02-06 02:25:36,50285.45479514763,2212.0000019073486,26178,30852,0.8485025281991443
5,2026-02-06 02:25:36,50285.45479514763,2214.0000022888185,28500,31320,0.9099616858237548
5,2026-02-06 02:25:36,50285.45479514763,2216.000002670288,30084,32379,0.9291207263967386
5,2026-02-06 02:25:36,50285.45479514763,2218.0000030517576,31132,32967,0.944338277671611
5,2026-02-06 02:25:36,50285.45479514763,2220.0000034332274,32314,33692,0.9591000831057818
5,2026-02-06 02:25:36,50285.45479514763,2222.0000038146973,33369,34848,0.9575585399449036
5,2026-02-06 02:25:36,50285.45479514763,2224.000004196167,34684,35205,0.9852009657719074
5,2026-02-06 02:25:36,50285.45479514763,2226.0000045776364,35058,35549,0.98618807842696
5,2026-02-06 02:25:36,50285.45479514763,2228.0000049591063,35107,35678,0.9839957396715062
5,2026-02-06 02:25:36,50285.45479514763,2230.000005340576,35447,36360,0.9748899889988999
5,2026-02-06 02:25:36,50285.45479514763,2232.000005722046,35318,35813,0.9861782034456762
5,2026-02-06 02:25:36,50285.45479514763,2234.0000061035157,35547,35652,0.9970548636822618
5,2026-02-06 02:25:36,50285.45479514763,2236.000006484985,35227,35246,0.9994609317369347
5,2026-02-06 02:25:36,50285.45479514763,2238.000006866455,34624,35013,0.9888898409162311
5,2026-02-06 02:25:36,50285.45479514763,2240.0000072479247,33812,34549,0.9786679788127008
5,2026-02-06 02:25:36,50285.45479514763,2242.0000076293945,34431,34307,1.0036144227125658
5,2026-02-06 02:25:36,50285.45479514763,2244.0000080108643,34091,34597,0.9853744544324653
5,2026-02-06 02:25:36,50285.45479514763,2246.0000083923337,34306,35143,0.9761830236462453
5,2026-02-06 02:25:36,50285.45479514763,2248.0000087738035,34322,35295,0.9724323558577702
5,2026-02-06 02:25:36,50285.45479514763,2250.0000091552733,35215,35990,0.9784662406223951
5,2026-02-06 02:25:36,50285.45479514763,2252.000009536743,35987,37012,0.9723062790446342
5,2026-02-06 02:25:36,50285.45479514763,2254.000009918213,36362,37643,0.9659697686156788
5,2026-02-06 02:25:36,50285.45479514763,2256.0000102996823,37277,38143,0.977295965183651
5,2026-02-06 02:25:36,50285.45479514763,2258.000010681152,37687,38539,0.9778925244557461
5,2026-02-06 02:25:36,50285.45479514763,2260.000011062622,38643,39349,0.9820579938499072
5,2026-02-06 02:25:36,50285.45479514763,2262.000011444092,38932,39101,0.9956778599012813
5,2026-02-06 02:25:36,50285.45479514763,2264.0000118255616,38903,38981,0.9979990251661066
5,2026-02-06 02:25:36,50285.45479514763,2266.000012207031,38951,39582,0.9840584103885605
5,2026-02-06 02:25:36,50285.45479514763,2268.000012588501,38699,39273,0.985384360756754
5,2026-02-06 02:25:36,50285.45479514763,2270.0000129699706,38696,39054,0.9908332053054745
5,2026-02-06 02:25:36,50285.45479514763,2272.0000133514404,38722,38985,0.9932538155700911
5,2026-02-06 02:25:36,50285.45479514763,2274.0000137329102,38543,39565,0.9741690888411475
5,2026-02-06 02:25:36,50285.45479514763,2276.0000141143796,39354,39701,0.9912596660033752
5,2026-02-06 02:25:36,50285.45479514763,2278.0000144958494,39396,39937,0.9864536645216215
5,2026-02-06 02:25:36,50285.45479514763,2280.0000148773192,40305,40481,0.9956522813171611
5,2026-02-06 02:25:36,50285.45479514763,2282.000015258789,40715,41158,0.9892366004179017
5,2026-02-06 02:25:36,50285.45479514763,2284.000015640259,41225,41696,0.9887039524174981
5,2026-02-06 02:25:36,50285.45479514763,2286.0000160217282,42392,42310,1.0019380761049397
5,2026-02-06 02:25:36,50285.45479514763,2288.000016403198,42368,42766,0.9906935415984661
5,2026-02-06 02:25:36,50285.45479514763,2290.000016784668,43185,43770,0.9866346812885538
5,2026-02-06 02:25:36,50285.45479514763,2292.0000171661377,43540,43955,0.9905585257649869
5,2026-02-06 02:25:36,50285.45479514763,2294.0000175476075,43685,44083,0.9909715763446226
5,2026-02-06 02:25:36,50285.45479514763,2296.000017929077,44042,44142,0.9977345838430519
5,2026-02-06 02:25:36,50285.45479514763,2298.0000183105467,43966,43990,0.9994544214594226
5,2026-02-06 02:25:36,50285.45479514763,2300.0000186920165,44398,44056,1.0077628472852733
5,2026-02-06 02:25:36,50285.45479514763,2302.0000190734863,44264,44341,0.9982634581989581
5,2026-02-06 02:25:36,50285.45479514763,2304.000019454956,44298,44691,0.9912062831442572
5,2026-02-06 02:25:36,50285.45479514763,2306.0000198364255,43999,44785,0.9824494808529641
5,2026-02-06 02:25:36,50285.45479514763,2308.0000202178953,44156,44564,0.9908446279508123
5,2026-02-06 02:25:36,50285.45479514763,2310.000020599365,44575,44573,1.0000448702129092
5,2026-02-06 02:25:36,50285.45479514763,2312.000020980835,44514,44935,0.9906309113163458
5,2026-02-06 02:25:36,50285.45479514763,2314.000021362305,44372,44983,0.986417090901007
5,2026-02-06 02:25:36,50285.45479514763,2316.000021743774,44759,45719,0.9790021654016929
5,2026-02-06 02:25:36,50285.45479514763,2318.000022125244,45288,45659,0.9918745482818283
5,2026-02-06 02:25:36,50285.45479514763,2320.000022506714,45566,46061,0.989253381385554
5,2026-02-06 02:25:36,50285.45479514763,2322.0000228881836,45401,45555,0.9966194709691581
5,2026-02-06 02:25:36,50285.45479514763,2324.0000232696534,45030,45294,0.9941714134322427
5,2026-02-06 02:25:36,50285.45479514763,2326.000023651123,45047,45306,0.9942833178828411
5,2026-02-06 02:25:36,50285.45479514763,2328.0000240325926,44634,44722,0.9980322883591968
5,2026-02-06 02:25:36,50285.45479514763,2330.0000244140624,44180,44152,1.0006341728574017
5,2026-02-06 02:25:36,50285.45479514763,2332.000024795532,43056,43422,0.9915710929943347
5,2026-02-06 02:25:36,50285.45479514763,2334.000025177002,42585,42855,0.9936996849842492
5,2026-02-06 02:25:36,50285.45479514763,2336.0000255584714,42104,42189,0.9979852568204982
5,2026-02-06 02:25:36,50285.45479514763,2338.000025939941,41793,41203,1.0143193456787127
5,2026-02-06 02:25:36,50285.45479514763,2340.000026321411,41249,41115,1.0032591511613766
5,2026-02-06 02:25:36,50285.45479514763,2342.000026702881,40964,41216,0.9938858695652174
5,2026-02-06 02:25:36,50285.45479514763,2344.0000270843507,40869,41226,0.9913404162421773
5,2026-02-06 02:25:36,50285.45479514763,2346.00002746582,40495,41157,0.9839152513545691
5,2026-02-06 02:25:36,50285.45479514763,2348.00002784729,40739,41062,0.9921338463786469
5,2026-02-06 02:25:36,50285.45479514763,2350.0000282287597,40991,41309,0.9923019196785204
5,2026-02-06 02:25:36,50285.45479514763,2352.0000286102295,41273,41660,0.9907105136821891
5,2026-02-06 02:25:36,50285.45479514763,2354.0000289916993,41285,41780,0.9881522259454284
5,2026-02-06 02:25:36,50285.45479514763,2356.0000293731687,41209,41947,0.9824063699430233
5,2026-02-06 02:25:36,50285.45479514763,2358.0000297546385,41355,41867,0.9877707980032006
5,2026-02-06 02:25:36,50285.45479514763,2360.0000301361083,41403,41832,0.9897446930579461
5,2026-02-06 02:25:36,50285.45479514763,2362.000030517578,41336,41849,0.9877416425721045
5,2026-02-06 02:25:36,50285.45479514763,2364.000030899048,41315,41923,0.9854972210958185
5,2026-02-06 02:25:36,50285.45479514763,2366.0000312805173,41845,41930,0.9979728118292392
5,2026-02-06 02:25:36,50285.45479514763,2368.000031661987,41675,41712,0.9991129650939777
5,2026-02-06 02:25:36,50285.45479514763,2370.000032043457,41646,42334,0.9837482874285445
5,2026-02-06 02:25:36,50285.45479514763,2372.0000324249268,41714,42433,0.9830556406570358
5,2026-02-06 02:25:36,50285.45479514763,2374.0000328063966,42640,42800,0.9962616822429906
5,2026-02-06 02:25:36,50285.45479514763,2376.000033187866,43064,43576,0.9882504130714155
5,2026-02-06 02:25:36,50285.45479514763,2378.0000335693358,43656,44054,0.9909656330866664
5,2026-02-06 02:25:36,50285.45479514763,2380.0000339508056,44131,45080,0.9789485359361135
5,2026-02-06 02:25:36,50285.45479514763,2382.0000343322754,44481,44980,0.9889061805246776
5,2026-02-06 02:25:36,50285.45479514763,2384.000034713745,44679,45297,0.9863567123650573
5,2026-02-06 02:25:36,50285.45479514763,2386.0000350952146,45315,46262,0.9795296355540184
5,2026-02-06 02:25:36,50285.45479514763,2388.0000354766844,45439,45723,0.9937886840321064
5,2026-02-06 02:25:36,50285.45479514763,2390.000035858154,45236,45907,0.9853834927135295
5,2026-02-06 02:25:36,50285.45479514763,2392.000036239624,45586,45456,1.0028599084829286
5,2026-02-06 02:25:36,50285.45479514763,2394.000036621094,45478,45468,1.0002199348992697
5,2026-02-06 02:25:36,50285.45479514763,2396.000037002563,45225,45211,1.0003096591537457
5,2026-02-06 02:25:36,50285.45479514763,2398.000037384033,45179,45129,1.0011079350306897
5,2026-02-06 02:25:36,50285.45479514763,2400.000037765503,44615,45311,0.9846394915142018
5,2026-02-06 02:25:36,50285.45479514763,2402.0000381469727,44398,44757,0.991978908327189
5,2026-02-06 02:25:36,50285.45479514763,2404.0000385284425,44878,44557,1.0072042552236462
5,2026-02-06 02:25:36,50285.45479514763,2406.000038909912,44544,44634,0.9979835999462293
5,2026-02-06 02:25:36,50285.45479514763,2408.0000392913817,44835,44939,0.9976857517968802
5,2026-02-06 02:25:36,50285.45479514763,2410.0000396728515,44038,44808,0.9828155686484557
5,2026-02-06 02:25:36,50285.45479514763,2412.0000400543213,44772,44889,0.9973935708079931
5,2026-02-06 02:25:36,50285.45479514763,2414.000040435791,44838,45283,0.9901729125720469
5,2026-02-06 02:25:36,50285.45479514763,2416.0000408172605,45108,45357,0.9945102189298234
5,2026-02-06 02:25:36,50285.45479514763,2418.0000411987303,44777,45058,0.9937635935904834
5,2026-02-06 02:25:36,50285.45479514763,2420.0000415802,44737,45081,0.9923692908320578
5,2026-02-06 02:25:36,50285.45479514763,2422.00004196167,45476,45688,0.9953598319033444
5,2026-02-06 02:25:36,50285.45479514763,2424.0000423431397,45129,45506,0.9917153781918868
5,2026-02-06 02:25:36,50285.45479514763,2426.000042724609,44508,44793,0.9936373987006898
5,2026-02-06 02:25:36,50285.45479514763,2428.000043106079,44738,44272,1.0105258402602095
5,2026-02-06 02:25:36,50285.45479514763,2430.0000434875487,43748,43947,0.9954718183266207
5,2026-02-06 02:25:36,50285.45479514763,2432.0000438690186,43394,43332,1.0014308132557925
5,2026-02-06 02:25:36,50285.45479514763,2434.0000442504884,43150,42676,1.0111069453557033
5,2026-02-06 02:25:36,50285.45479514763,2436.0000446319577,42471,42245,1.0053497455320157
5,2026-02-06 02:25:36,50285.45479514763,2438.0000450134276,41714,41967,0.9939714537612886
5,2026-02-06 02:25:36,50285.45479514763,2440.0000453948974,40895,41318,0.989762331187376
5,2026-02-06 02:25:36,50285.45479514763,2442.000045776367,41216,41722,0.9878721058434399
5,2026-02-06 02:25:36,50285.45479514763,2444.000046157837,40858,41044,0.9954682779456193
5,2026-02-06 02:25:36,50285.45479514763,2446.0000465393064,40806,41380,0.9861285645239246
5,2026-02-06 02:25:36,50285.45479514763,2448.000046920776,40709,41191,0.9882984147022408
5,2026-02-06 02:25:36,50285.45479514763,2450.000047302246,40692,40739,0.9988463143425219
5,2026-02-06 02:25:36,50285.45479514763,2452.000047683716,41196,41250,0.9986909090909091
5,2026-02-06 02:25:36,50285.45479514763,2454.0000480651856,41140,41265,0.996970798497516
5,2026-02-06 02:25:36,50285.45479514763,2456.000048446655,41348,41593,0.9941095857476018
5,2026-02-06 02:25:36,50285.45479514763,2458.000048828125,41075,41862,0.9812001337728727
5,2026-02-06 02:25:36,50285.45479514763,2460.0000492095946,41237,41684,0.9892764609922272
5,2026-02-06 02:25:36,50285.45479514763,2462.0000495910645,41700,42055,0.991558673166092
5,2026-02-06 02:25:36,50285.45479514763,2464.0000499725343,41612,42244,0.9850392955212575
5,2026-02-06 02:25:36,50285.45479514763,2466.0000503540036,41840,42411,0.9865365117540261
5,2026-02-06 02:25:36,50285.45479514763,2468.0000507354735,41910,42432,0.987697963800905
5,2026-02-06 02:25:36,50285.45479514763,2470.0000511169433,42457,42864,0.9905048525569242
5,2026-02-06 02:25:36,50285.45479514763,2472.000051498413,42545,42864,0.9925578574094811
5,2026-02-06 02:25:36,50285.45479514763,2474.000051879883,42768,43694,0.9788071588776491
5,2026-02-06 02:25:36,50285.45479514763,2476.0000522613523,43885,44112,0.994854007979688
5,2026-02-06 02:25:36,50285.45479514763,2478.000052642822,43946,44299,0.9920314228312151
5,2026-02-06 02:25:36,50285.45479514763,2480.000053024292,44575,44727,0.9966016052943413
5,2026-02-06 02:25:36,50285.45479514763,2482.0000534057617,44695,45431,0.983799608197046
5,2026-02-06 02:25:36,50285.45479514763,2484.0000537872315,45418,45649,0.9949396481850643
5,2026-02-06 02:25:36,50285.45479514763,2486.000054168701,45602,46126,0.9886398126869879
5,2026-02-06 02:25:36,50285.45479514763,2488.0000545501707,46256,46045,1.0045824736670648
5,2026-02-06 02:25:36,50285.45479514763,2490.0000549316405,46427,46480,0.9988597246127366
5,2026-02-06 02:25:36,50285.45479514763,2492.0000553131104,46463,46480,0.9996342512908778
5,2026-02-06 02:25:36,50285.45479514763,2494.00005569458,46211,46624,0.991141901166781
5,2026-02-06 02:25:36,50285.45479514763,2496.0000560760495,46379,46601,0.9952361537306066
5,2026-02-06 02:25:36,50285.45479514763,2498.0000564575193,46066,46749,0.9853900618195042
5,2026-02-06 02:25:36,50285.45479514763,2500.000056838989,45916,46036,0.9973933443392128
5,2026-02-06 02:25:36,50285.45479514763,2502.000057220459,45654,45751,0.9978798277633276
5,2026-02-06 02:25:36,50285.45479514763,2504.000057601929,45465,46017,0.9880044331442728
5,2026-02-06 02:25:36,50285.45479514763,2506.000057983398,44962,45427,0.9897637968608977
5,2026-02-06 02:25:36,50285.45479514763,2508.000058364868,44572,44924,0.9921645445641528
5,2026-02-06 02:25:36,50285.45479514763,2510.000058746338,43921,44519,0.9865675329634538
5,2026-02-06 02:25:36,50285.45479514763,2512.0000591278076,44126,44523,0.9910832603373537
5,2026-02-06 02:25:36,50285.45479514763,2514.0000595092774,44040,44111,0.9983904241572397
5,2026-02-06 02:25:36,50285.45479514763,2516.000059890747,43793,43669,1.0028395429251873
5,2026-02-06 02:25:36,50285.45479514763,2518.0000602722166,43446,43307,1.003209642782922
5,2026-02-06 02:25:36,50285.45479514763,2520.0000606536864,42803,43254,0.9895732186618579
5,2026-02-06 02:25:36,50285.45479514763,2522.0000610351562,42774,42988,0.9950218665674142
5,2026-02-06 02:25:36,50285.45479514763,2524.000061416626,42558,43008,0.9895368303571429
5,2026-02-06 02:25:36,50285.45479514763,2526.0000617980954,42420,42911,0.9885577124746568
5,2026-02-06 02:25:36,50285.45479514763,2528.0000621795652,42262,42297,0.9991725181454949
5,2026-02-06 02:25:36,50285.45479514763,2530.000062561035,41954,41674,1.006718817488122
5,2026-02-06 02:25:36,50285.45479514763,2532.000062942505,41352,41462,0.9973469683083305
5,2026-02-06 02:25:36,50285.45479514763,2534.0000633239747,41575,41741,0.9960230947988788
5,2026-02-06 02:25:36,50285.45479514763,2536.000063705444,41452,41389,1.0015221435647153
5,2026-02-06 02:25:36,50285.45479514763,2538.000064086914,41420,41395,1.000603937673632
5,2026-02-06 02:25:36,50285.45479514763,2540.0000644683837,41105,41312,0.9949893493415957
5,2026-02-06 02:25:36,50285.45479514763,2542.0000648498535,40833,41538,0.9830275891954355
5,2026-02-06 02:25:36,50285.45479514763,2544.0000652313233,41568,41674,0.9974564476652109
5,2026-02-06 02:25:36,50285.45479514763,2546.0000656127927,41667,42194,0.9875100725221595
5,2026-02-06 02:25:36,50285.45479514763,2548.0000659942625,41712,42109,0.9905720867273029
5,2026-02-06 02:25:36,50285.45479514763,2550.0000663757323,41907,42283,0.991107537308138
5,2026-02-06 02:25:36,50285.45479514763,2552.000066757202,42188,42582,0.9907472641022028
5,2026-02-06 02:25:36,50285.45479514763,2554.000067138672,42741,42398,1.0080900042454832
5,2026-02-06 02:25:36,50285.45479514763,2556.0000675201413,42560,42449,1.0026149025889892
5,2026-02-06 02:25:36,50285.45479514763,2558.000067901611,42261,43103,0.9804653968401271
5,2026-02-06 02:25:36,50285.45479514763,2560.000068283081,42333,42698,0.9914515902384187
5,2026-02-06 02:25:36,50285.45479514763,2562.000068664551,42686,43332,0.9850918489799686
5,2026-02-06 02:25:36,50285.45479514763,2564.0000690460206,42984,43087,0.997609487780537
5,2026-02-06 02:25:36,50285.45479514763,2566.00006942749,42667,43266,0.9861554107151111
5,2026-02-06 02:25:36,50285.45479514763,2568.00006980896,43439,43770,0.9924377427461731
5,2026-02-06 02:25:36,50285.45479514763,2570.0000701904296,43825,43985,0.9963623962714562
5,2026-02-06 02:25:36,50285.45479514763,2572.0000705718994,43533,44384,0.9808264239365537
5,2026-02-06 02:25:36,50285.45479514763,2574.0000709533692,44094,44358,0.9940484241850399
5,2026-02-06 02:25:36,50285.45479514763,2576.0000713348386,44152,45150,0.9778959025470654
5,2026-02-06 02:25:36,50285.45479514763,2578.0000717163084,44693,44970,0.9938403380031132
5,2026-02-06 02:25:36,50285.45479514763,2580.0000720977782,45037,45352,0.9930543305697654
5,2026-02-06 02:25:36,50285.45479514763,2582.000072479248,45434,45767,0.9927240151200647
5,2026-02-06 02:25:36,50285.45479514763,2584.0000728607174,45784,45785,0.9999781587856285
5,2026-02-06 02:25:36,50285.45479514763,2586.000073242187,45629,46298,0.9855501317551514
5,2026-02-06 02:25:36,50285.45479514763,2588.000073623657,45956,46285,0.9928918656152101
5,2026-02-06 02:25:36,50285.45479514763,2590.000074005127,45911,46141,0.9950152792527254
5,2026-02-06 02:25:36,50285.45479514763,2592.0000743865967,46015,45994,1.0004565812932122
5,2026-02-06 02:25:36,50285.45479514763,2594.000074768066,45581,46458,0.9811227345128933
5,2026-02-06 02:25:36,50285.45479514763,2596.000075149536,45683,45725,0.9990814652815746
5,2026-02-06 02:25:36,50285.45479514763,2598.0000755310057,45883,45950,0.9985418933623503
5,2026-02-06 02:25:36,50285.45479514763,2600.0000759124755,45218,45781,0.9877023219239423
5,2026-02-06 02:25:36,50285.45479514763,2602.0000762939453,45671,45362,1.0068118689652132
5,2026-02-06 02:25:36,50285.45479514763,2604.0000766754147,45144,45766,0.9864091246777084
5,2026-02-06 02:25:36,50285.45479514763,2606.0000770568845,44720,45212,0.9891179332920463
5,2026-02-06 02:25:36,50285.45479514763,2608.0000774383543,44638,45159,0.9884629863371642
5,2026-02-06 02:25:36,50285.45479514763,2610.000077819824,44486,44683,0.9955911644249491
5,2026-02-06 02:25:36,50285.45479514763,2612.000078201294,44028,44343,0.9928962857722752
5,2026-02-06 02:25:36,50285.45479514763,2614.0000785827633,43782,43607,1.004013117160089
5,2026-02-06 02:25:36,50285.45479514763,2616.000078964233,43601,43598,1.0000688104958944
5,2026-02-06 02:25:36,50285.45479514763,2618.000079345703,43401,43278,1.0028420906696243
5,2026-02-06 02:25:36,50285.45479514763,2620.0000797271728,42552,42627,0.9982405517629671
5,2026-02-06 02:25:36,50285.45479514763,2622.0000801086426,42238,42267,0.9993138855371803
5,2026-02-06 02:25:36,50285.45479514763,2624.000080490112,41664,41724,0.998561978717285
5,2026-02-06 02:25:36,50285.45479514763,2626.0000808715818,41265,41889,0.985103487789157
5,2026-02-06 02:25:36,50285.45479514763,2628.0000812530516,41131,41149,0.9995625653114292
5,2026-02-06 02:25:36,50285.45479514763,2630.0000816345214,40800,40848,0.9988249118683902
5,2026-02-06 02:25:36,50285.45479514763,2632.000082015991,40537,40922,0.9905918576804653
5,2026-02-06 02:25:36,50285.45479514763,2634.0000823974606,40617,40677,0.998524964967918
5,2026-02-06 02:25:36,50285.45479514763,2636.0000827789304,40118,40650,0.9869126691266913
5,2026-02-06 02:25:36,50285.45479514763,2638.0000831604,40622,40656,0.999163715072806
5,2026-02-06 02:25:36,50285.45479514763,2640.00008354187,40777,41007,0.9943912015021825
5,2026-02-06 02:25:36,50285.45479514763,2642.00008392334,40955,41033,0.9980990909755563
5,2026-02-06 02:25:36,50285.45479514763,2644.000084304809,41692,41815,0.9970584718402488
5,2026-02-06 02:25:36,50285.45479514763,2646.000084686279,41928,42077,0.9964588730185137
5,2026-02-06 02:25:36,50285.45479514763,2648.000085067749,42231,42612,0.9910588566600957
5,2026-02-06 02:25:36,50285.45479514763,2650.0000854492187,42545,43879,0.969598213268306
5,2026-02-06 02:25:36,50285.45479514763,2652.0000858306885,42494,43784,0.9705371825324319
5,2026-02-06 02:25:36,50285.45479514763,2654.000086212158,43689,43772,0.9981038106552134
5,2026-02-06 02:25:36,50285.45479514763,2656.0000865936277,43770,44411,0.9855666388957691
5,2026-02-06 02:25:36,50285.45479514763,2658.0000869750975,43868,44622,0.9831025054905652
5,2026-02-06 02:25:36,50285.45479514763,2660.0000873565673,44370,44640,0.9939516129032258
5,2026-02-06 02:25:36,50285.45479514763,2662.000087738037,44427,44943,0.988518790467926
5,2026-02-06 02:25:36,50285.45479514763,2664.0000881195065,44015,44654,0.985689971783043
5,2026-02-06 02:25:36,50285.45479514763,2666.0000885009763,44442,44887,0.9900862164992091
5,2026-02-06 02:25:36,50285.45479514763,2668.000088882446,44181,44865,0.9847542627883651
5,2026-02-06 02:25:36,50285.45479514763,2670.000089263916,44557,44879,0.992825152075581
5,2026-02-06 02:25:36,50285.45479514763,2672.0000896453857,44470,45063,0.9868406453187759
5,2026-02-06 02:25:36,50285.45479514763,2674.000090026855,44625,44888,0.994140973088576
5,2026-02-06 02:25:36,50285.45479514763,2676.000090408325,45147,45251,0.9977017082495414
5,2026-02-06 02:25:36,50285.45479514763,2678.0000907897947,44066,45054,0.9780707595330048
5,2026-02-06 02:25:36,50285.45479514763,2680.0000911712646,44494,45136,0.9857763204537399
5,2026-02-06 02:25:36,50285.45479514763,2682.0000915527344,44548,44999,0.9899775550567791
5,2026-02-06 02:25:36,50285.45479514763,2684.0000919342037,44093,44924,0.9815020924227584
5,2026-02-06 02:25:36,50285.45479514763,2686.0000923156736,44082,44777,0.9844786385867744
5,2026-02-06 02:25:36,50285.45479514763,2688.0000926971434,43777,44746,0.9783444330219461
5,2026-02-06 02:25:36,50285.45479514763,2690.000093078613,43423,44391,0.9781937780180667
5,2026-02-06 02:25:36,50285.45479514763,2692.000093460083,43140,44725,0.9645612073784237
5,2026-02-06 02:25:36,50285.45479514763,2694.0000938415524,42899,44510,0.9638058863176814
5,2026-02-06 02:25:36,50285.45479514763,2696.000094223022,42111,44145,0.9539245667686035
5,2026-02-06 02:25:36,50285.45479514763,2698.000094604492,40997,43771,0.9366247058554751
5,2026-02-06 02:25:36,50285.45479514763,2700.000094985962,40254,43256,0.9305992232291475
5,2026-02-06 02:25:36,50285.45479514763,2702.0000953674316,38137,43514,0.876430574068116
5,2026-02-06 02:25:36,50285.45479514763,2704.000095748901,36664,43136,0.8499629080118695
5,2026-02-06 02:25:36,50285.45479514763,2706.000096130371,34310,43379,0.790935706217294
5,2026-02-06 02:25:36,50285.45479514763,2708.0000965118406,33910,43075,0.7872315728380731
5,2026-02-06 02:25:36,50285.45479514763,2710.0000968933105,34502,42801,0.8061026611527768
5,2026-02-06 02:25:36,50285.45479514763,2712.0000972747803,35915,42395,0.8471517867673075
5,2026-02-06 02:25:36,50285.45479514763,2714.0000976562496,37444,42696,0.8769908188120668
5,2026-02-06 02:25:36,50285.45479514763,2716.0000980377195,39318,42551,0.9240205870602336
5,2026-02-06 02:25:36,50285.45479514763,2718.0000984191893,40133,41686,0.9627452861872091
5,2026-02-06 02:25:36,50285.45479514763,2720.000098800659,40070,41881,0.9567584346123541
5,2026-02-06 02:25:36,50285.45479514763,2722.000099182129,40297,41221,0.9775842410421872
5,2026-02-06 02:25:36,50285.45479514763,2724.0000995635983,40537,41473,0.9774310997516457
5,2026-02-06 02:25:36,50285.45479514763,2726.000099945068,40352,40692,0.9916445492971592
5,2026-02-06 02:25:36,50285.45479514763,2728.000100326538,39838,40567,0.9820297285971356
5,2026-02-06 02:25:36,50285.45479514763,2730.0001007080077,40119,40492,0.9907883038624914
5,2026-02-06 02:25:36,50285.45479514763,2732.0001010894775,39574,40081,0.9873506150046156
5,2026-02-06 02:25:36,50285.45479514763,2734.000101470947,39569,40112,0.9864629038691664
5,2026-02-06 02:25:36,50285.45479514763,2736.0001018524167,39575,40258,0.9830344279397883
5,2026-02-06 02:25:36,50285.45479514763,2738.0001022338865,40005,40257,0.9937402190923318
5,2026-02-06 02:25:36,50285.45479514763,2740.0001026153564,39671,40294,0.9845386409887328
5,2026-02-06 02:25:36,50285.45479514763,2742.000102996826,40251,40614,0.9910621953021126
5,2026-02-06 02:25:36,50285.45479514763,2744.0001033782955,40255,40973,0.9824762648573451
5,2026-02-06 02:25:36,50285.45479514763,2746.0001037597654,40984,41299,0.9923726966754643
5,2026-02-06 02:25:36,50285.45479514763,2748.000104141235,41184,41890,0.9831463356409644
5,2026-02-06 02:25:36,50285.45479514763,2750.000104522705,41459,41982,0.9875422800247725
5,2026-02-06 02:25:36,50285.45479514763,2752.000104904175,41930,42676,0.9825194488705595
5,2026-02-06 02:25:36,50285.45479514763,2754.000105285644,42163,42518,0.9916505950420998
5,2026-02-06 02:25:36,50285.45479514763,2756.000105667114,42817,43050,0.9945876887340303
5,2026-02-06 02:25:36,50285.45479514763,2758.000106048584,42989,43328,0.9921759601181684
5,2026-02-06 02:25:36,50285.45479514763,2760.0001064300536,43027,43379,0.9918854745383711
5,2026-02-06 02:25:36,50285.45479514763,2762.0001068115234,43348,43863,0.9882588970202677
5,2026-02-06 02:25:36,50285.45479514763,2764.000107192993,43901,43693,1.004760487950015
5,2026-02-06 02:25:36,50285.45479514763,2766.0001075744626,43563,43667,0.9976183387913069
5,2026-02-06 02:25:36,50285.45479514763,2768.0001079559324,44064,44451,0.9912937841668354
5,2026-02-06 02:25:36,50285.45479514763,2770.0001083374023,44024,44576,0.9876166547020818
5,2026-02-06 02:25:36,50285.45479514763,2772.000108718872,44364,44552,0.9957802118872329
5,2026-02-06 02:25:36,50285.45479514763,2774.0001091003414,43791,44683,0.9800371505941857
5,2026-02-06 02:25:36,50285.45479514763,2776.0001094818113,44469,44649,0.9959685547268696
5,2026-02-06 02:25:36,50285.45479514763,2778.000109863281,44483,44329,1.00347402377676
5,2026-02-06 02:25:36,50285.45479514763,2780.000110244751,43810,44465,0.985269312942764
5,2026-02-06 02:25:36,50285.45479514763,2782.0001106262207,44129,44560,0.9903276481149013
5,2026-02-06 02:25:36,50285.45479514763,2784.00011100769,44131,44466,0.9924661539153511
5,2026-02-06 02:25:36,50285.45479514763,2786.00011138916,44387,44129,1.0058464955018243
5,2026-02-06 02:25:36,50285.45479514763,2788.0001117706297,44218,44159,1.0013360809800946
5,2026-02-06 02:25:36,50285.45479514763,2790.0001121520995,43379,43597,0.9949996559396289
5,2026-02-06 02:25:36,50285.45479514763,2792.0001125335693,43529,43136,1.0091107195845697
5,2026-02-06 02:25:36,50285.45479514763,2794.0001129150387,42797,43183,0.9910612972697589
5,2026-02-06 02:25:36,50285.45479514763,2796.0001132965085,42669,42824,0.9963805342798431
5,2026-02-06 02:25:36,50285.45479514763,2798.0001136779783,42270,42510,0.9943542695836274
5,2026-02-06 02:25:36,50285.45479514763,2800.000114059448,42616,42363,1.005972192715341
5,2026-02-06 02:25:36,50285.45479514763,2802.000114440918,41722,41714,1.000191782135494
5,2026-02-06 02:25:36,50285.45479514763,2804.0001148223873,41920,41842,1.0018641556330958
5,2026-02-06 02:25:36,50285.45479514763,2806.000115203857,41491,41910,0.9900023860653782
5,2026-02-06 02:25:36,50285.45479514763,2808.000115585327,41697,41545,1.0036586833553978
5,2026-02-06 02:25:36,50285.45479514763,2810.000115966797,41192,41362,0.9958899472946182
5,2026-02-06 02:25:36,50285.45479514763,2812.0001163482666,40903,41383,0.9884010342411135
5,2026-02-06 02:25:36,50285.45479514763,2814.000116729736,41422,41516,0.9977358126987186
5,2026-02-06 02:25:36,50285.45479514763,2816.000117111206,41040,41330,0.9929833051052505
5,2026-02-06 02:25:36,50285.45479514763,2818.0001174926756,40725,40862,0.9966472517253193
5,2026-02-06 02:25:36,50285.45479514763,2820.0001178741454,41105,40809,1.0072533019677032
5,2026-02-06 02:25:36,50285.45479514763,2822.0001182556152,40541,40735,0.9952375107401498
5,2026-02-06 02:25:36,50285.45479514763,2824.0001186370846,40352,41096,0.9818960482772046
5,2026-02-06 02:25:36,50285.45479514763,2826.0001190185544,40526,40481,1.0011116326177714
5,2026-02-06 02:25:36,50285.45479514763,2828.0001194000242,40559,40683,0.99695204385124
5,2026-02-06 02:25:36,50285.45479514763,2830.000119781494,40074,40457,0.9905331586622834
5,2026-02-06 02:25:36,50285.45479514763,2832.000120162964,40033,39950,1.0020775969962452
5,2026-02-06 02:25:36,50285.45479514763,2834.0001205444332,39883,39868,1.000376241597271
5,2026-02-06 02:25:36,50285.45479514763,2836.000120925903,39765,39442,1.008189239896557
5,2026-02-06 02:25:36,50285.45479514763,2838.000121307373,39189,39456,0.9932329683698297
5,2026-02-06 02:25:36,50285.45479514763,2840.0001216888427,38914,39576,0.9832726905195067
5,2026-02-06 02:25:36,50285.45479514763,2842.0001220703125,39316,39457,0.9964264895962693
5,2026-02-06 02:25:36,50285.45479514763,2844.000122451782,39094,39155,0.9984420891329332
5,2026-02-06 02:25:36,50285.45479514763,2846.0001228332517,38785,38776,1.000232102331339
5,2026-02-06 02:25:36,50285.45479514763,2848.0001232147215,38586,38387,1.0051840466824706
5,2026-02-06 02:25:36,50285.45479514763,2850.0001235961913,38752,38407,1.008982737521806
5,2026-02-06 02:25:36,50285.45479514763,2852.000123977661,37974,38090,0.9969545812549225
5,2026-02-06 02:25:36,50285.45479514763,2854.0001243591305,37754,37645,1.0028954708460618
5,2026-02-06 02:25:36,50285.45479514763,2856.0001247406003,37662,37372,1.0077598201862357
5,2026-02-06 02:25:36,50285.45479514763,2858.00012512207,36848,36867,0.9994846339544851
5,2026-02-06 02:25:36,50285.45479514763,2860.00012550354,36586,36347,1.006575508295045
5,2026-02-06 02:25:36,50285.45479514763,2862.0001258850098,35963,35407,1.0157031095546079
5,2026-02-06 02:25:36,50285.45479514763,2864.000126266479,35183,34746,1.0125769872791113
5,2026-02-06 02:25:36,50285.45479514763,2866.000126647949,34374,34309,1.0018945466204203
5,2026-02-06 02:25:36,50285.45479514763,2868.0001270294188,33758,33294,1.013936445005106
5,2026-02-06 02:25:36,50285.45479514763,2870.0001274108886,33078,32893,1.0056242969628797
5,2026-02-06 02:25:36,50285.45479514763,2872.0001277923584,32044,31662,1.0120649358852885
5,2026-02-06 02:25:36,50285.45479514763,2874.0001281738278,30983,31028,0.9985496970478278
5,2026-02-06 02:25:36,50285.45479514763,2876.0001285552976,30704,30318,1.0127317105349958
5,2026-02-06 02:25:36,50285.45479514763,2878.0001289367674,29748,29673,1.002527550298251
5,2026-02-06 02:25:36,50285.45479514763,2880.000129318237,29697,29369,1.011168238618952
5,2026-02-06 02:25:36,50285.45479514763,2882.000129699707,29184,29182,1.0000685353985332
5,2026-02-06 02:25:36,50285.45479514763,2884.0001300811764,28454,28728,0.9904622667780563
5,2026-02-06 02:25:36,50285.45479514763,2886.000130462646,28208,28312,0.9963266459451823
5,2026-02-06 02:25:36,50285.45479514763,2888.000130844116,28030,28338,0.9891312019196838
5,2026-02-06 02:25:36,50285.45479514763,2890.000131225586,28112,28225,0.9959964570416298
5,2026-02-06 02:25:36,50285.45479514763,2892.0001316070557,27981,28067,0.9969359033740692
5,2026-02-06 02:25:36,50285.45479514763,2894.000131988525,28076,28271,0.9931024724983198
5,2026-02-06 02:25:36,50285.45479514763,2896.000132369995,27950,28250,0.9893805309734514
5,2026-02-06 02:25:36,50285.45479514763,2898.0001327514647,28069,28514,0.9843936311987094
5,2026-02-06 02:25:36,50285.45479514763,2900.0001331329345,27926,28177,0.991092025410796
6,2026-02-06 02:43:14,43553.164568551154,2199.99999961853,20662,21990,0.9396089131423374
6,2026-02-06 02:43:14,43553.164568551154,2202.0,20085,21699,0.925618692105627
6,2026-02-06 02:43:14,43553.164568551154,2204.00000038147,19167,22223,0.8624848130315439
6,2026-02-06 02:43:14,43553.164568551154,2206.000000762939,18513,22271,0.831260383458309
6,2026-02-06 02:43:14,43553.164568551154,2208.000001144409,18881,22834,0.8268809669790663
6,2026-02-06 02:43:14,43553.164568551154,2210.000001525879,19894,23114,0.8606904906117504
6,2026-02-06 02:43:14,43553.164568551154,2212.0000019073486,20633,23762,0.8683191650534466
6,2026-02-06 02:43:14,43553.164568551154,2214.0000022888185,22625,24500,0.923469387755102
6,2026-02-06 02:43:14,43553.164568551154,2216.000002670288,23014,24803,0.9278716284320445
6,2026-02-06 02:43:14,43553.164568551154,2218.0000030517576,24589,25882,0.9500425005795533
6,2026-02-06 02:43:14,43553.164568551154,2220.0000034332274,25516,26619,0.9585634321349412
6,2026-02-06 02:43:14,43553.164568551154,2222.0000038146973,26292,27509,0.9557599331127995
6,2026-02-06 02:43:14,43553.164568551154,2224.000004196167,27099,27831,0.973698393877331
6,2026-02-06 02:43:14,43553.164568551154,2226.0000045776364,27735,28438,0.9752795555242985
6,2026-02-06 02:43:14,43553.164568551154,2228.0000049591063,27934,28540,0.9787666433076384
6,2026-02-06 02:43:14,43553.164568551154,2230.000005340576,28132,28721,0.9794923575084433
6,2026-02-06 02:43:14,43553.164568551154,2232.000005722046,27955,28443,0.982842878739936
6,2026-02-06 02:43:14,43553.164568551154,2234.0000061035157,27776,28038,0.9906555389114773
6,2026-02-06 02:43:14,43553.164568551154,2236.000006484985,27493,27614,0.9956181646990657
6,2026-02-06 02:43:14,43553.164568551154,2238.000006866455,27276,27324,0.9982433025911287
6,2026-02-06 02:43:14,43553.164568551154,2240.0000072479247,27110,26516,1.022401568864082
6,2026-02-06 02:43:14,43553.164568551154,2242.0000076293945,26751,26585,1.0062441226255407
6,2026-02-06 02:43:14,43553.164568551154,2244.0000080108643,26934,26968,0.9987392465143874
6,2026-02-06 02:43:14,43553.164568551154,2246.0000083923337,26855,27158,0.9888430664997423
6,2026-02-06 02:43:14,43553.164568551154,2248.0000087738035,26927,27395,0.982916590618726
6,2026-02-06 02:43:14,43553.164568551154,2250.0000091552733,27445,27827,0.9862723254393215
6,2026-02-06 02:43:14,43553.164568551154,2252.000009536743,27992,28465,0.9833831020551554
6,2026-02-06 02:43:14,43553.164568551154,2254.000009918213,28673,29535,0.9708142881327239
6,2026-02-06 02:43:14,43553.164568551154,2256.0000102996823,29110,29594,0.98364533351355
6,2026-02-06 02:43:14,43553.164568551154,2258.000010681152,29631,30340,0.9766315095583388
6,2026-02-06 02:43:14,43553.164568551154,2260.000011062622,29848,30620,0.9747877204441542
6,2026-02-06 02:43:14,43553.164568551154,2262.000011444092,30585,30351,1.0077097953938914
6,2026-02-06 02:43:14,43553.164568551154,2264.0000118255616,30606,30995,0.9874495886433295
6,2026-02-06 02:43:14,43553.164568551154,2266.000012207031,31113,30779,1.0108515546314045
6,2026-02-06 02:43:14,43553.164568551154,2268.000012588501,30855,30894,0.9987376189551369
6,2026-02-06 02:43:14,43553.164568551154,2270.0000129699706,30184,30925,0.9760388035569927
6,2026-02-06 02:43:14,43553.164568551154,2272.0000133514404,30280,30768,0.984139365574623
6,2026-02-06 02:43:14,43553.164568551154,2274.0000137329102,30351,31055,0.977330542585735
6,2026-02-06 02:43:14,43553.164568551154,2276.0000141143796,30688,31301,0.980415961151401
6,2026-02-06 02:43:14,43553.164568551154,2278.0000144958494,31123,31654,0.9832248688949264
6,2026-02-06 02:43:14,43553.164568551154,2280.0000148773192,31838,32044,0.9935713394083135
6,2026-02-06 02:43:14,43553.164568551154,2282.000015258789,32052,33187,0.9657998613915088
6,2026-02-06 02:43:14,43553.164568551154,2284.000015640259,32952,33280,0.9901442307692307
6,2026-02-06 02:43:14,43553.164568551154,2286.0000160217282,33525,33851,0.9903695607219876
6,2026-02-06 02:43:14,43553.164568551154,2288.000016403198,34247,34293,0.9986586183769283
6,2026-02-06 02:43:14,43553.164568551154,2290.000016784668,34787,34679,1.003114276651576
6,2026-02-06 02:43:14,43553.164568551154,2292.0000171661377,34836,35257,0.9880591088294524
6,2026-02-06 02:43:14,43553.164568551154,2294.0000175476075,35261,35175,1.0024449182658137
6,2026-02-06 02:43:14,43553.164568551154,2296.000017929077,35326,35561,0.9933916369055988
6,2026-02-06 02:43:14,43553.164568551154,2298.0000183105467,35022,35720,0.9804591265397536
6,2026-02-06 02:43:14,43553.164568551154,2300.0000186920165,35434,35700,0.9925490196078431
6,2026-02-06 02:43:14,43553.164568551154,2302.0000190734863,35748,35560,1.0052868391451069
6,2026-02-06 02:43:14,43553.164568551154,2304.000019454956,34948,35382,0.9877338759821378
6,2026-02-06 02:43:14,43553.164568551154,2306.0000198364255,35509,35147,1.0102995988277805
6,2026-02-06 02:43:14,43553.164568551154,2308.0000202178953,35365,35642,0.9922282700185174
6,2026-02-06 02:43:14,43553.164568551154,2310.000020599365,35514,36124,0.983113719410918
6,2026-02-06 02:43:14,43553.164568551154,2312.000020980835,35758,36107,0.9903342842108178
6,2026-02-06 02:43:14,43553.164568551154,2314.000021362305,36061,36354,0.9919403641965121
6,2026-02-06 02:43:14,43553.164568551154,2316.000021743774,36350,36982,0.9829106051592666
6,2026-02-06 02:43:14,43553.164568551154,2318.000022125244,36136,36964,0.9775998268585651
6,2026-02-06 02:43:14,43553.164568551154,2320.000022506714,36712,37107,0.989355108200609
6,2026-02-06 02:43:14,43553.164568551154,2322.0000228881836,36828,37356,0.9858657243816255
6,2026-02-06 02:43:14,43553.164568551154,2324.0000232696534,36868,36887,0.999484913384119
6,2026-02-06 02:43:14,43553.164568551154,2326.000023651123,36436,36222,1.0059080117055932
6,2026-02-06 02:43:14,43553.164568551154,2328.0000240325926,35592,35887,0.991779753113941
6,2026-02-06 02:43:14,43553.164568551154,2330.0000244140624,35255,35027,1.0065092642818396
6,2026-02-06 02:43:14,43553.164568551154,2332.000024795532,34737,34391,1.0100607717135297
6,2026-02-06 02:43:14,43553.164568551154,2334.000025177002,33812,33752,1.0017776724342262
6,2026-02-06 02:43:14,43553.164568551154,2336.0000255584714,33232,33062,1.0051418546972355
6,2026-02-06 02:43:14,43553.164568551154,2338.000025939941,32685,33060,0.9886569872958257
6,2026-02-06 02:43:14,43553.164568551154,2340.000026321411,32431,32462,0.9990450372743516
6,2026-02-06 02:43:14,43553.164568551154,2342.000026702881,32021,32477,0.9859592942697909
6,2026-02-06 02:43:14,43553.164568551154,2344.0000270843507,32364,32269,1.0029440019833276
6,2026-02-06 02:43:14,43553.164568551154,2346.00002746582,31807,32444,0.9803661693995808
6,2026-02-06 02:43:14,43553.164568551154,2348.00002784729,32218,32860,0.9804625684723067
6,2026-02-06 02:43:14,43553.164568551154,2350.0000282287597,32112,32332,0.9931955956946679
6,2026-02-06 02:43:14,43553.164568551154,2352.0000286102295,32539,32739,0.9938910779193011
6,2026-02-06 02:43:14,43553.164568551154,2354.0000289916993,32632,33012,0.988489034290561
6,2026-02-06 02:43:14,43553.164568551154,2356.0000293731687,32788,33057,0.9918625404604169
6,2026-02-06 02:43:14,43553.164568551154,2358.0000297546385,32797,33169,0.9887847086134643
6,2026-02-06 02:43:14,43553.164568551154,2360.0000301361083,32577,33483,0.972941492697787
6,2026-02-06 02:43:14,43553.164568551154,2362.000030517578,32709,32907,0.9939830431215243
6,2026-02-06 02:43:14,43553.164568551154,2364.000030899048,32390,32767,0.988494521927549
6,2026-02-06 02:43:14,43553.164568551154,2366.0000312805173,32859,33084,0.9931991294885746
6,2026-02-06 02:43:14,43553.164568551154,2368.000031661987,33036,33222,0.9944013003431461
6,2026-02-06 02:43:14,43553.164568551154,2370.000032043457,32934,33624,0.979478943611706
6,2026-02-06 02:43:14,43553.164568551154,2372.0000324249268,33353,33698,0.9897620036797437
6,2026-02-06 02:43:14,43553.164568551154,2374.0000328063966,33781,34194,0.9879218576358425
6,2026-02-06 02:43:14,43553.164568551154,2376.000033187866,34382,34581,0.9942453948700153
6,2026-02-06 02:43:14,43553.164568551154,2378.0000335693358,34765,35285,0.9852628595720561
6,2026-02-06 02:43:14,43553.164568551154,2380.0000339508056,35154,35598,0.9875273891791674
6,2026-02-06 02:43:14,43553.164568551154,2382.0000343322754,35848,36297,0.987629831666529
6,2026-02-06 02:43:14,43553.164568551154,2384.000034713745,36329,36837,0.9862095176045823
6,2026-02-06 02:43:14,43553.164568551154,2386.0000350952146,36710,36944,0.9936660892161109
6,2026-02-06 02:43:14,43553.164568551154,2388.0000354766844,36587,37225,0.9828609805238415
6,2026-02-06 02:43:14,43553.164568551154,2390.000035858154,37065,37461,0.989429006166413
6,2026-02-06 02:43:14,43553.164568551154,2392.000036239624,37035,37128,0.9974951519069166
6,2026-02-06 02:43:14,43553.164568551154,2394.000036621094,36682,36778,0.9973897438686171
6,2026-02-06 02:43:14,43553.164568551154,2396.000037002563,36651,37069,0.9887237314197848
6,2026-02-06 02:43:14,43553.164568551154,2398.000037384033,36458,36183,1.0076002542630518
6,2026-02-06 02:43:14,43553.164568551154,2400.000037765503,36015,36386,0.9898037706810312
6,2026-02-06 02:43:14,43553.164568551154,2402.0000381469727,35873,36213,0.9906111065087123
6,2026-02-06 02:43:14,43553.164568551154,2404.0000385284425,35849,36251,0.9889106507406692
6,2026-02-06 02:43:14,43553.164568551154,2406.000038909912,35748,35817,0.998073540497529
6,2026-02-06 02:43:14,43553.164568551154,2408.0000392913817,35606,36159,0.9847064354655826
6,2026-02-06 02:43:14,43553.164568551154,2410.0000396728515,35764,36092,0.9909121134877535
6,2026-02-06 02:43:14,43553.164568551154,2412.0000400543213,36279,36138,1.0039017101112402
6,2026-02-06 02:43:14,43553.164568551154,2414.000040435791,35998,36263,0.9926922758734799
6,2026-02-06 02:43:14,43553.164568551154,2416.0000408172605,36114,36424,0.9914891280474413
6,2026-02-06 02:43:14,43553.164568551154,2418.0000411987303,36247,36278,0.999145487623353
6,2026-02-06 02:43:14,43553.164568551154,2420.0000415802,36297,36666,0.9899361806578302
6,2026-02-06 02:43:14,43553.164568551154,2422.00004196167,35929,36417,0.9865996649916248
6,2026-02-06 02:43:14,43553.164568551154,2424.0000423431397,35900,36157,0.9928921094117321
6,2026-02-06 02:43:14,43553.164568551154,2426.000042724609,35887,35788,1.0027662903766625
6,2026-02-06 02:43:14,43553.164568551154,2428.000043106079,35540,35435,1.0029631720050798
6,2026-02-06 02:43:14,43553.164568551154,2430.0000434875487,35033,34931,1.0029200423692421
6,2026-02-06 02:43:14,43553.164568551154,2432.0000438690186,34546,34563,0.9995081445476377
6,2026-02-06 02:43:14,43553.164568551154,2434.0000442504884,33971,34048,0.9977384868421053
6,2026-02-06 02:43:14,43553.164568551154,2436.0000446319577,33932,33211,1.021709674505435
6,2026-02-06 02:43:14,43553.164568551154,2438.0000450134276,32992,33139,0.9955641389299617
6,2026-02-06 02:43:14,43553.164568551154,2440.0000453948974,32896,33057,0.9951296245878332
6,2026-02-06 02:43:14,43553.164568551154,2442.000045776367,32623,32829,0.9937250601602242
6,2026-02-06 02:43:14,43553.164568551154,2444.000046157837,32162,32659,0.9847821427477877
6,2026-02-06 02:43:14,43553.164568551154,2446.0000465393064,32379,32286,1.0028805054822523
6,2026-02-06 02:43:14,43553.164568551154,2448.000046920776,32165,32710,0.9833384286151025
6,2026-02-06 02:43:14,43553.164568551154,2450.000047302246,32368,32368,1.0
6,2026-02-06 02:43:14,43553.164568551154,2452.000047683716,32370,32719,0.9893334148354167
6,2026-02-06 02:43:14,43553.164568551154,2454.0000480651856,32532,32618,0.9973634189711202
6,2026-02-06 02:43:14,43553.164568551154,2456.000048446655,32685,33030,0.9895549500454133
6,2026-02-06 02:43:14,43553.164568551154,2458.000048828125,32555,32811,0.9921977385632867
6,2026-02-06 02:43:14,43553.164568551154,2460.0000492095946,32510,32606,0.997055756609213
6,2026-02-06 02:43:14,43553.164568551154,2462.0000495910645,32874,33262,0.9883350369791354
6,2026-02-06 02:43:14,43553.164568551154,2464.0000499725343,32808,32952,0.9956300072833212
6,2026-02-06 02:43:14,43553.164568551154,2466.0000503540036,33164,33113,1.0015401805937245
6,2026-02-06 02:43:14,43553.164568551154,2468.0000507354735,33105,33747,0.9809760867632679
6,2026-02-06 02:43:14,43553.164568551154,2470.0000511169433,33637,33857,0.993502082287267
6,2026-02-06 02:43:14,43553.164568551154,2472.000051498413,33980,34740,0.9781232009211284
6,2026-02-06 02:43:14,43553.164568551154,2474.000051879883,34418,34773,0.9897909297443419
6,2026-02-06 02:43:14,43553.164568551154,2476.0000522613523,34321,35287,0.9726244792699861
6,2026-02-06 02:43:14,43553.164568551154,2478.000052642822,35361,35952,0.9835614152202937
6,2026-02-06 02:43:14,43553.164568551154,2480.000053024292,35636,36515,0.9759277009448172
6,2026-02-06 02:43:14,43553.164568551154,2482.0000534057617,36375,36794,0.9886122737402837
6,2026-02-06 02:43:14,43553.164568551154,2484.0000537872315,36891,37208,0.9914803268114384
6,2026-02-06 02:43:14,43553.164568551154,2486.000054168701,37205,37537,0.9911553933452327
6,2026-02-06 02:43:14,43553.164568551154,2488.0000545501707,37164,38022,0.9774341170901057
6,2026-02-06 02:43:14,43553.164568551154,2490.0000549316405,37753,37910,0.9958586125032973
6,2026-02-06 02:43:14,43553.164568551154,2492.0000553131104,37924,37885,1.0010294311732877
6,2026-02-06 02:43:14,43553.164568551154,2494.00005569458,37401,38086,0.9820143884892086
6,2026-02-06 02:43:14,43553.164568551154,2496.0000560760495,37834,38010,0.9953696395685346
6,2026-02-06 02:43:14,43553.164568551154,2498.0000564575193,37491,37608,0.9968889597957882
6,2026-02-06 02:43:14,43553.164568551154,2500.000056838989,37068,37409,0.9908845464995054
6,2026-02-06 02:43:14,43553.164568551154,2502.000057220459,36891,36783,1.0029361389772449
6,2026-02-06 02:43:14,43553.164568551154,2504.000057601929,36427,36845,0.9886551770932284
6,2026-02-06 02:43:14,43553.164568551154,2506.000057983398,36266,36143,1.0034031486041557
6,2026-02-06 02:43:14,43553.164568551154,2508.000058364868,36131,36102,1.0008032795966983
6,2026-02-06 02:43:14,43553.164568551154,2510.000058746338,36039,35779,1.0072668324995109
6,2026-02-06 02:43:14,43553.164568551154,2512.0000591278076,35651,35532,1.0033490937746257
6,2026-02-06 02:43:14,43553.164568551154,2514.0000595092774,35329,35013,1.0090252192042954
6,2026-02-06 02:43:14,43553.164568551154,2516.000059890747,35033,35033,1.0
6,2026-02-06 02:43:14,43553.164568551154,2518.0000602722166,34923,34826,1.0027852753689772
6,2026-02-06 02:43:14,43553.164568551154,2520.0000606536864,34457,34453,1.0001161001944678
6,2026-02-06 02:43:14,43553.164568551154,2522.0000610351562,33856,33866,0.9997047185968228
6,2026-02-06 02:43:14,43553.164568551154,2524.000061416626,33911,33726,1.005485382197711
6,2026-02-06 02:43:14,43553.164568551154,2526.0000617980954,33812,33422,1.0116689605648974
6,2026-02-06 02:43:14,43553.164568551154,2528.0000621795652,33392,33551,0.9952609460224733
6,2026-02-06 02:43:14,43553.164568551154,2530.000062561035,33240,33089,1.0045634500891536
6,2026-02-06 02:43:14,43553.164568551154,2532.000062942505,32835,33237,0.9879050455817312
6,2026-02-06 02:43:14,43553.164568551154,2534.0000633239747,32954,32689,1.0081067025604944
6,2026-02-06 02:43:14,43553.164568551154,2536.000063705444,32401,32854,0.9862117245997444
6,2026-02-06 02:43:14,43553.164568551154,2538.000064086914,32604,32863,0.9921187962145879
6,2026-02-06 02:43:14,43553.164568551154,2540.0000644683837,32384,32798,0.9873772791023843
6,2026-02-06 02:43:14,43553.164568551154,2542.0000648498535,32841,32829,1.0003655304761034
6,2026-02-06 02:43:14,43553.164568551154,2544.0000652313233,32528,33044,0.9843844570875196
6,2026-02-06 02:43:14,43553.164568551154,2546.0000656127927,32717,33138,0.9872955519343352
6,2026-02-06 02:43:14,43553.164568551154,2548.0000659942625,33152,33331,0.9946296240736852
6,2026-02-06 02:43:14,43553.164568551154,2550.0000663757323,33177,33794,0.9817423211220927
6,2026-02-06 02:43:14,43553.164568551154,2552.000066757202,33535,33433,1.0030508778751532
6,2026-02-06 02:43:14,43553.164568551154,2554.000067138672,33816,33600,1.0064285714285715
6,2026-02-06 02:43:14,43553.164568551154,2556.0000675201413,33746,34037,0.9914504803596087
6,2026-02-06 02:43:14,43553.164568551154,2558.000067901611,33927,34272,0.9899334733893558
6,2026-02-06 02:43:14,43553.164568551154,2560.000068283081,34076,34488,0.9880538158199954
6,2026-02-06 02:43:14,43553.164568551154,2562.000068664551,34122,34446,0.990593973175405
6,2026-02-06 02:43:14,43553.164568551154,2564.0000690460206,34483,34508,0.9992755303118117
6,2026-02-06 02:43:14,43553.164568551154,2566.00006942749,34377,34777,0.9884981453259338
6,2026-02-06 02:43:14,43553.164568551154,2568.00006980896,34745,34871,0.9963866823434946
6,2026-02-06 02:43:14,43553.164568551154,2570.0000701904296,34811,35636,0.9768492535638119
6,2026-02-06 02:43:14,43553.164568551154,2572.0000705718994,35083,35360,0.9921662895927602
6,2026-02-06 02:43:14,43553.164568551154,2574.0000709533692,35344,35880,0.9850613154960981
6,2026-02-06 02:43:14,43553.164568551154,2576.0000713348386,35677,35859,0.9949245656599459
6,2026-02-06 02:43:14,43553.164568551154,2578.0000717163084,36080,36181,0.9972084795887344
6,2026-02-06 02:43:14,43553.164568551154,2580.0000720977782,36424,36003,1.011693469988612
6,2026-02-06 02:43:14,43553.164568551154,2582.000072479248,36260,36791,0.9855671223940637
6,2026-02-06 02:43:14,43553.164568551154,2584.0000728607174,36627,36722,0.9974129949349164
6,2026-02-06 02:43:14,43553.164568551154,2586.000073242187,37293,36699,1.0161857271315295
6,2026-02-06 02:43:14,43553.164568551154,2588.000073623657,36932,37158,0.993917864255342
6,2026-02-06 02:43:14,43553.164568551154,2590.000074005127,37168,37226,0.9984419491753076
6,2026-02-06 02:43:14,43553.164568551154,2592.0000743865967,37338,36960,1.0102272727272728
6,2026-02-06 02:43:14,43553.164568551154,2594.000074768066,36730,37305,0.9845865165527409
6,2026-02-06 02:43:14,43553.164568551154,2596.000075149536,36939,37012,0.998027666702691
6,2026-02-06 02:43:14,43553.164568551154,2598.0000755310057,37118,36940,1.0048186247969682
6,2026-02-06 02:43:14,43553.164568551154,2600.0000759124755,36913,37021,0.9970827368250452
6,2026-02-06 02:43:14,43553.164568551154,2602.0000762939453,36789,36515,1.0075037655757908
6,2026-02-06 02:43:14,43553.164568551154,2604.0000766754147,36462,36315,1.0040479140850889
6,2026-02-06 02:43:14,43553.164568551154,2606.0000770568845,36353,36439,0.9976398913252285
6,2026-02-06 02:43:14,43553.164568551154,2608.0000774383543,35997,35888,1.003037226928221
6,2026-02-06 02:43:14,43553.164568551154,2610.000077819824,35181,35777,0.9833412527601532
6,2026-02-06 02:43:14,43553.164568551154,2612.000078201294,35438,35222,1.0061325308046107
6,2026-02-06 02:43:14,43553.164568551154,2614.0000785827633,35103,35079,1.000684170016249
6,2026-02-06 02:43:14,43553.164568551154,2616.000078964233,34663,34712,0.9985883844203733
6,2026-02-06 02:43:14,43553.164568551154,2618.000079345703,34330,34232,1.0028628184155177
6,2026-02-06 02:43:14,43553.164568551154,2620.0000797271728,33929,33999,0.997941115915174
6,2026-02-06 02:43:14,43553.164568551154,2622.0000801086426,33666,33603,1.0018748326042317
6,2026-02-06 02:43:14,43553.164568551154,2624.000080490112,33244,32877,1.0111628189920006
6,2026-02-06 02:43:14,43553.164568551154,2626.0000808715818,32504,32824,0.9902510358274433
6,2026-02-06 02:43:14,43553.164568551154,2628.0000812530516,32340,32617,0.9915074960909955
6,2026-02-06 02:43:14,43553.164568551154,2630.0000816345214,32150,32144,1.0001866600298657
6,2026-02-06 02:43:14,43553.164568551154,2632.000082015991,31964,31966,0.9999374335231184
6,2026-02-06 02:43:14,43553.164568551154,2634.0000823974606,31750,32055,0.9904851037279676
6,2026-02-06 02:43:14,43553.164568551154,2636.0000827789304,31885,32060,0.9945414847161572
6,2026-02-06 02:43:14,43553.164568551154,2638.0000831604,31904,31997,0.9970934775135168
6,2026-02-06 02:43:14,43553.164568551154,2640.00008354187,31655,32537,0.9728923994221963
6,2026-02-06 02:43:14,43553.164568551154,2642.00008392334,32259,32774,0.9842863245255385
6,2026-02-06 02:43:14,43553.164568551154,2644.000084304809,32345,33055,0.9785206474058388
6,2026-02-06 02:43:14,43553.164568551154,2646.000084686279,33022,33634,0.9818041267764762
6,2026-02-06 02:43:14,43553.164568551154,2648.000085067749,33573,34113,0.9841702576730279
6,2026-02-06 02:43:14,43553.164568551154,2650.0000854492187,33914,34709,0.9770952778818174
6,2026-02-06 02:43:14,43553.164568551154,2652.0000858306885,34447,34702,0.9926517203619388
6,2026-02-06 02:43:14,43553.164568551154,2654.000086212158,34249,35293,0.9704190632703369
6,2026-02-06 02:43:14,43553.164568551154,2656.0000865936277,34761,35017,0.9926892652140389
6,2026-02-06 02:43:14,43553.164568551154,2658.0000869750975,35253,35692,0.9877003250028017
6,2026-02-06 02:43:14,43553.164568551154,2660.0000873565673,35199,35612,0.9884027855778951
6,2026-02-06 02:43:14,43553.164568551154,2662.000087738037,35224,35995,0.9785803583831088
6,2026-02-06 02:43:14,43553.164568551154,2664.0000881195065,35582,35728,0.9959135691894313
6,2026-02-06 02:43:14,43553.164568551154,2666.0000885009763,35439,35769,0.9907741340266711
6,2026-02-06 02:43:14,43553.164568551154,2668.000088882446,35875,35891,0.9995542057897523
6,2026-02-06 02:43:14,43553.164568551154,2670.000089263916,35507,36310,0.9778848801982924
6,2026-02-06 02:43:14,43553.164568551154,2672.0000896453857,36031,36402,0.98980825229383
6,2026-02-06 02:43:14,43553.164568551154,2674.000090026855,36180,36643,0.9873645716780831
6,2026-02-06 02:43:14,43553.164568551154,2676.000090408325,35705,36422,0.9803140958761188
6,2026-02-06 02:43:14,43553.164568551154,2678.0000907897947,36152,36219,0.998150142190563
6,2026-02-06 02:43:14,43553.164568551154,2680.0000911712646,35670,36488,0.977581670686253
6,2026-02-06 02:43:14,43553.164568551154,2682.0000915527344,35987,36453,0.9872164156585191
6,2026-02-06 02:43:14,43553.164568551154,2684.0000919342037,35709,36586,0.9760290821625759
6,2026-02-06 02:43:14,43553.164568551154,2686.0000923156736,35354,36028,0.9812923281891862
6,2026-02-06 02:43:14,43553.164568551154,2688.0000926971434,35071,35929,0.9761195691502685
6,2026-02-06 02:43:14,43553.164568551154,2690.000093078613,35165,35820,0.981714126186488
6,2026-02-06 02:43:14,43553.164568551154,2692.000093460083,34557,35974,0.9606104408739645
6,2026-02-06 02:43:14,43553.164568551154,2694.0000938415524,34304,35395,0.9691764373499082
6,2026-02-06 02:43:14,43553.164568551154,2696.000094223022,33635,34903,0.9636707446351317
6,2026-02-06 02:43:14,43553.164568551154,2698.000094604492,33122,34517,0.9595851319639598
6,2026-02-06 02:43:14,43553.164568551154,2700.000094985962,32315,34477,0.9372915276851234
6,2026-02-06 02:43:14,43553.164568551154,2702.0000953674316,30817,34516,0.892832309653494
6,2026-02-06 02:43:14,43553.164568551154,2704.000095748901,29405,34937,0.84165784125712
6,2026-02-06 02:43:14,43553.164568551154,2706.000096130371,27744,34400,0.8065116279069767
6,2026-02-06 02:43:14,43553.164568551154,2708.0000965118406,27534,34266,0.8035370337944318
6,2026-02-06 02:43:14,43553.164568551154,2710.0000968933105,28035,34083,0.822550831792976
6,2026-02-06 02:43:14,43553.164568551154,2712.0000972747803,28827,33899,0.8503790672291218
6,2026-02-06 02:43:14,43553.164568551154,2714.0000976562496,30255,34008,0.8896436132674664
6,2026-02-06 02:43:14,43553.164568551154,2716.0000980377195,31063,33552,0.9258166428230806
6,2026-02-06 02:43:14,43553.164568551154,2718.0000984191893,31728,33097,0.9586367344472309
6,2026-02-06 02:43:14,43553.164568551154,2720.000098800659,31728,33387,0.9503100008985533
6,2026-02-06 02:43:14,43553.164568551154,2722.000099182129,31892,32811,0.9719911005455487
6,2026-02-06 02:43:14,43553.164568551154,2724.0000995635983,32252,32853,0.9817063890664475
6,2026-02-06 02:43:14,43553.164568551154,2726.000099945068,31583,32202,0.9807775914539469
6,2026-02-06 02:43:14,43553.164568551154,2728.000100326538,31416,31855,0.986218803955423
6,2026-02-06 02:43:14,43553.164568551154,2730.0001007080077,31398,32038,0.9800237218303265
6,2026-02-06 02:43:14,43553.164568551154,2732.0001010894775,31641,31616,1.0007907388663968
6,2026-02-06 02:43:14,43553.164568551154,2734.000101470947,31553,31670,0.9963056520366277
6,2026-02-06 02:43:14,43553.164568551154,2736.0001018524167,31044,31839,0.9750306228210684
6,2026-02-06 02:43:14,43553.164568551154,2738.0001022338865,31325,32006,0.9787227394863464
6,2026-02-06 02:43:14,43553.164568551154,2740.0001026153564,31340,31903,0.9823527567940319
6,2026-02-06 02:43:14,43553.164568551154,2742.000102996826,31693,31836,0.9955082296770951
6,2026-02-06 02:43:14,43553.164568551154,2744.0001033782955,32100,32321,0.9931623402741252
6,2026-02-06 02:43:14,43553.164568551154,2746.0001037597654,32203,32788,0.9821581066243747
6,2026-02-06 02:43:14,43553.164568551154,2748.000104141235,32656,32982,0.9901158207507125
6,2026-02-06 02:43:14,43553.164568551154,2750.000104522705,32453,33280,0.9751502403846154
6,2026-02-06 02:43:14,43553.164568551154,2752.000104904175,32960,33973,0.9701822035145556
6,2026-02-06 02:43:14,43553.164568551154,2754.000105285644,33523,34425,0.9737981118373276
6,2026-02-06 02:43:14,43553.164568551154,2756.000105667114,33800,34496,0.9798237476808905
6,2026-02-06 02:43:14,43553.164568551154,2758.000106048584,33992,34214,0.9935114280703805
6,2026-02-06 02:43:14,43553.164568551154,2760.0001064300536,34656,34767,0.996807317283631
6,2026-02-06 02:43:14,43553.164568551154,2762.0001068115234,34883,34558,1.0094044794258927
6,2026-02-06 02:43:14,43553.164568551154,2764.000107192993,34888,35125,0.9932526690391459
6,2026-02-06 02:43:14,43553.164568551154,2766.0001075744626,35280,35387,0.9969762907282336
6,2026-02-06 02:43:14,43553.164568551154,2768.0001079559324,35375,35770,0.9889572267263069
6,2026-02-06 02:43:14,43553.164568551154,2770.0001083374023,35300,35936,0.9823018699910953
6,2026-02-06 02:43:14,43553.164568551154,2772.000108718872,35729,35935,0.9942674272992904
6,2026-02-06 02:43:14,43553.164568551154,2774.0001091003414,36173,36194,0.999419793335912
6,2026-02-06 02:43:14,43553.164568551154,2776.0001094818113,35819,36129,0.9914196351961029
6,2026-02-06 02:43:14,43553.164568551154,2778.000109863281,35759,36375,0.98306529209622
6,2026-02-06 02:43:14,43553.164568551154,2780.000110244751,35757,36159,0.9888824359080727
6,2026-02-06 02:43:14,43553.164568551154,2782.0001106262207,35695,36199,0.9860769634520291
6,2026-02-06 02:43:14,43553.164568551154,2784.00011100769,35274,35467,0.9945583218202837
6,2026-02-06 02:43:14,43553.164568551154,2786.00011138916,35456,35248,1.005901044030867
6,2026-02-06 02:43:14,43553.164568551154,2788.0001117706297,35025,35316,0.9917601087325858
6,2026-02-06 02:43:14,43553.164568551154,2790.0001121520995,34996,35446,0.9873046323985781
6,2026-02-06 02:43:14,43553.164568551154,2792.0001125335693,34693,34382,1.0090454307486476
6,2026-02-06 02:43:14,43553.164568551154,2794.0001129150387,34455,34295,1.0046654031199884
6,2026-02-06 02:43:14,43553.164568551154,2796.0001132965085,34342,34138,1.0059757455035445
6,2026-02-06 02:43:14,43553.164568551154,2798.0001136779783,33342,34128,0.9769690576652602
6,2026-02-06 02:43:14,43553.164568551154,2800.000114059448,33644,33816,0.9949136503430329
6,2026-02-06 02:43:14,43553.164568551154,2802.000114440918,33084,33137,0.9984005794127411
6,2026-02-06 02:43:14,43553.164568551154,2804.0001148223873,32864,33025,0.9951249053747161
6,2026-02-06 02:43:14,43553.164568551154,2806.000115203857,32475,32898,0.9871420755061098
6,2026-02-06 02:43:14,43553.164568551154,2808.000115585327,32377,32789,0.9874348104547257
6,2026-02-06 02:43:14,43553.164568551154,2810.000115966797,32160,32427,0.9917661208252382
6,2026-02-06 02:43:14,43553.164568551154,2812.0001163482666,32434,32689,0.9921992107436752
6,2026-02-06 02:43:14,43553.164568551154,2814.000116729736,32522,32561,0.9988022480882037
6,2026-02-06 02:43:14,43553.164568551154,2816.000117111206,32279,32292,0.999597423510467
6,2026-02-06 02:43:14,43553.164568551154,2818.0001174926756,32288,32222,1.0020482899882068
6,2026-02-06 02:43:14,43553.164568551154,2820.0001178741454,32123,32489,0.9887346486503125
6,2026-02-06 02:43:14,43553.164568551154,2822.0001182556152,32015,31967,1.0015015484718617
6,2026-02-06 02:43:14,43553.164568551154,2824.0001186370846,32223,32376,0.9952742772424018
6,2026-02-06 02:43:14,43553.164568551154,2826.0001190185544,32079,32094,0.999532622920172
6,2026-02-06 02:43:14,43553.164568551154,2828.0001194000242,32112,32153,0.9987248468261126
6,2026-02-06 02:43:14,43553.164568551154,2830.000119781494,31896,31711,1.0058339377503074
6,2026-02-06 02:43:14,43553.164568551154,2832.000120162964,31655,31650,1.0001579778830965
6,2026-02-06 02:43:14,43553.164568551154,2834.0001205444332,31330,31565,0.992555045144939
6,2026-02-06 02:43:14,43553.164568551154,2836.000120925903,31414,31243,1.0054732260026247
6,2026-02-06 02:43:14,43553.164568551154,2838.000121307373,31286,31082,1.0065632842159449
6,2026-02-06 02:43:14,43553.164568551154,2840.0001216888427,30918,30914,1.0001293912143365
6,2026-02-06 02:43:14,43553.164568551154,2842.0001220703125,30851,30802,1.0015908057918317
6,2026-02-06 02:43:14,43553.164568551154,2844.000122451782,30826,30567,1.008473190041548
6,2026-02-06 02:43:14,43553.164568551154,2846.0001228332517,30296,30427,0.995694613336839
6,2026-02-06 02:43:14,43553.164568551154,2848.0001232147215,30265,30438,0.9943163151324003
6,2026-02-06 02:43:14,43553.164568551154,2850.0001235961913,29877,30040,0.9945739014647137
6,2026-02-06 02:43:14,43553.164568551154,2852.000123977661,29817,29749,1.0022857911190293
6,2026-02-06 02:43:14,43553.164568551154,2854.0001243591305,29504,29589,0.9971273108249687
6,2026-02-06 02:43:14,43553.164568551154,2856.0001247406003,29087,29071,1.0005503766640294
6,2026-02-06 02:43:14,43553.164568551154,2858.00012512207,29151,28707,1.0154666109311319
6,2026-02-06 02:43:14,43553.164568551154,2860.00012550354,28515,28622,0.9962616169380197
6,2026-02-06 02:43:14,43553.164568551154,2862.0001258850098,28182,27992,1.0067876536153186
6,2026-02-06 02:43:14,43553.164568551154,2864.000126266479,27396,27399,0.9998905069528085
6,2026-02-06 02:43:14,43553.164568551154,2866.000126647949,27046,26789,1.0095934898652432
6,2026-02-06 02:43:14,43553.164568551154,2868.0001270294188,26642,26395,1.009357832922902
6,2026-02-06 02:43:14,43553.164568551154,2870.0001274108886,25664,25503,1.0063129827863388
6,2026-02-06 02:43:14,43553.164568551154,2872.0001277923584,25095,24818,1.0111612539286001
6,2026-02-06 02:43:14,43553.164568551154,2874.0001281738278,24646,24593,1.002155084780222
6,2026-02-06 02:43:14,43553.164568551154,2876.0001285552976,23900,24104,0.9915366744108861
6,2026-02-06 02:43:14,43553.164568551154,2878.0001289367674,23711,23287,1.0182075836303517
6,2026-02-06 02:43:14,43553.164568551154,2880.000129318237,22986,23282,0.9872863156086247
6,2026-02-06 02:43:14,43553.164568551154,2882.000129699707,22763,22648,1.005077711056164
6,2026-02-06 02:43:14,43553.164568551154,2884.0001300811764,22417,22386,1.001384794067721
6,2026-02-06 02:43:14,43553.164568551154,2886.000130462646,22047,22197,0.9932423300446006
6,2026-02-06 02:43:14,43553.164568551154,2888.000130844116,21962,22044,0.9962801669388496
6,2026-02-06 02:43:14,43553.164568551154,2890.000131225586,21790,22085,0.9866425175458456
6,2026-02-06 02:43:14,43553.164568551154,2892.0001316070557,21840,22067,0.9897131463270947
6,2026-02-06 02:43:14,43553.164568551154,2894.000131988525,22176,22081,1.0043023413794665
6,2026-02-06 02:43:14,43553.164568551154,2896.000132369995,21856,22238,0.9828221962406691
6,2026-02-06 02:43:14,43553.164568551154,2898.0001327514647,21936,22159,0.9899363689697188
6,2026-02-06 02:43:14,43553.164568551154,2900.0001331329345,21856,21915,0.9973077800593201
7,2026-02-06 03:00:52,33794.57816433966,2199.99999961853,17371,18391,0.9445380892828014
7,2026-02-06 03:00:52,33794.57816433966,2202.0,16943,18742,0.9040123786148757
7,2026-02-06 03:00:52,33794.57816433966,2204.00000038147,16307,18884,0.8635352679517051
7,2026-02-06 03:00:52,33794.57816433966,2206.000000762939,16234,19159,0.847330236442403
7,2026-02-06 03:00:52,33794.57816433966,2208.000001144409,16332,18996,0.8597599494630449
7,2026-02-06 03:00:52,33794.57816433966,2210.000001525879,16933,19675,0.8606353240152478
7,2026-02-06 03:00:52,33794.57816433966,2212.0000019073486,18097,20165,0.8974460699231341
7,2026-02-06 03:00:52,33794.57816433966,2214.0000022888185,18989,20701,0.9172986812231293
7,2026-02-06 03:00:52,33794.57816433966,2216.000002670288,19727,21053,0.9370161022182112
7,2026-02-06 03:00:52,33794.57816433966,2218.0000030517576,20724,21475,0.9650291036088475
7,2026-02-06 03:00:52,33794.57816433966,2220.0000034332274,21528,22402,0.9609856262833676
7,2026-02-06 03:00:52,33794.57816433966,2222.0000038146973,22136,22993,0.9627277867176967
7,2026-02-06 03:00:52,33794.57816433966,2224.000004196167,22624,23732,0.9533119838193157
7,2026-02-06 03:00:52,33794.57816433966,2226.0000045776364,23361,23844,0.9797433316557624
7,2026-02-06 03:00:52,33794.57816433966,2228.0000049591063,23705,23998,0.9877906492207684
7,2026-02-06 03:00:52,33794.57816433966,2230.000005340576,23457,24250,0.967298969072165
7,2026-02-06 03:00:52,33794.57816433966,2232.000005722046,23671,23958,0.9880207028967359
7,2026-02-06 03:00:52,33794.57816433966,2234.0000061035157,23488,23618,0.9944957236006435
7,2026-02-06 03:00:52,33794.57816433966,2236.000006484985,23333,23517,0.9921758727728877
7,2026-02-06 03:00:52,33794.57816433966,2238.000006866455,23308,23307,1.0000429055648519
7,2026-02-06 03:00:52,33794.57816433966,2240.0000072479247,22937,23192,0.989004829251466
7,2026-02-06 03:00:52,33794.57816433966,2242.0000076293945,22862,23429,0.9757992231849417
7,2026-02-06 03:00:52,33794.57816433966,2244.0000080108643,22867,23197,0.9857740225029099
7,2026-02-06 03:00:52,33794.57816433966,2246.0000083923337,22912,23501,0.9749372367133313
7,2026-02-06 03:00:52,33794.57816433966,2248.0000087738035,23145,23882,0.9691399380286408
7,2026-02-06 03:00:52,33794.57816433966,2250.0000091552733,23748,24185,0.9819309489352904
7,2026-02-06 03:00:52,33794.57816433966,2252.000009536743,24046,24838,0.9681133746678476
7,2026-02-06 03:00:52,33794.57816433966,2254.000009918213,24788,25178,0.984510286758281
7,2026-02-06 03:00:52,33794.57816433966,2256.0000102996823,25345,25468,0.9951704099261819
7,2026-02-06 03:00:52,33794.57816433966,2258.000010681152,25515,25995,0.981534910559723
7,2026-02-06 03:00:52,33794.57816433966,2260.000011062622,26103,26456,0.9866570910190505
7,2026-02-06 03:00:52,33794.57816433966,2262.000011444092,26312,26472,0.9939558779087337
7,2026-02-06 03:00:52,33794.57816433966,2264.0000118255616,26358,26684,0.9877829410882926
7,2026-02-06 03:00:52,33794.57816433966,2266.000012207031,26385,26416,0.9988264688067837
7,2026-02-06 03:00:52,33794.57816433966,2268.000012588501,26309,26408,0.9962511360193881
7,2026-02-06 03:00:52,33794.57816433966,2270.0000129699706,26259,26371,0.9957529103939934
7,2026-02-06 03:00:52,33794.57816433966,2272.0000133514404,26414,26381,1.001250900269133
7,2026-02-06 03:00:52,33794.57816433966,2274.0000137329102,26215,26637,0.9841573750797763
7,2026-02-06 03:00:52,33794.57816433966,2276.0000141143796,26599,26866,0.9900617881337006
7,2026-02-06 03:00:52,33794.57816433966,2278.0000144958494,26945,27052,0.9960446547390212
7,2026-02-06 03:00:52,33794.57816433966,2280.0000148773192,27175,27399,0.9918245191430344
7,2026-02-06 03:00:52,33794.57816433966,2282.000015258789,27711,28202,0.9825898872420396
7,2026-02-06 03:00:52,33794.57816433966,2284.000015640259,28168,28545,0.9867927833245752
7,2026-02-06 03:00:52,33794.57816433966,2286.0000160217282,28542,29116,0.9802857535375739
7,2026-02-06 03:00:52,33794.57816433966,2288.000016403198,29008,29402,0.9865995510509489
7,2026-02-06 03:00:52,33794.57816433966,2290.000016784668,29285,29606,0.9891576031885428
7,2026-02-06 03:00:52,33794.57816433966,2292.0000171661377,29855,30132,0.9908071153590867
7,2026-02-06 03:00:52,33794.57816433966,2294.0000175476075,30126,30377,0.9917371695690819
7,2026-02-06 03:00:52,33794.57816433966,2296.000017929077,30159,30405,0.9919092254563394
7,2026-02-06 03:00:52,33794.57816433966,2298.0000183105467,30040,30246,0.9931891820406004
7,2026-02-06 03:00:52,33794.57816433966,2300.0000186920165,30305,30501,0.9935739811809449
7,2026-02-06 03:00:52,33794.57816433966,2302.0000190734863,30215,30272,0.9981170718816068
7,2026-02-06 03:00:52,33794.57816433966,2304.000019454956,29924,30341,0.9862562209551432
7,2026-02-06 03:00:52,33794.57816433966,2306.0000198364255,30248,30508,0.9914776452078143
7,2026-02-06 03:00:52,33794.57816433966,2308.0000202178953,30292,30602,0.9898699431409712
7,2026-02-06 03:00:52,33794.57816433966,2310.000020599365,30490,31084,0.9808904902843907
7,2026-02-06 03:00:52,33794.57816433966,2312.000020980835,30740,31407,0.9787626962142197
7,2026-02-06 03:00:52,33794.57816433966,2314.000021362305,30978,31388,0.9869376831910284
7,2026-02-06 03:00:52,33794.57816433966,2316.000021743774,31417,31357,1.0019134483528398
7,2026-02-06 03:00:52,33794.57816433966,2318.000022125244,31578,31772,0.9938939947123253
7,2026-02-06 03:00:52,33794.57816433966,2320.000022506714,31484,30997,1.0157111978578572
7,2026-02-06 03:00:52,33794.57816433966,2322.0000228881836,31449,31662,0.993272692817889
7,2026-02-06 03:00:52,33794.57816433966,2324.0000232696534,31212,31607,0.9875027683740943
7,2026-02-06 03:00:52,33794.57816433966,2326.000023651123,31428,30964,1.014985144038238
7,2026-02-06 03:00:52,33794.57816433966,2328.0000240325926,30733,30531,1.0066162261308178
7,2026-02-06 03:00:52,33794.57816433966,2330.0000244140624,30226,30388,0.9946689482690536
7,2026-02-06 03:00:52,33794.57816433966,2332.000024795532,29695,29777,0.997246196729019
7,2026-02-06 03:00:52,33794.57816433966,2334.000025177002,29372,28979,1.0135615445667552
7,2026-02-06 03:00:52,33794.57816433966,2336.0000255584714,28513,28846,0.9884559384316717
7,2026-02-06 03:00:52,33794.57816433966,2338.000025939941,28232,28125,1.0038044444444445
7,2026-02-06 03:00:52,33794.57816433966,2340.000026321411,27844,27755,1.0032066294361377
7,2026-02-06 03:00:52,33794.57816433966,2342.000026702881,27811,27897,0.9969172312435028
7,2026-02-06 03:00:52,33794.57816433966,2344.0000270843507,27964,27767,1.0070947527640726
7,2026-02-06 03:00:52,33794.57816433966,2346.00002746582,27605,28012,0.9854705126374411
7,2026-02-06 03:00:52,33794.57816433966,2348.00002784729,28063,28057,1.0002138503760203
7,2026-02-06 03:00:52,33794.57816433966,2350.0000282287597,27850,28414,0.980150629971141
7,2026-02-06 03:00:52,33794.57816433966,2352.0000286102295,27912,28261,0.9876508262269559
7,2026-02-06 03:00:52,33794.57816433966,2354.0000289916993,28099,28567,0.9836174607064095
7,2026-02-06 03:00:52,33794.57816433966,2356.0000293731687,28183,28281,0.9965347759980199
7,2026-02-06 03:00:52,33794.57816433966,2358.0000297546385,28289,28659,0.9870895704665201
7,2026-02-06 03:00:52,33794.57816433966,2360.0000301361083,28202,28715,0.9821347727668466
7,2026-02-06 03:00:52,33794.57816433966,2362.000030517578,28721,28465,1.0089935007904445
7,2026-02-06 03:00:52,33794.57816433966,2364.000030899048,28108,28592,0.9830721880246223
7,2026-02-06 03:00:52,33794.57816433966,2366.0000312805173,28364,28413,0.9982754372998276
7,2026-02-06 03:00:52,33794.57816433966,2368.000031661987,28729,28482,1.0086721438101256
7,2026-02-06 03:00:52,33794.57816433966,2370.000032043457,28290,29008,0.9752482073910645
7,2026-02-06 03:00:52,33794.57816433966,2372.0000324249268,28900,28881,1.0006578719573422
7,2026-02-06 03:00:52,33794.57816433966,2374.0000328063966,28998,29492,0.9832496948324969
7,2026-02-06 03:00:52,33794.57816433966,2376.000033187866,29332,29820,0.9836351441985245
7,2026-02-06 03:00:52,33794.57816433966,2378.0000335693358,30230,30067,1.0054212259287592
7,2026-02-06 03:00:52,33794.57816433966,2380.0000339508056,30505,30412,1.0030580034197027
7,2026-02-06 03:00:52,33794.57816433966,2382.0000343322754,30893,31026,0.9957132727389931
7,2026-02-06 03:00:52,33794.57816433966,2384.000034713745,31080,31184,0.9966649563878912
7,2026-02-06 03:00:52,33794.57816433966,2386.0000350952146,31610,31332,1.0088727179879995
7,2026-02-06 03:00:52,33794.57816433966,2388.0000354766844,31405,31920,0.9838659147869674
7,2026-02-06 03:00:52,33794.57816433966,2390.000035858154,31543,31795,0.9920742255071552
7,2026-02-06 03:00:52,33794.57816433966,2392.000036239624,31232,31475,0.9922795869737887
7,2026-02-06 03:00:52,33794.57816433966,2394.000036621094,31355,31275,1.0025579536370903
7,2026-02-06 03:00:52,33794.57816433966,2396.000037002563,31161,31303,0.9954636935756956
7,2026-02-06 03:00:52,33794.57816433966,2398.000037384033,31390,31240,1.0048015364916774
7,2026-02-06 03:00:52,33794.57816433966,2400.000037765503,30895,31293,0.9872815006550986
7,2026-02-06 03:00:52,33794.57816433966,2402.0000381469727,31059,30533,1.017227262306357
7,2026-02-06 03:00:52,33794.57816433966,2404.0000385284425,30614,30840,0.9926718547341116
7,2026-02-06 03:00:52,33794.57816433966,2406.000038909912,30417,30781,0.9881745232448589
7,2026-02-06 03:00:52,33794.57816433966,2408.0000392913817,30636,31134,0.984004625168626
7,2026-02-06 03:00:52,33794.57816433966,2410.0000396728515,30508,30513,0.9998361354176908
7,2026-02-06 03:00:52,33794.57816433966,2412.0000400543213,30976,30843,1.0043121615925819
7,2026-02-06 03:00:52,33794.57816433966,2414.000040435791,31310,31223,1.002786407456042
7,2026-02-06 03:00:52,33794.57816433966,2416.0000408172605,30865,31180,0.9898973701090442
7,2026-02-06 03:00:52,33794.57816433966,2418.0000411987303,31172,31336,0.9947664028593312
7,2026-02-06 03:00:52,33794.57816433966,2420.0000415802,31212,31301,0.9971566403629277
7,2026-02-06 03:00:52,33794.57816433966,2422.00004196167,30946,31224,0.9910965923648476
7,2026-02-06 03:00:52,33794.57816433966,2424.0000423431397,31015,31112,0.9968822319362304
7,2026-02-06 03:00:52,33794.57816433966,2426.000042724609,31012,30868,1.004665025268887
7,2026-02-06 03:00:52,33794.57816433966,2428.000043106079,30433,30673,0.9921755289668438
7,2026-02-06 03:00:52,33794.57816433966,2430.0000434875487,29937,30106,0.9943865010296951
7,2026-02-06 03:00:52,33794.57816433966,2432.0000438690186,29818,29701,1.0039392613043332
7,2026-02-06 03:00:52,33794.57816433966,2434.0000442504884,29450,29258,1.0065623077448902
7,2026-02-06 03:00:52,33794.57816433966,2436.0000446319577,28975,28725,1.0087032201914707
7,2026-02-06 03:00:52,33794.57816433966,2438.0000450134276,28783,28741,1.001461327024112
7,2026-02-06 03:00:52,33794.57816433966,2440.0000453948974,28491,28124,1.0130493528658797
7,2026-02-06 03:00:52,33794.57816433966,2442.000045776367,28078,28134,0.9980095258406199
7,2026-02-06 03:00:52,33794.57816433966,2444.000046157837,27855,27927,0.9974218498227522
7,2026-02-06 03:00:52,33794.57816433966,2446.0000465393064,27930,28124,0.9931019769591808
7,2026-02-06 03:00:52,33794.57816433966,2448.000046920776,27821,27999,0.9936426300939319
7,2026-02-06 03:00:52,33794.57816433966,2450.000047302246,28231,27749,1.0173699953151465
7,2026-02-06 03:00:52,33794.57816433966,2452.000047683716,28005,27952,1.001896107613051
7,2026-02-06 03:00:52,33794.57816433966,2454.0000480651856,28168,28337,0.9940360659208808
7,2026-02-06 03:00:52,33794.57816433966,2456.000048446655,28349,28373,0.9991541254009093
7,2026-02-06 03:00:52,33794.57816433966,2458.000048828125,28200,28355,0.9945335919590901
7,2026-02-06 03:00:52,33794.57816433966,2460.0000492095946,28255,28682,0.9851126141831114
7,2026-02-06 03:00:52,33794.57816433966,2462.0000495910645,28541,28735,0.9932486514703324
7,2026-02-06 03:00:52,33794.57816433966,2464.0000499725343,28428,28562,0.9953084517890904
7,2026-02-06 03:00:52,33794.57816433966,2466.0000503540036,28742,28922,0.9937763640135537
7,2026-02-06 03:00:52,33794.57816433966,2468.0000507354735,29042,28599,1.0154900520997239
7,2026-02-06 03:00:52,33794.57816433966,2470.0000511169433,28938,29190,0.9913669064748202
7,2026-02-06 03:00:52,33794.57816433966,2472.000051498413,28757,29310,0.9811327192084612
7,2026-02-06 03:00:52,33794.57816433966,2474.000051879883,29662,29871,0.9930032472967092
7,2026-02-06 03:00:52,33794.57816433966,2476.0000522613523,29806,30076,0.9910227423859556
7,2026-02-06 03:00:52,33794.57816433966,2478.000052642822,30229,30549,0.9895250253690792
7,2026-02-06 03:00:52,33794.57816433966,2480.000053024292,30404,31013,0.9803630735498017
7,2026-02-06 03:00:52,33794.57816433966,2482.0000534057617,31303,31753,0.9858281107296948
7,2026-02-06 03:00:52,33794.57816433966,2484.0000537872315,31408,31758,0.9889791548586183
7,2026-02-06 03:00:52,33794.57816433966,2486.000054168701,31332,32194,0.9732248245014599
7,2026-02-06 03:00:52,33794.57816433966,2488.0000545501707,32229,32246,0.9994728028282578
7,2026-02-06 03:00:52,33794.57816433966,2490.0000549316405,32056,32305,0.9922922148274261
7,2026-02-06 03:00:52,33794.57816433966,2492.0000553131104,32116,32120,0.9998754669987546
7,2026-02-06 03:00:52,33794.57816433966,2494.00005569458,31945,32116,0.994675551127164
7,2026-02-06 03:00:52,33794.57816433966,2496.0000560760495,32170,31998,1.0053753359584974
7,2026-02-06 03:00:52,33794.57816433966,2498.0000564575193,31977,32234,0.992027052180927
7,2026-02-06 03:00:52,33794.57816433966,2500.000056838989,31808,31589,1.0069327930608756
7,2026-02-06 03:00:52,33794.57816433966,2502.000057220459,31407,31284,1.0039317222861526
7,2026-02-06 03:00:52,33794.57816433966,2504.000057601929,30964,31211,0.9920861234821057
7,2026-02-06 03:00:52,33794.57816433966,2506.000057983398,31261,31026,1.0075742925288467
7,2026-02-06 03:00:52,33794.57816433966,2508.000058364868,31037,30911,1.0040762188217787
7,2026-02-06 03:00:52,33794.57816433966,2510.000058746338,30491,30422,1.002268095457235
7,2026-02-06 03:00:52,33794.57816433966,2512.0000591278076,30325,30398,0.9975985262188302
7,2026-02-06 03:00:52,33794.57816433966,2514.0000595092774,30080,29903,1.0059191385479718
7,2026-02-06 03:00:52,33794.57816433966,2516.000059890747,29678,30174,0.9835620070259163
7,2026-02-06 03:00:52,33794.57816433966,2518.0000602722166,29944,29375,1.0193702127659574
7,2026-02-06 03:00:52,33794.57816433966,2520.0000606536864,29468,29480,0.9995929443690638
7,2026-02-06 03:00:52,33794.57816433966,2522.0000610351562,29322,29514,0.9934946127261639
7,2026-02-06 03:00:52,33794.57816433966,2524.000061416626,29367,29210,1.0053748716193085
7,2026-02-06 03:00:52,33794.57816433966,2526.0000617980954,28754,29176,0.9855360570331779
7,2026-02-06 03:00:52,33794.57816433966,2528.0000621795652,28561,28809,0.991391579020445
7,2026-02-06 03:00:52,33794.57816433966,2530.000062561035,28524,28475,1.0017208077260755
7,2026-02-06 03:00:52,33794.57816433966,2532.000062942505,28252,28728,0.9834307992202729
7,2026-02-06 03:00:52,33794.57816433966,2534.0000633239747,28030,28575,0.9809273840769904
7,2026-02-06 03:00:52,33794.57816433966,2536.000063705444,28287,28393,0.9962666854506392
7,2026-02-06 03:00:52,33794.57816433966,2538.000064086914,28159,28247,0.9968846249159202
7,2026-02-06 03:00:52,33794.57816433966,2540.0000644683837,28592,28340,1.008892025405787
7,2026-02-06 03:00:52,33794.57816433966,2542.0000648498535,28105,28624,0.9818683622135271
7,2026-02-06 03:00:52,33794.57816433966,2544.0000652313233,28642,28799,0.9945484218202021
7,2026-02-06 03:00:52,33794.57816433966,2546.0000656127927,28527,28788,0.9909337223843268
7,2026-02-06 03:00:52,33794.57816433966,2548.0000659942625,28522,28984,0.9840601711288987
7,2026-02-06 03:00:52,33794.57816433966,2550.0000663757323,28998,29173,0.9940013025742982
7,2026-02-06 03:00:52,33794.57816433966,2552.000066757202,28946,29333,0.9868066682575939
7,2026-02-06 03:00:52,33794.57816433966,2554.000067138672,29040,29324,0.9903151002591734
7,2026-02-06 03:00:52,33794.57816433966,2556.0000675201413,28765,29218,0.9844958587172291
7,2026-02-06 03:00:52,33794.57816433966,2558.000067901611,29578,29507,1.0024062086962415
7,2026-02-06 03:00:52,33794.57816433966,2560.000068283081,29297,29352,0.9981261924230035
7,2026-02-06 03:00:52,33794.57816433966,2562.000068664551,29228,29743,0.982685001512961
7,2026-02-06 03:00:52,33794.57816433966,2564.0000690460206,29258,29461,0.9931095346390143
7,2026-02-06 03:00:52,33794.57816433966,2566.00006942749,29934,29801,1.0044629374853193
7,2026-02-06 03:00:52,33794.57816433966,2568.00006980896,29788,29900,0.9962541806020067
7,2026-02-06 03:00:52,33794.57816433966,2570.0000701904296,29966,30352,0.9872825513969425
7,2026-02-06 03:00:52,33794.57816433966,2572.0000705718994,29952,30164,0.9929717544092296
7,2026-02-06 03:00:52,33794.57816433966,2574.0000709533692,30117,30679,0.98168128035464
7,2026-02-06 03:00:52,33794.57816433966,2576.0000713348386,30304,30978,0.9782426237975337
7,2026-02-06 03:00:52,33794.57816433966,2578.0000717163084,30862,31263,0.9871733358922689
7,2026-02-06 03:00:52,33794.57816433966,2580.0000720977782,30995,31300,0.990255591054313
7,2026-02-06 03:00:52,33794.57816433966,2582.000072479248,31554,31514,1.001269277146665
7,2026-02-06 03:00:52,33794.57816433966,2584.0000728607174,31245,32153,0.9717600223929338
7,2026-02-06 03:00:52,33794.57816433966,2586.000073242187,31267,31805,0.9830844206885709
7,2026-02-06 03:00:52,33794.57816433966,2588.000073623657,31734,31452,1.0089660434948493
7,2026-02-06 03:00:52,33794.57816433966,2590.000074005127,31776,31576,1.00633392449962
7,2026-02-06 03:00:52,33794.57816433966,2592.0000743865967,31925,31576,1.0110526982518369
7,2026-02-06 03:00:52,33794.57816433966,2594.000074768066,31371,31532,0.9948940758594443
7,2026-02-06 03:00:52,33794.57816433966,2596.000075149536,31205,31963,0.9762850796233145
7,2026-02-06 03:00:52,33794.57816433966,2598.0000755310057,31721,31940,0.993143393863494
7,2026-02-06 03:00:52,33794.57816433966,2600.0000759124755,31638,31572,1.0020904599011782
7,2026-02-06 03:00:52,33794.57816433966,2602.0000762939453,31395,31319,1.0024266419745202
7,2026-02-06 03:00:52,33794.57816433966,2604.0000766754147,31064,31045,1.0006120148172009
7,2026-02-06 03:00:52,33794.57816433966,2606.0000770568845,31145,30869,1.008941008779034
7,2026-02-06 03:00:52,33794.57816433966,2608.0000774383543,31054,30956,1.0031657836929835
7,2026-02-06 03:00:52,33794.57816433966,2610.000077819824,30693,30500,1.006327868852459
7,2026-02-06 03:00:52,33794.57816433966,2612.000078201294,30524,30320,1.0067282321899735
7,2026-02-06 03:00:52,33794.57816433966,2614.0000785827633,30067,29837,1.007708549787177
7,2026-02-06 03:00:52,33794.57816433966,2616.000078964233,29946,30139,0.9935963369720296
7,2026-02-06 03:00:52,33794.57816433966,2618.000079345703,29935,29553,1.0129259296856494
7,2026-02-06 03:00:52,33794.57816433966,2620.0000797271728,28979,29188,0.9928395230916816
7,2026-02-06 03:00:52,33794.57816433966,2622.0000801086426,28873,28905,0.9988929250994638
7,2026-02-06 03:00:52,33794.57816433966,2624.000080490112,28950,28501,1.0157538331988352
7,2026-02-06 03:00:52,33794.57816433966,2626.0000808715818,28246,27970,1.0098677154093672
7,2026-02-06 03:00:52,33794.57816433966,2628.0000812530516,27737,27899,0.9941933402630919
7,2026-02-06 03:00:52,33794.57816433966,2630.0000816345214,27992,27873,1.0042693646180891
7,2026-02-06 03:00:52,33794.57816433966,2632.000082015991,27896,27815,1.0029120977889627
7,2026-02-06 03:00:52,33794.57816433966,2634.0000823974606,27440,27930,0.9824561403508771
7,2026-02-06 03:00:52,33794.57816433966,2636.0000827789304,27292,27710,0.9849151930710934
7,2026-02-06 03:00:52,33794.57816433966,2638.0000831604,27461,27811,0.9874150515982885
7,2026-02-06 03:00:52,33794.57816433966,2640.00008354187,27469,27941,0.9831072617300741
7,2026-02-06 03:00:52,33794.57816433966,2642.00008392334,27984,28104,0.9957301451750641
7,2026-02-06 03:00:52,33794.57816433966,2644.000084304809,28051,28504,0.9841074936850969
7,2026-02-06 03:00:52,33794.57816433966,2646.000084686279,28208,29142,0.9679500377462082
7,2026-02-06 03:00:52,33794.57816433966,2648.000085067749,28853,29381,0.982029202545863
7,2026-02-06 03:00:52,33794.57816433966,2650.0000854492187,29210,29618,0.9862245931528125
7,2026-02-06 03:00:52,33794.57816433966,2652.0000858306885,29500,29976,0.984120629837203
7,2026-02-06 03:00:52,33794.57816433966,2654.000086212158,29973,30317,0.9886532308605733
7,2026-02-06 03:00:52,33794.57816433966,2656.0000865936277,30193,30328,0.9955486678976523
7,2026-02-06 03:00:52,33794.57816433966,2658.0000869750975,30462,30452,1.0003283856561145
7,2026-02-06 03:00:52,33794.57816433966,2660.0000873565673,30685,30523,1.0053074730531075
7,2026-02-06 03:00:52,33794.57816433966,2662.000087738037,30097,30539,0.9855267035593831
7,2026-02-06 03:00:52,33794.57816433966,2664.0000881195065,30202,30789,0.9809347494234955
7,2026-02-06 03:00:52,33794.57816433966,2666.0000885009763,30380,30709,0.9892865283793025
7,2026-02-06 03:00:52,33794.57816433966,2668.000088882446,30718,30725,0.9997721724979658
7,2026-02-06 03:00:52,33794.57816433966,2670.000089263916,30669,30979,0.989993221214371
7,2026-02-06 03:00:52,33794.57816433966,2672.0000896453857,31105,30835,1.0087562834441381
7,2026-02-06 03:00:52,33794.57816433966,2674.000090026855,30727,31217,0.9843034244161835
7,2026-02-06 03:00:52,33794.57816433966,2676.000090408325,30409,31288,0.9719061621068781
7,2026-02-06 03:00:52,33794.57816433966,2678.0000907897947,30796,31232,0.9860399590163934
7,2026-02-06 03:00:52,33794.57816433966,2680.0000911712646,31054,31191,0.9956077073514796
7,2026-02-06 03:00:52,33794.57816433966,2682.0000915527344,30491,31541,0.9667099965124758
7,2026-02-06 03:00:52,33794.57816433966,2684.0000919342037,30747,31265,0.9834319526627219
7,2026-02-06 03:00:52,33794.57816433966,2686.0000923156736,30417,30974,0.9820171756957449
7,2026-02-06 03:00:52,33794.57816433966,2688.0000926971434,30087,30722,0.97933077273615
7,2026-02-06 03:00:52,33794.57816433966,2690.000093078613,30140,30382,0.9920347574221579
7,2026-02-06 03:00:52,33794.57816433966,2692.000093460083,29666,30377,0.9765941337195905
7,2026-02-06 03:00:52,33794.57816433966,2694.0000938415524,29707,30409,0.9769147291920155
7,2026-02-06 03:00:52,33794.57816433966,2696.000094223022,29201,29901,0.9765894117253604
7,2026-02-06 03:00:52,33794.57816433966,2698.000094604492,28399,30253,0.9387168214722507
7,2026-02-06 03:00:52,33794.57816433966,2700.000094985962,27521,29685,0.9271012295772275
7,2026-02-06 03:00:52,33794.57816433966,2702.0000953674316,26614,29717,0.8955816535989501
7,2026-02-06 03:00:52,33794.57816433966,2704.000095748901,25093,29529,0.8497747976565411
7,2026-02-06 03:00:52,33794.57816433966,2706.000096130371,24299,29412,0.8261593907248742
7,2026-02-06 03:00:52,33794.57816433966,2708.0000965118406,23595,29199,0.8080756190280489
7,2026-02-06 03:00:52,33794.57816433966,2710.0000968933105,24021,29585,0.8119317221564982
7,2026-02-06 03:00:52,33794.57816433966,2712.0000972747803,24990,29191,0.8560857798636566
7,2026-02-06 03:00:52,33794.57816433966,2714.0000976562496,25905,28947,0.8949113897813245
7,2026-02-06 03:00:52,33794.57816433966,2716.0000980377195,27250,28777,0.9469367897974077
7,2026-02-06 03:00:52,33794.57816433966,2718.0000984191893,27351,28635,0.955159769512834
7,2026-02-06 03:00:52,33794.57816433966,2720.000098800659,27256,28247,0.9649166283145113
7,2026-02-06 03:00:52,33794.57816433966,2722.000099182129,27471,27968,0.9822296910755148
7,2026-02-06 03:00:52,33794.57816433966,2724.0000995635983,27411,28091,0.9757929585988395
7,2026-02-06 03:00:52,33794.57816433966,2726.000099945068,27119,28060,0.9664647184604419
7,2026-02-06 03:00:52,33794.57816433966,2728.000100326538,27531,27403,1.0046710214210124
7,2026-02-06 03:00:52,33794.57816433966,2730.0001007080077,26907,27477,0.9792553772245879
7,2026-02-06 03:00:52,33794.57816433966,2732.0001010894775,26793,27407,0.9775969642791987
7,2026-02-06 03:00:52,33794.57816433966,2734.000101470947,27158,27197,0.9985660183108431
7,2026-02-06 03:00:52,33794.57816433966,2736.0001018524167,26886,27175,0.9893652253909844
7,2026-02-06 03:00:52,33794.57816433966,2738.0001022338865,27271,27175,1.0035326586936522
7,2026-02-06 03:00:52,33794.57816433966,2740.0001026153564,27311,27419,0.9960611254969182
7,2026-02-06 03:00:52,33794.57816433966,2742.000102996826,27523,27794,0.9902496941785996
7,2026-02-06 03:00:52,33794.57816433966,2744.0001033782955,27610,28035,0.9848403780988051
7,2026-02-06 03:00:52,33794.57816433966,2746.0001037597654,27580,28154,0.9796121332670313
7,2026-02-06 03:00:52,33794.57816433966,2748.000104141235,27879,28267,0.9862737467718541
7,2026-02-06 03:00:52,33794.57816433966,2750.000104522705,28494,28686,0.993306839573311
7,2026-02-06 03:00:52,33794.57816433966,2752.000104904175,28756,29178,0.9855370484611694
7,2026-02-06 03:00:52,33794.57816433966,2754.000105285644,28809,29311,0.9828733240080516
7,2026-02-06 03:00:52,33794.57816433966,2756.000105667114,28906,29397,0.9832976154029323
7,2026-02-06 03:00:52,33794.57816433966,2758.000106048584,29448,29425,1.0007816482582839
7,2026-02-06 03:00:52,33794.57816433966,2760.0001064300536,29295,29719,0.985733032739998
7,2026-02-06 03:00:52,33794.57816433966,2762.0001068115234,29638,29826,0.9936967746261651
7,2026-02-06 03:00:52,33794.57816433966,2764.000107192993,29733,30110,0.9874792427764862
7,2026-02-06 03:00:52,33794.57816433966,2766.0001075744626,29732,30172,0.9854169428609306
7,2026-02-06 03:00:52,33794.57816433966,2768.0001079559324,29631,30284,0.9784374587240787
7,2026-02-06 03:00:52,33794.57816433966,2770.0001083374023,29963,30513,0.9819748959459902
7,2026-02-06 03:00:52,33794.57816433966,2772.000108718872,30024,30661,0.9792244219040475
7,2026-02-06 03:00:52,33794.57816433966,2774.0001091003414,30398,30737,0.9889709470670527
7,2026-02-06 03:00:52,33794.57816433966,2776.0001094818113,30707,30687,1.0006517417799068
7,2026-02-06 03:00:52,33794.57816433966,2778.000109863281,30388,31007,0.9800367658915728
7,2026-02-06 03:00:52,33794.57816433966,2780.000110244751,30525,30571,0.9984953060089627
7,2026-02-06 03:00:52,33794.57816433966,2782.0001106262207,30772,30335,1.0144058018790176
7,2026-02-06 03:00:52,33794.57816433966,2784.00011100769,30588,30346,1.0079746918869044
7,2026-02-06 03:00:52,33794.57816433966,2786.00011138916,30313,30074,1.0079470639090244
7,2026-02-06 03:00:52,33794.57816433966,2788.0001117706297,30139,30284,0.9952119931316867
7,2026-02-06 03:00:52,33794.57816433966,2790.0001121520995,29893,29940,0.9984301937207749
7,2026-02-06 03:00:52,33794.57816433966,2792.0001125335693,29872,29877,0.9998326471867992
7,2026-02-06 03:00:52,33794.57816433966,2794.0001129150387,29453,29523,0.9976289672458761
7,2026-02-06 03:00:52,33794.57816433966,2796.0001132965085,29134,29356,0.9924376618067857
7,2026-02-06 03:00:52,33794.57816433966,2798.0001136779783,29024,29315,0.9900733412928535
7,2026-02-06 03:00:52,33794.57816433966,2800.000114059448,28453,28991,0.9814425166430961
7,2026-02-06 03:00:52,33794.57816433966,2802.000114440918,28448,28603,0.9945809880082509
7,2026-02-06 03:00:52,33794.57816433966,2804.0001148223873,28531,28634,0.9964028776978417
7,2026-02-06 03:00:52,33794.57816433966,2806.000115203857,28444,28504,0.9978950322761717
7,2026-02-06 03:00:52,33794.57816433966,2808.000115585327,27892,28401,0.9820780958416957
7,2026-02-06 03:00:52,33794.57816433966,2810.000115966797,28068,28364,0.9895642363559441
7,2026-02-06 03:00:52,33794.57816433966,2812.0001163482666,28084,28305,0.9921921921921922
7,2026-02-06 03:00:52,33794.57816433966,2814.000116729736,27803,28287,0.9828896666313147
7,2026-02-06 03:00:52,33794.57816433966,2816.000117111206,27848,28293,0.9842717279892553
7,2026-02-06 03:00:52,33794.57816433966,2818.0001174926756,27802,28128,0.988410125142207
7,2026-02-06 03:00:52,33794.57816433966,2820.0001178741454,27759,27926,0.9940199097615126
7,2026-02-06 03:00:52,33794.57816433966,2822.0001182556152,27534,27687,0.9944739408386607
7,2026-02-06 03:00:52,33794.57816433966,2824.0001186370846,27363,27873,0.981702723065332
7,2026-02-06 03:00:52,33794.57816433966,2826.0001190185544,27265,27548,0.9897270219253667
7,2026-02-06 03:00:52,33794.57816433966,2828.0001194000242,27375,27489,0.9958528866091891
7,2026-02-06 03:00:52,33794.57816433966,2830.000119781494,27074,27179,0.9961367232054159
7,2026-02-06 03:00:52,33794.57816433966,2832.000120162964,27049,26926,1.0045680754660922
7,2026-02-06 03:00:52,33794.57816433966,2834.0001205444332,26975,26881,1.0034968937167517
7,2026-02-06 03:00:52,33794.57816433966,2836.000120925903,26689,27048,0.9867272996154983
7,2026-02-06 03:00:52,33794.57816433966,2838.000121307373,26490,26545,0.9979280467131286
7,2026-02-06 03:00:52,33794.57816433966,2840.0001216888427,26463,26828,0.986394811391084
7,2026-02-06 03:00:52,33794.57816433966,2842.0001220703125,26109,26271,0.9938335046248715
7,2026-02-06 03:00:52,33794.57816433966,2844.000122451782,26340,26527,0.9929505786557092
7,2026-02-06 03:00:52,33794.57816433966,2846.0001228332517,26065,26116,0.9980471741461173
7,2026-02-06 03:00:52,33794.57816433966,2848.0001232147215,26012,25997,1.0005769896526522
7,2026-02-06 03:00:52,33794.57816433966,2850.0001235961913,25681,25734,0.9979404678635269
7,2026-02-06 03:00:52,33794.57816433966,2852.000123977661,25631,25705,0.9971211826492901
7,2026-02-06 03:00:52,33794.57816433966,2854.0001243591305,25210,25151,1.0023458311796747
7,2026-02-06 03:00:52,33794.57816433966,2856.0001247406003,25218,25245,0.9989304812834224
7,2026-02-06 03:00:52,33794.57816433966,2858.00012512207,24483,24588,0.9957296242069302
7,2026-02-06 03:00:52,33794.57816433966,2860.00012550354,24193,24213,0.9991739974393921
7,2026-02-06 03:00:52,33794.57816433966,2862.0001258850098,23988,23869,1.0049855461058277
7,2026-02-06 03:00:52,33794.57816433966,2864.000126266479,23455,23112,1.0148407753547941
7,2026-02-06 03:00:52,33794.57816433966,2866.000126647949,22993,23035,0.9981766876492294
7,2026-02-06 03:00:52,33794.57816433966,2868.0001270294188,22730,21998,1.033275752341122
7,2026-02-06 03:00:52,33794.57816433966,2870.0001274108886,21895,21822,1.0033452479149483
7,2026-02-06 03:00:52,33794.57816433966,2872.0001277923584,21151,21048,1.0048935765868492
7,2026-02-06 03:00:52,33794.57816433966,2874.0001281738278,20621,20552,1.0033573374854028
7,2026-02-06 03:00:52,33794.57816433966,2876.0001285552976,20025,20458,0.9788346856975266
7,2026-02-06 03:00:52,33794.57816433966,2878.0001289367674,19938,19979,0.9979478452374994
7,2026-02-06 03:00:52,33794.57816433966,2880.000129318237,19343,19446,0.9947032808803867
7,2026-02-06 03:00:52,33794.57816433966,2882.000129699707,19243,19448,0.9894590703414233
7,2026-02-06 03:00:52,33794.57816433966,2884.0001300811764,18786,18986,0.9894659222585063
7,2026-02-06 03:00:52,33794.57816433966,2886.000130462646,18602,18908,0.9838163740215782
7,2026-02-06 03:00:52,33794.57816433966,2888.000130844116,18686,18529,1.0084732041664417
7,2026-02-06 03:00:52,33794.57816433966,2890.000131225586,18583,18760,0.9905650319829424
7,2026-02-06 03:00:52,33794.57816433966,2892.0001316070557,18417,18425,0.9995658073270014
7,2026-02-06 03:00:52,33794.57816433966,2894.000131988525,18549,18624,0.9959729381443299
7,2026-02-06 03:00:52,33794.57816433966,2896.000132369995,18506,18623,0.9937174461687162
7,2026-02-06 03:00:52,33794.57816433966,2898.0001327514647,18384,18503,0.9935686104955953
7,2026-02-06 03:00:52,33794.57816433966,2900.0001331329345,18353,18438,0.9953899555266298
8,2026-02-06 03:18:30,26889.785305561913,2199.99999961853,14198,15219,0.9329128063604705
8,2026-02-06 03:18:30,26889.785305561913,2202.0,13867,15131,0.916462890754081
8,2026-02-06 03:18:30,26889.785305561913,2204.00000038147,13649,15187,0.8987291762691776
8,2026-02-06 03:18:30,26889.785305561913,2206.000000762939,13320,15300,0.8705882352941177
8,2026-02-06 03:18:30,26889.785305561913,2208.000001144409,13468,15606,0.8630014097142125
8,2026-02-06 03:18:30,26889.785305561913,2210.000001525879,14000,15879,0.881667611310536
8,2026-02-06 03:18:30,26889.785305561913,2212.0000019073486,14594,16276,0.896657655443598
8,2026-02-06 03:18:30,26889.785305561913,2214.0000022888185,15363,16501,0.9310344827586207
8,2026-02-06 03:18:30,26889.785305561913,2216.000002670288,16291,17007,0.9578996883636149
8,2026-02-06 03:18:30,26889.785305561913,2218.0000030517576,16722,17395,0.9613107214716873
8,2026-02-06 03:18:30,26889.785305561913,2220.0000034332274,17187,17965,0.9566935708321737
8,2026-02-06 03:18:30,26889.785305561913,2222.0000038146973,17800,18405,0.9671284976908449
8,2026-02-06 03:18:30,26889.785305561913,2224.000004196167,18454,18920,0.975369978858351
8,2026-02-06 03:18:30,26889.785305561913,2226.0000045776364,18445,19375,0.952
8,2026-02-06 03:18:30,26889.785305561913,2228.0000049591063,18823,19287,0.9759423445844351
8,2026-02-06 03:18:30,26889.785305561913,2230.000005340576,19285,19215,1.0036429872495447
8,2026-02-06 03:18:30,26889.785305561913,2232.000005722046,19049,19531,0.9753212841124367
8,2026-02-06 03:18:30,26889.785305561913,2234.0000061035157,19180,19213,0.9982824129495654
8,2026-02-06 03:18:30,26889.785305561913,2236.000006484985,18878,18905,0.9985718064004232
8,2026-02-06 03:18:30,26889.785305561913,2238.000006866455,18905,18861,1.00233285615821
8,2026-02-06 03:18:30,26889.785305561913,2240.0000072479247,18602,18909,0.9837643450208895
8,2026-02-06 03:18:30,26889.785305561913,2242.0000076293945,18671,18919,0.9868914847507796
8,2026-02-06 03:18:30,26889.785305561913,2244.0000080108643,18525,18717,0.9897419458246514
8,2026-02-06 03:18:30,26889.785305561913,2246.0000083923337,18566,18884,0.9831603473840288
8,2026-02-06 03:18:30,26889.785305561913,2248.0000087738035,19114,19154,0.9979116633601337
8,2026-02-06 03:18:30,26889.785305561913,2250.0000091552733,19427,19534,0.994522371250128
8,2026-02-06 03:18:30,26889.785305561913,2252.000009536743,19317,19967,0.9674462863725146
8,2026-02-06 03:18:30,26889.785305561913,2254.000009918213,19837,20107,0.986571840652509
8,2026-02-06 03:18:30,26889.785305561913,2256.0000102996823,20369,20954,0.9720817027775126
8,2026-02-06 03:18:30,26889.785305561913,2258.000010681152,20724,20855,0.993718532725965
8,2026-02-06 03:18:30,26889.785305561913,2260.000011062622,21032,21222,0.9910470266704363
8,2026-02-06 03:18:30,26889.785305561913,2262.000011444092,20950,21508,0.974056165147852
8,2026-02-06 03:18:30,26889.785305561913,2264.0000118255616,21151,21383,0.9891502595519805
8,2026-02-06 03:18:30,26889.785305561913,2266.000012207031,21137,21459,0.984994640943194
8,2026-02-06 03:18:30,26889.785305561913,2268.000012588501,21227,21259,0.9984947551625194
8,2026-02-06 03:18:30,26889.785305561913,2270.0000129699706,21078,21421,0.9839876756453947
8,2026-02-06 03:18:30,26889.785305561913,2272.0000133514404,21138,21360,0.9896067415730337
8,2026-02-06 03:18:30,26889.785305561913,2274.0000137329102,21134,21543,0.9810147147565335
8,2026-02-06 03:18:30,26889.785305561913,2276.0000141143796,21436,21660,0.9896583564173592
8,2026-02-06 03:18:30,26889.785305561913,2278.0000144958494,21467,21746,0.987170054262853
8,2026-02-06 03:18:30,26889.785305561913,2280.0000148773192,21726,22088,0.9836110105034408
8,2026-02-06 03:18:30,26889.785305561913,2282.000015258789,22322,22665,0.984866534303993
8,2026-02-06 03:18:30,26889.785305561913,2284.000015640259,22690,23329,0.9726091988512152
8,2026-02-06 03:18:30,26889.785305561913,2286.0000160217282,22966,23343,0.9838495480443816
8,2026-02-06 03:18:30,26889.785305561913,2288.000016403198,23591,23773,0.9923442560888402
8,2026-02-06 03:18:30,26889.785305561913,2290.000016784668,23495,23914,0.9824788826628753
8,2026-02-06 03:18:30,26889.785305561913,2292.0000171661377,23794,24705,0.9631248735073872
8,2026-02-06 03:18:30,26889.785305561913,2294.0000175476075,23776,24221,0.9816275133148921
8,2026-02-06 03:18:30,26889.785305561913,2296.000017929077,24257,24163,1.003890245416546
8,2026-02-06 03:18:30,26889.785305561913,2298.0000183105467,24137,24570,0.9823768823768824
8,2026-02-06 03:18:30,26889.785305561913,2300.0000186920165,23926,24098,0.9928624782139597
8,2026-02-06 03:18:30,26889.785305561913,2302.0000190734863,24346,24366,0.9991791841090043
8,2026-02-06 03:18:30,26889.785305561913,2304.000019454956,24064,24374,0.9872815294986461
8,2026-02-06 03:18:30,26889.785305561913,2306.0000198364255,24443,24173,1.0111694866173002
8,2026-02-06 03:18:30,26889.785305561913,2308.0000202178953,24360,24635,0.9888370204992897
8,2026-02-06 03:18:30,26889.785305561913,2310.000020599365,24108,24852,0.9700627716079189
8,2026-02-06 03:18:30,26889.785305561913,2312.000020980835,24297,24944,0.9740618986529826
8,2026-02-06 03:18:30,26889.785305561913,2314.000021362305,24708,24994,0.9885572537408979
8,2026-02-06 03:18:30,26889.785305561913,2316.000021743774,24730,24980,0.9899919935948759
8,2026-02-06 03:18:30,26889.785305561913,2318.000022125244,24886,25038,0.9939292275740874
8,2026-02-06 03:18:30,26889.785305561913,2320.000022506714,25151,25134,1.0006763746319727
8,2026-02-06 03:18:30,26889.785305561913,2322.0000228881836,24971,25281,0.9877378268264705
8,2026-02-06 03:18:30,26889.785305561913,2324.0000232696534,25329,24904,1.0170655316415034
8,2026-02-06 03:18:30,26889.785305561913,2326.000023651123,24719,24674,1.0018237821188296
8,2026-02-06 03:18:30,26889.785305561913,2328.0000240325926,24569,24514,1.002243615892959
8,2026-02-06 03:18:30,26889.785305561913,2330.0000244140624,24215,23999,1.0090003750156256
8,2026-02-06 03:18:30,26889.785305561913,2332.000024795532,24184,23886,1.0124759273214434
8,2026-02-06 03:18:30,26889.785305561913,2334.000025177002,23305,23278,1.0011598934616377
8,2026-02-06 03:18:30,26889.785305561913,2336.0000255584714,23535,23103,1.0186988702765876
8,2026-02-06 03:18:30,26889.785305561913,2338.000025939941,22833,23012,0.9922214496784286
8,2026-02-06 03:18:30,26889.785305561913,2340.000026321411,22526,22522,1.0001776041204156
8,2026-02-06 03:18:30,26889.785305561913,2342.000026702881,22357,22474,0.9947939841594732
8,2026-02-06 03:18:30,26889.785305561913,2344.0000270843507,22469,22495,0.9988441875972438
8,2026-02-06 03:18:30,26889.785305561913,2346.00002746582,22500,22604,0.9953990444169174
8,2026-02-06 03:18:30,26889.785305561913,2348.00002784729,22669,22592,1.0034082861189801
8,2026-02-06 03:18:30,26889.785305561913,2350.0000282287597,22619,22702,0.996343934455114
8,2026-02-06 03:18:30,26889.785305561913,2352.0000286102295,22908,23046,0.9940119760479041
8,2026-02-06 03:18:30,26889.785305561913,2354.0000289916993,22730,22837,0.9953146210097649
8,2026-02-06 03:18:30,26889.785305561913,2356.0000293731687,23020,23009,1.0004780737972099
8,2026-02-06 03:18:30,26889.785305561913,2358.0000297546385,22649,23310,0.9716430716430716
8,2026-02-06 03:18:30,26889.785305561913,2360.0000301361083,23000,23271,0.9883546044432985
8,2026-02-06 03:18:30,26889.785305561913,2362.000030517578,22829,23118,0.9874989185915737
8,2026-02-06 03:18:30,26889.785305561913,2364.000030899048,22812,22768,1.001932536893886
8,2026-02-06 03:18:30,26889.785305561913,2366.0000312805173,23068,22960,1.0047038327526132
8,2026-02-06 03:18:30,26889.785305561913,2368.000031661987,22716,23153,0.9811255560834449
8,2026-02-06 03:18:30,26889.785305561913,2370.000032043457,22800,23178,0.983691431529899
8,2026-02-06 03:18:30,26889.785305561913,2372.0000324249268,23184,23519,0.9857561971172244
8,2026-02-06 03:18:30,26889.785305561913,2374.0000328063966,23132,23653,0.9779731957891177
8,2026-02-06 03:18:30,26889.785305561913,2376.000033187866,23768,23763,1.000210411143374
8,2026-02-06 03:18:30,26889.785305561913,2378.0000335693358,24215,24069,1.0060658938884042
8,2026-02-06 03:18:30,26889.785305561913,2380.0000339508056,24540,24619,0.9967910963077298
8,2026-02-06 03:18:30,26889.785305561913,2382.0000343322754,24555,25070,0.9794575189469485
8,2026-02-06 03:18:30,26889.785305561913,2384.000034713745,24736,25164,0.9829915752662534
8,2026-02-06 03:18:30,26889.785305561913,2386.0000350952146,25150,25274,0.9950937722560734
8,2026-02-06 03:18:30,26889.785305561913,2388.0000354766844,24810,25371,0.9778881400023649
8,2026-02-06 03:18:30,26889.785305561913,2390.000035858154,24926,25456,0.9791797611565053
8,2026-02-06 03:18:30,26889.785305561913,2392.000036239624,25162,25318,0.9938383758590726
8,2026-02-06 03:18:30,26889.785305561913,2394.000036621094,24980,25254,0.9891502336263562
8,2026-02-06 03:18:30,26889.785305561913,2396.000037002563,24993,25230,0.9906064209274673
8,2026-02-06 03:18:30,26889.785305561913,2398.000037384033,25028,24953,1.0030056506231715
8,2026-02-06 03:18:30,26889.785305561913,2400.000037765503,24496,24639,0.9941961930273144
8,2026-02-06 03:18:30,26889.785305561913,2402.0000381469727,24373,24804,0.9826237703596195
8,2026-02-06 03:18:30,26889.785305561913,2404.0000385284425,24590,24557,1.0013438123549294
8,2026-02-06 03:18:30,26889.785305561913,2406.000038909912,24539,24519,1.0008156939516293
8,2026-02-06 03:18:30,26889.785305561913,2408.0000392913817,24481,24532,0.9979210826675363
8,2026-02-06 03:18:30,26889.785305561913,2410.0000396728515,24692,25075,0.9847258225324028
8,2026-02-06 03:18:30,26889.785305561913,2412.0000400543213,25011,25089,0.9968910677986369
8,2026-02-06 03:18:30,26889.785305561913,2414.000040435791,24858,24765,1.003755299818292
8,2026-02-06 03:18:30,26889.785305561913,2416.0000408172605,24642,25118,0.9810494466119914
8,2026-02-06 03:18:30,26889.785305561913,2418.0000411987303,25128,24784,1.013879922530665
8,2026-02-06 03:18:30,26889.785305561913,2420.0000415802,25020,25112,0.9963364128703409
8,2026-02-06 03:18:30,26889.785305561913,2422.00004196167,24565,25280,0.9717167721518988
8,2026-02-06 03:18:30,26889.785305561913,2424.0000423431397,24545,25235,0.9726570239746384
8,2026-02-06 03:18:30,26889.785305561913,2426.000042724609,24570,24908,0.9864300626304802
8,2026-02-06 03:18:30,26889.785305561913,2428.000043106079,24283,24529,0.9899710546699825
8,2026-02-06 03:18:30,26889.785305561913,2430.0000434875487,24282,23927,1.0148367952522255
8,2026-02-06 03:18:30,26889.785305561913,2432.0000438690186,23941,23827,1.0047844881856718
8,2026-02-06 03:18:30,26889.785305561913,2434.0000442504884,23687,23457,1.0098051754273778
8,2026-02-06 03:18:30,26889.785305561913,2436.0000446319577,23316,23474,0.9932691488455312
8,2026-02-06 03:18:30,26889.785305561913,2438.0000450134276,23204,23340,0.9941730934018852
8,2026-02-06 03:18:30,26889.785305561913,2440.0000453948974,22963,23066,0.9955345530217636
8,2026-02-06 03:18:30,26889.785305561913,2442.000045776367,23186,22996,1.008262306488085
8,2026-02-06 03:18:30,26889.785305561913,2444.000046157837,22561,22750,0.9916923076923077
8,2026-02-06 03:18:30,26889.785305561913,2446.0000465393064,22749,22440,1.0137700534759357
8,2026-02-06 03:18:30,26889.785305561913,2448.000046920776,22774,22602,1.0076099460224759
8,2026-02-06 03:18:30,26889.785305561913,2450.000047302246,22817,22893,0.9966802079238195
8,2026-02-06 03:18:30,26889.785305561913,2452.000047683716,22583,23075,0.9786782231852654
8,2026-02-06 03:18:30,26889.785305561913,2454.0000480651856,22756,22947,0.9916764718699612
8,2026-02-06 03:18:30,26889.785305561913,2456.000048446655,22704,22971,0.988376648818075
8,2026-02-06 03:18:30,26889.785305561913,2458.000048828125,22659,22893,0.989778534923339
8,2026-02-06 03:18:30,26889.785305561913,2460.0000492095946,22989,23102,0.9951086486018527
8,2026-02-06 03:18:30,26889.785305561913,2462.0000495910645,22792,23312,0.9776938915579959
8,2026-02-06 03:18:30,26889.785305561913,2464.0000499725343,23134,23024,1.0047776233495482
8,2026-02-06 03:18:30,26889.785305561913,2466.0000503540036,22865,23194,0.9858152970595844
8,2026-02-06 03:18:30,26889.785305561913,2468.0000507354735,23011,23334,0.986157538356047
8,2026-02-06 03:18:30,26889.785305561913,2470.0000511169433,23486,23467,1.000809647590233
8,2026-02-06 03:18:30,26889.785305561913,2472.000051498413,23457,23609,0.9935617772883223
8,2026-02-06 03:18:30,26889.785305561913,2474.000051879883,23847,24079,0.9903650483824079
8,2026-02-06 03:18:30,26889.785305561913,2476.0000522613523,23895,24203,0.9872743048382432
8,2026-02-06 03:18:30,26889.785305561913,2478.000052642822,24061,24485,0.9826832754747805
8,2026-02-06 03:18:30,26889.785305561913,2480.000053024292,24860,24813,1.0018941683794784
8,2026-02-06 03:18:30,26889.785305561913,2482.0000534057617,24885,25298,0.9836745987825124
8,2026-02-06 03:18:30,26889.785305561913,2484.0000537872315,25068,25641,0.9776529776529777
8,2026-02-06 03:18:30,26889.785305561913,2486.000054168701,25450,25443,1.0002751247887434
8,2026-02-06 03:18:30,26889.785305561913,2488.0000545501707,25770,25821,0.9980248634832113
8,2026-02-06 03:18:30,26889.785305561913,2490.0000549316405,25702,25669,1.0012855974132222
8,2026-02-06 03:18:30,26889.785305561913,2492.0000553131104,25398,25680,0.9890186915887851
8,2026-02-06 03:18:30,26889.785305561913,2494.00005569458,25896,25690,1.0080186843129622
8,2026-02-06 03:18:30,26889.785305561913,2496.0000560760495,25878,25913,0.9986493265928299
8,2026-02-06 03:18:30,26889.785305561913,2498.0000564575193,25471,25612,0.9944947680774637
8,2026-02-06 03:18:30,26889.785305561913,2500.000056838989,25550,25411,1.005470072016056
8,2026-02-06 03:18:30,26889.785305561913,2502.000057220459,24903,24989,0.9965584857337229
8,2026-02-06 03:18:30,26889.785305561913,2504.000057601929,25028,25006,1.0008797888506757
8,2026-02-06 03:18:30,26889.785305561913,2506.000057983398,24619,24897,0.9888339960637827
8,2026-02-06 03:18:30,26889.785305561913,2508.000058364868,24804,24820,0.9993553585817889
8,2026-02-06 03:18:30,26889.785305561913,2510.000058746338,24743,24510,1.0095063239494084
8,2026-02-06 03:18:30,26889.785305561913,2512.0000591278076,24376,24406,0.9987707940670327
8,2026-02-06 03:18:30,26889.785305561913,2514.0000595092774,24067,24357,0.9880937718109783
8,2026-02-06 03:18:30,26889.785305561913,2516.000059890747,23767,24227,0.9810129194700128
8,2026-02-06 03:18:30,26889.785305561913,2518.0000602722166,23689,24215,0.9782779269048111
8,2026-02-06 03:18:30,26889.785305561913,2520.0000606536864,23720,23775,0.9976866456361725
8,2026-02-06 03:18:30,26889.785305561913,2522.0000610351562,23369,23695,0.986241823169445
8,2026-02-06 03:18:30,26889.785305561913,2524.000061416626,23407,23443,0.9984643603634347
8,2026-02-06 03:18:30,26889.785305561913,2526.0000617980954,23235,23305,0.9969963527140099
8,2026-02-06 03:18:30,26889.785305561913,2528.0000621795652,23025,23282,0.9889614294304613
8,2026-02-06 03:18:30,26889.785305561913,2530.000062561035,22968,23044,0.9967019614650234
8,2026-02-06 03:18:30,26889.785305561913,2532.000062942505,22606,22914,0.9865584358907218
8,2026-02-06 03:18:30,26889.785305561913,2534.0000633239747,22759,22816,0.9975017531556802
8,2026-02-06 03:18:30,26889.785305561913,2536.000063705444,22872,23077,0.9911166962776791
8,2026-02-06 03:18:30,26889.785305561913,2538.000064086914,22889,22802,1.003815454784668
8,2026-02-06 03:18:30,26889.785305561913,2540.0000644683837,22647,22758,0.9951225942525705
8,2026-02-06 03:18:30,26889.785305561913,2542.0000648498535,22834,22723,1.0048849183646527
8,2026-02-06 03:18:30,26889.785305561913,2544.0000652313233,22835,23373,0.976981987763659
8,2026-02-06 03:18:30,26889.785305561913,2546.0000656127927,23259,22980,1.0121409921671018
8,2026-02-06 03:18:30,26889.785305561913,2548.0000659942625,22876,23225,0.98497308934338
8,2026-02-06 03:18:30,26889.785305561913,2550.0000663757323,23090,23543,0.9807586119016268
8,2026-02-06 03:18:30,26889.785305561913,2552.000066757202,23029,23517,0.9792490538759195
8,2026-02-06 03:18:30,26889.785305561913,2554.000067138672,23642,23810,0.9929441411171777
8,2026-02-06 03:18:30,26889.785305561913,2556.0000675201413,23300,23496,0.9916581545795029
8,2026-02-06 03:18:30,26889.785305561913,2558.000067901611,23234,23582,0.9852429819353744
8,2026-02-06 03:18:30,26889.785305561913,2560.000068283081,23718,24110,0.9837411862297801
8,2026-02-06 03:18:30,26889.785305561913,2562.000068664551,23563,24001,0.981750760384984
8,2026-02-06 03:18:30,26889.785305561913,2564.0000690460206,23607,23843,0.9901019167051126
8,2026-02-06 03:18:30,26889.785305561913,2566.00006942749,23803,24067,0.9890306228445589
8,2026-02-06 03:18:30,26889.785305561913,2568.00006980896,23658,24181,0.9783714486580373
8,2026-02-06 03:18:30,26889.785305561913,2570.0000701904296,23881,24279,0.9836072325878331
8,2026-02-06 03:18:30,26889.785305561913,2572.0000705718994,24253,24251,1.0000824708259453
8,2026-02-06 03:18:30,26889.785305561913,2574.0000709533692,24264,24368,0.9957321076822062
8,2026-02-06 03:18:30,26889.785305561913,2576.0000713348386,24339,24594,0.989631617467675
8,2026-02-06 03:18:30,26889.785305561913,2578.0000717163084,24938,25072,0.9946553924696873
8,2026-02-06 03:18:30,26889.785305561913,2580.0000720977782,24671,25276,0.9760642506725747
8,2026-02-06 03:18:30,26889.785305561913,2582.000072479248,24659,25125,0.981452736318408
8,2026-02-06 03:18:30,26889.785305561913,2584.0000728607174,25517,25289,1.0090157776108188
8,2026-02-06 03:18:30,26889.785305561913,2586.000073242187,25405,25750,0.9866019417475728
8,2026-02-06 03:18:30,26889.785305561913,2588.000073623657,25641,25307,1.0131979294266409
8,2026-02-06 03:18:30,26889.785305561913,2590.000074005127,25488,25569,0.996832101372756
8,2026-02-06 03:18:30,26889.785305561913,2592.0000743865967,25472,25349,1.0048522624166634
8,2026-02-06 03:18:30,26889.785305561913,2594.000074768066,25441,25594,0.9940220364147847
8,2026-02-06 03:18:30,26889.785305561913,2596.000075149536,25135,25716,0.9774070617514388
8,2026-02-06 03:18:30,26889.785305561913,2598.0000755310057,25289,25313,0.9990518705803342
8,2026-02-06 03:18:30,26889.785305561913,2600.0000759124755,25113,25386,0.9892460411250296
8,2026-02-06 03:18:30,26889.785305561913,2602.0000762939453,25243,25155,1.0034983104750546
8,2026-02-06 03:18:30,26889.785305561913,2604.0000766754147,25218,25101,1.004661168877734
8,2026-02-06 03:18:30,26889.785305561913,2606.0000770568845,25002,24986,1.0006403586008163
8,2026-02-06 03:18:30,26889.785305561913,2608.0000774383543,24949,24824,1.0050354495649372
8,2026-02-06 03:18:30,26889.785305561913,2610.000077819824,24896,24571,1.013226974889097
8,2026-02-06 03:18:30,26889.785305561913,2612.000078201294,24322,24545,0.990914646567529
8,2026-02-06 03:18:30,26889.785305561913,2614.0000785827633,24179,24323,0.9940796776713399
8,2026-02-06 03:18:30,26889.785305561913,2616.000078964233,23687,23662,1.0010565463612544
8,2026-02-06 03:18:30,26889.785305561913,2618.000079345703,23368,23474,0.9954843656811792
8,2026-02-06 03:18:30,26889.785305561913,2620.0000797271728,23033,23247,0.9907945111197144
8,2026-02-06 03:18:30,26889.785305561913,2622.0000801086426,23536,23678,0.9940028718641777
8,2026-02-06 03:18:30,26889.785305561913,2624.000080490112,23220,23120,1.004325259515571
8,2026-02-06 03:18:30,26889.785305561913,2626.0000808715818,22886,22874,1.0005246130978402
8,2026-02-06 03:18:30,26889.785305561913,2628.0000812530516,22287,22442,0.9930933071918724
8,2026-02-06 03:18:30,26889.785305561913,2630.0000816345214,22635,22704,0.9969608879492601
8,2026-02-06 03:18:30,26889.785305561913,2632.000082015991,22158,22313,0.9930533769551383
8,2026-02-06 03:18:30,26889.785305561913,2634.0000823974606,22300,22120,1.0081374321880652
8,2026-02-06 03:18:30,26889.785305561913,2636.0000827789304,22248,22683,0.9808226425076049
8,2026-02-06 03:18:30,26889.785305561913,2638.0000831604,22109,22353,0.989084239252002
8,2026-02-06 03:18:30,26889.785305561913,2640.00008354187,22808,22360,1.020035778175313
8,2026-02-06 03:18:30,26889.785305561913,2642.00008392334,22473,22960,0.9787891986062718
8,2026-02-06 03:18:30,26889.785305561913,2644.000084304809,22788,22911,0.9946313997643054
8,2026-02-06 03:18:30,26889.785305561913,2646.000084686279,22892,23139,0.9893253813907256
8,2026-02-06 03:18:30,26889.785305561913,2648.000085067749,23358,23297,1.0026183628793406
8,2026-02-06 03:18:30,26889.785305561913,2650.0000854492187,23567,23755,0.9920858766575458
8,2026-02-06 03:18:30,26889.785305561913,2652.0000858306885,23733,23991,0.9892459672377142
8,2026-02-06 03:18:30,26889.785305561913,2654.000086212158,23954,24454,0.9795534472887871
8,2026-02-06 03:18:30,26889.785305561913,2656.0000865936277,24051,24360,0.9873152709359606
8,2026-02-06 03:18:30,26889.785305561913,2658.0000869750975,24228,24277,0.9979816287020636
8,2026-02-06 03:18:30,26889.785305561913,2660.0000873565673,24298,24616,0.987081572960676
8,2026-02-06 03:18:30,26889.785305561913,2662.000087738037,24307,24548,0.9901824995926348
8,2026-02-06 03:18:30,26889.785305561913,2664.0000881195065,24390,24404,0.9994263235535158
8,2026-02-06 03:18:30,26889.785305561913,2666.0000885009763,24482,24593,0.9954865205546294
8,2026-02-06 03:18:30,26889.785305561913,2668.000088882446,24591,24559,1.001302984649212
8,2026-02-06 03:18:30,26889.785305561913,2670.000089263916,24771,24427,1.0140827772546772
8,2026-02-06 03:18:30,26889.785305561913,2672.0000896453857,24380,24782,0.9837785489468163
8,2026-02-06 03:18:30,26889.785305561913,2674.000090026855,24790,24802,0.9995161680509637
8,2026-02-06 03:18:30,26889.785305561913,2676.000090408325,24564,24390,1.0071340713407133
8,2026-02-06 03:18:30,26889.785305561913,2678.0000907897947,24497,24796,0.9879416034844329
8,2026-02-06 03:18:30,26889.785305561913,2680.0000911712646,24803,24985,0.9927156293776266
8,2026-02-06 03:18:30,26889.785305561913,2682.0000915527344,24696,25134,0.9825734065409406
8,2026-02-06 03:18:30,26889.785305561913,2684.0000919342037,24553,24783,0.9907194447806964
8,2026-02-06 03:18:30,26889.785305561913,2686.0000923156736,24256,24786,0.9786169611877673
8,2026-02-06 03:18:30,26889.785305561913,2688.0000926971434,24180,24606,0.9826871494757377
8,2026-02-06 03:18:30,26889.785305561913,2690.000093078613,24141,24253,0.9953820145961324
8,2026-02-06 03:18:30,26889.785305561913,2692.000093460083,23691,24108,0.982702837232454
8,2026-02-06 03:18:30,26889.785305561913,2694.0000938415524,23431,23941,0.9786976316778748
8,2026-02-06 03:18:30,26889.785305561913,2696.000094223022,23315,24034,0.9700840475992344
8,2026-02-06 03:18:30,26889.785305561913,2698.000094604492,22846,23941,0.9542625621319076
8,2026-02-06 03:18:30,26889.785305561913,2700.000094985962,22319,24141,0.9245267387432169
8,2026-02-06 03:18:30,26889.785305561913,2702.0000953674316,21558,23724,0.9087000505816895
8,2026-02-06 03:18:30,26889.785305561913,2704.000095748901,20475,23624,0.8667033525228581
8,2026-02-06 03:18:30,26889.785305561913,2706.000096130371,19664,23495,0.836944030644818
8,2026-02-06 03:18:30,26889.785305561913,2708.0000965118406,19538,23604,0.8277410608371463
8,2026-02-06 03:18:30,26889.785305561913,2710.0000968933105,19667,23577,0.834160410569623
8,2026-02-06 03:18:30,26889.785305561913,2712.0000972747803,20406,23234,0.878281828354997
8,2026-02-06 03:18:30,26889.785305561913,2714.0000976562496,21179,23438,0.9036180561481355
8,2026-02-06 03:18:30,26889.785305561913,2716.0000980377195,21803,22996,0.9481214124195513
8,2026-02-06 03:18:30,26889.785305561913,2718.0000984191893,21677,23011,0.942027725870236
8,2026-02-06 03:18:30,26889.785305561913,2720.000098800659,22252,22719,0.9794445178044808
8,2026-02-06 03:18:30,26889.785305561913,2722.000099182129,22325,22819,0.9783513738551207
8,2026-02-06 03:18:30,26889.785305561913,2724.0000995635983,22359,22473,0.9949272460285676
8,2026-02-06 03:18:30,26889.785305561913,2726.000099945068,21954,22246,0.9868740447720938
8,2026-02-06 03:18:30,26889.785305561913,2728.000100326538,22079,22343,0.9881842187709797
8,2026-02-06 03:18:30,26889.785305561913,2730.0001007080077,21732,21799,0.996926464516721
8,2026-02-06 03:18:30,26889.785305561913,2732.0001010894775,21985,21784,1.0092269555637166
8,2026-02-06 03:18:30,26889.785305561913,2734.000101470947,21898,21934,0.9983587125011398
8,2026-02-06 03:18:30,26889.785305561913,2736.0001018524167,21826,22169,0.9845279444269024
8,2026-02-06 03:18:30,26889.785305561913,2738.0001022338865,22107,21714,1.0180989223542416
8,2026-02-06 03:18:30,26889.785305561913,2740.0001026153564,22076,22041,1.0015879497300486
8,2026-02-06 03:18:30,26889.785305561913,2742.000102996826,21952,22521,0.9747346920651836
8,2026-02-06 03:18:30,26889.785305561913,2744.0001033782955,22744,22636,1.0047711609825059
8,2026-02-06 03:18:30,26889.785305561913,2746.0001037597654,22491,22756,0.9883547196343822
8,2026-02-06 03:18:30,26889.785305561913,2748.000104141235,22639,22588,1.0022578360191252
8,2026-02-06 03:18:30,26889.785305561913,2750.000104522705,22855,22981,0.9945172098690223
8,2026-02-06 03:18:30,26889.785305561913,2752.000104904175,23097,23246,0.9935902951045341
8,2026-02-06 03:18:30,26889.785305561913,2754.000105285644,23403,23369,1.0014549189096666
8,2026-02-06 03:18:30,26889.785305561913,2756.000105667114,23286,23570,0.9879507848960543
8,2026-02-06 03:18:30,26889.785305561913,2758.000106048584,23519,24126,0.9748404211224405
8,2026-02-06 03:18:30,26889.785305561913,2760.0001064300536,23616,24023,0.9830579028431087
8,2026-02-06 03:18:30,26889.785305561913,2762.0001068115234,23744,23725,1.0008008429926238
8,2026-02-06 03:18:30,26889.785305561913,2764.000107192993,24154,24110,1.0018249688925758
8,2026-02-06 03:18:30,26889.785305561913,2766.0001075744626,24065,24082,0.9992940785649033
8,2026-02-06 03:18:30,26889.785305561913,2768.0001079559324,23753,24233,0.9801922997565303
8,2026-02-06 03:18:30,26889.785305561913,2770.0001083374023,23990,24357,0.9849324629469968
8,2026-02-06 03:18:30,26889.785305561913,2772.000108718872,24385,24514,0.994737700905605
8,2026-02-06 03:18:30,26889.785305561913,2774.0001091003414,24422,24640,0.9911525974025974
8,2026-02-06 03:18:30,26889.785305561913,2776.0001094818113,24446,24568,0.9950341908173234
8,2026-02-06 03:18:30,26889.785305561913,2778.000109863281,24299,24717,0.9830885625278148
8,2026-02-06 03:18:30,26889.785305561913,2780.000110244751,24772,24495,1.0113084302918962
8,2026-02-06 03:18:30,26889.785305561913,2782.0001106262207,24352,24353,0.9999589372972529
8,2026-02-06 03:18:30,26889.785305561913,2784.00011100769,24250,24567,0.9870965115805755
8,2026-02-06 03:18:30,26889.785305561913,2786.00011138916,24584,24185,1.0164978292329956
8,2026-02-06 03:18:30,26889.785305561913,2788.0001117706297,24278,24450,0.9929652351738242
8,2026-02-06 03:18:30,26889.785305561913,2790.0001121520995,24104,23955,1.0062199958255063
8,2026-02-06 03:18:30,26889.785305561913,2792.0001125335693,23634,23863,0.9904035536185727
8,2026-02-06 03:18:30,26889.785305561913,2794.0001129150387,23627,23585,1.0017807928768285
8,2026-02-06 03:18:30,26889.785305561913,2796.0001132965085,23497,23537,0.9983005480732464
8,2026-02-06 03:18:30,26889.785305561913,2798.0001136779783,23262,23350,0.9962312633832976
8,2026-02-06 03:18:30,26889.785305561913,2800.000114059448,22984,23137,0.9933872152828802
8,2026-02-06 03:18:30,26889.785305561913,2802.000114440918,22894,23019,0.9945697032885877
8,2026-02-06 03:18:30,26889.785305561913,2804.0001148223873,22818,23056,0.989677307425399
8,2026-02-06 03:18:30,26889.785305561913,2806.000115203857,22710,23084,0.9837983018540981
8,2026-02-06 03:18:30,26889.785305561913,2808.000115585327,22907,22968,0.9973441309648207
8,2026-02-06 03:18:30,26889.785305561913,2810.000115966797,22643,22874,0.9899011978665734
8,2026-02-06 03:18:30,26889.785305561913,2812.0001163482666,22422,22767,0.9848464883383845
8,2026-02-06 03:18:30,26889.785305561913,2814.000116729736,22573,22627,0.9976134706324303
8,2026-02-06 03:18:30,26889.785305561913,2816.000117111206,22556,22786,0.9899060826823488
8,2026-02-06 03:18:30,26889.785305561913,2818.0001174926756,22399,22388,1.000491334643559
8,2026-02-06 03:18:30,26889.785305561913,2820.0001178741454,22343,22619,0.9877978690481454
8,2026-02-06 03:18:30,26889.785305561913,2822.0001182556152,22502,22406,1.0042845666339373
8,2026-02-06 03:18:30,26889.785305561913,2824.0001186370846,22473,22163,1.013987276090782
8,2026-02-06 03:18:30,26889.785305561913,2826.0001190185544,22412,22051,1.0163711396308557
8,2026-02-06 03:18:30,26889.785305561913,2828.0001194000242,22391,22337,1.0024175135425528
8,2026-02-06 03:18:30,26889.785305561913,2830.000119781494,21937,21699,1.0109682473846722
8,2026-02-06 03:18:30,26889.785305561913,2832.000120162964,22111,21869,1.011065892359047
8,2026-02-06 03:18:30,26889.785305561913,2834.0001205444332,21892,21980,0.9959963603275706
8,2026-02-06 03:18:30,26889.785305561913,2836.000120925903,21842,21926,0.9961689318617167
8,2026-02-06 03:18:30,26889.785305561913,2838.000121307373,21353,21361,0.9996254856982351
8,2026-02-06 03:18:30,26889.785305561913,2840.0001216888427,21566,21449,1.0054547997575645
8,2026-02-06 03:18:30,26889.785305561913,2842.0001220703125,21452,21326,1.005908280971584
8,2026-02-06 03:18:30,26889.785305561913,2844.000122451782,21192,21313,0.9943227138366255
8,2026-02-06 03:18:30,26889.785305561913,2846.0001228332517,21029,21223,0.9908589737548885
8,2026-02-06 03:18:30,26889.785305561913,2848.0001232147215,20906,20812,1.0045166250240245
8,2026-02-06 03:18:30,26889.785305561913,2850.0001235961913,20618,20666,0.9976773444304655
8,2026-02-06 03:18:30,26889.785305561913,2852.000123977661,20489,20587,0.995239714382863
8,2026-02-06 03:18:30,26889.785305561913,2854.0001243591305,20381,20295,1.0042374969204237
8,2026-02-06 03:18:30,26889.785305561913,2856.0001247406003,20433,20021,1.020578392687678
8,2026-02-06 03:18:30,26889.785305561913,2858.00012512207,19861,19678,1.009299725581868
8,2026-02-06 03:18:30,26889.785305561913,2860.00012550354,19660,19212,1.0233187591088904
8,2026-02-06 03:18:30,26889.785305561913,2862.0001258850098,19128,18902,1.0119564067294466
8,2026-02-06 03:18:30,26889.785305561913,2864.000126266479,18731,18537,1.0104655553757351
8,2026-02-06 03:18:30,26889.785305561913,2866.000126647949,18302,18033,1.0149170964343148
8,2026-02-06 03:18:30,26889.785305561913,2868.0001270294188,18121,17695,1.0240745973438825
8,2026-02-06 03:18:30,26889.785305561913,2870.0001274108886,17498,17297,1.011620512227554
8,2026-02-06 03:18:30,26889.785305561913,2872.0001277923584,17203,17287,0.9951408572916064
8,2026-02-06 03:18:30,26889.785305561913,2874.0001281738278,16721,16599,1.0073498403518284
8,2026-02-06 03:18:30,26889.785305561913,2876.0001285552976,16373,16397,0.9985363176190767
8,2026-02-06 03:18:30,26889.785305561913,2878.0001289367674,16295,16071,1.0139381494617634
8,2026-02-06 03:18:30,26889.785305561913,2880.000129318237,15661,15705,0.9971983444762814
8,2026-02-06 03:18:30,26889.785305561913,2882.000129699707,15951,15756,1.0123762376237624
8,2026-02-06 03:18:30,26889.785305561913,2884.0001300811764,15603,15722,0.9924309884238647
8,2026-02-06 03:18:30,26889.785305561913,2886.000130462646,15469,15549,0.9948549745964371
8,2026-02-06 03:18:30,26889.785305561913,2888.000130844116,15319,15263,1.0036690034724498
8,2026-02-06 03:18:30,26889.785305561913,2890.000131225586,15022,15311,0.981124681601463
8,2026-02-06 03:18:30,26889.785305561913,2892.0001316070557,15267,15095,1.0113945014905599
8,2026-02-06 03:18:30,26889.785305561913,2894.000131988525,15193,14907,1.0191856174951366
8,2026-02-06 03:18:30,26889.785305561913,2896.000132369995,15073,15403,0.9785756021554243
8,2026-02-06 03:18:30,26889.785305561913,2898.0001327514647,15063,15228,0.9891646966115051
8,2026-02-06 03:18:30,26889.785305561913,2900.0001331329345,15169,15038,1.0087112647958505
9,2026-02-06 03:36:07,21676.26825360494,2199.99999961853,12462,13465,0.9255105829929446
9,2026-02-06 03:36:07,21676.26825360494,2202.0,12452,13158,0.9463444292445661
9,2026-02-06 03:36:07,21676.26825360494,2204.00000038147,11933,13644,0.8745968924069188
9,2026-02-06 03:36:07,21676.26825360494,2206.000000762939,11523,13519,0.8523559434869443
9,2026-02-06 03:36:07,21676.26825360494,2208.000001144409,11910,13571,0.8776066612629873
9,2026-02-06 03:36:07,21676.26825360494,2210.000001525879,12040,13978,0.8613535555873516
9,2026-02-06 03:36:07,21676.26825360494,2212.0000019073486,12787,14073,0.908619342002416
9,2026-02-06 03:36:07,21676.26825360494,2214.0000022888185,13268,14267,0.9299782715357118
9,2026-02-06 03:36:07,21676.26825360494,2216.000002670288,14051,14570,0.9643788606726149
9,2026-02-06 03:36:07,21676.26825360494,2218.0000030517576,14485,15050,0.9624584717607974
9,2026-02-06 03:36:07,21676.26825360494,2220.0000034332274,14793,15404,0.960334977927811
9,2026-02-06 03:36:07,21676.26825360494,2222.0000038146973,15445,15375,1.0045528455284554
9,2026-02-06 03:36:07,21676.26825360494,2224.000004196167,15368,15906,0.9661762856783603
9,2026-02-06 03:36:07,21676.26825360494,2226.0000045776364,15571,16143,0.964566685250573
9,2026-02-06 03:36:07,21676.26825360494,2228.0000049591063,15865,16153,0.9821704946449576
9,2026-02-06 03:36:07,21676.26825360494,2230.000005340576,15923,16429,0.9692008034573011
9,2026-02-06 03:36:07,21676.26825360494,2232.000005722046,16273,16402,0.9921351054749421
9,2026-02-06 03:36:07,21676.26825360494,2234.0000061035157,16011,16348,0.9793858575972596
9,2026-02-06 03:36:07,21676.26825360494,2236.000006484985,15958,16021,0.9960676611946819
9,2026-02-06 03:36:07,21676.26825360494,2238.000006866455,15876,16005,0.9919400187441425
9,2026-02-06 03:36:07,21676.26825360494,2240.0000072479247,15656,15908,0.984158913754086
9,2026-02-06 03:36:07,21676.26825360494,2242.0000076293945,15778,16018,0.9850168560369584
9,2026-02-06 03:36:07,21676.26825360494,2244.0000080108643,15878,15875,1.0001889763779528
9,2026-02-06 03:36:07,21676.26825360494,2246.0000083923337,16057,16117,0.996277222808215
9,2026-02-06 03:36:07,21676.26825360494,2248.0000087738035,15885,16402,0.9684794537251554
9,2026-02-06 03:36:07,21676.26825360494,2250.0000091552733,16220,16732,0.9693999521874253
9,2026-02-06 03:36:07,21676.26825360494,2252.000009536743,16430,16699,0.9838912509731121
9,2026-02-06 03:36:07,21676.26825360494,2254.000009918213,16810,17271,0.9733078571014996
9,2026-02-06 03:36:07,21676.26825360494,2256.0000102996823,16870,17367,0.9713825070536074
9,2026-02-06 03:36:07,21676.26825360494,2258.000010681152,17448,17507,0.9966299194607872
9,2026-02-06 03:36:07,21676.26825360494,2260.000011062622,17594,17675,0.9954172560113154
9,2026-02-06 03:36:07,21676.26825360494,2262.000011444092,17581,17985,0.9775368362524326
9,2026-02-06 03:36:07,21676.26825360494,2264.0000118255616,17626,17348,1.0160249020059948
9,2026-02-06 03:36:07,21676.26825360494,2266.000012207031,17545,17757,0.9880610463479191
9,2026-02-06 03:36:07,21676.26825360494,2268.000012588501,17477,17432,1.002581459385039
9,2026-02-06 03:36:07,21676.26825360494,2270.0000129699706,17266,17941,0.9623766791148766
9,2026-02-06 03:36:07,21676.26825360494,2272.0000133514404,17736,17804,0.9961806335654909
9,2026-02-06 03:36:07,21676.26825360494,2274.0000137329102,17621,18006,0.9786182383649894
9,2026-02-06 03:36:07,21676.26825360494,2276.0000141143796,17867,17857,1.0005600044800358
9,2026-02-06 03:36:07,21676.26825360494,2278.0000144958494,18041,18220,0.9901756311745334
9,2026-02-06 03:36:07,21676.26825360494,2280.0000148773192,18014,18377,0.9802470479403602
9,2026-02-06 03:36:07,21676.26825360494,2282.000015258789,18466,18553,0.9953107314180994
9,2026-02-06 03:36:07,21676.26825360494,2284.000015640259,18635,19212,0.9699666874869873
9,2026-02-06 03:36:07,21676.26825360494,2286.0000160217282,19158,19163,0.9997390805197516
9,2026-02-06 03:36:07,21676.26825360494,2288.000016403198,19228,19501,0.9860007179119019
9,2026-02-06 03:36:07,21676.26825360494,2290.000016784668,19744,19653,1.0046303363354194
9,2026-02-06 03:36:07,21676.26825360494,2292.0000171661377,19961,19839,1.0061495035032009
9,2026-02-06 03:36:07,21676.26825360494,2294.0000175476075,20120,20188,0.9966316623736874
9,2026-02-06 03:36:07,21676.26825360494,2296.000017929077,19780,20122,0.9830036775668423
9,2026-02-06 03:36:07,21676.26825360494,2298.0000183105467,19710,20189,0.9762742087275249
9,2026-02-06 03:36:07,21676.26825360494,2300.0000186920165,19787,19976,0.9905386463756508
9,2026-02-06 03:36:07,21676.26825360494,2302.0000190734863,19880,20057,0.9911751508201625
9,2026-02-06 03:36:07,21676.26825360494,2304.000019454956,20025,20020,1.0002497502497503
9,2026-02-06 03:36:07,21676.26825360494,2306.0000198364255,20137,20315,0.9912380014767413
9,2026-02-06 03:36:07,21676.26825360494,2308.0000202178953,20215,20259,0.9978281257712621
9,2026-02-06 03:36:07,21676.26825360494,2310.000020599365,20210,20567,0.9826420965624544
9,2026-02-06 03:36:07,21676.26825360494,2312.000020980835,20049,20614,0.9725914427088387
9,2026-02-06 03:36:07,21676.26825360494,2314.000021362305,20631,20652,0.9989831493317839
9,2026-02-06 03:36:07,21676.26825360494,2316.000021743774,20417,20593,0.9914534064973535
9,2026-02-06 03:36:07,21676.26825360494,2318.000022125244,20682,20772,0.9956672443674177
9,2026-02-06 03:36:07,21676.26825360494,2320.000022506714,20877,20962,0.9959450434118882
9,2026-02-06 03:36:07,21676.26825360494,2322.0000228881836,20800,20834,0.9983680522223289
9,2026-02-06 03:36:07,21676.26825360494,2324.0000232696534,20600,20694,0.9954576205663477
9,2026-02-06 03:36:07,21676.26825360494,2326.000023651123,20817,20574,1.0118110236220472
9,2026-02-06 03:36:07,21676.26825360494,2328.0000240325926,20145,20152,0.9996526399364827
9,2026-02-06 03:36:07,21676.26825360494,2330.0000244140624,20153,19983,1.0085072311464744
9,2026-02-06 03:36:07,21676.26825360494,2332.000024795532,19547,19517,1.0015371214838347
9,2026-02-06 03:36:07,21676.26825360494,2334.000025177002,19604,19450,1.007917737789203
9,2026-02-06 03:36:07,21676.26825360494,2336.0000255584714,19219,18804,1.0220697723888534
9,2026-02-06 03:36:07,21676.26825360494,2338.000025939941,18772,19131,0.981234645340024
9,2026-02-06 03:36:07,21676.26825360494,2340.000026321411,18871,18883,0.9993645077583011
9,2026-02-06 03:36:07,21676.26825360494,2342.000026702881,18468,18739,0.9855381824003415
9,2026-02-06 03:36:07,21676.26825360494,2344.0000270843507,18802,18519,1.0152816026783305
9,2026-02-06 03:36:07,21676.26825360494,2346.00002746582,18561,18720,0.9915064102564103
9,2026-02-06 03:36:07,21676.26825360494,2348.00002784729,18864,18773,1.0048473872050285
9,2026-02-06 03:36:07,21676.26825360494,2350.0000282287597,18689,18868,0.9905130379478482
9,2026-02-06 03:36:07,21676.26825360494,2352.0000286102295,18853,18968,0.9939371573175875
9,2026-02-06 03:36:07,21676.26825360494,2354.0000289916993,18880,18960,0.9957805907172996
9,2026-02-06 03:36:07,21676.26825360494,2356.0000293731687,19189,18968,1.0116512020244623
9,2026-02-06 03:36:07,21676.26825360494,2358.0000297546385,18739,18907,0.9911144020733061
9,2026-02-06 03:36:07,21676.26825360494,2360.0000301361083,19091,18972,1.0062724014336917
9,2026-02-06 03:36:07,21676.26825360494,2362.000030517578,18934,18962,0.9985233625145027
9,2026-02-06 03:36:07,21676.26825360494,2364.000030899048,18809,19094,0.9850738451869697
9,2026-02-06 03:36:07,21676.26825360494,2366.0000312805173,18867,18986,0.9937322237438112
9,2026-02-06 03:36:07,21676.26825360494,2368.000031661987,18876,19060,0.9903462749213011
9,2026-02-06 03:36:07,21676.26825360494,2370.000032043457,18898,19559,0.966204816197147
9,2026-02-06 03:36:07,21676.26825360494,2372.0000324249268,19199,19404,0.9894351680065966
9,2026-02-06 03:36:07,21676.26825360494,2374.0000328063966,19318,19567,0.9872744927684367
9,2026-02-06 03:36:07,21676.26825360494,2376.000033187866,19890,19901,0.9994472639565851
9,2026-02-06 03:36:07,21676.26825360494,2378.0000335693358,19732,19885,0.9923057581091275
9,2026-02-06 03:36:07,21676.26825360494,2380.0000339508056,20118,20117,1.000049709201173
9,2026-02-06 03:36:07,21676.26825360494,2382.0000343322754,20194,20751,0.9731579201002362
9,2026-02-06 03:36:07,21676.26825360494,2384.000034713745,20547,20798,0.9879315318780652
9,2026-02-06 03:36:07,21676.26825360494,2386.0000350952146,20984,20710,1.01323032351521
9,2026-02-06 03:36:07,21676.26825360494,2388.0000354766844,20644,21100,0.978388625592417
9,2026-02-06 03:36:07,21676.26825360494,2390.000035858154,20770,20617,1.007421060290052
9,2026-02-06 03:36:07,21676.26825360494,2392.000036239624,20717,20795,0.9962490983409473
9,2026-02-06 03:36:07,21676.26825360494,2394.000036621094,21128,20886,1.0115867088001531
9,2026-02-06 03:36:07,21676.26825360494,2396.000037002563,20801,20881,0.9961687658637038
9,2026-02-06 03:36:07,21676.26825360494,2398.000037384033,20458,20676,0.98945637454053
9,2026-02-06 03:36:07,21676.26825360494,2400.000037765503,20485,20513,0.9986350119436455
9,2026-02-06 03:36:07,21676.26825360494,2402.0000381469727,20457,20467,0.9995114086089804
9,2026-02-06 03:36:07,21676.26825360494,2404.0000385284425,20520,20398,1.0059809785273066
9,2026-02-06 03:36:07,21676.26825360494,2406.000038909912,20478,20679,0.9902799941970115
9,2026-02-06 03:36:07,21676.26825360494,2408.0000392913817,20144,20376,0.9886140557518649
9,2026-02-06 03:36:07,21676.26825360494,2410.0000396728515,20359,20563,0.9900792685892137
9,2026-02-06 03:36:07,21676.26825360494,2412.0000400543213,20364,20553,0.9908042621515107
9,2026-02-06 03:36:07,21676.26825360494,2414.000040435791,20544,20492,1.0025375756392738
9,2026-02-06 03:36:07,21676.26825360494,2416.0000408172605,20580,20789,0.9899466063783732
9,2026-02-06 03:36:07,21676.26825360494,2418.0000411987303,20535,20858,0.9845143350273277
9,2026-02-06 03:36:07,21676.26825360494,2420.0000415802,20718,20775,0.9972563176895307
9,2026-02-06 03:36:07,21676.26825360494,2422.00004196167,20465,20687,0.9892686228065936
9,2026-02-06 03:36:07,21676.26825360494,2424.0000423431397,20716,20716,1.0
9,2026-02-06 03:36:07,21676.26825360494,2426.000042724609,20186,20479,0.9856926607744518
9,2026-02-06 03:36:07,21676.26825360494,2428.000043106079,20168,20036,1.006588141345578
9,2026-02-06 03:36:07,21676.26825360494,2430.0000434875487,19792,20059,0.9866892666633431
9,2026-02-06 03:36:07,21676.26825360494,2432.0000438690186,19840,19476,1.0186896693366194
9,2026-02-06 03:36:07,21676.26825360494,2434.0000442504884,19642,19330,1.0161407139161924
9,2026-02-06 03:36:07,21676.26825360494,2436.0000446319577,19175,19169,1.000313005373259
9,2026-02-06 03:36:07,21676.26825360494,2438.0000450134276,19016,19006,1.0005261496369569
9,2026-02-06 03:36:07,21676.26825360494,2440.0000453948974,19077,19038,1.0020485345099275
9,2026-02-06 03:36:07,21676.26825360494,2442.000045776367,18755,18735,1.0010675206832131
9,2026-02-06 03:36:07,21676.26825360494,2444.000046157837,18828,18847,0.9989918819971348
9,2026-02-06 03:36:07,21676.26825360494,2446.0000465393064,18678,18972,0.9845034788108792
9,2026-02-06 03:36:07,21676.26825360494,2448.000046920776,18589,18741,0.9918894402646604
9,2026-02-06 03:36:07,21676.26825360494,2450.000047302246,18710,18922,0.9887961103477434
9,2026-02-06 03:36:07,21676.26825360494,2452.000047683716,19135,18959,1.0092831900416688
9,2026-02-06 03:36:07,21676.26825360494,2454.0000480651856,18687,18783,0.994888995368152
9,2026-02-06 03:36:07,21676.26825360494,2456.000048446655,18997,18996,1.000052642661613
9,2026-02-06 03:36:07,21676.26825360494,2458.000048828125,18727,18950,0.9882321899736147
9,2026-02-06 03:36:07,21676.26825360494,2460.0000492095946,18855,18946,0.995196875329885
9,2026-02-06 03:36:07,21676.26825360494,2462.0000495910645,18900,18759,1.0075163921317767
9,2026-02-06 03:36:07,21676.26825360494,2464.0000499725343,19031,19101,0.9963352704046908
9,2026-02-06 03:36:07,21676.26825360494,2466.0000503540036,18775,19428,0.9663887173152151
9,2026-02-06 03:36:07,21676.26825360494,2468.0000507354735,18866,19341,0.9754407734863761
9,2026-02-06 03:36:07,21676.26825360494,2470.0000511169433,19224,19643,0.978669246041847
9,2026-02-06 03:36:07,21676.26825360494,2472.000051498413,19191,19640,0.9771384928716904
9,2026-02-06 03:36:07,21676.26825360494,2474.000051879883,19587,19950,0.9818045112781955
9,2026-02-06 03:36:07,21676.26825360494,2476.0000522613523,19673,20099,0.9788049156674461
9,2026-02-06 03:36:07,21676.26825360494,2478.000052642822,20117,20061,1.0027914859677982
9,2026-02-06 03:36:07,21676.26825360494,2480.000053024292,20444,20540,0.9953261927945473
9,2026-02-06 03:36:07,21676.26825360494,2482.0000534057617,20877,21035,0.9924887092940338
9,2026-02-06 03:36:07,21676.26825360494,2484.0000537872315,20804,20817,0.9993755104001537
9,2026-02-06 03:36:07,21676.26825360494,2486.000054168701,21099,21074,1.0011862959096518
9,2026-02-06 03:36:07,21676.26825360494,2488.0000545501707,21261,21270,0.999576868829337
9,2026-02-06 03:36:07,21676.26825360494,2490.0000549316405,21112,21100,1.000568720379147
9,2026-02-06 03:36:07,21676.26825360494,2492.0000553131104,21149,21571,0.9804366974178295
9,2026-02-06 03:36:07,21676.26825360494,2494.00005569458,21121,21591,0.9782316706034921
9,2026-02-06 03:36:07,21676.26825360494,2496.0000560760495,20834,21344,0.9761056971514243
9,2026-02-06 03:36:07,21676.26825360494,2498.0000564575193,21152,21115,1.0017523087852238
9,2026-02-06 03:36:07,21676.26825360494,2500.000056838989,20920,20946,0.9987587128807409
9,2026-02-06 03:36:07,21676.26825360494,2502.000057220459,20780,20830,0.9975996159385502
9,2026-02-06 03:36:07,21676.26825360494,2504.000057601929,20573,20720,0.9929054054054054
9,2026-02-06 03:36:07,21676.26825360494,2506.000057983398,20367,20450,0.9959413202933985
9,2026-02-06 03:36:07,21676.26825360494,2508.000058364868,20358,20050,1.015361596009975
9,2026-02-06 03:36:07,21676.26825360494,2510.000058746338,20351,20579,0.9889207444482239
9,2026-02-06 03:36:07,21676.26825360494,2512.0000591278076,20116,20142,0.9987091649290041
9,2026-02-06 03:36:07,21676.26825360494,2514.0000595092774,19888,20151,0.9869485385340678
9,2026-02-06 03:36:07,21676.26825360494,2516.000059890747,19914,20145,0.9885331347728965
9,2026-02-06 03:36:07,21676.26825360494,2518.0000602722166,19739,19996,0.9871474294858972
9,2026-02-06 03:36:07,21676.26825360494,2520.0000606536864,19711,19721,0.9994929263221947
9,2026-02-06 03:36:07,21676.26825360494,2522.0000610351562,19485,19259,1.0117347733527182
9,2026-02-06 03:36:07,21676.26825360494,2524.000061416626,19622,19477,1.0074446783385531
9,2026-02-06 03:36:07,21676.26825360494,2526.0000617980954,19238,19430,0.9901183736489964
9,2026-02-06 03:36:07,21676.26825360494,2528.0000621795652,19259,19465,0.9894169021320318
9,2026-02-06 03:36:07,21676.26825360494,2530.000062561035,19260,19071,1.0099103350637093
9,2026-02-06 03:36:07,21676.26825360494,2532.000062942505,18949,19108,0.9916788779568767
9,2026-02-06 03:36:07,21676.26825360494,2534.0000633239747,19038,19024,1.0007359125315392
9,2026-02-06 03:36:07,21676.26825360494,2536.000063705444,19048,18939,1.00575531971065
9,2026-02-06 03:36:07,21676.26825360494,2538.000064086914,18720,18931,0.9888542602081243
9,2026-02-06 03:36:07,21676.26825360494,2540.0000644683837,18812,18750,1.0033066666666666
9,2026-02-06 03:36:07,21676.26825360494,2542.0000648498535,18668,18956,0.9848069212914117
9,2026-02-06 03:36:07,21676.26825360494,2544.0000652313233,18904,18998,0.9950521107484999
9,2026-02-06 03:36:07,21676.26825360494,2546.0000656127927,19080,19072,1.0004194630872483
9,2026-02-06 03:36:07,21676.26825360494,2548.0000659942625,19245,19160,1.004436325678497
9,2026-02-06 03:36:07,21676.26825360494,2550.0000663757323,19130,19519,0.9800707003432553
9,2026-02-06 03:36:07,21676.26825360494,2552.000066757202,18992,19435,0.9772060715204528
9,2026-02-06 03:36:07,21676.26825360494,2554.000067138672,19165,19301,0.9929537329672038
9,2026-02-06 03:36:07,21676.26825360494,2556.0000675201413,19208,19452,0.9874563026938104
9,2026-02-06 03:36:07,21676.26825360494,2558.000067901611,19662,19674,0.9993900579444953
9,2026-02-06 03:36:07,21676.26825360494,2560.000068283081,19368,19499,0.9932817067541925
9,2026-02-06 03:36:07,21676.26825360494,2562.000068664551,19532,19739,0.9895131465626424
9,2026-02-06 03:36:07,21676.26825360494,2564.0000690460206,19443,19652,0.9893649501323021
9,2026-02-06 03:36:07,21676.26825360494,2566.00006942749,19988,20107,0.9940816631024022
9,2026-02-06 03:36:07,21676.26825360494,2568.00006980896,19629,19961,0.9833675667551726
9,2026-02-06 03:36:07,21676.26825360494,2570.0000701904296,19747,20309,0.9723275395145009
9,2026-02-06 03:36:07,21676.26825360494,2572.0000705718994,20046,20353,0.9849162285658134
9,2026-02-06 03:36:07,21676.26825360494,2574.0000709533692,20278,20385,0.9947510424331616
9,2026-02-06 03:36:07,21676.26825360494,2576.0000713348386,20239,20200,1.0019306930693068
9,2026-02-06 03:36:07,21676.26825360494,2578.0000717163084,20315,20776,0.9778109356950327
9,2026-02-06 03:36:07,21676.26825360494,2580.0000720977782,20541,20638,0.9952999321639694
9,2026-02-06 03:36:07,21676.26825360494,2582.000072479248,20563,20848,0.9863296239447429
9,2026-02-06 03:36:07,21676.26825360494,2584.0000728607174,20787,20833,0.9977919646714347
9,2026-02-06 03:36:07,21676.26825360494,2586.000073242187,20796,20814,0.9991351974632459
9,2026-02-06 03:36:07,21676.26825360494,2588.000073623657,20970,21076,0.9949705826532549
9,2026-02-06 03:36:07,21676.26825360494,2590.000074005127,20667,21077,0.9805475162499407
9,2026-02-06 03:36:07,21676.26825360494,2592.0000743865967,20962,20959,1.0001431366000286
9,2026-02-06 03:36:07,21676.26825360494,2594.000074768066,20930,20813,1.0056214865708932
9,2026-02-06 03:36:07,21676.26825360494,2596.000075149536,20828,20861,0.9984181007621878
9,2026-02-06 03:36:07,21676.26825360494,2598.0000755310057,20921,20971,0.9976157550903629
9,2026-02-06 03:36:07,21676.26825360494,2600.0000759124755,20635,20915,0.9866124790819986
9,2026-02-06 03:36:07,21676.26825360494,2602.0000762939453,20649,20709,0.9971027089671157
9,2026-02-06 03:36:07,21676.26825360494,2604.0000766754147,20398,20419,0.9989715461090161
9,2026-02-06 03:36:07,21676.26825360494,2606.0000770568845,20302,20579,0.9865396763691141
9,2026-02-06 03:36:07,21676.26825360494,2608.0000774383543,20480,20520,0.9980506822612085
9,2026-02-06 03:36:07,21676.26825360494,2610.000077819824,20406,20409,0.9998530060267529
9,2026-02-06 03:36:07,21676.26825360494,2612.000078201294,20110,19995,1.005751437859465
9,2026-02-06 03:36:07,21676.26825360494,2614.0000785827633,19915,20079,0.9918322625628766
9,2026-02-06 03:36:07,21676.26825360494,2616.000078964233,20000,20037,0.9981534161800669
9,2026-02-06 03:36:07,21676.26825360494,2618.000079345703,19737,19756,0.9990382668556388
9,2026-02-06 03:36:07,21676.26825360494,2620.0000797271728,19507,19460,1.002415210688592
9,2026-02-06 03:36:07,21676.26825360494,2622.0000801086426,19576,19170,1.0211789254042776
9,2026-02-06 03:36:07,21676.26825360494,2624.000080490112,18920,19038,0.9938018699443218
9,2026-02-06 03:36:07,21676.26825360494,2626.0000808715818,18914,18881,1.0017477887823738
9,2026-02-06 03:36:07,21676.26825360494,2628.0000812530516,18875,18627,1.0133140065496322
9,2026-02-06 03:36:07,21676.26825360494,2630.0000816345214,18564,18668,0.9944289693593314
9,2026-02-06 03:36:07,21676.26825360494,2632.000082015991,18449,18572,0.9933771268576351
9,2026-02-06 03:36:07,21676.26825360494,2634.0000823974606,18509,18633,0.9933451403424033
9,2026-02-06 03:36:07,21676.26825360494,2636.0000827789304,18537,18590,0.9971490048413125
9,2026-02-06 03:36:07,21676.26825360494,2638.0000831604,18519,18621,0.9945223135169969
9,2026-02-06 03:36:07,21676.26825360494,2640.00008354187,18444,18352,1.0050130775937227
9,2026-02-06 03:36:07,21676.26825360494,2642.00008392334,18839,19037,0.9895992015548668
9,2026-02-06 03:36:07,21676.26825360494,2644.000084304809,18954,19265,0.9838567350116793
9,2026-02-06 03:36:07,21676.26825360494,2646.000084686279,19162,19208,0.9976051645147855
9,2026-02-06 03:36:07,21676.26825360494,2648.000085067749,19175,19309,0.9930602309803719
9,2026-02-06 03:36:07,21676.26825360494,2650.0000854492187,19414,20067,0.9674590123087656
9,2026-02-06 03:36:07,21676.26825360494,2652.0000858306885,19575,19701,0.9936043855641845
9,2026-02-06 03:36:07,21676.26825360494,2654.000086212158,19960,19846,1.0057442305754307
9,2026-02-06 03:36:07,21676.26825360494,2656.0000865936277,19846,20183,0.9833027795669623
9,2026-02-06 03:36:07,21676.26825360494,2658.0000869750975,20071,20238,0.991748196462101
9,2026-02-06 03:36:07,21676.26825360494,2660.0000873565673,19971,20289,0.9843264823303268
9,2026-02-06 03:36:07,21676.26825360494,2662.000087738037,20327,20165,1.0080337217951896
9,2026-02-06 03:36:07,21676.26825360494,2664.0000881195065,20094,20335,0.988148512417015
9,2026-02-06 03:36:07,21676.26825360494,2666.0000885009763,20304,20206,1.0048500445412254
9,2026-02-06 03:36:07,21676.26825360494,2668.000088882446,20186,20312,0.9937967703820402
9,2026-02-06 03:36:07,21676.26825360494,2670.000089263916,20340,20505,0.991953182150695
9,2026-02-06 03:36:07,21676.26825360494,2672.0000896453857,20175,20453,0.9864078619273456
9,2026-02-06 03:36:07,21676.26825360494,2674.000090026855,20224,20898,0.9677481098669729
9,2026-02-06 03:36:07,21676.26825360494,2676.000090408325,20121,20662,0.9738166682799342
9,2026-02-06 03:36:07,21676.26825360494,2678.0000907897947,20290,20584,0.9857170617955694
9,2026-02-06 03:36:07,21676.26825360494,2680.0000911712646,20325,20602,0.9865547034268518
9,2026-02-06 03:36:07,21676.26825360494,2682.0000915527344,20499,20951,0.9784258507947114
9,2026-02-06 03:36:07,21676.26825360494,2684.0000919342037,20425,20413,1.0005878606770195
9,2026-02-06 03:36:07,21676.26825360494,2686.0000923156736,20181,20332,0.9925732834939996
9,2026-02-06 03:36:07,21676.26825360494,2688.0000926971434,19907,20454,0.9732570646328347
9,2026-02-06 03:36:07,21676.26825360494,2690.000093078613,19894,20274,0.9812567820854297
9,2026-02-06 03:36:07,21676.26825360494,2692.000093460083,19853,20097,0.9878588844106085
9,2026-02-06 03:36:07,21676.26825360494,2694.0000938415524,19640,19953,0.9843131358692928
9,2026-02-06 03:36:07,21676.26825360494,2696.000094223022,19251,20051,0.960101740561568
9,2026-02-06 03:36:07,21676.26825360494,2698.000094604492,19085,19513,0.9780659047814277
9,2026-02-06 03:36:07,21676.26825360494,2700.000094985962,18588,19782,0.9396420988777676
9,2026-02-06 03:36:07,21676.26825360494,2702.0000953674316,17901,19614,0.9126644233710615
9,2026-02-06 03:36:07,21676.26825360494,2704.000095748901,17299,19469,0.8885407571010324
9,2026-02-06 03:36:07,21676.26825360494,2706.000096130371,16628,19118,0.8697562506538341
9,2026-02-06 03:36:07,21676.26825360494,2708.0000965118406,16249,19436,0.8360259312615764
9,2026-02-06 03:36:07,21676.26825360494,2710.0000968933105,16670,19348,0.8615877610088898
9,2026-02-06 03:36:07,21676.26825360494,2712.0000972747803,16688,19651,0.8492188692687395
9,2026-02-06 03:36:07,21676.26825360494,2714.0000976562496,17929,19315,0.9282422987315558
9,2026-02-06 03:36:07,21676.26825360494,2716.0000980377195,18249,19357,0.9427597251640234
9,2026-02-06 03:36:07,21676.26825360494,2718.0000984191893,18506,19189,0.9644066913335765
9,2026-02-06 03:36:07,21676.26825360494,2720.000098800659,18360,19118,0.9603515012030547
9,2026-02-06 03:36:07,21676.26825360494,2722.000099182129,18487,19094,0.968209908871897
9,2026-02-06 03:36:07,21676.26825360494,2724.0000995635983,18382,18403,0.99885888170407
9,2026-02-06 03:36:07,21676.26825360494,2726.000099945068,18039,18651,0.9671867460189802
9,2026-02-06 03:36:07,21676.26825360494,2728.000100326538,18613,18572,1.0022076243807883
9,2026-02-06 03:36:07,21676.26825360494,2730.0001007080077,18163,18414,0.9863690670142283
9,2026-02-06 03:36:07,21676.26825360494,2732.0001010894775,18183,18473,0.9843014128728415
9,2026-02-06 03:36:07,21676.26825360494,2734.000101470947,18356,18248,1.0059184568171855
9,2026-02-06 03:36:07,21676.26825360494,2736.0001018524167,18103,18544,0.976218723037101
9,2026-02-06 03:36:07,21676.26825360494,2738.0001022338865,18222,18545,0.9825829064437854
9,2026-02-06 03:36:07,21676.26825360494,2740.0001026153564,18018,18459,0.9761092150170648
9,2026-02-06 03:36:07,21676.26825360494,2742.000102996826,18323,18671,0.9813614696588292
9,2026-02-06 03:36:07,21676.26825360494,2744.0001033782955,18566,18759,0.9897116050962205
9,2026-02-06 03:36:07,21676.26825360494,2746.0001037597654,18779,18759,1.0010661549123088
9,2026-02-06 03:36:07,21676.26825360494,2748.000104141235,18641,18721,0.9957267239997863
9,2026-02-06 03:36:07,21676.26825360494,2750.000104522705,18804,19189,0.979936421908385
9,2026-02-06 03:36:07,21676.26825360494,2752.000104904175,18876,19144,0.9860008357709987
9,2026-02-06 03:36:07,21676.26825360494,2754.000105285644,19230,19381,0.9922088643516846
9,2026-02-06 03:36:07,21676.26825360494,2756.000105667114,19373,19364,1.0004647800041313
9,2026-02-06 03:36:07,21676.26825360494,2758.000106048584,19531,19743,0.9892620169173885
9,2026-02-06 03:36:07,21676.26825360494,2760.0001064300536,19259,19838,0.9708135900796451
9,2026-02-06 03:36:07,21676.26825360494,2762.0001068115234,19826,19483,1.017605091618334
9,2026-02-06 03:36:07,21676.26825360494,2764.000107192993,19456,19959,0.9747983365900095
9,2026-02-06 03:36:07,21676.26825360494,2766.0001075744626,19893,20172,0.9861689470553242
9,2026-02-06 03:36:07,21676.26825360494,2768.0001079559324,19816,20237,0.9791965212235015
9,2026-02-06 03:36:07,21676.26825360494,2770.0001083374023,20107,20113,0.9997016854770546
9,2026-02-06 03:36:07,21676.26825360494,2772.000108718872,19862,20242,0.9812271514672464
9,2026-02-06 03:36:07,21676.26825360494,2774.0001091003414,19830,20234,0.9800336068004349
9,2026-02-06 03:36:07,21676.26825360494,2776.0001094818113,20213,20039,1.0086830680173662
9,2026-02-06 03:36:07,21676.26825360494,2778.000109863281,20229,20515,0.986058981233244
9,2026-02-06 03:36:07,21676.26825360494,2780.000110244751,20221,20393,0.9915657333398715
9,2026-02-06 03:36:07,21676.26825360494,2782.0001106262207,20290,20409,0.9941692390611985
9,2026-02-06 03:36:07,21676.26825360494,2784.00011100769,20307,20324,0.9991635504821885
9,2026-02-06 03:36:07,21676.26825360494,2786.00011138916,20171,19968,1.010166266025641
9,2026-02-06 03:36:07,21676.26825360494,2788.0001117706297,19794,19842,0.9975808890232839
9,2026-02-06 03:36:07,21676.26825360494,2790.0001121520995,19845,19780,1.0032861476238626
9,2026-02-06 03:36:07,21676.26825360494,2792.0001125335693,19779,19762,1.0008602368181359
9,2026-02-06 03:36:07,21676.26825360494,2794.0001129150387,19648,19541,1.0054756665472595
9,2026-02-06 03:36:07,21676.26825360494,2796.0001132965085,19440,19407,1.001700417375174
9,2026-02-06 03:36:07,21676.26825360494,2798.0001136779783,19181,19399,0.9887623073354297
9,2026-02-06 03:36:07,21676.26825360494,2800.000114059448,19035,19128,0.9951380175658721
9,2026-02-06 03:36:07,21676.26825360494,2802.000114440918,18903,19075,0.9909829619921363
9,2026-02-06 03:36:07,21676.26825360494,2804.0001148223873,19044,18813,1.0122787434221017
9,2026-02-06 03:36:07,21676.26825360494,2806.000115203857,18801,18904,0.9945514176893779
9,2026-02-06 03:36:07,21676.26825360494,2808.000115585327,18770,19019,0.9869078290130922
9,2026-02-06 03:36:07,21676.26825360494,2810.000115966797,18630,18933,0.9839961971161464
9,2026-02-06 03:36:07,21676.26825360494,2812.0001163482666,18844,18888,0.9976704786107582
9,2026-02-06 03:36:07,21676.26825360494,2814.000116729736,18836,19095,0.9864362398533647
9,2026-02-06 03:36:07,21676.26825360494,2816.000117111206,18314,18657,0.9816154794447124
9,2026-02-06 03:36:07,21676.26825360494,2818.0001174926756,18483,18642,0.9914708722240103
9,2026-02-06 03:36:07,21676.26825360494,2820.0001178741454,18425,18627,0.9891555269232835
9,2026-02-06 03:36:07,21676.26825360494,2822.0001182556152,18280,18805,0.9720818931135337
9,2026-02-06 03:36:07,21676.26825360494,2824.0001186370846,18437,18575,0.9925706594885599
9,2026-02-06 03:36:07,21676.26825360494,2826.0001190185544,18483,18384,1.0053851174934725
9,2026-02-06 03:36:07,21676.26825360494,2828.0001194000242,18483,18425,1.0031478968792402
9,2026-02-06 03:36:07,21676.26825360494,2830.000119781494,18297,17931,1.0204115777145726
9,2026-02-06 03:36:07,21676.26825360494,2832.000120162964,17823,18409,0.9681677440382421
9,2026-02-06 03:36:07,21676.26825360494,2834.0001205444332,18085,18109,0.9986746921420289
9,2026-02-06 03:36:07,21676.26825360494,2836.000120925903,18066,18136,0.9961402734891928
9,2026-02-06 03:36:07,21676.26825360494,2838.000121307373,17672,17768,0.994597028365601
9,2026-02-06 03:36:07,21676.26825360494,2840.0001216888427,17670,17591,1.004490932863396
9,2026-02-06 03:36:07,21676.26825360494,2842.0001220703125,17672,17758,0.9951571122874198
9,2026-02-06 03:36:07,21676.26825360494,2844.000122451782,17696,17657,1.0022087557342696
9,2026-02-06 03:36:07,21676.26825360494,2846.0001228332517,17322,17879,0.9688461323340232
9,2026-02-06 03:36:07,21676.26825360494,2848.0001232147215,17203,17274,0.9958897765427811
9,2026-02-06 03:36:07,21676.26825360494,2850.0001235961913,17258,17259,0.9999420592154817
9,2026-02-06 03:36:07,21676.26825360494,2852.000123977661,17482,17401,1.0046549048905236
9,2026-02-06 03:36:07,21676.26825360494,2854.0001243591305,17156,17098,1.0033922096151597
9,2026-02-06 03:36:07,21676.26825360494,2856.0001247406003,16851,16998,0.991351923755736
9,2026-02-06 03:36:07,21676.26825360494,2858.00012512207,16637,16397,1.0146368238092334
9,2026-02-06 03:36:07,21676.26825360494,2860.00012550354,16252,16425,0.9894672754946727
9,2026-02-06 03:36:07,21676.26825360494,2862.0001258850098,16152,16036,1.0072337241207283
9,2026-02-06 03:36:07,21676.26825360494,2864.000126266479,15988,15881,1.0067376109816761
9,2026-02-06 03:36:07,21676.26825360494,2866.000126647949,15623,15526,1.0062475846966379
9,2026-02-06 03:36:07,21676.26825360494,2868.0001270294188,15541,15140,1.0264861294583885
9,2026-02-06 03:36:07,21676.26825360494,2870.0001274108886,15012,14834,1.0119994606983955
9,2026-02-06 03:36:07,21676.26825360494,2872.0001277923584,14734,14601,1.009108965139374
9,2026-02-06 03:36:07,21676.26825360494,2874.0001281738278,14323,14363,0.9972150664902876
9,2026-02-06 03:36:07,21676.26825360494,2876.0001285552976,14413,14497,0.994205697730565
9,2026-02-06 03:36:07,21676.26825360494,2878.0001289367674,14032,14046,0.9990032749537234
9,2026-02-06 03:36:07,21676.26825360494,2880.000129318237,13849,13759,1.006541173050367
9,2026-02-06 03:36:07,21676.26825360494,2882.000129699707,13743,13743,1.0
9,2026-02-06 03:36:07,21676.26825360494,2884.0001300811764,13522,13457,1.004830199895965
9,2026-02-06 03:36:07,21676.26825360494,2886.000130462646,13326,13364,0.9971565399580964
9,2026-02-06 03:36:07,21676.26825360494,2888.000130844116,13380,13519,0.989718174421185
9,2026-02-06 03:36:07,21676.26825360494,2890.000131225586,13296,13515,0.983795782463929
9,2026-02-06 03:36:07,21676.26825360494,2892.0001316070557,13362,13259,1.0077683083188778
9,2026-02-06 03:36:07,21676.26825360494,2894.000131988525,13129,13363,0.9824889620594178
9,2026-02-06 03:36:07,21676.26825360494,2896.000132369995,13357,13400,0.9967910447761194
9,2026-02-06 03:36:07,21676.26825360494,2898.0001327514647,13292,13340,0.9964017991004498
9,2026-02-06 03:36:07,21676.26825360494,2900.0001331329345,13237,13334,0.9927253637318134
10,2026-02-06 03:53:45,17394.640421149004,2199.99999961853,11403,12096,0.9427083333333334
10,2026-02-06 03:53:45,17394.640421149004,2202.0,11282,12000,0.9401666666666667
10,2026-02-06 03:53:45,17394.640421149004,2204.00000038147,10895,12197,0.8932524391243748
10,2026-02-06 03:53:45,17394.640421149004,2206.000000762939,10666,11967,0.8912843653380129
10,2026-02-06 03:53:45,17394.640421149004,2208.000001144409,10604,11924,0.8892988929889298
10,2026-02-06 03:53:45,17394.640421149004,2210.000001525879,10948,12058,0.9079449328246807
10,2026-02-06 03:53:45,17394.640421149004,2212.0000019073486,11241,12162,0.9242723236309818
10,2026-02-06 03:53:45,17394.640421149004,2214.0000022888185,11793,12556,0.939232239566741
10,2026-02-06 03:53:45,17394.640421149004,2216.000002670288,12208,12838,0.95092693565976
10,2026-02-06 03:53:45,17394.640421149004,2218.0000030517576,12463,13114,0.9503583956077475
10,2026-02-06 03:53:45,17394.640421149004,2220.0000034332274,12796,13369,0.9571396514324183
10,2026-02-06 03:53:45,17394.640421149004,2222.0000038146973,13331,13535,0.9849279645363871
10,2026-02-06 03:53:45,17394.640421149004,2224.000004196167,13388,13690,0.9779401022644266
10,2026-02-06 03:53:45,17394.640421149004,2226.0000045776364,13724,13760,0.9973837209302325
10,2026-02-06 03:53:45,17394.640421149004,2228.0000049591063,13588,13705,0.9914629697190807
10,2026-02-06 03:53:45,17394.640421149004,2230.000005340576,13472,13726,0.9814949730438584
10,2026-02-06 03:53:45,17394.640421149004,2232.000005722046,13693,13672,1.0015359859567
10,2026-02-06 03:53:45,17394.640421149004,2234.0000061035157,13269,13582,0.976954793108526
10,2026-02-06 03:53:45,17394.640421149004,2236.000006484985,13653,13457,1.014564910455525
10,2026-02-06 03:53:45,17394.640421149004,2238.000006866455,13450,13551,0.9925466755221017
10,2026-02-06 03:53:45,17394.640421149004,2240.0000072479247,13322,13353,0.9976784243241219
10,2026-02-06 03:53:45,17394.640421149004,2242.0000076293945,13163,13263,0.9924602277011234
10,2026-02-06 03:53:45,17394.640421149004,2244.0000080108643,13243,13211,1.0024222239043221
10,2026-02-06 03:53:45,17394.640421149004,2246.0000083923337,13137,13684,0.9600263080970477
10,2026-02-06 03:53:45,17394.640421149004,2248.0000087738035,13409,13562,0.9887184781005751
10,2026-02-06 03:53:45,17394.640421149004,2250.0000091552733,13501,13590,0.9934510669610007
10,2026-02-06 03:53:45,17394.640421149004,2252.000009536743,13624,13935,0.9776820954431288
10,2026-02-06 03:53:45,17394.640421149004,2254.000009918213,13632,13755,0.9910577971646674
10,2026-02-06 03:53:45,17394.640421149004,2256.0000102996823,13928,14100,0.9878014184397164
10,2026-02-06 03:53:45,17394.640421149004,2258.000010681152,14001,14245,0.9828711828711829
10,2026-02-06 03:53:45,17394.640421149004,2260.000011062622,14186,14463,0.9808476802876305
10,2026-02-06 03:53:45,17394.640421149004,2262.000011444092,14213,14173,1.0028222676920906
10,2026-02-06 03:53:45,17394.640421149004,2264.0000118255616,14347,14120,1.0160764872521246
10,2026-02-06 03:53:45,17394.640421149004,2266.000012207031,14266,14390,0.9913829047949966
10,2026-02-06 03:53:45,17394.640421149004,2268.000012588501,14154,14275,0.9915236427320491
10,2026-02-06 03:53:45,17394.640421149004,2270.0000129699706,14168,14318,0.98952367649113
10,2026-02-06 03:53:45,17394.640421149004,2272.0000133514404,14041,14186,0.9897786550119837
10,2026-02-06 03:53:45,17394.640421149004,2274.0000137329102,14213,14346,0.9907291231005159
10,2026-02-06 03:53:45,17394.640421149004,2276.0000141143796,14457,14283,1.0121823146397815
10,2026-02-06 03:53:45,17394.640421149004,2278.0000144958494,14290,14680,0.973433242506812
10,2026-02-06 03:53:45,17394.640421149004,2280.0000148773192,14851,14822,1.0019565510727297
10,2026-02-06 03:53:45,17394.640421149004,2282.000015258789,14946,14984,0.9974639615589963
10,2026-02-06 03:53:45,17394.640421149004,2284.000015640259,14852,15337,0.9683771272087109
10,2026-02-06 03:53:45,17394.640421149004,2286.0000160217282,15275,15617,0.9781007876032529
10,2026-02-06 03:53:45,17394.640421149004,2288.000016403198,15707,15827,0.9924180198395147
10,2026-02-06 03:53:45,17394.640421149004,2290.000016784668,15919,16162,0.9849647320876129
10,2026-02-06 03:53:45,17394.640421149004,2292.0000171661377,16096,16253,0.9903402448778686
10,2026-02-06 03:53:45,17394.640421149004,2294.0000175476075,15998,16067,0.9957054832887284
10,2026-02-06 03:53:45,17394.640421149004,2296.000017929077,16243,16357,0.9930305068166534
10,2026-02-06 03:53:45,17394.640421149004,2298.0000183105467,16209,16263,0.9966795794133924
10,2026-02-06 03:53:45,17394.640421149004,2300.0000186920165,16175,16228,0.9967340399309835
10,2026-02-06 03:53:45,17394.640421149004,2302.0000190734863,15952,16344,0.9760156632403328
10,2026-02-06 03:53:45,17394.640421149004,2304.000019454956,16290,16127,1.0101072735164631
10,2026-02-06 03:53:45,17394.640421149004,2306.0000198364255,16165,16147,1.0011147581594104
10,2026-02-06 03:53:45,17394.640421149004,2308.0000202178953,16330,16203,1.0078380546812318
10,2026-02-06 03:53:45,17394.640421149004,2310.000020599365,16211,16631,0.9747459563465817
10,2026-02-06 03:53:45,17394.640421149004,2312.000020980835,16234,16633,0.9760115433175014
10,2026-02-06 03:53:45,17394.640421149004,2314.000021362305,16309,16566,0.9844862972353012
10,2026-02-06 03:53:45,17394.640421149004,2316.000021743774,16604,16629,0.998496602321246
10,2026-02-06 03:53:45,17394.640421149004,2318.000022125244,16674,16822,0.9912019973843776
10,2026-02-06 03:53:45,17394.640421149004,2320.000022506714,16622,16910,0.9829686575990538
10,2026-02-06 03:53:45,17394.640421149004,2322.0000228881836,16785,16870,0.9949614700652045
10,2026-02-06 03:53:45,17394.640421149004,2324.0000232696534,16593,16637,0.9973552924205085
10,2026-02-06 03:53:45,17394.640421149004,2326.000023651123,16513,16685,0.9896913395265208
10,2026-02-06 03:53:45,17394.640421149004,2328.0000240325926,16565,16326,1.0146392257748378
10,2026-02-06 03:53:45,17394.640421149004,2330.0000244140624,15877,16006,0.991940522304136
10,2026-02-06 03:53:45,17394.640421149004,2332.000024795532,15797,15658,1.0088772512453699
10,2026-02-06 03:53:45,17394.640421149004,2334.000025177002,15365,15763,0.9747509991752838
10,2026-02-06 03:53:45,17394.640421149004,2336.0000255584714,15360,15285,1.0049067713444553
10,2026-02-06 03:53:45,17394.640421149004,2338.000025939941,15261,15116,1.0095924847843345
10,2026-02-06 03:53:45,17394.640421149004,2340.000026321411,14780,14926,0.9902184108267453
10,2026-02-06 03:53:45,17394.640421149004,2342.000026702881,14815,14946,0.9912351130737321
10,2026-02-06 03:53:45,17394.640421149004,2344.0000270843507,14713,14943,0.9846081777420866
10,2026-02-06 03:53:45,17394.640421149004,2346.00002746582,14813,14862,0.9967030009419997
10,2026-02-06 03:53:45,17394.640421149004,2348.00002784729,14767,14813,0.9968946195908999
10,2026-02-06 03:53:45,17394.640421149004,2350.0000282287597,15038,14908,1.0087201502548968
10,2026-02-06 03:53:45,17394.640421149004,2352.0000286102295,14770,15102,0.9780161568004238
10,2026-02-06 03:53:45,17394.640421149004,2354.0000289916993,14738,15212,0.9688403891664475
10,2026-02-06 03:53:45,17394.640421149004,2356.0000293731687,15419,15052,1.024382141908052
10,2026-02-06 03:53:45,17394.640421149004,2358.0000297546385,15018,15306,0.9811838494707957
10,2026-02-06 03:53:45,17394.640421149004,2360.0000301361083,14922,15330,0.9733855185909981
10,2026-02-06 03:53:45,17394.640421149004,2362.000030517578,15147,15293,0.9904531484993134
10,2026-02-06 03:53:45,17394.640421149004,2364.000030899048,15028,15142,0.9924712719587901
10,2026-02-06 03:53:45,17394.640421149004,2366.0000312805173,15229,15030,1.0132401862940785
10,2026-02-06 03:53:45,17394.640421149004,2368.000031661987,15204,15127,1.005090236001851
10,2026-02-06 03:53:45,17394.640421149004,2370.000032043457,15234,15258,0.9984270546598506
10,2026-02-06 03:53:45,17394.640421149004,2372.0000324249268,15469,15382,1.0056559615134573
10,2026-02-06 03:53:45,17394.640421149004,2374.0000328063966,15465,15867,0.9746643978067687
10,2026-02-06 03:53:45,17394.640421149004,2376.000033187866,15667,15799,0.9916450408253686
10,2026-02-06 03:53:45,17394.640421149004,2378.0000335693358,15830,16166,0.979215637758258
10,2026-02-06 03:53:45,17394.640421149004,2380.0000339508056,16105,16460,0.9784325637910085
10,2026-02-06 03:53:45,17394.640421149004,2382.0000343322754,16259,16725,0.9721375186846039
10,2026-02-06 03:53:45,17394.640421149004,2384.000034713745,16709,16744,0.9979096989966555
10,2026-02-06 03:53:45,17394.640421149004,2386.0000350952146,16678,16712,0.9979655337482048
10,2026-02-06 03:53:45,17394.640421149004,2388.0000354766844,16829,17058,0.9865752139758471
10,2026-02-06 03:53:45,17394.640421149004,2390.000035858154,16814,16975,0.9905154639175258
10,2026-02-06 03:53:45,17394.640421149004,2392.000036239624,16582,16893,0.9815900076954952
10,2026-02-06 03:53:45,17394.640421149004,2394.000036621094,16711,16983,0.983983983983984
10,2026-02-06 03:53:45,17394.640421149004,2396.000037002563,16646,16675,0.9982608695652174
10,2026-02-06 03:53:45,17394.640421149004,2398.000037384033,16407,16661,0.9847548166376568
10,2026-02-06 03:53:45,17394.640421149004,2400.000037765503,16284,16631,0.9791353496482472
10,2026-02-06 03:53:45,17394.640421149004,2402.0000381469727,16393,16548,0.9906333091612279
10,2026-02-06 03:53:45,17394.640421149004,2404.0000385284425,16726,16475,1.0152352048558422
10,2026-02-06 03:53:45,17394.640421149004,2406.000038909912,16584,16442,1.0086364189271377
10,2026-02-06 03:53:45,17394.640421149004,2408.0000392913817,16343,16591,0.9850521367006209
10,2026-02-06 03:53:45,17394.640421149004,2410.0000396728515,16561,16525,1.002178517397882
10,2026-02-06 03:53:45,17394.640421149004,2412.0000400543213,16242,16710,0.9719928186714543
10,2026-02-06 03:53:45,17394.640421149004,2414.000040435791,16466,16937,0.9721910609907304
10,2026-02-06 03:53:45,17394.640421149004,2416.0000408172605,16612,16555,1.0034430685593476
10,2026-02-06 03:53:45,17394.640421149004,2418.0000411987303,16710,16688,1.0013183125599232
10,2026-02-06 03:53:45,17394.640421149004,2420.0000415802,16455,16673,0.9869249685119654
10,2026-02-06 03:53:45,17394.640421149004,2422.00004196167,16525,16551,0.9984290979397016
10,2026-02-06 03:53:45,17394.640421149004,2424.0000423431397,16286,16204,1.0050604788941002
10,2026-02-06 03:53:45,17394.640421149004,2426.000042724609,16312,15952,1.0225677031093279
10,2026-02-06 03:53:45,17394.640421149004,2428.000043106079,16123,16022,1.0063038322306828
10,2026-02-06 03:53:45,17394.640421149004,2430.0000434875487,15668,15972,0.9809666917104933
10,2026-02-06 03:53:45,17394.640421149004,2432.0000438690186,15748,15650,1.006261980830671
10,2026-02-06 03:53:45,17394.640421149004,2434.0000442504884,15434,15407,1.0017524501849808
10,2026-02-06 03:53:45,17394.640421149004,2436.0000446319577,15309,15366,0.9962905115189379
10,2026-02-06 03:53:45,17394.640421149004,2438.0000450134276,15029,15553,0.9663087507233331
10,2026-02-06 03:53:45,17394.640421149004,2440.0000453948974,15341,15079,1.0173751575038132
10,2026-02-06 03:53:45,17394.640421149004,2442.000045776367,14990,15032,0.9972059606173497
10,2026-02-06 03:53:45,17394.640421149004,2444.000046157837,14939,14944,0.9996654175588865
10,2026-02-06 03:53:45,17394.640421149004,2446.0000465393064,14951,15313,0.9763599555932867
10,2026-02-06 03:53:45,17394.640421149004,2448.000046920776,15105,15132,0.9982157018239493
10,2026-02-06 03:53:45,17394.640421149004,2450.000047302246,15023,15025,0.9998668885191347
10,2026-02-06 03:53:45,17394.640421149004,2452.000047683716,14966,15053,0.9942204211785026
10,2026-02-06 03:53:45,17394.640421149004,2454.0000480651856,14639,15149,0.966334411512311
10,2026-02-06 03:53:45,17394.640421149004,2456.000048446655,14988,15197,0.9862472856484833
10,2026-02-06 03:53:45,17394.640421149004,2458.000048828125,15067,15264,0.9870938155136268
10,2026-02-06 03:53:45,17394.640421149004,2460.0000492095946,14992,15259,0.9825021298905564
10,2026-02-06 03:53:45,17394.640421149004,2462.0000495910645,14917,15288,0.9757326007326007
10,2026-02-06 03:53:45,17394.640421149004,2464.0000499725343,15176,15090,1.0056991385023195
10,2026-02-06 03:53:45,17394.640421149004,2466.0000503540036,15059,15109,0.9966907141438878
10,2026-02-06 03:53:45,17394.640421149004,2468.0000507354735,15257,15331,0.9951731785271671
10,2026-02-06 03:53:45,17394.640421149004,2470.0000511169433,15431,15642,0.9865106763840941
10,2026-02-06 03:53:45,17394.640421149004,2472.000051498413,15625,15435,1.0123096857790734
10,2026-02-06 03:53:45,17394.640421149004,2474.000051879883,16002,15891,1.0069850858976779
10,2026-02-06 03:53:45,17394.640421149004,2476.0000522613523,15890,16081,0.988122629189727
10,2026-02-06 03:53:45,17394.640421149004,2478.000052642822,15991,16482,0.9702099259798568
10,2026-02-06 03:53:45,17394.640421149004,2480.000053024292,16408,16642,0.9859391900012018
10,2026-02-06 03:53:45,17394.640421149004,2482.0000534057617,16347,16567,0.9867205891229552
10,2026-02-06 03:53:45,17394.640421149004,2484.0000537872315,16887,17092,0.9880060847179967
10,2026-02-06 03:53:45,17394.640421149004,2486.000054168701,17196,17221,0.9985482840717729
10,2026-02-06 03:53:45,17394.640421149004,2488.0000545501707,17011,17126,0.9932850636459185
10,2026-02-06 03:53:45,17394.640421149004,2490.0000549316405,17160,17095,1.0038022813688212
10,2026-02-06 03:53:45,17394.640421149004,2492.0000553131104,16942,16995,0.9968814357163872
10,2026-02-06 03:53:45,17394.640421149004,2494.00005569458,17170,17135,1.002042602859644
10,2026-02-06 03:53:45,17394.640421149004,2496.0000560760495,17180,17016,1.0096379877762107
10,2026-02-06 03:53:45,17394.640421149004,2498.0000564575193,17073,16719,1.0211735151623902
10,2026-02-06 03:53:45,17394.640421149004,2500.000056838989,16798,16783,1.00089376154442
10,2026-02-06 03:53:45,17394.640421149004,2502.000057220459,16773,16877,0.9938377673757184
10,2026-02-06 03:53:45,17394.640421149004,2504.000057601929,16584,16801,0.9870841021367776
10,2026-02-06 03:53:45,17394.640421149004,2506.000057983398,16638,16979,0.9799163672772248
10,2026-02-06 03:53:45,17394.640421149004,2508.000058364868,16360,16349,1.0006728240259344
10,2026-02-06 03:53:45,17394.640421149004,2510.000058746338,16563,16325,1.0145788667687596
10,2026-02-06 03:53:45,17394.640421149004,2512.0000591278076,16362,16274,1.0054073983040432
10,2026-02-06 03:53:45,17394.640421149004,2514.0000595092774,16297,15914,1.024066859369109
10,2026-02-06 03:53:45,17394.640421149004,2516.000059890747,16122,16154,0.9980190664850811
10,2026-02-06 03:53:45,17394.640421149004,2518.0000602722166,16005,15870,1.0085066162570888
10,2026-02-06 03:53:45,17394.640421149004,2520.0000606536864,15657,15645,1.0007670182166826
10,2026-02-06 03:53:45,17394.640421149004,2522.0000610351562,15946,15553,1.0252684369575003
10,2026-02-06 03:53:45,17394.640421149004,2524.000061416626,15896,15665,1.0147462496010213
10,2026-02-06 03:53:45,17394.640421149004,2526.0000617980954,15206,15560,0.9772493573264781
10,2026-02-06 03:53:45,17394.640421149004,2528.0000621795652,15319,15487,0.9891521921611675
10,2026-02-06 03:53:45,17394.640421149004,2530.000062561035,15209,15186,1.0015145528776506
10,2026-02-06 03:53:45,17394.640421149004,2532.000062942505,15160,14908,1.0169036758787229
10,2026-02-06 03:53:45,17394.640421149004,2534.0000633239747,14970,15238,0.982412390077438
10,2026-02-06 03:53:45,17394.640421149004,2536.000063705444,14896,15035,0.9907549052211506
10,2026-02-06 03:53:45,17394.640421149004,2538.000064086914,15134,14867,1.0179592385820946
10,2026-02-06 03:53:45,17394.640421149004,2540.0000644683837,14734,15129,0.9738912023266574
10,2026-02-06 03:53:45,17394.640421149004,2542.0000648498535,15044,15126,0.9945788708184583
10,2026-02-06 03:53:45,17394.640421149004,2544.0000652313233,15145,15190,0.9970375246872942
10,2026-02-06 03:53:45,17394.640421149004,2546.0000656127927,15312,15270,1.0027504911591356
10,2026-02-06 03:53:45,17394.640421149004,2548.0000659942625,15382,15269,1.0074006156264326
10,2026-02-06 03:53:45,17394.640421149004,2550.0000663757323,15134,15418,0.9815799714619277
10,2026-02-06 03:53:45,17394.640421149004,2552.000066757202,15420,15271,1.0097570558575077
10,2026-02-06 03:53:45,17394.640421149004,2554.000067138672,15458,15526,0.9956202499033878
10,2026-02-06 03:53:45,17394.640421149004,2556.0000675201413,15398,15566,0.989207246563022
10,2026-02-06 03:53:45,17394.640421149004,2558.000067901611,15467,15644,0.9886857581181283
10,2026-02-06 03:53:45,17394.640421149004,2560.000068283081,15593,15543,1.0032168821977738
10,2026-02-06 03:53:45,17394.640421149004,2562.000068664551,15539,15567,0.9982013233121346
10,2026-02-06 03:53:45,17394.640421149004,2564.0000690460206,15628,15633,0.9996801637561569
10,2026-02-06 03:53:45,17394.640421149004,2566.00006942749,15610,15972,0.977335336839469
10,2026-02-06 03:53:45,17394.640421149004,2568.00006980896,15741,15953,0.9867109634551495
10,2026-02-06 03:53:45,17394.640421149004,2570.0000701904296,16103,16377,0.9832692190266837
10,2026-02-06 03:53:45,17394.640421149004,2572.0000705718994,15981,16229,0.9847187134142584
10,2026-02-06 03:53:45,17394.640421149004,2574.0000709533692,15958,16212,0.9843325931408833
10,2026-02-06 03:53:45,17394.640421149004,2576.0000713348386,16324,16516,0.988374909178978
10,2026-02-06 03:53:45,17394.640421149004,2578.0000717163084,16311,16485,0.989444949954504
10,2026-02-06 03:53:45,17394.640421149004,2580.0000720977782,16394,16642,0.9850979449585386
10,2026-02-06 03:53:45,17394.640421149004,2582.000072479248,16432,16876,0.9736904479734534
10,2026-02-06 03:53:45,17394.640421149004,2584.0000728607174,16667,16749,0.995104185324497
10,2026-02-06 03:53:45,17394.640421149004,2586.000073242187,16654,17036,0.977576895984973
10,2026-02-06 03:53:45,17394.640421149004,2588.000073623657,16979,16912,1.003961684011353
10,2026-02-06 03:53:45,17394.640421149004,2590.000074005127,16713,17332,0.9642857142857143
10,2026-02-06 03:53:45,17394.640421149004,2592.0000743865967,16920,17147,0.9867615326296145
10,2026-02-06 03:53:45,17394.640421149004,2594.000074768066,16948,16940,1.0004722550177096
10,2026-02-06 03:53:45,17394.640421149004,2596.000075149536,16820,16770,1.0029815146094216
10,2026-02-06 03:53:45,17394.640421149004,2598.0000755310057,16890,16823,1.0039826428104381
10,2026-02-06 03:53:45,17394.640421149004,2600.0000759124755,16626,16524,1.0061728395061729
10,2026-02-06 03:53:45,17394.640421149004,2602.0000762939453,16535,16733,0.988167094962051
10,2026-02-06 03:53:45,17394.640421149004,2604.0000766754147,16605,16552,1.0032020299661673
10,2026-02-06 03:53:45,17394.640421149004,2606.0000770568845,16479,16706,0.9864120675206512
10,2026-02-06 03:53:45,17394.640421149004,2608.0000774383543,16198,16336,0.9915523996082273
10,2026-02-06 03:53:45,17394.640421149004,2610.000077819824,16091,15956,1.0084607671095513
10,2026-02-06 03:53:45,17394.640421149004,2612.000078201294,16026,16327,0.9815642800269492
10,2026-02-06 03:53:45,17394.640421149004,2614.0000785827633,16031,16031,1.0
10,2026-02-06 03:53:45,17394.640421149004,2616.000078964233,15847,15894,0.9970429092739399
10,2026-02-06 03:53:45,17394.640421149004,2618.000079345703,15632,15714,0.9947817233040601
10,2026-02-06 03:53:45,17394.640421149004,2620.0000797271728,15637,15425,1.013743922204214
10,2026-02-06 03:53:45,17394.640421149004,2622.0000801086426,15448,15482,0.997803901304741
10,2026-02-06 03:53:45,17394.640421149004,2624.000080490112,15234,15259,0.9983616226489285
10,2026-02-06 03:53:45,17394.640421149004,2626.0000808715818,15064,15094,0.9980124552802438
10,2026-02-06 03:53:45,17394.640421149004,2628.0000812530516,14795,14976,0.9879139957264957
10,2026-02-06 03:53:45,17394.640421149004,2630.0000816345214,14976,14770,1.0139471902505077
10,2026-02-06 03:53:45,17394.640421149004,2632.000082015991,14856,14865,0.9993945509586276
10,2026-02-06 03:53:45,17394.640421149004,2634.0000823974606,14650,14819,0.9885957217086173
10,2026-02-06 03:53:45,17394.640421149004,2636.0000827789304,14531,14871,0.9771367090309999
10,2026-02-06 03:53:45,17394.640421149004,2638.0000831604,14794,14898,0.9930191972076788
10,2026-02-06 03:53:45,17394.640421149004,2640.00008354187,14871,14833,1.0025618553225915
10,2026-02-06 03:53:45,17394.640421149004,2642.00008392334,15045,15267,0.985458832776577
10,2026-02-06 03:53:45,17394.640421149004,2644.000084304809,15180,15223,0.9971753268081193
10,2026-02-06 03:53:45,17394.640421149004,2646.000084686279,15196,15193,1.0001974593562826
10,2026-02-06 03:53:45,17394.640421149004,2648.000085067749,15241,15590,0.977613855035279
10,2026-02-06 03:53:45,17394.640421149004,2650.0000854492187,15467,15812,0.97818112825702
10,2026-02-06 03:53:45,17394.640421149004,2652.0000858306885,15763,15825,0.9960821484992101
10,2026-02-06 03:53:45,17394.640421149004,2654.000086212158,15828,15963,0.9915429430558166
10,2026-02-06 03:53:45,17394.640421149004,2656.0000865936277,15847,16014,0.9895716248282752
10,2026-02-06 03:53:45,17394.640421149004,2658.0000869750975,15935,16331,0.9757516379891005
10,2026-02-06 03:53:45,17394.640421149004,2660.0000873565673,15886,16413,0.967891305672333
10,2026-02-06 03:53:45,17394.640421149004,2662.000087738037,16275,16172,1.0063690328963641
10,2026-02-06 03:53:45,17394.640421149004,2664.0000881195065,16074,16448,0.9772616731517509
10,2026-02-06 03:53:45,17394.640421149004,2666.0000885009763,16057,16179,0.992459360899932
10,2026-02-06 03:53:45,17394.640421149004,2668.000088882446,16289,16280,1.0005528255528255
10,2026-02-06 03:53:45,17394.640421149004,2670.000089263916,16312,16483,0.9896256749378147
10,2026-02-06 03:53:45,17394.640421149004,2672.0000896453857,16437,16347,1.0055055973573133
10,2026-02-06 03:53:45,17394.640421149004,2674.000090026855,16504,16664,0.9903984637542007
10,2026-02-06 03:53:45,17394.640421149004,2676.000090408325,16413,16707,0.9824025857425032
10,2026-02-06 03:53:45,17394.640421149004,2678.0000907897947,16397,16607,0.9873547299331608
10,2026-02-06 03:53:45,17394.640421149004,2680.0000911712646,16333,16551,0.9868285904174975
10,2026-02-06 03:53:45,17394.640421149004,2682.0000915527344,16382,16682,0.9820165447788035
10,2026-02-06 03:53:45,17394.640421149004,2684.0000919342037,16384,16452,0.9958667639192803
10,2026-02-06 03:53:45,17394.640421149004,2686.0000923156736,16357,16368,0.9993279569892473
10,2026-02-06 03:53:45,17394.640421149004,2688.0000926971434,15970,16462,0.9701129874863321
10,2026-02-06 03:53:45,17394.640421149004,2690.000093078613,16014,16461,0.9728449061417896
10,2026-02-06 03:53:45,17394.640421149004,2692.000093460083,16000,16129,0.992001984003968
10,2026-02-06 03:53:45,17394.640421149004,2694.0000938415524,15866,16347,0.9705756407903591
10,2026-02-06 03:53:45,17394.640421149004,2696.000094223022,15561,16183,0.9615646048322314
10,2026-02-06 03:53:45,17394.640421149004,2698.000094604492,15656,15935,0.9824913711954817
10,2026-02-06 03:53:45,17394.640421149004,2700.000094985962,15113,15999,0.9446215388461778
10,2026-02-06 03:53:45,17394.640421149004,2702.0000953674316,14721,15773,0.9333037469092753
10,2026-02-06 03:53:45,17394.640421149004,2704.000095748901,13739,15758,0.8718746033760629
10,2026-02-06 03:53:45,17394.640421149004,2706.000096130371,13555,15754,0.8604164021835724
10,2026-02-06 03:53:45,17394.640421149004,2708.0000965118406,13283,15513,0.8562495971120996
10,2026-02-06 03:53:45,17394.640421149004,2710.0000968933105,13555,15573,0.8704167469337957
10,2026-02-06 03:53:45,17394.640421149004,2712.0000972747803,13800,15548,0.8875739644970414
10,2026-02-06 03:53:45,17394.640421149004,2714.0000976562496,14464,15467,0.9351522596495765
10,2026-02-06 03:53:45,17394.640421149004,2716.0000980377195,14674,15619,0.9394967667584352
10,2026-02-06 03:53:45,17394.640421149004,2718.0000984191893,14754,15365,0.9602342987308818
10,2026-02-06 03:53:45,17394.640421149004,2720.000098800659,14786,14918,0.9911516289046789
10,2026-02-06 03:53:45,17394.640421149004,2722.000099182129,14584,15080,0.9671087533156498
10,2026-02-06 03:53:45,17394.640421149004,2724.0000995635983,14550,14789,0.9838393400500371
10,2026-02-06 03:53:45,17394.640421149004,2726.000099945068,14536,15014,0.9681630478220328
10,2026-02-06 03:53:45,17394.640421149004,2728.000100326538,14515,14786,0.9816718517516569
10,2026-02-06 03:53:45,17394.640421149004,2730.0001007080077,14587,14865,0.9812983518331652
10,2026-02-06 03:53:45,17394.640421149004,2732.0001010894775,14640,14732,0.9937550909584578
10,2026-02-06 03:53:45,17394.640421149004,2734.000101470947,14510,14821,0.9790162607111531
10,2026-02-06 03:53:45,17394.640421149004,2736.0001018524167,14588,14710,0.9917063222297756
10,2026-02-06 03:53:45,17394.640421149004,2738.0001022338865,14553,14536,1.001169510181618
10,2026-02-06 03:53:45,17394.640421149004,2740.0001026153564,14677,14939,0.982462012182877
10,2026-02-06 03:53:45,17394.640421149004,2742.000102996826,14786,15044,0.9828503057697421
10,2026-02-06 03:53:45,17394.640421149004,2744.0001033782955,14924,15314,0.9745331069609507
10,2026-02-06 03:53:45,17394.640421149004,2746.0001037597654,15155,15158,0.9998020847077451
10,2026-02-06 03:53:45,17394.640421149004,2748.000104141235,15177,15281,0.9931941626856882
10,2026-02-06 03:53:45,17394.640421149004,2750.000104522705,15182,15455,0.9823358136525396
10,2026-02-06 03:53:45,17394.640421149004,2752.000104904175,15308,15371,0.9959013727148527
10,2026-02-06 03:53:45,17394.640421149004,2754.000105285644,15612,15595,1.0010900929785187
10,2026-02-06 03:53:45,17394.640421149004,2756.000105667114,15595,15589,1.0003848867791392
10,2026-02-06 03:53:45,17394.640421149004,2758.000106048584,15705,15656,1.0031297904956566
10,2026-02-06 03:53:45,17394.640421149004,2760.0001064300536,15630,15803,0.9890527115104727
10,2026-02-06 03:53:45,17394.640421149004,2762.0001068115234,15747,16320,0.9648897058823529
10,2026-02-06 03:53:45,17394.640421149004,2764.000107192993,15968,16025,0.9964430577223089
10,2026-02-06 03:53:45,17394.640421149004,2766.0001075744626,16163,16298,0.9917167750644251
10,2026-02-06 03:53:45,17394.640421149004,2768.0001079559324,16328,16415,0.9946999695400548
10,2026-02-06 03:53:45,17394.640421149004,2770.0001083374023,16143,16514,0.9775342133946954
10,2026-02-06 03:53:45,17394.640421149004,2772.000108718872,16217,16419,0.98769718009623
10,2026-02-06 03:53:45,17394.640421149004,2774.0001091003414,16335,16469,0.9918635011233226
10,2026-02-06 03:53:45,17394.640421149004,2776.0001094818113,16628,16369,1.0158225914839025
10,2026-02-06 03:53:45,17394.640421149004,2778.000109863281,16206,15967,1.0149683722678022
10,2026-02-06 03:53:45,17394.640421149004,2780.000110244751,16301,16468,0.9898591207189701
10,2026-02-06 03:53:45,17394.640421149004,2782.0001106262207,16366,16294,1.0044188044679023
10,2026-02-06 03:53:45,17394.640421149004,2784.00011100769,16313,16635,0.9806432221220318
10,2026-02-06 03:53:45,17394.640421149004,2786.00011138916,16418,16430,0.9992696287279367
10,2026-02-06 03:53:45,17394.640421149004,2788.0001117706297,15850,16273,0.9740060222454372
10,2026-02-06 03:53:45,17394.640421149004,2790.0001121520995,16118,15936,1.0114206827309238
10,2026-02-06 03:53:45,17394.640421149004,2792.0001125335693,15806,15649,1.0100325899418494
10,2026-02-06 03:53:45,17394.640421149004,2794.0001129150387,15816,15923,0.9932801607737235
10,2026-02-06 03:53:45,17394.640421149004,2796.0001132965085,15607,15657,0.9968065402056588
10,2026-02-06 03:53:45,17394.640421149004,2798.0001136779783,15504,15742,0.9848812095032398
10,2026-02-06 03:53:45,17394.640421149004,2800.000114059448,15522,15494,1.001807151155286
10,2026-02-06 03:53:45,17394.640421149004,2802.000114440918,15446,15362,1.0054680380158834
10,2026-02-06 03:53:45,17394.640421149004,2804.0001148223873,15275,14981,1.0196248581536613
10,2026-02-06 03:53:45,17394.640421149004,2806.000115203857,15086,15260,0.9885976408912188
10,2026-02-06 03:53:45,17394.640421149004,2808.000115585327,15212,15237,0.998359257071602
10,2026-02-06 03:53:45,17394.640421149004,2810.000115966797,15043,15086,0.9971496751955455
10,2026-02-06 03:53:45,17394.640421149004,2812.0001163482666,14998,14794,1.0137893740705692
10,2026-02-06 03:53:45,17394.640421149004,2814.000116729736,14724,15148,0.9720095062054397
10,2026-02-06 03:53:45,17394.640421149004,2816.000117111206,14652,14925,0.9817085427135679
10,2026-02-06 03:53:45,17394.640421149004,2818.0001174926756,14952,14867,1.005717360597296
10,2026-02-06 03:53:45,17394.640421149004,2820.0001178741454,14718,14780,0.9958051420838971
10,2026-02-06 03:53:45,17394.640421149004,2822.0001182556152,14682,14847,0.9888866437664174
10,2026-02-06 03:53:45,17394.640421149004,2824.0001186370846,14684,14663,1.0014321762258747
10,2026-02-06 03:53:45,17394.640421149004,2826.0001190185544,14590,14485,1.0072488781498101
10,2026-02-06 03:53:45,17394.640421149004,2828.0001194000242,14609,14677,0.9953669005927642
10,2026-02-06 03:53:45,17394.640421149004,2830.000119781494,14411,14297,1.0079737007763867
10,2026-02-06 03:53:45,17394.640421149004,2832.000120162964,14731,14570,1.0110501029512697
10,2026-02-06 03:53:45,17394.640421149004,2834.0001205444332,14563,14550,1.000893470790378
10,2026-02-06 03:53:45,17394.640421149004,2836.000120925903,14354,14609,0.9825450065028407
10,2026-02-06 03:53:45,17394.640421149004,2838.000121307373,14452,14497,0.9968959094985169
10,2026-02-06 03:53:45,17394.640421149004,2840.0001216888427,14113,14364,0.9825257588415484
10,2026-02-06 03:53:45,17394.640421149004,2842.0001220703125,14200,14442,0.9832433180999861
10,2026-02-06 03:53:45,17394.640421149004,2844.000122451782,14536,14098,1.0310682366293091
10,2026-02-06 03:53:45,17394.640421149004,2846.0001228332517,14370,14296,1.00517627308338
10,2026-02-06 03:53:45,17394.640421149004,2848.0001232147215,14171,14422,0.9825960338371932
10,2026-02-06 03:53:45,17394.640421149004,2850.0001235961913,14349,14329,1.0013957708144323
10,2026-02-06 03:53:45,17394.640421149004,2852.000123977661,14142,13998,1.010287183883412
10,2026-02-06 03:53:45,17394.640421149004,2854.0001243591305,14149,13959,1.0136112902070349
10,2026-02-06 03:53:45,17394.640421149004,2856.0001247406003,13860,13750,1.008
10,2026-02-06 03:53:45,17394.640421149004,2858.00012512207,14112,13838,1.019800549212314
10,2026-02-06 03:53:45,17394.640421149004,2860.00012550354,13849,13581,1.019733451144982
10,2026-02-06 03:53:45,17394.640421149004,2862.0001258850098,13702,13569,1.009801753998084
10,2026-02-06 03:53:45,17394.640421149004,2864.000126266479,13521,13551,0.9977861412441886
10,2026-02-06 03:53:45,17394.640421149004,2866.000126647949,13364,13133,1.0175892789157086
10,2026-02-06 03:53:45,17394.640421149004,2868.0001270294188,12939,13126,0.9857534664025598
10,2026-02-06 03:53:45,17394.640421149004,2870.0001274108886,12987,12885,1.0079161816065192
10,2026-02-06 03:53:45,17394.640421149004,2872.0001277923584,12603,12750,0.9884705882352941
10,2026-02-06 03:53:45,17394.640421149004,2874.0001281738278,12699,12750,0.996
10,2026-02-06 03:53:45,17394.640421149004,2876.0001285552976,12427,12292,1.0109827530100879
10,2026-02-06 03:53:45,17394.640421149004,2878.0001289367674,12484,12489,0.9995996476899671
10,2026-02-06 03:53:45,17394.640421149004,2880.000129318237,12334,12388,0.9956409428479174
10,2026-02-06 03:53:45,17394.640421149004,2882.000129699707,12263,12209,1.0044229666639364
10,2026-02-06 03:53:45,17394.640421149004,2884.0001300811764,12109,12161,0.9957240358523147
10,2026-02-06 03:53:45,17394.640421149004,2886.000130462646,12037,12241,0.9833346948778695
10,2026-02-06 03:53:45,17394.640421149004,2888.000130844116,11948,12064,0.9903846153846154
10,2026-02-06 03:53:45,17394.640421149004,2890.000131225586,11951,12026,0.9937635123898221
10,2026-02-06 03:53:45,17394.640421149004,2892.0001316070557,11927,11996,0.9942480826942314
10,2026-02-06 03:53:45,17394.640421149004,2894.000131988525,12079,11977,1.0085163229523253
10,2026-02-06 03:53:45,17394.640421149004,2896.000132369995,11933,12107,0.985628149004708
10,2026-02-06 03:53:45,17394.640421149004,2898.0001327514647,11903,12033,0.9891963766309316
10,2026-02-06 03:53:45,17394.640421149004,2900.0001331329345,11831,12058,0.9811743241001825
11,2026-02-06 04:11:23,15324.608834973678,2199.99999961853,11250,11819,0.9518571791183688
11,2026-02-06 04:11:23,15324.608834973678,2202.0,11131,11791,0.9440251038927996
11,2026-02-06 04:11:23,15324.608834973678,2204.00000038147,10716,11835,0.9054499366286438
11,2026-02-06 04:11:23,15324.608834973678,2206.000000762939,10357,11880,0.8718013468013468
11,2026-02-06 04:11:23,15324.608834973678,2208.000001144409,10562,11782,0.8964522152435919
11,2026-02-06 04:11:23,15324.608834973678,2210.000001525879,10687,12012,0.8896936396936397
11,2026-02-06 04:11:23,15324.608834973678,2212.0000019073486,11521,12205,0.9439573945104466
11,2026-02-06 04:11:23,15324.608834973678,2214.0000022888185,11476,12284,0.9342233800065125
11,2026-02-06 04:11:23,15324.608834973678,2216.000002670288,12027,12577,0.9562693806154091
11,2026-02-06 04:11:23,15324.608834973678,2218.0000030517576,12294,12730,0.9657501963864886
11,2026-02-06 04:11:23,15324.608834973678,2220.0000034332274,12462,12736,0.9784861809045227
11,2026-02-06 04:11:23,15324.608834973678,2222.0000038146973,12461,13160,0.9468844984802431
11,2026-02-06 04:11:23,15324.608834973678,2224.000004196167,12941,13185,0.9814941221084565
11,2026-02-06 04:11:23,15324.608834973678,2226.0000045776364,13051,13098,0.9964116659031913
11,2026-02-06 04:11:23,15324.608834973678,2228.0000049591063,12902,13159,0.9804696405501938
11,2026-02-06 04:11:23,15324.608834973678,2230.000005340576,13098,13344,0.9815647482014388
11,2026-02-06 04:11:23,15324.608834973678,2232.000005722046,13225,13322,0.9927188109893409
11,2026-02-06 04:11:23,15324.608834973678,2234.0000061035157,13017,13423,0.9697534083289876
11,2026-02-06 04:11:23,15324.608834973678,2236.000006484985,13053,13313,0.9804702170810486
11,2026-02-06 04:11:23,15324.608834973678,2238.000006866455,13044,13121,0.9941315448517644
11,2026-02-06 04:11:23,15324.608834973678,2240.0000072479247,12990,13019,0.9977724863660803
11,2026-02-06 04:11:23,15324.608834973678,2242.0000076293945,12994,13216,0.9832021791767555
11,2026-02-06 04:11:23,15324.608834973678,2244.0000080108643,12770,12933,0.9873965823861439
11,2026-02-06 04:11:23,15324.608834973678,2246.0000083923337,13140,13175,0.9973434535104364
11,2026-02-06 04:11:23,15324.608834973678,2248.0000087738035,12971,13145,0.9867630277672119
11,2026-02-06 04:11:23,15324.608834973678,2250.0000091552733,13278,13257,1.0015840687938447
11,2026-02-06 04:11:23,15324.608834973678,2252.000009536743,13526,13259,1.02013726525379
11,2026-02-06 04:11:23,15324.608834973678,2254.000009918213,13575,13724,0.9891431069658991
11,2026-02-06 04:11:23,15324.608834973678,2256.0000102996823,13612,13809,0.9857339416322688
11,2026-02-06 04:11:23,15324.608834973678,2258.000010681152,13842,13836,1.0004336513443193
11,2026-02-06 04:11:23,15324.608834973678,2260.000011062622,13721,14086,0.9740877466988499
11,2026-02-06 04:11:23,15324.608834973678,2262.000011444092,13922,14075,0.9891296625222025
11,2026-02-06 04:11:23,15324.608834973678,2264.0000118255616,13895,14156,0.9815625883017801
11,2026-02-06 04:11:23,15324.608834973678,2266.000012207031,13734,14038,0.9783444935175951
11,2026-02-06 04:11:23,15324.608834973678,2268.000012588501,13846,14075,0.9837300177619893
11,2026-02-06 04:11:23,15324.608834973678,2270.0000129699706,13876,14033,0.9888120857977624
11,2026-02-06 04:11:23,15324.608834973678,2272.0000133514404,13912,14025,0.9919429590017825
11,2026-02-06 04:11:23,15324.608834973678,2274.0000137329102,13935,13749,1.01352825660048
11,2026-02-06 04:11:23,15324.608834973678,2276.0000141143796,13835,14221,0.9728570424020814
11,2026-02-06 04:11:23,15324.608834973678,2278.0000144958494,14178,14248,0.9950870297585626
11,2026-02-06 04:11:23,15324.608834973678,2280.0000148773192,14077,14346,0.9812491286769831
11,2026-02-06 04:11:23,15324.608834973678,2282.000015258789,14135,14781,0.9562952438941885
11,2026-02-06 04:11:23,15324.608834973678,2284.000015640259,14909,14754,1.0105056255930596
11,2026-02-06 04:11:23,15324.608834973678,2286.0000160217282,14783,14863,0.9946175065599139
11,2026-02-06 04:11:23,15324.608834973678,2288.000016403198,15098,15190,0.9939433838051349
11,2026-02-06 04:11:23,15324.608834973678,2290.000016784668,15014,15525,0.967085346215781
11,2026-02-06 04:11:23,15324.608834973678,2292.0000171661377,15419,15489,0.9954806636968171
11,2026-02-06 04:11:23,15324.608834973678,2294.0000175476075,15444,15607,0.989555968475684
11,2026-02-06 04:11:23,15324.608834973678,2296.000017929077,15553,15247,1.0200695218731555
11,2026-02-06 04:11:23,15324.608834973678,2298.0000183105467,15410,15423,0.9991571030279452
11,2026-02-06 04:11:23,15324.608834973678,2300.0000186920165,15416,15395,1.0013640792465086
11,2026-02-06 04:11:23,15324.608834973678,2302.0000190734863,15455,15354,1.0065780903998958
11,2026-02-06 04:11:23,15324.608834973678,2304.000019454956,15689,15649,1.0025560738705348
11,2026-02-06 04:11:23,15324.608834973678,2306.0000198364255,15308,15782,0.9699657838043341
11,2026-02-06 04:11:23,15324.608834973678,2308.0000202178953,15393,15680,0.9816964285714286
11,2026-02-06 04:11:23,15324.608834973678,2310.000020599365,15626,15477,1.0096271887316663
11,2026-02-06 04:11:23,15324.608834973678,2312.000020980835,15624,15608,1.0010251153254741
11,2026-02-06 04:11:23,15324.608834973678,2314.000021362305,15731,15890,0.9899937067337948
11,2026-02-06 04:11:23,15324.608834973678,2316.000021743774,15911,16029,0.9926383430033066
11,2026-02-06 04:11:23,15324.608834973678,2318.000022125244,15836,15894,0.9963508242103939
11,2026-02-06 04:11:23,15324.608834973678,2320.000022506714,15971,15915,1.0035186930568647
11,2026-02-06 04:11:23,15324.608834973678,2322.0000228881836,15903,16161,0.9840356413588268
11,2026-02-06 04:11:23,15324.608834973678,2324.0000232696534,15708,16009,0.9811980760822038
11,2026-02-06 04:11:23,15324.608834973678,2326.000023651123,15764,15659,1.0067054090299508
11,2026-02-06 04:11:23,15324.608834973678,2328.0000240325926,15603,15672,0.9955972434915773
11,2026-02-06 04:11:23,15324.608834973678,2330.0000244140624,15463,15773,0.9803461611614784
11,2026-02-06 04:11:23,15324.608834973678,2332.000024795532,15372,15126,1.0162633875446252
11,2026-02-06 04:11:23,15324.608834973678,2334.000025177002,15095,14970,1.0083500334001336
11,2026-02-06 04:11:23,15324.608834973678,2336.0000255584714,15024,14862,1.0109002825999192
11,2026-02-06 04:11:23,15324.608834973678,2338.000025939941,14844,14759,1.0057591977776272
11,2026-02-06 04:11:23,15324.608834973678,2340.000026321411,14572,14494,1.0053815371878019
11,2026-02-06 04:11:23,15324.608834973678,2342.000026702881,14682,14665,1.0011592226389363
11,2026-02-06 04:11:23,15324.608834973678,2344.0000270843507,14213,14667,0.9690461580418627
11,2026-02-06 04:11:23,15324.608834973678,2346.00002746582,14353,14674,0.978124574076598
11,2026-02-06 04:11:23,15324.608834973678,2348.00002784729,14426,14424,1.000138657792568
11,2026-02-06 04:11:23,15324.608834973678,2350.0000282287597,14473,14871,0.9732365005715823
11,2026-02-06 04:11:23,15324.608834973678,2352.0000286102295,14584,14795,0.9857384251436296
11,2026-02-06 04:11:23,15324.608834973678,2354.0000289916993,14702,14722,0.9986414889281348
11,2026-02-06 04:11:23,15324.608834973678,2356.0000293731687,14748,14925,0.988140703517588
11,2026-02-06 04:11:23,15324.608834973678,2358.0000297546385,14752,14825,0.9950758853288364
11,2026-02-06 04:11:23,15324.608834973678,2360.0000301361083,14699,14559,1.0096160450580396
11,2026-02-06 04:11:23,15324.608834973678,2362.000030517578,14606,14777,0.9884279623739596
11,2026-02-06 04:11:23,15324.608834973678,2364.000030899048,14612,14592,1.0013706140350878
11,2026-02-06 04:11:23,15324.608834973678,2366.0000312805173,14536,14810,0.9814989871708305
11,2026-02-06 04:11:23,15324.608834973678,2368.000031661987,14530,14749,0.9851515356973354
11,2026-02-06 04:11:23,15324.608834973678,2370.000032043457,14766,14614,1.0104009853565075
11,2026-02-06 04:11:23,15324.608834973678,2372.0000324249268,14666,15042,0.9750033240260604
11,2026-02-06 04:11:23,15324.608834973678,2374.0000328063966,15011,14853,1.0106375816333402
11,2026-02-06 04:11:23,15324.608834973678,2376.000033187866,15009,15388,0.9753704185079283
11,2026-02-06 04:11:23,15324.608834973678,2378.0000335693358,15136,15492,0.9770203976245805
11,2026-02-06 04:11:23,15324.608834973678,2380.0000339508056,15495,15406,1.0057769700116839
11,2026-02-06 04:11:23,15324.608834973678,2382.0000343322754,15510,15842,0.9790430501199343
11,2026-02-06 04:11:23,15324.608834973678,2384.000034713745,15989,15737,1.0160132172586898
11,2026-02-06 04:11:23,15324.608834973678,2386.0000350952146,15993,16125,0.9918139534883721
11,2026-02-06 04:11:23,15324.608834973678,2388.0000354766844,15740,15934,0.9878247772059746
11,2026-02-06 04:11:23,15324.608834973678,2390.000035858154,15918,16167,0.984598255706068
11,2026-02-06 04:11:23,15324.608834973678,2392.000036239624,16041,16033,1.0004989708725753
11,2026-02-06 04:11:23,15324.608834973678,2394.000036621094,15895,15915,0.9987433239082626
11,2026-02-06 04:11:23,15324.608834973678,2396.000037002563,15918,15896,1.00138399597383
11,2026-02-06 04:11:23,15324.608834973678,2398.000037384033,16005,15780,1.0142585551330798
11,2026-02-06 04:11:23,15324.608834973678,2400.000037765503,15587,15935,0.9781612802008158
11,2026-02-06 04:11:23,15324.608834973678,2402.0000381469727,15597,15631,0.9978248352632589
11,2026-02-06 04:11:23,15324.608834973678,2404.0000385284425,15632,15739,0.9932016011182413
11,2026-02-06 04:11:23,15324.608834973678,2406.000038909912,15678,15614,1.0040988856154733
11,2026-02-06 04:11:23,15324.608834973678,2408.0000392913817,15506,15590,0.9946119307248236
11,2026-02-06 04:11:23,15324.608834973678,2410.0000396728515,15887,15952,0.9959252758274825
11,2026-02-06 04:11:23,15324.608834973678,2412.0000400543213,15737,16028,0.9818442725230846
11,2026-02-06 04:11:23,15324.608834973678,2414.000040435791,16032,15746,1.0181633430712562
11,2026-02-06 04:11:23,15324.608834973678,2416.0000408172605,15848,15921,0.9954148608755732
11,2026-02-06 04:11:23,15324.608834973678,2418.0000411987303,15955,15759,1.0124373373945048
11,2026-02-06 04:11:23,15324.608834973678,2420.0000415802,15815,15833,0.9988631339607149
11,2026-02-06 04:11:23,15324.608834973678,2422.00004196167,15695,15707,0.9992360094225504
11,2026-02-06 04:11:23,15324.608834973678,2424.0000423431397,15605,15791,0.9882211386232664
11,2026-02-06 04:11:23,15324.608834973678,2426.000042724609,15837,15571,1.0170830389827243
11,2026-02-06 04:11:23,15324.608834973678,2428.000043106079,15673,15428,1.015880217785844
11,2026-02-06 04:11:23,15324.608834973678,2430.0000434875487,15489,15267,1.014541167223423
11,2026-02-06 04:11:23,15324.608834973678,2432.0000438690186,15109,15263,0.9899102404507633
11,2026-02-06 04:11:23,15324.608834973678,2434.0000442504884,15072,15093,0.9986086265156032
11,2026-02-06 04:11:23,15324.608834973678,2436.0000446319577,14832,14734,1.006651282747387
11,2026-02-06 04:11:23,15324.608834973678,2438.0000450134276,14859,14933,0.9950445322440233
11,2026-02-06 04:11:23,15324.608834973678,2440.0000453948974,14443,14489,0.9968251777210297
11,2026-02-06 04:11:23,15324.608834973678,2442.000045776367,14538,14833,0.9801119126272501
11,2026-02-06 04:11:23,15324.608834973678,2444.000046157837,14343,14548,0.9859087159747044
11,2026-02-06 04:11:23,15324.608834973678,2446.0000465393064,14299,14639,0.976774369834005
11,2026-02-06 04:11:23,15324.608834973678,2448.000046920776,14385,14546,0.9889316650625601
11,2026-02-06 04:11:23,15324.608834973678,2450.000047302246,14784,14341,1.0308904539432397
11,2026-02-06 04:11:23,15324.608834973678,2452.000047683716,14561,14615,0.9963051659254191
11,2026-02-06 04:11:23,15324.608834973678,2454.0000480651856,14485,14676,0.9869855546470427
11,2026-02-06 04:11:23,15324.608834973678,2456.000048446655,14392,14783,0.973550700128526
11,2026-02-06 04:11:23,15324.608834973678,2458.000048828125,14498,14746,0.9831818798318188
11,2026-02-06 04:11:23,15324.608834973678,2460.0000492095946,14725,14815,0.9939250759365508
11,2026-02-06 04:11:23,15324.608834973678,2462.0000495910645,14769,14632,1.0093630399125204
11,2026-02-06 04:11:23,15324.608834973678,2464.0000499725343,14554,15108,0.9633306857294148
11,2026-02-06 04:11:23,15324.608834973678,2466.0000503540036,14795,14885,0.9939536446086664
11,2026-02-06 04:11:23,15324.608834973678,2468.0000507354735,14609,15002,0.9738034928676177
11,2026-02-06 04:11:23,15324.608834973678,2470.0000511169433,15042,14904,1.0092592592592593
11,2026-02-06 04:11:23,15324.608834973678,2472.000051498413,15007,15275,0.9824549918166939
11,2026-02-06 04:11:23,15324.608834973678,2474.000051879883,15211,15294,0.9945730351771936
11,2026-02-06 04:11:23,15324.608834973678,2476.0000522613523,15464,15430,1.002203499675956
11,2026-02-06 04:11:23,15324.608834973678,2478.000052642822,15715,15787,0.9954392854880598
11,2026-02-06 04:11:23,15324.608834973678,2480.000053024292,15733,15919,0.9883158489854891
11,2026-02-06 04:11:23,15324.608834973678,2482.0000534057617,15954,16108,0.9904395331512292
11,2026-02-06 04:11:23,15324.608834973678,2484.0000537872315,15824,15867,0.997289972899729
11,2026-02-06 04:11:23,15324.608834973678,2486.000054168701,15805,16045,0.98504206918043
11,2026-02-06 04:11:23,15324.608834973678,2488.0000545501707,16068,16175,0.9933848531684698
11,2026-02-06 04:11:23,15324.608834973678,2490.0000549316405,15917,16522,0.9633821571238349
11,2026-02-06 04:11:23,15324.608834973678,2492.0000553131104,16115,16399,0.9826818708457833
11,2026-02-06 04:11:23,15324.608834973678,2494.00005569458,16020,16466,0.9729138831531641
11,2026-02-06 04:11:23,15324.608834973678,2496.0000560760495,15951,16089,0.9914227111691217
11,2026-02-06 04:11:23,15324.608834973678,2498.0000564575193,16229,16222,1.0004315127604488
11,2026-02-06 04:11:23,15324.608834973678,2500.000056838989,15943,15979,0.9977470429939296
11,2026-02-06 04:11:23,15324.608834973678,2502.000057220459,15890,15762,1.0081207968531911
11,2026-02-06 04:11:23,15324.608834973678,2504.000057601929,15771,15826,0.9965247061797042
11,2026-02-06 04:11:23,15324.608834973678,2506.000057983398,15580,16013,0.9729594704302754
11,2026-02-06 04:11:23,15324.608834973678,2508.000058364868,15665,15903,0.9850342702634723
11,2026-02-06 04:11:23,15324.608834973678,2510.000058746338,16005,15451,1.0358552844476085
11,2026-02-06 04:11:23,15324.608834973678,2512.0000591278076,15454,15653,0.987286782086501
11,2026-02-06 04:11:23,15324.608834973678,2514.0000595092774,15358,15299,1.0038564612066148
11,2026-02-06 04:11:23,15324.608834973678,2516.000059890747,15407,15376,1.002016129032258
11,2026-02-06 04:11:23,15324.608834973678,2518.0000602722166,15328,15364,0.9976568601926582
11,2026-02-06 04:11:23,15324.608834973678,2520.0000606536864,15025,15550,0.9662379421221865
11,2026-02-06 04:11:23,15324.608834973678,2522.0000610351562,15167,14955,1.0141758609160816
11,2026-02-06 04:11:23,15324.608834973678,2524.000061416626,14851,14920,0.9953753351206435
11,2026-02-06 04:11:23,15324.608834973678,2526.0000617980954,15100,14824,1.0186184565569347
11,2026-02-06 04:11:23,15324.608834973678,2528.0000621795652,14890,14750,1.0094915254237289
11,2026-02-06 04:11:23,15324.608834973678,2530.000062561035,14809,14767,1.0028441795896255
11,2026-02-06 04:11:23,15324.608834973678,2532.000062942505,14798,14730,1.0046164290563475
11,2026-02-06 04:11:23,15324.608834973678,2534.0000633239747,14672,14699,0.9981631403496837
11,2026-02-06 04:11:23,15324.608834973678,2536.000063705444,14684,14731,0.9968094494603218
11,2026-02-06 04:11:23,15324.608834973678,2538.000064086914,14516,14878,0.9756687726845006
11,2026-02-06 04:11:23,15324.608834973678,2540.0000644683837,14629,14673,0.9970012948953861
11,2026-02-06 04:11:23,15324.608834973678,2542.0000648498535,14673,14971,0.9800948500434172
11,2026-02-06 04:11:23,15324.608834973678,2544.0000652313233,14781,15017,0.9842844775920623
11,2026-02-06 04:11:23,15324.608834973678,2546.0000656127927,14778,15006,0.9848060775689724
11,2026-02-06 04:11:23,15324.608834973678,2548.0000659942625,14768,14927,0.9893481610504455
11,2026-02-06 04:11:23,15324.608834973678,2550.0000663757323,14710,15039,0.9781235454485006
11,2026-02-06 04:11:23,15324.608834973678,2552.000066757202,14759,15042,0.981186012498338
11,2026-02-06 04:11:23,15324.608834973678,2554.000067138672,15237,15133,1.0068723980704422
11,2026-02-06 04:11:23,15324.608834973678,2556.0000675201413,14703,15111,0.9729998014691285
11,2026-02-06 04:11:23,15324.608834973678,2558.000067901611,15031,15178,0.9903149295032283
11,2026-02-06 04:11:23,15324.608834973678,2560.000068283081,15137,15091,1.003048174408588
11,2026-02-06 04:11:23,15324.608834973678,2562.000068664551,14974,14940,1.0022757697456492
11,2026-02-06 04:11:23,15324.608834973678,2564.0000690460206,15307,15046,1.0173468031370463
11,2026-02-06 04:11:23,15324.608834973678,2566.00006942749,15285,15202,1.0054598079200106
11,2026-02-06 04:11:23,15324.608834973678,2568.00006980896,15127,15355,0.9851514164767177
11,2026-02-06 04:11:23,15324.608834973678,2570.0000701904296,15300,15117,1.0121055765032745
11,2026-02-06 04:11:23,15324.608834973678,2572.0000705718994,15314,15698,0.9755382851318639
11,2026-02-06 04:11:23,15324.608834973678,2574.0000709533692,15340,15738,0.9747108908374634
11,2026-02-06 04:11:23,15324.608834973678,2576.0000713348386,15283,15639,0.9772363961890146
11,2026-02-06 04:11:23,15324.608834973678,2578.0000717163084,15671,15613,1.0037148530071094
11,2026-02-06 04:11:23,15324.608834973678,2580.0000720977782,15747,16145,0.9753484050789718
11,2026-02-06 04:11:23,15324.608834973678,2582.000072479248,15941,15789,1.009626955475331
11,2026-02-06 04:11:23,15324.608834973678,2584.0000728607174,15870,15983,0.9929299881123694
11,2026-02-06 04:11:23,15324.608834973678,2586.000073242187,15823,16084,0.9837726933598607
11,2026-02-06 04:11:23,15324.608834973678,2588.000073623657,16042,16404,0.9779322116556938
11,2026-02-06 04:11:23,15324.608834973678,2590.000074005127,16112,16182,0.9956742059077988
11,2026-02-06 04:11:23,15324.608834973678,2592.0000743865967,15987,15974,1.0008138224615
11,2026-02-06 04:11:23,15324.608834973678,2594.000074768066,15945,16098,0.9904957137532613
11,2026-02-06 04:11:23,15324.608834973678,2596.000075149536,15878,15808,1.0044281376518218
11,2026-02-06 04:11:23,15324.608834973678,2598.0000755310057,15880,16260,0.976629766297663
11,2026-02-06 04:11:23,15324.608834973678,2600.0000759124755,16045,15947,1.0061453564933844
11,2026-02-06 04:11:23,15324.608834973678,2602.0000762939453,15793,15697,1.0061158183092311
11,2026-02-06 04:11:23,15324.608834973678,2604.0000766754147,15742,15769,0.9982877798211681
11,2026-02-06 04:11:23,15324.608834973678,2606.0000770568845,15572,15572,1.0
11,2026-02-06 04:11:23,15324.608834973678,2608.0000774383543,15611,15800,0.9880379746835443
11,2026-02-06 04:11:23,15324.608834973678,2610.000077819824,15651,15678,0.9982778415614236
11,2026-02-06 04:11:23,15324.608834973678,2612.000078201294,15370,15457,0.9943714821763602
11,2026-02-06 04:11:23,15324.608834973678,2614.0000785827633,15491,15325,1.010831973898858
11,2026-02-06 04:11:23,15324.608834973678,2616.000078964233,15303,15111,1.0127059757792336
11,2026-02-06 04:11:23,15324.608834973678,2618.000079345703,15169,15332,0.9893686407513697
11,2026-02-06 04:11:23,15324.608834973678,2620.0000797271728,15036,14757,1.0189062817645862
11,2026-02-06 04:11:23,15324.608834973678,2622.0000801086426,15007,14731,1.0187359989138551
11,2026-02-06 04:11:23,15324.608834973678,2624.000080490112,15002,14614,1.0265498836731901
11,2026-02-06 04:11:23,15324.608834973678,2626.0000808715818,14552,14587,0.9976006032768904
11,2026-02-06 04:11:23,15324.608834973678,2628.0000812530516,14547,14585,0.9973945834761742
11,2026-02-06 04:11:23,15324.608834973678,2630.0000816345214,14290,14394,0.9927747672641378
11,2026-02-06 04:11:23,15324.608834973678,2632.000082015991,14278,14326,0.9966494485550746
11,2026-02-06 04:11:23,15324.608834973678,2634.0000823974606,14419,14240,1.012570224719101
11,2026-02-06 04:11:23,15324.608834973678,2636.0000827789304,14339,14487,0.9897839442258577
11,2026-02-06 04:11:23,15324.608834973678,2638.0000831604,14334,14393,0.9959007851038699
11,2026-02-06 04:11:23,15324.608834973678,2640.00008354187,14470,14773,0.9794896094225952
11,2026-02-06 04:11:23,15324.608834973678,2642.00008392334,14693,14950,0.982809364548495
11,2026-02-06 04:11:23,15324.608834973678,2644.000084304809,14584,14892,0.9793177544990599
11,2026-02-06 04:11:23,15324.608834973678,2646.000084686279,14785,14844,0.9960253300997036
11,2026-02-06 04:11:23,15324.608834973678,2648.000085067749,14898,15074,0.9883242669497148
11,2026-02-06 04:11:23,15324.608834973678,2650.0000854492187,14844,14987,0.9904583972776406
11,2026-02-06 04:11:23,15324.608834973678,2652.0000858306885,15202,15225,0.9984893267651889
11,2026-02-06 04:11:23,15324.608834973678,2654.000086212158,15091,15268,0.9884071260151952
11,2026-02-06 04:11:23,15324.608834973678,2656.0000865936277,15348,15291,1.0037276829507553
11,2026-02-06 04:11:23,15324.608834973678,2658.0000869750975,15522,15352,1.0110734757686295
11,2026-02-06 04:11:23,15324.608834973678,2660.0000873565673,15554,15453,1.0065359477124183
11,2026-02-06 04:11:23,15324.608834973678,2662.000087738037,15378,15489,0.9928336238620957
11,2026-02-06 04:11:23,15324.608834973678,2664.0000881195065,15502,15814,0.9802706462628051
11,2026-02-06 04:11:23,15324.608834973678,2666.0000885009763,15319,15670,0.9776005105296746
11,2026-02-06 04:11:23,15324.608834973678,2668.000088882446,15544,15855,0.9803847366761274
11,2026-02-06 04:11:23,15324.608834973678,2670.000089263916,15717,15877,0.9899225294451093
11,2026-02-06 04:11:23,15324.608834973678,2672.0000896453857,15548,16155,0.9624264933457134
11,2026-02-06 04:11:23,15324.608834973678,2674.000090026855,15776,15725,1.0032432432432432
11,2026-02-06 04:11:23,15324.608834973678,2676.000090408325,15375,15721,0.977991221932447
11,2026-02-06 04:11:23,15324.608834973678,2678.0000907897947,15480,15866,0.9756712466910374
11,2026-02-06 04:11:23,15324.608834973678,2680.0000911712646,15662,15732,0.9955504703788457
11,2026-02-06 04:11:23,15324.608834973678,2682.0000915527344,15709,15633,1.0048615109064158
11,2026-02-06 04:11:23,15324.608834973678,2684.0000919342037,15774,15566,1.0133624566362585
11,2026-02-06 04:11:23,15324.608834973678,2686.0000923156736,15389,15921,0.9665850135041769
11,2026-02-06 04:11:23,15324.608834973678,2688.0000926971434,15561,15751,0.9879372738238842
11,2026-02-06 04:11:23,15324.608834973678,2690.000093078613,15471,15688,0.98616777154513
11,2026-02-06 04:11:23,15324.608834973678,2692.000093460083,15155,15940,0.9507528230865746
11,2026-02-06 04:11:23,15324.608834973678,2694.0000938415524,15199,15393,0.987396868706555
11,2026-02-06 04:11:23,15324.608834973678,2696.000094223022,15172,15396,0.9854507664328397
11,2026-02-06 04:11:23,15324.608834973678,2698.000094604492,14672,15493,0.9470083263409281
11,2026-02-06 04:11:23,15324.608834973678,2700.000094985962,14692,15384,0.9550182007280291
11,2026-02-06 04:11:23,15324.608834973678,2702.0000953674316,13881,15188,0.9139452199104556
11,2026-02-06 04:11:23,15324.608834973678,2704.000095748901,13649,15345,0.8894753991528185
11,2026-02-06 04:11:23,15324.608834973678,2706.000096130371,13086,15337,0.853230749168677
11,2026-02-06 04:11:23,15324.608834973678,2708.0000965118406,12955,14952,0.8664392723381488
11,2026-02-06 04:11:23,15324.608834973678,2710.0000968933105,13229,15095,0.8763829082477642
11,2026-02-06 04:11:23,15324.608834973678,2712.0000972747803,13350,15079,0.8853372239538431
11,2026-02-06 04:11:23,15324.608834973678,2714.0000976562496,13903,15205,0.9143702729365341
11,2026-02-06 04:11:23,15324.608834973678,2716.0000980377195,14075,14805,0.9506923336710571
11,2026-02-06 04:11:23,15324.608834973678,2718.0000984191893,14213,14556,0.9764358340203353
11,2026-02-06 04:11:23,15324.608834973678,2720.000098800659,14184,14797,0.9585726836520917
11,2026-02-06 04:11:23,15324.608834973678,2722.000099182129,14493,14460,1.0022821576763485
11,2026-02-06 04:11:23,15324.608834973678,2724.0000995635983,14319,14599,0.9808206041509693
11,2026-02-06 04:11:23,15324.608834973678,2726.000099945068,14136,14481,0.9761756784752434
11,2026-02-06 04:11:23,15324.608834973678,2728.000100326538,14109,14495,0.9733701276302174
11,2026-02-06 04:11:23,15324.608834973678,2730.0001007080077,14204,14178,1.0018338270560023
11,2026-02-06 04:11:23,15324.608834973678,2732.0001010894775,14311,14209,1.0071785488070941
11,2026-02-06 04:11:23,15324.608834973678,2734.000101470947,14119,14297,0.9875498356298524
11,2026-02-06 04:11:23,15324.608834973678,2736.0001018524167,13967,14234,0.9812420963889279
11,2026-02-06 04:11:23,15324.608834973678,2738.0001022338865,14079,14495,0.9713004484304932
11,2026-02-06 04:11:23,15324.608834973678,2740.0001026153564,14534,14517,1.0011710408486603
11,2026-02-06 04:11:23,15324.608834973678,2742.000102996826,14524,14524,1.0
11,2026-02-06 04:11:23,15324.608834973678,2744.0001033782955,14633,14406,1.0157573233374984
11,2026-02-06 04:11:23,15324.608834973678,2746.0001037597654,14340,14500,0.9889655172413793
11,2026-02-06 04:11:23,15324.608834973678,2748.000104141235,14862,14961,0.993382795267696
11,2026-02-06 04:11:23,15324.608834973678,2750.000104522705,14648,14693,0.9969373170897706
11,2026-02-06 04:11:23,15324.608834973678,2752.000104904175,14800,14880,0.9946236559139785
11,2026-02-06 04:11:23,15324.608834973678,2754.000105285644,14876,14889,0.9991268721875209
11,2026-02-06 04:11:23,15324.608834973678,2756.000105667114,14853,15051,0.9868447279250548
11,2026-02-06 04:11:23,15324.608834973678,2758.000106048584,15231,15120,1.0073412698412698
11,2026-02-06 04:11:23,15324.608834973678,2760.0001064300536,15135,15215,0.9947420308905686
11,2026-02-06 04:11:23,15324.608834973678,2762.0001068115234,15350,15317,1.0021544688907749
11,2026-02-06 04:11:23,15324.608834973678,2764.000107192993,15281,15416,0.9912428645563052
11,2026-02-06 04:11:23,15324.608834973678,2766.0001075744626,15570,15463,1.006919743904805
11,2026-02-06 04:11:23,15324.608834973678,2768.0001079559324,15545,15594,0.9968577658073619
11,2026-02-06 04:11:23,15324.608834973678,2770.0001083374023,15419,15534,0.9925968842538947
11,2026-02-06 04:11:23,15324.608834973678,2772.000108718872,15716,15573,1.0091825595582098
11,2026-02-06 04:11:23,15324.608834973678,2774.0001091003414,15751,15724,1.001717120325617
11,2026-02-06 04:11:23,15324.608834973678,2776.0001094818113,15350,15748,0.9747269494538989
11,2026-02-06 04:11:23,15324.608834973678,2778.000109863281,15784,15591,1.0123789365659674
11,2026-02-06 04:11:23,15324.608834973678,2780.000110244751,15639,15833,0.9877471104654835
11,2026-02-06 04:11:23,15324.608834973678,2782.0001106262207,15535,15678,0.9908789386401327
11,2026-02-06 04:11:23,15324.608834973678,2784.00011100769,15625,15551,1.0047585364285254
11,2026-02-06 04:11:23,15324.608834973678,2786.00011138916,15567,15472,1.0061401240951395
11,2026-02-06 04:11:23,15324.608834973678,2788.0001117706297,15478,15640,0.9896419437340154
11,2026-02-06 04:11:23,15324.608834973678,2790.0001121520995,15357,15274,1.0054340709702763
11,2026-02-06 04:11:23,15324.608834973678,2792.0001125335693,15380,15368,1.0007808433107757
11,2026-02-06 04:11:23,15324.608834973678,2794.0001129150387,15061,15297,0.9845721383277767
11,2026-02-06 04:11:23,15324.608834973678,2796.0001132965085,15050,15115,0.9956996361230566
11,2026-02-06 04:11:23,15324.608834973678,2798.0001136779783,15000,14856,1.0096930533117932
11,2026-02-06 04:11:23,15324.608834973678,2800.000114059448,14849,14911,0.9958419958419958
11,2026-02-06 04:11:23,15324.608834973678,2802.000114440918,14947,14994,0.9968654128317994
11,2026-02-06 04:11:23,15324.608834973678,2804.0001148223873,14716,14827,0.9925136575166925
11,2026-02-06 04:11:23,15324.608834973678,2806.000115203857,14660,14835,0.9882035726322885
11,2026-02-06 04:11:23,15324.608834973678,2808.000115585327,14462,14617,0.9893959088732298
11,2026-02-06 04:11:23,15324.608834973678,2810.000115966797,14712,14872,0.9892415277030662
11,2026-02-06 04:11:23,15324.608834973678,2812.0001163482666,14238,14584,0.9762753702687877
11,2026-02-06 04:11:23,15324.608834973678,2814.000116729736,14330,14424,0.9934830837493067
11,2026-02-06 04:11:23,15324.608834973678,2816.000117111206,14447,14537,0.9938089014239526
11,2026-02-06 04:11:23,15324.608834973678,2818.0001174926756,14431,14471,0.9972358510123696
11,2026-02-06 04:11:23,15324.608834973678,2820.0001178741454,14402,14179,1.015727484307779
11,2026-02-06 04:11:23,15324.608834973678,2822.0001182556152,14168,14232,0.9955030916245081
11,2026-02-06 04:11:23,15324.608834973678,2824.0001186370846,14198,14355,0.989063044235458
11,2026-02-06 04:11:23,15324.608834973678,2826.0001190185544,14325,14337,0.9991630048127224
11,2026-02-06 04:11:23,15324.608834973678,2828.0001194000242,14225,14537,0.9785375249363693
11,2026-02-06 04:11:23,15324.608834973678,2830.000119781494,14164,14217,0.9962720686502075
11,2026-02-06 04:11:23,15324.608834973678,2832.000120162964,14178,14261,0.9941799312811164
11,2026-02-06 04:11:23,15324.608834973678,2834.0001205444332,14260,14128,1.009343148357871
11,2026-02-06 04:11:23,15324.608834973678,2836.000120925903,13845,14071,0.9839385971146329
11,2026-02-06 04:11:23,15324.608834973678,2838.000121307373,14046,13993,1.0037876080897592
11,2026-02-06 04:11:23,15324.608834973678,2840.0001216888427,14143,14102,1.0029073890228337
11,2026-02-06 04:11:23,15324.608834973678,2842.0001220703125,13945,14161,0.9847468399124356
11,2026-02-06 04:11:23,15324.608834973678,2844.000122451782,13972,14164,0.9864445072013556
11,2026-02-06 04:11:23,15324.608834973678,2846.0001228332517,13700,13852,0.9890268553277505
11,2026-02-06 04:11:23,15324.608834973678,2848.0001232147215,13925,13737,1.0136856664482783
11,2026-02-06 04:11:23,15324.608834973678,2850.0001235961913,13860,13879,0.9986310252900065
11,2026-02-06 04:11:23,15324.608834973678,2852.000123977661,13819,13681,1.0100869819457643
11,2026-02-06 04:11:23,15324.608834973678,2854.0001243591305,13732,13748,0.9988361943555426
11,2026-02-06 04:11:23,15324.608834973678,2856.0001247406003,13441,13535,0.9930550424824529
11,2026-02-06 04:11:23,15324.608834973678,2858.00012512207,13352,13846,0.9643218257980645
11,2026-02-06 04:11:23,15324.608834973678,2860.00012550354,13719,13493,1.0167494256281036
11,2026-02-06 04:11:23,15324.608834973678,2862.0001258850098,13347,13271,1.0057267726621957
11,2026-02-06 04:11:23,15324.608834973678,2864.000126266479,13122,13187,0.9950709031622053
11,2026-02-06 04:11:23,15324.608834973678,2866.000126647949,12925,13021,0.992627294370632
11,2026-02-06 04:11:23,15324.608834973678,2868.0001270294188,12912,12789,1.009617640159512
11,2026-02-06 04:11:23,15324.608834973678,2870.0001274108886,12660,12646,1.0011070694290685
11,2026-02-06 04:11:23,15324.608834973678,2872.0001277923584,12503,12397,1.0085504557554248
11,2026-02-06 04:11:23,15324.608834973678,2874.0001281738278,12273,12190,1.006808859721083
11,2026-02-06 04:11:23,15324.608834973678,2876.0001285552976,12366,12161,1.0168571663514514
11,2026-02-06 04:11:23,15324.608834973678,2878.0001289367674,12028,12311,0.9770124279099992
11,2026-02-06 04:11:23,15324.608834973678,2880.000129318237,11915,12114,0.9835727257718342
11,2026-02-06 04:11:23,15324.608834973678,2882.000129699707,11762,11957,0.9836915614284519
11,2026-02-06 04:11:23,15324.608834973678,2884.0001300811764,11913,11872,1.0034535040431267
11,2026-02-06 04:11:23,15324.608834973678,2886.000130462646,11944,11892,1.0043726875210226
11,2026-02-06 04:11:23,15324.608834973678,2888.000130844116,11744,12013,0.9776075917755764
11,2026-02-06 04:11:23,15324.608834973678,2890.000131225586,11836,11844,0.9993245525160419
11,2026-02-06 04:11:23,15324.608834973678,2892.0001316070557,11717,11985,0.9776387150604923
11,2026-02-06 04:11:23,15324.608834973678,2894.000131988525,11923,11857,1.0055663321244834
11,2026-02-06 04:11:23,15324.608834973678,2896.000132369995,11692,11785,0.9921086126431905
11,2026-02-06 04:11:23,15324.608834973678,2898.0001327514647,11622,12051,0.9644012944983819
11,2026-02-06 04:11:23,15324.608834973678,2900.0001331329345,11638,11682,0.9962335216572504
