run_name,tau_us,signal_norm
run_20260324_222413,0.39510091145833337,1.087612853482129
run_20260324_222413,0.4001871744791667,1.0820435532095836
run_20260324_222413,0.4052734375,0.9968875596226099
run_20260324_222413,0.41035970052083337,0.975337990526409
run_20260324_222413,0.4154459635416667,0.9976105130247264
run_20260324_222413,0.4205322265625,0.9545682803230082
run_20260324_222413,0.42561848958333337,1.0479063998560245
run_20260324_222413,0.4307047526041667,1.0145209017767627
run_20260324_222413,0.435791015625,0.9997714895240066
run_20260324_222413,0.44087727864583337,1.0960804073111552
run_20260324_222413,0.4459635416666667,1.0615718902082092
run_20260324_222413,0.4510498046875,0.9539674072360085
run_20260324_222413,0.45613606770833337,1.005682325392013
run_20260324_222413,0.4612223307291667,1.0522891474929617
run_20260324_222413,0.46630859375,0.9248205163264459
run_20260324_222413,0.47139485677083337,1.007770105182313
run_20260324_222413,0.4764811197916667,1.0065128372189907
run_20260324_222413,0.4815673828125,1.0386860261226263
run_20260324_222413,0.48665364583333337,1.01653044485326
run_20260324_222413,0.4917399088541667,0.9326979850550762
run_20260324_222413,0.496826171875,1.007283683518767
run_20260324_222413,0.5019124348958334,0.934914581642555
run_20260324_222413,0.5069986979166667,0.9732189166893143
run_20260324_222413,0.5120849609375,1.0134286925980809
run_20260324_222413,0.5171712239583334,0.9683915223771302
run_20260324_222413,0.5222574869791667,0.9400163378059564
run_20260324_222413,0.52734375,0.8933014230430272
run_20260324_222413,0.5324300130208334,0.8479476724458614
run_20260324_222413,0.5375162760416667,0.8739555395231877
run_20260324_222413,0.5426025390625,0.7833582633042887
run_20260324_222413,0.5476888020833334,0.7175902445802897
run_20260324_222413,0.5527750651041667,0.7604108379483431
run_20260324_222413,0.557861328125,0.6017874327109998
run_20260324_222413,0.5629475911458334,0.4798355530387764
run_20260324_222413,0.5680338541666667,0.47495667361369054
run_20260324_222413,0.5731201171875,0.5156361526965314
run_20260324_222413,0.5782063802083334,0.5364749489185439
run_20260324_222413,0.5832926432291667,0.48395435704839057
run_20260324_222413,0.58837890625,0.5499219095624398
run_20260324_222413,0.5934651692708334,0.5350861527959603
run_20260324_222413,0.5985514322916667,0.5681373646746531
run_20260324_222413,0.6036376953125,0.5912771788266599
run_20260324_222413,0.6087239583333334,0.5702751235594767
run_20260324_222413,0.6138102213541667,0.5592568969582591
run_20260324_222413,0.618896484375,0.5625120078503077
run_20260324_222413,0.6239827473958334,0.5019071689964621
run_20260324_222413,0.6290690104166667,0.5246652858251513
run_20260324_222413,0.6341552734375,0.47559236483272715
run_20260324_222413,0.6392415364583334,0.5063694601118184
run_20260324_222413,0.6443277994791667,0.6238355357394767
run_20260324_222413,0.6494140625,0.6452409214482765
run_20260324_222413,0.6545003255208334,0.5881605641243125
run_20260324_222413,0.6595865885416667,0.6445176647507387
run_20260324_222413,0.6646728515625,0.7710853979153123
run_20260324_222413,0.6697591145833334,0.8123031880818115
run_20260324_222413,0.6748453776041667,0.8956328731973776
run_20260324_222413,0.679931640625,0.8718160609743388
run_20260324_222413,0.6850179036458334,0.7992279648785663
run_20260324_222413,0.6901041666666667,0.8380582226777016
run_20260324_222413,0.6951904296875,0.7916497870744916
run_20260324_222413,0.7002766927083334,0.89483562700568
run_20260324_222413,0.7053629557291667,0.8346598961092736
run_20260324_222413,0.71044921875,0.8883770631301677
run_20260324_222413,0.7155354817708334,0.8823807076168028
run_20260324_222413,0.7206217447916667,0.9617387992588948
run_20260324_222413,0.7257080078125,0.9092171746959989
run_20260324_222413,0.7307942708333334,0.7645982030756657
run_20260324_222413,0.7358805338541667,0.7775394603622537
run_20260324_222413,0.740966796875,0.8497921447411663
run_20260324_222413,0.7460530598958334,0.8095675264920812
run_20260324_222413,0.7511393229166667,0.855657052471873
run_20260324_222413,0.7562255859375,1.0137751338569387
run_20260324_222413,0.7613118489583334,0.9381890825102994
run_20260324_222413,0.7663981119791667,0.919701392647925
run_20260324_222413,0.771484375,0.8563797689420428
run_20260324_222413,0.7765706380208334,0.9304539807285931
run_20260324_222413,0.7816569010416667,0.919211430001109
run_20260324_222413,0.7867431640625,0.8741088159652126
run_20260324_222413,0.7918294270833334,0.9842187316471706
run_20260324_222413,0.7969156901041667,0.954381619293154
run_20260324_222413,0.802001953125,1.0233598089551261
run_20260324_222413,0.8070882161458334,0.9537074117791924
run_20260324_222413,0.8121744791666667,0.9139077061303501
run_20260324_222413,0.8172607421875,0.9339884784552239
run_20260324_222413,0.8223470052083334,0.9964814166863782
run_20260324_222413,0.8274332682291667,0.9616338690360362
run_20260324_222413,0.83251953125,0.9817036203426268
run_20260324_222413,0.8376057942708334,0.8960398318646624
run_20260324_222413,0.8426920572916667,0.9471539902954547
run_20260324_222413,0.8477783203125,0.9609105467968313
run_20260324_222413,0.8528645833333334,0.8996267785196164
run_20260324_222413,0.8579508463541667,0.9489374009794488
run_20260324_222413,0.863037109375,1.0097730342225173
run_20260324_222413,0.8681233723958334,0.9799026047625964
run_20260324_222413,0.8732096354166667,0.9778230031749459
run_20260324_222413,0.8782958984375,1.0346540309226884
run_20260324_222413,0.8833821614583334,0.920712912179408
run_20260324_222413,0.8884684244791667,0.9986166453354113
run_20260324_222413,0.8935546875,0.9348025112530833
run_20260324_222413,0.8986409505208334,0.969872993948288
run_20260324_222413,0.9037272135416667,0.9799917404155527
run_20260324_222413,0.9088134765625,1.0412844842405422
run_20260324_222413,0.9138997395833334,0.9458236585285351
run_20260324_222413,0.9189860026041667,0.9091166493492366
run_20260324_222413,0.924072265625,0.9905066642727068
run_20260324_222413,0.9291585286458334,0.9007993306209299
run_20260324_222413,0.9342447916666667,0.9308243578424364
run_20260324_222413,0.9393310546875,0.9294569594469471
run_20260324_222413,0.9444173177083334,0.9614554494693339
run_20260324_222413,0.9495035807291667,0.9498454335981028
run_20260324_222413,0.95458984375,0.8899655914405507
run_20260324_222413,0.9596761067708334,0.9468033309697226
run_20260324_222413,0.9647623697916667,0.9191823760034081
run_20260324_222413,0.9698486328125,0.9520689968078972
run_20260324_222413,0.9749348958333334,0.9926462718052199
run_20260324_222413,0.9800211588541667,0.9916565603848424
run_20260324_222413,0.985107421875,1.0040159755205273
run_20260324_222413,0.9901936848958334,1.0129868339394517
run_20260324_222413,0.9952799479166667,0.951247435451669
run_20260324_222413,1.0003662109375,1.025836339065089
run_20260324_222413,1.0054524739583335,0.9466014589117902
run_20260324_222413,1.0105387369791667,0.9190012952061671
run_20260324_222413,1.015625,0.9919871928262366
run_20260324_222413,1.0207112630208335,0.9961591130406371
run_20260324_222413,1.0257975260416667,0.9247521923377795
run_20260324_222413,1.0308837890625,0.9184944804619173
run_20260324_222413,1.0359700520833335,0.9876163244308722
run_20260324_222413,1.0410563151041667,1.0572567979033098
run_20260324_222413,1.046142578125,0.9059354531833501
run_20260324_222413,1.0512288411458335,0.9049019650992818
run_20260324_222413,1.0563151041666667,0.973999776264721
run_20260324_222413,1.0614013671875,0.9921397182101794
run_20260324_222413,1.0664876302083335,0.9049497723485809
run_20260324_222413,1.0715738932291667,0.9806277073839871
run_20260324_222413,1.07666015625,0.9624452263167976
run_20260324_222413,1.0817464192708335,0.8987119459630252
run_20260324_222413,1.0868326822916667,0.9658744963727609
run_20260324_222413,1.0919189453125,0.9799312993301521
run_20260324_222413,1.0970052083333335,1.050447275799208
run_20260324_222413,1.1020914713541667,0.9830157687175596
run_20260324_222413,1.107177734375,0.8951221596848359
run_20260324_222413,1.1122639973958335,1.009625488221239
run_20260324_222413,1.1173502604166667,0.9121008540645044
run_20260324_222413,1.1224365234375,0.9231465310815548
run_20260324_222413,1.1275227864583335,0.916292954385693
run_20260324_222413,1.1326090494791667,0.9169245380884781
run_20260324_222413,1.1376953125,0.9370390579665318
run_20260324_222413,1.1427815755208335,0.8779588372468596
run_20260324_222413,1.1478678385416667,0.9542509432689403
run_20260324_222413,1.1529541015625,0.9710794599496808
run_20260324_222413,1.1580403645833335,0.9764692855561685
run_20260324_222413,1.1631266276041667,0.9096044412955722
run_20260324_222413,1.168212890625,0.9914510975638258
run_20260324_222413,1.1732991536458335,0.9830040778044644
run_20260324_222413,1.1783854166666667,0.9070751140141081
run_20260324_222413,1.1834716796875,0.9045747080578521
run_20260324_222413,1.1885579427083335,0.9784863829188629
run_20260324_222413,1.1936442057291667,0.9285516521866546
run_20260324_222413,1.19873046875,1.0038421681036676
run_20260324_222413,1.2038167317708335,0.914280417075471
run_20260324_222413,1.2089029947916667,0.9532426849126833
run_20260324_222413,1.2139892578125,0.9496018776946804
run_20260324_222413,1.2190755208333335,0.9974929847396636
run_20260324_222413,1.2241617838541667,0.9287989996663366
run_20260324_222413,1.229248046875,0.9811420177965037
run_20260324_222413,1.2343343098958335,0.8921710207686104
run_20260324_222413,1.2394205729166667,0.9698807185322569
run_20260324_222413,1.2445068359375,0.9704214543403573
run_20260324_222413,1.2495930989583335,0.9886955729885357
run_20260324_222413,1.2546793619791667,1.0130279208428488
run_20260324_222413,1.259765625,0.9277114727101126
run_20260324_222413,1.2648518880208335,0.9470966444034727
run_20260324_222413,1.2699381510416667,0.9612007849243667
run_20260324_222413,1.2750244140625,0.9734270894157155
run_20260324_222413,1.2801106770833335,0.8971689817647046
run_20260324_222413,1.2851969401041667,1.013320503072602
run_20260324_222413,1.290283203125,0.866958884992872
run_20260324_222413,1.2953694661458335,0.8691598533922167
run_20260324_222413,1.3004557291666667,0.9646421820463993
run_20260324_222413,1.3055419921875,1.0109777978196894
run_20260324_222413,1.3106282552083335,0.942174198244583
run_20260324_222413,1.3157145182291667,1.0018672738625596
run_20260324_222413,1.32080078125,0.9746935572280593
run_20260324_222413,1.3258870442708335,1.0054526831683919
run_20260324_222413,1.3309733072916667,1.0250560303563174
run_20260324_222413,1.3360595703125,0.9451636587517305
run_20260324_222413,1.3411458333333335,1.0343342739018218
run_20260324_222413,1.3462320963541667,0.9507411536791421
run_20260324_222413,1.351318359375,0.9437206549492783
run_20260324_222413,1.3564046223958335,0.9657210318039473
run_20260324_222413,1.3614908854166667,1.0268574019664527
run_20260324_222413,1.3665771484375,0.9342934883628309
run_20260324_222413,1.3716634114583335,0.9292939442382031
run_20260324_222413,1.3767496744791667,0.9813222268120974
run_20260324_222413,1.3818359375,0.9880194298397635
run_20260324_222413,1.3869222005208335,0.9190651051804855
run_20260324_222413,1.3920084635416667,0.9379877612167378
run_20260324_222413,1.3970947265625,0.8535749153355774
run_20260324_222413,1.4021809895833335,0.9437924386800202
run_20260324_222413,1.4072672526041667,0.9505014062819468
run_20260324_222413,1.412353515625,0.9527309439482674
run_20260324_222413,1.4174397786458335,0.9014847890276851
run_20260324_222413,1.4225260416666667,0.898575439442733
run_20260324_222413,1.4276123046875,0.9050793783566471
run_20260324_222413,1.4326985677083335,0.8536752463346313
run_20260324_222413,1.4377848307291667,0.9054719079551417
run_20260324_222413,1.44287109375,0.9091421995460838
run_20260324_222413,1.4479573567708335,0.8706719759383211
run_20260324_222413,1.4530436197916667,0.9657800730761028
run_20260324_222413,1.4581298828125,0.8261568237846781
run_20260324_222413,1.4632161458333335,0.8685227981265429
run_20260324_222413,1.4683024088541667,0.8783355891567622
run_20260324_222413,1.473388671875,0.9080036697773641
run_20260324_222413,1.4784749348958335,1.0584767337797079
run_20260324_222413,1.4835611979166667,0.963707938300394
run_20260324_222413,1.4886474609375,0.956855888487558
run_20260324_222413,1.4937337239583335,0.9576249133419754
run_20260324_222413,1.4988199869791667,0.9003432465723156
run_20260324_222413,1.50390625,0.9288297487431689
run_20260324_222413,1.5089925130208335,0.923323575862177
run_20260324_222413,1.5140787760416667,0.9375836967194671
run_20260324_222413,1.5191650390625,0.9137605608484624
run_20260324_222413,1.5242513020833335,0.9108794188405261
run_20260324_222413,1.5293375651041667,0.9673436475207307
run_20260324_222413,1.534423828125,0.9119905405000318
run_20260324_222413,1.5395100911458335,0.9881856631996759
run_20260324_222413,1.5445963541666667,0.8880098325095318
run_20260324_222413,1.5496826171875,0.8530589298215063
run_20260324_222413,1.5547688802083335,0.8931667481441259
run_20260324_222413,1.5598551432291667,0.9294548402597668
run_20260324_222413,1.56494140625,0.9303943367294034
run_20260324_222413,1.5700276692708335,0.9078377632804566
run_20260324_222413,1.5751139322916667,0.9911664877818496
run_20260324_222413,1.5802001953125,0.9046930459305669
run_20260324_222413,1.5852864583333335,0.8818456449421277
run_20260324_222413,1.5903727213541667,0.9689894971585509
run_20260324_222413,1.595458984375,0.9293037002113593
run_20260324_222413,1.6005452473958335,0.883881992798285
run_20260324_222413,1.6056315104166667,0.9521158414769614
run_20260324_222413,1.6107177734375,0.9324795295287249
run_20260324_222413,1.6158040364583335,0.8969035075457128
run_20260324_222413,1.6208902994791667,0.8370503161041593
run_20260324_222413,1.6259765625,0.948573838936752
run_20260324_222413,1.6310628255208335,0.8711744130938679
run_20260324_222413,1.6361490885416667,0.8869296878049117
run_20260324_222413,1.6412353515625,0.8571228507686013
run_20260324_222413,1.6463216145833335,0.899800948400171
run_20260324_222413,1.6514078776041667,0.9319610545509541
run_20260324_222413,1.656494140625,0.9253606973302883
run_20260324_222413,1.6615804036458335,0.9092928598020218
run_20260324_222413,1.6666666666666667,0.9861972982853859
run_20260324_222413,1.6717529296875,0.7892322953169413
run_20260324_222413,1.6768391927083335,0.9582775848591407
run_20260324_222413,1.6819254557291667,0.8879180334900886
run_20260324_222413,1.68701171875,0.8867202901145541
run_20260324_222413,1.6920979817708335,0.872849987893119
run_20260324_222413,1.6971842447916667,0.9149523513427491
run_20260324_222413,1.7022705078125,0.8596775154215767
run_20260324_222413,1.7073567708333335,0.8504987240982995
run_20260324_222413,1.7124430338541667,0.8834845457760239
run_20260324_222413,1.717529296875,0.8304436914012836
run_20260324_222413,1.7226155598958335,0.7073805154846196
run_20260324_222413,1.7277018229166667,0.8218745999702499
run_20260324_222413,1.7327880859375,0.8554600211781667
run_20260324_222413,1.7378743489583335,0.8479935675773973
run_20260324_222413,1.7429606119791667,0.8165289289738966
run_20260324_222413,1.748046875,0.7768758045214335
run_20260324_222413,1.7531331380208335,0.683691217586401
run_20260324_222413,1.7582194010416667,0.5534943112607205
run_20260324_222413,1.7633056640625,0.46078524916003194
run_20260324_222413,1.7683919270833335,0.40600600499969913
run_20260324_222413,1.7734781901041667,0.3549561424251044
run_20260324_222413,1.778564453125,0.27307653456835773
run_20260324_222413,1.7836507161458335,0.398678858538651
run_20260324_222413,1.7887369791666667,0.5100728829541403
run_20260324_222413,1.7938232421875,0.5569619389027144
run_20260324_222413,1.7989095052083335,0.5115035549188706
run_20260324_222413,1.8039957682291667,0.440810626205306
run_20260324_222413,1.80908203125,0.46509027925055635
run_20260324_222413,1.8141682942708335,0.3974166127220857
run_20260324_222413,1.8192545572916667,0.5053851245273985
run_20260324_222413,1.8243408203125,0.4616938968012063
run_20260324_222413,1.8294270833333335,0.5223125307586953
run_20260324_222413,1.8345133463541667,0.5141056821381202
run_20260324_222413,1.839599609375,0.5021421207551605
run_20260324_222413,1.8446858723958335,0.5755108485402103
run_20260324_222413,1.8497721354166667,0.5199690141399377
run_20260324_222413,1.8548583984375,0.4594621172081454
run_20260324_222413,1.8599446614583335,0.5626394562451638
run_20260324_222413,1.8650309244791667,0.47508685565894015
run_20260324_222413,1.8701171875,0.4055582869561607
run_20260324_222413,1.8752034505208335,0.5710599000631152
run_20260324_222413,1.8802897135416667,0.4659658605390911
run_20260324_222413,1.8853759765625,0.45564348690669154
run_20260324_222413,1.8904622395833335,0.5222256840451339
run_20260324_222413,1.8955485026041667,0.48055550388453727
run_20260324_222413,1.900634765625,0.5460228065637671
run_20260324_222413,1.9057210286458335,0.6484866128244365
run_20260324_222413,1.9108072916666667,0.6249207208121147
run_20260324_222413,1.9158935546875,0.6304624399011249
run_20260324_222413,1.9209798177083335,0.5441631469564012
run_20260324_222413,1.9260660807291667,0.7091872447729015
run_20260324_222413,1.93115234375,0.49496228307816575
run_20260324_222413,1.9362386067708335,0.5024938177740544
run_20260324_222413,1.9413248697916667,0.44410187642211785
run_20260324_222413,1.9464111328125,0.539626941899288
run_20260324_222413,1.9514973958333335,0.4880043790054937
run_20260324_222413,1.9565836588541667,0.7028063498118909
run_20260324_222413,1.961669921875,0.7265397702627172
run_20260324_222413,1.9667561848958335,0.8136151020389002
run_20260324_222413,1.9718424479166667,0.8817659885845579
run_20260324_222413,1.9769287109375,0.9720203330109676
run_20260324_222413,1.9820149739583335,0.863920104526348
run_20260324_222413,1.9871012369791667,0.9464303177677617
run_20260324_222413,1.9921875,0.9373899689575651
run_20260324_222413,1.9972737630208335,0.9796882211514503
run_20260324_222413,2.002360026041667,0.9794052327229686
run_20260324_222413,2.0074462890625,0.8963665577255482
run_20260324_222413,2.0125325520833335,0.9351299318675566
run_20260324_222413,2.017618815104167,0.9110853041781706
run_20260324_222413,2.022705078125,0.9497409717546335
run_20260324_222413,2.0277913411458335,0.9082345036924773
run_20260324_222413,2.032877604166667,0.9380000777764332
run_20260324_222413,2.0379638671875,0.9370061098329254
run_20260324_222413,2.0430501302083335,0.9486889240903522
run_20260324_222413,2.048136393229167,0.9090654364659836
run_20260324_222413,2.05322265625,0.9627728262885361
run_20260324_222413,2.0583089192708335,0.9314061545172803
run_20260324_222413,2.063395182291667,0.9232194197033639
run_20260324_222413,2.0684814453125,0.916201009871171
run_20260324_222413,2.0735677083333335,0.8940067425783007
run_20260324_222413,2.078653971354167,0.9133473483900849
run_20260324_222413,2.083740234375,0.9929615411090171
run_20260324_222413,2.0888264973958335,0.8840873570949546
run_20260324_222413,2.093912760416667,0.8482236490915609
run_20260324_222413,2.0989990234375,0.984652755524072
run_20260324_222413,2.1040852864583335,0.980304396847689
run_20260324_222413,2.109171549479167,0.8883628756016763
run_20260324_222413,2.1142578125,0.9333984019124169
run_20260324_222413,2.1193440755208335,0.9287626751737501
run_20260324_222413,2.124430338541667,0.8371907989038517
run_20260324_222413,2.1295166015625,0.8873122002906995
run_20260324_222413,2.1346028645833335,0.9517641888977373
run_20260324_222413,2.139689127604167,0.9857576163211661
run_20260324_222413,2.144775390625,0.9412392749283609
run_20260324_222413,2.1498616536458335,1.0326745840999636
run_20260324_222413,2.154947916666667,0.9115491095991007
run_20260324_222413,2.1600341796875,0.9337785041441979
run_20260324_222413,2.1651204427083335,0.9483610422856902
run_20260324_222413,2.170206705729167,0.8870357799597242
run_20260324_222413,2.17529296875,0.9797389550221018
run_20260324_222413,2.1803792317708335,0.9089688157740125
run_20260324_222413,2.185465494791667,1.0369346016468555
run_20260324_222413,2.1905517578125,0.9426285400123908
run_20260324_222413,2.1956380208333335,0.9020053671655126
run_20260324_222413,2.200724283854167,0.934323860524805
run_20260324_222413,2.205810546875,0.8571871172688786
run_20260324_222413,2.2108968098958335,0.9949106055182745
run_20260324_222413,2.215983072916667,0.952548074745034
run_20260324_222413,2.2210693359375,0.9506416612885793
run_20260324_222413,2.2261555989583335,0.912316485695193
run_20260324_222413,2.231241861979167,0.9526186286307528
run_20260324_222413,2.236328125,0.9647774751829401
run_20260324_222413,2.2414143880208335,0.8939474367320428
run_20260324_222413,2.246500651041667,0.9369247008689239
run_20260324_222413,2.2515869140625,0.8135643442839307
run_20260324_222413,2.2566731770833335,0.9369170820142871
run_20260324_222413,2.261759440104167,0.9312132818727747
run_20260324_222413,2.266845703125,0.9636339717008128
run_20260324_222413,2.2719319661458335,0.9172458037239366
run_20260324_222413,2.277018229166667,0.9194306380803036
run_20260324_222413,2.2821044921875,0.8828537972504896
run_20260324_222413,2.2871907552083335,0.9188465986330302
run_20260324_222413,2.292277018229167,0.9055721279564231
run_20260324_222413,2.29736328125,0.9346567540545503
run_20260324_222413,2.3024495442708335,0.8684419958687528
run_20260324_222413,2.307535807291667,0.9102080170051479
run_20260324_222413,2.3126220703125,0.908777089734145
run_20260324_222413,2.3177083333333335,0.9070372078793969
run_20260324_222413,2.322794596354167,0.9272421321870845
run_20260324_222413,2.327880859375,0.9564776348000059
run_20260324_222413,2.3329671223958335,0.8869525186467473
run_20260324_222413,2.338053385416667,0.9374373939253681
run_20260324_222413,2.3431396484375,1.0278484293219974
run_20260324_222413,2.3482259114583335,0.9405977232042497
run_20260324_222413,2.353312174479167,0.9000971799479269
run_20260324_222413,2.3583984375,0.9488922576441625
run_20260324_222413,2.3634847005208335,0.9046169238219222
run_20260324_222413,2.368570963541667,0.9446175454739882
run_20260324_222413,2.3736572265625,0.9835398255160068
run_20260324_222413,2.3787434895833335,0.9188760103304425
run_20260324_222413,2.383829752604167,1.0193224119253441
run_20260324_222413,2.388916015625,0.9533490789267498
run_20260324_222413,2.3940022786458335,0.9407727495878434
run_20260324_222413,2.399088541666667,0.9914244428030896
run_20260324_222413,2.4041748046875,1.0033857669542885
run_20260324_222413,2.4092610677083335,0.8860474850187103
run_20260324_222413,2.414347330729167,0.8918061975198721
run_20260324_222413,2.41943359375,0.942341124874857
run_20260324_222413,2.4245198567708335,0.9237101631531921
run_20260324_222413,2.429606119791667,0.9288242725747465
run_20260324_222413,2.4346923828125,0.8978346677524296
run_20260324_222413,2.4397786458333335,0.893759939825358
run_20260324_222413,2.444864908854167,0.9985509395243597
run_20260324_222413,2.449951171875,0.939765067623758
run_20260324_222413,2.4550374348958335,0.9790266153712797
run_20260324_222413,2.460123697916667,0.9596361964802175
run_20260324_222413,2.4652099609375,0.8710090833364063
run_20260324_222413,2.4702962239583335,0.9638731622657762
run_20260324_222413,2.475382486979167,0.9255131286784272
run_20260324_222413,2.48046875,0.884999953546259
run_20260324_222413,2.4855550130208335,0.9978915751725161
run_20260324_222413,2.490641276041667,1.0116590653604036
run_20260324_222413,2.4957275390625,1.003334735860261
run_20260324_222413,2.5008138020833335,0.8699447094467134
run_20260324_222413,2.505900065104167,0.8685138783168791
run_20260324_222413,2.510986328125,1.0024935961620285
run_20260324_222413,2.5160725911458335,0.8820072896819282
run_20260324_222413,2.521158854166667,0.9100941947924118
run_20260324_222413,2.5262451171875,0.8861706017568256
run_20260324_222413,2.5313313802083335,0.8738379703669225
run_20260324_222413,2.536417643229167,0.9389347209164687
run_20260324_222413,2.54150390625,0.9519087980763321
run_20260324_222413,2.5465901692708335,0.9214591982907446
run_20260324_222413,2.551676432291667,0.9456309381857502
run_20260324_222413,2.5567626953125,0.925530053149959
run_20260324_222413,2.5618489583333335,0.9263646108412077
run_20260324_222413,2.566935221354167,0.9659859379970546
run_20260324_222413,2.572021484375,0.9638578257435488
run_20260324_222413,2.5771077473958335,0.9979112520446989
run_20260324_222413,2.582194010416667,0.9073960534409367
run_20260324_222413,2.5872802734375,0.8833302489493595
run_20260324_222413,2.5923665364583335,1.0615848866087134
run_20260324_222413,2.597452799479167,0.923233761953195
run_20260324_222413,2.6025390625,0.9151978997792576
run_20260324_222413,2.6076253255208335,0.9287691948958432
run_20260324_222413,2.612711588541667,0.8868334813470455
run_20260324_222413,2.6177978515625,0.8760695852879538
run_20260324_222413,2.6228841145833335,0.8573305121276913
run_20260324_222413,2.627970377604167,0.9654882993207977
run_20260324_222413,2.633056640625,0.898007395178932
run_20260324_222413,2.6381429036458335,0.9298112697816978
run_20260324_222413,2.643229166666667,0.9390667094937578
run_20260324_222413,2.6483154296875,0.9300009107899467
run_20260324_222413,2.6534016927083335,0.8753198622754992
run_20260324_222413,2.658487955729167,0.9350893095987635
run_20260324_222413,2.66357421875,1.000733824910578
run_20260324_222413,2.6686604817708335,0.8437376868713353
run_20260324_222413,2.673746744791667,0.9436609103249656
run_20260324_222413,2.6788330078125,0.8846182982341434
run_20260324_222413,2.6839192708333335,1.017159177546819
run_20260324_222413,2.689005533854167,0.8887121884254738
run_20260324_222413,2.694091796875,0.8986621272824
run_20260324_222413,2.6991780598958335,0.9615876808114611
run_20260324_222413,2.704264322916667,0.9268095455664078
run_20260324_222413,2.7093505859375,0.8836394015999589
run_20260324_222413,2.7144368489583335,0.924781579049707
run_20260324_222413,2.719523111979167,0.9137420599868334
run_20260324_222413,2.724609375,0.9884888807062151
run_20260324_222413,2.7296956380208335,0.8823915824359939
run_20260324_222413,2.734781901041667,0.934222127574992
run_20260324_222413,2.7398681640625,0.9628970279340305
run_20260324_222413,2.7449544270833335,0.9591382086213496
run_20260324_222413,2.750040690104167,0.852245530879779
run_20260324_222413,2.755126953125,0.9753715864491805
run_20260324_222413,2.7602132161458335,0.8719897009644763
run_20260324_222413,2.765299479166667,0.8977299631510767
run_20260324_222413,2.7703857421875,0.9253910711037188
run_20260324_222413,2.7754720052083335,0.9791772174461699
run_20260324_222413,2.780558268229167,0.9188150920829472
run_20260324_222413,2.78564453125,0.8977642725306015
run_20260324_222413,2.7907307942708335,0.9067088247732948
run_20260324_222413,2.795817057291667,0.8679241393983645
run_20260324_222413,2.8009033203125,0.9783252142042036
run_20260324_222413,2.8059895833333335,0.9546169797193809
run_20260324_222413,2.811075846354167,0.8207992439070584
run_20260324_222413,2.816162109375,0.8359788037454374
run_20260324_222413,2.8212483723958335,0.9828591346397539
run_20260324_222413,2.826334635416667,0.8612246699322137
run_20260324_222413,2.8314208984375,0.8647856034989498
run_20260324_222413,2.8365071614583335,0.8938556071577288
run_20260324_222413,2.841593424479167,0.8783668155685954
run_20260324_222413,2.8466796875,0.8804062428590463
run_20260324_222413,2.8517659505208335,0.889035303702016
run_20260324_222413,2.856852213541667,0.8537884354231
run_20260324_222413,2.8619384765625,0.8623051772472531
run_20260324_222413,2.8670247395833335,0.8636756450426497
run_20260324_222413,2.872111002604167,0.942681825521293
run_20260324_222413,2.877197265625,0.8396309633474333
run_20260324_222413,2.8822835286458335,0.8825156042869768
run_20260324_222413,2.887369791666667,0.9188326460220708
run_20260324_222413,2.8924560546875,0.8696560005481098
run_20260324_222413,2.8975423177083335,0.9885444627675288
run_20260324_222413,2.902628580729167,0.9333601091636203
run_20260324_222413,2.90771484375,0.8366423676991341
run_20260324_222413,2.9128011067708335,0.95851798489141
run_20260324_222413,2.917887369791667,0.8468806784895286
run_20260324_222413,2.9229736328125,0.8829166134160269
run_20260324_222413,2.9280598958333335,0.8435316675935882
run_20260324_222413,2.933146158854167,0.8971103302415191
run_20260324_222413,2.938232421875,0.8624864233707787
run_20260324_222413,2.9433186848958335,0.8382111542309203
run_20260324_222413,2.948404947916667,0.8759225698231579
run_20260324_222413,2.9534912109375,0.8237171576639257
run_20260324_222413,2.9585774739583335,0.7186586120556454
run_20260324_222413,2.963663736979167,0.6799248464256913
run_20260324_222413,2.96875,0.4178318645597479
run_20260324_222413,2.9738362630208335,0.33047877949308857
run_20260324_222413,2.978922526041667,0.3664473054741626
run_20260324_222413,2.9840087890625,0.30323491196219066
run_20260324_222413,2.9890950520833335,0.44154916991590504
run_20260324_222413,2.994181315104167,0.5536826442066083
run_20260324_222413,2.999267578125,0.7508085537869836
run_20260324_222413,3.0043538411458335,0.7594863027811216
run_20260324_222413,3.009440104166667,0.7688446345171525
run_20260324_222413,3.0145263671875,0.8189612858249393
run_20260324_222413,3.0196126302083335,0.8887527081641222
run_20260324_222413,3.024698893229167,0.8143279179469126
run_20260324_222413,3.02978515625,0.5619812066498346
run_20260324_222413,3.0348714192708335,0.5903137532535472
run_20260324_222413,3.039957682291667,0.47031041873452845
run_20260324_222413,3.0450439453125,0.3920595743909686
run_20260324_222413,3.0501302083333335,0.40626961945735196
run_20260324_222413,3.055216471354167,0.5280918256702015
run_20260324_222413,3.060302734375,0.5394750359940054
run_20260324_222413,3.0653889973958335,0.6131266207503012
run_20260324_222413,3.070475260416667,0.6098517519044607
run_20260324_222413,3.0755615234375,0.4354948582230403
run_20260324_222413,3.0806477864583335,0.5305163016767975
run_20260324_222413,3.085734049479167,0.5614081985858437
run_20260324_222413,3.0908203125,0.5039100718070573
run_20260324_222413,3.0959065755208335,0.5174430548446571
run_20260324_222413,3.100992838541667,0.4658127946200602
run_20260324_222413,3.1060791015625,0.5801251413742797
run_20260324_222413,3.1111653645833335,0.6111449381303595
run_20260324_222413,3.116251627604167,0.588082724291114
run_20260324_222413,3.121337890625,0.5260750163962534
run_20260324_222413,3.1264241536458335,0.5147874033428969
run_20260324_222413,3.131510416666667,0.5449866031282341
run_20260324_222413,3.1365966796875,0.4987995871405218
run_20260324_222413,3.1416829427083335,0.46603799087933506
run_20260324_222413,3.146769205729167,0.583128885083475
run_20260324_222413,3.15185546875,0.515461719766985
run_20260324_222413,3.1569417317708335,0.5496370507074165
run_20260324_222413,3.162027994791667,0.5373546554674148
run_20260324_222413,3.1671142578125,0.5839305397521503
run_20260324_222413,3.1722005208333335,0.5604565537483168
run_20260324_222413,3.177286783854167,0.5439645034176774
run_20260324_222413,3.182373046875,0.5853764291054228
run_20260324_222413,3.1874593098958335,0.5940363086432352
run_20260324_222413,3.192545572916667,0.6465299121147103
run_20260324_222413,3.1976318359375,0.7370819455029982
run_20260324_222413,3.2027180989583335,0.675163428958481
run_20260324_222413,3.207804361979167,0.680095168968318
run_20260324_222413,3.212890625,0.6807885819674425
run_20260324_222413,3.2179768880208335,0.7169362246306225
run_20260324_222413,3.223063151041667,0.7352633865283106
run_20260324_222413,3.2281494140625,0.7105447435299198
run_20260324_222413,3.2332356770833335,0.7641108178268508
run_20260324_222413,3.238321940104167,0.5897391276871439
run_20260324_222413,3.243408203125,0.6140332691919881
run_20260324_222413,3.2484944661458335,0.5677121827850188
run_20260324_222413,3.253580729166667,0.5066430280605034
run_20260324_222413,3.2586669921875,0.4917154696150147
run_20260324_222413,3.2637532552083335,0.4941905774385494
run_20260324_222413,3.268839518229167,0.5868614701248249
run_20260324_222413,3.27392578125,0.6099916672496506
run_20260324_222413,3.2790120442708335,0.7502490541520066
run_20260324_222413,3.284098307291667,0.7896090851227269
run_20260324_222413,3.2891845703125,0.8220823460240902
run_20260324_222413,3.2942708333333335,0.90005642942573
run_20260324_222413,3.299357096354167,0.8070730017364948
run_20260324_222413,3.304443359375,0.8435345423887699
run_20260324_222413,3.3095296223958335,0.8589067331885508
run_20260324_222413,3.314615885416667,0.8912756127550736
run_20260324_222413,3.3197021484375,0.7771572908513144
run_20260324_222413,3.3247884114583335,0.9259898536287277
run_20260324_222413,3.329874674479167,0.9284001383308631
run_20260324_222413,3.3349609375,0.8761663423903119
run_20260324_222413,3.3400472005208335,0.8370324718370468
run_20260324_222413,3.345133463541667,0.8612108611421059
run_20260324_222413,3.3502197265625,0.8537385153774798
run_20260324_222413,3.3553059895833335,0.9051042456198338
run_20260324_222413,3.360392252604167,0.9454015557999021
run_20260324_222413,3.365478515625,0.8491253267433041
run_20260324_222413,3.3705647786458335,0.8761427378350228
run_20260324_222413,3.375651041666667,0.8499522555993385
run_20260324_222413,3.3807373046875,0.8149984410841651
run_20260324_222413,3.3858235677083335,0.8607198369039293
run_20260324_222413,3.390909830729167,0.8887232837014145
run_20260324_222413,3.39599609375,0.7973521077774489
run_20260324_222413,3.4010823567708335,0.8622843230005255
run_20260324_222413,3.406168619791667,0.8540841939047222
run_20260324_222413,3.4112548828125,0.85973810588554
run_20260324_222413,3.4163411458333335,0.8769392074929454
run_20260324_222413,3.421427408854167,0.7853895425776916
run_20260324_222413,3.426513671875,0.8875594816992223
run_20260324_222413,3.4315999348958335,0.8339742048391445
run_20260324_222413,3.436686197916667,0.9180280680251623
run_20260324_222413,3.4417724609375,0.9500794908753513
run_20260324_222413,3.4468587239583335,0.8828349994808936
run_20260324_222413,3.451944986979167,0.8820832054859735
run_20260324_222413,3.45703125,0.8506228094989232
run_20260324_222413,3.4621175130208335,0.9394678386516813
run_20260324_222413,3.467203776041667,0.8521752041783888
run_20260324_222413,3.4722900390625,0.8570836523030263
run_20260324_222413,3.4773763020833335,0.9383518544880498
run_20260324_222413,3.482462565104167,0.9339803710818142
run_20260324_222413,3.487548828125,0.9978027748333724
run_20260324_222413,3.4926350911458335,0.9006361539290144
run_20260324_222413,3.497721354166667,0.8593910492555492
run_20260324_222413,3.5028076171875,0.9714115459773245
run_20260324_222413,3.5078938802083335,0.8712002047831693
run_20260324_222413,3.512980143229167,0.9436490669343355
run_20260324_222413,3.51806640625,0.9357010507225337
run_20260324_222413,3.5231526692708335,0.8882157485683699
run_20260324_222413,3.528238932291667,0.9101110942244472
run_20260324_222413,3.5333251953125,0.806345970810566
run_20260324_222413,3.5384114583333335,0.8407751836192683
run_20260324_222413,3.543497721354167,0.9053073034020399
run_20260324_222413,3.548583984375,0.8728012100788591
run_20260324_222413,3.5536702473958335,0.8820748467062652
run_20260324_222413,3.558756510416667,0.8431952974572039
run_20260324_222413,3.5638427734375,1.0224994231454487
run_20260324_222413,3.5689290364583335,0.84501718858099
run_20260324_222413,3.574015299479167,0.9104060911963365
run_20260324_222413,3.5791015625,0.9022266988045954
run_20260324_222413,3.5841878255208335,0.892928636130474
run_20260324_222413,3.589274088541667,0.8782854774416633
run_20260324_222413,3.5943603515625,0.8580836588326163
run_20260324_222413,3.5994466145833335,0.8521341069847175
run_20260324_222413,3.604532877604167,0.9046148252931234
run_20260324_222413,3.609619140625,0.8224516631578492
run_20260324_222413,3.6147054036458335,0.8707990350321217
run_20260324_222413,3.619791666666667,0.7998652553205532
run_20260324_222413,3.6248779296875,0.9012977602778794
run_20260324_222413,3.6299641927083335,0.7855127387150378
run_20260324_222413,3.635050455729167,0.8636102837646342
run_20260324_222413,3.64013671875,0.8277425547394142
run_20260324_222413,3.6452229817708335,0.8718385280111342
run_20260324_222413,3.650309244791667,0.9343567313131008
run_20260324_222413,3.6553955078125,0.7800420234843981
run_20260324_222413,3.6604817708333335,0.9419852066318055
run_20260324_222413,3.665568033854167,0.8956798630019978
run_20260324_222413,3.670654296875,0.83912078495569
run_20260324_222413,3.6757405598958335,0.870530001074973
run_20260324_222413,3.680826822916667,0.878071042418928
run_20260324_222413,3.6859130859375,0.8378174360571483
run_20260324_222413,3.6909993489583335,0.9117522296460143
run_20260324_222413,3.696085611979167,0.8901914502735551
run_20260324_222413,3.701171875,0.8198095348967186
run_20260324_222413,3.7062581380208335,0.8900065910222262
run_20260324_222413,3.711344401041667,0.8235805117091322
run_20260324_222413,3.7164306640625,0.8222876062711267
run_20260324_222413,3.7215169270833335,0.8563497068561317
run_20260324_222413,3.726603190104167,0.9237101631531918
run_20260324_222413,3.731689453125,0.8874323177953317
run_20260324_222413,3.7367757161458335,0.8508135601211821
run_20260324_222413,3.741861979166667,0.8505050645674683
run_20260324_222413,3.7469482421875,0.8882206685315819
run_20260324_222413,3.7520345052083335,0.9570176070030636
run_20260324_222413,3.757120768229167,0.8774611270120576
run_20260324_222413,3.76220703125,0.9407664407685604
run_20260324_222413,3.7672932942708335,0.9322112418696868
run_20260324_222413,3.772379557291667,0.983593664527185
run_20260324_222413,3.7774658203125,0.8802915692967628
run_20260324_222413,3.7825520833333335,0.84514805180265
run_20260324_222413,3.787638346354167,0.940946441940145
run_20260324_222413,3.792724609375,0.9109181262184887
run_20260324_222413,3.7978108723958335,0.7547826525055622
run_20260324_222413,3.802897135416667,0.8359730236065643
run_20260324_222413,3.8079833984375,0.8808989034218356
run_20260324_222413,3.8130696614583335,0.7617687029870464
run_20260324_222413,3.818155924479167,0.8233323907582719
run_20260324_222413,3.8232421875,0.8735260430925392
run_20260324_222413,3.8283284505208335,0.832198940157628
run_20260324_222413,3.833414713541667,0.9076244055791207
run_20260324_222413,3.8385009765625,0.8471378953007217
run_20260324_222413,3.8435872395833335,0.8848456478852947
run_20260324_222413,3.848673502604167,0.9235465055208475
run_20260324_222413,3.853759765625,0.9418863746362094
run_20260324_222413,3.8588460286458335,0.9008669259654345
run_20260324_222413,3.863932291666667,0.7594755376159308
run_20260324_222413,3.8690185546875,0.8610994172897204
run_20260324_222413,3.8741048177083335,0.8867339279151343
run_20260324_222413,3.879191080729167,0.8139250880204174
run_20260324_222413,3.88427734375,0.8724594202115444
run_20260324_222413,3.8893636067708335,0.9036902352514162
run_20260324_222413,3.894449869791667,0.884999953546259
run_20260324_222413,3.8995361328125,0.802177769833779
run_20260324_222413,3.9046223958333335,0.8312898170056722
run_20260324_222413,3.909708658854167,0.886675074895964
run_20260324_222413,3.914794921875,0.8778532123881935
run_20260324_222413,3.9198811848958335,0.9364853369574662
run_20260324_222413,3.924967447916667,0.8697339313143204
run_20260324_222413,3.9300537109375,0.8710137327475216
run_20260324_222413,3.9351399739583335,0.8704475217115065
run_20260324_222413,3.940226236979167,0.8371617340094708
run_20260324_222413,3.9453125,0.8113870329532005
run_20260324_222413,3.9503987630208335,0.9172956832645249
run_20260324_222413,3.955485026041667,0.8649532973013803
run_20260324_222413,3.9605712890625,0.8234511332008994
run_20260324_222413,3.9656575520833335,0.8442910954958887
run_20260324_222413,3.970743815104167,0.856203027735926
run_20260324_222413,3.975830078125,0.7874397180900274
run_20260324_222413,3.9809163411458335,0.8610689064880976
run_20260324_222413,3.986002604166667,0.833061138929081
run_20260324_222413,3.9910888671875,0.8996709715783848
run_20260324_222413,3.9961751302083335,0.9301587064146621
run_20260324_222413,4.001261393229167,0.8833022238451906
run_20260324_222413,4.00634765625,0.8183747055718239
run_20260324_222413,4.011433919270834,0.8022395393510819
run_20260324_222413,4.016520182291667,0.8335634194933214
run_20260324_222413,4.0216064453125,0.8685976200783183
run_20260324_222413,4.026692708333334,0.8403336928677998
run_20260324_222413,4.031778971354167,0.7815175918495822
run_20260324_222413,4.036865234375,0.8146159141936542
run_20260324_222413,4.041951497395834,0.8326853316072342
run_20260324_222413,4.047037760416667,0.7884870455875479
run_20260324_222413,4.0521240234375,0.8329744063728625
run_20260324_222413,4.057210286458334,0.8084701529540543
run_20260324_222413,4.062296549479167,0.8297888863091869
run_20260324_222413,4.0673828125,0.7689335508383288
run_20260324_222413,4.072469075520834,0.8418063701751755
run_20260324_222413,4.077555338541667,0.8774337606987832
run_20260324_222413,4.0826416015625,0.8275892387707087
run_20260324_222413,4.087727864583334,0.8079626101470809
run_20260324_222413,4.092814127604167,0.7887943360843215
run_20260324_222413,4.097900390625,0.8390190372827526
run_20260324_222413,4.102986653645834,0.8509143872794522
run_20260324_222413,4.108072916666667,0.8532320096025572
run_20260324_222413,4.1131591796875,0.7752693913961262
run_20260324_222413,4.118245442708334,0.8745463841866051
run_20260324_222413,4.123331705729167,0.8284716995373693
run_20260324_222413,4.12841796875,0.785384051945148
run_20260324_222413,4.133504231770834,0.8182244958317996
run_20260324_222413,4.138590494791667,0.771457342609709
run_20260324_222413,4.1436767578125,0.7592999074258227
run_20260324_222413,4.148763020833334,0.7718820385278542
run_20260324_222413,4.153849283854167,0.7940799823029624
run_20260324_222413,4.158935546875,0.6836750229593023
run_20260324_222413,4.164021809895834,0.5636358999889599
run_20260324_222413,4.169108072916667,0.45995894384769875
run_20260324_222413,4.1741943359375,0.4872745382242646
run_20260324_222413,4.179280598958334,0.3658140477118622
run_20260324_222413,4.184366861979167,0.4856178400648999
run_20260324_222413,4.189453125,0.4683590745439967
run_20260324_222413,4.194539388020834,0.5882305345021089
run_20260324_222413,4.199625651041667,0.7573237900745768
run_20260324_222413,4.2047119140625,0.733795371537149
run_20260324_222413,4.209798177083334,0.8023102996196929
run_20260324_222413,4.214884440104167,0.8028404000792906
run_20260324_222413,4.219970703125,0.8409786267654238
run_20260324_222413,4.225056966145834,0.8316804074252651
run_20260324_222413,4.230143229166667,0.7401342573623334
run_20260324_222413,4.2352294921875,0.8067501665130029
run_20260324_222413,4.240315755208334,0.8116233550012143
run_20260324_222413,4.245402018229167,0.7762270800715052
run_20260324_222413,4.25048828125,0.7205750824566207
run_20260324_222413,4.255574544270834,0.6192371575948168
run_20260324_222413,4.260660807291667,0.6289582017645328
run_20260324_222413,4.2657470703125,0.47002267368545453
run_20260324_222413,4.270833333333334,0.4856590305882711
run_20260324_222413,4.275919596354167,0.35380168354843466
run_20260324_222413,4.281005859375,0.41055728679583364
run_20260324_222413,4.286092122395834,0.5050148379193821
run_20260324_222413,4.291178385416667,0.5720238908525233
run_20260324_222413,4.2962646484375,0.6066618635722384
run_20260324_222413,4.301350911458334,0.6317664346285226
run_20260324_222413,4.306437174479167,0.5242225972525901
run_20260324_222413,4.3115234375,0.468056253557408
run_20260324_222413,4.316609700520834,0.4418537088549396
run_20260324_222413,4.321695963541667,0.5056422045210969
run_20260324_222413,4.3267822265625,0.5308773762991436
run_20260324_222413,4.331868489583334,0.5311657813130675
run_20260324_222413,4.336954752604167,0.5584140082513969
run_20260324_222413,4.342041015625,0.4825399650889733
run_20260324_222413,4.347127278645834,0.5122020837026525
run_20260324_222413,4.352213541666667,0.45866850177618024
run_20260324_222413,4.3572998046875,0.5548346402116806
run_20260324_222413,4.362386067708334,0.5810909333094902
run_20260324_222413,4.367472330729167,0.5353264586649187
run_20260324_222413,4.37255859375,0.49785245674383216
run_20260324_222413,4.377644856770834,0.6083961219993232
run_20260324_222413,4.382731119791667,0.5627294479939275
run_20260324_222413,4.3878173828125,0.5258779562834536
run_20260324_222413,4.392903645833334,0.5633007869173725
run_20260324_222413,4.397989908854167,0.5635405514683439
run_20260324_222413,4.403076171875,0.5192656783824534
run_20260324_222413,4.408162434895834,0.5200051716513331
run_20260324_222413,4.413248697916667,0.5743454515903201
run_20260324_222413,4.4183349609375,0.5540630419184951
run_20260324_222413,4.423421223958334,0.5584024261143616
run_20260324_222413,4.428507486979167,0.5127033089219714
run_20260324_222413,4.43359375,0.4820714318959774
run_20260324_222413,4.438680013020834,0.566267588445997
run_20260324_222413,4.443766276041667,0.46580002343304594
run_20260324_222413,4.4488525390625,0.526234987203539
run_20260324_222413,4.453938802083334,0.5470714811419642
run_20260324_222413,4.459025065104167,0.6661798124418814
run_20260324_222413,4.464111328125,0.6825380218601738
run_20260324_222413,4.469197591145834,0.7809911284081335
run_20260324_222413,4.474283854166667,0.8848607456804469
run_20260324_222413,4.4793701171875,0.7159213815901949
run_20260324_222413,4.484456380208334,0.7326021133862424
run_20260324_222413,4.489542643229167,0.819948227799246
run_20260324_222413,4.49462890625,0.6904757898707657
run_20260324_222413,4.499715169270834,0.6784108410357234
run_20260324_222413,4.504801432291667,0.6830767040461078
run_20260324_222413,4.5098876953125,0.6417044563004853
run_20260324_222413,4.514973958333334,0.7717593806585386
run_20260324_222413,4.520060221354167,0.7690177649967138
run_20260324_222413,4.525146484375,0.7853233867490705
run_20260324_222413,4.530232747395834,0.8486811339905818
run_20260324_222413,4.535319010416667,0.8071520742113028
run_20260324_222413,4.5404052734375,0.8167811587557245
run_20260324_222413,4.545491536458334,0.7470928587924475
run_20260324_222413,4.550577799479167,0.6677597399677733
run_20260324_222413,4.5556640625,0.6165592268503894
run_20260324_222413,4.560750325520834,0.5386992768396621
run_20260324_222413,4.565836588541667,0.5215231774315738
run_20260324_222413,4.5709228515625,0.4393716929872581
run_20260324_222413,4.576009114583334,0.618755989512465
run_20260324_222413,4.581095377604167,0.5190406075476877
run_20260324_222413,4.586181640625,0.6260812887502719
run_20260324_222413,4.591267903645834,0.6471813361410496
run_20260324_222413,4.596354166666667,0.8487524740884174
run_20260324_222413,4.6014404296875,0.8052414306935416
run_20260324_222413,4.606526692708334,0.880235400564461
run_20260324_222413,4.611612955729167,0.8743328609144323
run_20260324_222413,4.61669921875,0.8220202966314378
run_20260324_222413,4.621785481770834,0.8481868604571376
run_20260324_222413,4.626871744791667,0.8824984197263115
run_20260324_222413,4.6319580078125,0.8767749407727786
run_20260324_222413,4.637044270833334,0.7876230718141246
run_20260324_222413,4.642130533854167,0.9093933956560356
run_20260324_222413,4.647216796875,0.8121097458644648
run_20260324_222413,4.652303059895834,0.8126470208131293
run_20260324_222413,4.657389322916667,0.8430364998640765
run_20260324_222413,4.6624755859375,0.8527332930915807
run_20260324_222413,4.667561848958334,0.8606094338826564
run_20260324_222413,4.672648111979167,0.8306645918958606
run_20260324_222413,4.677734375,0.8769746602507873
run_20260324_222413,4.682820638020834,0.8618278021403005
run_20260324_222413,4.687906901041667,0.8329427910929023
run_20260324_222413,4.6929931640625,0.9405290301262396
run_20260324_222413,4.698079427083334,0.876815625245547
run_20260324_222413,4.703165690104167,0.8300789543410112
run_20260324_222413,4.708251953125,0.798905784067937
run_20260324_222413,4.713338216145834,0.8596121490731922
run_20260324_222413,4.718424479166667,0.9296286627196788
run_20260324_222413,4.7235107421875,0.8626938845719414
run_20260324_222413,4.728597005208334,0.8860622254084947
run_20260324_222413,4.733683268229167,0.8393543711642368
run_20260324_222413,4.73876953125,0.8562750036181505
run_20260324_222413,4.743855794270834,0.9288719325888437
run_20260324_222413,4.748942057291667,0.822259195735823
run_20260324_222413,4.7540283203125,0.7886675477944929
run_20260324_222413,4.759114583333334,0.8267518373707265
run_20260324_222413,4.764200846354167,0.8181948972738866
run_20260324_222413,4.769287109375,0.8484124913632949
run_20260324_222413,4.774373372395834,0.9208283250458684
run_20260324_222413,4.779459635416667,0.9155373777788032
run_20260324_222413,4.7845458984375,0.8613691110197527
run_20260324_222413,4.789632161458334,0.8931177068923717
run_20260324_222413,4.794718424479167,0.8112166219027943
run_20260324_222413,4.7998046875,0.8563719442806774
run_20260324_222413,4.804890950520834,0.9648998765671662
run_20260324_222413,4.809977213541667,0.9236952073267038
run_20260324_222413,4.8150634765625,0.8511633831058327
run_20260324_222413,4.820149739583334,0.934335378355982
run_20260324_222413,4.825236002604167,0.918401468517849
run_20260324_222413,4.830322265625,0.8103235443754244
run_20260324_222413,4.835408528645834,0.8512439411546009
run_20260324_222413,4.840494791666667,0.8642489376138105
run_20260324_222413,4.8455810546875,0.9064579224603126
run_20260324_222413,4.850667317708334,0.8487531525124361
run_20260324_222413,4.855753580729167,0.8865193925669934
run_20260324_222413,4.86083984375,0.8453676495103484
run_20260324_222413,4.865926106770834,0.9200011349461794
run_20260324_222413,4.871012369791667,0.8323446062426265
run_20260324_222413,4.8760986328125,0.8526399360180552
run_20260324_222413,4.881184895833334,0.8488737998088118
run_20260324_222413,4.886271158854167,0.8459085984991273
run_20260324_222413,4.891357421875,0.8192840439118209
run_20260324_222413,4.896443684895834,0.8436004649484286
run_20260324_222413,4.901529947916667,0.8682965024824446
run_20260324_222413,4.9066162109375,0.8290953001497923
run_20260324_222413,4.911702473958334,0.8220958110932592
run_20260324_222413,4.916788736979167,0.9039432433323005
run_20260324_222413,4.921875,0.7996613317715489
run_20260324_222413,4.926961263020834,0.8379030427114524
run_20260324_222413,4.932047526041667,0.8086542239376571
run_20260324_222413,4.9371337890625,0.856845229532732
run_20260324_222413,4.942220052083334,0.8673154835019452
run_20260324_222413,4.947306315104167,0.8643259665780394
run_20260324_222413,4.952392578125,0.8730257026219957
run_20260324_222413,4.957478841145834,0.8700650161637935
run_20260324_222413,4.962565104166667,0.9252017283539196
run_20260324_222413,4.9676513671875,0.852628215910201
run_20260324_222413,4.972737630208334,0.8071236018402468
run_20260324_222413,4.977823893229167,0.8349169616109295
run_20260324_222413,4.98291015625,0.8656252239707581
run_20260324_222413,4.987996419270834,0.781984474400178
run_20260324_222413,4.993082682291667,0.8073387646475856
run_20260324_222413,4.9981689453125,0.8763043645719717
run_20260324_222413,5.003255208333334,0.8122046557762561
run_20260324_222413,5.008341471354167,0.8512200344335943
run_20260324_222413,5.013427734375,0.8600015180315519
run_20260324_222413,5.018513997395834,0.8621656368529798
run_20260324_222413,5.023600260416667,0.8660274122057411
run_20260324_222413,5.0286865234375,0.8057454178220436
run_20260324_222413,5.033772786458334,0.8508169759417925
run_20260324_222413,5.038859049479167,0.8343117441609231
run_20260324_222413,5.0439453125,0.7903197710022845
run_20260324_222413,5.049031575520834,0.8165218823953769
run_20260324_222413,5.054117838541667,0.8016229602913831
run_20260324_222413,5.0592041015625,0.8552307786038578
run_20260324_222413,5.064290364583334,0.7167687447057478
run_20260324_222413,5.069376627604167,0.848404558053816
run_20260324_222413,5.074462890625,0.8205211254021278
run_20260324_222413,5.079549153645834,0.7754222526993341
run_20260324_222413,5.084635416666667,0.8181264855822394
run_20260324_222413,5.0897216796875,0.9013426375405935
run_20260324_222413,5.094807942708334,0.8582900622464875
run_20260324_222413,5.099894205729167,0.8047356129201937
run_20260324_222413,5.10498046875,0.9187139826831989
run_20260324_222413,5.110066731770834,0.8862192338257178
run_20260324_222413,5.115152994791667,0.8704072315664434
run_20260324_222413,5.1202392578125,0.8968783172861874
run_20260324_222413,5.125325520833334,0.8473205454484851
run_20260324_222413,5.130411783854167,0.8465177033970764
run_20260324_222413,5.135498046875,0.7279943557047468
run_20260324_222413,5.140584309895834,0.7999909617833507
run_20260324_222413,5.145670572916667,0.8011488083823024
run_20260324_222413,5.1507568359375,0.8692260965092724
run_20260324_222413,5.155843098958334,0.8423895663203242
run_20260324_222413,5.160929361979167,0.8826782362400185
run_20260324_222413,5.166015625,0.8055372354612877
run_20260324_222413,5.171101888020834,0.926731212798166
run_20260324_222413,5.176188151041667,0.8204911128183053
run_20260324_222413,5.1812744140625,0.8290141268987297
run_20260324_222413,5.186360677083334,0.8283294522237661
run_20260324_222413,5.191446940104167,0.8076437635876289
run_20260324_222413,5.196533203125,0.927227882348084
run_20260324_222413,5.201619466145834,0.8506536907814148
run_20260324_222413,5.206705729166667,0.7903955550559686
run_20260324_222413,5.2117919921875,0.8104980566550082
run_20260324_222413,5.216878255208334,0.9179589535748149
run_20260324_222413,5.221964518229167,0.9047590536062664
run_20260324_222413,5.22705078125,0.9036606407103405
run_20260324_222413,5.232137044270834,0.861265642713632
run_20260324_222413,5.237223307291667,0.8462847486342548
run_20260324_222413,5.2423095703125,0.899893189333713
run_20260324_222413,5.247395833333334,0.855110062496822
run_20260324_222413,5.252482096354167,0.8362344628933904
run_20260324_222413,5.257568359375,0.7771102644205896
run_20260324_222413,5.262654622395834,0.868023221772767
run_20260324_222413,5.267740885416667,0.795479415710223
run_20260324_222413,5.2728271484375,0.71470890917058
run_20260324_222413,5.277913411458334,0.923218059751933
run_20260324_222413,5.282999674479167,0.8446528324503314
run_20260324_222413,5.2880859375,0.8477691024462911
run_20260324_222413,5.293172200520834,0.8471412592203768
run_20260324_222413,5.298258463541667,0.81987162245753
run_20260324_222413,5.3033447265625,0.7986364481769574
run_20260324_222413,5.308430989583334,0.7795274524366034
run_20260324_222413,5.313517252604167,0.7690468811128655
run_20260324_222413,5.318603515625,0.7893682235140058
run_20260324_222413,5.323689778645834,0.8424754654604559
run_20260324_222413,5.328776041666667,0.7822691647103033
run_20260324_222413,5.3338623046875,0.8157210268983868
run_20260324_222413,5.338948567708334,0.8209661592998385
run_20260324_222413,5.344034830729167,0.8142218416918918
run_20260324_222413,5.34912109375,0.9122743222226126
run_20260324_222413,5.354207356770834,0.7444687540444145
run_20260324_222413,5.359293619791667,0.6864673238015785
run_20260324_222413,5.3643798828125,0.7345822745569786
run_20260324_222413,5.369466145833334,0.6802296314017167
run_20260324_222413,5.374552408854167,0.5683231462506985
run_20260324_222413,5.379638671875,0.4861534299957557
run_20260324_222413,5.384724934895834,0.4457382376407467
run_20260324_222413,5.389811197916667,0.5071356191122581
run_20260324_222413,5.3948974609375,0.5831853503796723
run_20260324_222413,5.399983723958334,0.6916672143388491
run_20260324_222413,5.405069986979167,0.6645674051191143
run_20260324_222413,5.41015625,0.7373269402916844
run_20260324_222413,5.415242513020834,0.8282033508680162
run_20260324_222413,5.420328776041667,0.8789710536075837
run_20260324_222413,5.4254150390625,0.8607241445607212
run_20260324_222413,5.430501302083334,0.8184545529655879
run_20260324_222413,5.435587565104167,0.7026532036076721
run_20260324_222413,5.440673828125,0.7797311393636136
run_20260324_222413,5.445760091145834,0.8288374614418137
run_20260324_222413,5.450846354166667,0.8276634495051436
run_20260324_222413,5.4559326171875,0.7408406348988259
run_20260324_222413,5.461018880208334,0.868403935533697
run_20260324_222413,5.466105143229167,0.7808715911703135
run_20260324_222413,5.47119140625,0.7827165251750685
run_20260324_222413,5.476277669270834,0.880158796422063
run_20260324_222413,5.481363932291667,0.7945806069364729
run_20260324_222413,5.4864501953125,0.7575825818831072
run_20260324_222413,5.491536458333334,0.637568263361706
run_20260324_222413,5.496622721354167,0.5391677429970163
run_20260324_222413,5.501708984375,0.45246818706186254
run_20260324_222413,5.506795247395834,0.4831211271843312
run_20260324_222413,5.511881510416667,0.4842931547780753
run_20260324_222413,5.5169677734375,0.4765585170350558
run_20260324_222413,5.522054036458334,0.5429978393257072
run_20260324_222413,5.527140299479167,0.6596539775712356
run_20260324_222413,5.5322265625,0.7358448745489499
run_20260324_222413,5.537312825520834,0.7132184259373997
run_20260324_222413,5.542399088541667,0.6270176267981367
run_20260324_222413,5.5474853515625,0.6502519545434075
run_20260324_222413,5.552571614583334,0.51628508579485
run_20260324_222413,5.557657877604167,0.5785204279442382
run_20260324_222413,5.562744140625,0.46845211301494005
run_20260324_222413,5.567830403645834,0.535807730422279
run_20260324_222413,5.572916666666667,0.458275328081988
run_20260324_222413,5.5780029296875,0.47863948233293246
run_20260324_222413,5.583089192708334,0.5965285007707776
run_20260324_222413,5.588175455729167,0.4008824437053329
run_20260324_222413,5.59326171875,0.5824613040148082
run_20260324_222413,5.598347981770834,0.5217850564891484
run_20260324_222413,5.603434244791667,0.544987991708895
run_20260324_222413,5.6085205078125,0.49642590509083084
run_20260324_222413,5.613606770833334,0.4535043137644924
run_20260324_222413,5.618693033854167,0.5432349473244259
run_20260324_222413,5.623779296875,0.5561920760498557
run_20260324_222413,5.628865559895834,0.5684626457916038
run_20260324_222413,5.633951822916667,0.5621300116914707
run_20260324_222413,5.6390380859375,0.43704885857733305
run_20260324_222413,5.644124348958334,0.47787389720461726
run_20260324_222413,5.649210611979167,0.5460553488884732
run_20260324_222413,5.654296875,0.5387232363094551
run_20260324_222413,5.659383138020834,0.663819059082549
run_20260324_222413,5.664469401041667,0.5288584382921542
run_20260324_222413,5.6695556640625,0.5443017525591491
run_20260324_222413,5.674641927083334,0.5777439772946436
run_20260324_222413,5.679728190104167,0.521588664832577
run_20260324_222413,5.684814453125,0.4807014513261302
run_20260324_222413,5.689900716145834,0.5196055222416023
run_20260324_222413,5.694986979166667,0.5241911208608276
run_20260324_222413,5.7000732421875,0.5215276808002453
run_20260324_222413,5.705159505208334,0.5254063993220959
run_20260324_222413,5.710245768229167,0.5671271620523951
run_20260324_222413,5.71533203125,0.5767538143466061
run_20260324_222413,5.720418294270834,0.543890170549237
run_20260324_222413,5.725504557291667,0.5363516670159258
run_20260324_222413,5.7305908203125,0.5878352355448169
run_20260324_222413,5.735677083333334,0.5444397894196457
run_20260324_222413,5.740763346354167,0.6101998027768156
run_20260324_222413,5.745849609375,0.7235778684939104
run_20260324_222413,5.750935872395834,0.7736360679923342
run_20260324_222413,5.756022135416667,0.7680084524123085
run_20260324_222413,5.7611083984375,0.7930235697008394
run_20260324_222413,5.766194661458334,0.7025291751443568
run_20260324_222413,5.771280924479167,0.7143391258876473
run_20260324_222413,5.7763671875,0.7320388516119662
run_20260324_222413,5.781453450520834,0.616714055248476
run_20260324_222413,5.786539713541667,0.7541156252793327
run_20260324_222413,5.7916259765625,0.6858404344320925
run_20260324_222413,5.796712239583334,0.7735605390527759
run_20260324_222413,5.801798502604167,0.6982083036506544
run_20260324_222413,5.806884765625,0.7433391800761592
run_20260324_222413,5.811971028645834,0.7441181111999342
run_20260324_222413,5.817057291666667,0.7339005891991895
run_20260324_222413,5.8221435546875,0.8019771004196345
run_20260324_222413,5.827229817708334,0.6948261089477872
run_20260324_222413,5.832316080729167,0.7720410759231994
run_20260324_222413,5.83740234375,0.7129773769223188
run_20260324_222413,5.842488606770834,0.6871208028406064
run_20260324_222413,5.847574869791667,0.8221023983828893
run_20260324_222413,5.8526611328125,0.8034293437069298
run_20260324_222413,5.857747395833334,0.7643850894576085
run_20260324_222413,5.862833658854167,0.6747367616448509
run_20260324_222413,5.867919921875,0.6924176075380629
run_20260324_222413,5.873006184895834,0.5754514269274567
run_20260324_222413,5.878092447916667,0.5369400340620352
run_20260324_222413,5.8831787109375,0.5592574033071636
run_20260324_222413,5.888264973958334,0.5123162574102604
run_20260324_222413,5.893351236979167,0.5206694906126154
run_20260324_222413,5.8984375,0.5720455103042003
run_20260324_222413,5.903523763020834,0.6712837574469649
run_20260324_222413,5.908610026041667,0.7309171208942519
run_20260324_222413,5.9136962890625,0.6709099555290148
run_20260324_222413,5.918782552083334,0.8033027308511198
run_20260324_222413,5.923868815104167,0.8103039520563302
run_20260324_222413,5.928955078125,0.7829139984130602
run_20260324_222413,5.934041341145834,0.7554221854509438
run_20260324_222413,5.939127604166667,0.8074111516049283
run_20260324_222413,5.9442138671875,0.8294911751444631
run_20260324_222413,5.949300130208334,0.8147548865768319
run_20260324_222413,5.954386393229167,0.7513860523610641
run_20260324_222413,5.95947265625,0.7948240319792215
run_20260324_222413,5.964558919270834,0.6876582882756195
run_20260324_222413,5.969645182291667,0.8137766142608329
run_20260324_222413,5.9747314453125,0.7997324261420515
run_20260324_222413,5.979817708333334,0.8287779089566911
run_20260324_222413,5.984903971354167,0.8228965556908377
run_20260324_222413,5.989990234375,0.8330240061358547
run_20260324_222413,5.995076497395834,0.6839497494942227
run_20260324_222413,6.000162760416667,0.7683512097881557
run_20260324_222413,6.0052490234375,0.8856574570614222
run_20260324_222413,6.010335286458334,0.8368592440813878
run_20260324_222413,6.015421549479167,0.8012148412459472
run_20260324_222413,6.0205078125,0.7275956772960462
run_20260324_222413,6.025594075520834,0.8131580878359395
run_20260324_222413,6.030680338541667,0.8190530054567159
run_20260324_222413,6.0357666015625,0.7955323174885442
run_20260324_222413,6.040852864583334,0.8451948901576347
run_20260324_222413,6.045939127604167,0.7390004195690938
run_20260324_222413,6.051025390625,0.7477994807700826
run_20260324_222413,6.056111653645834,0.7945232250051173
run_20260324_222413,6.061197916666667,0.7946074497416429
run_20260324_222413,6.0662841796875,0.8150899923247327
run_20260324_222413,6.071370442708334,0.7738794626925051
run_20260324_222413,6.076456705729167,0.8636618681250767
run_20260324_222413,6.08154296875,0.8378699462921914
run_20260324_222413,6.086629231770834,0.8068390408411851
run_20260324_222413,6.091715494791667,0.7749463741472102
run_20260326_224519,5.995076497395834,0.7413472809322628
run_20260326_224519,6.000162760416667,0.7257704349399959
run_20260326_224519,6.0052490234375,0.8020375033507327
run_20260326_224519,6.010335286458334,0.8237658462904827
run_20260326_224519,6.015421549479167,0.7621923164288442
run_20260326_224519,6.0205078125,0.7423299488023405
run_20260326_224519,6.025594075520834,0.7626972870592659
run_20260326_224519,6.030680338541667,0.7531229892951818
run_20260326_224519,6.0357666015625,0.8156278642290006
run_20260326_224519,6.040852864583334,0.7853119095329595
run_20260326_224519,6.045939127604167,0.7993581499380726
run_20260326_224519,6.051025390625,0.7824841753430128
run_20260326_224519,6.056111653645834,0.8224260757621249
run_20260326_224519,6.061197916666667,0.757895468919872
run_20260326_224519,6.0662841796875,0.8312059090111374
run_20260326_224519,6.071370442708334,0.8536244176152111
run_20260326_224519,6.076456705729167,0.7409826856560664
run_20260326_224519,6.08154296875,0.8336071490843333
run_20260326_224519,6.086629231770834,0.8617957041813373
run_20260326_224519,6.091715494791667,0.8299187204388355
run_20260326_224519,6.0968017578125,0.8725520417795393
run_20260326_224519,6.101888020833334,0.7719704085492956
run_20260326_224519,6.106974283854167,0.8189426924683665
run_20260326_224519,6.112060546875,0.7882344465598955
run_20260326_224519,6.117146809895834,0.7663743815365494
run_20260326_224519,6.122233072916667,0.7642835865596906
run_20260326_224519,6.1273193359375,0.8266329435701307
run_20260326_224519,6.132405598958334,0.8565344102262828
run_20260326_224519,6.137491861979167,0.7581916751911761
run_20260326_224519,6.142578125,0.8577744210700966
run_20260326_224519,6.147664388020834,0.7837725493604986
run_20260326_224519,6.152750651041667,0.8404760719751713
run_20260326_224519,6.1578369140625,0.8608713067834832
run_20260326_224519,6.162923177083334,0.8257819162025383
run_20260326_224519,6.168009440104167,0.8277152174936525
run_20260326_224519,6.173095703125,0.7741890751087928
run_20260326_224519,6.178181966145834,0.8570265444432968
run_20260326_224519,6.183268229166667,0.8115236755896852
run_20260326_224519,6.1883544921875,0.6949733111143309
run_20260326_224519,6.193440755208334,0.8974750899779884
run_20260326_224519,6.198527018229167,0.7207333856581462
run_20260326_224519,6.20361328125,0.8380151098694095
run_20260326_224519,6.208699544270834,0.8313623082157124
run_20260326_224519,6.213785807291667,0.8259603102770783
run_20260326_224519,6.2188720703125,0.8450531363654041
run_20260326_224519,6.223958333333334,0.789319262345767
run_20260326_224519,6.229044596354167,0.7092527595675364
run_20260326_224519,6.234130859375,0.8119197331608232
run_20260326_224519,6.239217122395834,0.7673028514171665
run_20260326_224519,6.244303385416667,0.7653329868064109
run_20260326_224519,6.2493896484375,0.8156960790015535
run_20260326_224519,6.254475911458334,0.8513077248493617
run_20260326_224519,6.259562174479167,0.7767698632852236
run_20260326_224519,6.2646484375,0.7592421618366401
run_20260326_224519,6.269734700520834,0.8146099938707294
run_20260326_224519,6.274820963541667,0.74247066330667
run_20260326_224519,6.2799072265625,0.7626584035361827
run_20260326_224519,6.284993489583334,0.7016516556886956
run_20260326_224519,6.290079752604167,0.7694073435425499
run_20260326_224519,6.295166015625,0.8037003659846051
run_20260326_224519,6.300252278645834,0.8368994804557317
run_20260326_224519,6.305338541666667,0.7675699960810209
run_20260326_224519,6.3104248046875,0.8155960824955901
run_20260326_224519,6.315511067708334,0.7893280359454009
run_20260326_224519,6.320597330729167,0.7599381777555884
run_20260326_224519,6.32568359375,0.7454493789953198
run_20260326_224519,6.330769856770834,0.7480552737548936
run_20260326_224519,6.335856119791667,0.7966029329815867
run_20260326_224519,6.3409423828125,0.74214700627599
run_20260326_224519,6.346028645833334,0.8211765081586213
run_20260326_224519,6.351114908854167,0.7751261066902542
run_20260326_224519,6.356201171875,0.8897637197881696
run_20260326_224519,6.361287434895834,0.8336010725812726
run_20260326_224519,6.366373697916667,0.7673234740810349
run_20260326_224519,6.3714599609375,0.7986816866478023
run_20260326_224519,6.376546223958334,0.8840971532529263
run_20260326_224519,6.381632486979167,0.7934739432557534
run_20260326_224519,6.38671875,0.7985732386330187
run_20260326_224519,6.391805013020834,0.7871807699561719
run_20260326_224519,6.396891276041667,0.8325433009536644
run_20260326_224519,6.4019775390625,0.7440318725063011
run_20260326_224519,6.407063802083334,0.8342869681983469
run_20260326_224519,6.412150065104167,0.8933803339894733
run_20260326_224519,6.417236328125,0.8418301441927782
run_20260326_224519,6.422322591145834,0.854761474837586
run_20260326_224519,6.427408854166667,0.8262186470943662
run_20260326_224519,6.4324951171875,0.768081964578331
run_20260326_224519,6.437581380208334,0.7223723076989015
run_20260326_224519,6.442667643229167,0.7941646589568905
run_20260326_224519,6.44775390625,0.9061280970433296
run_20260326_224519,6.452840169270834,0.8023111005067776
run_20260326_224519,6.457926432291667,0.7811046021924761
run_20260326_224519,6.4630126953125,0.7578459180301705
run_20260326_224519,6.468098958333334,0.8377380439267554
run_20260326_224519,6.473185221354167,0.8247333799938183
run_20260326_224519,6.478271484375,0.7606334527016283
run_20260326_224519,6.483357747395834,0.805697263958442
run_20260326_224519,6.488444010416667,0.8257749815811852
run_20260326_224519,6.4935302734375,0.7747044486465453
run_20260326_224519,6.498616536458334,0.7350711406362718
run_20260326_224519,6.503702799479167,0.8172668758262386
run_20260326_224519,6.5087890625,0.8464652272699364
run_20260326_224519,6.513875325520834,0.7522641717391905
run_20260326_224519,6.518961588541667,0.7878943427027646
run_20260326_224519,6.5240478515625,0.8258712871398781
run_20260326_224519,6.529134114583334,0.7642424102337043
run_20260326_224519,6.534220377604167,0.7828543671968791
run_20260326_224519,6.539306640625,0.9308898491307414
run_20260326_224519,6.544392903645834,0.8442084933682829
run_20260326_224519,6.549479166666667,0.8269626386857956
run_20260326_224519,6.5545654296875,0.8454692023154311
run_20260326_224519,6.559651692708334,0.7894630070150406
run_20260326_224519,6.564737955729167,0.6236910891269333
run_20260326_224519,6.56982421875,0.6485594116986299
run_20260326_224519,6.574910481770834,0.614483323777251
run_20260326_224519,6.579996744791667,0.5962346907577719
run_20260326_224519,6.5850830078125,0.5996047298631213
run_20260326_224519,6.590169270833334,0.5816216415129878
run_20260326_224519,6.595255533854167,0.6660854278841414
run_20260326_224519,6.600341796875,0.6282233670809673
run_20260326_224519,6.605428059895834,0.7481412473657052
run_20260326_224519,6.610514322916667,0.7819383457894621
run_20260326_224519,6.6156005859375,0.7679577122497703
run_20260326_224519,6.620686848958334,0.7945959713370739
run_20260326_224519,6.625773111979167,0.8389557966327184
run_20260326_224519,6.630859375,0.7846658988018098
run_20260326_224519,6.635945638020834,0.719571037213886
run_20260326_224519,6.641031901041667,0.7785072894218383
run_20260326_224519,6.6461181640625,0.7812884661891407
run_20260326_224519,6.651204427083334,0.7818998222188523
run_20260326_224519,6.656290690104167,0.8668430642707496
run_20260326_224519,6.661376953125,0.8437099439883482
run_20260326_224519,6.666463216145834,0.7940323505919225
run_20260326_224519,6.671549479166667,0.7008993574330198
run_20260326_224519,6.6766357421875,0.7582822623854928
run_20260326_224519,6.681722005208334,0.6933743488779789
run_20260326_224519,6.686808268229167,0.7233382234820054
run_20260326_224519,6.69189453125,0.7924031002068013
run_20260326_224519,6.696980794270834,0.7836580050897729
run_20260326_224519,6.702067057291667,0.8407914495931019
run_20260326_224519,6.7071533203125,0.6895516783737744
run_20260326_224519,6.712239583333334,0.7117592434911756
run_20260326_224519,6.717325846354167,0.6182539914514112
run_20260326_224519,6.722412109375,0.6332608601613564
run_20260326_224519,6.727498372395834,0.5381652820662716
run_20260326_224519,6.732584635416667,0.46546409578457937
run_20260326_224519,6.7376708984375,0.5281514163368127
run_20260326_224519,6.742757161458334,0.5492839677617527
run_20260326_224519,6.747843424479167,0.6644484470109018
run_20260326_224519,6.7529296875,0.6679893236734233
run_20260326_224519,6.758015950520834,0.7235976039238594
run_20260326_224519,6.763102213541667,0.6847116143325747
run_20260326_224519,6.7681884765625,0.7912951141259797
run_20260326_224519,6.773274739583334,0.7822125492493442
run_20260326_224519,6.778361002604167,0.7553972908373141
run_20260326_224519,6.783447265625,0.6517042854210325
run_20260326_224519,6.788533528645834,0.6803086104622149
run_20260326_224519,6.793619791666667,0.6074479415154582
run_20260326_224519,6.7987060546875,0.5785269535753824
run_20260326_224519,6.803792317708334,0.5270740404712844
run_20260326_224519,6.808878580729167,0.5372995809868101
run_20260326_224519,6.81396484375,0.5544085447814342
run_20260326_224519,6.819051106770834,0.5048898039768466
run_20260326_224519,6.824137369791667,0.46677505617724746
run_20260326_224519,6.8292236328125,0.5133948221359687
run_20260326_224519,6.834309895833334,0.4968622333075343
run_20260326_224519,6.839396158854167,0.5096915184737189
run_20260326_224519,6.844482421875,0.5820308360582309
run_20260326_224519,6.849568684895834,0.5205591376881116
run_20260326_224519,6.854654947916667,0.5881766663179329
run_20260326_224519,6.8597412109375,0.5285195380627955
run_20260326_224519,6.864827473958334,0.46714842426385794
run_20260326_224519,6.869913736979167,0.5509597793206079
run_20260326_224519,6.875,0.5663448250233039
run_20260326_224519,6.880086263020834,0.5311253456520852
run_20260326_224519,6.885172526041667,0.5598347924345944
run_20260326_224519,6.8902587890625,0.4753890076262117
run_20260326_224519,6.895345052083334,0.4775383782140686
run_20260326_224519,6.900431315104167,0.5333612127200991
run_20260326_224519,6.905517578125,0.6156947114938038
run_20260326_224519,6.910603841145834,0.5592556855181947
run_20260326_224519,6.915690104166667,0.6118429150454191
run_20260326_224519,6.9207763671875,0.5263527020001543
run_20260326_224519,6.925862630208334,0.5516427794394284
run_20260326_224519,6.930948893229167,0.6277658880416294
run_20260326_224519,6.93603515625,0.5667641558185978
run_20260326_224519,6.941121419270834,0.5484871990649554
run_20260326_224519,6.946207682291667,0.5982081352756998
run_20260326_224519,6.9512939453125,0.48667323097937015
run_20260326_224519,6.956380208333334,0.5520040428304551
run_20260326_224519,6.961466471354167,0.5671802370486911
run_20260326_224519,6.966552734375,0.47927988299957597
run_20260326_224519,6.971638997395834,0.5136333715395869
run_20260326_224519,6.976725260416667,0.5280872139161448
run_20260326_224519,6.9818115234375,0.5010738236394634
run_20260326_224519,6.986897786458334,0.52922421018105
run_20260326_224519,6.991984049479167,0.5072265335222582
run_20260326_224519,6.9970703125,0.593936627465014
run_20260326_224519,7.002156575520834,0.6080183267486542
run_20260326_224519,7.007242838541667,0.5135912166852031
run_20260326_224519,7.0123291015625,0.6413123779888129
run_20260326_224519,7.017415364583334,0.6042702918732787
run_20260326_224519,7.022501627604167,0.6769812107469964
run_20260326_224519,7.027587890625,0.7020062049041733
run_20260326_224519,7.032674153645834,0.6815541112301169
run_20260326_224519,7.037760416666667,0.7956361651918853
run_20260326_224519,7.0428466796875,0.7588525490712796
run_20260326_224519,7.047932942708334,0.7288918378909351
run_20260326_224519,7.053019205729167,0.6970549380879159
run_20260326_224519,7.05810546875,0.7052116120964025
run_20260326_224519,7.063191731770834,0.6778712235648312
run_20260326_224519,7.068277994791667,0.7695958854298985
run_20260326_224519,7.0733642578125,0.7629722657745581
run_20260326_224519,7.078450520833334,0.6965006043967391
run_20260326_224519,7.083536783854167,0.7406860922711613
run_20260326_224519,7.088623046875,0.7672628808193854
run_20260326_224519,7.093709309895834,0.7422199824060263
run_20260326_224519,7.098795572916667,0.7196799933912993
run_20260326_224519,7.1038818359375,0.8331107675950504
run_20260326_224519,7.108968098958334,0.8386844093257444
run_20260326_224519,7.114054361979167,0.7791366768022784
run_20260326_224519,7.119140625,0.7572544196928805
run_20260326_224519,7.124226888020834,0.7573373165016319
run_20260326_224519,7.129313151041667,0.70340622162843
run_20260326_224519,7.1343994140625,0.7133771295661981
run_20260326_224519,7.139485677083334,0.7795220704023289
run_20260326_224519,7.144571940104167,0.6978586423683097
run_20260326_224519,7.149658203125,0.7285822201832892
run_20260326_224519,7.154744466145834,0.7082050453816868
run_20260326_224519,7.159830729166667,0.7842076768105428
run_20260326_224519,7.1649169921875,0.737204449201177
run_20260326_224519,7.170003255208334,0.788454781352966
run_20260326_224519,7.175089518229167,0.7601112270195803
run_20260326_224519,7.18017578125,0.588889486474927
run_20260326_224519,7.185262044270834,0.643160259306939
run_20260326_224519,7.190348307291667,0.5155284024117415
run_20260326_224519,7.1954345703125,0.5505260354117983
run_20260326_224519,7.200520833333334,0.49004330467888335
run_20260326_224519,7.205607096354167,0.4887115157448342
run_20260326_224519,7.210693359375,0.5657713517738929
run_20260326_224519,7.215779622395834,0.65053714862425
run_20260326_224519,7.220865885416667,0.6526975341352924
run_20260326_224519,7.2259521484375,0.7930454140005392
run_20260326_224519,7.231038411458334,0.8269657219423941
run_20260326_224519,7.236124674479167,0.7661057736186572
run_20260326_224519,7.2412109375,0.8642703629981794
run_20260326_224519,7.246297200520834,0.8522849739993783
run_20260326_224519,7.251383463541667,0.7491920123606705
run_20260326_224519,7.2564697265625,0.7172487065042977
run_20260326_224519,7.261555989583334,0.7339081853284052
run_20260326_224519,7.266642252604167,0.7046400791007403
run_20260326_224519,7.271728515625,0.7912558023265489
run_20260326_224519,7.276814778645834,0.8238070342242783
run_20260326_224519,7.281901041666667,0.7961940700807373
run_20260326_224519,7.2869873046875,0.8216780746681238
run_20260326_224519,7.292073567708334,0.8320083706994035
run_20260326_224519,7.297159830729167,0.7702700485709342
run_20260326_224519,7.30224609375,0.7836382444071
run_20260326_224519,7.307332356770834,0.7879086688309701
run_20260326_224519,7.312418619791667,0.7354888495940686
run_20260326_224519,7.3175048828125,0.7555144641863287
run_20260326_224519,7.322591145833334,0.7259457063282078
run_20260326_224519,7.327677408854167,0.7972698945239113
run_20260326_224519,7.332763671875,0.7390673662690805
run_20260326_224519,7.337849934895834,0.8112190202921188
run_20260326_224519,7.342936197916667,0.7509641173475179
run_20260326_224519,7.3480224609375,0.7588647659114411
run_20260326_224519,7.353108723958334,0.8429925116809378
run_20260326_224519,7.358194986979167,0.8353942216462074
run_20260326_224519,7.36328125,0.8310000504259127
run_20260326_224519,7.368367513020834,0.8086031000736532
run_20260326_224519,7.373453776041667,0.8664260114039768
run_20260326_224519,7.3785400390625,0.8502662522511626
run_20260326_224519,7.383626302083334,0.8472253637964227
run_20260326_224519,7.388712565104167,0.7902931971245446
run_20260326_224519,7.393798828125,0.8528707814357827
run_20260326_224519,7.398885091145834,0.8395080455852179
run_20260326_224519,7.403971354166667,0.8039982641712338
run_20260326_224519,7.4090576171875,0.7811640077602895
run_20260326_224519,7.414143880208334,0.8392212273510977
run_20260326_224519,7.419230143229167,0.7696093138234525
run_20260326_224519,7.42431640625,0.7413036583095295
run_20260326_224519,7.429402669270834,0.7562531244259145
run_20260326_224519,7.434488932291667,0.8254695617794636
run_20260326_224519,7.4395751953125,0.7557137925138122
run_20260326_224519,7.444661458333334,0.7611196313054411
run_20260326_224519,7.449747721354167,0.7729033839240809
run_20260326_224519,7.454833984375,0.8120305477647037
run_20260326_224519,7.459920247395834,0.7353307429868854
run_20260326_224519,7.465006510416667,0.7687584170277149
run_20260326_224519,7.4700927734375,0.8530620441089258
run_20260326_224519,7.475179036458334,0.7229179031221245
run_20260326_224519,7.480265299479167,0.6875655264900634
run_20260326_224519,7.4853515625,0.8346089885710416
run_20260326_224519,7.490437825520834,0.8158941921886993
run_20260326_224519,7.495524088541667,0.8209078794391815
run_20260326_224519,7.5006103515625,0.7572424956556929
run_20260326_224519,7.505696614583334,0.8028992370976481
run_20260326_224519,7.510782877604167,0.6976606167052688
run_20260326_224519,7.515869140625,0.766101038143965
run_20260326_224519,7.520955403645834,0.7535538437107531
run_20260326_224519,7.526041666666667,0.7503008399864821
run_20260326_224519,7.5311279296875,0.7215343691130442
run_20260326_224519,7.536214192708334,0.7666829749722026
run_20260326_224519,7.541300455729167,0.7872954899023951
run_20260326_224519,7.54638671875,0.7901703288200126
run_20260326_224519,7.551472981770834,0.775759890825459
run_20260326_224519,7.556559244791667,0.7596397189822143
run_20260326_224519,7.5616455078125,0.794097162807867
run_20260326_224519,7.566731770833334,0.7951718045443152
run_20260326_224519,7.571818033854167,0.8214345444339827
run_20260326_224519,7.576904296875,0.7985406646330091
run_20260326_224519,7.581990559895834,0.7799798057629939
run_20260326_224519,7.587076822916667,0.687475466306418
run_20260326_224519,7.5921630859375,0.8211917273792986
run_20260326_224519,7.597249348958334,0.7515987782659117
run_20260326_224519,7.602335611979167,0.7464585414802295
run_20260326_224519,7.607421875,0.7808938461176821
run_20260326_224519,7.612508138020834,0.7191690068999094
run_20260326_224519,7.617594401041667,0.7793791359922857
run_20260326_224519,7.6226806640625,0.8415807968793825
run_20260326_224519,7.627766927083334,0.7907011880818091
run_20260326_224519,7.632853190104167,0.787989743491514
run_20260326_224519,7.637939453125,0.7477694184765555
run_20260326_224519,7.643025716145834,0.7933475996303763
run_20260326_224519,7.648111979166667,0.7892579983273974
run_20260326_224519,7.6531982421875,0.7775589552320199
run_20260326_224519,7.658284505208334,0.765271635576287
run_20260326_224519,7.663370768229167,0.8412228258232306
run_20260326_224519,7.66845703125,0.8367542992060248
run_20260326_224519,7.673543294270834,0.8022258498162137
run_20260326_224519,7.678629557291667,0.7923531165047291
run_20260326_224519,7.6837158203125,0.8034200712613315
run_20260326_224519,7.688802083333334,0.7722305415855143
run_20260326_224519,7.693888346354167,0.7993209670732883
run_20260326_224519,7.698974609375,0.8605474400416568
run_20260326_224519,7.704060872395834,0.7972068856824867
run_20260326_224519,7.709147135416667,0.6795679381976218
run_20260326_224519,7.7142333984375,0.7822977722445319
run_20260326_224519,7.719319661458334,0.8388052183100198
run_20260326_224519,7.724405924479167,0.7698658404663861
run_20260326_224519,7.7294921875,0.7438001153795792
run_20260326_224519,7.734578450520834,0.8059574591174028
run_20260326_224519,7.739664713541667,0.7231545003432228
run_20260326_224519,7.7447509765625,0.8708202827553451
run_20260326_224519,7.749837239583334,0.7381868860546174
run_20260326_224519,7.754923502604167,0.7715400561663288
run_20260326_224519,7.760009765625,0.7543325513600079
run_20260326_224519,7.765096028645834,0.7337284513271662
run_20260326_224519,7.770182291666667,0.6932754039807264
run_20260326_224519,7.7752685546875,0.6416081047572824
run_20260326_224519,7.780354817708334,0.7188948991088498
run_20260326_224519,7.785441080729167,0.6692282616396175
run_20260326_224519,7.79052734375,0.6974638013912002
run_20260326_224519,7.795613606770834,0.696581633104441
run_20260326_224519,7.800699869791667,0.7398211094008721
run_20260326_224519,7.8057861328125,0.6850917462877816
run_20260326_224519,7.810872395833334,0.7643135223871089
run_20260326_224519,7.815958658854167,0.8537103866673299
run_20260326_224519,7.821044921875,0.7248866628157145
run_20260326_224519,7.826131184895834,0.8239925683364485
run_20260326_224519,7.831217447916667,0.7050345718337946
run_20260326_224519,7.8363037109375,0.6887075164788665
run_20260326_224519,7.841389973958334,0.8331319343774628
run_20260326_224519,7.846476236979167,0.7574582154166462
run_20260326_224519,7.8515625,0.7794572931040942
run_20260326_224519,7.856648763020834,0.7196158797569046
run_20260326_224519,7.861735026041667,0.8424050063352357
run_20260326_224519,7.8668212890625,0.7678328959901133
run_20260326_224519,7.871907552083334,0.7651042880093655
run_20260326_224519,7.876993815104167,0.7641366050137954
run_20260326_224519,7.882080078125,0.7885691973671087
run_20260326_224519,7.887166341145834,0.7533130800006189
run_20260326_224519,7.892252604166667,0.7390390882883817
run_20260326_224519,7.8973388671875,0.7195427015268758
run_20260326_224519,7.902425130208334,0.8762289703061379
run_20260326_224519,7.907511393229167,0.7113890737211394
run_20260326_224519,7.91259765625,0.7640083838474614
run_20260326_224519,7.917683919270834,0.7856203858610951
run_20260326_224519,7.922770182291667,0.737628170063197
run_20260326_224519,7.9278564453125,0.7362354373975161
run_20260326_224519,7.932942708333334,0.7598206219212018
run_20260326_224519,7.938028971354167,0.7713037045241935
run_20260326_224519,7.943115234375,0.7279502264060663
run_20260326_224519,7.948201497395834,0.5861996878623791
run_20260326_224519,7.953287760416667,0.535533872858883
run_20260326_224519,7.9583740234375,0.5972474971065986
run_20260326_224519,7.963460286458334,0.5044270937854017
run_20260326_224519,7.968546549479167,0.5146088277082758
run_20260326_224519,7.9736328125,0.5910593982620271
run_20260326_224519,7.978719075520834,0.5872024309346269
run_20260326_224519,7.983805338541667,0.5672950313748066
run_20260326_224519,7.9888916015625,0.7198534886928669
run_20260326_224519,7.993977864583334,0.7490388720335317
run_20260326_224519,7.999064127604167,0.6874651405084387
run_20260326_224519,8.004150390625,0.7568609379462397
run_20260326_224519,8.009236653645834,0.7797410860300711
run_20260326_224519,8.014322916666668,0.6823622576887708
run_20260326_224519,8.0194091796875,0.7530436179377242
run_20260326_224519,8.024495442708334,0.6687094882857252
run_20260326_224519,8.029581705729168,0.6054792748230987
run_20260326_224519,8.03466796875,0.6583804729487279
run_20260326_224519,8.039754231770834,0.5418823449282993
run_20260326_224519,8.044840494791668,0.495969020181825
run_20260326_224519,8.0499267578125,0.4724706438106791
run_20260326_224519,8.055013020833334,0.45414227742814356
run_20260326_224519,8.060099283854168,0.47013312359274834
run_20260326_224519,8.065185546875,0.5092365870759532
run_20260326_224519,8.070271809895834,0.4913439469196574
run_20260326_224519,8.075358072916668,0.4806058192372345
run_20260326_224519,8.0804443359375,0.4440243356527972
run_20260326_224519,8.085530598958334,0.47396369668466337
run_20260326_224519,8.090616861979168,0.5319521032262876
run_20260326_224519,8.095703125,0.48181829429203527
run_20260326_224519,8.100789388020834,0.48154481303390234
run_20260326_224519,8.105875651041668,0.5418383610932325
run_20260326_224519,8.1109619140625,0.4715225604192684
run_20260326_224519,8.116048177083334,0.4920627993213519
run_20260326_224519,8.121134440104168,0.47226762792297466
run_20260326_224519,8.126220703125,0.5554606521151739
run_20260326_224519,8.131306966145834,0.5868703398998931
run_20260326_224519,8.136393229166668,0.5185875897329153
run_20260326_224519,8.1414794921875,0.4879094968224806
run_20260326_224519,8.146565755208334,0.5390125636187753
run_20260326_224519,8.151652018229168,0.5306180007128527
run_20260326_224519,8.15673828125,0.5447456366020954
run_20260326_224519,8.161824544270834,0.5455617999449174
run_20260326_224519,8.166910807291668,0.5696873429089107
run_20260326_224519,8.1719970703125,0.6191300438233347
run_20260326_224519,8.177083333333334,0.5904656052776904
run_20260326_224519,8.182169596354168,0.5738350416461202
run_20260326_224519,8.187255859375,0.6388652549942967
run_20260326_224519,8.192342122395834,0.6037635682525095
run_20260326_224519,8.197428385416668,0.5473559321668061
run_20260326_224519,8.2025146484375,0.4472312784897559
run_20260326_224519,8.207600911458334,0.5620140054856902
run_20260326_224519,8.212687174479168,0.5948330920190343
run_20260326_224519,8.2177734375,0.5583080405732485
run_20260326_224519,8.222859700520834,0.5915676724764194
run_20260326_224519,8.227945963541668,0.5232147746489337
run_20260326_224519,8.2330322265625,0.6091672238614465
run_20260326_224519,8.238118489583334,0.5133209638341382
run_20260326_224519,8.243204752604168,0.602433827599018
run_20260326_224519,8.248291015625,0.48515224505231797
run_20260326_224519,8.253377278645834,0.4971705273083912
run_20260326_224519,8.258463541666668,0.4729778834494448
run_20260326_224519,8.2635498046875,0.5614189658210332
run_20260326_224519,8.268636067708334,0.5502211150905539
run_20260326_224519,8.273722330729168,0.5036689584442275
run_20260326_224519,8.27880859375,0.528393859113576
run_20260326_224519,8.283894856770834,0.6261487602387465
run_20260326_224519,8.288981119791668,0.64004284795504
run_20260326_224519,8.2940673828125,0.605770492221747
run_20260326_224519,8.299153645833334,0.7140680918399579
run_20260326_224519,8.304239908854168,0.7584203807815753
run_20260326_224519,8.309326171875,0.7049113804844154
run_20260326_224519,8.314412434895834,0.7797469775193929
run_20260326_224519,8.319498697916668,0.7186087260574361
run_20260326_224519,8.3245849609375,0.7118082600740377
run_20260326_224519,8.329671223958334,0.7442330094127647
run_20260326_224519,8.334757486979168,0.7248522143168072
run_20260326_224519,8.33984375,0.7653652765197025
run_20260326_224519,8.344930013020834,0.7832912047248406
run_20260326_224519,8.350016276041668,0.6867838331377187
run_20260326_224519,8.3551025390625,0.6943414918616273
run_20260326_224519,8.360188802083334,0.6897787331109768
run_20260326_224519,8.365275065104168,0.7074718656678884
run_20260326_224519,8.370361328125,0.616964398202503
run_20260326_224519,8.375447591145834,0.6291282903367019
run_20260326_224519,8.380533854166668,0.7092446041773085
run_20260326_224519,8.3856201171875,0.7151468451281067
run_20260326_224519,8.390706380208334,0.6503974627472768
run_20260326_224519,8.395792643229168,0.6765941456694484
run_20260326_224519,8.40087890625,0.7165772201328593
run_20260326_224519,8.405965169270834,0.7316930639918504
run_20260326_224519,8.411051432291668,0.7118137573673875
run_20260326_224519,8.4161376953125,0.6837348734941843
run_20260326_224519,8.421223958333334,0.765664502604321
run_20260326_224519,8.426310221354168,0.7454315316593716
run_20260326_224519,8.431396484375,0.7626804681857298
run_20260326_224519,8.436482747395834,0.6599796086318959
run_20260326_224519,8.441569010416668,0.7561146371959131
run_20260326_224519,8.4466552734375,0.7365858153345577
run_20260326_224519,8.451741536458334,0.7140698910130867
run_20260326_224519,8.456827799479168,0.6765567518591482
run_20260326_224519,8.4619140625,0.7312574761372439
run_20260326_224519,8.467000325520834,0.7635250704171446
run_20260326_224519,8.472086588541668,0.7191039030748986
run_20260326_224519,8.4771728515625,0.7340556160429922
run_20260326_224519,8.482259114583334,0.7219779219801147
run_20260326_224519,8.487345377604168,0.7041086592124401
run_20260326_224519,8.492431640625,0.730881797631665
run_20260326_224519,8.497517903645834,0.7052291115539346
run_20260326_224519,8.502604166666668,0.67323220587215
run_20260326_224519,8.5076904296875,0.5398971531155697
run_20260326_224519,8.512776692708334,0.6016679850546123
run_20260326_224519,8.517862955729168,0.529702471382505
run_20260326_224519,8.52294921875,0.5027176916664946
run_20260326_224519,8.528035481770834,0.6576757636684831
run_20260326_224519,8.533121744791668,0.6610696374529702
run_20260326_224519,8.5382080078125,0.7225724334894902
run_20260326_224519,8.543294270833334,0.6964988314561573
run_20260326_224519,8.548380533854168,0.7542491204861114
run_20260326_224519,8.553466796875,0.7526824540277594
run_20260326_224519,8.558553059895834,0.7324281462828287
run_20260326_224519,8.563639322916668,0.7155054642451997
run_20260326_224519,8.5687255859375,0.7647422146816043
run_20260326_224519,8.573811848958334,0.7402690823659372
run_20260326_224519,8.578898111979168,0.6810243782921124
run_20260326_224519,8.583984375,0.7350496656306148
run_20260326_224519,8.589070638020834,0.71085679999377
run_20260326_224519,8.594156901041668,0.8063680768902488
run_20260326_224519,8.5992431640625,0.777831744347748
run_20260326_224519,8.604329427083334,0.738530761770895
run_20260326_224519,8.609415690104168,0.7893715806865836
run_20260326_224519,8.614501953125,0.7532195514511484
run_20260326_224519,8.619588216145834,0.729222341113636
run_20260326_224519,8.624674479166668,0.7079025082689587
run_20260326_224519,8.6297607421875,0.7953403591886933
run_20260326_224519,8.634847005208334,0.7171469582114307
run_20260326_224519,8.639933268229168,0.7556635184877378
run_20260326_224519,8.64501953125,0.7211031023589421
run_20260326_224519,8.650105794270834,0.7388043260642948
run_20260326_224519,8.655192057291668,0.7993015032315984
run_20260326_224519,8.6602783203125,0.7562251472575345
run_20260326_224519,8.665364583333334,0.7119192036874097
run_20260326_224519,8.670450846354168,0.6680456706907976
run_20260326_224519,8.675537109375,0.7454134237312988
run_20260326_224519,8.680623372395834,0.7091992961388311
run_20260326_224519,8.685709635416668,0.7188599974991389
run_20260326_224519,8.6907958984375,0.6923963567896391
run_20260326_224519,8.695882161458334,0.738949452989173
run_20260326_224519,8.700968424479168,0.7902538797921305
run_20260326_224519,8.7060546875,0.6469389155052292
run_20260326_224519,8.711140950520834,0.7205754487425851
run_20260326_224519,8.716227213541668,0.7871839747736786
run_20260326_224519,8.7213134765625,0.7534641463791796
run_20260326_224519,8.726399739583334,0.8094796448464973
run_20260326_224519,8.731486002604168,0.797216495195371
run_20260326_224519,8.736572265625,0.7396636216847772
run_20260326_224519,8.741658528645834,0.7140638605259364
run_20260326_224519,8.746744791666668,0.7213655792297053
run_20260326_224519,8.7518310546875,0.7877921654237708
run_20260326_224519,8.756917317708334,0.7114948941238828
run_20260326_224519,8.762003580729168,0.756851323013117
run_20260326_224519,8.76708984375,0.7371633079390288
run_20260326_224519,8.772176106770834,0.7483134002799351
run_20260326_224519,8.777262369791668,0.6822677841331031
run_20260326_224519,8.7823486328125,0.8070584939375495
run_20260326_224519,8.787434895833334,0.6971445408626296
run_20260326_224519,8.792521158854168,0.6914883130031142
run_20260326_224519,8.797607421875,0.7374710621141702
run_20260326_224519,8.802693684895834,0.8399824403335567
run_20260326_224519,8.807779947916668,0.7116506603283617
run_20260326_224519,8.8128662109375,0.7553431936987415
run_20260326_224519,8.817952473958334,0.6905673535397987
run_20260326_224519,8.823038736979168,0.7203610714190224
run_20260326_224519,8.828125,0.7603330249831752
run_20260326_224519,8.833211263020834,0.7104100380087002
run_20260326_224519,8.838297526041668,0.800797950284674
run_20260326_224519,8.8433837890625,0.8709832313688164
run_20260326_224519,8.848470052083334,0.808330606298441
run_20260326_224519,8.853556315104168,0.6943852746693384
run_20260326_224519,8.858642578125,0.8134565040079158
run_20260326_224519,8.863728841145834,0.7166107652959158
run_20260326_224519,8.868815104166668,0.7411598635354875
run_20260326_224519,8.8739013671875,0.7151400036235152
run_20260326_224519,8.878987630208334,0.6963785088615321
run_20260326_224519,8.884073893229168,0.7256087577198002
run_20260326_224519,8.88916015625,0.7805918958974609
run_20260326_224519,8.894246419270834,0.7345374392882117
run_20260326_224519,8.899332682291668,0.7305251343400898
run_20260326_224519,8.9044189453125,0.7053913207056739
run_20260326_224519,8.909505208333334,0.7637162988482766
run_20260326_224519,8.914591471354168,0.738877099805608
run_20260326_224519,8.919677734375,0.8144431674726278
run_20260326_224519,8.924763997395834,0.7421317128711782
run_20260326_224519,8.929850260416668,0.7104787792971534
run_20260326_224519,8.9349365234375,0.6521780385188132
run_20260326_224519,8.940022786458334,0.7100320173286487
run_20260326_224519,8.945109049479168,0.7972499411159909
run_20260326_224519,8.9501953125,0.807682804859097
run_20260326_224519,8.955281575520834,0.7715336256951397
run_20260326_224519,8.960367838541668,0.7668278112144076
run_20260326_224519,8.9654541015625,0.7210438609679499
run_20260326_224519,8.970540364583334,0.7846036739688216
run_20260326_224519,8.975626627604168,0.7455523642305991
run_20260326_224519,8.980712890625,0.7650889752893925
run_20260326_224519,8.985799153645834,0.6932550779653218
run_20260326_224519,8.990885416666668,0.7896205297720027
run_20260326_224519,8.9959716796875,0.7189001922729636
run_20260326_224519,9.001057942708334,0.7583365336582151
run_20260326_224519,9.006144205729168,0.7883504566400907
run_20260326_224519,9.01123046875,0.6884351135679582
run_20260326_224519,9.016316731770834,0.7503177244640036
run_20260326_224519,9.021402994791668,0.7199042539884999
run_20260326_224519,9.0264892578125,0.7678594814883397
run_20260326_224519,9.031575520833334,0.8423336859439782
run_20260326_224519,9.036661783854168,0.7491546125658629
run_20260326_224519,9.041748046875,0.7948555135270412
run_20260326_224519,9.046834309895834,0.7780289591551522
run_20260326_224519,9.051920572916668,0.7563539810407947
run_20260326_224519,9.0570068359375,0.7406887094929855
run_20260326_224519,9.062093098958334,0.710182015814627
run_20260326_224519,9.067179361979168,0.6954251120079014
run_20260326_224519,9.072265625,0.7397263887412775
run_20260326_224519,9.077351888020834,0.7674721263246727
run_20260326_224519,9.082438151041668,0.7471179199834151
run_20260326_224519,9.0875244140625,0.6728846753543571
run_20260326_224519,9.092610677083334,0.7530110311096447
run_20260326_224519,9.097696940104168,0.7080006571275048
run_20260326_224519,9.102783203125,0.7630344195367061
run_20260326_224519,9.107869466145834,0.6462013259202308
run_20260326_224519,9.112955729166668,0.69353624922017
run_20260326_224519,9.1180419921875,0.7080632192572496
run_20260326_224519,9.123128255208334,0.7406753199905618
run_20260326_224519,9.128214518229168,0.7063377888674622
run_20260326_224519,9.13330078125,0.7175860005815583
run_20260326_224519,9.138387044270834,0.7157209448987982
run_20260326_224519,9.143473307291668,0.7571886498179028
run_20260326_224519,9.1485595703125,0.6963392230454111
run_20260326_224519,9.153645833333334,0.7662035965364062
run_20260326_224519,9.158732096354168,0.7770129102278414
run_20260326_224519,9.163818359375,0.7004718027869244
run_20260326_224519,9.168904622395834,0.6292063105940089
run_20260326_224519,9.173990885416668,0.6673973825114118
run_20260326_224519,9.1790771484375,0.5530177972937672
run_20260326_224519,9.184163411458334,0.5920133594843859
run_20260326_224519,9.189249674479168,0.5465089515657459
run_20260326_224519,9.1943359375,0.5137425490843788
run_20260326_224519,9.199422200520834,0.502988073018647
run_20260326_224519,9.204508463541668,0.5853881534903287
run_20260326_224519,9.2095947265625,0.6032392022798168
run_20260326_224519,9.214680989583334,0.6260348131627474
run_20260326_224519,9.219767252604168,0.7238859720479487
run_20260326_224519,9.224853515625,0.6755115233927493
run_20260326_224519,9.229939778645834,0.6848463513090624
run_20260326_224519,9.235026041666668,0.7428672604377015
run_20260326_224519,9.2401123046875,0.6954540014163818
run_20260326_224519,9.245198567708334,0.6619250063980635
run_20260326_224519,9.250284830729168,0.6339980676352097
run_20260326_224519,9.25537109375,0.693415723396051
run_20260326_224519,9.260457356770834,0.7095560435332833
run_20260326_224519,9.265543619791668,0.6832499904532038
run_20260326_224519,9.2706298828125,0.6401736926722836
run_20260326_224519,9.275716145833334,0.6583758048376064
run_20260326_224519,9.280802408854168,0.6453659834909982
run_20260326_224519,9.285888671875,0.5441504018683143
run_20260326_224519,9.290974934895834,0.5404172864645453
run_20260326_224519,9.296061197916668,0.46232902222638045
run_20260326_224519,9.3011474609375,0.4575574086254352
run_20260326_224519,9.306233723958334,0.5021366409921878
run_20260326_224519,9.311319986979168,0.5458158711212885
run_20260326_224519,9.31640625,0.48636185345348215
run_20260326_224519,9.321492513020834,0.4317406750300459
run_20260326_224519,9.326578776041668,0.48414667729360106
run_20260326_224519,9.3316650390625,0.5054824790333324
run_20260326_224519,9.336751302083334,0.4375703691228157
run_20260326_224519,9.341837565104168,0.5502615123278128
run_20260326_224519,9.346923828125,0.5277617113307324
run_20260326_224519,9.352010091145834,0.4983180528975445
run_20260326_224519,9.357096354166668,0.5232653908400756
run_20260326_224519,9.3621826171875,0.4433154308429224
run_20260326_224519,9.367268880208334,0.4502073080381399
run_20260326_224519,9.372355143229168,0.5937974426794363
run_20260326_224519,9.37744140625,0.5578556884895107
run_20260326_224519,9.382527669270834,0.5812196658376261
run_20260326_224519,9.387613932291668,0.6420426047910834
run_20260326_224519,9.3927001953125,0.5240545800483768
run_20260326_224519,9.397786458333334,0.6025304419894005
run_20260326_224519,9.402872721354168,0.5252865664659175
run_20260326_224519,9.407958984375,0.46694004596332367
run_20260326_224519,9.413045247395834,0.64170313809804
run_20260326_224519,9.418131510416668,0.5469805171340876
run_20260326_224519,9.4232177734375,0.6420806239652412
run_20260326_224519,9.428304036458334,0.626061393240617
run_20260326_224519,9.433390299479168,0.6306663939209987
run_20260326_224519,9.4384765625,0.6066356351309418
run_20260326_224519,9.443562825520834,0.5710917422175761
run_20260326_224519,9.448649088541668,0.5703613416438655
run_20260326_224519,9.4537353515625,0.5044517051112759
run_20260326_224519,9.458821614583334,0.5605544190232954
run_20260326_224519,9.463907877604168,0.54735428321883
run_20260326_224519,9.468994140625,0.5293051599523749
run_20260326_224519,9.474080403645834,0.5677529232967033
run_20260326_224519,9.479166666666668,0.5267939527154469
run_20260326_224519,9.4842529296875,0.5514660051638689
run_20260326_224519,9.489339192708334,0.6273701141068488
run_20260326_224519,9.494425455729168,0.4967253013354675
run_20260326_224519,9.49951171875,0.5657150345959072
run_20260326_224519,9.504597981770834,0.6001440255024287
run_20260326_224519,9.509684244791668,0.5635881269430608
run_20260326_224519,9.5147705078125,0.5310868812673489
run_20260326_224519,9.519856770833334,0.4886853538207963
run_20260326_224519,9.524943033854168,0.5483796762096003
run_20260326_224519,9.530029296875,0.446415234508775
run_20260326_224519,9.535115559895834,0.4528322476824069
run_20260326_224519,9.540201822916668,0.4875733241927689
run_20260326_224519,9.5452880859375,0.49269766841669793
run_20260326_224519,9.550374348958334,0.5491037099890383
run_20260326_224519,9.555460611979168,0.47258651274520197
run_20260326_224519,9.560546875,0.5385775538024636
run_20260326_224519,9.565633138020834,0.6016364602277897
run_20260326_224519,9.570719401041668,0.5880026095989196
run_20260326_224519,9.5758056640625,0.6248065601846828
run_20260326_224519,9.580891927083334,0.6400452687232264
run_20260326_224519,9.585978190104168,0.6823407837549746
run_20260326_224519,9.591064453125,0.6893567918471898
run_20260326_224519,9.596150716145834,0.6466337376120548
run_20260326_224519,9.601236979166668,0.6779471676334479
run_20260326_224519,9.6063232421875,0.6584987786070936
run_20260326_224519,9.611409505208334,0.6845190241219877
run_20260326_224519,9.616495768229168,0.7231515017561402
run_20260326_224519,9.62158203125,0.6694599741194545
run_20260326_224519,9.626668294270834,0.7055378883770675
run_20260326_224519,9.631754557291668,0.7152193038851902
run_20260326_224519,9.6368408203125,0.703647413699941
run_20260326_224519,9.641927083333334,0.7188842303613324
run_20260326_224519,9.647013346354168,0.6337693096952758
run_20260326_224519,9.652099609375,0.7129631050998304
run_20260326_224519,9.657185872395834,0.7260410328086131
run_20260326_224519,9.662272135416668,0.7307318500453963
run_20260326_224519,9.6673583984375,0.6913113492596218
run_20260326_224519,9.672444661458334,0.6527283896783233
run_20260326_224519,9.677530924479168,0.7086859043668513
run_20260326_224519,9.6826171875,0.6042155885938375
run_20260326_224519,9.687703450520834,0.6440205661640503
run_20260326_224519,9.692789713541668,0.6377219626612534
run_20260326_224519,9.6978759765625,0.7033021850844494
run_20260326_224519,9.702962239583334,0.6312464950544555
run_20260326_224519,9.708048502604168,0.6603377788372463
run_20260326_224519,9.713134765625,0.6180593629900527
run_20260326_224519,9.718221028645834,0.6634467521335421
run_20260326_224519,9.723307291666668,0.7663681053341418
run_20260326_224519,9.7283935546875,0.7042628823366998
run_20260326_224519,9.733479817708334,0.6562504827489182
run_20260326_224519,9.738566080729168,0.6667451791175275
run_20260326_224519,9.74365234375,0.6554478490341338
run_20260326_224519,9.748738606770834,0.7278909708835992
run_20260326_224519,9.753824869791668,0.7191039030748971
run_20260326_224519,9.7589111328125,0.6853935658912671
run_20260326_224519,9.763997395833334,0.6646353549555684
run_20260326_224519,9.769083658854168,0.7347103580104609
run_20260326_224519,9.774169921875,0.7084852070802434
run_20260326_224519,9.779256184895834,0.7063089718586002
run_20260326_224519,9.784342447916668,0.6700026553915939
run_20260326_224519,9.7894287109375,0.7321114989226918
run_20260326_224519,9.794514973958334,0.6994571065296799
run_20260326_224519,9.799601236979168,0.7890296704505906
run_20260326_224519,9.8046875,0.7396714572207252
run_20260326_224519,9.809773763020834,0.6313226590375327
run_20260326_224519,9.814860026041668,0.6943478101505278
run_20260326_224519,9.8199462890625,0.5043599469773984
run_20260326_224519,9.825032552083334,0.5278276372888481
run_20260326_224519,9.830118815104168,0.6069392693387309
run_20260326_224519,9.835205078125,0.5747172654396859
run_20260326_224519,9.840291341145834,0.5954625734090213
run_20260326_224519,9.845377604166668,0.6121444319333391
run_20260326_224519,9.8504638671875,0.7037315645369268
run_20260326_224519,9.855550130208334,0.7398776894224287
run_20260326_224519,9.860636393229168,0.6971591249814867
run_20260326_224519,9.86572265625,0.6837453139557776
run_20260326_224519,9.870808919270834,0.7506220236220782
run_20260326_224519,9.875895182291668,0.666623824313063
run_20260326_224519,9.8809814453125,0.7272892910458636
run_20260326_224519,9.886067708333334,0.7000205454641507
run_20260326_224519,9.891153971354168,0.6932858573969858
run_20260326_224519,9.896240234375,0.7232384523692195
run_20260326_224519,9.901326497395834,0.7240490472367528
run_20260326_224519,9.906412760416668,0.7369028087400734
run_20260326_224519,9.9114990234375,0.6449127433043411
run_20260326_224519,9.916585286458334,0.6529265300112047
run_20260326_224519,9.921671549479168,0.7000212796539699
run_20260326_224519,9.9267578125,0.7038054997634149
run_20260326_224519,9.931844075520834,0.6411516472344793
run_20260326_224519,9.936930338541668,0.7478996394752906
run_20260326_224519,9.9420166015625,0.76848985777269
run_20260326_224519,9.947102864583334,0.7442933828741904
run_20260326_224519,9.952189127604168,0.7330148342780807
run_20260326_224519,9.957275390625,0.7605661695899018
run_20260326_224519,9.962361653645834,0.732068242466462
run_20260326_224519,9.967447916666668,0.703621607322122
run_20260326_224519,9.9725341796875,0.6912353218934334
run_20260326_224519,9.977620442708334,0.7571507878132213
run_20260326_224519,9.982706705729168,0.6695079459348735
run_20260326_224519,9.98779296875,0.6776402541698751
run_20260326_224519,9.992879231770834,0.7288538281736714
run_20260326_224519,9.997965494791668,0.7663325598535188
run_20260326_224519,10.0030517578125,0.6930816075675831
run_20260326_224519,10.008138020833334,0.7021055743212944
run_20260326_224519,10.013224283854168,0.711930020118118
run_20260326_224519,10.018310546875,0.671651848761452
run_20260326_224519,10.023396809895834,0.7155161388491338
run_20260326_224519,10.028483072916668,0.7432880574358606
run_20260326_224519,10.0335693359375,0.7592715235428178
run_20260326_224519,10.038655598958334,0.7481757227583476
run_20260326_224519,10.043741861979168,0.6964365596312634
run_20260326_224519,10.048828125,0.6718246611583464
run_20260326_224519,10.053914388020834,0.6972486413317653
run_20260326_224519,10.059000651041668,0.6988416171221095
run_20260326_224519,10.0640869140625,0.6814030030400243
