Time(s),Voltage(V)
2.079999999999999991e-06,0.000000000000000000e+00
2.080499999985859025e-06,0.000000000000000000e+00
2.080999999971718059e-06,0.000000000000000000e+00
2.081499999957577093e-06,0.000000000000000000e+00
2.081999999943436128e-06,0.000000000000000000e+00
2.082499999929295162e-06,0.000000000000000000e+00
2.082999999915154196e-06,0.000000000000000000e+00
2.083499999901013230e-06,0.000000000000000000e+00
2.083999999886872265e-06,0.000000000000000000e+00
2.084499999872731299e-06,0.000000000000000000e+00
2.084999999858590333e-06,0.000000000000000000e+00
2.085499999844449368e-06,0.000000000000000000e+00
2.085999999830308402e-06,0.000000000000000000e+00
2.086499999816167436e-06,0.000000000000000000e+00
2.086999999802026470e-06,0.000000000000000000e+00
2.087499999787885505e-06,0.000000000000000000e+00
2.087999999773744539e-06,0.000000000000000000e+00
2.088499999759603573e-06,0.000000000000000000e+00
2.088999999745462607e-06,0.000000000000000000e+00
2.089499999731321642e-06,0.000000000000000000e+00
2.089999999717180676e-06,0.000000000000000000e+00
2.090499999703039710e-06,0.000000000000000000e+00
2.090999999688898744e-06,0.000000000000000000e+00
2.091499999674757779e-06,0.000000000000000000e+00
2.091999999660616813e-06,0.000000000000000000e+00
2.092499999646475847e-06,0.000000000000000000e+00
2.092999999632334882e-06,0.000000000000000000e+00
2.093499999618193916e-06,0.000000000000000000e+00
2.093999999604052950e-06,0.000000000000000000e+00
2.094499999589911984e-06,0.000000000000000000e+00
2.094999999575771019e-06,0.000000000000000000e+00
2.095499999561630053e-06,0.000000000000000000e+00
2.095999999547489087e-06,0.000000000000000000e+00
2.096499999533348121e-06,0.000000000000000000e+00
2.096999999519207156e-06,0.000000000000000000e+00
2.097499999505066190e-06,0.000000000000000000e+00
2.097999999490925224e-06,0.000000000000000000e+00
2.098499999476784259e-06,0.000000000000000000e+00
2.098999999462643293e-06,0.000000000000000000e+00
2.099499999448502327e-06,0.000000000000000000e+00
2.099999999434361361e-06,0.000000000000000000e+00
2.100499999420220396e-06,0.000000000000000000e+00
2.100999999406079430e-06,0.000000000000000000e+00
2.101499999391938464e-06,0.000000000000000000e+00
2.101999999377797498e-06,0.000000000000000000e+00
2.102499999363656533e-06,0.000000000000000000e+00
2.102999999349515567e-06,0.000000000000000000e+00
2.103499999335374601e-06,0.000000000000000000e+00
2.103999999321233635e-06,0.000000000000000000e+00
2.104499999307092670e-06,0.000000000000000000e+00
2.104999999292951704e-06,0.000000000000000000e+00
2.105499999278810738e-06,0.000000000000000000e+00
2.105999999264669773e-06,0.000000000000000000e+00
2.106499999250528807e-06,0.000000000000000000e+00
2.106999999236387841e-06,0.000000000000000000e+00
2.107499999222246875e-06,0.000000000000000000e+00
2.107999999208105910e-06,0.000000000000000000e+00
2.108499999193964944e-06,0.000000000000000000e+00
2.108999999179823978e-06,0.000000000000000000e+00
2.109499999165683012e-06,0.000000000000000000e+00
2.109999999151542047e-06,0.000000000000000000e+00
2.110499999137401081e-06,0.000000000000000000e+00
2.110999999123260115e-06,0.000000000000000000e+00
2.111499999109119149e-06,0.000000000000000000e+00
2.111999999094978184e-06,0.000000000000000000e+00
2.112499999080837218e-06,0.000000000000000000e+00
2.112999999066696252e-06,0.000000000000000000e+00
2.113499999052555287e-06,0.000000000000000000e+00
2.113999999038414321e-06,0.000000000000000000e+00
2.114499999024273355e-06,0.000000000000000000e+00
2.114999999010132389e-06,0.000000000000000000e+00
2.115499998995991424e-06,0.000000000000000000e+00
2.115999998981850458e-06,0.000000000000000000e+00
2.116499998967709492e-06,0.000000000000000000e+00
2.116999998953568526e-06,0.000000000000000000e+00
2.117499998939427561e-06,0.000000000000000000e+00
2.117999998925286595e-06,0.000000000000000000e+00
2.118499998911145629e-06,0.000000000000000000e+00
2.118999998897004664e-06,0.000000000000000000e+00
2.119499998882863698e-06,0.000000000000000000e+00
2.119999998868722732e-06,0.000000000000000000e+00
2.120499998854581766e-06,0.000000000000000000e+00
2.120999998840440801e-06,0.000000000000000000e+00
2.121499998826299835e-06,0.000000000000000000e+00
2.121999998812158869e-06,0.000000000000000000e+00
2.122499998798017903e-06,0.000000000000000000e+00
2.122999998783876938e-06,0.000000000000000000e+00
2.123499998769735972e-06,0.000000000000000000e+00
2.123999998755595006e-06,0.000000000000000000e+00
2.124499998741454040e-06,0.000000000000000000e+00
2.124999998727313075e-06,0.000000000000000000e+00
2.125499998713172109e-06,0.000000000000000000e+00
2.125999998699031143e-06,0.000000000000000000e+00
2.126499998684890178e-06,0.000000000000000000e+00
2.126999998670749212e-06,0.000000000000000000e+00
2.127499998656608246e-06,0.000000000000000000e+00
2.127999998642467280e-06,0.000000000000000000e+00
2.128499998628326315e-06,0.000000000000000000e+00
2.128999998614185349e-06,0.000000000000000000e+00
2.129499998600044383e-06,0.000000000000000000e+00
2.129999998585903417e-06,0.000000000000000000e+00
2.130499998571762452e-06,0.000000000000000000e+00
2.130999998557621486e-06,0.000000000000000000e+00
2.131499998543480520e-06,0.000000000000000000e+00
2.131999998529339554e-06,0.000000000000000000e+00
2.132499998515198589e-06,0.000000000000000000e+00
2.132999998501057623e-06,0.000000000000000000e+00
2.133499998486916657e-06,0.000000000000000000e+00
2.133999998472775692e-06,0.000000000000000000e+00
2.134499998458634726e-06,0.000000000000000000e+00
2.134999998444493760e-06,0.000000000000000000e+00
2.135499998430352794e-06,0.000000000000000000e+00
2.135999998416211829e-06,0.000000000000000000e+00
2.136499998402070863e-06,0.000000000000000000e+00
2.136999998387929897e-06,0.000000000000000000e+00
2.137499998373788931e-06,0.000000000000000000e+00
2.137999998359647966e-06,0.000000000000000000e+00
2.138499998345507000e-06,0.000000000000000000e+00
2.138999998331366034e-06,0.000000000000000000e+00
2.139499998317225069e-06,0.000000000000000000e+00
2.139999998303084103e-06,0.000000000000000000e+00
2.140499998288943137e-06,0.000000000000000000e+00
2.140999998274802171e-06,0.000000000000000000e+00
2.141499998260661206e-06,0.000000000000000000e+00
2.141999998246520240e-06,0.000000000000000000e+00
2.142499998232379274e-06,0.000000000000000000e+00
2.142999998218238308e-06,0.000000000000000000e+00
2.143499998204097343e-06,0.000000000000000000e+00
2.143999998189956377e-06,0.000000000000000000e+00
2.144499998175815411e-06,0.000000000000000000e+00
2.144999998161674445e-06,0.000000000000000000e+00
2.145499998147533480e-06,0.000000000000000000e+00
2.145999998133392514e-06,0.000000000000000000e+00
2.146499998119251548e-06,0.000000000000000000e+00
2.146999998105110583e-06,0.000000000000000000e+00
2.147499998090969617e-06,0.000000000000000000e+00
2.147999998076828651e-06,0.000000000000000000e+00
2.148499998062687685e-06,0.000000000000000000e+00
2.148999998048546720e-06,0.000000000000000000e+00
2.149499998034405754e-06,0.000000000000000000e+00
2.149999998020264788e-06,0.000000000000000000e+00
2.150499998006123822e-06,0.000000000000000000e+00
2.150999997991982857e-06,0.000000000000000000e+00
2.151499997977841891e-06,0.000000000000000000e+00
2.151999997963700925e-06,0.000000000000000000e+00
2.152499997949559959e-06,0.000000000000000000e+00
2.152999997935418994e-06,0.000000000000000000e+00
2.153499997921278028e-06,0.000000000000000000e+00
2.153999997907137062e-06,0.000000000000000000e+00
2.154499997892996097e-06,0.000000000000000000e+00
2.154999997878855131e-06,0.000000000000000000e+00
2.155499997864714165e-06,0.000000000000000000e+00
2.155999997850573199e-06,0.000000000000000000e+00
2.156499997836432234e-06,0.000000000000000000e+00
2.156999997822291268e-06,0.000000000000000000e+00
2.157499997808150302e-06,0.000000000000000000e+00
2.157999997794009336e-06,0.000000000000000000e+00
2.158499997779868371e-06,0.000000000000000000e+00
2.158999997765727405e-06,0.000000000000000000e+00
2.159499997751586439e-06,0.000000000000000000e+00
2.159999997737445474e-06,0.000000000000000000e+00
2.160499997723304508e-06,0.000000000000000000e+00
2.160999997709163542e-06,0.000000000000000000e+00
2.161499997695022576e-06,0.000000000000000000e+00
2.161999997680881611e-06,0.000000000000000000e+00
2.162499997666740645e-06,0.000000000000000000e+00
2.162999997652599679e-06,0.000000000000000000e+00
2.163499997638458713e-06,0.000000000000000000e+00
2.163999997624317748e-06,0.000000000000000000e+00
2.164499997610176782e-06,0.000000000000000000e+00
2.164999997596035816e-06,0.000000000000000000e+00
2.165499997581894850e-06,0.000000000000000000e+00
2.165999997567753885e-06,0.000000000000000000e+00
2.166499997553612919e-06,0.000000000000000000e+00
2.166999997539471953e-06,0.000000000000000000e+00
2.167499997525330988e-06,0.000000000000000000e+00
2.167999997511190022e-06,0.000000000000000000e+00
2.168499997497049056e-06,0.000000000000000000e+00
2.168999997482908090e-06,0.000000000000000000e+00
2.169499997468767125e-06,0.000000000000000000e+00
2.169999997454626159e-06,0.000000000000000000e+00
2.170499997440485193e-06,0.000000000000000000e+00
2.170999997426344227e-06,0.000000000000000000e+00
2.171499997412203262e-06,0.000000000000000000e+00
2.171999997398062296e-06,0.000000000000000000e+00
2.172499997383921330e-06,0.000000000000000000e+00
2.172999997369780364e-06,0.000000000000000000e+00
2.173499997355639399e-06,0.000000000000000000e+00
2.173999997341498433e-06,0.000000000000000000e+00
2.174499997327357467e-06,0.000000000000000000e+00
2.174999997313216502e-06,0.000000000000000000e+00
2.175499997299075536e-06,0.000000000000000000e+00
2.175999997284934570e-06,0.000000000000000000e+00
2.176499997270793604e-06,0.000000000000000000e+00
2.176999997256652639e-06,0.000000000000000000e+00
2.177499997242511673e-06,0.000000000000000000e+00
2.177999997228370707e-06,0.000000000000000000e+00
2.178499997214229741e-06,0.000000000000000000e+00
2.178999997200088776e-06,0.000000000000000000e+00
2.179499997185947810e-06,0.000000000000000000e+00
2.179999997171806844e-06,0.000000000000000000e+00
2.180499997157665879e-06,0.000000000000000000e+00
2.180999997143524913e-06,0.000000000000000000e+00
2.181499997129383947e-06,0.000000000000000000e+00
2.181999997115242981e-06,0.000000000000000000e+00
2.182499997101102016e-06,0.000000000000000000e+00
2.182999997086961050e-06,0.000000000000000000e+00
2.183499997072820084e-06,0.000000000000000000e+00
2.183999997058679118e-06,0.000000000000000000e+00
2.184499997044538153e-06,-2.000000029802322388e-01
2.184999997030397187e-06,-2.000000029802322388e-01
2.185499997016256221e-06,-2.000000029802322388e-01
2.185999997002115255e-06,0.000000000000000000e+00
2.186499996987974290e-06,0.000000000000000000e+00
2.186999996973833324e-06,0.000000000000000000e+00
2.187499996959692358e-06,0.000000000000000000e+00
2.187999996945551393e-06,0.000000000000000000e+00
2.188499996931410427e-06,0.000000000000000000e+00
2.188999996917269461e-06,0.000000000000000000e+00
2.189499996903128495e-06,0.000000000000000000e+00
2.189999996888987530e-06,0.000000000000000000e+00
2.190499996874846564e-06,0.000000000000000000e+00
2.190999996860705598e-06,0.000000000000000000e+00
2.191499996846564632e-06,0.000000000000000000e+00
2.191999996832423667e-06,0.000000000000000000e+00
2.192499996818282701e-06,0.000000000000000000e+00
2.192999996804141735e-06,0.000000000000000000e+00
2.193499996790000769e-06,0.000000000000000000e+00
2.193999996775859804e-06,0.000000000000000000e+00
2.194499996761718838e-06,0.000000000000000000e+00
2.194999996747577872e-06,0.000000000000000000e+00
2.195499996733436907e-06,0.000000000000000000e+00
2.195999996719295941e-06,0.000000000000000000e+00
2.196499996705154975e-06,0.000000000000000000e+00
2.196999996691014009e-06,0.000000000000000000e+00
2.197499996676873044e-06,0.000000000000000000e+00
2.197999996662732078e-06,0.000000000000000000e+00
2.198499996648591112e-06,0.000000000000000000e+00
2.198999996634450146e-06,0.000000000000000000e+00
2.199499996620309181e-06,0.000000000000000000e+00
2.199999996606168215e-06,0.000000000000000000e+00
2.200499996592027249e-06,0.000000000000000000e+00
2.200999996577886284e-06,0.000000000000000000e+00
2.201499996563745318e-06,0.000000000000000000e+00
2.201999996549604352e-06,0.000000000000000000e+00
2.202499996535463386e-06,0.000000000000000000e+00
2.202999996521322421e-06,0.000000000000000000e+00
2.203499996507181455e-06,0.000000000000000000e+00
2.203999996493040489e-06,0.000000000000000000e+00
2.204499996478899523e-06,0.000000000000000000e+00
2.204999996464758558e-06,0.000000000000000000e+00
2.205499996450617592e-06,0.000000000000000000e+00
2.205999996436476626e-06,0.000000000000000000e+00
2.206499996422335660e-06,0.000000000000000000e+00
2.206999996408194695e-06,0.000000000000000000e+00
2.207499996394053729e-06,0.000000000000000000e+00
2.207999996379912763e-06,0.000000000000000000e+00
2.208499996365771798e-06,0.000000000000000000e+00
2.208999996351630832e-06,0.000000000000000000e+00
2.209499996337489866e-06,0.000000000000000000e+00
2.209999996323348900e-06,0.000000000000000000e+00
2.210499996309207935e-06,0.000000000000000000e+00
2.210999996295066969e-06,0.000000000000000000e+00
2.211499996280926003e-06,0.000000000000000000e+00
2.211999996266785037e-06,0.000000000000000000e+00
2.212499996252644072e-06,0.000000000000000000e+00
2.212999996238503106e-06,0.000000000000000000e+00
2.213499996224362140e-06,0.000000000000000000e+00
2.213999996210221174e-06,0.000000000000000000e+00
2.214499996196080209e-06,0.000000000000000000e+00
2.214999996181939243e-06,0.000000000000000000e+00
2.215499996167798277e-06,0.000000000000000000e+00
2.215999996153657312e-06,0.000000000000000000e+00
2.216499996139516346e-06,0.000000000000000000e+00
2.216999996125375380e-06,0.000000000000000000e+00
2.217499996111234414e-06,0.000000000000000000e+00
2.217999996097093449e-06,-2.000000029802322388e-01
2.218499996082952483e-06,-2.000000029802322388e-01
2.218999996068811517e-06,0.000000000000000000e+00
2.219499996054670551e-06,0.000000000000000000e+00
2.219999996040529586e-06,0.000000000000000000e+00
2.220499996026388620e-06,0.000000000000000000e+00
2.220999996012247654e-06,0.000000000000000000e+00
2.221499995998106689e-06,0.000000000000000000e+00
2.221999995983965723e-06,0.000000000000000000e+00
2.222499995969824757e-06,0.000000000000000000e+00
2.222999995955683791e-06,0.000000000000000000e+00
2.223499995941542826e-06,0.000000000000000000e+00
2.223999995927401860e-06,0.000000000000000000e+00
2.224499995913260894e-06,0.000000000000000000e+00
2.224999995899119928e-06,0.000000000000000000e+00
2.225499995884978963e-06,0.000000000000000000e+00
2.225999995870837997e-06,0.000000000000000000e+00
2.226499995856697031e-06,0.000000000000000000e+00
2.226999995842556065e-06,0.000000000000000000e+00
2.227499995828415100e-06,0.000000000000000000e+00
2.227999995814274134e-06,0.000000000000000000e+00
2.228499995800133168e-06,0.000000000000000000e+00
2.228999995785992203e-06,0.000000000000000000e+00
2.229499995771851237e-06,0.000000000000000000e+00
2.229999995757710271e-06,0.000000000000000000e+00
2.230499995743569305e-06,0.000000000000000000e+00
2.230999995729428340e-06,0.000000000000000000e+00
2.231499995715287374e-06,0.000000000000000000e+00
2.231999995701146408e-06,0.000000000000000000e+00
2.232499995687005442e-06,0.000000000000000000e+00
2.232999995672864477e-06,0.000000000000000000e+00
2.233499995658723511e-06,0.000000000000000000e+00
2.233999995644582545e-06,0.000000000000000000e+00
2.234499995630441579e-06,0.000000000000000000e+00
2.234999995616300614e-06,0.000000000000000000e+00
2.235499995602159648e-06,0.000000000000000000e+00
2.235999995588018682e-06,0.000000000000000000e+00
2.236499995573877717e-06,0.000000000000000000e+00
2.236999995559736751e-06,0.000000000000000000e+00
2.237499995545595785e-06,0.000000000000000000e+00
2.237999995531454819e-06,0.000000000000000000e+00
2.238499995517313854e-06,0.000000000000000000e+00
2.238999995503172888e-06,0.000000000000000000e+00
2.239499995489031922e-06,0.000000000000000000e+00
2.239999995474890956e-06,0.000000000000000000e+00
2.240499995460749991e-06,0.000000000000000000e+00
2.240999995446609025e-06,0.000000000000000000e+00
2.241499995432468059e-06,0.000000000000000000e+00
2.241999995418327094e-06,0.000000000000000000e+00
2.242499995404186128e-06,0.000000000000000000e+00
2.242999995390045162e-06,0.000000000000000000e+00
2.243499995375904196e-06,0.000000000000000000e+00
2.243999995361763231e-06,0.000000000000000000e+00
2.244499995347622265e-06,0.000000000000000000e+00
2.244999995333481299e-06,0.000000000000000000e+00
2.245499995319340333e-06,0.000000000000000000e+00
2.245999995305199368e-06,0.000000000000000000e+00
2.246499995291058402e-06,0.000000000000000000e+00
2.246999995276917436e-06,0.000000000000000000e+00
2.247499995262776470e-06,0.000000000000000000e+00
2.247999995248635505e-06,0.000000000000000000e+00
2.248499995234494539e-06,0.000000000000000000e+00
2.248999995220353573e-06,0.000000000000000000e+00
2.249499995206212608e-06,0.000000000000000000e+00
2.249999995192071642e-06,0.000000000000000000e+00
2.250499995177930676e-06,0.000000000000000000e+00
2.250999995163789710e-06,0.000000000000000000e+00
2.251499995149648745e-06,0.000000000000000000e+00
2.251999995135507779e-06,0.000000000000000000e+00
2.252499995121366813e-06,0.000000000000000000e+00
2.252999995107225847e-06,0.000000000000000000e+00
2.253499995093084882e-06,0.000000000000000000e+00
2.253999995078943916e-06,0.000000000000000000e+00
2.254499995064802950e-06,0.000000000000000000e+00
2.254999995050661984e-06,0.000000000000000000e+00
2.255499995036521019e-06,0.000000000000000000e+00
2.255999995022380053e-06,0.000000000000000000e+00
2.256499995008239087e-06,0.000000000000000000e+00
2.256999994994098122e-06,0.000000000000000000e+00
2.257499994979957156e-06,0.000000000000000000e+00
2.257999994965816190e-06,0.000000000000000000e+00
2.258499994951675224e-06,0.000000000000000000e+00
2.258999994937534259e-06,0.000000000000000000e+00
2.259499994923393293e-06,0.000000000000000000e+00
2.259999994909252327e-06,0.000000000000000000e+00
2.260499994895111361e-06,0.000000000000000000e+00
2.260999994880970396e-06,0.000000000000000000e+00
2.261499994866829430e-06,0.000000000000000000e+00
2.261999994852688464e-06,0.000000000000000000e+00
2.262499994838547499e-06,0.000000000000000000e+00
2.262999994824406533e-06,0.000000000000000000e+00
2.263499994810265567e-06,0.000000000000000000e+00
2.263999994796124601e-06,0.000000000000000000e+00
2.264499994781983636e-06,0.000000000000000000e+00
2.264999994767842670e-06,0.000000000000000000e+00
2.265499994753701704e-06,0.000000000000000000e+00
2.265999994739560738e-06,0.000000000000000000e+00
2.266499994725419773e-06,0.000000000000000000e+00
2.266999994711278807e-06,0.000000000000000000e+00
2.267499994697137841e-06,0.000000000000000000e+00
2.267999994682996875e-06,0.000000000000000000e+00
2.268499994668855910e-06,0.000000000000000000e+00
2.268999994654714944e-06,0.000000000000000000e+00
2.269499994640573978e-06,0.000000000000000000e+00
2.269999994626433013e-06,0.000000000000000000e+00
2.270499994612292047e-06,0.000000000000000000e+00
2.270999994598151081e-06,0.000000000000000000e+00
2.271499994584010115e-06,0.000000000000000000e+00
2.271999994569869150e-06,0.000000000000000000e+00
2.272499994555728184e-06,0.000000000000000000e+00
2.272999994541587218e-06,0.000000000000000000e+00
2.273499994527446252e-06,0.000000000000000000e+00
2.273999994513305287e-06,0.000000000000000000e+00
2.274499994499164321e-06,0.000000000000000000e+00
2.274999994485023355e-06,0.000000000000000000e+00
2.275499994470882389e-06,0.000000000000000000e+00
2.275999994456741424e-06,0.000000000000000000e+00
2.276499994442600458e-06,0.000000000000000000e+00
2.276999994428459492e-06,0.000000000000000000e+00
2.277499994414318527e-06,0.000000000000000000e+00
2.277999994400177561e-06,0.000000000000000000e+00
2.278499994386036595e-06,0.000000000000000000e+00
2.278999994371895629e-06,0.000000000000000000e+00
2.279499994357754664e-06,-2.000000029802322388e-01
2.279999994343613698e-06,0.000000000000000000e+00
2.280499994329472732e-06,0.000000000000000000e+00
2.280999994315331766e-06,0.000000000000000000e+00
2.281499994301190801e-06,0.000000000000000000e+00
2.281999994287049835e-06,0.000000000000000000e+00
2.282499994272908869e-06,0.000000000000000000e+00
2.282999994258767904e-06,0.000000000000000000e+00
2.283499994244626938e-06,0.000000000000000000e+00
2.283999994230485972e-06,0.000000000000000000e+00
2.284499994216345006e-06,0.000000000000000000e+00
2.284999994202204041e-06,0.000000000000000000e+00
2.285499994188063075e-06,0.000000000000000000e+00
2.285999994173922109e-06,0.000000000000000000e+00
2.286499994159781143e-06,0.000000000000000000e+00
2.286999994145640178e-06,0.000000000000000000e+00
2.287499994131499212e-06,0.000000000000000000e+00
2.287999994117358246e-06,0.000000000000000000e+00
2.288499994103217280e-06,0.000000000000000000e+00
2.288999994089076315e-06,0.000000000000000000e+00
2.289499994074935349e-06,0.000000000000000000e+00
2.289999994060794383e-06,0.000000000000000000e+00
2.290499994046653418e-06,0.000000000000000000e+00
2.290999994032512452e-06,0.000000000000000000e+00
2.291499994018371486e-06,0.000000000000000000e+00
2.291999994004230520e-06,0.000000000000000000e+00
2.292499993990089555e-06,0.000000000000000000e+00
2.292999993975948589e-06,-2.000000029802322388e-01
2.293499993961807623e-06,0.000000000000000000e+00
2.293999993947666657e-06,0.000000000000000000e+00
2.294499993933525692e-06,0.000000000000000000e+00
2.294999993919384726e-06,0.000000000000000000e+00
2.295499993905243760e-06,0.000000000000000000e+00
2.295999993891102794e-06,0.000000000000000000e+00
2.296499993876961829e-06,0.000000000000000000e+00
2.296999993862820863e-06,0.000000000000000000e+00
2.297499993848679897e-06,0.000000000000000000e+00
2.297999993834538932e-06,0.000000000000000000e+00
2.298499993820397966e-06,0.000000000000000000e+00
2.298999993806257000e-06,0.000000000000000000e+00
2.299499993792116034e-06,0.000000000000000000e+00
2.299999993777975069e-06,0.000000000000000000e+00
2.300499993763834103e-06,0.000000000000000000e+00
2.300999993749693137e-06,0.000000000000000000e+00
2.301499993735552171e-06,0.000000000000000000e+00
2.301999993721411206e-06,0.000000000000000000e+00
2.302499993707270240e-06,0.000000000000000000e+00
2.302999993693129274e-06,0.000000000000000000e+00
2.303499993678988309e-06,0.000000000000000000e+00
2.303999993664847343e-06,0.000000000000000000e+00
2.304499993650706377e-06,0.000000000000000000e+00
2.304999993636565411e-06,0.000000000000000000e+00
2.305499993622424446e-06,0.000000000000000000e+00
2.305999993608283480e-06,0.000000000000000000e+00
2.306499993594142514e-06,0.000000000000000000e+00
2.306999993580001548e-06,0.000000000000000000e+00
2.307499993565860583e-06,0.000000000000000000e+00
2.307999993551719617e-06,0.000000000000000000e+00
2.308499993537578651e-06,0.000000000000000000e+00
2.308999993523437685e-06,0.000000000000000000e+00
2.309499993509296720e-06,0.000000000000000000e+00
2.309999993495155754e-06,0.000000000000000000e+00
2.310499993481014788e-06,0.000000000000000000e+00
2.310999993466873823e-06,0.000000000000000000e+00
2.311499993452732857e-06,0.000000000000000000e+00
2.311999993438591891e-06,0.000000000000000000e+00
2.312499993424450925e-06,0.000000000000000000e+00
2.312999993410309960e-06,0.000000000000000000e+00
2.313499993396168994e-06,0.000000000000000000e+00
2.313999993382028028e-06,0.000000000000000000e+00
2.314499993367887062e-06,0.000000000000000000e+00
2.314999993353746097e-06,0.000000000000000000e+00
2.315499993339605131e-06,0.000000000000000000e+00
2.315999993325464165e-06,0.000000000000000000e+00
2.316499993311323199e-06,0.000000000000000000e+00
2.316999993297182234e-06,0.000000000000000000e+00
2.317499993283041268e-06,0.000000000000000000e+00
2.317999993268900302e-06,0.000000000000000000e+00
2.318499993254759337e-06,0.000000000000000000e+00
2.318999993240618371e-06,0.000000000000000000e+00
2.319499993226477405e-06,0.000000000000000000e+00
2.319999993212336439e-06,0.000000000000000000e+00
2.320499993198195474e-06,0.000000000000000000e+00
2.320999993184054508e-06,0.000000000000000000e+00
2.321499993169913542e-06,0.000000000000000000e+00
2.321999993155772576e-06,0.000000000000000000e+00
2.322499993141631611e-06,0.000000000000000000e+00
2.322999993127490645e-06,0.000000000000000000e+00
2.323499993113349679e-06,0.000000000000000000e+00
2.323999993099208714e-06,0.000000000000000000e+00
2.324499993085067748e-06,0.000000000000000000e+00
2.324999993070926782e-06,0.000000000000000000e+00
2.325499993056785816e-06,0.000000000000000000e+00
2.325999993042644851e-06,0.000000000000000000e+00
2.326499993028503885e-06,0.000000000000000000e+00
2.326999993014362919e-06,0.000000000000000000e+00
2.327499993000221953e-06,0.000000000000000000e+00
2.327999992986080988e-06,0.000000000000000000e+00
2.328499992971940022e-06,0.000000000000000000e+00
2.328999992957799056e-06,0.000000000000000000e+00
2.329499992943658090e-06,0.000000000000000000e+00
2.329999992929517125e-06,0.000000000000000000e+00
2.330499992915376159e-06,0.000000000000000000e+00
2.330999992901235193e-06,0.000000000000000000e+00
2.331499992887094228e-06,0.000000000000000000e+00
2.331999992872953262e-06,0.000000000000000000e+00
2.332499992858812296e-06,0.000000000000000000e+00
2.332999992844671330e-06,0.000000000000000000e+00
2.333499992830530365e-06,0.000000000000000000e+00
2.333999992816389399e-06,0.000000000000000000e+00
2.334499992802248433e-06,0.000000000000000000e+00
2.334999992788107467e-06,-2.000000029802322388e-01
2.335499992773966502e-06,-2.000000029802322388e-01
2.335999992759825536e-06,0.000000000000000000e+00
2.336499992745684570e-06,0.000000000000000000e+00
2.336999992731543604e-06,0.000000000000000000e+00
2.337499992717402639e-06,0.000000000000000000e+00
2.337999992703261673e-06,0.000000000000000000e+00
2.338499992689120707e-06,0.000000000000000000e+00
2.338999992674979742e-06,0.000000000000000000e+00
2.339499992660838776e-06,0.000000000000000000e+00
2.339999992646697810e-06,0.000000000000000000e+00
2.340499992632556844e-06,0.000000000000000000e+00
2.340999992618415879e-06,0.000000000000000000e+00
2.341499992604274913e-06,0.000000000000000000e+00
2.341999992590133947e-06,0.000000000000000000e+00
2.342499992575992981e-06,0.000000000000000000e+00
2.342999992561852016e-06,0.000000000000000000e+00
2.343499992547711050e-06,0.000000000000000000e+00
2.343999992533570084e-06,0.000000000000000000e+00
2.344499992519429119e-06,0.000000000000000000e+00
2.344999992505288153e-06,0.000000000000000000e+00
2.345499992491147187e-06,0.000000000000000000e+00
2.345999992477006221e-06,0.000000000000000000e+00
2.346499992462865256e-06,0.000000000000000000e+00
2.346999992448724290e-06,0.000000000000000000e+00
2.347499992434583324e-06,0.000000000000000000e+00
2.347999992420442358e-06,0.000000000000000000e+00
2.348499992406301393e-06,0.000000000000000000e+00
2.348999992392160427e-06,0.000000000000000000e+00
2.349499992378019461e-06,0.000000000000000000e+00
2.349999992363878495e-06,0.000000000000000000e+00
2.350499992349737530e-06,0.000000000000000000e+00
2.350999992335596564e-06,0.000000000000000000e+00
2.351499992321455598e-06,0.000000000000000000e+00
2.351999992307314633e-06,0.000000000000000000e+00
2.352499992293173667e-06,0.000000000000000000e+00
2.352999992279032701e-06,0.000000000000000000e+00
2.353499992264891735e-06,0.000000000000000000e+00
2.353999992250750770e-06,0.000000000000000000e+00
2.354499992236609804e-06,0.000000000000000000e+00
2.354999992222468838e-06,0.000000000000000000e+00
2.355499992208327872e-06,0.000000000000000000e+00
2.355999992194186907e-06,0.000000000000000000e+00
2.356499992180045941e-06,0.000000000000000000e+00
2.356999992165904975e-06,0.000000000000000000e+00
2.357499992151764009e-06,0.000000000000000000e+00
2.357999992137623044e-06,0.000000000000000000e+00
2.358499992123482078e-06,0.000000000000000000e+00
2.358999992109341112e-06,0.000000000000000000e+00
2.359499992095200147e-06,0.000000000000000000e+00
2.359999992081059181e-06,0.000000000000000000e+00
2.360499992066918215e-06,0.000000000000000000e+00
2.360999992052777249e-06,0.000000000000000000e+00
2.361499992038636284e-06,0.000000000000000000e+00
2.361999992024495318e-06,0.000000000000000000e+00
2.362499992010354352e-06,0.000000000000000000e+00
2.362999991996213386e-06,0.000000000000000000e+00
2.363499991982072421e-06,0.000000000000000000e+00
2.363999991967931455e-06,0.000000000000000000e+00
2.364499991953790489e-06,0.000000000000000000e+00
2.364999991939649524e-06,0.000000000000000000e+00
2.365499991925508558e-06,0.000000000000000000e+00
2.365999991911367592e-06,0.000000000000000000e+00
2.366499991897226626e-06,0.000000000000000000e+00
2.366999991883085661e-06,0.000000000000000000e+00
2.367499991868944695e-06,0.000000000000000000e+00
2.367999991854803729e-06,0.000000000000000000e+00
2.368499991840662763e-06,0.000000000000000000e+00
2.368999991826521798e-06,0.000000000000000000e+00
2.369499991812380832e-06,0.000000000000000000e+00
2.369999991798239866e-06,0.000000000000000000e+00
2.370499991784098900e-06,0.000000000000000000e+00
2.370999991769957935e-06,0.000000000000000000e+00
2.371499991755816969e-06,0.000000000000000000e+00
2.371999991741676003e-06,0.000000000000000000e+00
2.372499991727535038e-06,0.000000000000000000e+00
2.372999991713394072e-06,0.000000000000000000e+00
2.373499991699253106e-06,0.000000000000000000e+00
2.373999991685112140e-06,0.000000000000000000e+00
2.374499991670971175e-06,0.000000000000000000e+00
2.374999991656830209e-06,0.000000000000000000e+00
2.375499991642689243e-06,0.000000000000000000e+00
2.375999991628548277e-06,0.000000000000000000e+00
2.376499991614407312e-06,0.000000000000000000e+00
2.376999991600266346e-06,0.000000000000000000e+00
2.377499991586125380e-06,0.000000000000000000e+00
2.377999991571984414e-06,0.000000000000000000e+00
2.378499991557843449e-06,0.000000000000000000e+00
2.378999991543702483e-06,0.000000000000000000e+00
2.379499991529561517e-06,0.000000000000000000e+00
2.379999991515420552e-06,0.000000000000000000e+00
2.380499991501279586e-06,0.000000000000000000e+00
2.380999991487138620e-06,0.000000000000000000e+00
2.381499991472997654e-06,0.000000000000000000e+00
2.381999991458856689e-06,0.000000000000000000e+00
2.382499991444715723e-06,-2.000000029802322388e-01
2.382999991430574757e-06,0.000000000000000000e+00
2.383499991416433791e-06,0.000000000000000000e+00
2.383999991402292826e-06,0.000000000000000000e+00
2.384499991388151860e-06,0.000000000000000000e+00
2.384999991374010894e-06,-2.000000029802322388e-01
2.385499991359869929e-06,0.000000000000000000e+00
2.385999991345728963e-06,0.000000000000000000e+00
2.386499991331587997e-06,0.000000000000000000e+00
2.386999991317447031e-06,0.000000000000000000e+00
2.387499991303306066e-06,0.000000000000000000e+00
2.387999991289165100e-06,0.000000000000000000e+00
2.388499991275024134e-06,0.000000000000000000e+00
2.388999991260883168e-06,0.000000000000000000e+00
2.389499991246742203e-06,0.000000000000000000e+00
2.389999991232601237e-06,0.000000000000000000e+00
2.390499991218460271e-06,0.000000000000000000e+00
2.390999991204319305e-06,0.000000000000000000e+00
2.391499991190178340e-06,0.000000000000000000e+00
2.391999991176037374e-06,0.000000000000000000e+00
2.392499991161896408e-06,0.000000000000000000e+00
2.392999991147755443e-06,0.000000000000000000e+00
2.393499991133614477e-06,0.000000000000000000e+00
2.393999991119473511e-06,0.000000000000000000e+00
2.394499991105332545e-06,0.000000000000000000e+00
2.394999991091191580e-06,0.000000000000000000e+00
2.395499991077050614e-06,0.000000000000000000e+00
2.395999991062909648e-06,0.000000000000000000e+00
2.396499991048768682e-06,0.000000000000000000e+00
2.396999991034627717e-06,0.000000000000000000e+00
2.397499991020486751e-06,0.000000000000000000e+00
2.397999991006345785e-06,0.000000000000000000e+00
2.398499990992204819e-06,0.000000000000000000e+00
2.398999990978063854e-06,0.000000000000000000e+00
2.399499990963922888e-06,0.000000000000000000e+00
2.399999990949781922e-06,0.000000000000000000e+00
2.400499990935640957e-06,0.000000000000000000e+00
2.400999990921499991e-06,0.000000000000000000e+00
2.401499990907359025e-06,0.000000000000000000e+00
2.401999990893218059e-06,0.000000000000000000e+00
2.402499990879077094e-06,0.000000000000000000e+00
2.402999990864936128e-06,0.000000000000000000e+00
2.403499990850795162e-06,0.000000000000000000e+00
2.403999990836654196e-06,-2.000000029802322388e-01
2.404499990822513231e-06,0.000000000000000000e+00
2.404999990808372265e-06,-2.000000029802322388e-01
2.405499990794231299e-06,0.000000000000000000e+00
2.405999990780090334e-06,0.000000000000000000e+00
2.406499990765949368e-06,0.000000000000000000e+00
2.406999990751808402e-06,0.000000000000000000e+00
2.407499990737667436e-06,0.000000000000000000e+00
2.407999990723526471e-06,0.000000000000000000e+00
2.408499990709385505e-06,0.000000000000000000e+00
2.408999990695244539e-06,0.000000000000000000e+00
2.409499990681103573e-06,0.000000000000000000e+00
2.409999990666962608e-06,0.000000000000000000e+00
2.410499990652821642e-06,0.000000000000000000e+00
2.410999990638680676e-06,0.000000000000000000e+00
2.411499990624539710e-06,0.000000000000000000e+00
2.411999990610398745e-06,0.000000000000000000e+00
2.412499990596257779e-06,0.000000000000000000e+00
2.412999990582116813e-06,0.000000000000000000e+00
2.413499990567975848e-06,0.000000000000000000e+00
2.413999990553834882e-06,0.000000000000000000e+00
2.414499990539693916e-06,0.000000000000000000e+00
2.414999990525552950e-06,-2.000000029802322388e-01
2.415499990511411985e-06,0.000000000000000000e+00
2.415999990497271019e-06,0.000000000000000000e+00
2.416499990483130053e-06,0.000000000000000000e+00
2.416999990468989087e-06,0.000000000000000000e+00
2.417499990454848122e-06,0.000000000000000000e+00
2.417999990440707156e-06,0.000000000000000000e+00
2.418499990426566190e-06,0.000000000000000000e+00
2.418999990412425224e-06,0.000000000000000000e+00
2.419499990398284259e-06,0.000000000000000000e+00
2.419999990384143293e-06,0.000000000000000000e+00
2.420499990370002327e-06,0.000000000000000000e+00
2.420999990355861362e-06,0.000000000000000000e+00
2.421499990341720396e-06,0.000000000000000000e+00
2.421999990327579430e-06,0.000000000000000000e+00
2.422499990313438464e-06,0.000000000000000000e+00
2.422999990299297499e-06,0.000000000000000000e+00
2.423499990285156533e-06,0.000000000000000000e+00
2.423999990271015567e-06,0.000000000000000000e+00
2.424499990256874601e-06,0.000000000000000000e+00
2.424999990242733636e-06,0.000000000000000000e+00
2.425499990228592670e-06,0.000000000000000000e+00
2.425999990214451704e-06,0.000000000000000000e+00
2.426499990200310739e-06,0.000000000000000000e+00
2.426999990186169773e-06,0.000000000000000000e+00
2.427499990172028807e-06,0.000000000000000000e+00
2.427999990157887841e-06,0.000000000000000000e+00
2.428499990143746876e-06,0.000000000000000000e+00
2.428999990129605910e-06,0.000000000000000000e+00
2.429499990115464944e-06,0.000000000000000000e+00
2.429999990101323978e-06,0.000000000000000000e+00
2.430499990087183013e-06,0.000000000000000000e+00
2.430999990073042047e-06,0.000000000000000000e+00
2.431499990058901081e-06,0.000000000000000000e+00
2.431999990044760115e-06,0.000000000000000000e+00
2.432499990030619150e-06,0.000000000000000000e+00
2.432999990016478184e-06,0.000000000000000000e+00
2.433499990002337218e-06,0.000000000000000000e+00
2.433999989988196253e-06,0.000000000000000000e+00
2.434499989974055287e-06,0.000000000000000000e+00
2.434999989959914321e-06,0.000000000000000000e+00
2.435499989945773355e-06,0.000000000000000000e+00
2.435999989931632390e-06,0.000000000000000000e+00
2.436499989917491424e-06,0.000000000000000000e+00
2.436999989903350458e-06,0.000000000000000000e+00
2.437499989889209492e-06,0.000000000000000000e+00
2.437999989875068527e-06,0.000000000000000000e+00
2.438499989860927561e-06,0.000000000000000000e+00
2.438999989846786595e-06,0.000000000000000000e+00
2.439499989832645629e-06,0.000000000000000000e+00
2.439999989818504664e-06,0.000000000000000000e+00
2.440499989804363698e-06,0.000000000000000000e+00
2.440999989790222732e-06,0.000000000000000000e+00
2.441499989776081767e-06,0.000000000000000000e+00
2.441999989761940801e-06,-2.000000029802322388e-01
2.442499989747799835e-06,0.000000000000000000e+00
2.442999989733658869e-06,0.000000000000000000e+00
2.443499989719517904e-06,0.000000000000000000e+00
2.443999989705376938e-06,0.000000000000000000e+00
2.444499989691235972e-06,0.000000000000000000e+00
2.444999989677095006e-06,0.000000000000000000e+00
2.445499989662954041e-06,0.000000000000000000e+00
2.445999989648813075e-06,0.000000000000000000e+00
2.446499989634672109e-06,0.000000000000000000e+00
2.446999989620531144e-06,0.000000000000000000e+00
2.447499989606390178e-06,0.000000000000000000e+00
2.447999989592249212e-06,0.000000000000000000e+00
2.448499989578108246e-06,0.000000000000000000e+00
2.448999989563967281e-06,0.000000000000000000e+00
2.449499989549826315e-06,0.000000000000000000e+00
2.449999989535685349e-06,0.000000000000000000e+00
2.450499989521544383e-06,0.000000000000000000e+00
2.450999989507403418e-06,0.000000000000000000e+00
2.451499989493262452e-06,0.000000000000000000e+00
2.451999989479121486e-06,0.000000000000000000e+00
2.452499989464980520e-06,0.000000000000000000e+00
2.452999989450839555e-06,0.000000000000000000e+00
2.453499989436698589e-06,0.000000000000000000e+00
2.453999989422557623e-06,-2.000000029802322388e-01
2.454499989408416658e-06,0.000000000000000000e+00
2.454999989394275692e-06,0.000000000000000000e+00
2.455499989380134726e-06,0.000000000000000000e+00
2.455999989365993760e-06,0.000000000000000000e+00
2.456499989351852795e-06,0.000000000000000000e+00
2.456999989337711829e-06,0.000000000000000000e+00
2.457499989323570863e-06,0.000000000000000000e+00
2.457999989309429897e-06,0.000000000000000000e+00
2.458499989295288932e-06,0.000000000000000000e+00
2.458999989281147966e-06,0.000000000000000000e+00
2.459499989267007000e-06,0.000000000000000000e+00
2.459999989252866034e-06,0.000000000000000000e+00
2.460499989238725069e-06,0.000000000000000000e+00
2.460999989224584103e-06,0.000000000000000000e+00
2.461499989210443137e-06,0.000000000000000000e+00
2.461999989196302172e-06,0.000000000000000000e+00
2.462499989182161206e-06,0.000000000000000000e+00
2.462999989168020240e-06,0.000000000000000000e+00
2.463499989153879274e-06,0.000000000000000000e+00
2.463999989139738309e-06,0.000000000000000000e+00
2.464499989125597343e-06,0.000000000000000000e+00
2.464999989111456377e-06,0.000000000000000000e+00
2.465499989097315411e-06,0.000000000000000000e+00
2.465999989083174446e-06,0.000000000000000000e+00
2.466499989069033480e-06,0.000000000000000000e+00
2.466999989054892514e-06,0.000000000000000000e+00
2.467499989040751549e-06,0.000000000000000000e+00
2.467999989026610583e-06,0.000000000000000000e+00
2.468499989012469617e-06,0.000000000000000000e+00
2.468999988998328651e-06,0.000000000000000000e+00
2.469499988984187686e-06,0.000000000000000000e+00
2.469999988970046720e-06,0.000000000000000000e+00
2.470499988955905754e-06,0.000000000000000000e+00
2.470999988941764788e-06,-2.000000029802322388e-01
2.471499988927623823e-06,0.000000000000000000e+00
2.471999988913482857e-06,0.000000000000000000e+00
2.472499988899341891e-06,0.000000000000000000e+00
2.472999988885200925e-06,-2.000000029802322388e-01
2.473499988871059960e-06,0.000000000000000000e+00
2.473999988856918994e-06,0.000000000000000000e+00
2.474499988842778028e-06,0.000000000000000000e+00
2.474999988828637063e-06,0.000000000000000000e+00
2.475499988814496097e-06,0.000000000000000000e+00
2.475999988800355131e-06,-2.000000029802322388e-01
2.476499988786214165e-06,-4.000000059604644775e-01
2.476999988772073200e-06,-1.600000023841857910e+00
2.477499988757932234e-06,-3.400000050663948059e+00
2.477999988743791268e-06,-4.800000071525573730e+00
2.478499988729650302e-06,-5.400000080466270447e+00
2.478999988715509337e-06,-5.400000080466270447e+00
2.479499988701368371e-06,-5.200000077486038208e+00
2.479999988687227405e-06,-4.800000071525573730e+00
2.480499988673086439e-06,-4.800000071525573730e+00
2.480999988658945474e-06,-4.800000071525573730e+00
2.481499988644804508e-06,-4.600000068545341492e+00
2.481999988630663542e-06,-4.400000065565109253e+00
2.482499988616522577e-06,-4.400000065565109253e+00
2.482999988602381611e-06,-4.400000065565109253e+00
2.483499988588240645e-06,-4.200000062584877014e+00
2.483999988574099679e-06,-4.200000062584877014e+00
2.484499988559958714e-06,-4.000000059604644775e+00
2.484999988545817748e-06,-4.000000059604644775e+00
2.485499988531676782e-06,-3.800000056624412537e+00
2.485999988517535816e-06,-3.600000053644180298e+00
2.486499988503394851e-06,-3.600000053644180298e+00
2.486999988489253885e-06,-3.400000050663948059e+00
2.487499988475112919e-06,-3.200000047683715820e+00
2.487999988460971954e-06,-3.000000044703483582e+00
2.488499988446830988e-06,-2.800000041723251343e+00
2.488999988432690022e-06,-2.800000041723251343e+00
2.489499988418549056e-06,-2.600000038743019104e+00
2.489999988404408091e-06,-2.400000035762786865e+00
2.490499988390267125e-06,-2.200000032782554626e+00
2.490999988376126159e-06,-2.200000032782554626e+00
2.491499988361985193e-06,-2.000000029802322388e+00
2.491999988347844228e-06,-1.800000026822090149e+00
2.492499988333703262e-06,-1.800000026822090149e+00
2.492999988319562296e-06,-1.600000023841857910e+00
2.493499988305421330e-06,-1.400000020861625671e+00
2.493999988291280365e-06,-1.200000017881393433e+00
2.494499988277139399e-06,-1.000000014901161194e+00
2.494999988262998433e-06,-8.000000119209289551e-01
2.495499988248857468e-06,-8.000000119209289551e-01
2.495999988234716502e-06,-6.000000089406967163e-01
2.496499988220575536e-06,-4.000000059604644775e-01
2.496999988206434570e-06,-2.000000029802322388e-01
2.497499988192293605e-06,0.000000000000000000e+00
2.497999988178152639e-06,2.000000029802322388e-01
2.498499988164011673e-06,4.000000059604644775e-01
2.498999988149870707e-06,4.000000059604644775e-01
2.499499988135729742e-06,6.000000089406967163e-01
2.499999988121588776e-06,8.000000119209289551e-01
2.500499988107447810e-06,1.000000014901161194e+00
2.500999988093306844e-06,1.000000014901161194e+00
2.501499988079165879e-06,1.200000017881393433e+00
2.501999988065024913e-06,1.400000020861625671e+00
2.502499988050883947e-06,1.600000023841857910e+00
2.502999988036742982e-06,1.600000023841857910e+00
2.503499988022602016e-06,1.800000026822090149e+00
2.503999988008461050e-06,2.000000029802322388e+00
2.504499987994320084e-06,2.200000032782554626e+00
2.504999987980179119e-06,2.200000032782554626e+00
2.505499987966038153e-06,2.400000035762786865e+00
2.505999987951897187e-06,2.600000038743019104e+00
2.506499987937756221e-06,2.800000041723251343e+00
2.506999987923615256e-06,2.800000041723251343e+00
2.507499987909474290e-06,3.000000044703483582e+00
2.507999987895333324e-06,3.000000044703483582e+00
2.508499987881192359e-06,3.200000047683715820e+00
2.508999987867051393e-06,3.400000050663948059e+00
2.509499987852910427e-06,3.400000050663948059e+00
2.509999987838769461e-06,3.400000050663948059e+00
2.510499987824628496e-06,3.600000053644180298e+00
2.510999987810487530e-06,3.800000056624412537e+00
2.511499987796346564e-06,3.800000056624412537e+00
2.511999987782205598e-06,4.000000059604644775e+00
2.512499987768064633e-06,4.000000059604644775e+00
2.512999987753923667e-06,4.200000062584877014e+00
2.513499987739782701e-06,4.200000062584877014e+00
2.513999987725641735e-06,4.200000062584877014e+00
2.514499987711500770e-06,4.200000062584877014e+00
2.514999987697359804e-06,4.400000065565109253e+00
2.515499987683218838e-06,4.400000065565109253e+00
2.515999987669077873e-06,4.400000065565109253e+00
2.516499987654936907e-06,4.600000068545341492e+00
2.516999987640795941e-06,4.600000068545341492e+00
2.517499987626654975e-06,4.600000068545341492e+00
2.517999987612514010e-06,4.600000068545341492e+00
2.518499987598373044e-06,4.800000071525573730e+00
2.518999987584232078e-06,4.800000071525573730e+00
2.519499987570091112e-06,4.800000071525573730e+00
2.519999987555950147e-06,4.800000071525573730e+00
2.520499987541809181e-06,4.800000071525573730e+00
2.520999987527668215e-06,4.800000071525573730e+00
2.521499987513527249e-06,4.800000071525573730e+00
2.521999987499386284e-06,4.800000071525573730e+00
2.522499987485245318e-06,4.800000071525573730e+00
2.522999987471104352e-06,4.800000071525573730e+00
2.523499987456963387e-06,4.800000071525573730e+00
2.523999987442822421e-06,4.800000071525573730e+00
2.524499987428681455e-06,4.800000071525573730e+00
2.524999987414540489e-06,4.800000071525573730e+00
2.525499987400399524e-06,4.800000071525573730e+00
2.525999987386258558e-06,4.600000068545341492e+00
2.526499987372117592e-06,4.600000068545341492e+00
2.526999987357976626e-06,4.600000068545341492e+00
2.527499987343835661e-06,4.600000068545341492e+00
2.527999987329694695e-06,4.400000065565109253e+00
2.528499987315553729e-06,4.400000065565109253e+00
2.528999987301412764e-06,4.400000065565109253e+00
2.529499987287271798e-06,4.200000062584877014e+00
2.529999987273130832e-06,4.200000062584877014e+00
2.530499987258989866e-06,4.200000062584877014e+00
2.530999987244848901e-06,4.000000059604644775e+00
2.531499987230707935e-06,4.000000059604644775e+00
2.531999987216566969e-06,3.800000056624412537e+00
2.532499987202426003e-06,3.800000056624412537e+00
2.532999987188285038e-06,3.600000053644180298e+00
2.533499987174144072e-06,3.600000053644180298e+00
2.533999987160003106e-06,3.600000053644180298e+00
2.534499987145862140e-06,3.400000050663948059e+00
2.534999987131721175e-06,3.200000047683715820e+00
2.535499987117580209e-06,3.200000047683715820e+00
2.535999987103439243e-06,3.000000044703483582e+00
2.536499987089298278e-06,2.800000041723251343e+00
2.536999987075157312e-06,2.800000041723251343e+00
2.537499987061016346e-06,2.600000038743019104e+00
2.537999987046875380e-06,2.400000035762786865e+00
2.538499987032734415e-06,2.400000035762786865e+00
2.538999987018593449e-06,2.200000032782554626e+00
2.539499987004452483e-06,2.000000029802322388e+00
2.539999986990311517e-06,1.800000026822090149e+00
2.540499986976170552e-06,1.800000026822090149e+00
2.540999986962029586e-06,1.600000023841857910e+00
2.541499986947888620e-06,1.400000020861625671e+00
2.541999986933747654e-06,1.400000020861625671e+00
2.542499986919606689e-06,1.200000017881393433e+00
2.542999986905465723e-06,1.000000014901161194e+00
2.543499986891324757e-06,8.000000119209289551e-01
2.543999986877183792e-06,8.000000119209289551e-01
2.544499986863042826e-06,6.000000089406967163e-01
2.544999986848901860e-06,4.000000059604644775e-01
2.545499986834760894e-06,2.000000029802322388e-01
2.545999986820619929e-06,0.000000000000000000e+00
2.546499986806478963e-06,0.000000000000000000e+00
2.546999986792337997e-06,-2.000000029802322388e-01
2.547499986778197031e-06,-4.000000059604644775e-01
2.547999986764056066e-06,-6.000000089406967163e-01
2.548499986749915100e-06,-8.000000119209289551e-01
2.548999986735774134e-06,-8.000000119209289551e-01
2.549499986721633169e-06,-1.000000014901161194e+00
2.549999986707492203e-06,-1.200000017881393433e+00
2.550499986693351237e-06,-1.400000020861625671e+00
2.550999986679210271e-06,-1.400000020861625671e+00
2.551499986665069306e-06,-1.600000023841857910e+00
2.551999986650928340e-06,-1.800000026822090149e+00
2.552499986636787374e-06,-2.000000029802322388e+00
2.552999986622646408e-06,-2.200000032782554626e+00
2.553499986608505443e-06,-2.200000032782554626e+00
2.553999986594364477e-06,-2.400000035762786865e+00
2.554499986580223511e-06,-2.600000038743019104e+00
2.554999986566082545e-06,-2.600000038743019104e+00
2.555499986551941580e-06,-2.800000041723251343e+00
2.555999986537800614e-06,-3.000000044703483582e+00
2.556499986523659648e-06,-3.000000044703483582e+00
2.556999986509518683e-06,-3.200000047683715820e+00
2.557499986495377717e-06,-3.400000050663948059e+00
2.557999986481236751e-06,-3.600000053644180298e+00
2.558499986467095785e-06,-3.600000053644180298e+00
2.558999986452954820e-06,-3.800000056624412537e+00
2.559499986438813854e-06,-3.800000056624412537e+00
2.559999986424672888e-06,-4.000000059604644775e+00
2.560499986410531922e-06,-4.000000059604644775e+00
2.560999986396390957e-06,-4.200000062584877014e+00
2.561499986382249991e-06,-4.200000062584877014e+00
2.561999986368109025e-06,-4.200000062584877014e+00
2.562499986353968059e-06,-4.400000065565109253e+00
2.562999986339827094e-06,-4.400000065565109253e+00
2.563499986325686128e-06,-4.600000068545341492e+00
2.563999986311545162e-06,-4.600000068545341492e+00
2.564499986297404197e-06,-4.600000068545341492e+00
2.564999986283263231e-06,-4.800000071525573730e+00
2.565499986269122265e-06,-4.800000071525573730e+00
2.565999986254981299e-06,-4.800000071525573730e+00
2.566499986240840334e-06,-5.000000074505805969e+00
2.566999986226699368e-06,-5.000000074505805969e+00
2.567499986212558402e-06,-5.000000074505805969e+00
2.567999986198417436e-06,-5.200000077486038208e+00
2.568499986184276471e-06,-5.200000077486038208e+00
2.568999986170135505e-06,-5.200000077486038208e+00
2.569499986155994539e-06,-5.200000077486038208e+00
2.569999986141853574e-06,-5.200000077486038208e+00
2.570499986127712608e-06,-5.200000077486038208e+00
2.570999986113571642e-06,-5.200000077486038208e+00
2.571499986099430676e-06,-5.200000077486038208e+00
2.571999986085289711e-06,-5.200000077486038208e+00
2.572499986071148745e-06,-5.200000077486038208e+00
2.572999986057007779e-06,-5.200000077486038208e+00
2.573499986042866813e-06,-5.200000077486038208e+00
2.573999986028725848e-06,-5.200000077486038208e+00
2.574499986014584882e-06,-5.200000077486038208e+00
2.574999986000443916e-06,-5.200000077486038208e+00
2.575499985986302950e-06,-5.200000077486038208e+00
2.575999985972161985e-06,-5.000000074505805969e+00
2.576499985958021019e-06,-5.000000074505805969e+00
2.576999985943880053e-06,-5.000000074505805969e+00
2.577499985929739088e-06,-4.800000071525573730e+00
2.577999985915598122e-06,-4.800000071525573730e+00
2.578499985901457156e-06,-4.800000071525573730e+00
2.578999985887316190e-06,-4.600000068545341492e+00
2.579499985873175225e-06,-4.600000068545341492e+00
2.579999985859034259e-06,-4.600000068545341492e+00
2.580499985844893293e-06,-4.400000065565109253e+00
2.580999985830752327e-06,-4.400000065565109253e+00
2.581499985816611362e-06,-4.200000062584877014e+00
2.581999985802470396e-06,-4.200000062584877014e+00
2.582499985788329430e-06,-4.200000062584877014e+00
2.582999985774188464e-06,-4.000000059604644775e+00
2.583499985760047499e-06,-4.000000059604644775e+00
2.583999985745906533e-06,-3.800000056624412537e+00
2.584499985731765567e-06,-3.600000053644180298e+00
2.584999985717624602e-06,-3.600000053644180298e+00
2.585499985703483636e-06,-3.400000050663948059e+00
2.585999985689342670e-06,-3.400000050663948059e+00
2.586499985675201704e-06,-3.200000047683715820e+00
2.586999985661060739e-06,-3.200000047683715820e+00
2.587499985646919773e-06,-3.000000044703483582e+00
2.587999985632778807e-06,-2.800000041723251343e+00
2.588499985618637841e-06,-2.600000038743019104e+00
2.588999985604496876e-06,-2.600000038743019104e+00
2.589499985590355910e-06,-2.400000035762786865e+00
2.589999985576214944e-06,-2.200000032782554626e+00
2.590499985562073979e-06,-2.000000029802322388e+00
2.590999985547933013e-06,-2.000000029802322388e+00
2.591499985533792047e-06,-1.800000026822090149e+00
2.591999985519651081e-06,-1.600000023841857910e+00
2.592499985505510116e-06,-1.600000023841857910e+00
2.592999985491369150e-06,-1.400000020861625671e+00
2.593499985477228184e-06,-1.200000017881393433e+00
2.593999985463087218e-06,-1.000000014901161194e+00
2.594499985448946253e-06,-1.000000014901161194e+00
2.594999985434805287e-06,-8.000000119209289551e-01
2.595499985420664321e-06,-6.000000089406967163e-01
2.595999985406523355e-06,-4.000000059604644775e-01
2.596499985392382390e-06,-2.000000029802322388e-01
2.596999985378241424e-06,0.000000000000000000e+00
2.597499985364100458e-06,2.000000029802322388e-01
2.597999985349959493e-06,2.000000029802322388e-01
2.598499985335818527e-06,4.000000059604644775e-01
2.598999985321677561e-06,6.000000089406967163e-01
2.599499985307536595e-06,8.000000119209289551e-01
2.599999985293395630e-06,1.000000014901161194e+00
2.600499985279254664e-06,1.000000014901161194e+00
2.600999985265113698e-06,1.200000017881393433e+00
2.601499985250972732e-06,1.400000020861625671e+00
2.601999985236831767e-06,1.400000020861625671e+00
2.602499985222690801e-06,1.800000026822090149e+00
2.602999985208549835e-06,1.800000026822090149e+00
2.603499985194408869e-06,2.000000029802322388e+00
2.603999985180267904e-06,2.200000032782554626e+00
2.604499985166126938e-06,2.200000032782554626e+00
2.604999985151985972e-06,2.400000035762786865e+00
2.605499985137845007e-06,2.600000038743019104e+00
2.605999985123704041e-06,2.600000038743019104e+00
2.606499985109563075e-06,2.800000041723251343e+00
2.606999985095422109e-06,2.600000038743019104e+00
2.607499985081281144e-06,2.000000029802322388e+00
2.607999985067140178e-06,1.200000017881393433e+00
2.608499985052999212e-06,8.000000119209289551e-01
2.608999985038858246e-06,8.000000119209289551e-01
2.609499985024717281e-06,8.000000119209289551e-01
2.609999985010576315e-06,8.000000119209289551e-01
2.610499984996435349e-06,8.000000119209289551e-01
2.610999984982294384e-06,8.000000119209289551e-01
2.611499984968153418e-06,8.000000119209289551e-01
2.611999984954012452e-06,8.000000119209289551e-01
2.612499984939871486e-06,8.000000119209289551e-01
2.612999984925730521e-06,8.000000119209289551e-01
2.613499984911589555e-06,8.000000119209289551e-01
2.613999984897448589e-06,8.000000119209289551e-01
2.614499984883307623e-06,8.000000119209289551e-01
2.614999984869166658e-06,6.000000089406967163e-01
2.615499984855025692e-06,8.000000119209289551e-01
2.615999984840884726e-06,8.000000119209289551e-01
2.616499984826743760e-06,8.000000119209289551e-01
2.616999984812602795e-06,8.000000119209289551e-01
2.617499984798461829e-06,6.000000089406967163e-01
2.617999984784320863e-06,8.000000119209289551e-01
2.618499984770179898e-06,8.000000119209289551e-01
2.618999984756038932e-06,6.000000089406967163e-01
2.619499984741897966e-06,6.000000089406967163e-01
2.619999984727757000e-06,6.000000089406967163e-01
2.620499984713616035e-06,6.000000089406967163e-01
2.620999984699475069e-06,6.000000089406967163e-01
2.621499984685334103e-06,6.000000089406967163e-01
2.621999984671193137e-06,6.000000089406967163e-01
2.622499984657052172e-06,6.000000089406967163e-01
2.622999984642911206e-06,6.000000089406967163e-01
2.623499984628770240e-06,6.000000089406967163e-01
2.623999984614629274e-06,6.000000089406967163e-01
2.624499984600488309e-06,8.000000119209289551e-01
2.624999984586347343e-06,6.000000089406967163e-01
2.625499984572206377e-06,6.000000089406967163e-01
2.625999984558065412e-06,6.000000089406967163e-01
2.626499984543924446e-06,6.000000089406967163e-01
2.626999984529783480e-06,6.000000089406967163e-01
2.627499984515642514e-06,6.000000089406967163e-01
2.627999984501501549e-06,6.000000089406967163e-01
2.628499984487360583e-06,6.000000089406967163e-01
2.628999984473219617e-06,6.000000089406967163e-01
2.629499984459078651e-06,6.000000089406967163e-01
2.629999984444937686e-06,6.000000089406967163e-01
2.630499984430796720e-06,6.000000089406967163e-01
2.630999984416655754e-06,6.000000089406967163e-01
2.631499984402514789e-06,6.000000089406967163e-01
2.631999984388373823e-06,6.000000089406967163e-01
2.632499984374232857e-06,6.000000089406967163e-01
2.632999984360091891e-06,6.000000089406967163e-01
2.633499984345950926e-06,6.000000089406967163e-01
2.633999984331809960e-06,6.000000089406967163e-01
2.634499984317668994e-06,6.000000089406967163e-01
2.634999984303528028e-06,6.000000089406967163e-01
2.635499984289387063e-06,6.000000089406967163e-01
2.635999984275246097e-06,6.000000089406967163e-01
2.636499984261105131e-06,6.000000089406967163e-01
2.636999984246964165e-06,6.000000089406967163e-01
2.637499984232823200e-06,6.000000089406967163e-01
2.637999984218682234e-06,6.000000089406967163e-01
2.638499984204541268e-06,6.000000089406967163e-01
2.638999984190400303e-06,6.000000089406967163e-01
2.639499984176259337e-06,6.000000089406967163e-01
2.639999984162118371e-06,6.000000089406967163e-01
2.640499984147977405e-06,6.000000089406967163e-01
2.640999984133836440e-06,6.000000089406967163e-01
2.641499984119695474e-06,6.000000089406967163e-01
2.641999984105554508e-06,6.000000089406967163e-01
2.642499984091413542e-06,6.000000089406967163e-01
2.642999984077272577e-06,6.000000089406967163e-01
2.643499984063131611e-06,6.000000089406967163e-01
2.643999984048990645e-06,6.000000089406967163e-01
2.644499984034849679e-06,6.000000089406967163e-01
2.644999984020708714e-06,6.000000089406967163e-01
2.645499984006567748e-06,6.000000089406967163e-01
2.645999983992426782e-06,6.000000089406967163e-01
2.646499983978285817e-06,6.000000089406967163e-01
2.646999983964144851e-06,6.000000089406967163e-01
2.647499983950003885e-06,6.000000089406967163e-01
2.647999983935862919e-06,6.000000089406967163e-01
2.648499983921721954e-06,6.000000089406967163e-01
2.648999983907580988e-06,4.000000059604644775e-01
2.649499983893440022e-06,4.000000059604644775e-01
2.649999983879299056e-06,6.000000089406967163e-01
2.650499983865158091e-06,6.000000089406967163e-01
2.650999983851017125e-06,6.000000089406967163e-01
2.651499983836876159e-06,6.000000089406967163e-01
2.651999983822735194e-06,6.000000089406967163e-01
2.652499983808594228e-06,6.000000089406967163e-01
2.652999983794453262e-06,4.000000059604644775e-01
2.653499983780312296e-06,4.000000059604644775e-01
2.653999983766171331e-06,4.000000059604644775e-01
2.654499983752030365e-06,4.000000059604644775e-01
2.654999983737889399e-06,4.000000059604644775e-01
2.655499983723748433e-06,4.000000059604644775e-01
2.655999983709607468e-06,4.000000059604644775e-01
2.656499983695466502e-06,4.000000059604644775e-01
2.656999983681325536e-06,4.000000059604644775e-01
2.657499983667184570e-06,4.000000059604644775e-01
2.657999983653043605e-06,4.000000059604644775e-01
2.658499983638902639e-06,6.000000089406967163e-01
2.658999983624761673e-06,4.000000059604644775e-01
2.659499983610620708e-06,4.000000059604644775e-01
2.659999983596479742e-06,4.000000059604644775e-01
2.660499983582338776e-06,4.000000059604644775e-01
2.660999983568197810e-06,4.000000059604644775e-01
2.661499983554056845e-06,4.000000059604644775e-01
2.661999983539915879e-06,4.000000059604644775e-01
2.662499983525774913e-06,4.000000059604644775e-01
2.662999983511633947e-06,4.000000059604644775e-01
2.663499983497492982e-06,4.000000059604644775e-01
2.663999983483352016e-06,4.000000059604644775e-01
2.664499983469211050e-06,4.000000059604644775e-01
2.664999983455070084e-06,4.000000059604644775e-01
2.665499983440929119e-06,4.000000059604644775e-01
2.665999983426788153e-06,4.000000059604644775e-01
2.666499983412647187e-06,4.000000059604644775e-01
2.666999983398506222e-06,4.000000059604644775e-01
2.667499983384365256e-06,4.000000059604644775e-01
2.667999983370224290e-06,4.000000059604644775e-01
2.668499983356083324e-06,4.000000059604644775e-01
2.668999983341942359e-06,4.000000059604644775e-01
2.669499983327801393e-06,4.000000059604644775e-01
2.669999983313660427e-06,4.000000059604644775e-01
2.670499983299519461e-06,4.000000059604644775e-01
2.670999983285378496e-06,4.000000059604644775e-01
2.671499983271237530e-06,4.000000059604644775e-01
2.671999983257096564e-06,4.000000059604644775e-01
2.672499983242955598e-06,4.000000059604644775e-01
2.672999983228814633e-06,4.000000059604644775e-01
2.673499983214673667e-06,4.000000059604644775e-01
2.673999983200532701e-06,4.000000059604644775e-01
2.674499983186391736e-06,4.000000059604644775e-01
2.674999983172250770e-06,4.000000059604644775e-01
2.675499983158109804e-06,4.000000059604644775e-01
2.675999983143968838e-06,4.000000059604644775e-01
2.676499983129827873e-06,4.000000059604644775e-01
2.676999983115686907e-06,4.000000059604644775e-01
2.677499983101545941e-06,4.000000059604644775e-01
2.677999983087404975e-06,4.000000059604644775e-01
2.678499983073264010e-06,4.000000059604644775e-01
2.678999983059123044e-06,4.000000059604644775e-01
2.679499983044982078e-06,4.000000059604644775e-01
2.679999983030841113e-06,4.000000059604644775e-01
2.680499983016700147e-06,4.000000059604644775e-01
2.680999983002559181e-06,4.000000059604644775e-01
2.681499982988418215e-06,4.000000059604644775e-01
2.681999982974277250e-06,4.000000059604644775e-01
2.682499982960136284e-06,4.000000059604644775e-01
2.682999982945995318e-06,4.000000059604644775e-01
2.683499982931854352e-06,4.000000059604644775e-01
2.683999982917713387e-06,4.000000059604644775e-01
2.684499982903572421e-06,4.000000059604644775e-01
2.684999982889431455e-06,4.000000059604644775e-01
2.685499982875290489e-06,4.000000059604644775e-01
2.685999982861149524e-06,4.000000059604644775e-01
2.686499982847008558e-06,4.000000059604644775e-01
2.686999982832867592e-06,2.000000029802322388e-01
2.687499982818726627e-06,2.000000029802322388e-01
2.687999982804585661e-06,2.000000029802322388e-01
2.688499982790444695e-06,2.000000029802322388e-01
2.688999982776303729e-06,2.000000029802322388e-01
2.689499982762162764e-06,4.000000059604644775e-01
2.689999982748021798e-06,4.000000059604644775e-01
2.690499982733880832e-06,4.000000059604644775e-01
2.690999982719739866e-06,4.000000059604644775e-01
2.691499982705598901e-06,4.000000059604644775e-01
2.691999982691457935e-06,2.000000029802322388e-01
2.692499982677316969e-06,2.000000029802322388e-01
2.692999982663176003e-06,2.000000029802322388e-01
2.693499982649035038e-06,2.000000029802322388e-01
2.693999982634894072e-06,2.000000029802322388e-01
2.694499982620753106e-06,2.000000029802322388e-01
2.694999982606612141e-06,2.000000029802322388e-01
2.695499982592471175e-06,2.000000029802322388e-01
2.695999982578330209e-06,2.000000029802322388e-01
2.696499982564189243e-06,2.000000029802322388e-01
2.696999982550048278e-06,2.000000029802322388e-01
2.697499982535907312e-06,2.000000029802322388e-01
2.697999982521766346e-06,2.000000029802322388e-01
2.698499982507625380e-06,4.000000059604644775e-01
2.698999982493484415e-06,2.000000029802322388e-01
2.699499982479343449e-06,4.000000059604644775e-01
2.699999982465202483e-06,2.000000029802322388e-01
2.700499982451061518e-06,2.000000029802322388e-01
2.700999982436920552e-06,2.000000029802322388e-01
2.701499982422779586e-06,2.000000029802322388e-01
2.701999982408638620e-06,2.000000029802322388e-01
2.702499982394497655e-06,2.000000029802322388e-01
2.702999982380356689e-06,2.000000029802322388e-01
2.703499982366215723e-06,2.000000029802322388e-01
2.703999982352074757e-06,2.000000029802322388e-01
2.704499982337933792e-06,2.000000029802322388e-01
2.704999982323792826e-06,2.000000029802322388e-01
2.705499982309651860e-06,2.000000029802322388e-01
2.705999982295510894e-06,2.000000029802322388e-01
2.706499982281369929e-06,2.000000029802322388e-01
2.706999982267228963e-06,2.000000029802322388e-01
2.707499982253087997e-06,2.000000029802322388e-01
2.707999982238947032e-06,2.000000029802322388e-01
2.708499982224806066e-06,2.000000029802322388e-01
2.708999982210665100e-06,2.000000029802322388e-01
2.709499982196524134e-06,2.000000029802322388e-01
2.709999982182383169e-06,2.000000029802322388e-01
2.710499982168242203e-06,2.000000029802322388e-01
2.710999982154101237e-06,2.000000029802322388e-01
2.711499982139960271e-06,2.000000029802322388e-01
2.711999982125819306e-06,2.000000029802322388e-01
2.712499982111678340e-06,2.000000029802322388e-01
2.712999982097537374e-06,2.000000029802322388e-01
2.713499982083396408e-06,2.000000029802322388e-01
2.713999982069255443e-06,2.000000029802322388e-01
2.714499982055114477e-06,2.000000029802322388e-01
2.714999982040973511e-06,2.000000029802322388e-01
2.715499982026832546e-06,2.000000029802322388e-01
2.715999982012691580e-06,2.000000029802322388e-01
2.716499981998550614e-06,2.000000029802322388e-01
2.716999981984409648e-06,2.000000029802322388e-01
2.717499981970268683e-06,2.000000029802322388e-01
2.717999981956127717e-06,2.000000029802322388e-01
2.718499981941986751e-06,2.000000029802322388e-01
2.718999981927845785e-06,2.000000029802322388e-01
2.719499981913704820e-06,2.000000029802322388e-01
2.719999981899563854e-06,2.000000029802322388e-01
2.720499981885422888e-06,2.000000029802322388e-01
2.720999981871281923e-06,2.000000029802322388e-01
2.721499981857140957e-06,2.000000029802322388e-01
2.721999981842999991e-06,2.000000029802322388e-01
2.722499981828859025e-06,2.000000029802322388e-01
2.722999981814718060e-06,2.000000029802322388e-01
2.723499981800577094e-06,2.000000029802322388e-01
2.723999981786436128e-06,2.000000029802322388e-01
2.724499981772295162e-06,2.000000029802322388e-01
2.724999981758154197e-06,2.000000029802322388e-01
2.725499981744013231e-06,2.000000029802322388e-01
2.725999981729872265e-06,2.000000029802322388e-01
2.726499981715731299e-06,2.000000029802322388e-01
2.726999981701590334e-06,2.000000029802322388e-01
2.727499981687449368e-06,2.000000029802322388e-01
2.727999981673308402e-06,2.000000029802322388e-01
2.728499981659167437e-06,2.000000029802322388e-01
2.728999981645026471e-06,8.000000119209289551e-01
2.729499981630885505e-06,2.400000035762786865e+00
2.729999981616744539e-06,4.000000059604644775e+00
2.730499981602603574e-06,5.000000074505805969e+00
2.730999981588462608e-06,5.400000080466270447e+00
2.731499981574321642e-06,5.200000077486038208e+00
2.731999981560180676e-06,4.800000071525573730e+00
2.732499981546039711e-06,4.600000068545341492e+00
2.732999981531898745e-06,4.600000068545341492e+00
2.733499981517757779e-06,4.400000065565109253e+00
2.733999981503616813e-06,4.400000065565109253e+00
2.734499981489475848e-06,4.200000062584877014e+00
2.734999981475334882e-06,4.000000059604644775e+00
2.735499981461193916e-06,4.000000059604644775e+00
2.735999981447052951e-06,3.800000056624412537e+00
2.736499981432911985e-06,3.800000056624412537e+00
2.736999981418771019e-06,3.600000053644180298e+00
2.737499981404630053e-06,3.400000050663948059e+00
2.737999981390489088e-06,3.400000050663948059e+00
2.738499981376348122e-06,3.200000047683715820e+00
2.738999981362207156e-06,3.000000044703483582e+00
2.739499981348066190e-06,2.800000041723251343e+00
2.739999981333925225e-06,2.600000038743019104e+00
2.740499981319784259e-06,2.600000038743019104e+00
2.740999981305643293e-06,2.400000035762786865e+00
2.741499981291502328e-06,2.200000032782554626e+00
2.741999981277361362e-06,2.000000029802322388e+00
2.742499981263220396e-06,2.000000029802322388e+00
2.742999981249079430e-06,1.800000026822090149e+00
2.743499981234938465e-06,1.600000023841857910e+00
2.743999981220797499e-06,1.400000020861625671e+00
2.744499981206656533e-06,1.200000017881393433e+00
2.744999981192515567e-06,1.000000014901161194e+00
2.745499981178374602e-06,1.000000014901161194e+00
2.745999981164233636e-06,8.000000119209289551e-01
2.746499981150092670e-06,6.000000089406967163e-01
2.746999981135951704e-06,4.000000059604644775e-01
2.747499981121810739e-06,2.000000029802322388e-01
2.747999981107669773e-06,0.000000000000000000e+00
2.748499981093528807e-06,0.000000000000000000e+00
2.748999981079387842e-06,-2.000000029802322388e-01
2.749499981065246876e-06,-4.000000059604644775e-01
2.749999981051105910e-06,-6.000000089406967163e-01
2.750499981036964944e-06,-8.000000119209289551e-01
2.750999981022823979e-06,-1.000000014901161194e+00
2.751499981008683013e-06,-1.000000014901161194e+00
2.751999980994542047e-06,-1.200000017881393433e+00
2.752499980980401081e-06,-1.400000020861625671e+00
2.752999980966260116e-06,-1.600000023841857910e+00
2.753499980952119150e-06,-1.600000023841857910e+00
2.753999980937978184e-06,-1.800000026822090149e+00
2.754499980923837218e-06,-2.000000029802322388e+00
2.754999980909696253e-06,-2.000000029802322388e+00
2.755499980895555287e-06,-2.200000032782554626e+00
2.755999980881414321e-06,-2.400000035762786865e+00
2.756499980867273356e-06,-2.600000038743019104e+00
2.756999980853132390e-06,-2.800000041723251343e+00
2.757499980838991424e-06,-2.800000041723251343e+00
2.757999980824850458e-06,-3.000000044703483582e+00
2.758499980810709493e-06,-3.000000044703483582e+00
2.758999980796568527e-06,-3.200000047683715820e+00
2.759499980782427561e-06,-3.200000047683715820e+00
2.759999980768286595e-06,-3.400000050663948059e+00
2.760499980754145630e-06,-3.600000053644180298e+00
2.760999980740004664e-06,-3.600000053644180298e+00
2.761499980725863698e-06,-3.800000056624412537e+00
2.761999980711722733e-06,-3.800000056624412537e+00
2.762499980697581767e-06,-4.000000059604644775e+00
2.762999980683440801e-06,-4.000000059604644775e+00
2.763499980669299835e-06,-4.000000059604644775e+00
2.763999980655158870e-06,-4.000000059604644775e+00
2.764499980641017904e-06,-4.200000062584877014e+00
2.764999980626876938e-06,-4.200000062584877014e+00
2.765499980612735972e-06,-4.400000065565109253e+00
2.765999980598595007e-06,-4.400000065565109253e+00
2.766499980584454041e-06,-4.400000065565109253e+00
2.766999980570313075e-06,-4.400000065565109253e+00
2.767499980556172109e-06,-4.600000068545341492e+00
2.767999980542031144e-06,-4.600000068545341492e+00
2.768499980527890178e-06,-4.600000068545341492e+00
2.768999980513749212e-06,-4.600000068545341492e+00
2.769499980499608247e-06,-4.600000068545341492e+00
2.769999980485467281e-06,-4.600000068545341492e+00
2.770499980471326315e-06,-4.800000071525573730e+00
2.770999980457185349e-06,-4.800000071525573730e+00
2.771499980443044384e-06,-4.800000071525573730e+00
2.771999980428903418e-06,-4.800000071525573730e+00
2.772499980414762452e-06,-4.800000071525573730e+00
2.772999980400621486e-06,-4.800000071525573730e+00
2.773499980386480521e-06,-4.800000071525573730e+00
2.773999980372339555e-06,-4.800000071525573730e+00
2.774499980358198589e-06,-4.800000071525573730e+00
2.774999980344057623e-06,-4.600000068545341492e+00
2.775499980329916658e-06,-4.600000068545341492e+00
2.775999980315775692e-06,-4.600000068545341492e+00
2.776499980301634726e-06,-4.600000068545341492e+00
2.776999980287493761e-06,-4.600000068545341492e+00
2.777499980273352795e-06,-4.400000065565109253e+00
2.777999980259211829e-06,-4.400000065565109253e+00
2.778499980245070863e-06,-4.400000065565109253e+00
2.778999980230929898e-06,-4.200000062584877014e+00
2.779499980216788932e-06,-4.200000062584877014e+00
2.779999980202647966e-06,-4.200000062584877014e+00
2.780499980188507000e-06,-4.000000059604644775e+00
2.780999980174366035e-06,-4.000000059604644775e+00
2.781499980160225069e-06,-3.800000056624412537e+00
2.781999980146084103e-06,-3.800000056624412537e+00
2.782499980131943138e-06,-3.800000056624412537e+00
2.782999980117802172e-06,-3.600000053644180298e+00
2.783499980103661206e-06,-3.600000053644180298e+00
2.783999980089520240e-06,-3.400000050663948059e+00
2.784499980075379275e-06,-3.400000050663948059e+00
2.784999980061238309e-06,-3.200000047683715820e+00
2.785499980047097343e-06,-3.000000044703483582e+00
2.785999980032956377e-06,-3.000000044703483582e+00
2.786499980018815412e-06,-2.800000041723251343e+00
2.786999980004674446e-06,-2.600000038743019104e+00
2.787499979990533480e-06,-2.600000038743019104e+00
2.787999979976392514e-06,-2.400000035762786865e+00
2.788499979962251549e-06,-2.400000035762786865e+00
2.788999979948110583e-06,-2.200000032782554626e+00
2.789499979933969617e-06,-2.000000029802322388e+00
2.789999979919828652e-06,-1.800000026822090149e+00
2.790499979905687686e-06,-1.600000023841857910e+00
2.790999979891546720e-06,-1.600000023841857910e+00
2.791499979877405754e-06,-1.400000020861625671e+00
2.791999979863264789e-06,-1.200000017881393433e+00
2.792499979849123823e-06,-1.200000017881393433e+00
2.792999979834982857e-06,-1.000000014901161194e+00
2.793499979820841891e-06,-8.000000119209289551e-01
2.793999979806700926e-06,-6.000000089406967163e-01
2.794499979792559960e-06,-6.000000089406967163e-01
2.794999979778418994e-06,-4.000000059604644775e-01
2.795499979764278028e-06,-2.000000029802322388e-01
2.795999979750137063e-06,0.000000000000000000e+00
2.796499979735996097e-06,2.000000029802322388e-01
2.796999979721855131e-06,4.000000059604644775e-01
2.797499979707714166e-06,4.000000059604644775e-01
2.797999979693573200e-06,6.000000089406967163e-01
2.798499979679432234e-06,8.000000119209289551e-01
2.798999979665291268e-06,1.000000014901161194e+00
2.799499979651150303e-06,1.000000014901161194e+00
2.799999979637009337e-06,1.200000017881393433e+00
2.800499979622868371e-06,1.400000020861625671e+00
2.800999979608727405e-06,1.600000023841857910e+00
2.801499979594586440e-06,1.800000026822090149e+00
2.801999979580445474e-06,1.800000026822090149e+00
2.802499979566304508e-06,2.000000029802322388e+00
2.802999979552163543e-06,2.000000029802322388e+00
2.803499979538022577e-06,2.200000032782554626e+00
2.803999979523881611e-06,2.400000035762786865e+00
2.804499979509740645e-06,2.600000038743019104e+00
2.804999979495599680e-06,2.600000038743019104e+00
2.805499979481458714e-06,2.800000041723251343e+00
2.805999979467317748e-06,3.000000044703483582e+00
2.806499979453176782e-06,3.200000047683715820e+00
2.806999979439035817e-06,3.200000047683715820e+00
2.807499979424894851e-06,3.400000050663948059e+00
2.807999979410753885e-06,3.600000053644180298e+00
2.808499979396612919e-06,3.600000053644180298e+00
2.808999979382471954e-06,3.800000056624412537e+00
2.809499979368330988e-06,3.800000056624412537e+00
2.809999979354190022e-06,3.800000056624412537e+00
2.810499979340049057e-06,4.000000059604644775e+00
2.810999979325908091e-06,4.200000062584877014e+00
2.811499979311767125e-06,4.200000062584877014e+00
2.811999979297626159e-06,4.400000065565109253e+00
2.812499979283485194e-06,4.400000065565109253e+00
2.812999979269344228e-06,4.400000065565109253e+00
2.813499979255203262e-06,4.600000068545341492e+00
2.813999979241062296e-06,4.600000068545341492e+00
2.814499979226921331e-06,4.600000068545341492e+00
2.814999979212780365e-06,4.800000071525573730e+00
2.815499979198639399e-06,4.800000071525573730e+00
2.815999979184498433e-06,5.000000074505805969e+00
2.816499979170357468e-06,5.000000074505805969e+00
2.816999979156216502e-06,5.000000074505805969e+00
2.817499979142075536e-06,5.000000074505805969e+00
2.817999979127934571e-06,5.000000074505805969e+00
2.818499979113793605e-06,5.200000077486038208e+00
2.818999979099652639e-06,5.200000077486038208e+00
2.819499979085511673e-06,5.200000077486038208e+00
2.819999979071370708e-06,5.200000077486038208e+00
2.820499979057229742e-06,5.200000077486038208e+00
2.820999979043088776e-06,5.200000077486038208e+00
2.821499979028947810e-06,5.200000077486038208e+00
2.821999979014806845e-06,5.200000077486038208e+00
2.822499979000665879e-06,5.200000077486038208e+00
2.822999978986524913e-06,5.200000077486038208e+00
2.823499978972383948e-06,5.200000077486038208e+00
2.823999978958242982e-06,5.200000077486038208e+00
2.824499978944102016e-06,5.000000074505805969e+00
2.824999978929961050e-06,5.200000077486038208e+00
2.825499978915820085e-06,5.000000074505805969e+00
2.825999978901679119e-06,5.000000074505805969e+00
2.826499978887538153e-06,5.000000074505805969e+00
2.826999978873397187e-06,5.000000074505805969e+00
2.827499978859256222e-06,4.800000071525573730e+00
2.827999978845115256e-06,4.800000071525573730e+00
2.828499978830974290e-06,4.800000071525573730e+00
2.828999978816833324e-06,4.600000068545341492e+00
2.829499978802692359e-06,4.600000068545341492e+00
2.829999978788551393e-06,4.600000068545341492e+00
2.830499978774410427e-06,4.400000065565109253e+00
2.830999978760269462e-06,4.400000065565109253e+00
2.831499978746128496e-06,4.200000062584877014e+00
2.831999978731987530e-06,4.200000062584877014e+00
2.832499978717846564e-06,4.000000059604644775e+00
2.832999978703705599e-06,4.000000059604644775e+00
2.833499978689564633e-06,3.800000056624412537e+00
2.833999978675423667e-06,3.800000056624412537e+00
2.834499978661282701e-06,3.600000053644180298e+00
2.834999978647141736e-06,3.600000053644180298e+00
2.835499978633000770e-06,3.400000050663948059e+00
2.835999978618859804e-06,3.400000050663948059e+00
2.836499978604718838e-06,3.200000047683715820e+00
2.836999978590577873e-06,3.000000044703483582e+00
2.837499978576436907e-06,2.800000041723251343e+00
2.837999978562295941e-06,2.800000041723251343e+00
2.838499978548154976e-06,2.600000038743019104e+00
2.838999978534014010e-06,2.600000038743019104e+00
2.839499978519873044e-06,2.400000035762786865e+00
2.839999978505732078e-06,2.200000032782554626e+00
2.840499978491591113e-06,2.000000029802322388e+00
2.840999978477450147e-06,1.800000026822090149e+00
2.841499978463309181e-06,1.800000026822090149e+00
2.841999978449168215e-06,1.600000023841857910e+00
2.842499978435027250e-06,1.400000020861625671e+00
2.842999978420886284e-06,1.200000017881393433e+00
2.843499978406745318e-06,1.200000017881393433e+00
2.843999978392604353e-06,1.000000014901161194e+00
2.844499978378463387e-06,8.000000119209289551e-01
2.844999978364322421e-06,6.000000089406967163e-01
2.845499978350181455e-06,6.000000089406967163e-01
2.845999978336040490e-06,4.000000059604644775e-01
2.846499978321899524e-06,2.000000029802322388e-01
2.846999978307758558e-06,0.000000000000000000e+00
2.847499978293617592e-06,0.000000000000000000e+00
2.847999978279476627e-06,-2.000000029802322388e-01
2.848499978265335661e-06,-4.000000059604644775e-01
2.848999978251194695e-06,-6.000000089406967163e-01
2.849499978237053729e-06,-8.000000119209289551e-01
2.849999978222912764e-06,-8.000000119209289551e-01
2.850499978208771798e-06,-1.000000014901161194e+00
2.850999978194630832e-06,-1.200000017881393433e+00
2.851499978180489867e-06,-1.400000020861625671e+00
2.851999978166348901e-06,-1.400000020861625671e+00
2.852499978152207935e-06,-1.600000023841857910e+00
2.852999978138066969e-06,-1.800000026822090149e+00
2.853499978123926004e-06,-2.000000029802322388e+00
2.853999978109785038e-06,-2.000000029802322388e+00
2.854499978095644072e-06,-2.200000032782554626e+00
2.854999978081503106e-06,-2.400000035762786865e+00
2.855499978067362141e-06,-2.600000038743019104e+00
2.855999978053221175e-06,-2.600000038743019104e+00
2.856499978039080209e-06,-2.800000041723251343e+00
2.856999978024939243e-06,-3.000000044703483582e+00
2.857499978010798278e-06,-3.000000044703483582e+00
2.857999977996657312e-06,-3.200000047683715820e+00
2.858499977982516346e-06,-3.400000050663948059e+00
2.858999977968375381e-06,-3.400000050663948059e+00
2.859499977954234415e-06,-3.600000053644180298e+00
2.859999977940093449e-06,-3.600000053644180298e+00
2.860499977925952483e-06,-3.800000056624412537e+00
2.860999977911811518e-06,-3.800000056624412537e+00
2.861499977897670552e-06,-4.000000059604644775e+00
2.861999977883529586e-06,-4.000000059604644775e+00
2.862499977869388620e-06,-4.200000062584877014e+00
2.862999977855247655e-06,-4.200000062584877014e+00
2.863499977841106689e-06,-4.200000062584877014e+00
2.863999977826965723e-06,-4.400000065565109253e+00
2.864499977812824758e-06,-4.400000065565109253e+00
2.864999977798683792e-06,-4.600000068545341492e+00
2.865499977784542826e-06,-4.600000068545341492e+00
2.865999977770401860e-06,-4.600000068545341492e+00
2.866499977756260895e-06,-4.800000071525573730e+00
2.866999977742119929e-06,-4.800000071525573730e+00
2.867499977727978963e-06,-4.800000071525573730e+00
2.867999977713837997e-06,-4.800000071525573730e+00
2.868499977699697032e-06,-5.000000074505805969e+00
2.868999977685556066e-06,-5.000000074505805969e+00
2.869499977671415100e-06,-5.000000074505805969e+00
2.869999977657274134e-06,-5.000000074505805969e+00
2.870499977643133169e-06,-5.000000074505805969e+00
2.870999977628992203e-06,-5.000000074505805969e+00
2.871499977614851237e-06,-5.000000074505805969e+00
2.871999977600710272e-06,-5.000000074505805969e+00
2.872499977586569306e-06,-5.000000074505805969e+00
2.872999977572428340e-06,-5.000000074505805969e+00
2.873499977558287374e-06,-5.000000074505805969e+00
2.873999977544146409e-06,-5.000000074505805969e+00
2.874499977530005443e-06,-5.000000074505805969e+00
2.874999977515864477e-06,-5.000000074505805969e+00
2.875499977501723511e-06,-4.800000071525573730e+00
2.875999977487582546e-06,-4.800000071525573730e+00
2.876499977473441580e-06,-4.800000071525573730e+00
2.876999977459300614e-06,-4.800000071525573730e+00
2.877499977445159648e-06,-4.600000068545341492e+00
2.877999977431018683e-06,-4.600000068545341492e+00
2.878499977416877717e-06,-4.600000068545341492e+00
2.878999977402736751e-06,-4.600000068545341492e+00
2.879499977388595786e-06,-4.400000065565109253e+00
2.879999977374454820e-06,-4.400000065565109253e+00
2.880499977360313854e-06,-4.400000065565109253e+00
2.880999977346172888e-06,-4.200000062584877014e+00
2.881499977332031923e-06,-4.200000062584877014e+00
2.881999977317890957e-06,-4.000000059604644775e+00
2.882499977303749991e-06,-4.000000059604644775e+00
2.882999977289609025e-06,-3.800000056624412537e+00
2.883499977275468060e-06,-3.800000056624412537e+00
2.883999977261327094e-06,-3.600000053644180298e+00
2.884499977247186128e-06,-3.600000053644180298e+00
2.884999977233045163e-06,-3.400000050663948059e+00
2.885499977218904197e-06,-3.200000047683715820e+00
2.885999977204763231e-06,-3.200000047683715820e+00
2.886499977190622265e-06,-3.000000044703483582e+00
2.886999977176481300e-06,-3.000000044703483582e+00
2.887499977162340334e-06,-2.800000041723251343e+00
2.887999977148199368e-06,-2.600000038743019104e+00
2.888499977134058402e-06,-2.600000038743019104e+00
2.888999977119917437e-06,-2.400000035762786865e+00
2.889499977105776471e-06,-2.200000032782554626e+00
2.889999977091635505e-06,-2.000000029802322388e+00
2.890499977077494539e-06,-2.000000029802322388e+00
2.890999977063353574e-06,-1.800000026822090149e+00
2.891499977049212608e-06,-1.600000023841857910e+00
2.891999977035071642e-06,-1.600000023841857910e+00
2.892499977020930677e-06,-1.400000020861625671e+00
2.892999977006789711e-06,-1.200000017881393433e+00
2.893499976992648745e-06,-1.000000014901161194e+00
2.893999976978507779e-06,-8.000000119209289551e-01
2.894499976964366814e-06,-6.000000089406967163e-01
2.894999976950225848e-06,-6.000000089406967163e-01
2.895499976936084882e-06,-4.000000059604644775e-01
2.895999976921943916e-06,-2.000000029802322388e-01
2.896499976907802951e-06,0.000000000000000000e+00
2.896999976893661985e-06,2.000000029802322388e-01
2.897499976879521019e-06,2.000000029802322388e-01
2.897999976865380053e-06,4.000000059604644775e-01
2.898499976851239088e-06,6.000000089406967163e-01
2.898999976837098122e-06,6.000000089406967163e-01
2.899499976822957156e-06,8.000000119209289551e-01
2.899999976808816191e-06,1.000000014901161194e+00
2.900499976794675225e-06,1.200000017881393433e+00
2.900999976780534259e-06,1.400000020861625671e+00
2.901499976766393293e-06,1.400000020861625671e+00
2.901999976752252328e-06,1.600000023841857910e+00
2.902499976738111362e-06,1.800000026822090149e+00
2.902999976723970396e-06,2.000000029802322388e+00
2.903499976709829430e-06,2.000000029802322388e+00
2.903999976695688465e-06,2.200000032782554626e+00
2.904499976681547499e-06,2.400000035762786865e+00
2.904999976667406533e-06,2.600000038743019104e+00
2.905499976653265568e-06,2.800000041723251343e+00
2.905999976639124602e-06,2.800000041723251343e+00
2.906499976624983636e-06,3.000000044703483582e+00
2.906999976610842670e-06,3.000000044703483582e+00
2.907499976596701705e-06,3.200000047683715820e+00
2.907999976582560739e-06,3.200000047683715820e+00
2.908499976568419773e-06,3.400000050663948059e+00
2.908999976554278807e-06,3.600000053644180298e+00
2.909499976540137842e-06,3.600000053644180298e+00
2.909999976525996876e-06,3.800000056624412537e+00
2.910499976511855910e-06,3.800000056624412537e+00
2.910999976497714944e-06,4.000000059604644775e+00
2.911499976483573979e-06,4.000000059604644775e+00
2.911999976469433013e-06,4.200000062584877014e+00
2.912499976455292047e-06,4.200000062584877014e+00
2.912999976441151082e-06,4.400000065565109253e+00
2.913499976427010116e-06,4.400000065565109253e+00
2.913999976412869150e-06,4.400000065565109253e+00
2.914499976398728184e-06,4.600000068545341492e+00
2.914999976384587219e-06,4.600000068545341492e+00
2.915499976370446253e-06,4.600000068545341492e+00
2.915999976356305287e-06,4.800000071525573730e+00
2.916499976342164321e-06,4.800000071525573730e+00
2.916999976328023356e-06,4.800000071525573730e+00
2.917499976313882390e-06,5.000000074505805969e+00
2.917999976299741424e-06,5.000000074505805969e+00
2.918499976285600458e-06,4.800000071525573730e+00
2.918999976271459493e-06,5.000000074505805969e+00
2.919499976257318527e-06,5.000000074505805969e+00
2.919999976243177561e-06,5.000000074505805969e+00
2.920499976229036596e-06,5.000000074505805969e+00
2.920999976214895630e-06,5.000000074505805969e+00
2.921499976200754664e-06,5.000000074505805969e+00
2.921999976186613698e-06,5.000000074505805969e+00
2.922499976172472733e-06,5.000000074505805969e+00
2.922999976158331767e-06,5.000000074505805969e+00
2.923499976144190801e-06,5.000000074505805969e+00
2.923999976130049835e-06,5.000000074505805969e+00
2.924499976115908870e-06,5.000000074505805969e+00
2.924999976101767904e-06,5.000000074505805969e+00
2.925499976087626938e-06,5.000000074505805969e+00
2.925999976073485973e-06,5.000000074505805969e+00
2.926499976059345007e-06,4.800000071525573730e+00
2.926999976045204041e-06,4.800000071525573730e+00
2.927499976031063075e-06,4.800000071525573730e+00
2.927999976016922110e-06,4.800000071525573730e+00
2.928499976002781144e-06,4.600000068545341492e+00
2.928999975988640178e-06,4.600000068545341492e+00
2.929499975974499212e-06,4.600000068545341492e+00
2.929999975960358247e-06,4.400000065565109253e+00
2.930499975946217281e-06,4.200000062584877014e+00
2.930999975932076315e-06,4.200000062584877014e+00
2.931499975917935349e-06,4.200000062584877014e+00
2.931999975903794384e-06,4.000000059604644775e+00
2.932499975889653418e-06,4.000000059604644775e+00
2.932999975875512452e-06,3.800000056624412537e+00
2.933499975861371487e-06,3.800000056624412537e+00
2.933999975847230521e-06,3.600000053644180298e+00
2.934499975833089555e-06,3.600000053644180298e+00
2.934999975818948589e-06,3.400000050663948059e+00
2.935499975804807624e-06,3.200000047683715820e+00
2.935999975790666658e-06,3.200000047683715820e+00
2.936499975776525692e-06,3.000000044703483582e+00
2.936999975762384726e-06,2.800000041723251343e+00
2.937499975748243761e-06,2.800000041723251343e+00
2.937999975734102795e-06,2.600000038743019104e+00
2.938499975719961829e-06,2.400000035762786865e+00
2.938999975705820863e-06,2.400000035762786865e+00
2.939499975691679898e-06,2.200000032782554626e+00
2.939999975677538932e-06,2.000000029802322388e+00
2.940499975663397966e-06,2.000000029802322388e+00
2.940999975649257001e-06,1.800000026822090149e+00
2.941499975635116035e-06,1.600000023841857910e+00
2.941999975620975069e-06,1.400000020861625671e+00
2.942499975606834103e-06,1.400000020861625671e+00
2.942999975592693138e-06,1.200000017881393433e+00
2.943499975578552172e-06,1.000000014901161194e+00
2.943999975564411206e-06,8.000000119209289551e-01
2.944499975550270240e-06,8.000000119209289551e-01
2.944999975536129275e-06,6.000000089406967163e-01
2.945499975521988309e-06,4.000000059604644775e-01
2.945999975507847343e-06,2.000000029802322388e-01
2.946499975493706378e-06,0.000000000000000000e+00
2.946999975479565412e-06,0.000000000000000000e+00
2.947499975465424446e-06,-2.000000029802322388e-01
2.947999975451283480e-06,-4.000000059604644775e-01
2.948499975437142515e-06,-6.000000089406967163e-01
2.948999975423001549e-06,-8.000000119209289551e-01
2.949499975408860583e-06,-1.000000014901161194e+00
2.949999975394719617e-06,-1.000000014901161194e+00
2.950499975380578652e-06,-1.200000017881393433e+00
2.950999975366437686e-06,-1.400000020861625671e+00
2.951499975352296720e-06,-1.600000023841857910e+00
2.951999975338155754e-06,-1.600000023841857910e+00
2.952499975324014789e-06,-1.800000026822090149e+00
2.952999975309873823e-06,-2.000000029802322388e+00
2.953499975295732857e-06,-2.200000032782554626e+00
2.953999975281591892e-06,-2.200000032782554626e+00
2.954499975267450926e-06,-2.400000035762786865e+00
2.954999975253309960e-06,-2.600000038743019104e+00
2.955499975239168994e-06,-2.600000038743019104e+00
2.955999975225028029e-06,-2.800000041723251343e+00
2.956499975210887063e-06,-3.000000044703483582e+00
2.956999975196746097e-06,-3.000000044703483582e+00
2.957499975182605131e-06,-3.200000047683715820e+00
2.957999975168464166e-06,-3.400000050663948059e+00
2.958499975154323200e-06,-3.400000050663948059e+00
2.958999975140182234e-06,-3.600000053644180298e+00
2.959499975126041268e-06,-3.600000053644180298e+00
2.959999975111900303e-06,-3.800000056624412537e+00
2.960499975097759337e-06,-3.800000056624412537e+00
2.960999975083618371e-06,-4.000000059604644775e+00
2.961499975069477406e-06,-4.000000059604644775e+00
2.961999975055336440e-06,-4.200000062584877014e+00
2.962499975041195474e-06,-4.200000062584877014e+00
2.962999975027054508e-06,-4.400000065565109253e+00
2.963499975012913543e-06,-4.400000065565109253e+00
2.963999974998772577e-06,-4.400000065565109253e+00
2.964499974984631611e-06,-4.600000068545341492e+00
2.964999974970490645e-06,-4.600000068545341492e+00
2.965499974956349680e-06,-4.800000071525573730e+00
2.965999974942208714e-06,-4.800000071525573730e+00
2.966499974928067748e-06,-4.800000071525573730e+00
2.966999974913926783e-06,-4.800000071525573730e+00
2.967499974899785817e-06,-4.800000071525573730e+00
2.967999974885644851e-06,-5.000000074505805969e+00
2.968499974871503885e-06,-5.000000074505805969e+00
2.968999974857362920e-06,-5.000000074505805969e+00
2.969499974843221954e-06,-5.000000074505805969e+00
2.969999974829080988e-06,-5.000000074505805969e+00
2.970499974814940022e-06,-5.000000074505805969e+00
2.970999974800799057e-06,-5.000000074505805969e+00
2.971499974786658091e-06,-5.000000074505805969e+00
2.971999974772517125e-06,-5.200000077486038208e+00
2.972499974758376159e-06,-5.200000077486038208e+00
2.972999974744235194e-06,-5.200000077486038208e+00
2.973499974730094228e-06,-5.000000074505805969e+00
2.973999974715953262e-06,-5.000000074505805969e+00
2.974499974701812297e-06,-5.000000074505805969e+00
2.974999974687671331e-06,-5.000000074505805969e+00
2.975499974673530365e-06,-5.000000074505805969e+00
2.975999974659389399e-06,-4.800000071525573730e+00
2.976499974645248434e-06,-4.800000071525573730e+00
2.976999974631107468e-06,-4.800000071525573730e+00
2.977499974616966502e-06,-4.800000071525573730e+00
2.977999974602825536e-06,-4.800000071525573730e+00
2.978499974588684571e-06,-4.600000068545341492e+00
2.978999974574543605e-06,-4.600000068545341492e+00
2.979499974560402639e-06,-4.600000068545341492e+00
2.979999974546261673e-06,-4.400000065565109253e+00
2.980499974532120708e-06,-4.400000065565109253e+00
2.980999974517979742e-06,-4.400000065565109253e+00
2.981499974503838776e-06,-4.200000062584877014e+00
2.981999974489697811e-06,-4.000000059604644775e+00
2.982499974475556845e-06,-4.000000059604644775e+00
2.982999974461415879e-06,-3.800000056624412537e+00
2.983499974447274913e-06,-3.800000056624412537e+00
2.983999974433133948e-06,-3.800000056624412537e+00
2.984499974418992982e-06,-3.600000053644180298e+00
2.984999974404852016e-06,-3.400000050663948059e+00
2.985499974390711050e-06,-3.400000050663948059e+00
2.985999974376570085e-06,-3.200000047683715820e+00
2.986499974362429119e-06,-3.200000047683715820e+00
2.986999974348288153e-06,-3.000000044703483582e+00
2.987499974334147188e-06,-2.800000041723251343e+00
2.987999974320006222e-06,-2.600000038743019104e+00
2.988499974305865256e-06,-2.600000038743019104e+00
2.988999974291724290e-06,-2.400000035762786865e+00
2.989499974277583325e-06,-1.800000026822090149e+00
2.989999974263442359e-06,-6.000000089406967163e-01
2.990499974249301393e-06,6.000000089406967163e-01
2.990999974235160427e-06,1.200000017881393433e+00
2.991499974221019462e-06,1.400000020861625671e+00
2.991999974206878496e-06,1.200000017881393433e+00
2.992499974192737530e-06,1.200000017881393433e+00
2.992999974178596564e-06,1.000000014901161194e+00
2.993499974164455599e-06,1.000000014901161194e+00
2.993999974150314633e-06,1.000000014901161194e+00
2.994499974136173667e-06,1.000000014901161194e+00
2.994999974122032702e-06,1.000000014901161194e+00
2.995499974107891736e-06,1.000000014901161194e+00
2.995999974093750770e-06,1.000000014901161194e+00
2.996499974079609804e-06,1.000000014901161194e+00
2.996999974065468839e-06,1.000000014901161194e+00
2.997499974051327873e-06,1.000000014901161194e+00
2.997999974037186907e-06,1.000000014901161194e+00
2.998499974023045941e-06,1.000000014901161194e+00
2.998999974008904976e-06,1.000000014901161194e+00
2.999499973994764010e-06,1.000000014901161194e+00
2.999999973980623044e-06,1.000000014901161194e+00
3.000499973966482078e-06,1.000000014901161194e+00
3.000999973952341113e-06,1.000000014901161194e+00
3.001499973938200147e-06,8.000000119209289551e-01
3.001999973924059181e-06,8.000000119209289551e-01
3.002499973909918216e-06,8.000000119209289551e-01
3.002999973895777250e-06,8.000000119209289551e-01
3.003499973881636284e-06,8.000000119209289551e-01
3.003999973867495318e-06,8.000000119209289551e-01
3.004499973853354353e-06,8.000000119209289551e-01
3.004999973839213387e-06,8.000000119209289551e-01
3.005499973825072421e-06,8.000000119209289551e-01
3.005999973810931455e-06,8.000000119209289551e-01
3.006499973796790490e-06,8.000000119209289551e-01
3.006999973782649524e-06,8.000000119209289551e-01
3.007499973768508558e-06,8.000000119209289551e-01
3.007999973754367593e-06,8.000000119209289551e-01
3.008499973740226627e-06,8.000000119209289551e-01
3.008999973726085661e-06,8.000000119209289551e-01
3.009499973711944695e-06,8.000000119209289551e-01
3.009999973697803730e-06,6.000000089406967163e-01
3.010499973683662764e-06,8.000000119209289551e-01
3.010999973669521798e-06,8.000000119209289551e-01
3.011499973655380832e-06,8.000000119209289551e-01
3.011999973641239867e-06,8.000000119209289551e-01
3.012499973627098901e-06,8.000000119209289551e-01
3.012999973612957935e-06,8.000000119209289551e-01
3.013499973598816969e-06,6.000000089406967163e-01
3.013999973584676004e-06,6.000000089406967163e-01
3.014499973570535038e-06,8.000000119209289551e-01
3.014999973556394072e-06,8.000000119209289551e-01
3.015499973542253107e-06,6.000000089406967163e-01
3.015999973528112141e-06,8.000000119209289551e-01
3.016499973513971175e-06,8.000000119209289551e-01
3.016999973499830209e-06,8.000000119209289551e-01
3.017499973485689244e-06,6.000000089406967163e-01
3.017999973471548278e-06,8.000000119209289551e-01
3.018499973457407312e-06,6.000000089406967163e-01
3.018999973443266346e-06,6.000000089406967163e-01
3.019499973429125381e-06,6.000000089406967163e-01
3.019999973414984415e-06,6.000000089406967163e-01
3.020499973400843449e-06,6.000000089406967163e-01
3.020999973386702483e-06,6.000000089406967163e-01
3.021499973372561518e-06,6.000000089406967163e-01
3.021999973358420552e-06,6.000000089406967163e-01
3.022499973344279586e-06,6.000000089406967163e-01
3.022999973330138621e-06,6.000000089406967163e-01
3.023499973315997655e-06,6.000000089406967163e-01
3.023999973301856689e-06,6.000000089406967163e-01
3.024499973287715723e-06,6.000000089406967163e-01
3.024999973273574758e-06,6.000000089406967163e-01
3.025499973259433792e-06,6.000000089406967163e-01
3.025999973245292826e-06,6.000000089406967163e-01
3.026499973231151860e-06,6.000000089406967163e-01
3.026999973217010895e-06,6.000000089406967163e-01
3.027499973202869929e-06,6.000000089406967163e-01
3.027999973188728963e-06,6.000000089406967163e-01
3.028499973174587998e-06,6.000000089406967163e-01
3.028999973160447032e-06,6.000000089406967163e-01
3.029499973146306066e-06,6.000000089406967163e-01
3.029999973132165100e-06,6.000000089406967163e-01
3.030499973118024135e-06,6.000000089406967163e-01
3.030999973103883169e-06,6.000000089406967163e-01
3.031499973089742203e-06,6.000000089406967163e-01
3.031999973075601237e-06,6.000000089406967163e-01
3.032499973061460272e-06,6.000000089406967163e-01
3.032999973047319306e-06,6.000000089406967163e-01
3.033499973033178340e-06,6.000000089406967163e-01
3.033999973019037374e-06,6.000000089406967163e-01
3.034499973004896409e-06,6.000000089406967163e-01
3.034999972990755443e-06,6.000000089406967163e-01
3.035499972976614477e-06,6.000000089406967163e-01
3.035999972962473512e-06,6.000000089406967163e-01
3.036499972948332546e-06,6.000000089406967163e-01
3.036999972934191580e-06,6.000000089406967163e-01
3.037499972920050614e-06,6.000000089406967163e-01
3.037999972905909649e-06,6.000000089406967163e-01
3.038499972891768683e-06,6.000000089406967163e-01
3.038999972877627717e-06,6.000000089406967163e-01
3.039499972863486751e-06,6.000000089406967163e-01
3.039999972849345786e-06,6.000000089406967163e-01
3.040499972835204820e-06,6.000000089406967163e-01
3.040999972821063854e-06,4.000000059604644775e-01
3.041499972806922888e-06,4.000000059604644775e-01
3.041999972792781923e-06,4.000000059604644775e-01
3.042499972778640957e-06,4.000000059604644775e-01
3.042999972764499991e-06,4.000000059604644775e-01
3.043499972750359026e-06,6.000000089406967163e-01
3.043999972736218060e-06,6.000000089406967163e-01
3.044499972722077094e-06,6.000000089406967163e-01
3.044999972707936128e-06,4.000000059604644775e-01
3.045499972693795163e-06,4.000000059604644775e-01
3.045999972679654197e-06,4.000000059604644775e-01
3.046499972665513231e-06,6.000000089406967163e-01
3.046999972651372265e-06,4.000000059604644775e-01
3.047499972637231300e-06,4.000000059604644775e-01
3.047999972623090334e-06,6.000000089406967163e-01
3.048499972608949368e-06,6.000000089406967163e-01
3.048999972594808403e-06,4.000000059604644775e-01
3.049499972580667437e-06,4.000000059604644775e-01
3.049999972566526471e-06,6.000000089406967163e-01
3.050499972552385505e-06,6.000000089406967163e-01
3.050999972538244540e-06,4.000000059604644775e-01
3.051499972524103574e-06,4.000000059604644775e-01
3.051999972509962608e-06,4.000000059604644775e-01
3.052499972495821642e-06,4.000000059604644775e-01
3.052999972481680677e-06,4.000000059604644775e-01
3.053499972467539711e-06,4.000000059604644775e-01
3.053999972453398745e-06,4.000000059604644775e-01
3.054499972439257779e-06,4.000000059604644775e-01
3.054999972425116814e-06,4.000000059604644775e-01
3.055499972410975848e-06,4.000000059604644775e-01
3.055999972396834882e-06,4.000000059604644775e-01
3.056499972382693917e-06,4.000000059604644775e-01
3.056999972368552951e-06,4.000000059604644775e-01
3.057499972354411985e-06,4.000000059604644775e-01
3.057999972340271019e-06,4.000000059604644775e-01
3.058499972326130054e-06,4.000000059604644775e-01
3.058999972311989088e-06,4.000000059604644775e-01
3.059499972297848122e-06,4.000000059604644775e-01
3.059999972283707156e-06,4.000000059604644775e-01
3.060499972269566191e-06,4.000000059604644775e-01
3.060999972255425225e-06,4.000000059604644775e-01
3.061499972241284259e-06,4.000000059604644775e-01
3.061999972227143293e-06,4.000000059604644775e-01
3.062499972213002328e-06,4.000000059604644775e-01
3.062999972198861362e-06,4.000000059604644775e-01
3.063499972184720396e-06,4.000000059604644775e-01
3.063999972170579431e-06,4.000000059604644775e-01
3.064499972156438465e-06,4.000000059604644775e-01
3.064999972142297499e-06,4.000000059604644775e-01
3.065499972128156533e-06,4.000000059604644775e-01
3.065999972114015568e-06,4.000000059604644775e-01
3.066499972099874602e-06,4.000000059604644775e-01
3.066999972085733636e-06,4.000000059604644775e-01
3.067499972071592670e-06,4.000000059604644775e-01
3.067999972057451705e-06,4.000000059604644775e-01
3.068499972043310739e-06,4.000000059604644775e-01
3.068999972029169773e-06,4.000000059604644775e-01
3.069499972015028808e-06,4.000000059604644775e-01
3.069999972000887842e-06,4.000000059604644775e-01
3.070499971986746876e-06,4.000000059604644775e-01
3.070999971972605910e-06,4.000000059604644775e-01
3.071499971958464945e-06,4.000000059604644775e-01
3.071999971944323979e-06,4.000000059604644775e-01
3.072499971930183013e-06,4.000000059604644775e-01
3.072999971916042047e-06,4.000000059604644775e-01
3.073499971901901082e-06,4.000000059604644775e-01
3.073999971887760116e-06,4.000000059604644775e-01
3.074499971873619150e-06,4.000000059604644775e-01
3.074999971859478184e-06,4.000000059604644775e-01
3.075499971845337219e-06,4.000000059604644775e-01
3.075999971831196253e-06,4.000000059604644775e-01
3.076499971817055287e-06,4.000000059604644775e-01
3.076999971802914322e-06,4.000000059604644775e-01
3.077499971788773356e-06,2.000000029802322388e-01
3.077999971774632390e-06,2.000000029802322388e-01
3.078499971760491424e-06,2.000000029802322388e-01
3.078999971746350459e-06,2.000000029802322388e-01
3.079499971732209493e-06,2.000000029802322388e-01
3.079999971718068527e-06,2.000000029802322388e-01
3.080499971703927561e-06,4.000000059604644775e-01
3.080999971689786596e-06,2.000000029802322388e-01
3.081499971675645630e-06,2.000000029802322388e-01
3.081999971661504664e-06,4.000000059604644775e-01
3.082499971647363698e-06,4.000000059604644775e-01
3.082999971633222733e-06,2.000000029802322388e-01
3.083499971619081767e-06,2.000000029802322388e-01
3.083999971604940801e-06,2.000000029802322388e-01
3.084499971590799836e-06,4.000000059604644775e-01
3.084999971576658870e-06,4.000000059604644775e-01
3.085499971562517904e-06,4.000000059604644775e-01
3.085999971548376938e-06,2.000000029802322388e-01
3.086499971534235973e-06,2.000000029802322388e-01
3.086999971520095007e-06,2.000000029802322388e-01
3.087499971505954041e-06,4.000000059604644775e-01
3.087999971491813075e-06,4.000000059604644775e-01
3.088499971477672110e-06,4.000000059604644775e-01
3.088999971463531144e-06,2.000000029802322388e-01
3.089499971449390178e-06,4.000000059604644775e-01
3.089999971435249213e-06,2.000000029802322388e-01
3.090499971421108247e-06,2.000000029802322388e-01
3.090999971406967281e-06,2.000000029802322388e-01
3.091499971392826315e-06,2.000000029802322388e-01
3.091999971378685350e-06,2.000000029802322388e-01
3.092499971364544384e-06,2.000000029802322388e-01
3.092999971350403418e-06,2.000000029802322388e-01
3.093499971336262452e-06,2.000000029802322388e-01
3.093999971322121487e-06,2.000000029802322388e-01
3.094499971307980521e-06,2.000000029802322388e-01
3.094999971293839555e-06,2.000000029802322388e-01
3.095499971279698589e-06,2.000000029802322388e-01
3.095999971265557624e-06,2.000000029802322388e-01
3.096499971251416658e-06,4.000000059604644775e-01
3.096999971237275692e-06,2.000000029802322388e-01
3.097499971223134727e-06,2.000000029802322388e-01
3.097999971208993761e-06,2.000000029802322388e-01
3.098499971194852795e-06,2.000000029802322388e-01
3.098999971180711829e-06,2.000000029802322388e-01
3.099499971166570864e-06,2.000000029802322388e-01
3.099999971152429898e-06,2.000000029802322388e-01
3.100499971138288932e-06,2.000000029802322388e-01
3.100999971124147966e-06,2.000000029802322388e-01
3.101499971110007001e-06,2.000000029802322388e-01
3.101999971095866035e-06,2.000000029802322388e-01
3.102499971081725069e-06,2.000000029802322388e-01
3.102999971067584103e-06,2.000000029802322388e-01
3.103499971053443138e-06,2.000000029802322388e-01
3.103999971039302172e-06,2.000000029802322388e-01
3.104499971025161206e-06,2.000000029802322388e-01
3.104999971011020241e-06,2.000000029802322388e-01
3.105499970996879275e-06,2.000000029802322388e-01
3.105999970982738309e-06,2.000000029802322388e-01
3.106499970968597343e-06,2.000000029802322388e-01
3.106999970954456378e-06,2.000000029802322388e-01
3.107499970940315412e-06,2.000000029802322388e-01
3.107999970926174446e-06,2.000000029802322388e-01
3.108499970912033480e-06,2.000000029802322388e-01
3.108999970897892515e-06,2.000000029802322388e-01
3.109499970883751549e-06,2.000000029802322388e-01
3.109999970869610583e-06,2.000000029802322388e-01
3.110499970855469618e-06,2.000000029802322388e-01
3.110999970841328652e-06,2.000000029802322388e-01
3.111499970827187686e-06,2.000000029802322388e-01
3.111999970813046720e-06,2.000000029802322388e-01
3.112499970798905755e-06,2.000000029802322388e-01
3.112999970784764789e-06,2.000000029802322388e-01
3.113499970770623823e-06,2.000000029802322388e-01
3.113999970756482857e-06,2.000000029802322388e-01
3.114499970742341892e-06,2.000000029802322388e-01
3.114999970728200926e-06,2.000000029802322388e-01
3.115499970714059960e-06,2.000000029802322388e-01
3.115999970699918994e-06,2.000000029802322388e-01
3.116499970685778029e-06,2.000000029802322388e-01
3.116999970671637063e-06,2.000000029802322388e-01
3.117499970657496097e-06,2.000000029802322388e-01
3.117999970643355132e-06,2.000000029802322388e-01
3.118499970629214166e-06,2.000000029802322388e-01
3.118999970615073200e-06,2.000000029802322388e-01
3.119499970600932234e-06,2.000000029802322388e-01
3.119999970586791269e-06,2.000000029802322388e-01
3.120499970572650303e-06,2.000000029802322388e-01
3.120999970558509337e-06,2.000000029802322388e-01
3.121499970544368371e-06,2.000000029802322388e-01
3.121999970530227406e-06,2.000000029802322388e-01
3.122499970516086440e-06,2.000000029802322388e-01
3.122999970501945474e-06,2.000000029802322388e-01
3.123499970487804508e-06,2.000000029802322388e-01
3.123999970473663543e-06,2.000000029802322388e-01
3.124499970459522577e-06,2.000000029802322388e-01
3.124999970445381611e-06,0.000000000000000000e+00
3.125499970431240646e-06,0.000000000000000000e+00
3.125999970417099680e-06,0.000000000000000000e+00
3.126499970402958714e-06,0.000000000000000000e+00
3.126999970388817748e-06,0.000000000000000000e+00
3.127499970374676783e-06,2.000000029802322388e-01
3.127999970360535817e-06,2.000000029802322388e-01
3.128499970346394851e-06,0.000000000000000000e+00
3.128999970332253885e-06,0.000000000000000000e+00
3.129499970318112920e-06,2.000000029802322388e-01
3.129999970303971954e-06,2.000000029802322388e-01
3.130499970289830988e-06,2.000000029802322388e-01
3.130999970275690023e-06,2.000000029802322388e-01
3.131499970261549057e-06,0.000000000000000000e+00
3.131999970247408091e-06,0.000000000000000000e+00
3.132499970233267125e-06,0.000000000000000000e+00
3.132999970219126160e-06,2.000000029802322388e-01
3.133499970204985194e-06,2.000000029802322388e-01
3.133999970190844228e-06,2.000000029802322388e-01
3.134499970176703262e-06,0.000000000000000000e+00
3.134999970162562297e-06,0.000000000000000000e+00
3.135499970148421331e-06,0.000000000000000000e+00
3.135999970134280365e-06,2.000000029802322388e-01
3.136499970120139399e-06,2.000000029802322388e-01
3.136999970105998434e-06,0.000000000000000000e+00
3.137499970091857468e-06,0.000000000000000000e+00
3.137999970077716502e-06,0.000000000000000000e+00
3.138499970063575537e-06,0.000000000000000000e+00
3.138999970049434571e-06,0.000000000000000000e+00
3.139499970035293605e-06,2.000000029802322388e-01
3.139999970021152639e-06,2.000000029802322388e-01
3.140499970007011674e-06,2.000000029802322388e-01
3.140999969992870708e-06,2.000000029802322388e-01
3.141499969978729742e-06,0.000000000000000000e+00
3.141999969964588776e-06,0.000000000000000000e+00
3.142499969950447811e-06,0.000000000000000000e+00
3.142999969936306845e-06,0.000000000000000000e+00
3.143499969922165879e-06,0.000000000000000000e+00
3.143999969908024913e-06,0.000000000000000000e+00
3.144499969893883948e-06,0.000000000000000000e+00
3.144999969879742982e-06,0.000000000000000000e+00
3.145499969865602016e-06,0.000000000000000000e+00
3.145999969851461051e-06,0.000000000000000000e+00
3.146499969837320085e-06,0.000000000000000000e+00
3.146999969823179119e-06,0.000000000000000000e+00
3.147499969809038153e-06,0.000000000000000000e+00
3.147999969794897188e-06,0.000000000000000000e+00
3.148499969780756222e-06,0.000000000000000000e+00
3.148999969766615256e-06,0.000000000000000000e+00
3.149499969752474290e-06,2.000000029802322388e-01
3.149999969738333325e-06,2.000000029802322388e-01
3.150499969724192359e-06,0.000000000000000000e+00
3.150999969710051393e-06,0.000000000000000000e+00
3.151499969695910428e-06,0.000000000000000000e+00
3.151999969681769462e-06,0.000000000000000000e+00
3.152499969667628496e-06,0.000000000000000000e+00
3.152999969653487530e-06,0.000000000000000000e+00
3.153499969639346565e-06,0.000000000000000000e+00
3.153999969625205599e-06,0.000000000000000000e+00
3.154499969611064633e-06,0.000000000000000000e+00
3.154999969596923667e-06,0.000000000000000000e+00
3.155499969582782702e-06,0.000000000000000000e+00
3.155999969568641736e-06,0.000000000000000000e+00
3.156499969554500770e-06,0.000000000000000000e+00
3.156999969540359804e-06,0.000000000000000000e+00
3.157499969526218839e-06,0.000000000000000000e+00
3.157999969512077873e-06,0.000000000000000000e+00
3.158499969497936907e-06,0.000000000000000000e+00
3.158999969483795942e-06,0.000000000000000000e+00
3.159499969469654976e-06,0.000000000000000000e+00
3.159999969455514010e-06,0.000000000000000000e+00
3.160499969441373044e-06,0.000000000000000000e+00
3.160999969427232079e-06,0.000000000000000000e+00
3.161499969413091113e-06,0.000000000000000000e+00
3.161999969398950147e-06,0.000000000000000000e+00
3.162499969384809181e-06,0.000000000000000000e+00
3.162999969370668216e-06,0.000000000000000000e+00
3.163499969356527250e-06,0.000000000000000000e+00
3.163999969342386284e-06,0.000000000000000000e+00
3.164499969328245318e-06,0.000000000000000000e+00
3.164999969314104353e-06,0.000000000000000000e+00
3.165499969299963387e-06,0.000000000000000000e+00
3.165999969285822421e-06,0.000000000000000000e+00
3.166499969271681456e-06,0.000000000000000000e+00
3.166999969257540490e-06,0.000000000000000000e+00
3.167499969243399524e-06,0.000000000000000000e+00
3.167999969229258558e-06,0.000000000000000000e+00
3.168499969215117593e-06,0.000000000000000000e+00
3.168999969200976627e-06,0.000000000000000000e+00
3.169499969186835661e-06,0.000000000000000000e+00
3.169999969172694695e-06,0.000000000000000000e+00
3.170499969158553730e-06,0.000000000000000000e+00
3.170999969144412764e-06,0.000000000000000000e+00
3.171499969130271798e-06,0.000000000000000000e+00
3.171999969116130833e-06,0.000000000000000000e+00
3.172499969101989867e-06,0.000000000000000000e+00
3.172999969087848901e-06,0.000000000000000000e+00
3.173499969073707935e-06,0.000000000000000000e+00
3.173999969059566970e-06,0.000000000000000000e+00
3.174499969045426004e-06,0.000000000000000000e+00
3.174999969031285038e-06,0.000000000000000000e+00
3.175499969017144072e-06,0.000000000000000000e+00
3.175999969003003107e-06,0.000000000000000000e+00
3.176499968988862141e-06,0.000000000000000000e+00
3.176999968974721175e-06,0.000000000000000000e+00
3.177499968960580209e-06,0.000000000000000000e+00
3.177999968946439244e-06,0.000000000000000000e+00
3.178499968932298278e-06,0.000000000000000000e+00
3.178999968918157312e-06,0.000000000000000000e+00
3.179499968904016347e-06,0.000000000000000000e+00
3.179999968889875381e-06,0.000000000000000000e+00
3.180499968875734415e-06,0.000000000000000000e+00
3.180999968861593449e-06,0.000000000000000000e+00
3.181499968847452484e-06,0.000000000000000000e+00
3.181999968833311518e-06,0.000000000000000000e+00
3.182499968819170552e-06,0.000000000000000000e+00
3.182999968805029586e-06,0.000000000000000000e+00
3.183499968790888621e-06,0.000000000000000000e+00
3.183999968776747655e-06,0.000000000000000000e+00
3.184499968762606689e-06,0.000000000000000000e+00
3.184999968748465723e-06,0.000000000000000000e+00
3.185499968734324758e-06,0.000000000000000000e+00
3.185999968720183792e-06,0.000000000000000000e+00
3.186499968706042826e-06,0.000000000000000000e+00
3.186999968691901861e-06,0.000000000000000000e+00
3.187499968677760895e-06,0.000000000000000000e+00
3.187999968663619929e-06,0.000000000000000000e+00
3.188499968649478963e-06,0.000000000000000000e+00
3.188999968635337998e-06,0.000000000000000000e+00
3.189499968621197032e-06,0.000000000000000000e+00
3.189999968607056066e-06,0.000000000000000000e+00
3.190499968592915100e-06,0.000000000000000000e+00
3.190999968578774135e-06,0.000000000000000000e+00
3.191499968564633169e-06,0.000000000000000000e+00
3.191999968550492203e-06,0.000000000000000000e+00
3.192499968536351238e-06,0.000000000000000000e+00
3.192999968522210272e-06,0.000000000000000000e+00
3.193499968508069306e-06,0.000000000000000000e+00
3.193999968493928340e-06,0.000000000000000000e+00
3.194499968479787375e-06,0.000000000000000000e+00
3.194999968465646409e-06,0.000000000000000000e+00
3.195499968451505443e-06,0.000000000000000000e+00
3.195999968437364477e-06,0.000000000000000000e+00
3.196499968423223512e-06,0.000000000000000000e+00
3.196999968409082546e-06,0.000000000000000000e+00
3.197499968394941580e-06,0.000000000000000000e+00
3.197999968380800614e-06,0.000000000000000000e+00
3.198499968366659649e-06,0.000000000000000000e+00
3.198999968352518683e-06,0.000000000000000000e+00
3.199499968338377717e-06,0.000000000000000000e+00
3.199999968324236752e-06,0.000000000000000000e+00
3.200499968310095786e-06,0.000000000000000000e+00
3.200999968295954820e-06,0.000000000000000000e+00
3.201499968281813854e-06,0.000000000000000000e+00
3.201999968267672889e-06,0.000000000000000000e+00
3.202499968253531923e-06,0.000000000000000000e+00
3.202999968239390957e-06,0.000000000000000000e+00
3.203499968225249991e-06,0.000000000000000000e+00
3.203999968211109026e-06,0.000000000000000000e+00
3.204499968196968060e-06,0.000000000000000000e+00
3.204999968182827094e-06,0.000000000000000000e+00
3.205499968168686128e-06,0.000000000000000000e+00
3.205999968154545163e-06,0.000000000000000000e+00
3.206499968140404197e-06,0.000000000000000000e+00
3.206999968126263231e-06,0.000000000000000000e+00
3.207499968112122266e-06,0.000000000000000000e+00
3.207999968097981300e-06,0.000000000000000000e+00
3.208499968083840334e-06,0.000000000000000000e+00
3.208999968069699368e-06,0.000000000000000000e+00
3.209499968055558403e-06,0.000000000000000000e+00
3.209999968041417437e-06,0.000000000000000000e+00
3.210499968027276471e-06,0.000000000000000000e+00
3.210999968013135505e-06,0.000000000000000000e+00
3.211499967998994540e-06,0.000000000000000000e+00
3.211999967984853574e-06,0.000000000000000000e+00
3.212499967970712608e-06,0.000000000000000000e+00
3.212999967956571643e-06,0.000000000000000000e+00
3.213499967942430677e-06,0.000000000000000000e+00
3.213999967928289711e-06,0.000000000000000000e+00
3.214499967914148745e-06,0.000000000000000000e+00
3.214999967900007780e-06,0.000000000000000000e+00
3.215499967885866814e-06,0.000000000000000000e+00
3.215999967871725848e-06,0.000000000000000000e+00
3.216499967857584882e-06,0.000000000000000000e+00
3.216999967843443917e-06,0.000000000000000000e+00
3.217499967829302951e-06,0.000000000000000000e+00
3.217999967815161985e-06,0.000000000000000000e+00
3.218499967801021019e-06,0.000000000000000000e+00
3.218999967786880054e-06,-2.000000029802322388e-01
3.219499967772739088e-06,0.000000000000000000e+00
3.219999967758598122e-06,0.000000000000000000e+00
3.220499967744457157e-06,0.000000000000000000e+00
3.220999967730316191e-06,0.000000000000000000e+00
3.221499967716175225e-06,0.000000000000000000e+00
3.221999967702034259e-06,0.000000000000000000e+00
3.222499967687893294e-06,0.000000000000000000e+00
3.222999967673752328e-06,0.000000000000000000e+00
3.223499967659611362e-06,0.000000000000000000e+00
3.223999967645470396e-06,0.000000000000000000e+00
3.224499967631329431e-06,0.000000000000000000e+00
3.224999967617188465e-06,0.000000000000000000e+00
3.225499967603047499e-06,0.000000000000000000e+00
3.225999967588906533e-06,0.000000000000000000e+00
3.226499967574765568e-06,2.000000029802322388e-01
3.226999967560624602e-06,8.000000119209289551e-01
3.227499967546483636e-06,2.200000032782554626e+00
3.227999967532342671e-06,4.000000059604644775e+00
3.228499967518201705e-06,5.000000074505805969e+00
3.228999967504060739e-06,5.400000080466270447e+00
3.229499967489919773e-06,5.200000077486038208e+00
3.229999967475778808e-06,5.000000074505805969e+00
3.230499967461637842e-06,4.800000071525573730e+00
3.230999967447496876e-06,4.600000068545341492e+00
3.231499967433355910e-06,4.600000068545341492e+00
3.231999967419214945e-06,4.600000068545341492e+00
3.232499967405073979e-06,4.400000065565109253e+00
3.232999967390933013e-06,4.400000065565109253e+00
3.233499967376792048e-06,4.200000062584877014e+00
3.233999967362651082e-06,4.000000059604644775e+00
3.234499967348510116e-06,4.000000059604644775e+00
3.234999967334369150e-06,3.800000056624412537e+00
3.235499967320228185e-06,3.600000053644180298e+00
3.235999967306087219e-06,3.600000053644180298e+00
3.236499967291946253e-06,3.400000050663948059e+00
3.236999967277805287e-06,3.200000047683715820e+00
3.237499967263664322e-06,3.200000047683715820e+00
3.237999967249523356e-06,3.000000044703483582e+00
3.238499967235382390e-06,2.800000041723251343e+00
3.238999967221241424e-06,2.800000041723251343e+00
3.239499967207100459e-06,2.600000038743019104e+00
3.239999967192959493e-06,2.400000035762786865e+00
3.240499967178818527e-06,2.200000032782554626e+00
3.240999967164677562e-06,2.200000032782554626e+00
3.241499967150536596e-06,2.000000029802322388e+00
3.241999967136395630e-06,1.800000026822090149e+00
3.242499967122254664e-06,1.600000023841857910e+00
3.242999967108113699e-06,1.400000020861625671e+00
3.243499967093972733e-06,1.400000020861625671e+00
3.243999967079831767e-06,1.200000017881393433e+00
3.244499967065690801e-06,1.000000014901161194e+00
3.244999967051549836e-06,8.000000119209289551e-01
3.245499967037408870e-06,6.000000089406967163e-01
3.245999967023267904e-06,4.000000059604644775e-01
3.246499967009126938e-06,4.000000059604644775e-01
3.246999966994985973e-06,2.000000029802322388e-01
3.247499966980845007e-06,0.000000000000000000e+00
3.247999966966704041e-06,-2.000000029802322388e-01
3.248499966952563076e-06,-2.000000029802322388e-01
3.248999966938422110e-06,-4.000000059604644775e-01
3.249499966924281144e-06,-6.000000089406967163e-01
3.249999966910140178e-06,-8.000000119209289551e-01
3.250499966895999213e-06,-1.000000014901161194e+00
3.250999966881858247e-06,-1.000000014901161194e+00
3.251499966867717281e-06,-1.200000017881393433e+00
3.251999966853576315e-06,-1.400000020861625671e+00
3.252499966839435350e-06,-1.600000023841857910e+00
3.252999966825294384e-06,-1.800000026822090149e+00
3.253499966811153418e-06,-2.000000029802322388e+00
3.253999966797012453e-06,-2.200000032782554626e+00
3.254499966782871487e-06,-2.200000032782554626e+00
3.254999966768730521e-06,-2.400000035762786865e+00
3.255499966754589555e-06,-2.400000035762786865e+00
3.255999966740448590e-06,-2.600000038743019104e+00
3.256499966726307624e-06,-2.800000041723251343e+00
3.256999966712166658e-06,-2.800000041723251343e+00
3.257499966698025692e-06,-3.000000044703483582e+00
3.257999966683884727e-06,-3.200000047683715820e+00
3.258499966669743761e-06,-3.200000047683715820e+00
3.258999966655602795e-06,-3.400000050663948059e+00
3.259499966641461829e-06,-3.400000050663948059e+00
3.259999966627320864e-06,-3.600000053644180298e+00
3.260499966613179898e-06,-3.800000056624412537e+00
3.260999966599038932e-06,-3.800000056624412537e+00
3.261499966584897967e-06,-3.800000056624412537e+00
3.261999966570757001e-06,-4.000000059604644775e+00
3.262499966556616035e-06,-4.000000059604644775e+00
3.262999966542475069e-06,-4.200000062584877014e+00
3.263499966528334104e-06,-4.200000062584877014e+00
3.263999966514193138e-06,-4.400000065565109253e+00
3.264499966500052172e-06,-4.400000065565109253e+00
3.264999966485911206e-06,-4.400000065565109253e+00
3.265499966471770241e-06,-4.400000065565109253e+00
3.265999966457629275e-06,-4.600000068545341492e+00
3.266499966443488309e-06,-4.600000068545341492e+00
3.266999966429347343e-06,-4.800000071525573730e+00
3.267499966415206378e-06,-4.800000071525573730e+00
3.267999966401065412e-06,-4.800000071525573730e+00
3.268499966386924446e-06,-4.800000071525573730e+00
3.268999966372783481e-06,-4.800000071525573730e+00
3.269499966358642515e-06,-4.800000071525573730e+00
3.269999966344501549e-06,-4.800000071525573730e+00
3.270499966330360583e-06,-5.000000074505805969e+00
3.270999966316219618e-06,-5.000000074505805969e+00
3.271499966302078652e-06,-5.000000074505805969e+00
3.271999966287937686e-06,-5.000000074505805969e+00
3.272499966273796720e-06,-5.000000074505805969e+00
3.272999966259655755e-06,-5.000000074505805969e+00
3.273499966245514789e-06,-5.000000074505805969e+00
3.273999966231373823e-06,-4.800000071525573730e+00
3.274499966217232858e-06,-4.800000071525573730e+00
3.274999966203091892e-06,-4.800000071525573730e+00
3.275499966188950926e-06,-4.800000071525573730e+00
3.275999966174809960e-06,-4.800000071525573730e+00
3.276499966160668995e-06,-4.600000068545341492e+00
3.276999966146528029e-06,-4.600000068545341492e+00
3.277499966132387063e-06,-4.600000068545341492e+00
3.277999966118246097e-06,-4.600000068545341492e+00
3.278499966104105132e-06,-4.400000065565109253e+00
3.278999966089964166e-06,-4.400000065565109253e+00
3.279499966075823200e-06,-4.400000065565109253e+00
3.279999966061682234e-06,-4.200000062584877014e+00
3.280499966047541269e-06,-4.200000062584877014e+00
3.280999966033400303e-06,-4.200000062584877014e+00
3.281499966019259337e-06,-4.000000059604644775e+00
3.281999966005118372e-06,-4.000000059604644775e+00
3.282499965990977406e-06,-3.800000056624412537e+00
3.282999965976836440e-06,-3.800000056624412537e+00
3.283499965962695474e-06,-3.600000053644180298e+00
3.283999965948554509e-06,-3.600000053644180298e+00
3.284499965934413543e-06,-3.400000050663948059e+00
3.284999965920272577e-06,-3.400000050663948059e+00
3.285499965906131611e-06,-3.200000047683715820e+00
3.285999965891990646e-06,-3.200000047683715820e+00
3.286499965877849680e-06,-3.000000044703483582e+00
3.286999965863708714e-06,-2.800000041723251343e+00
3.287499965849567748e-06,-2.600000038743019104e+00
3.287999965835426783e-06,-2.600000038743019104e+00
3.288499965821285817e-06,-2.400000035762786865e+00
3.288999965807144851e-06,-2.200000032782554626e+00
3.289499965793003886e-06,-2.000000029802322388e+00
3.289999965778862920e-06,-2.000000029802322388e+00
3.290499965764721954e-06,-1.800000026822090149e+00
3.290999965750580988e-06,-1.800000026822090149e+00
3.291499965736440023e-06,-1.600000023841857910e+00
3.291999965722299057e-06,-1.400000020861625671e+00
3.292499965708158091e-06,-1.200000017881393433e+00
3.292999965694017125e-06,-1.000000014901161194e+00
3.293499965679876160e-06,-1.000000014901161194e+00
3.293999965665735194e-06,-8.000000119209289551e-01
3.294499965651594228e-06,-6.000000089406967163e-01
3.294999965637453263e-06,-4.000000059604644775e-01
3.295499965623312297e-06,-4.000000059604644775e-01
3.295999965609171331e-06,-2.000000029802322388e-01
3.296499965595030365e-06,0.000000000000000000e+00
3.296999965580889400e-06,2.000000029802322388e-01
3.297499965566748434e-06,4.000000059604644775e-01
3.297999965552607468e-06,6.000000089406967163e-01
3.298499965538466502e-06,8.000000119209289551e-01
3.298999965524325537e-06,8.000000119209289551e-01
3.299499965510184571e-06,1.000000014901161194e+00
3.299999965496043605e-06,1.200000017881393433e+00
3.300499965481902639e-06,1.400000020861625671e+00
3.300999965467761674e-06,1.400000020861625671e+00
3.301499965453620708e-06,1.600000023841857910e+00
3.301999965439479742e-06,1.800000026822090149e+00
3.302499965425338777e-06,1.800000026822090149e+00
3.302999965411197811e-06,2.000000029802322388e+00
3.303499965397056845e-06,2.200000032782554626e+00
3.303999965382915879e-06,2.200000032782554626e+00
3.304499965368774914e-06,2.400000035762786865e+00
3.304999965354633948e-06,2.600000038743019104e+00
3.305499965340492982e-06,2.800000041723251343e+00
3.305999965326352016e-06,2.800000041723251343e+00
3.306499965312211051e-06,3.000000044703483582e+00
3.306999965298070085e-06,3.000000044703483582e+00
3.307499965283929119e-06,3.200000047683715820e+00
3.307999965269788153e-06,3.400000050663948059e+00
3.308499965255647188e-06,3.600000053644180298e+00
3.308999965241506222e-06,3.600000053644180298e+00
3.309499965227365256e-06,3.800000056624412537e+00
3.309999965213224291e-06,3.800000056624412537e+00
3.310499965199083325e-06,3.800000056624412537e+00
3.310999965184942359e-06,4.000000059604644775e+00
3.311499965170801393e-06,4.000000059604644775e+00
3.311999965156660428e-06,4.200000062584877014e+00
3.312499965142519462e-06,4.400000065565109253e+00
3.312999965128378496e-06,4.400000065565109253e+00
3.313499965114237530e-06,4.400000065565109253e+00
3.313999965100096565e-06,4.600000068545341492e+00
3.314499965085955599e-06,4.600000068545341492e+00
3.314999965071814633e-06,4.800000071525573730e+00
3.315499965057673668e-06,4.800000071525573730e+00
3.315999965043532702e-06,4.800000071525573730e+00
3.316499965029391736e-06,4.800000071525573730e+00
3.316999965015250770e-06,5.000000074505805969e+00
3.317499965001109805e-06,5.000000074505805969e+00
3.317999964986968839e-06,5.000000074505805969e+00
3.318499964972827873e-06,5.000000074505805969e+00
3.318999964958686907e-06,5.200000077486038208e+00
3.319499964944545942e-06,5.000000074505805969e+00
3.319999964930404976e-06,5.000000074505805969e+00
3.320499964916264010e-06,5.000000074505805969e+00
3.320999964902123044e-06,5.200000077486038208e+00
3.321499964887982079e-06,5.200000077486038208e+00
3.321999964873841113e-06,5.200000077486038208e+00
3.322499964859700147e-06,5.200000077486038208e+00
3.322999964845559182e-06,5.200000077486038208e+00
3.323499964831418216e-06,5.000000074505805969e+00
3.323999964817277250e-06,5.000000074505805969e+00
3.324499964803136284e-06,5.000000074505805969e+00
3.324999964788995319e-06,5.000000074505805969e+00
3.325499964774854353e-06,5.000000074505805969e+00
3.325999964760713387e-06,5.000000074505805969e+00
3.326499964746572421e-06,4.800000071525573730e+00
3.326999964732431456e-06,4.800000071525573730e+00
3.327499964718290490e-06,4.800000071525573730e+00
3.327999964704149524e-06,4.800000071525573730e+00
3.328499964690008558e-06,4.800000071525573730e+00
3.328999964675867593e-06,4.600000068545341492e+00
3.329499964661726627e-06,4.600000068545341492e+00
3.329999964647585661e-06,4.400000065565109253e+00
3.330499964633444696e-06,4.400000065565109253e+00
3.330999964619303730e-06,4.200000062584877014e+00
3.331499964605162764e-06,4.200000062584877014e+00
3.331999964591021798e-06,4.200000062584877014e+00
3.332499964576880833e-06,4.000000059604644775e+00
3.332999964562739867e-06,4.000000059604644775e+00
3.333499964548598901e-06,3.800000056624412537e+00
3.333999964534457935e-06,3.800000056624412537e+00
3.334499964520316970e-06,3.600000053644180298e+00
3.334999964506176004e-06,3.400000050663948059e+00
3.335499964492035038e-06,3.400000050663948059e+00
3.335999964477894073e-06,3.200000047683715820e+00
3.336499964463753107e-06,3.200000047683715820e+00
3.336999964449612141e-06,3.000000044703483582e+00
3.337499964435471175e-06,2.800000041723251343e+00
3.337999964421330210e-06,2.800000041723251343e+00
3.338499964407189244e-06,2.600000038743019104e+00
3.338999964393048278e-06,2.400000035762786865e+00
3.339499964378907312e-06,2.400000035762786865e+00
3.339999964364766347e-06,2.200000032782554626e+00
3.340499964350625381e-06,2.000000029802322388e+00
3.340999964336484415e-06,2.000000029802322388e+00
3.341499964322343449e-06,1.800000026822090149e+00
3.341999964308202484e-06,1.600000023841857910e+00
3.342499964294061518e-06,1.400000020861625671e+00
3.342999964279920552e-06,1.200000017881393433e+00
3.343499964265779587e-06,1.000000014901161194e+00
3.343999964251638621e-06,1.000000014901161194e+00
3.344499964237497655e-06,8.000000119209289551e-01
3.344999964223356689e-06,6.000000089406967163e-01
3.345499964209215724e-06,6.000000089406967163e-01
3.345999964195074758e-06,4.000000059604644775e-01
3.346499964180933792e-06,2.000000029802322388e-01
3.346999964166792826e-06,0.000000000000000000e+00
3.347499964152651861e-06,-2.000000029802322388e-01
3.347999964138510895e-06,-4.000000059604644775e-01
3.348499964124369929e-06,-6.000000089406967163e-01
3.348999964110228963e-06,-6.000000089406967163e-01
3.349499964096087998e-06,-8.000000119209289551e-01
3.349999964081947032e-06,-1.000000014901161194e+00
3.350499964067806066e-06,-1.200000017881393433e+00
3.350999964053665101e-06,-1.400000020861625671e+00
3.351499964039524135e-06,-1.400000020861625671e+00
3.351999964025383169e-06,-1.600000023841857910e+00
3.352499964011242203e-06,-1.800000026822090149e+00
3.352999963997101238e-06,-1.800000026822090149e+00
3.353499963982960272e-06,-2.000000029802322388e+00
3.353999963968819306e-06,-2.200000032782554626e+00
3.354499963954678340e-06,-2.400000035762786865e+00
3.354999963940537375e-06,-2.400000035762786865e+00
3.355499963926396409e-06,-2.600000038743019104e+00
3.355999963912255443e-06,-2.800000041723251343e+00
3.356499963898114478e-06,-2.800000041723251343e+00
3.356999963883973512e-06,-3.000000044703483582e+00
3.357499963869832546e-06,-3.000000044703483582e+00
3.357999963855691580e-06,-3.200000047683715820e+00
3.358499963841550615e-06,-3.400000050663948059e+00
3.358999963827409649e-06,-3.600000053644180298e+00
3.359499963813268683e-06,-3.600000053644180298e+00
3.359999963799127717e-06,-3.800000056624412537e+00
3.360499963784986752e-06,-3.800000056624412537e+00
3.360999963770845786e-06,-4.000000059604644775e+00
3.361499963756704820e-06,-4.000000059604644775e+00
3.361999963742563854e-06,-4.000000059604644775e+00
3.362499963728422889e-06,-4.200000062584877014e+00
3.362999963714281923e-06,-4.200000062584877014e+00
3.363499963700140957e-06,-4.400000065565109253e+00
3.363999963685999992e-06,-4.400000065565109253e+00
3.364499963671859026e-06,-4.600000068545341492e+00
3.364999963657718060e-06,-4.600000068545341492e+00
3.365499963643577094e-06,-4.600000068545341492e+00
3.365999963629436129e-06,-4.800000071525573730e+00
3.366499963615295163e-06,-4.800000071525573730e+00
3.366999963601154197e-06,-4.800000071525573730e+00
3.367499963587013231e-06,-4.800000071525573730e+00
3.367999963572872266e-06,-4.800000071525573730e+00
3.368499963558731300e-06,-5.000000074505805969e+00
3.368999963544590334e-06,-5.000000074505805969e+00
3.369499963530449368e-06,-5.000000074505805969e+00
3.369999963516308403e-06,-5.000000074505805969e+00
3.370499963502167437e-06,-5.000000074505805969e+00
3.370999963488026471e-06,-5.000000074505805969e+00
3.371499963473885506e-06,-5.000000074505805969e+00
3.371999963459744540e-06,-5.000000074505805969e+00
3.372499963445603574e-06,-5.000000074505805969e+00
3.372999963431462608e-06,-5.000000074505805969e+00
3.373499963417321643e-06,-5.000000074505805969e+00
3.373999963403180677e-06,-5.000000074505805969e+00
3.374499963389039711e-06,-5.000000074505805969e+00
3.374999963374898745e-06,-5.000000074505805969e+00
3.375499963360757780e-06,-5.000000074505805969e+00
3.375999963346616814e-06,-5.000000074505805969e+00
3.376499963332475848e-06,-4.800000071525573730e+00
3.376999963318334883e-06,-4.800000071525573730e+00
3.377499963304193917e-06,-4.600000068545341492e+00
3.377999963290052951e-06,-4.600000068545341492e+00
3.378499963275911985e-06,-4.600000068545341492e+00
3.378999963261771020e-06,-4.600000068545341492e+00
3.379499963247630054e-06,-4.400000065565109253e+00
3.379999963233489088e-06,-4.400000065565109253e+00
3.380499963219348122e-06,-4.400000065565109253e+00
3.380999963205207157e-06,-4.200000062584877014e+00
3.381499963191066191e-06,-4.200000062584877014e+00
3.381999963176925225e-06,-4.000000059604644775e+00
3.382499963162784259e-06,-4.000000059604644775e+00
3.382999963148643294e-06,-3.800000056624412537e+00
3.383499963134502328e-06,-3.800000056624412537e+00
3.383999963120361362e-06,-3.600000053644180298e+00
3.384499963106220397e-06,-3.400000050663948059e+00
3.384999963092079431e-06,-3.400000050663948059e+00
3.385499963077938465e-06,-3.200000047683715820e+00
3.385999963063797499e-06,-3.200000047683715820e+00
3.386499963049656534e-06,-3.000000044703483582e+00
3.386999963035515568e-06,-3.000000044703483582e+00
3.387499963021374602e-06,-2.800000041723251343e+00
3.387999963007233636e-06,-2.600000038743019104e+00
3.388499962993092671e-06,-2.600000038743019104e+00
3.388999962978951705e-06,-2.400000035762786865e+00
3.389499962964810739e-06,-2.400000035762786865e+00
3.389999962950669773e-06,-2.200000032782554626e+00
3.390499962936528808e-06,-2.000000029802322388e+00
3.390999962922387842e-06,-1.800000026822090149e+00
3.391499962908246876e-06,-1.600000023841857910e+00
3.391999962894105911e-06,-1.400000020861625671e+00
3.392499962879964945e-06,-1.400000020861625671e+00
3.392999962865823979e-06,-1.200000017881393433e+00
3.393499962851683013e-06,-1.000000014901161194e+00
3.393999962837542048e-06,-1.000000014901161194e+00
3.394499962823401082e-06,-8.000000119209289551e-01
3.394999962809260116e-06,-6.000000089406967163e-01
3.395499962795119150e-06,-4.000000059604644775e-01
3.395999962780978185e-06,-2.000000029802322388e-01
3.396499962766837219e-06,0.000000000000000000e+00
3.396999962752696253e-06,0.000000000000000000e+00
3.397499962738555288e-06,2.000000029802322388e-01
3.397999962724414322e-06,4.000000059604644775e-01
3.398499962710273356e-06,6.000000089406967163e-01
3.398999962696132390e-06,6.000000089406967163e-01
3.399499962681991425e-06,8.000000119209289551e-01
3.399999962667850459e-06,1.000000014901161194e+00
3.400499962653709493e-06,1.200000017881393433e+00
3.400999962639568527e-06,1.400000020861625671e+00
3.401499962625427562e-06,1.400000020861625671e+00
3.401999962611286596e-06,1.600000023841857910e+00
3.402499962597145630e-06,1.800000026822090149e+00
3.402999962583004664e-06,2.000000029802322388e+00
3.403499962568863699e-06,2.200000032782554626e+00
3.403999962554722733e-06,2.200000032782554626e+00
3.404499962540581767e-06,2.400000035762786865e+00
3.404999962526440802e-06,2.600000038743019104e+00
3.405499962512299836e-06,2.600000038743019104e+00
3.405999962498158870e-06,2.800000041723251343e+00
3.406499962484017904e-06,3.000000044703483582e+00
3.406999962469876939e-06,3.000000044703483582e+00
3.407499962455735973e-06,3.200000047683715820e+00
3.407999962441595007e-06,3.200000047683715820e+00
3.408499962427454041e-06,3.400000050663948059e+00
3.408999962413313076e-06,3.400000050663948059e+00
3.409499962399172110e-06,3.600000053644180298e+00
3.409999962385031144e-06,3.600000053644180298e+00
3.410499962370890178e-06,3.800000056624412537e+00
3.410999962356749213e-06,4.000000059604644775e+00
3.411499962342608247e-06,4.000000059604644775e+00
3.411999962328467281e-06,4.000000059604644775e+00
3.412499962314326316e-06,4.200000062584877014e+00
3.412999962300185350e-06,4.400000065565109253e+00
3.413499962286044384e-06,4.400000065565109253e+00
3.413999962271903418e-06,4.600000068545341492e+00
3.414499962257762453e-06,4.600000068545341492e+00
3.414999962243621487e-06,4.600000068545341492e+00
3.415499962229480521e-06,4.600000068545341492e+00
3.415999962215339555e-06,4.600000068545341492e+00
3.416499962201198590e-06,4.800000071525573730e+00
3.416999962187057624e-06,4.800000071525573730e+00
3.417499962172916658e-06,4.800000071525573730e+00
3.417999962158775693e-06,4.800000071525573730e+00
3.418499962144634727e-06,4.800000071525573730e+00
3.418999962130493761e-06,5.000000074505805969e+00
3.419499962116352795e-06,5.000000074505805969e+00
3.419999962102211830e-06,5.000000074505805969e+00
3.420499962088070864e-06,5.000000074505805969e+00
3.420999962073929898e-06,5.000000074505805969e+00
3.421499962059788932e-06,5.000000074505805969e+00
3.421999962045647967e-06,5.000000074505805969e+00
3.422499962031507001e-06,5.000000074505805969e+00
3.422999962017366035e-06,5.000000074505805969e+00
3.423499962003225069e-06,5.000000074505805969e+00
3.423999961989084104e-06,5.000000074505805969e+00
3.424499961974943138e-06,5.000000074505805969e+00
3.424999961960802172e-06,5.000000074505805969e+00
3.425499961946661207e-06,5.000000074505805969e+00
3.425999961932520241e-06,5.000000074505805969e+00
3.426499961918379275e-06,4.800000071525573730e+00
3.426999961904238309e-06,4.800000071525573730e+00
3.427499961890097344e-06,4.800000071525573730e+00
3.427999961875956378e-06,4.600000068545341492e+00
3.428499961861815412e-06,4.600000068545341492e+00
3.428999961847674446e-06,4.600000068545341492e+00
3.429499961833533481e-06,4.400000065565109253e+00
3.429999961819392515e-06,4.400000065565109253e+00
3.430499961805251549e-06,4.400000065565109253e+00
3.430999961791110583e-06,4.200000062584877014e+00
3.431499961776969618e-06,4.200000062584877014e+00
3.431999961762828652e-06,4.000000059604644775e+00
3.432499961748687686e-06,4.000000059604644775e+00
3.432999961734546721e-06,3.800000056624412537e+00
3.433499961720405755e-06,3.800000056624412537e+00
3.433999961706264789e-06,3.600000053644180298e+00
3.434499961692123823e-06,3.600000053644180298e+00
3.434999961677982858e-06,3.400000050663948059e+00
3.435499961663841892e-06,3.400000050663948059e+00
3.435999961649700926e-06,3.200000047683715820e+00
3.436499961635559960e-06,3.000000044703483582e+00
3.436999961621418995e-06,3.000000044703483582e+00
3.437499961607278029e-06,2.800000041723251343e+00
3.437999961593137063e-06,2.600000038743019104e+00
3.438499961578996098e-06,2.400000035762786865e+00
3.438999961564855132e-06,2.400000035762786865e+00
3.439499961550714166e-06,2.200000032782554626e+00
3.439999961536573200e-06,2.000000029802322388e+00
3.440499961522432235e-06,2.000000029802322388e+00
3.440999961508291269e-06,1.800000026822090149e+00
3.441499961494150303e-06,1.600000023841857910e+00
3.441999961480009337e-06,1.400000020861625671e+00
3.442499961465868372e-06,1.200000017881393433e+00
3.442999961451727406e-06,1.200000017881393433e+00
3.443499961437586440e-06,1.000000014901161194e+00
3.443999961423445474e-06,8.000000119209289551e-01
3.444499961409304509e-06,6.000000089406967163e-01
3.444999961395163543e-06,4.000000059604644775e-01
3.445499961381022577e-06,4.000000059604644775e-01
3.445999961366881612e-06,2.000000029802322388e-01
3.446499961352740646e-06,0.000000000000000000e+00
3.446999961338599680e-06,0.000000000000000000e+00
3.447499961324458714e-06,-2.000000029802322388e-01
3.447999961310317749e-06,-4.000000059604644775e-01
3.448499961296176783e-06,-6.000000089406967163e-01
3.448999961282035817e-06,-8.000000119209289551e-01
3.449499961267894851e-06,-1.000000014901161194e+00
3.449999961253753886e-06,-1.000000014901161194e+00
3.450499961239612920e-06,-1.200000017881393433e+00
3.450999961225471954e-06,-1.400000020861625671e+00
3.451499961211330988e-06,-1.600000023841857910e+00
3.451999961197190023e-06,-1.600000023841857910e+00
3.452499961183049057e-06,-1.800000026822090149e+00
3.452999961168908091e-06,-2.000000029802322388e+00
3.453499961154767126e-06,-2.000000029802322388e+00
3.453999961140626160e-06,-2.200000032782554626e+00
3.454499961126485194e-06,-2.400000035762786865e+00
3.454999961112344228e-06,-2.600000038743019104e+00
3.455499961098203263e-06,-2.600000038743019104e+00
3.455999961084062297e-06,-2.800000041723251343e+00
3.456499961069921331e-06,-3.000000044703483582e+00
3.456999961055780365e-06,-3.000000044703483582e+00
3.457499961041639400e-06,-3.200000047683715820e+00
3.457999961027498434e-06,-3.400000050663948059e+00
3.458499961013357468e-06,-3.400000050663948059e+00
3.458999960999216503e-06,-3.600000053644180298e+00
3.459499960985075537e-06,-3.800000056624412537e+00
3.459999960970934571e-06,-3.800000056624412537e+00
3.460499960956793605e-06,-3.800000056624412537e+00
3.460999960942652640e-06,-4.000000059604644775e+00
3.461499960928511674e-06,-4.000000059604644775e+00
3.461999960914370708e-06,-4.200000062584877014e+00
3.462499960900229742e-06,-4.200000062584877014e+00
3.462999960886088777e-06,-4.200000062584877014e+00
3.463499960871947811e-06,-4.400000065565109253e+00
3.463999960857806845e-06,-4.400000065565109253e+00
3.464499960843665879e-06,-4.600000068545341492e+00
3.464999960829524914e-06,-4.600000068545341492e+00
3.465499960815383948e-06,-4.600000068545341492e+00
3.465999960801242982e-06,-4.800000071525573730e+00
3.466499960787102017e-06,-4.800000071525573730e+00
3.466999960772961051e-06,-4.800000071525573730e+00
3.467499960758820085e-06,-4.800000071525573730e+00
3.467999960744679119e-06,-5.000000074505805969e+00
3.468499960730538154e-06,-5.000000074505805969e+00
3.468999960716397188e-06,-5.000000074505805969e+00
3.469499960702256222e-06,-5.000000074505805969e+00
3.469999960688115256e-06,-5.000000074505805969e+00
3.470499960673974291e-06,-5.200000077486038208e+00
3.470999960659833325e-06,-5.200000077486038208e+00
3.471499960645692359e-06,-5.000000074505805969e+00
3.471999960631551393e-06,-5.200000077486038208e+00
3.472499960617410428e-06,-5.000000074505805969e+00
3.472999960603269462e-06,-5.000000074505805969e+00
3.473499960589128496e-06,-5.000000074505805969e+00
3.473999960574987531e-06,-5.000000074505805969e+00
3.474499960560846565e-06,-5.000000074505805969e+00
3.474999960546705599e-06,-5.000000074505805969e+00
3.475499960532564633e-06,-5.000000074505805969e+00
3.475999960518423668e-06,-5.000000074505805969e+00
3.476499960504282702e-06,-5.000000074505805969e+00
3.476999960490141736e-06,-4.800000071525573730e+00
3.477499960476000770e-06,-4.800000071525573730e+00
3.477999960461859805e-06,-4.600000068545341492e+00
3.478499960447718839e-06,-4.600000068545341492e+00
3.478999960433577873e-06,-4.600000068545341492e+00
3.479499960419436908e-06,-4.600000068545341492e+00
3.479999960405295942e-06,-4.400000065565109253e+00
3.480499960391154976e-06,-4.400000065565109253e+00
3.480999960377014010e-06,-4.200000062584877014e+00
3.481499960362873045e-06,-4.200000062584877014e+00
3.481999960348732079e-06,-4.200000062584877014e+00
3.482499960334591113e-06,-4.000000059604644775e+00
3.482999960320450147e-06,-4.000000059604644775e+00
3.483499960306309182e-06,-3.800000056624412537e+00
3.483999960292168216e-06,-3.800000056624412537e+00
3.484499960278027250e-06,-3.600000053644180298e+00
3.484999960263886284e-06,-3.400000050663948059e+00
3.485499960249745319e-06,-3.400000050663948059e+00
3.485999960235604353e-06,-3.200000047683715820e+00
3.486499960221463387e-06,-3.200000047683715820e+00
3.486999960207322422e-06,-2.800000041723251343e+00
3.487499960193181456e-06,-2.200000032782554626e+00
3.487999960179040490e-06,-1.000000014901161194e+00
3.488499960164899524e-06,4.000000059604644775e-01
3.488999960150758559e-06,1.200000017881393433e+00
3.489499960136617593e-06,1.400000020861625671e+00
3.489999960122476627e-06,1.200000017881393433e+00
3.490499960108335661e-06,1.000000014901161194e+00
3.490999960094194696e-06,1.000000014901161194e+00
3.491499960080053730e-06,1.000000014901161194e+00
3.491999960065912764e-06,1.000000014901161194e+00
3.492499960051771798e-06,1.000000014901161194e+00
3.492999960037630833e-06,1.000000014901161194e+00
3.493499960023489867e-06,1.000000014901161194e+00
3.493999960009348901e-06,1.000000014901161194e+00
3.494499959995207936e-06,1.000000014901161194e+00
3.494999959981066970e-06,1.000000014901161194e+00
3.495499959966926004e-06,1.000000014901161194e+00
3.495999959952785038e-06,1.000000014901161194e+00
3.496499959938644073e-06,1.000000014901161194e+00
3.496999959924503107e-06,8.000000119209289551e-01
3.497499959910362141e-06,8.000000119209289551e-01
3.497999959896221175e-06,8.000000119209289551e-01
3.498499959882080210e-06,8.000000119209289551e-01
3.498999959867939244e-06,8.000000119209289551e-01
3.499499959853798278e-06,8.000000119209289551e-01
3.499999959839657313e-06,8.000000119209289551e-01
3.500499959825516347e-06,8.000000119209289551e-01
3.500999959811375381e-06,8.000000119209289551e-01
3.501499959797234415e-06,8.000000119209289551e-01
3.501999959783093450e-06,8.000000119209289551e-01
3.502499959768952484e-06,8.000000119209289551e-01
3.502999959754811518e-06,6.000000089406967163e-01
3.503499959740670552e-06,6.000000089406967163e-01
3.503999959726529587e-06,8.000000119209289551e-01
3.504499959712388621e-06,8.000000119209289551e-01
3.504999959698247655e-06,8.000000119209289551e-01
3.505499959684106689e-06,8.000000119209289551e-01
3.505999959669965724e-06,8.000000119209289551e-01
3.506499959655824758e-06,8.000000119209289551e-01
3.506999959641683792e-06,8.000000119209289551e-01
3.507499959627542827e-06,8.000000119209289551e-01
3.507999959613401861e-06,8.000000119209289551e-01
3.508499959599260895e-06,6.000000089406967163e-01
3.508999959585119929e-06,6.000000089406967163e-01
3.509499959570978964e-06,6.000000089406967163e-01
3.509999959556837998e-06,6.000000089406967163e-01
3.510499959542697032e-06,6.000000089406967163e-01
3.510999959528556066e-06,6.000000089406967163e-01
3.511499959514415101e-06,6.000000089406967163e-01
3.511999959500274135e-06,6.000000089406967163e-01
3.512499959486133169e-06,6.000000089406967163e-01
3.512999959471992203e-06,6.000000089406967163e-01
3.513499959457851238e-06,6.000000089406967163e-01
3.513999959443710272e-06,6.000000089406967163e-01
3.514499959429569306e-06,6.000000089406967163e-01
3.514999959415428341e-06,6.000000089406967163e-01
3.515499959401287375e-06,6.000000089406967163e-01
3.515999959387146409e-06,6.000000089406967163e-01
3.516499959373005443e-06,6.000000089406967163e-01
3.516999959358864478e-06,6.000000089406967163e-01
3.517499959344723512e-06,6.000000089406967163e-01
3.517999959330582546e-06,6.000000089406967163e-01
3.518499959316441580e-06,6.000000089406967163e-01
3.518999959302300615e-06,6.000000089406967163e-01
3.519499959288159649e-06,6.000000089406967163e-01
3.519999959274018683e-06,6.000000089406967163e-01
3.520499959259877718e-06,6.000000089406967163e-01
3.520999959245736752e-06,6.000000089406967163e-01
3.521499959231595786e-06,6.000000089406967163e-01
3.521999959217454820e-06,6.000000089406967163e-01
3.522499959203313855e-06,6.000000089406967163e-01
3.522999959189172889e-06,6.000000089406967163e-01
3.523499959175031923e-06,6.000000089406967163e-01
3.523999959160890957e-06,6.000000089406967163e-01
3.524499959146749992e-06,6.000000089406967163e-01
3.524999959132609026e-06,6.000000089406967163e-01
3.525499959118468060e-06,6.000000089406967163e-01
3.525999959104327094e-06,6.000000089406967163e-01
3.526499959090186129e-06,6.000000089406967163e-01
3.526999959076045163e-06,6.000000089406967163e-01
3.527499959061904197e-06,6.000000089406967163e-01
3.527999959047763232e-06,6.000000089406967163e-01
3.528499959033622266e-06,6.000000089406967163e-01
3.528999959019481300e-06,6.000000089406967163e-01
3.529499959005340334e-06,6.000000089406967163e-01
3.529999958991199369e-06,6.000000089406967163e-01
3.530499958977058403e-06,6.000000089406967163e-01
3.530999958962917437e-06,6.000000089406967163e-01
3.531499958948776471e-06,6.000000089406967163e-01
3.531999958934635506e-06,6.000000089406967163e-01
3.532499958920494540e-06,6.000000089406967163e-01
3.532999958906353574e-06,6.000000089406967163e-01
3.533499958892212608e-06,6.000000089406967163e-01
3.533999958878071643e-06,6.000000089406967163e-01
3.534499958863930677e-06,6.000000089406967163e-01
3.534999958849789711e-06,4.000000059604644775e-01
3.535499958835648746e-06,6.000000089406967163e-01
3.535999958821507780e-06,6.000000089406967163e-01
3.536499958807366814e-06,6.000000089406967163e-01
3.536999958793225848e-06,4.000000059604644775e-01
3.537499958779084883e-06,4.000000059604644775e-01
3.537999958764943917e-06,4.000000059604644775e-01
3.538499958750802951e-06,4.000000059604644775e-01
3.538999958736661985e-06,4.000000059604644775e-01
3.539499958722521020e-06,4.000000059604644775e-01
3.539999958708380054e-06,4.000000059604644775e-01
3.540499958694239088e-06,4.000000059604644775e-01
3.540999958680098123e-06,4.000000059604644775e-01
3.541499958665957157e-06,4.000000059604644775e-01
3.541999958651816191e-06,4.000000059604644775e-01
3.542499958637675225e-06,4.000000059604644775e-01
3.542999958623534260e-06,4.000000059604644775e-01
3.543499958609393294e-06,4.000000059604644775e-01
3.543999958595252328e-06,4.000000059604644775e-01
3.544499958581111362e-06,4.000000059604644775e-01
3.544999958566970397e-06,4.000000059604644775e-01
3.545499958552829431e-06,4.000000059604644775e-01
3.545999958538688465e-06,4.000000059604644775e-01
3.546499958524547499e-06,4.000000059604644775e-01
3.546999958510406534e-06,4.000000059604644775e-01
3.547499958496265568e-06,4.000000059604644775e-01
3.547999958482124602e-06,4.000000059604644775e-01
3.548499958467983637e-06,4.000000059604644775e-01
3.548999958453842671e-06,4.000000059604644775e-01
3.549499958439701705e-06,4.000000059604644775e-01
3.549999958425560739e-06,4.000000059604644775e-01
3.550499958411419774e-06,4.000000059604644775e-01
3.550999958397278808e-06,4.000000059604644775e-01
3.551499958383137842e-06,4.000000059604644775e-01
3.551999958368996876e-06,4.000000059604644775e-01
3.552499958354855911e-06,4.000000059604644775e-01
3.552999958340714945e-06,4.000000059604644775e-01
3.553499958326573979e-06,4.000000059604644775e-01
3.553999958312433013e-06,4.000000059604644775e-01
3.554499958298292048e-06,4.000000059604644775e-01
3.554999958284151082e-06,4.000000059604644775e-01
3.555499958270010116e-06,4.000000059604644775e-01
3.555999958255869151e-06,4.000000059604644775e-01
3.556499958241728185e-06,4.000000059604644775e-01
3.556999958227587219e-06,4.000000059604644775e-01
3.557499958213446253e-06,4.000000059604644775e-01
3.557999958199305288e-06,4.000000059604644775e-01
3.558499958185164322e-06,4.000000059604644775e-01
3.558999958171023356e-06,4.000000059604644775e-01
3.559499958156882390e-06,4.000000059604644775e-01
3.559999958142741425e-06,4.000000059604644775e-01
3.560499958128600459e-06,4.000000059604644775e-01
3.560999958114459493e-06,4.000000059604644775e-01
3.561499958100318528e-06,4.000000059604644775e-01
3.561999958086177562e-06,4.000000059604644775e-01
3.562499958072036596e-06,4.000000059604644775e-01
3.562999958057895630e-06,4.000000059604644775e-01
3.563499958043754665e-06,4.000000059604644775e-01
3.563999958029613699e-06,4.000000059604644775e-01
3.564499958015472733e-06,4.000000059604644775e-01
3.564999958001331767e-06,4.000000059604644775e-01
3.565499957987190802e-06,4.000000059604644775e-01
3.565999957973049836e-06,4.000000059604644775e-01
3.566499957958908870e-06,4.000000059604644775e-01
3.566999957944767904e-06,2.000000029802322388e-01
3.567499957930626939e-06,4.000000059604644775e-01
3.567999957916485973e-06,4.000000059604644775e-01
3.568499957902345007e-06,4.000000059604644775e-01
3.568999957888204042e-06,4.000000059604644775e-01
3.569499957874063076e-06,2.000000029802322388e-01
3.569999957859922110e-06,4.000000059604644775e-01
3.570499957845781144e-06,4.000000059604644775e-01
3.570999957831640179e-06,4.000000059604644775e-01
3.571499957817499213e-06,4.000000059604644775e-01
3.571999957803358247e-06,4.000000059604644775e-01
3.572499957789217281e-06,4.000000059604644775e-01
3.572999957775076316e-06,2.000000029802322388e-01
3.573499957760935350e-06,4.000000059604644775e-01
3.573999957746794384e-06,4.000000059604644775e-01
3.574499957732653418e-06,4.000000059604644775e-01
3.574999957718512453e-06,2.000000029802322388e-01
3.575499957704371487e-06,2.000000029802322388e-01
3.575999957690230521e-06,2.000000029802322388e-01
3.576499957676089556e-06,2.000000029802322388e-01
3.576999957661948590e-06,2.000000029802322388e-01
3.577499957647807624e-06,2.000000029802322388e-01
3.577999957633666658e-06,2.000000029802322388e-01
3.578499957619525693e-06,4.000000059604644775e-01
3.578999957605384727e-06,2.000000029802322388e-01
3.579499957591243761e-06,4.000000059604644775e-01
3.579999957577102795e-06,2.000000029802322388e-01
3.580499957562961830e-06,2.000000029802322388e-01
3.580999957548820864e-06,2.000000029802322388e-01
3.581499957534679898e-06,2.000000029802322388e-01
3.581999957520538933e-06,2.000000029802322388e-01
3.582499957506397967e-06,2.000000029802322388e-01
3.582999957492257001e-06,2.000000029802322388e-01
3.583499957478116035e-06,2.000000029802322388e-01
3.583999957463975070e-06,2.000000029802322388e-01
3.584499957449834104e-06,2.000000029802322388e-01
3.584999957435693138e-06,2.000000029802322388e-01
3.585499957421552172e-06,2.000000029802322388e-01
3.585999957407411207e-06,2.000000029802322388e-01
3.586499957393270241e-06,2.000000029802322388e-01
3.586999957379129275e-06,2.000000029802322388e-01
3.587499957364988309e-06,2.000000029802322388e-01
3.587999957350847344e-06,2.000000029802322388e-01
3.588499957336706378e-06,2.000000029802322388e-01
3.588999957322565412e-06,2.000000029802322388e-01
3.589499957308424447e-06,2.000000029802322388e-01
3.589999957294283481e-06,2.000000029802322388e-01
3.590499957280142515e-06,2.000000029802322388e-01
3.590999957266001549e-06,2.000000029802322388e-01
3.591499957251860584e-06,2.000000029802322388e-01
3.591999957237719618e-06,2.000000029802322388e-01
3.592499957223578652e-06,2.000000029802322388e-01
3.592999957209437686e-06,2.000000029802322388e-01
3.593499957195296721e-06,2.000000029802322388e-01
3.593999957181155755e-06,2.000000029802322388e-01
3.594499957167014789e-06,2.000000029802322388e-01
3.594999957152873823e-06,2.000000029802322388e-01
3.595499957138732858e-06,2.000000029802322388e-01
3.595999957124591892e-06,2.000000029802322388e-01
3.596499957110450926e-06,2.000000029802322388e-01
3.596999957096309961e-06,2.000000029802322388e-01
3.597499957082168995e-06,2.000000029802322388e-01
3.597999957068028029e-06,2.000000029802322388e-01
3.598499957053887063e-06,2.000000029802322388e-01
3.598999957039746098e-06,2.000000029802322388e-01
3.599499957025605132e-06,2.000000029802322388e-01
3.599999957011464166e-06,2.000000029802322388e-01
3.600499956997323200e-06,2.000000029802322388e-01
3.600999956983182235e-06,2.000000029802322388e-01
3.601499956969041269e-06,2.000000029802322388e-01
3.601999956954900303e-06,2.000000029802322388e-01
3.602499956940759338e-06,2.000000029802322388e-01
3.602999956926618372e-06,2.000000029802322388e-01
3.603499956912477406e-06,2.000000029802322388e-01
3.603999956898336440e-06,2.000000029802322388e-01
3.604499956884195475e-06,2.000000029802322388e-01
3.604999956870054509e-06,2.000000029802322388e-01
3.605499956855913543e-06,2.000000029802322388e-01
3.605999956841772577e-06,2.000000029802322388e-01
3.606499956827631612e-06,2.000000029802322388e-01
3.606999956813490646e-06,2.000000029802322388e-01
3.607499956799349680e-06,2.000000029802322388e-01
3.607999956785208714e-06,2.000000029802322388e-01
3.608499956771067749e-06,2.000000029802322388e-01
3.608999956756926783e-06,2.000000029802322388e-01
3.609499956742785817e-06,2.000000029802322388e-01
3.609999956728644852e-06,2.000000029802322388e-01
3.610499956714503886e-06,2.000000029802322388e-01
3.610999956700362920e-06,2.000000029802322388e-01
3.611499956686221954e-06,2.000000029802322388e-01
3.611999956672080989e-06,2.000000029802322388e-01
3.612499956657940023e-06,2.000000029802322388e-01
3.612999956643799057e-06,2.000000029802322388e-01
3.613499956629658091e-06,2.000000029802322388e-01
3.613999956615517126e-06,2.000000029802322388e-01
3.614499956601376160e-06,2.000000029802322388e-01
3.614999956587235194e-06,2.000000029802322388e-01
3.615499956573094228e-06,2.000000029802322388e-01
3.615999956558953263e-06,2.000000029802322388e-01
3.616499956544812297e-06,2.000000029802322388e-01
3.616999956530671331e-06,2.000000029802322388e-01
3.617499956516530366e-06,2.000000029802322388e-01
3.617999956502389400e-06,2.000000029802322388e-01
3.618499956488248434e-06,2.000000029802322388e-01
3.618999956474107468e-06,0.000000000000000000e+00
3.619499956459966503e-06,2.000000029802322388e-01
3.619999956445825537e-06,2.000000029802322388e-01
3.620499956431684571e-06,2.000000029802322388e-01
3.620999956417543605e-06,2.000000029802322388e-01
3.621499956403402640e-06,2.000000029802322388e-01
3.621999956389261674e-06,2.000000029802322388e-01
3.622499956375120708e-06,0.000000000000000000e+00
3.622999956360979743e-06,0.000000000000000000e+00
3.623499956346838777e-06,0.000000000000000000e+00
3.623999956332697811e-06,2.000000029802322388e-01
3.624499956318556845e-06,2.000000029802322388e-01
3.624999956304415880e-06,2.000000029802322388e-01
3.625499956290274914e-06,2.000000029802322388e-01
3.625999956276133948e-06,0.000000000000000000e+00
3.626499956261992982e-06,0.000000000000000000e+00
3.626999956247852017e-06,0.000000000000000000e+00
3.627499956233711051e-06,2.000000029802322388e-01
3.627999956219570085e-06,2.000000029802322388e-01
3.628499956205429119e-06,0.000000000000000000e+00
3.628999956191288154e-06,0.000000000000000000e+00
3.629499956177147188e-06,0.000000000000000000e+00
3.629999956163006222e-06,2.000000029802322388e-01
3.630499956148865257e-06,2.000000029802322388e-01
3.630999956134724291e-06,2.000000029802322388e-01
3.631499956120583325e-06,2.000000029802322388e-01
3.631999956106442359e-06,2.000000029802322388e-01
3.632499956092301394e-06,2.000000029802322388e-01
3.632999956078160428e-06,0.000000000000000000e+00
3.633499956064019462e-06,2.000000029802322388e-01
3.633999956049878496e-06,0.000000000000000000e+00
3.634499956035737531e-06,0.000000000000000000e+00
3.634999956021596565e-06,0.000000000000000000e+00
3.635499956007455599e-06,2.000000029802322388e-01
3.635999955993314633e-06,0.000000000000000000e+00
3.636499955979173668e-06,0.000000000000000000e+00
3.636999955965032702e-06,0.000000000000000000e+00
3.637499955950891736e-06,0.000000000000000000e+00
3.637999955936750771e-06,2.000000029802322388e-01
3.638499955922609805e-06,0.000000000000000000e+00
3.638999955908468839e-06,0.000000000000000000e+00
3.639499955894327873e-06,0.000000000000000000e+00
3.639999955880186908e-06,0.000000000000000000e+00
3.640499955866045942e-06,2.000000029802322388e-01
3.640999955851904976e-06,2.000000029802322388e-01
3.641499955837764010e-06,2.000000029802322388e-01
3.641999955823623045e-06,0.000000000000000000e+00
3.642499955809482079e-06,2.000000029802322388e-01
3.642999955795341113e-06,0.000000000000000000e+00
3.643499955781200148e-06,0.000000000000000000e+00
3.643999955767059182e-06,0.000000000000000000e+00
3.644499955752918216e-06,0.000000000000000000e+00
3.644999955738777250e-06,0.000000000000000000e+00
3.645499955724636285e-06,2.000000029802322388e-01
3.645999955710495319e-06,2.000000029802322388e-01
3.646499955696354353e-06,2.000000029802322388e-01
3.646999955682213387e-06,0.000000000000000000e+00
3.647499955668072422e-06,0.000000000000000000e+00
3.647999955653931456e-06,0.000000000000000000e+00
3.648499955639790490e-06,0.000000000000000000e+00
3.648999955625649524e-06,0.000000000000000000e+00
3.649499955611508559e-06,0.000000000000000000e+00
3.649999955597367593e-06,0.000000000000000000e+00
3.650499955583226627e-06,0.000000000000000000e+00
3.650999955569085662e-06,0.000000000000000000e+00
3.651499955554944696e-06,0.000000000000000000e+00
3.651999955540803730e-06,0.000000000000000000e+00
3.652499955526662764e-06,0.000000000000000000e+00
3.652999955512521799e-06,0.000000000000000000e+00
3.653499955498380833e-06,0.000000000000000000e+00
3.653999955484239867e-06,0.000000000000000000e+00
3.654499955470098901e-06,0.000000000000000000e+00
3.654999955455957936e-06,0.000000000000000000e+00
3.655499955441816970e-06,0.000000000000000000e+00
3.655999955427676004e-06,0.000000000000000000e+00
3.656499955413535038e-06,0.000000000000000000e+00
3.656999955399394073e-06,0.000000000000000000e+00
3.657499955385253107e-06,0.000000000000000000e+00
3.657999955371112141e-06,0.000000000000000000e+00
3.658499955356971176e-06,0.000000000000000000e+00
3.658999955342830210e-06,0.000000000000000000e+00
3.659499955328689244e-06,0.000000000000000000e+00
3.659999955314548278e-06,2.000000029802322388e-01
3.660499955300407313e-06,0.000000000000000000e+00
3.660999955286266347e-06,0.000000000000000000e+00
3.661499955272125381e-06,0.000000000000000000e+00
3.661999955257984415e-06,0.000000000000000000e+00
3.662499955243843450e-06,0.000000000000000000e+00
3.662999955229702484e-06,0.000000000000000000e+00
3.663499955215561518e-06,0.000000000000000000e+00
3.663999955201420553e-06,0.000000000000000000e+00
3.664499955187279587e-06,0.000000000000000000e+00
3.664999955173138621e-06,0.000000000000000000e+00
3.665499955158997655e-06,0.000000000000000000e+00
3.665999955144856690e-06,0.000000000000000000e+00
3.666499955130715724e-06,0.000000000000000000e+00
3.666999955116574758e-06,0.000000000000000000e+00
3.667499955102433792e-06,0.000000000000000000e+00
3.667999955088292827e-06,0.000000000000000000e+00
3.668499955074151861e-06,0.000000000000000000e+00
3.668999955060010895e-06,0.000000000000000000e+00
3.669499955045869929e-06,0.000000000000000000e+00
3.669999955031728964e-06,0.000000000000000000e+00
3.670499955017587998e-06,0.000000000000000000e+00
3.670999955003447032e-06,0.000000000000000000e+00
3.671499954989306067e-06,0.000000000000000000e+00
3.671999954975165101e-06,0.000000000000000000e+00
3.672499954961024135e-06,0.000000000000000000e+00
3.672999954946883169e-06,0.000000000000000000e+00
3.673499954932742204e-06,0.000000000000000000e+00
3.673999954918601238e-06,0.000000000000000000e+00
3.674499954904460272e-06,0.000000000000000000e+00
3.674999954890319306e-06,0.000000000000000000e+00
3.675499954876178341e-06,0.000000000000000000e+00
3.675999954862037375e-06,0.000000000000000000e+00
3.676499954847896409e-06,0.000000000000000000e+00
3.676999954833755443e-06,0.000000000000000000e+00
3.677499954819614478e-06,0.000000000000000000e+00
3.677999954805473512e-06,0.000000000000000000e+00
3.678499954791332546e-06,0.000000000000000000e+00
3.678999954777191581e-06,0.000000000000000000e+00
3.679499954763050615e-06,0.000000000000000000e+00
3.679999954748909649e-06,0.000000000000000000e+00
3.680499954734768683e-06,0.000000000000000000e+00
3.680999954720627718e-06,0.000000000000000000e+00
3.681499954706486752e-06,0.000000000000000000e+00
3.681999954692345786e-06,0.000000000000000000e+00
3.682499954678204820e-06,0.000000000000000000e+00
3.682999954664063855e-06,0.000000000000000000e+00
3.683499954649922889e-06,0.000000000000000000e+00
3.683999954635781923e-06,0.000000000000000000e+00
3.684499954621640958e-06,0.000000000000000000e+00
3.684999954607499992e-06,0.000000000000000000e+00
3.685499954593359026e-06,0.000000000000000000e+00
3.685999954579218060e-06,0.000000000000000000e+00
3.686499954565077095e-06,0.000000000000000000e+00
3.686999954550936129e-06,0.000000000000000000e+00
3.687499954536795163e-06,0.000000000000000000e+00
3.687999954522654197e-06,0.000000000000000000e+00
3.688499954508513232e-06,0.000000000000000000e+00
3.688999954494372266e-06,0.000000000000000000e+00
3.689499954480231300e-06,0.000000000000000000e+00
3.689999954466090334e-06,0.000000000000000000e+00
3.690499954451949369e-06,0.000000000000000000e+00
3.690999954437808403e-06,0.000000000000000000e+00
3.691499954423667437e-06,0.000000000000000000e+00
3.691999954409526472e-06,0.000000000000000000e+00
3.692499954395385506e-06,0.000000000000000000e+00
3.692999954381244540e-06,0.000000000000000000e+00
3.693499954367103574e-06,0.000000000000000000e+00
3.693999954352962609e-06,0.000000000000000000e+00
3.694499954338821643e-06,0.000000000000000000e+00
3.694999954324680677e-06,0.000000000000000000e+00
3.695499954310539711e-06,0.000000000000000000e+00
3.695999954296398746e-06,0.000000000000000000e+00
3.696499954282257780e-06,0.000000000000000000e+00
3.696999954268116814e-06,0.000000000000000000e+00
3.697499954253975848e-06,0.000000000000000000e+00
3.697999954239834883e-06,0.000000000000000000e+00
3.698499954225693917e-06,0.000000000000000000e+00
3.698999954211552951e-06,0.000000000000000000e+00
3.699499954197411986e-06,0.000000000000000000e+00
3.699999954183271020e-06,0.000000000000000000e+00
3.700499954169130054e-06,0.000000000000000000e+00
3.700999954154989088e-06,0.000000000000000000e+00
3.701499954140848123e-06,0.000000000000000000e+00
3.701999954126707157e-06,0.000000000000000000e+00
3.702499954112566191e-06,0.000000000000000000e+00
3.702999954098425225e-06,0.000000000000000000e+00
3.703499954084284260e-06,0.000000000000000000e+00
3.703999954070143294e-06,0.000000000000000000e+00
3.704499954056002328e-06,0.000000000000000000e+00
3.704999954041861363e-06,0.000000000000000000e+00
3.705499954027720397e-06,0.000000000000000000e+00
3.705999954013579431e-06,0.000000000000000000e+00
3.706499953999438465e-06,0.000000000000000000e+00
3.706999953985297500e-06,0.000000000000000000e+00
3.707499953971156534e-06,0.000000000000000000e+00
3.707999953957015568e-06,0.000000000000000000e+00
3.708499953942874602e-06,0.000000000000000000e+00
3.708999953928733637e-06,0.000000000000000000e+00
3.709499953914592671e-06,0.000000000000000000e+00
3.709999953900451705e-06,0.000000000000000000e+00
3.710499953886310739e-06,0.000000000000000000e+00
3.710999953872169774e-06,0.000000000000000000e+00
3.711499953858028808e-06,0.000000000000000000e+00
3.711999953843887842e-06,0.000000000000000000e+00
3.712499953829746877e-06,0.000000000000000000e+00
3.712999953815605911e-06,-2.000000029802322388e-01
3.713499953801464945e-06,0.000000000000000000e+00
3.713999953787323979e-06,0.000000000000000000e+00
3.714499953773183014e-06,0.000000000000000000e+00
3.714999953759042048e-06,0.000000000000000000e+00
3.715499953744901082e-06,0.000000000000000000e+00
3.715999953730760116e-06,0.000000000000000000e+00
3.716499953716619151e-06,0.000000000000000000e+00
3.716999953702478185e-06,0.000000000000000000e+00
3.717499953688337219e-06,0.000000000000000000e+00
3.717999953674196253e-06,0.000000000000000000e+00
3.718499953660055288e-06,0.000000000000000000e+00
3.718999953645914322e-06,0.000000000000000000e+00
3.719499953631773356e-06,0.000000000000000000e+00
3.719999953617632391e-06,0.000000000000000000e+00
3.720499953603491425e-06,0.000000000000000000e+00
3.720999953589350459e-06,0.000000000000000000e+00
3.721499953575209493e-06,0.000000000000000000e+00
3.721999953561068528e-06,0.000000000000000000e+00
3.722499953546927562e-06,0.000000000000000000e+00
3.722999953532786596e-06,0.000000000000000000e+00
3.723499953518645630e-06,0.000000000000000000e+00
3.723999953504504665e-06,0.000000000000000000e+00
3.724499953490363699e-06,0.000000000000000000e+00
3.724999953476222733e-06,6.000000089406967163e-01
3.725499953462081768e-06,2.000000029802322388e+00
3.725999953447940802e-06,3.800000056624412537e+00
3.726499953433799836e-06,5.000000074505805969e+00
3.726999953419658870e-06,5.600000083446502686e+00
3.727499953405517905e-06,5.400000080466270447e+00
3.727999953391376939e-06,5.200000077486038208e+00
3.728499953377235973e-06,5.000000074505805969e+00
3.728999953363095007e-06,4.800000071525573730e+00
3.729499953348954042e-06,4.800000071525573730e+00
3.729999953334813076e-06,4.600000068545341492e+00
3.730499953320672110e-06,4.600000068545341492e+00
3.730999953306531144e-06,4.600000068545341492e+00
3.731499953292390179e-06,4.400000065565109253e+00
3.731999953278249213e-06,4.400000065565109253e+00
3.732499953264108247e-06,4.200000062584877014e+00
3.732999953249967282e-06,4.200000062584877014e+00
3.733499953235826316e-06,4.000000059604644775e+00
3.733999953221685350e-06,3.800000056624412537e+00
3.734499953207544384e-06,3.800000056624412537e+00
3.734999953193403419e-06,3.600000053644180298e+00
3.735499953179262453e-06,3.600000053644180298e+00
3.735999953165121487e-06,3.400000050663948059e+00
3.736499953150980521e-06,3.400000050663948059e+00
3.736999953136839556e-06,3.200000047683715820e+00
3.737499953122698590e-06,3.000000044703483582e+00
3.737999953108557624e-06,2.800000041723251343e+00
3.738499953094416658e-06,2.800000041723251343e+00
3.738999953080275693e-06,2.600000038743019104e+00
3.739499953066134727e-06,2.400000035762786865e+00
3.739999953051993761e-06,2.200000032782554626e+00
3.740499953037852796e-06,2.200000032782554626e+00
3.740999953023711830e-06,2.000000029802322388e+00
3.741499953009570864e-06,1.800000026822090149e+00
3.741999952995429898e-06,1.600000023841857910e+00
3.742499952981288933e-06,1.600000023841857910e+00
3.742999952967147967e-06,1.400000020861625671e+00
3.743499952953007001e-06,1.200000017881393433e+00
3.743999952938866035e-06,1.000000014901161194e+00
3.744499952924725070e-06,8.000000119209289551e-01
3.744999952910584104e-06,8.000000119209289551e-01
3.745499952896443138e-06,6.000000089406967163e-01
3.745999952882302173e-06,4.000000059604644775e-01
3.746499952868161207e-06,2.000000029802322388e-01
3.746999952854020241e-06,0.000000000000000000e+00
3.747499952839879275e-06,0.000000000000000000e+00
3.747999952825738310e-06,-2.000000029802322388e-01
3.748499952811597344e-06,-4.000000059604644775e-01
3.748999952797456378e-06,-6.000000089406967163e-01
3.749499952783315412e-06,-6.000000089406967163e-01
3.749999952769174447e-06,-8.000000119209289551e-01
3.750499952755033481e-06,-1.000000014901161194e+00
3.750999952740892515e-06,-1.200000017881393433e+00
3.751499952726751549e-06,-1.400000020861625671e+00
3.751999952712610584e-06,-1.600000023841857910e+00
3.752499952698469618e-06,-1.600000023841857910e+00
3.752999952684328652e-06,-1.800000026822090149e+00
3.753499952670187687e-06,-2.000000029802322388e+00
3.753999952656046721e-06,-2.200000032782554626e+00
3.754499952641905755e-06,-2.200000032782554626e+00
3.754999952627764789e-06,-2.400000035762786865e+00
3.755499952613623824e-06,-2.600000038743019104e+00
3.755999952599482858e-06,-2.600000038743019104e+00
3.756499952585341892e-06,-2.800000041723251343e+00
3.756999952571200926e-06,-3.000000044703483582e+00
3.757499952557059961e-06,-3.000000044703483582e+00
3.757999952542918995e-06,-3.200000047683715820e+00
3.758499952528778029e-06,-3.200000047683715820e+00
3.758999952514637063e-06,-3.400000050663948059e+00
3.759499952500496098e-06,-3.600000053644180298e+00
3.759999952486355132e-06,-3.600000053644180298e+00
3.760499952472214166e-06,-3.800000056624412537e+00
3.760999952458073201e-06,-3.800000056624412537e+00
3.761499952443932235e-06,-4.000000059604644775e+00
3.761999952429791269e-06,-4.000000059604644775e+00
3.762499952415650303e-06,-4.200000062584877014e+00
3.762999952401509338e-06,-4.200000062584877014e+00
3.763499952387368372e-06,-4.400000065565109253e+00
3.763999952373227406e-06,-4.400000065565109253e+00
3.764499952359086440e-06,-4.400000065565109253e+00
3.764999952344945475e-06,-4.400000065565109253e+00
3.765499952330804509e-06,-4.600000068545341492e+00
3.765999952316663543e-06,-4.800000071525573730e+00
3.766499952302522578e-06,-4.800000071525573730e+00
3.766999952288381612e-06,-4.800000071525573730e+00
3.767499952274240646e-06,-4.800000071525573730e+00
3.767999952260099680e-06,-4.800000071525573730e+00
3.768499952245958715e-06,-5.000000074505805969e+00
3.768999952231817749e-06,-5.000000074505805969e+00
3.769499952217676783e-06,-5.000000074505805969e+00
3.769999952203535817e-06,-5.000000074505805969e+00
3.770499952189394852e-06,-5.000000074505805969e+00
3.770999952175253886e-06,-5.000000074505805969e+00
3.771499952161112920e-06,-5.000000074505805969e+00
3.771999952146971954e-06,-5.000000074505805969e+00
3.772499952132830989e-06,-5.000000074505805969e+00
3.772999952118690023e-06,-5.000000074505805969e+00
3.773499952104549057e-06,-5.000000074505805969e+00
3.773999952090408092e-06,-5.000000074505805969e+00
3.774499952076267126e-06,-5.000000074505805969e+00
3.774999952062126160e-06,-5.000000074505805969e+00
3.775499952047985194e-06,-4.800000071525573730e+00
3.775999952033844229e-06,-4.800000071525573730e+00
3.776499952019703263e-06,-4.800000071525573730e+00
3.776999952005562297e-06,-4.800000071525573730e+00
3.777499951991421331e-06,-4.800000071525573730e+00
3.777999951977280366e-06,-4.600000068545341492e+00
3.778499951963139400e-06,-4.600000068545341492e+00
3.778999951948998434e-06,-4.600000068545341492e+00
3.779499951934857468e-06,-4.400000065565109253e+00
3.779999951920716503e-06,-4.400000065565109253e+00
3.780499951906575537e-06,-4.200000062584877014e+00
3.780999951892434571e-06,-4.200000062584877014e+00
3.781499951878293606e-06,-4.200000062584877014e+00
3.781999951864152640e-06,-4.000000059604644775e+00
3.782499951850011674e-06,-3.800000056624412537e+00
3.782999951835870708e-06,-3.800000056624412537e+00
3.783499951821729743e-06,-3.600000053644180298e+00
3.783999951807588777e-06,-3.600000053644180298e+00
3.784499951793447811e-06,-3.400000050663948059e+00
3.784999951779306845e-06,-3.400000050663948059e+00
3.785499951765165880e-06,-3.200000047683715820e+00
3.785999951751024914e-06,-3.200000047683715820e+00
3.786499951736883948e-06,-3.000000044703483582e+00
3.786999951722742983e-06,-3.000000044703483582e+00
3.787499951708602017e-06,-2.800000041723251343e+00
3.787999951694461051e-06,-2.600000038743019104e+00
3.788499951680320085e-06,-2.600000038743019104e+00
3.788999951666179120e-06,-2.200000032782554626e+00
3.789499951652038154e-06,-2.200000032782554626e+00
3.789999951637897188e-06,-2.000000029802322388e+00
3.790499951623756222e-06,-2.000000029802322388e+00
3.790999951609615257e-06,-1.800000026822090149e+00
3.791499951595474291e-06,-1.600000023841857910e+00
3.791999951581333325e-06,-1.400000020861625671e+00
3.792499951567192359e-06,-1.400000020861625671e+00
3.792999951553051394e-06,-1.200000017881393433e+00
3.793499951538910428e-06,-1.000000014901161194e+00
3.793999951524769462e-06,-8.000000119209289551e-01
3.794499951510628497e-06,-6.000000089406967163e-01
3.794999951496487531e-06,-4.000000059604644775e-01
3.795499951482346565e-06,-4.000000059604644775e-01
3.795999951468205599e-06,-2.000000029802322388e-01
3.796499951454064634e-06,0.000000000000000000e+00
3.796999951439923668e-06,0.000000000000000000e+00
3.797499951425782702e-06,2.000000029802322388e-01
3.797999951411641736e-06,4.000000059604644775e-01
3.798499951397500771e-06,6.000000089406967163e-01
3.798999951383359805e-06,8.000000119209289551e-01
3.799499951369218839e-06,1.000000014901161194e+00
3.799999951355077873e-06,1.000000014901161194e+00
3.800499951340936908e-06,1.200000017881393433e+00
3.800999951326795942e-06,1.400000020861625671e+00
3.801499951312654976e-06,1.600000023841857910e+00
3.801999951298514011e-06,1.600000023841857910e+00
3.802499951284373045e-06,1.800000026822090149e+00
3.802999951270232079e-06,2.000000029802322388e+00
3.803499951256091113e-06,2.200000032782554626e+00
3.803999951241950148e-06,2.200000032782554626e+00
3.804499951227809182e-06,2.400000035762786865e+00
3.804999951213668216e-06,2.600000038743019104e+00
3.805499951199527250e-06,2.600000038743019104e+00
3.805999951185386285e-06,2.800000041723251343e+00
3.806499951171245319e-06,3.000000044703483582e+00
3.806999951157104353e-06,3.000000044703483582e+00
3.807499951142963388e-06,3.200000047683715820e+00
3.807999951128822422e-06,3.400000050663948059e+00
3.808499951114681456e-06,3.400000050663948059e+00
3.808999951100540490e-06,3.600000053644180298e+00
3.809499951086399525e-06,3.600000053644180298e+00
3.809999951072258559e-06,3.800000056624412537e+00
3.810499951058117593e-06,3.800000056624412537e+00
3.810999951043976627e-06,4.000000059604644775e+00
3.811499951029835662e-06,4.000000059604644775e+00
3.811999951015694696e-06,4.200000062584877014e+00
3.812499951001553730e-06,4.200000062584877014e+00
3.812999950987412764e-06,4.400000065565109253e+00
3.813499950973271799e-06,4.400000065565109253e+00
3.813999950959130833e-06,4.600000068545341492e+00
3.814499950944989867e-06,4.600000068545341492e+00
3.814999950930849325e-06,4.800000071525573730e+00
3.815499950916708359e-06,4.800000071525573730e+00
3.815999950902567394e-06,4.800000071525573730e+00
3.816499950888426428e-06,4.800000071525573730e+00
3.816999950874285462e-06,4.800000071525573730e+00
3.817499950860144496e-06,5.000000074505805969e+00
3.817999950846003531e-06,5.000000074505805969e+00
3.818499950831862565e-06,5.000000074505805969e+00
3.818999950817721599e-06,5.000000074505805969e+00
3.819499950803580633e-06,5.000000074505805969e+00
3.819999950789439668e-06,5.000000074505805969e+00
3.820499950775298702e-06,5.000000074505805969e+00
3.820999950761157736e-06,5.200000077486038208e+00
3.821499950747016771e-06,5.200000077486038208e+00
3.821999950732875805e-06,5.000000074505805969e+00
3.822499950718734839e-06,5.000000074505805969e+00
3.822999950704593873e-06,5.000000074505805969e+00
3.823499950690452908e-06,5.000000074505805969e+00
3.823999950676311942e-06,5.000000074505805969e+00
3.824499950662170976e-06,5.000000074505805969e+00
3.824999950648030010e-06,5.000000074505805969e+00
3.825499950633889045e-06,5.000000074505805969e+00
3.825999950619748079e-06,5.000000074505805969e+00
3.826499950605607113e-06,4.800000071525573730e+00
3.826999950591466147e-06,4.800000071525573730e+00
3.827499950577325182e-06,4.800000071525573730e+00
3.827999950563184216e-06,4.800000071525573730e+00
3.828499950549043250e-06,4.600000068545341492e+00
3.828999950534902285e-06,4.600000068545341492e+00
3.829499950520761319e-06,4.400000065565109253e+00
3.829999950506620353e-06,4.400000065565109253e+00
3.830499950492479387e-06,4.400000065565109253e+00
3.830999950478338422e-06,4.200000062584877014e+00
3.831499950464197456e-06,4.200000062584877014e+00
3.831999950450056490e-06,4.200000062584877014e+00
3.832499950435915524e-06,4.000000059604644775e+00
3.832999950421774559e-06,4.000000059604644775e+00
3.833499950407633593e-06,3.800000056624412537e+00
3.833999950393492627e-06,3.800000056624412537e+00
3.834499950379351662e-06,3.600000053644180298e+00
3.834999950365210696e-06,3.400000050663948059e+00
3.835499950351069730e-06,3.200000047683715820e+00
3.835999950336928764e-06,3.200000047683715820e+00
3.836499950322787799e-06,3.000000044703483582e+00
3.836999950308646833e-06,3.000000044703483582e+00
3.837499950294505867e-06,2.800000041723251343e+00
3.837999950280364901e-06,2.600000038743019104e+00
3.838499950266223936e-06,2.600000038743019104e+00
3.838999950252082970e-06,2.400000035762786865e+00
3.839499950237942004e-06,2.400000035762786865e+00
3.839999950223801038e-06,2.200000032782554626e+00
3.840499950209660073e-06,2.000000029802322388e+00
3.840999950195519107e-06,1.800000026822090149e+00
3.841499950181378141e-06,1.600000023841857910e+00
3.841999950167237176e-06,1.600000023841857910e+00
3.842499950153096210e-06,1.400000020861625671e+00
3.842999950138955244e-06,1.400000020861625671e+00
3.843499950124814278e-06,1.200000017881393433e+00
3.843999950110673313e-06,1.000000014901161194e+00
3.844499950096532347e-06,8.000000119209289551e-01
3.844999950082391381e-06,6.000000089406967163e-01
3.845499950068250415e-06,4.000000059604644775e-01
3.845999950054109450e-06,2.000000029802322388e-01
3.846499950039968484e-06,2.000000029802322388e-01
3.846999950025827518e-06,0.000000000000000000e+00
3.847499950011686552e-06,-2.000000029802322388e-01
3.847999949997545587e-06,-4.000000059604644775e-01
3.848499949983404621e-06,-4.000000059604644775e-01
3.848999949969263655e-06,-6.000000089406967163e-01
3.849499949955122690e-06,-8.000000119209289551e-01
3.849999949940981724e-06,-1.000000014901161194e+00
3.850499949926840758e-06,-1.200000017881393433e+00
3.850999949912699792e-06,-1.200000017881393433e+00
3.851499949898558827e-06,-1.400000020861625671e+00
3.851999949884417861e-06,-1.600000023841857910e+00
3.852499949870276895e-06,-1.800000026822090149e+00
3.852999949856135929e-06,-1.800000026822090149e+00
3.853499949841994964e-06,-2.000000029802322388e+00
3.853999949827853998e-06,-2.200000032782554626e+00
3.854499949813713032e-06,-2.400000035762786865e+00
3.854999949799572067e-06,-2.600000038743019104e+00
3.855499949785431101e-06,-2.600000038743019104e+00
3.855999949771290135e-06,-2.800000041723251343e+00
3.856499949757149169e-06,-3.000000044703483582e+00
3.856999949743008204e-06,-3.000000044703483582e+00
3.857499949728867238e-06,-3.200000047683715820e+00
3.857999949714726272e-06,-3.200000047683715820e+00
3.858499949700585306e-06,-3.400000050663948059e+00
3.858999949686444341e-06,-3.400000050663948059e+00
3.859499949672303375e-06,-3.600000053644180298e+00
3.859999949658162409e-06,-3.800000056624412537e+00
3.860499949644021443e-06,-3.800000056624412537e+00
3.860999949629880478e-06,-4.000000059604644775e+00
3.861499949615739512e-06,-4.000000059604644775e+00
3.861999949601598546e-06,-4.000000059604644775e+00
3.862499949587457581e-06,-4.200000062584877014e+00
3.862999949573316615e-06,-4.200000062584877014e+00
3.863499949559175649e-06,-4.400000065565109253e+00
3.863999949545034683e-06,-4.400000065565109253e+00
3.864499949530893718e-06,-4.600000068545341492e+00
3.864999949516752752e-06,-4.600000068545341492e+00
3.865499949502611786e-06,-4.600000068545341492e+00
3.865999949488470820e-06,-4.600000068545341492e+00
3.866499949474329855e-06,-4.800000071525573730e+00
3.866999949460188889e-06,-4.800000071525573730e+00
3.867499949446047923e-06,-4.800000071525573730e+00
3.867999949431906957e-06,-4.800000071525573730e+00
3.868499949417765992e-06,-5.000000074505805969e+00
3.868999949403625026e-06,-5.000000074505805969e+00
3.869499949389484060e-06,-5.000000074505805969e+00
3.869999949375343095e-06,-5.000000074505805969e+00
3.870499949361202129e-06,-5.000000074505805969e+00
3.870999949347061163e-06,-5.000000074505805969e+00
3.871499949332920197e-06,-5.000000074505805969e+00
3.871999949318779232e-06,-5.000000074505805969e+00
3.872499949304638266e-06,-5.000000074505805969e+00
3.872999949290497300e-06,-5.000000074505805969e+00
3.873499949276356334e-06,-5.000000074505805969e+00
3.873999949262215369e-06,-5.000000074505805969e+00
3.874499949248074403e-06,-5.000000074505805969e+00
3.874999949233933437e-06,-5.000000074505805969e+00
3.875499949219792472e-06,-4.800000071525573730e+00
3.875999949205651506e-06,-4.800000071525573730e+00
3.876499949191510540e-06,-4.800000071525573730e+00
3.876999949177369574e-06,-4.800000071525573730e+00
3.877499949163228609e-06,-4.600000068545341492e+00
3.877999949149087643e-06,-4.600000068545341492e+00
3.878499949134946677e-06,-4.600000068545341492e+00
3.878999949120805711e-06,-4.600000068545341492e+00
3.879499949106664746e-06,-4.400000065565109253e+00
3.879999949092523780e-06,-4.400000065565109253e+00
3.880499949078382814e-06,-4.400000065565109253e+00
3.880999949064241848e-06,-4.200000062584877014e+00
3.881499949050100883e-06,-4.000000059604644775e+00
3.881999949035959917e-06,-4.000000059604644775e+00
3.882499949021818951e-06,-4.000000059604644775e+00
3.882999949007677986e-06,-3.800000056624412537e+00
3.883499948993537020e-06,-3.800000056624412537e+00
3.883999948979396054e-06,-3.600000053644180298e+00
3.884499948965255088e-06,-3.400000050663948059e+00
3.884999948951114123e-06,-3.400000050663948059e+00
3.885499948936973157e-06,-3.200000047683715820e+00
3.885999948922832191e-06,-3.200000047683715820e+00
3.886499948908691225e-06,-3.000000044703483582e+00
3.886999948894550260e-06,-3.000000044703483582e+00
3.887499948880409294e-06,-2.800000041723251343e+00
3.887999948866268328e-06,-2.600000038743019104e+00
3.888499948852127362e-06,-2.600000038743019104e+00
3.888999948837986397e-06,-2.400000035762786865e+00
3.889499948823845431e-06,-2.200000032782554626e+00
3.889999948809704465e-06,-2.200000032782554626e+00
3.890499948795563500e-06,-2.000000029802322388e+00
3.890999948781422534e-06,-1.800000026822090149e+00
3.891499948767281568e-06,-1.600000023841857910e+00
3.891999948753140602e-06,-1.600000023841857910e+00
3.892499948738999637e-06,-1.400000020861625671e+00
3.892999948724858671e-06,-1.200000017881393433e+00
3.893499948710717705e-06,-1.000000014901161194e+00
3.893999948696576739e-06,-1.000000014901161194e+00
3.894499948682435774e-06,-8.000000119209289551e-01
3.894999948668294808e-06,-6.000000089406967163e-01
3.895499948654153842e-06,-4.000000059604644775e-01
3.895999948640012877e-06,-2.000000029802322388e-01
3.896499948625871911e-06,-2.000000029802322388e-01
3.896999948611730945e-06,0.000000000000000000e+00
3.897499948597589979e-06,2.000000029802322388e-01
3.897999948583449014e-06,4.000000059604644775e-01
3.898499948569308048e-06,6.000000089406967163e-01
3.898999948555167082e-06,6.000000089406967163e-01
3.899499948541026116e-06,8.000000119209289551e-01
3.899999948526885151e-06,1.000000014901161194e+00
3.900499948512744185e-06,1.200000017881393433e+00
3.900999948498603219e-06,1.400000020861625671e+00
3.901499948484462253e-06,1.400000020861625671e+00
3.901999948470321288e-06,1.600000023841857910e+00
3.902499948456180322e-06,1.800000026822090149e+00
3.902999948442039356e-06,2.000000029802322388e+00
3.903499948427898391e-06,2.000000029802322388e+00
3.903999948413757425e-06,2.200000032782554626e+00
3.904499948399616459e-06,2.400000035762786865e+00
3.904999948385475493e-06,2.400000035762786865e+00
3.905499948371334528e-06,2.600000038743019104e+00
3.905999948357193562e-06,2.800000041723251343e+00
3.906499948343052596e-06,3.000000044703483582e+00
3.906999948328911630e-06,3.000000044703483582e+00
3.907499948314770665e-06,3.200000047683715820e+00
3.907999948300629699e-06,3.400000050663948059e+00
3.908499948286488733e-06,3.400000050663948059e+00
3.908999948272347767e-06,3.600000053644180298e+00
3.909499948258206802e-06,3.600000053644180298e+00
3.909999948244065836e-06,3.600000053644180298e+00
3.910499948229924870e-06,3.800000056624412537e+00
3.910999948215783905e-06,3.800000056624412537e+00
3.911499948201642939e-06,4.000000059604644775e+00
3.911999948187501973e-06,4.000000059604644775e+00
3.912499948173361007e-06,4.200000062584877014e+00
3.912999948159220042e-06,4.400000065565109253e+00
3.913499948145079076e-06,4.400000065565109253e+00
3.913999948130938110e-06,4.400000065565109253e+00
3.914499948116797144e-06,4.400000065565109253e+00
3.914999948102656179e-06,4.600000068545341492e+00
3.915499948088515213e-06,4.600000068545341492e+00
3.915999948074374247e-06,4.800000071525573730e+00
3.916499948060233282e-06,4.800000071525573730e+00
3.916999948046092316e-06,4.800000071525573730e+00
3.917499948031951350e-06,4.800000071525573730e+00
3.917999948017810384e-06,5.000000074505805969e+00
3.918499948003669419e-06,5.000000074505805969e+00
3.918999947989528453e-06,5.000000074505805969e+00
3.919499947975387487e-06,5.000000074505805969e+00
3.919999947961246521e-06,5.000000074505805969e+00
3.920499947947105556e-06,5.000000074505805969e+00
3.920999947932964590e-06,5.000000074505805969e+00
3.921499947918823624e-06,5.000000074505805969e+00
3.921999947904682658e-06,5.000000074505805969e+00
3.922499947890541693e-06,5.000000074505805969e+00
3.922999947876400727e-06,5.000000074505805969e+00
3.923499947862259761e-06,5.000000074505805969e+00
3.923999947848118796e-06,5.000000074505805969e+00
3.924499947833977830e-06,5.000000074505805969e+00
3.924999947819836864e-06,5.000000074505805969e+00
3.925499947805695898e-06,4.800000071525573730e+00
3.925999947791554933e-06,4.800000071525573730e+00
3.926499947777413967e-06,4.800000071525573730e+00
3.926999947763273001e-06,4.800000071525573730e+00
3.927499947749132035e-06,4.800000071525573730e+00
3.927999947734991070e-06,4.800000071525573730e+00
3.928499947720850104e-06,4.600000068545341492e+00
3.928999947706709138e-06,4.600000068545341492e+00
3.929499947692568172e-06,4.400000065565109253e+00
3.929999947678427207e-06,4.400000065565109253e+00
3.930499947664286241e-06,4.200000062584877014e+00
3.930999947650145275e-06,4.200000062584877014e+00
3.931499947636004310e-06,4.000000059604644775e+00
3.931999947621863344e-06,4.000000059604644775e+00
3.932499947607722378e-06,4.000000059604644775e+00
3.932999947593581412e-06,3.800000056624412537e+00
3.933499947579440447e-06,3.800000056624412537e+00
3.933999947565299481e-06,3.600000053644180298e+00
3.934499947551158515e-06,3.600000053644180298e+00
3.934999947537017549e-06,3.400000050663948059e+00
3.935499947522876584e-06,3.400000050663948059e+00
3.935999947508735618e-06,3.200000047683715820e+00
3.936499947494594652e-06,3.000000044703483582e+00
3.936999947480453687e-06,3.000000044703483582e+00
3.937499947466312721e-06,2.800000041723251343e+00
3.937999947452171755e-06,2.600000038743019104e+00
3.938499947438030789e-06,2.400000035762786865e+00
3.938999947423889824e-06,2.400000035762786865e+00
3.939499947409748858e-06,2.200000032782554626e+00
3.939999947395607892e-06,2.000000029802322388e+00
3.940499947381466926e-06,1.800000026822090149e+00
3.940999947367325961e-06,1.800000026822090149e+00
3.941499947353184995e-06,1.600000023841857910e+00
3.941999947339044029e-06,1.600000023841857910e+00
3.942499947324903063e-06,1.400000020861625671e+00
3.942999947310762098e-06,1.200000017881393433e+00
3.943499947296621132e-06,1.000000014901161194e+00
3.943999947282480166e-06,8.000000119209289551e-01
3.944499947268339201e-06,6.000000089406967163e-01
3.944999947254198235e-06,6.000000089406967163e-01
3.945499947240057269e-06,4.000000059604644775e-01
3.945999947225916303e-06,2.000000029802322388e-01
3.946499947211775338e-06,2.000000029802322388e-01
3.946999947197634372e-06,0.000000000000000000e+00
3.947499947183493406e-06,-2.000000029802322388e-01
3.947999947169352440e-06,-4.000000059604644775e-01
3.948499947155211475e-06,-6.000000089406967163e-01
3.948999947141070509e-06,-8.000000119209289551e-01
3.949499947126929543e-06,-8.000000119209289551e-01
3.949999947112788577e-06,-1.000000014901161194e+00
3.950499947098647612e-06,-1.200000017881393433e+00
3.950999947084506646e-06,-1.200000017881393433e+00
3.951499947070365680e-06,-1.400000020861625671e+00
3.951999947056224715e-06,-1.600000023841857910e+00
3.952499947042083749e-06,-1.800000026822090149e+00
3.952999947027942783e-06,-2.000000029802322388e+00
3.953499947013801817e-06,-2.000000029802322388e+00
3.953999946999660852e-06,-2.200000032782554626e+00
3.954499946985519886e-06,-2.400000035762786865e+00
3.954999946971378920e-06,-2.400000035762786865e+00
3.955499946957237954e-06,-2.600000038743019104e+00
3.955999946943096989e-06,-2.800000041723251343e+00
3.956499946928956023e-06,-3.000000044703483582e+00
3.956999946914815057e-06,-3.000000044703483582e+00
3.957499946900674092e-06,-3.200000047683715820e+00
3.957999946886533126e-06,-3.400000050663948059e+00
3.958499946872392160e-06,-3.400000050663948059e+00
3.958999946858251194e-06,-3.600000053644180298e+00
3.959499946844110229e-06,-3.600000053644180298e+00
3.959999946829969263e-06,-3.800000056624412537e+00
3.960499946815828297e-06,-3.800000056624412537e+00
3.960999946801687331e-06,-4.000000059604644775e+00
3.961499946787546366e-06,-4.000000059604644775e+00
3.961999946773405400e-06,-4.200000062584877014e+00
3.962499946759264434e-06,-4.200000062584877014e+00
3.962999946745123468e-06,-4.400000065565109253e+00
3.963499946730982503e-06,-4.400000065565109253e+00
3.963999946716841537e-06,-4.400000065565109253e+00
3.964499946702700571e-06,-4.600000068545341492e+00
3.964999946688559606e-06,-4.600000068545341492e+00
3.965499946674418640e-06,-4.800000071525573730e+00
3.965999946660277674e-06,-4.800000071525573730e+00
3.966499946646136708e-06,-4.800000071525573730e+00
3.966999946631995743e-06,-4.800000071525573730e+00
3.967499946617854777e-06,-5.000000074505805969e+00
3.967999946603713811e-06,-5.000000074505805969e+00
3.968499946589572845e-06,-5.000000074505805969e+00
3.968999946575431880e-06,-5.000000074505805969e+00
3.969499946561290914e-06,-5.000000074505805969e+00
3.969999946547149948e-06,-5.000000074505805969e+00
3.970499946533008982e-06,-5.000000074505805969e+00
3.970999946518868017e-06,-5.200000077486038208e+00
3.971499946504727051e-06,-5.000000074505805969e+00
3.971999946490586085e-06,-5.000000074505805969e+00
3.972499946476445120e-06,-5.000000074505805969e+00
3.972999946462304154e-06,-5.000000074505805969e+00
3.973499946448163188e-06,-5.000000074505805969e+00
3.973999946434022222e-06,-5.000000074505805969e+00
3.974499946419881257e-06,-5.000000074505805969e+00
3.974999946405740291e-06,-5.000000074505805969e+00
3.975499946391599325e-06,-5.000000074505805969e+00
3.975999946377458359e-06,-4.800000071525573730e+00
3.976499946363317394e-06,-4.800000071525573730e+00
3.976999946349176428e-06,-4.800000071525573730e+00
3.977499946335035462e-06,-4.800000071525573730e+00
3.977999946320894497e-06,-4.600000068545341492e+00
3.978499946306753531e-06,-4.600000068545341492e+00
3.978999946292612565e-06,-4.600000068545341492e+00
3.979499946278471599e-06,-4.400000065565109253e+00
3.979999946264330634e-06,-4.400000065565109253e+00
3.980499946250189668e-06,-4.400000065565109253e+00
3.980999946236048702e-06,-4.200000062584877014e+00
3.981499946221907736e-06,-4.200000062584877014e+00
3.981999946207766771e-06,-4.000000059604644775e+00
3.982499946193625805e-06,-4.000000059604644775e+00
3.982999946179484839e-06,-3.800000056624412537e+00
3.983499946165343873e-06,-3.800000056624412537e+00
3.983999946151202908e-06,-3.600000053644180298e+00
3.984499946137061942e-06,-3.600000053644180298e+00
3.984999946122920976e-06,-3.400000050663948059e+00
3.985499946108780011e-06,-2.800000041723251343e+00
3.985999946094639045e-06,-1.400000020861625671e+00
3.986499946080498079e-06,0.000000000000000000e+00
3.986999946066357113e-06,1.000000014901161194e+00
3.987499946052216148e-06,1.400000020861625671e+00
3.987999946038075182e-06,1.200000017881393433e+00
3.988499946023934216e-06,1.000000014901161194e+00
3.988999946009793250e-06,1.000000014901161194e+00
3.989499945995652285e-06,1.000000014901161194e+00
3.989999945981511319e-06,8.000000119209289551e-01
3.990499945967370353e-06,8.000000119209289551e-01
3.990999945953229387e-06,1.000000014901161194e+00
3.991499945939088422e-06,1.000000014901161194e+00
3.991999945924947456e-06,1.000000014901161194e+00
3.992499945910806490e-06,1.000000014901161194e+00
3.992999945896665525e-06,1.000000014901161194e+00
3.993499945882524559e-06,1.000000014901161194e+00
3.993999945868383593e-06,1.000000014901161194e+00
3.994499945854242627e-06,8.000000119209289551e-01
3.994999945840101662e-06,8.000000119209289551e-01
3.995499945825960696e-06,8.000000119209289551e-01
3.995999945811819730e-06,8.000000119209289551e-01
3.996499945797678764e-06,8.000000119209289551e-01
3.996999945783537799e-06,8.000000119209289551e-01
3.997499945769396833e-06,6.000000089406967163e-01
3.997999945755255867e-06,8.000000119209289551e-01
3.998499945741114902e-06,8.000000119209289551e-01
3.998999945726973936e-06,8.000000119209289551e-01
3.999499945712832970e-06,6.000000089406967163e-01
3.999999945698692004e-06,6.000000089406967163e-01
4.000499945684551039e-06,6.000000089406967163e-01
4.000999945670410073e-06,6.000000089406967163e-01
4.001499945656269107e-06,6.000000089406967163e-01
4.001999945642128141e-06,6.000000089406967163e-01
4.002499945627987176e-06,6.000000089406967163e-01
4.002999945613846210e-06,6.000000089406967163e-01
4.003499945599705244e-06,6.000000089406967163e-01
4.003999945585564278e-06,6.000000089406967163e-01
4.004499945571423313e-06,6.000000089406967163e-01
4.004999945557282347e-06,6.000000089406967163e-01
4.005499945543141381e-06,6.000000089406967163e-01
4.005999945529000416e-06,6.000000089406967163e-01
4.006499945514859450e-06,6.000000089406967163e-01
4.006999945500718484e-06,6.000000089406967163e-01
4.007499945486577518e-06,6.000000089406967163e-01
4.007999945472436553e-06,6.000000089406967163e-01
4.008499945458295587e-06,6.000000089406967163e-01
4.008999945444154621e-06,6.000000089406967163e-01
4.009499945430013655e-06,6.000000089406967163e-01
4.009999945415872690e-06,6.000000089406967163e-01
4.010499945401731724e-06,6.000000089406967163e-01
4.010999945387590758e-06,6.000000089406967163e-01
4.011499945373449792e-06,6.000000089406967163e-01
4.011999945359308827e-06,6.000000089406967163e-01
4.012499945345167861e-06,6.000000089406967163e-01
4.012999945331026895e-06,6.000000089406967163e-01
4.013499945316885930e-06,6.000000089406967163e-01
4.013999945302744964e-06,6.000000089406967163e-01
4.014499945288603998e-06,6.000000089406967163e-01
4.014999945274463032e-06,6.000000089406967163e-01
4.015499945260322067e-06,6.000000089406967163e-01
4.015999945246181101e-06,6.000000089406967163e-01
4.016499945232040135e-06,6.000000089406967163e-01
4.016999945217899169e-06,6.000000089406967163e-01
4.017499945203758204e-06,6.000000089406967163e-01
4.017999945189617238e-06,6.000000089406967163e-01
4.018499945175476272e-06,6.000000089406967163e-01
4.018999945161335307e-06,6.000000089406967163e-01
4.019499945147194341e-06,6.000000089406967163e-01
4.019999945133053375e-06,4.000000059604644775e-01
4.020499945118912409e-06,4.000000059604644775e-01
4.020999945104771444e-06,4.000000059604644775e-01
4.021499945090630478e-06,4.000000059604644775e-01
4.021999945076489512e-06,4.000000059604644775e-01
4.022499945062348546e-06,6.000000089406967163e-01
4.022999945048207581e-06,6.000000089406967163e-01
4.023499945034066615e-06,6.000000089406967163e-01
4.023999945019925649e-06,6.000000089406967163e-01
4.024499945005784683e-06,6.000000089406967163e-01
4.024999944991643718e-06,4.000000059604644775e-01
4.025499944977502752e-06,4.000000059604644775e-01
4.025999944963361786e-06,4.000000059604644775e-01
4.026499944949220821e-06,6.000000089406967163e-01
4.026999944935079855e-06,6.000000089406967163e-01
4.027499944920938889e-06,4.000000059604644775e-01
4.027999944906797923e-06,4.000000059604644775e-01
4.028499944892656958e-06,4.000000059604644775e-01
4.028999944878515992e-06,4.000000059604644775e-01
4.029499944864375026e-06,4.000000059604644775e-01
4.029999944850234060e-06,4.000000059604644775e-01
4.030499944836093095e-06,4.000000059604644775e-01
4.030999944821952129e-06,4.000000059604644775e-01
4.031499944807811163e-06,4.000000059604644775e-01
4.031999944793670197e-06,4.000000059604644775e-01
4.032499944779529232e-06,4.000000059604644775e-01
4.032999944765388266e-06,4.000000059604644775e-01
4.033499944751247300e-06,4.000000059604644775e-01
4.033999944737106335e-06,4.000000059604644775e-01
4.034499944722965369e-06,4.000000059604644775e-01
4.034999944708824403e-06,4.000000059604644775e-01
4.035499944694683437e-06,4.000000059604644775e-01
4.035999944680542472e-06,4.000000059604644775e-01
4.036499944666401506e-06,4.000000059604644775e-01
4.036999944652260540e-06,4.000000059604644775e-01
4.037499944638119574e-06,4.000000059604644775e-01
4.037999944623978609e-06,4.000000059604644775e-01
4.038499944609837643e-06,4.000000059604644775e-01
4.038999944595696677e-06,4.000000059604644775e-01
4.039499944581555712e-06,4.000000059604644775e-01
4.039999944567414746e-06,4.000000059604644775e-01
4.040499944553273780e-06,4.000000059604644775e-01
4.040999944539132814e-06,4.000000059604644775e-01
4.041499944524991849e-06,4.000000059604644775e-01
4.041999944510850883e-06,4.000000059604644775e-01
4.042499944496709917e-06,4.000000059604644775e-01
4.042999944482568951e-06,4.000000059604644775e-01
4.043499944468427986e-06,4.000000059604644775e-01
4.043999944454287020e-06,4.000000059604644775e-01
4.044499944440146054e-06,4.000000059604644775e-01
4.044999944426005088e-06,4.000000059604644775e-01
4.045499944411864123e-06,4.000000059604644775e-01
4.045999944397723157e-06,4.000000059604644775e-01
4.046499944383582191e-06,4.000000059604644775e-01
4.046999944369441226e-06,4.000000059604644775e-01
4.047499944355300260e-06,4.000000059604644775e-01
4.047999944341159294e-06,4.000000059604644775e-01
4.048499944327018328e-06,4.000000059604644775e-01
4.048999944312877363e-06,4.000000059604644775e-01
4.049499944298736397e-06,4.000000059604644775e-01
4.049999944284595431e-06,4.000000059604644775e-01
4.050499944270454465e-06,4.000000059604644775e-01
4.050999944256313500e-06,4.000000059604644775e-01
4.051499944242172534e-06,4.000000059604644775e-01
4.051999944228031568e-06,2.000000029802322388e-01
4.052499944213890602e-06,4.000000059604644775e-01
4.052999944199749637e-06,2.000000029802322388e-01
4.053499944185608671e-06,4.000000059604644775e-01
4.053999944171467705e-06,4.000000059604644775e-01
4.054499944157326740e-06,4.000000059604644775e-01
4.054999944143185774e-06,4.000000059604644775e-01
4.055499944129044808e-06,4.000000059604644775e-01
4.055999944114903842e-06,4.000000059604644775e-01
4.056499944100762877e-06,4.000000059604644775e-01
4.056999944086621911e-06,2.000000029802322388e-01
4.057499944072480945e-06,4.000000059604644775e-01
4.057999944058339979e-06,4.000000059604644775e-01
4.058499944044199014e-06,4.000000059604644775e-01
4.058999944030058048e-06,2.000000029802322388e-01
4.059499944015917082e-06,2.000000029802322388e-01
4.059999944001776117e-06,4.000000059604644775e-01
4.060499943987635151e-06,2.000000029802322388e-01
4.060999943973494185e-06,4.000000059604644775e-01
4.061499943959353219e-06,4.000000059604644775e-01
4.061999943945212254e-06,4.000000059604644775e-01
4.062499943931071288e-06,4.000000059604644775e-01
4.062999943916930322e-06,4.000000059604644775e-01
4.063499943902789356e-06,4.000000059604644775e-01
4.063999943888648391e-06,2.000000029802322388e-01
4.064499943874507425e-06,4.000000059604644775e-01
4.064999943860366459e-06,4.000000059604644775e-01
4.065499943846225493e-06,4.000000059604644775e-01
4.065999943832084528e-06,2.000000029802322388e-01
4.066499943817943562e-06,4.000000059604644775e-01
4.066999943803802596e-06,2.000000029802322388e-01
4.067499943789661631e-06,2.000000029802322388e-01
4.067999943775520665e-06,2.000000029802322388e-01
4.068499943761379699e-06,2.000000029802322388e-01
4.068999943747238733e-06,4.000000059604644775e-01
4.069499943733097768e-06,4.000000059604644775e-01
4.069999943718956802e-06,4.000000059604644775e-01
4.070499943704815836e-06,4.000000059604644775e-01
4.070999943690674870e-06,2.000000029802322388e-01
4.071499943676533905e-06,2.000000029802322388e-01
4.071999943662392939e-06,4.000000059604644775e-01
4.072499943648251973e-06,4.000000059604644775e-01
4.072999943634111007e-06,2.000000029802322388e-01
4.073499943619970042e-06,2.000000029802322388e-01
4.073999943605829076e-06,4.000000059604644775e-01
4.074499943591688110e-06,4.000000059604644775e-01
4.074999943577547145e-06,2.000000029802322388e-01
4.075499943563406179e-06,2.000000029802322388e-01
4.075999943549265213e-06,2.000000029802322388e-01
4.076499943535124247e-06,2.000000029802322388e-01
4.076999943520983282e-06,2.000000029802322388e-01
4.077499943506842316e-06,2.000000029802322388e-01
4.077999943492701350e-06,2.000000029802322388e-01
4.078499943478560384e-06,2.000000029802322388e-01
4.078999943464419419e-06,2.000000029802322388e-01
4.079499943450278453e-06,2.000000029802322388e-01
4.079999943436137487e-06,2.000000029802322388e-01
4.080499943421996522e-06,4.000000059604644775e-01
4.080999943407855556e-06,4.000000059604644775e-01
4.081499943393714590e-06,2.000000029802322388e-01
4.081999943379573624e-06,2.000000029802322388e-01
4.082499943365432659e-06,2.000000029802322388e-01
4.082999943351291693e-06,2.000000029802322388e-01
4.083499943337150727e-06,2.000000029802322388e-01
4.083999943323009761e-06,2.000000029802322388e-01
4.084499943308868796e-06,2.000000029802322388e-01
4.084999943294727830e-06,2.000000029802322388e-01
4.085499943280586864e-06,2.000000029802322388e-01
4.085999943266445898e-06,2.000000029802322388e-01
4.086499943252304933e-06,2.000000029802322388e-01
4.086999943238163967e-06,2.000000029802322388e-01
4.087499943224023001e-06,2.000000029802322388e-01
4.087999943209882036e-06,2.000000029802322388e-01
4.088499943195741070e-06,2.000000029802322388e-01
4.088999943181600104e-06,2.000000029802322388e-01
4.089499943167459138e-06,2.000000029802322388e-01
4.089999943153318173e-06,2.000000029802322388e-01
4.090499943139177207e-06,2.000000029802322388e-01
4.090999943125036241e-06,2.000000029802322388e-01
4.091499943110895275e-06,2.000000029802322388e-01
4.091999943096754310e-06,2.000000029802322388e-01
4.092499943082613344e-06,2.000000029802322388e-01
4.092999943068472378e-06,2.000000029802322388e-01
4.093499943054331412e-06,2.000000029802322388e-01
4.093999943040190447e-06,2.000000029802322388e-01
4.094499943026049481e-06,2.000000029802322388e-01
4.094999943011908515e-06,2.000000029802322388e-01
4.095499942997767550e-06,2.000000029802322388e-01
4.095999942983626584e-06,2.000000029802322388e-01
4.096499942969485618e-06,2.000000029802322388e-01
4.096999942955344652e-06,2.000000029802322388e-01
4.097499942941203687e-06,2.000000029802322388e-01
4.097999942927062721e-06,2.000000029802322388e-01
4.098499942912921755e-06,2.000000029802322388e-01
4.098999942898780789e-06,2.000000029802322388e-01
4.099499942884639824e-06,2.000000029802322388e-01
4.099999942870498858e-06,2.000000029802322388e-01
4.100499942856357892e-06,2.000000029802322388e-01
4.100999942842216927e-06,2.000000029802322388e-01
4.101499942828075961e-06,2.000000029802322388e-01
4.101999942813934995e-06,2.000000029802322388e-01
4.102499942799794029e-06,2.000000029802322388e-01
4.102999942785653064e-06,2.000000029802322388e-01
4.103499942771512098e-06,2.000000029802322388e-01
4.103999942757371132e-06,2.000000029802322388e-01
4.104499942743230166e-06,2.000000029802322388e-01
4.104999942729089201e-06,2.000000029802322388e-01
4.105499942714948235e-06,2.000000029802322388e-01
4.105999942700807269e-06,2.000000029802322388e-01
4.106499942686666303e-06,2.000000029802322388e-01
4.106999942672525338e-06,2.000000029802322388e-01
4.107499942658384372e-06,2.000000029802322388e-01
4.107999942644243406e-06,2.000000029802322388e-01
4.108499942630102441e-06,0.000000000000000000e+00
4.108999942615961475e-06,2.000000029802322388e-01
4.109499942601820509e-06,2.000000029802322388e-01
4.109999942587679543e-06,2.000000029802322388e-01
4.110499942573538578e-06,2.000000029802322388e-01
4.110999942559397612e-06,2.000000029802322388e-01
4.111499942545256646e-06,2.000000029802322388e-01
4.111999942531115680e-06,2.000000029802322388e-01
4.112499942516974715e-06,2.000000029802322388e-01
4.112999942502833749e-06,2.000000029802322388e-01
4.113499942488692783e-06,2.000000029802322388e-01
4.113999942474551817e-06,2.000000029802322388e-01
4.114499942460410852e-06,2.000000029802322388e-01
4.114999942446269886e-06,2.000000029802322388e-01
4.115499942432128920e-06,2.000000029802322388e-01
4.115999942417987955e-06,0.000000000000000000e+00
4.116499942403846989e-06,0.000000000000000000e+00
4.116999942389706023e-06,0.000000000000000000e+00
4.117499942375565057e-06,0.000000000000000000e+00
4.117999942361424092e-06,2.000000029802322388e-01
4.118499942347283126e-06,2.000000029802322388e-01
4.118999942333142160e-06,2.000000029802322388e-01
4.119499942319001194e-06,2.000000029802322388e-01
4.119999942304860229e-06,0.000000000000000000e+00
4.120499942290719263e-06,0.000000000000000000e+00
4.120999942276578297e-06,0.000000000000000000e+00
4.121499942262437332e-06,0.000000000000000000e+00
4.121999942248296366e-06,2.000000029802322388e-01
4.122499942234155400e-06,2.000000029802322388e-01
4.122999942220014434e-06,2.000000029802322388e-01
4.123499942205873469e-06,2.000000029802322388e-01
4.123999942191732503e-06,2.000000029802322388e-01
4.124499942177591537e-06,2.000000029802322388e-01
4.124999942163450571e-06,0.000000000000000000e+00
4.125499942149309606e-06,2.000000029802322388e-01
4.125999942135168640e-06,2.000000029802322388e-01
4.126499942121027674e-06,2.000000029802322388e-01
4.126999942106886708e-06,0.000000000000000000e+00
4.127499942092745743e-06,0.000000000000000000e+00
4.127999942078604777e-06,0.000000000000000000e+00
4.128499942064463811e-06,0.000000000000000000e+00
4.128999942050322846e-06,0.000000000000000000e+00
4.129499942036181880e-06,0.000000000000000000e+00
4.129999942022040914e-06,0.000000000000000000e+00
4.130499942007899948e-06,0.000000000000000000e+00
4.130999941993758983e-06,0.000000000000000000e+00
4.131499941979618017e-06,0.000000000000000000e+00
4.131999941965477051e-06,0.000000000000000000e+00
4.132499941951336085e-06,0.000000000000000000e+00
4.132999941937195120e-06,0.000000000000000000e+00
4.133499941923054154e-06,0.000000000000000000e+00
4.133999941908913188e-06,0.000000000000000000e+00
4.134499941894772222e-06,0.000000000000000000e+00
4.134999941880631257e-06,0.000000000000000000e+00
4.135499941866490291e-06,0.000000000000000000e+00
4.135999941852349325e-06,0.000000000000000000e+00
4.136499941838208360e-06,0.000000000000000000e+00
4.136999941824067394e-06,0.000000000000000000e+00
4.137499941809926428e-06,0.000000000000000000e+00
4.137999941795785462e-06,0.000000000000000000e+00
4.138499941781644497e-06,0.000000000000000000e+00
4.138999941767503531e-06,0.000000000000000000e+00
4.139499941753362565e-06,0.000000000000000000e+00
4.139999941739221599e-06,0.000000000000000000e+00
4.140499941725080634e-06,2.000000029802322388e-01
4.140999941710939668e-06,0.000000000000000000e+00
4.141499941696798702e-06,0.000000000000000000e+00
4.141999941682657737e-06,0.000000000000000000e+00
4.142499941668516771e-06,0.000000000000000000e+00
4.142999941654375805e-06,0.000000000000000000e+00
4.143499941640234839e-06,0.000000000000000000e+00
4.143999941626093874e-06,0.000000000000000000e+00
4.144499941611952908e-06,0.000000000000000000e+00
4.144999941597811942e-06,0.000000000000000000e+00
4.145499941583670976e-06,0.000000000000000000e+00
4.145999941569530011e-06,0.000000000000000000e+00
4.146499941555389045e-06,0.000000000000000000e+00
4.146999941541248079e-06,0.000000000000000000e+00
4.147499941527107113e-06,0.000000000000000000e+00
4.147999941512966148e-06,0.000000000000000000e+00
4.148499941498825182e-06,0.000000000000000000e+00
4.148999941484684216e-06,0.000000000000000000e+00
4.149499941470543251e-06,0.000000000000000000e+00
4.149999941456402285e-06,0.000000000000000000e+00
4.150499941442261319e-06,0.000000000000000000e+00
4.150999941428120353e-06,0.000000000000000000e+00
4.151499941413979388e-06,0.000000000000000000e+00
4.151999941399838422e-06,0.000000000000000000e+00
4.152499941385697456e-06,0.000000000000000000e+00
4.152999941371556490e-06,0.000000000000000000e+00
4.153499941357415525e-06,0.000000000000000000e+00
4.153999941343274559e-06,0.000000000000000000e+00
4.154499941329133593e-06,0.000000000000000000e+00
4.154999941314992627e-06,0.000000000000000000e+00
4.155499941300851662e-06,0.000000000000000000e+00
4.155999941286710696e-06,0.000000000000000000e+00
4.156499941272569730e-06,0.000000000000000000e+00
4.156999941258428765e-06,0.000000000000000000e+00
4.157499941244287799e-06,0.000000000000000000e+00
4.157999941230146833e-06,0.000000000000000000e+00
4.158499941216005867e-06,0.000000000000000000e+00
4.158999941201864902e-06,0.000000000000000000e+00
4.159499941187723936e-06,0.000000000000000000e+00
4.159999941173582970e-06,0.000000000000000000e+00
4.160499941159442004e-06,0.000000000000000000e+00
4.160999941145301039e-06,0.000000000000000000e+00
4.161499941131160073e-06,0.000000000000000000e+00
4.161999941117019107e-06,0.000000000000000000e+00
4.162499941102878142e-06,0.000000000000000000e+00
4.162999941088737176e-06,0.000000000000000000e+00
4.163499941074596210e-06,0.000000000000000000e+00
4.163999941060455244e-06,0.000000000000000000e+00
4.164499941046314279e-06,0.000000000000000000e+00
4.164999941032173313e-06,0.000000000000000000e+00
4.165499941018032347e-06,0.000000000000000000e+00
4.165999941003891381e-06,0.000000000000000000e+00
4.166499940989750416e-06,0.000000000000000000e+00
4.166999940975609450e-06,0.000000000000000000e+00
4.167499940961468484e-06,0.000000000000000000e+00
4.167999940947327518e-06,0.000000000000000000e+00
4.168499940933186553e-06,0.000000000000000000e+00
4.168999940919045587e-06,0.000000000000000000e+00
4.169499940904904621e-06,0.000000000000000000e+00
4.169999940890763656e-06,0.000000000000000000e+00
4.170499940876622690e-06,0.000000000000000000e+00
4.170999940862481724e-06,0.000000000000000000e+00
4.171499940848340758e-06,0.000000000000000000e+00
4.171999940834199793e-06,0.000000000000000000e+00
4.172499940820058827e-06,0.000000000000000000e+00
4.172999940805917861e-06,0.000000000000000000e+00
4.173499940791776895e-06,0.000000000000000000e+00
4.173999940777635930e-06,0.000000000000000000e+00
4.174499940763494964e-06,0.000000000000000000e+00
4.174999940749353998e-06,0.000000000000000000e+00
4.175499940735213032e-06,0.000000000000000000e+00
4.175999940721072067e-06,0.000000000000000000e+00
4.176499940706931101e-06,0.000000000000000000e+00
4.176999940692790135e-06,0.000000000000000000e+00
4.177499940678649170e-06,0.000000000000000000e+00
4.177999940664508204e-06,0.000000000000000000e+00
4.178499940650367238e-06,0.000000000000000000e+00
4.178999940636226272e-06,0.000000000000000000e+00
4.179499940622085307e-06,0.000000000000000000e+00
4.179999940607944341e-06,0.000000000000000000e+00
4.180499940593803375e-06,0.000000000000000000e+00
4.180999940579662409e-06,0.000000000000000000e+00
4.181499940565521444e-06,0.000000000000000000e+00
4.181999940551380478e-06,0.000000000000000000e+00
4.182499940537239512e-06,0.000000000000000000e+00
4.182999940523098547e-06,0.000000000000000000e+00
4.183499940508957581e-06,0.000000000000000000e+00
4.183999940494816615e-06,0.000000000000000000e+00
4.184499940480675649e-06,0.000000000000000000e+00
4.184999940466534684e-06,0.000000000000000000e+00
4.185499940452393718e-06,0.000000000000000000e+00
4.185999940438252752e-06,0.000000000000000000e+00
4.186499940424111786e-06,0.000000000000000000e+00
4.186999940409970821e-06,0.000000000000000000e+00
4.187499940395829855e-06,0.000000000000000000e+00
4.187999940381688889e-06,0.000000000000000000e+00
4.188499940367547923e-06,0.000000000000000000e+00
4.188999940353406958e-06,0.000000000000000000e+00
4.189499940339265992e-06,0.000000000000000000e+00
4.189999940325125026e-06,0.000000000000000000e+00
4.190499940310984061e-06,0.000000000000000000e+00
4.190999940296843095e-06,0.000000000000000000e+00
4.191499940282702129e-06,0.000000000000000000e+00
4.191999940268561163e-06,0.000000000000000000e+00
4.192499940254420198e-06,0.000000000000000000e+00
4.192999940240279232e-06,0.000000000000000000e+00
4.193499940226138266e-06,0.000000000000000000e+00
4.193999940211997300e-06,0.000000000000000000e+00
4.194499940197856335e-06,0.000000000000000000e+00
4.194999940183715369e-06,0.000000000000000000e+00
4.195499940169574403e-06,0.000000000000000000e+00
4.195999940155433437e-06,0.000000000000000000e+00
4.196499940141292472e-06,0.000000000000000000e+00
4.196999940127151506e-06,0.000000000000000000e+00
4.197499940113010540e-06,0.000000000000000000e+00
4.197999940098869575e-06,0.000000000000000000e+00
4.198499940084728609e-06,0.000000000000000000e+00
4.198999940070587643e-06,0.000000000000000000e+00
4.199499940056446677e-06,0.000000000000000000e+00
4.199999940042305712e-06,0.000000000000000000e+00
4.200499940028164746e-06,0.000000000000000000e+00
4.200999940014023780e-06,0.000000000000000000e+00
4.201499939999882814e-06,0.000000000000000000e+00
4.201999939985741849e-06,0.000000000000000000e+00
4.202499939971600883e-06,0.000000000000000000e+00
4.202999939957459917e-06,0.000000000000000000e+00
4.203499939943318952e-06,0.000000000000000000e+00
4.203999939929177986e-06,0.000000000000000000e+00
4.204499939915037020e-06,0.000000000000000000e+00
4.204999939900896054e-06,0.000000000000000000e+00
4.205499939886755089e-06,0.000000000000000000e+00
4.205999939872614123e-06,0.000000000000000000e+00
4.206499939858473157e-06,0.000000000000000000e+00
4.206999939844332191e-06,0.000000000000000000e+00
4.207499939830191226e-06,0.000000000000000000e+00
4.207999939816050260e-06,0.000000000000000000e+00
4.208499939801909294e-06,0.000000000000000000e+00
4.208999939787768328e-06,0.000000000000000000e+00
4.209499939773627363e-06,0.000000000000000000e+00
4.209999939759486397e-06,0.000000000000000000e+00
4.210499939745345431e-06,0.000000000000000000e+00
4.210999939731204466e-06,0.000000000000000000e+00
4.211499939717063500e-06,0.000000000000000000e+00
4.211999939702922534e-06,0.000000000000000000e+00
4.212499939688781568e-06,0.000000000000000000e+00
4.212999939674640603e-06,0.000000000000000000e+00
4.213499939660499637e-06,0.000000000000000000e+00
4.213999939646358671e-06,0.000000000000000000e+00
4.214499939632217705e-06,0.000000000000000000e+00
4.214999939618076740e-06,0.000000000000000000e+00
4.215499939603935774e-06,0.000000000000000000e+00
4.215999939589794808e-06,0.000000000000000000e+00
4.216499939575653842e-06,0.000000000000000000e+00
4.216999939561512877e-06,0.000000000000000000e+00
4.217499939547371911e-06,0.000000000000000000e+00
4.217999939533230945e-06,0.000000000000000000e+00
4.218499939519089980e-06,0.000000000000000000e+00
4.218999939504949014e-06,0.000000000000000000e+00
4.219499939490808048e-06,0.000000000000000000e+00
4.219999939476667082e-06,0.000000000000000000e+00
4.220499939462526117e-06,0.000000000000000000e+00
4.220999939448385151e-06,0.000000000000000000e+00
4.221499939434244185e-06,0.000000000000000000e+00
4.221999939420103219e-06,0.000000000000000000e+00
4.222499939405962254e-06,0.000000000000000000e+00
4.222999939391821288e-06,4.000000059604644775e-01
4.223499939377680322e-06,1.800000026822090149e+00
4.223999939363539357e-06,3.600000053644180298e+00
4.224499939349398391e-06,5.000000074505805969e+00
4.224999939335257425e-06,5.600000083446502686e+00
4.225499939321116459e-06,5.400000080466270447e+00
4.225999939306975494e-06,5.200000077486038208e+00
4.226499939292834528e-06,5.000000074505805969e+00
4.226999939278693562e-06,5.000000074505805969e+00
4.227499939264552596e-06,4.800000071525573730e+00
4.227999939250411631e-06,4.800000071525573730e+00
4.228499939236270665e-06,4.800000071525573730e+00
4.228999939222129699e-06,4.800000071525573730e+00
4.229499939207988733e-06,4.600000068545341492e+00
4.229999939193847768e-06,4.600000068545341492e+00
4.230499939179706802e-06,4.600000068545341492e+00
4.230999939165565836e-06,4.400000065565109253e+00
4.231499939151424871e-06,4.400000065565109253e+00
4.231999939137283905e-06,4.200000062584877014e+00
4.232499939123142939e-06,4.000000059604644775e+00
4.232999939109001973e-06,4.000000059604644775e+00
4.233499939094861008e-06,3.800000056624412537e+00
4.233999939080720042e-06,3.800000056624412537e+00
4.234499939066579076e-06,3.600000053644180298e+00
4.234999939052438110e-06,3.600000053644180298e+00
4.235499939038297145e-06,3.400000050663948059e+00
4.235999939024156179e-06,3.200000047683715820e+00
4.236499939010015213e-06,3.200000047683715820e+00
4.236999938995874247e-06,3.000000044703483582e+00
4.237499938981733282e-06,2.800000041723251343e+00
4.237999938967592316e-06,2.800000041723251343e+00
4.238499938953451350e-06,2.600000038743019104e+00
4.238999938939310385e-06,2.400000035762786865e+00
4.239499938925169419e-06,2.200000032782554626e+00
4.239999938911028453e-06,2.200000032782554626e+00
4.240499938896887487e-06,2.000000029802322388e+00
4.240999938882746522e-06,1.800000026822090149e+00
4.241499938868605556e-06,1.600000023841857910e+00
4.241999938854464590e-06,1.600000023841857910e+00
4.242499938840323624e-06,1.400000020861625671e+00
4.242999938826182659e-06,1.200000017881393433e+00
4.243499938812041693e-06,1.200000017881393433e+00
4.243999938797900727e-06,8.000000119209289551e-01
4.244499938783759762e-06,8.000000119209289551e-01
4.244999938769618796e-06,6.000000089406967163e-01
4.245499938755477830e-06,4.000000059604644775e-01
4.245999938741336864e-06,4.000000059604644775e-01
4.246499938727195899e-06,2.000000029802322388e-01
4.246999938713054933e-06,0.000000000000000000e+00
4.247499938698913967e-06,-2.000000029802322388e-01
4.247999938684773001e-06,-4.000000059604644775e-01
4.248499938670632036e-06,-6.000000089406967163e-01
4.248999938656491070e-06,-6.000000089406967163e-01
4.249499938642350104e-06,-8.000000119209289551e-01
4.249999938628209138e-06,-1.000000014901161194e+00
4.250499938614068173e-06,-1.200000017881393433e+00
4.250999938599927207e-06,-1.400000020861625671e+00
4.251499938585786241e-06,-1.400000020861625671e+00
4.251999938571645276e-06,-1.600000023841857910e+00
4.252499938557504310e-06,-1.800000026822090149e+00
4.252999938543363344e-06,-2.000000029802322388e+00
4.253499938529222378e-06,-2.200000032782554626e+00
4.253999938515081413e-06,-2.200000032782554626e+00
4.254499938500940447e-06,-2.400000035762786865e+00
4.254999938486799481e-06,-2.600000038743019104e+00
4.255499938472658515e-06,-2.600000038743019104e+00
4.255999938458517550e-06,-2.800000041723251343e+00
4.256499938444376584e-06,-3.000000044703483582e+00
4.256999938430235618e-06,-3.000000044703483582e+00
4.257499938416094652e-06,-3.200000047683715820e+00
4.257999938401953687e-06,-3.200000047683715820e+00
4.258499938387812721e-06,-3.400000050663948059e+00
4.258999938373671755e-06,-3.400000050663948059e+00
4.259499938359530790e-06,-3.600000053644180298e+00
4.259999938345389824e-06,-3.800000056624412537e+00
4.260499938331248858e-06,-3.800000056624412537e+00
4.260999938317107892e-06,-4.000000059604644775e+00
4.261499938302966927e-06,-4.200000062584877014e+00
4.261999938288825961e-06,-4.200000062584877014e+00
4.262499938274684995e-06,-4.200000062584877014e+00
4.262999938260544029e-06,-4.400000065565109253e+00
4.263499938246403064e-06,-4.400000065565109253e+00
4.263999938232262098e-06,-4.400000065565109253e+00
4.264499938218121132e-06,-4.600000068545341492e+00
4.264999938203980167e-06,-4.600000068545341492e+00
4.265499938189839201e-06,-4.600000068545341492e+00
4.265999938175698235e-06,-4.600000068545341492e+00
4.266499938161557269e-06,-4.800000071525573730e+00
4.266999938147416304e-06,-4.800000071525573730e+00
4.267499938133275338e-06,-4.800000071525573730e+00
4.267999938119134372e-06,-5.000000074505805969e+00
4.268499938104993406e-06,-5.000000074505805969e+00
4.268999938090852441e-06,-5.000000074505805969e+00
4.269499938076711475e-06,-5.000000074505805969e+00
4.269999938062570509e-06,-5.000000074505805969e+00
4.270499938048429543e-06,-5.000000074505805969e+00
4.270999938034288578e-06,-5.000000074505805969e+00
4.271499938020147612e-06,-5.000000074505805969e+00
4.271999938006006646e-06,-5.000000074505805969e+00
4.272499937991865681e-06,-5.200000077486038208e+00
4.272999937977724715e-06,-5.200000077486038208e+00
4.273499937963583749e-06,-5.000000074505805969e+00
4.273999937949442783e-06,-5.000000074505805969e+00
4.274499937935301818e-06,-5.000000074505805969e+00
4.274999937921160852e-06,-5.000000074505805969e+00
4.275499937907019886e-06,-5.000000074505805969e+00
4.275999937892878920e-06,-4.800000071525573730e+00
4.276499937878737955e-06,-4.800000071525573730e+00
4.276999937864596989e-06,-4.800000071525573730e+00
4.277499937850456023e-06,-4.800000071525573730e+00
4.277999937836315057e-06,-4.800000071525573730e+00
4.278499937822174092e-06,-4.600000068545341492e+00
4.278999937808033126e-06,-4.600000068545341492e+00
4.279499937793892160e-06,-4.600000068545341492e+00
4.279999937779751195e-06,-4.400000065565109253e+00
4.280499937765610229e-06,-4.400000065565109253e+00
4.280999937751469263e-06,-4.200000062584877014e+00
4.281499937737328297e-06,-4.200000062584877014e+00
4.281999937723187332e-06,-4.000000059604644775e+00
4.282499937709046366e-06,-4.000000059604644775e+00
4.282999937694905400e-06,-4.000000059604644775e+00
4.283499937680764434e-06,-3.800000056624412537e+00
4.283999937666623469e-06,-3.600000053644180298e+00
4.284499937652482503e-06,-3.600000053644180298e+00
4.284999937638341537e-06,-3.400000050663948059e+00
4.285499937624200572e-06,-3.400000050663948059e+00
4.285999937610059606e-06,-3.200000047683715820e+00
4.286499937595918640e-06,-3.000000044703483582e+00
4.286999937581777674e-06,-3.000000044703483582e+00
4.287499937567636709e-06,-2.800000041723251343e+00
4.287999937553495743e-06,-2.600000038743019104e+00
4.288499937539354777e-06,-2.600000038743019104e+00
4.288999937525213811e-06,-2.400000035762786865e+00
4.289499937511072846e-06,-2.200000032782554626e+00
4.289999937496931880e-06,-2.200000032782554626e+00
4.290499937482790914e-06,-2.000000029802322388e+00
4.290999937468649948e-06,-1.800000026822090149e+00
4.291499937454508983e-06,-1.600000023841857910e+00
4.291999937440368017e-06,-1.600000023841857910e+00
4.292499937426227051e-06,-1.400000020861625671e+00
4.292999937412086086e-06,-1.200000017881393433e+00
4.293499937397945120e-06,-1.000000014901161194e+00
4.293999937383804154e-06,-8.000000119209289551e-01
4.294499937369663188e-06,-8.000000119209289551e-01
4.294999937355522223e-06,-6.000000089406967163e-01
4.295499937341381257e-06,-4.000000059604644775e-01
4.295999937327240291e-06,-2.000000029802322388e-01
4.296499937313099325e-06,0.000000000000000000e+00
4.296999937298958360e-06,0.000000000000000000e+00
4.297499937284817394e-06,2.000000029802322388e-01
4.297999937270676428e-06,4.000000059604644775e-01
4.298499937256535462e-06,6.000000089406967163e-01
4.298999937242394497e-06,6.000000089406967163e-01
4.299499937228253531e-06,8.000000119209289551e-01
4.299999937214112565e-06,1.000000014901161194e+00
4.300499937199971600e-06,1.200000017881393433e+00
4.300999937185830634e-06,1.400000020861625671e+00
4.301499937171689668e-06,1.600000023841857910e+00
4.301999937157548702e-06,1.600000023841857910e+00
4.302499937143407737e-06,1.800000026822090149e+00
4.302999937129266771e-06,1.800000026822090149e+00
4.303499937115125805e-06,2.000000029802322388e+00
4.303999937100984839e-06,2.200000032782554626e+00
4.304499937086843874e-06,2.400000035762786865e+00
4.304999937072702908e-06,2.400000035762786865e+00
4.305499937058561942e-06,2.600000038743019104e+00
4.305999937044420977e-06,2.800000041723251343e+00
4.306499937030280011e-06,3.000000044703483582e+00
4.306999937016139045e-06,3.000000044703483582e+00
4.307499937001998079e-06,3.000000044703483582e+00
4.307999936987857114e-06,3.200000047683715820e+00
4.308499936973716148e-06,3.400000050663948059e+00
4.308999936959575182e-06,3.400000050663948059e+00
4.309499936945434216e-06,3.600000053644180298e+00
4.309999936931293251e-06,3.800000056624412537e+00
4.310499936917152285e-06,4.000000059604644775e+00
4.310999936903011319e-06,4.000000059604644775e+00
4.311499936888870353e-06,4.000000059604644775e+00
4.311999936874729388e-06,4.200000062584877014e+00
4.312499936860588422e-06,4.200000062584877014e+00
4.312999936846447456e-06,4.200000062584877014e+00
4.313499936832306491e-06,4.400000065565109253e+00
4.313999936818165525e-06,4.400000065565109253e+00
4.314499936804024559e-06,4.400000065565109253e+00
4.314999936789883593e-06,4.600000068545341492e+00
4.315499936775742628e-06,4.600000068545341492e+00
4.315999936761601662e-06,4.600000068545341492e+00
4.316499936747460696e-06,4.800000071525573730e+00
4.316999936733319730e-06,4.800000071525573730e+00
4.317499936719178765e-06,4.800000071525573730e+00
4.317999936705037799e-06,5.000000074505805969e+00
4.318499936690896833e-06,5.000000074505805969e+00
4.318999936676755867e-06,5.000000074505805969e+00
4.319499936662614902e-06,5.000000074505805969e+00
4.319999936648473936e-06,5.000000074505805969e+00
4.320499936634332970e-06,5.000000074505805969e+00
4.320999936620192005e-06,5.000000074505805969e+00
4.321499936606051039e-06,5.000000074505805969e+00
4.321999936591910073e-06,5.000000074505805969e+00
4.322499936577769107e-06,5.000000074505805969e+00
4.322999936563628142e-06,5.000000074505805969e+00
4.323499936549487176e-06,5.000000074505805969e+00
4.323999936535346210e-06,5.000000074505805969e+00
4.324499936521205244e-06,5.000000074505805969e+00
4.324999936507064279e-06,5.000000074505805969e+00
4.325499936492923313e-06,5.000000074505805969e+00
4.325999936478782347e-06,4.800000071525573730e+00
4.326499936464641382e-06,4.800000071525573730e+00
4.326999936450500416e-06,4.800000071525573730e+00
4.327499936436359450e-06,4.800000071525573730e+00
4.327999936422218484e-06,4.600000068545341492e+00
4.328499936408077519e-06,4.600000068545341492e+00
4.328999936393936553e-06,4.600000068545341492e+00
4.329499936379795587e-06,4.400000065565109253e+00
4.329999936365654621e-06,4.400000065565109253e+00
4.330499936351513656e-06,4.400000065565109253e+00
4.330999936337372690e-06,4.200000062584877014e+00
4.331499936323231724e-06,4.200000062584877014e+00
4.331999936309090758e-06,4.000000059604644775e+00
4.332499936294949793e-06,4.000000059604644775e+00
4.332999936280808827e-06,3.800000056624412537e+00
4.333499936266667861e-06,3.800000056624412537e+00
4.333999936252526896e-06,3.600000053644180298e+00
4.334499936238385930e-06,3.600000053644180298e+00
4.334999936224244964e-06,3.400000050663948059e+00
4.335499936210103998e-06,3.400000050663948059e+00
4.335999936195963033e-06,3.200000047683715820e+00
4.336499936181822067e-06,3.000000044703483582e+00
4.336999936167681101e-06,3.000000044703483582e+00
4.337499936153540135e-06,2.800000041723251343e+00
4.337999936139399170e-06,2.600000038743019104e+00
4.338499936125258204e-06,2.400000035762786865e+00
4.338999936111117238e-06,2.400000035762786865e+00
4.339499936096976272e-06,2.200000032782554626e+00
4.339999936082835307e-06,2.000000029802322388e+00
4.340499936068694341e-06,2.000000029802322388e+00
4.340999936054553375e-06,1.800000026822090149e+00
4.341499936040412410e-06,1.600000023841857910e+00
4.341999936026271444e-06,1.400000020861625671e+00
4.342499936012130478e-06,1.400000020861625671e+00
4.342999935997989512e-06,1.200000017881393433e+00
4.343499935983848547e-06,1.000000014901161194e+00
4.343999935969707581e-06,8.000000119209289551e-01
4.344499935955566615e-06,8.000000119209289551e-01
4.344999935941425649e-06,6.000000089406967163e-01
4.345499935927284684e-06,6.000000089406967163e-01
4.345999935913143718e-06,4.000000059604644775e-01
4.346499935899002752e-06,2.000000029802322388e-01
4.346999935884861787e-06,0.000000000000000000e+00
4.347499935870720821e-06,-2.000000029802322388e-01
4.347999935856579855e-06,-4.000000059604644775e-01
4.348499935842438889e-06,-4.000000059604644775e-01
4.348999935828297924e-06,-6.000000089406967163e-01
4.349499935814156958e-06,-8.000000119209289551e-01
4.349999935800015992e-06,-1.000000014901161194e+00
4.350499935785875026e-06,-1.200000017881393433e+00
4.350999935771734061e-06,-1.400000020861625671e+00
4.351499935757593095e-06,-1.400000020861625671e+00
4.351999935743452129e-06,-1.600000023841857910e+00
4.352499935729311163e-06,-1.800000026822090149e+00
4.352999935715170198e-06,-2.000000029802322388e+00
4.353499935701029232e-06,-2.000000029802322388e+00
4.353999935686888266e-06,-2.200000032782554626e+00
4.354499935672747301e-06,-2.400000035762786865e+00
4.354999935658606335e-06,-2.400000035762786865e+00
4.355499935644465369e-06,-2.600000038743019104e+00
4.355999935630324403e-06,-2.800000041723251343e+00
4.356499935616183438e-06,-2.800000041723251343e+00
4.356999935602042472e-06,-3.000000044703483582e+00
4.357499935587901506e-06,-3.000000044703483582e+00
4.357999935573760540e-06,-3.200000047683715820e+00
4.358499935559619575e-06,-3.400000050663948059e+00
4.358999935545478609e-06,-3.600000053644180298e+00
4.359499935531337643e-06,-3.600000053644180298e+00
4.359999935517196677e-06,-3.800000056624412537e+00
4.360499935503055712e-06,-3.800000056624412537e+00
4.360999935488914746e-06,-4.000000059604644775e+00
4.361499935474773780e-06,-4.000000059604644775e+00
4.361999935460632815e-06,-4.200000062584877014e+00
4.362499935446491849e-06,-4.400000065565109253e+00
4.362999935432350883e-06,-4.400000065565109253e+00
4.363499935418209917e-06,-4.400000065565109253e+00
4.363999935404068952e-06,-4.400000065565109253e+00
4.364499935389927986e-06,-4.600000068545341492e+00
4.364999935375787020e-06,-4.600000068545341492e+00
4.365499935361646054e-06,-4.800000071525573730e+00
4.365999935347505089e-06,-4.800000071525573730e+00
4.366499935333364123e-06,-4.800000071525573730e+00
4.366999935319223157e-06,-4.800000071525573730e+00
4.367499935305082192e-06,-4.800000071525573730e+00
4.367999935290941226e-06,-4.800000071525573730e+00
4.368499935276800260e-06,-5.000000074505805969e+00
4.368999935262659294e-06,-5.000000074505805969e+00
4.369499935248518329e-06,-5.000000074505805969e+00
4.369999935234377363e-06,-5.000000074505805969e+00
4.370499935220236397e-06,-5.000000074505805969e+00
4.370999935206095431e-06,-5.000000074505805969e+00
4.371499935191954466e-06,-5.000000074505805969e+00
4.371999935177813500e-06,-5.000000074505805969e+00
4.372499935163672534e-06,-5.000000074505805969e+00
4.372999935149531568e-06,-5.000000074505805969e+00
4.373499935135390603e-06,-5.000000074505805969e+00
4.373999935121249637e-06,-5.000000074505805969e+00
4.374499935107108671e-06,-5.000000074505805969e+00
4.374999935092967706e-06,-5.000000074505805969e+00
4.375499935078826740e-06,-5.000000074505805969e+00
4.375999935064685774e-06,-4.800000071525573730e+00
4.376499935050544808e-06,-4.800000071525573730e+00
4.376999935036403843e-06,-4.800000071525573730e+00
4.377499935022262877e-06,-4.800000071525573730e+00
4.377999935008121911e-06,-4.600000068545341492e+00
4.378499934993980945e-06,-4.600000068545341492e+00
4.378999934979839980e-06,-4.600000068545341492e+00
4.379499934965699014e-06,-4.400000065565109253e+00
4.379999934951558048e-06,-4.400000065565109253e+00
4.380499934937417082e-06,-4.400000065565109253e+00
4.380999934923276117e-06,-4.200000062584877014e+00
4.381499934909135151e-06,-4.200000062584877014e+00
4.381999934894994185e-06,-4.000000059604644775e+00
4.382499934880853220e-06,-4.000000059604644775e+00
4.382999934866712254e-06,-4.000000059604644775e+00
4.383499934852571288e-06,-3.800000056624412537e+00
4.383999934838430322e-06,-3.800000056624412537e+00
4.384499934824289357e-06,-3.600000053644180298e+00
4.384999934810148391e-06,-3.400000050663948059e+00
4.385499934796007425e-06,-3.200000047683715820e+00
4.385999934781866459e-06,-3.200000047683715820e+00
4.386499934767725494e-06,-3.000000044703483582e+00
4.386999934753584528e-06,-3.000000044703483582e+00
4.387499934739443562e-06,-2.800000041723251343e+00
4.387999934725302597e-06,-2.600000038743019104e+00
4.388499934711161631e-06,-2.600000038743019104e+00
4.388999934697020665e-06,-2.400000035762786865e+00
4.389499934682879699e-06,-2.200000032782554626e+00
4.389999934668738734e-06,-2.000000029802322388e+00
4.390499934654597768e-06,-2.000000029802322388e+00
4.390999934640456802e-06,-1.800000026822090149e+00
4.391499934626315836e-06,-1.600000023841857910e+00
4.391999934612174871e-06,-1.600000023841857910e+00
4.392499934598033905e-06,-1.400000020861625671e+00
4.392999934583892939e-06,-1.200000017881393433e+00
4.393499934569751973e-06,-1.000000014901161194e+00
4.393999934555611008e-06,-8.000000119209289551e-01
4.394499934541470042e-06,-8.000000119209289551e-01
4.394999934527329076e-06,-6.000000089406967163e-01
4.395499934513188111e-06,-4.000000059604644775e-01
4.395999934499047145e-06,-2.000000029802322388e-01
4.396499934484906179e-06,-2.000000029802322388e-01
4.396999934470765213e-06,0.000000000000000000e+00
4.397499934456624248e-06,2.000000029802322388e-01
4.397999934442483282e-06,4.000000059604644775e-01
4.398499934428342316e-06,4.000000059604644775e-01
4.398999934414201350e-06,6.000000089406967163e-01
4.399499934400060385e-06,8.000000119209289551e-01
4.399999934385919419e-06,1.000000014901161194e+00
4.400499934371778453e-06,1.200000017881393433e+00
4.400999934357637487e-06,1.200000017881393433e+00
4.401499934343496522e-06,1.400000020861625671e+00
4.401999934329355556e-06,1.600000023841857910e+00
4.402499934315214590e-06,1.800000026822090149e+00
4.402999934301073625e-06,2.000000029802322388e+00
4.403499934286932659e-06,2.000000029802322388e+00
4.403999934272791693e-06,2.200000032782554626e+00
4.404499934258650727e-06,2.400000035762786865e+00
4.404999934244509762e-06,2.400000035762786865e+00
4.405499934230368796e-06,2.600000038743019104e+00
4.405999934216227830e-06,2.800000041723251343e+00
4.406499934202086864e-06,3.000000044703483582e+00
4.406999934187945899e-06,3.000000044703483582e+00
4.407499934173804933e-06,3.200000047683715820e+00
4.407999934159663967e-06,3.200000047683715820e+00
4.408499934145523002e-06,3.400000050663948059e+00
4.408999934131382036e-06,3.600000053644180298e+00
4.409499934117241070e-06,3.600000053644180298e+00
4.409999934103100104e-06,3.800000056624412537e+00
4.410499934088959139e-06,3.800000056624412537e+00
4.410999934074818173e-06,4.000000059604644775e+00
4.411499934060677207e-06,4.000000059604644775e+00
4.411999934046536241e-06,4.000000059604644775e+00
4.412499934032395276e-06,4.200000062584877014e+00
4.412999934018254310e-06,4.200000062584877014e+00
4.413499934004113344e-06,4.400000065565109253e+00
4.413999933989972378e-06,4.400000065565109253e+00
4.414499933975831413e-06,4.600000068545341492e+00
4.414999933961690447e-06,4.600000068545341492e+00
4.415499933947549481e-06,4.600000068545341492e+00
4.415999933933408516e-06,4.800000071525573730e+00
4.416499933919267550e-06,4.800000071525573730e+00
4.416999933905126584e-06,4.800000071525573730e+00
4.417499933890985618e-06,4.800000071525573730e+00
4.417999933876844653e-06,5.000000074505805969e+00
4.418499933862703687e-06,5.000000074505805969e+00
4.418999933848562721e-06,5.000000074505805969e+00
4.419499933834421755e-06,5.000000074505805969e+00
4.419999933820280790e-06,5.000000074505805969e+00
4.420499933806139824e-06,5.000000074505805969e+00
4.420999933791998858e-06,5.000000074505805969e+00
4.421499933777857892e-06,5.000000074505805969e+00
4.421999933763716927e-06,5.000000074505805969e+00
4.422499933749575961e-06,5.000000074505805969e+00
4.422999933735434995e-06,5.200000077486038208e+00
4.423499933721294030e-06,5.000000074505805969e+00
4.423999933707153064e-06,5.000000074505805969e+00
4.424499933693012098e-06,5.000000074505805969e+00
4.424999933678871132e-06,5.000000074505805969e+00
4.425499933664730167e-06,4.800000071525573730e+00
4.425999933650589201e-06,4.800000071525573730e+00
4.426499933636448235e-06,4.800000071525573730e+00
4.426999933622307269e-06,4.800000071525573730e+00
4.427499933608166304e-06,4.800000071525573730e+00
4.427999933594025338e-06,4.600000068545341492e+00
4.428499933579884372e-06,4.600000068545341492e+00
4.428999933565743407e-06,4.600000068545341492e+00
4.429499933551602441e-06,4.400000065565109253e+00
4.429999933537461475e-06,4.400000065565109253e+00
4.430499933523320509e-06,4.400000065565109253e+00
4.430999933509179544e-06,4.200000062584877014e+00
4.431499933495038578e-06,4.200000062584877014e+00
4.431999933480897612e-06,4.000000059604644775e+00
4.432499933466756646e-06,3.800000056624412537e+00
4.432999933452615681e-06,3.800000056624412537e+00
4.433499933438474715e-06,3.800000056624412537e+00
4.433999933424333749e-06,3.600000053644180298e+00
4.434499933410192783e-06,3.600000053644180298e+00
4.434999933396051818e-06,3.400000050663948059e+00
4.435499933381910852e-06,3.200000047683715820e+00
4.435999933367769886e-06,3.200000047683715820e+00
4.436499933353628921e-06,3.000000044703483582e+00
4.436999933339487955e-06,3.000000044703483582e+00
4.437499933325346989e-06,2.800000041723251343e+00
4.437999933311206023e-06,2.600000038743019104e+00
4.438499933297065058e-06,2.400000035762786865e+00
4.438999933282924092e-06,2.400000035762786865e+00
4.439499933268783126e-06,2.200000032782554626e+00
4.439999933254642160e-06,2.000000029802322388e+00
4.440499933240501195e-06,1.800000026822090149e+00
4.440999933226360229e-06,1.800000026822090149e+00
4.441499933212219263e-06,1.600000023841857910e+00
4.441999933198078297e-06,1.400000020861625671e+00
4.442499933183937332e-06,1.400000020861625671e+00
4.442999933169796366e-06,1.200000017881393433e+00
4.443499933155655400e-06,1.000000014901161194e+00
4.443999933141514435e-06,8.000000119209289551e-01
4.444499933127373469e-06,8.000000119209289551e-01
4.444999933113232503e-06,4.000000059604644775e-01
4.445499933099091537e-06,4.000000059604644775e-01
4.445999933084950572e-06,2.000000029802322388e-01
4.446499933070809606e-06,2.000000029802322388e-01
4.446999933056668640e-06,0.000000000000000000e+00
4.447499933042527674e-06,-2.000000029802322388e-01
4.447999933028386709e-06,-4.000000059604644775e-01
4.448499933014245743e-06,-6.000000089406967163e-01
4.448999933000104777e-06,-8.000000119209289551e-01
4.449499932985963812e-06,-1.000000014901161194e+00
4.449999932971822846e-06,-1.000000014901161194e+00
4.450499932957681880e-06,-1.200000017881393433e+00
4.450999932943540914e-06,-1.400000020861625671e+00
4.451499932929399949e-06,-1.600000023841857910e+00
4.451999932915258983e-06,-1.600000023841857910e+00
4.452499932901118017e-06,-1.800000026822090149e+00
4.452999932886977051e-06,-2.000000029802322388e+00
4.453499932872836086e-06,-2.200000032782554626e+00
4.453999932858695120e-06,-2.200000032782554626e+00
4.454499932844554154e-06,-2.400000035762786865e+00
4.454999932830413188e-06,-2.600000038743019104e+00
4.455499932816272223e-06,-2.600000038743019104e+00
4.455999932802131257e-06,-2.800000041723251343e+00
4.456499932787990291e-06,-3.000000044703483582e+00
4.456999932773849326e-06,-3.000000044703483582e+00
4.457499932759708360e-06,-3.200000047683715820e+00
4.457999932745567394e-06,-3.400000050663948059e+00
4.458499932731426428e-06,-3.400000050663948059e+00
4.458999932717285463e-06,-3.600000053644180298e+00
4.459499932703144497e-06,-3.600000053644180298e+00
4.459999932689003531e-06,-3.800000056624412537e+00
4.460499932674862565e-06,-3.800000056624412537e+00
4.460999932660721600e-06,-4.000000059604644775e+00
4.461499932646580634e-06,-4.000000059604644775e+00
4.461999932632439668e-06,-4.200000062584877014e+00
4.462499932618298702e-06,-4.200000062584877014e+00
4.462999932604157737e-06,-4.400000065565109253e+00
4.463499932590016771e-06,-4.400000065565109253e+00
4.463999932575875805e-06,-4.400000065565109253e+00
4.464499932561734840e-06,-4.600000068545341492e+00
4.464999932547593874e-06,-4.600000068545341492e+00
4.465499932533452908e-06,-4.800000071525573730e+00
4.465999932519311942e-06,-4.800000071525573730e+00
4.466499932505170977e-06,-4.800000071525573730e+00
4.466999932491030011e-06,-4.800000071525573730e+00
4.467499932476889045e-06,-4.800000071525573730e+00
4.467999932462748079e-06,-5.000000074505805969e+00
4.468499932448607114e-06,-5.000000074505805969e+00
4.468999932434466148e-06,-5.000000074505805969e+00
4.469499932420325182e-06,-5.000000074505805969e+00
4.469999932406184217e-06,-5.000000074505805969e+00
4.470499932392043251e-06,-5.000000074505805969e+00
4.470999932377902285e-06,-5.000000074505805969e+00
4.471499932363761319e-06,-5.200000077486038208e+00
4.471999932349620354e-06,-5.200000077486038208e+00
4.472499932335479388e-06,-5.200000077486038208e+00
4.472999932321338422e-06,-5.200000077486038208e+00
4.473499932307197456e-06,-5.000000074505805969e+00
4.473999932293056491e-06,-5.000000074505805969e+00
4.474499932278915525e-06,-5.000000074505805969e+00
4.474999932264774559e-06,-5.000000074505805969e+00
4.475499932250633593e-06,-5.000000074505805969e+00
4.475999932236492628e-06,-5.000000074505805969e+00
4.476499932222351662e-06,-4.800000071525573730e+00
4.476999932208210696e-06,-4.800000071525573730e+00
4.477499932194069731e-06,-4.800000071525573730e+00
4.477999932179928765e-06,-4.800000071525573730e+00
4.478499932165787799e-06,-4.800000071525573730e+00
4.478999932151646833e-06,-4.600000068545341492e+00
4.479499932137505868e-06,-4.600000068545341492e+00
4.479999932123364902e-06,-4.400000065565109253e+00
4.480499932109223936e-06,-4.400000065565109253e+00
4.480999932095082970e-06,-4.200000062584877014e+00
4.481499932080942005e-06,-4.200000062584877014e+00
4.481999932066801039e-06,-4.200000062584877014e+00
4.482499932052660073e-06,-4.000000059604644775e+00
4.482999932038519107e-06,-3.800000056624412537e+00
4.483499932024378142e-06,-3.200000047683715820e+00
4.483999932010237176e-06,-2.000000029802322388e+00
4.484499931996096210e-06,-2.000000029802322388e-01
4.484999931981955245e-06,8.000000119209289551e-01
4.485499931967814279e-06,1.200000017881393433e+00
4.485999931953673313e-06,1.000000014901161194e+00
4.486499931939532347e-06,1.000000014901161194e+00
4.486999931925391382e-06,8.000000119209289551e-01
4.487499931911250416e-06,8.000000119209289551e-01
4.487999931897109450e-06,8.000000119209289551e-01
4.488499931882968484e-06,8.000000119209289551e-01
4.488999931868827519e-06,8.000000119209289551e-01
4.489499931854686553e-06,8.000000119209289551e-01
4.489999931840545587e-06,8.000000119209289551e-01
4.490499931826404622e-06,8.000000119209289551e-01
4.490999931812263656e-06,8.000000119209289551e-01
4.491499931798122690e-06,8.000000119209289551e-01
4.491999931783981724e-06,8.000000119209289551e-01
4.492499931769840759e-06,8.000000119209289551e-01
4.492999931755699793e-06,8.000000119209289551e-01
4.493499931741558827e-06,6.000000089406967163e-01
4.493999931727417861e-06,6.000000089406967163e-01
4.494499931713276896e-06,6.000000089406967163e-01
4.494999931699135930e-06,6.000000089406967163e-01
4.495499931684994964e-06,6.000000089406967163e-01
4.495999931670853998e-06,6.000000089406967163e-01
4.496499931656713033e-06,6.000000089406967163e-01
4.496999931642572067e-06,6.000000089406967163e-01
4.497499931628431101e-06,6.000000089406967163e-01
4.497999931614290136e-06,6.000000089406967163e-01
4.498499931600149170e-06,6.000000089406967163e-01
4.498999931586008204e-06,6.000000089406967163e-01
4.499499931571867238e-06,6.000000089406967163e-01
4.499999931557726273e-06,6.000000089406967163e-01
4.500499931543585307e-06,6.000000089406967163e-01
4.500999931529444341e-06,6.000000089406967163e-01
4.501499931515303375e-06,6.000000089406967163e-01
4.501999931501162410e-06,6.000000089406967163e-01
4.502499931487021444e-06,6.000000089406967163e-01
4.502999931472880478e-06,6.000000089406967163e-01
4.503499931458739512e-06,6.000000089406967163e-01
4.503999931444598547e-06,6.000000089406967163e-01
4.504499931430457581e-06,6.000000089406967163e-01
4.504999931416316615e-06,6.000000089406967163e-01
4.505499931402175650e-06,6.000000089406967163e-01
4.505999931388034684e-06,4.000000059604644775e-01
4.506499931373893718e-06,6.000000089406967163e-01
4.506999931359752752e-06,6.000000089406967163e-01
4.507499931345611787e-06,6.000000089406967163e-01
4.507999931331470821e-06,6.000000089406967163e-01
4.508499931317329855e-06,6.000000089406967163e-01
4.508999931303188889e-06,4.000000059604644775e-01
4.509499931289047924e-06,6.000000089406967163e-01
4.509999931274906958e-06,6.000000089406967163e-01
4.510499931260765992e-06,6.000000089406967163e-01
4.510999931246625027e-06,4.000000059604644775e-01
4.511499931232484061e-06,6.000000089406967163e-01
4.511999931218343095e-06,6.000000089406967163e-01
4.512499931204202129e-06,6.000000089406967163e-01
4.512999931190061164e-06,4.000000059604644775e-01
4.513499931175920198e-06,4.000000059604644775e-01
4.513999931161779232e-06,4.000000059604644775e-01
4.514499931147638266e-06,4.000000059604644775e-01
4.514999931133497301e-06,4.000000059604644775e-01
4.515499931119356335e-06,6.000000089406967163e-01
4.515999931105215369e-06,6.000000089406967163e-01
4.516499931091074403e-06,4.000000059604644775e-01
4.516999931076933438e-06,4.000000059604644775e-01
4.517499931062792472e-06,4.000000059604644775e-01
4.517999931048651506e-06,4.000000059604644775e-01
4.518499931034510541e-06,4.000000059604644775e-01
4.518999931020369575e-06,4.000000059604644775e-01
4.519499931006228609e-06,4.000000059604644775e-01
4.519999930992087643e-06,4.000000059604644775e-01
4.520499930977946678e-06,4.000000059604644775e-01
4.520999930963805712e-06,4.000000059604644775e-01
4.521499930949664746e-06,4.000000059604644775e-01
4.521999930935523780e-06,4.000000059604644775e-01
4.522499930921382815e-06,4.000000059604644775e-01
4.522999930907241849e-06,4.000000059604644775e-01
4.523499930893100883e-06,4.000000059604644775e-01
4.523999930878959917e-06,4.000000059604644775e-01
4.524499930864818952e-06,4.000000059604644775e-01
4.524999930850677986e-06,4.000000059604644775e-01
4.525499930836537020e-06,4.000000059604644775e-01
4.525999930822396055e-06,4.000000059604644775e-01
4.526499930808255089e-06,4.000000059604644775e-01
4.526999930794114123e-06,4.000000059604644775e-01
4.527499930779973157e-06,4.000000059604644775e-01
4.527999930765832192e-06,4.000000059604644775e-01
4.528499930751691226e-06,4.000000059604644775e-01
4.528999930737550260e-06,4.000000059604644775e-01
4.529499930723409294e-06,4.000000059604644775e-01
4.529999930709268329e-06,4.000000059604644775e-01
4.530499930695127363e-06,4.000000059604644775e-01
4.530999930680986397e-06,4.000000059604644775e-01
4.531499930666845432e-06,4.000000059604644775e-01
4.531999930652704466e-06,4.000000059604644775e-01
4.532499930638563500e-06,4.000000059604644775e-01
4.532999930624422534e-06,4.000000059604644775e-01
4.533499930610281569e-06,4.000000059604644775e-01
4.533999930596140603e-06,4.000000059604644775e-01
4.534499930581999637e-06,4.000000059604644775e-01
4.534999930567858671e-06,4.000000059604644775e-01
4.535499930553717706e-06,4.000000059604644775e-01
4.535999930539576740e-06,4.000000059604644775e-01
4.536499930525435774e-06,4.000000059604644775e-01
4.536999930511294808e-06,4.000000059604644775e-01
4.537499930497153843e-06,4.000000059604644775e-01
4.537999930483012877e-06,4.000000059604644775e-01
4.538499930468871911e-06,4.000000059604644775e-01
4.538999930454730946e-06,4.000000059604644775e-01
4.539499930440589980e-06,4.000000059604644775e-01
4.539999930426449014e-06,4.000000059604644775e-01
4.540499930412308048e-06,4.000000059604644775e-01
4.540999930398167083e-06,4.000000059604644775e-01
4.541499930384026117e-06,4.000000059604644775e-01
4.541999930369885151e-06,4.000000059604644775e-01
4.542499930355744185e-06,4.000000059604644775e-01
4.542999930341603220e-06,4.000000059604644775e-01
4.543499930327462254e-06,2.000000029802322388e-01
4.543999930313321288e-06,2.000000029802322388e-01
4.544499930299180322e-06,4.000000059604644775e-01
4.544999930285039357e-06,2.000000029802322388e-01
4.545499930270898391e-06,2.000000029802322388e-01
4.545999930256757425e-06,4.000000059604644775e-01
4.546499930242616460e-06,4.000000059604644775e-01
4.546999930228475494e-06,2.000000029802322388e-01
4.547499930214334528e-06,4.000000059604644775e-01
4.547999930200193562e-06,4.000000059604644775e-01
4.548499930186052597e-06,4.000000059604644775e-01
4.548999930171911631e-06,2.000000029802322388e-01
4.549499930157770665e-06,2.000000029802322388e-01
4.549999930143629699e-06,4.000000059604644775e-01
4.550499930129488734e-06,4.000000059604644775e-01
4.550999930115347768e-06,4.000000059604644775e-01
4.551499930101206802e-06,4.000000059604644775e-01
4.551999930087065837e-06,4.000000059604644775e-01
4.552499930072924871e-06,2.000000029802322388e-01
4.552999930058783905e-06,2.000000029802322388e-01
4.553499930044642939e-06,4.000000059604644775e-01
4.553999930030501974e-06,4.000000059604644775e-01
4.554499930016361008e-06,4.000000059604644775e-01
4.554999930002220042e-06,2.000000029802322388e-01
4.555499929988079076e-06,4.000000059604644775e-01
4.555999929973938111e-06,4.000000059604644775e-01
4.556499929959797145e-06,4.000000059604644775e-01
4.556999929945656179e-06,4.000000059604644775e-01
4.557499929931515213e-06,4.000000059604644775e-01
4.557999929917374248e-06,4.000000059604644775e-01
4.558499929903233282e-06,4.000000059604644775e-01
4.558999929889092316e-06,2.000000029802322388e-01
4.559499929874951351e-06,2.000000029802322388e-01
4.559999929860810385e-06,2.000000029802322388e-01
4.560499929846669419e-06,2.000000029802322388e-01
4.560999929832528453e-06,2.000000029802322388e-01
4.561499929818387488e-06,2.000000029802322388e-01
4.561999929804246522e-06,4.000000059604644775e-01
4.562499929790105556e-06,4.000000059604644775e-01
4.562999929775964590e-06,2.000000029802322388e-01
4.563499929761823625e-06,2.000000029802322388e-01
4.563999929747682659e-06,2.000000029802322388e-01
4.564499929733541693e-06,2.000000029802322388e-01
4.564999929719400727e-06,2.000000029802322388e-01
4.565499929705259762e-06,2.000000029802322388e-01
4.565999929691118796e-06,2.000000029802322388e-01
4.566499929676977830e-06,2.000000029802322388e-01
4.566999929662836865e-06,2.000000029802322388e-01
4.567499929648695899e-06,2.000000029802322388e-01
4.567999929634554933e-06,2.000000029802322388e-01
4.568499929620413967e-06,2.000000029802322388e-01
4.568999929606273002e-06,2.000000029802322388e-01
4.569499929592132036e-06,2.000000029802322388e-01
4.569999929577991070e-06,2.000000029802322388e-01
4.570499929563850104e-06,2.000000029802322388e-01
4.570999929549709139e-06,2.000000029802322388e-01
4.571499929535568173e-06,2.000000029802322388e-01
4.571999929521427207e-06,2.000000029802322388e-01
4.572499929507286242e-06,2.000000029802322388e-01
4.572999929493145276e-06,2.000000029802322388e-01
4.573499929479004310e-06,2.000000029802322388e-01
4.573999929464863344e-06,2.000000029802322388e-01
4.574499929450722379e-06,2.000000029802322388e-01
4.574999929436581413e-06,2.000000029802322388e-01
4.575499929422440447e-06,2.000000029802322388e-01
4.575999929408299481e-06,2.000000029802322388e-01
4.576499929394158516e-06,2.000000029802322388e-01
4.576999929380017550e-06,2.000000029802322388e-01
4.577499929365876584e-06,2.000000029802322388e-01
4.577999929351735618e-06,2.000000029802322388e-01
4.578499929337594653e-06,2.000000029802322388e-01
4.578999929323453687e-06,2.000000029802322388e-01
4.579499929309312721e-06,2.000000029802322388e-01
4.579999929295171756e-06,2.000000029802322388e-01
4.580499929281030790e-06,2.000000029802322388e-01
4.580999929266889824e-06,2.000000029802322388e-01
4.581499929252748858e-06,2.000000029802322388e-01
4.581999929238607893e-06,2.000000029802322388e-01
4.582499929224466927e-06,2.000000029802322388e-01
4.582999929210325961e-06,2.000000029802322388e-01
4.583499929196184995e-06,2.000000029802322388e-01
4.583999929182044030e-06,2.000000029802322388e-01
4.584499929167903064e-06,2.000000029802322388e-01
4.584999929153762098e-06,2.000000029802322388e-01
4.585499929139621132e-06,2.000000029802322388e-01
4.585999929125480167e-06,2.000000029802322388e-01
4.586499929111339201e-06,2.000000029802322388e-01
4.586999929097198235e-06,2.000000029802322388e-01
4.587499929083057270e-06,2.000000029802322388e-01
4.587999929068916304e-06,2.000000029802322388e-01
4.588499929054775338e-06,2.000000029802322388e-01
4.588999929040634372e-06,2.000000029802322388e-01
4.589499929026493407e-06,2.000000029802322388e-01
4.589999929012352441e-06,2.000000029802322388e-01
4.590499928998211475e-06,2.000000029802322388e-01
4.590999928984070509e-06,2.000000029802322388e-01
4.591499928969929544e-06,2.000000029802322388e-01
4.591999928955788578e-06,2.000000029802322388e-01
4.592499928941647612e-06,2.000000029802322388e-01
4.592999928927506647e-06,2.000000029802322388e-01
4.593499928913365681e-06,2.000000029802322388e-01
4.593999928899224715e-06,2.000000029802322388e-01
4.594499928885083749e-06,2.000000029802322388e-01
4.594999928870942784e-06,2.000000029802322388e-01
4.595499928856801818e-06,2.000000029802322388e-01
4.595999928842660852e-06,2.000000029802322388e-01
4.596499928828519886e-06,2.000000029802322388e-01
4.596999928814378921e-06,2.000000029802322388e-01
4.597499928800237955e-06,2.000000029802322388e-01
4.597999928786096989e-06,2.000000029802322388e-01
4.598499928771956023e-06,2.000000029802322388e-01
4.598999928757815058e-06,2.000000029802322388e-01
4.599499928743674092e-06,2.000000029802322388e-01
4.599999928729533126e-06,2.000000029802322388e-01
4.600499928715392161e-06,2.000000029802322388e-01
4.600999928701251195e-06,0.000000000000000000e+00
4.601499928687110229e-06,2.000000029802322388e-01
4.601999928672969263e-06,2.000000029802322388e-01
4.602499928658828298e-06,2.000000029802322388e-01
4.602999928644687332e-06,2.000000029802322388e-01
4.603499928630546366e-06,0.000000000000000000e+00
4.603999928616405400e-06,2.000000029802322388e-01
4.604499928602264435e-06,2.000000029802322388e-01
4.604999928588123469e-06,0.000000000000000000e+00
4.605499928573982503e-06,2.000000029802322388e-01
4.605999928559841537e-06,2.000000029802322388e-01
4.606499928545700572e-06,2.000000029802322388e-01
4.606999928531559606e-06,2.000000029802322388e-01
4.607499928517418640e-06,0.000000000000000000e+00
4.607999928503277675e-06,0.000000000000000000e+00
4.608499928489136709e-06,2.000000029802322388e-01
4.608999928474995743e-06,2.000000029802322388e-01
4.609499928460854777e-06,2.000000029802322388e-01
4.609999928446713812e-06,2.000000029802322388e-01
4.610499928432572846e-06,2.000000029802322388e-01
4.610999928418431880e-06,0.000000000000000000e+00
4.611499928404290914e-06,0.000000000000000000e+00
4.611999928390149949e-06,0.000000000000000000e+00
4.612499928376008983e-06,2.000000029802322388e-01
4.612999928361868017e-06,2.000000029802322388e-01
4.613499928347727052e-06,2.000000029802322388e-01
4.613999928333586086e-06,2.000000029802322388e-01
4.614499928319445120e-06,2.000000029802322388e-01
4.614999928305304154e-06,0.000000000000000000e+00
4.615499928291163189e-06,0.000000000000000000e+00
4.615999928277022223e-06,0.000000000000000000e+00
4.616499928262881257e-06,0.000000000000000000e+00
4.616999928248740291e-06,2.000000029802322388e-01
4.617499928234599326e-06,0.000000000000000000e+00
4.617999928220458360e-06,2.000000029802322388e-01
4.618499928206317394e-06,0.000000000000000000e+00
4.618999928192176428e-06,0.000000000000000000e+00
4.619499928178035463e-06,0.000000000000000000e+00
4.619999928163894497e-06,2.000000029802322388e-01
4.620499928149753531e-06,2.000000029802322388e-01
4.620999928135612566e-06,0.000000000000000000e+00
4.621499928121471600e-06,0.000000000000000000e+00
4.621999928107330634e-06,0.000000000000000000e+00
4.622499928093189668e-06,0.000000000000000000e+00
4.622999928079048703e-06,0.000000000000000000e+00
4.623499928064907737e-06,0.000000000000000000e+00
4.623999928050766771e-06,0.000000000000000000e+00
4.624499928036625805e-06,0.000000000000000000e+00
4.624999928022484840e-06,0.000000000000000000e+00
4.625499928008343874e-06,0.000000000000000000e+00
4.625999927994202908e-06,0.000000000000000000e+00
4.626499927980061942e-06,0.000000000000000000e+00
4.626999927965920977e-06,0.000000000000000000e+00
4.627499927951780011e-06,0.000000000000000000e+00
4.627999927937639045e-06,0.000000000000000000e+00
4.628499927923498080e-06,0.000000000000000000e+00
4.628999927909357114e-06,0.000000000000000000e+00
4.629499927895216148e-06,0.000000000000000000e+00
4.629999927881075182e-06,0.000000000000000000e+00
4.630499927866934217e-06,0.000000000000000000e+00
4.630999927852793251e-06,0.000000000000000000e+00
4.631499927838652285e-06,0.000000000000000000e+00
4.631999927824511319e-06,0.000000000000000000e+00
4.632499927810370354e-06,0.000000000000000000e+00
4.632999927796229388e-06,0.000000000000000000e+00
4.633499927782088422e-06,2.000000029802322388e-01
4.633999927767947457e-06,0.000000000000000000e+00
4.634499927753806491e-06,0.000000000000000000e+00
4.634999927739665525e-06,0.000000000000000000e+00
4.635499927725524559e-06,0.000000000000000000e+00
4.635999927711383594e-06,0.000000000000000000e+00
4.636499927697242628e-06,0.000000000000000000e+00
4.636999927683101662e-06,0.000000000000000000e+00
4.637499927668960696e-06,0.000000000000000000e+00
4.637999927654819731e-06,0.000000000000000000e+00
4.638499927640678765e-06,0.000000000000000000e+00
4.638999927626537799e-06,0.000000000000000000e+00
4.639499927612396833e-06,0.000000000000000000e+00
4.639999927598255868e-06,0.000000000000000000e+00
4.640499927584114902e-06,0.000000000000000000e+00
4.640999927569973936e-06,0.000000000000000000e+00
4.641499927555832971e-06,0.000000000000000000e+00
4.641999927541692005e-06,0.000000000000000000e+00
4.642499927527551039e-06,0.000000000000000000e+00
4.642999927513410073e-06,0.000000000000000000e+00
4.643499927499269108e-06,0.000000000000000000e+00
4.643999927485128142e-06,0.000000000000000000e+00
4.644499927470987176e-06,0.000000000000000000e+00
4.644999927456846210e-06,0.000000000000000000e+00
4.645499927442705245e-06,0.000000000000000000e+00
4.645999927428564279e-06,0.000000000000000000e+00
4.646499927414423313e-06,2.000000029802322388e-01
4.646999927400282347e-06,0.000000000000000000e+00
4.647499927386141382e-06,0.000000000000000000e+00
4.647999927372000416e-06,0.000000000000000000e+00
4.648499927357859450e-06,0.000000000000000000e+00
4.648999927343718485e-06,0.000000000000000000e+00
4.649499927329577519e-06,0.000000000000000000e+00
4.649999927315436553e-06,0.000000000000000000e+00
4.650499927301295587e-06,0.000000000000000000e+00
4.650999927287154622e-06,0.000000000000000000e+00
4.651499927273013656e-06,0.000000000000000000e+00
4.651999927258872690e-06,0.000000000000000000e+00
4.652499927244731724e-06,0.000000000000000000e+00
4.652999927230590759e-06,0.000000000000000000e+00
4.653499927216449793e-06,0.000000000000000000e+00
4.653999927202308827e-06,0.000000000000000000e+00
4.654499927188167862e-06,0.000000000000000000e+00
4.654999927174026896e-06,0.000000000000000000e+00
4.655499927159885930e-06,0.000000000000000000e+00
4.655999927145744964e-06,0.000000000000000000e+00
4.656499927131603999e-06,0.000000000000000000e+00
4.656999927117463033e-06,0.000000000000000000e+00
4.657499927103322067e-06,0.000000000000000000e+00
4.657999927089181101e-06,0.000000000000000000e+00
4.658499927075040136e-06,0.000000000000000000e+00
4.658999927060899170e-06,0.000000000000000000e+00
4.659499927046758204e-06,0.000000000000000000e+00
4.659999927032617238e-06,0.000000000000000000e+00
4.660499927018476273e-06,0.000000000000000000e+00
4.660999927004335307e-06,0.000000000000000000e+00
4.661499926990194341e-06,0.000000000000000000e+00
4.661999926976053376e-06,0.000000000000000000e+00
4.662499926961912410e-06,0.000000000000000000e+00
4.662999926947771444e-06,0.000000000000000000e+00
4.663499926933630478e-06,0.000000000000000000e+00
4.663999926919489513e-06,0.000000000000000000e+00
4.664499926905348547e-06,0.000000000000000000e+00
4.664999926891207581e-06,0.000000000000000000e+00
4.665499926877066615e-06,0.000000000000000000e+00
4.665999926862925650e-06,0.000000000000000000e+00
4.666499926848784684e-06,0.000000000000000000e+00
4.666999926834643718e-06,0.000000000000000000e+00
4.667499926820502752e-06,0.000000000000000000e+00
4.667999926806361787e-06,0.000000000000000000e+00
4.668499926792220821e-06,0.000000000000000000e+00
4.668999926778079855e-06,0.000000000000000000e+00
4.669499926763938890e-06,0.000000000000000000e+00
4.669999926749797924e-06,0.000000000000000000e+00
4.670499926735656958e-06,0.000000000000000000e+00
4.670999926721515992e-06,0.000000000000000000e+00
4.671499926707375027e-06,0.000000000000000000e+00
4.671999926693234061e-06,0.000000000000000000e+00
4.672499926679093095e-06,0.000000000000000000e+00
4.672999926664952129e-06,0.000000000000000000e+00
4.673499926650811164e-06,0.000000000000000000e+00
4.673999926636670198e-06,0.000000000000000000e+00
4.674499926622529232e-06,0.000000000000000000e+00
4.674999926608388267e-06,0.000000000000000000e+00
4.675499926594247301e-06,0.000000000000000000e+00
4.675999926580106335e-06,0.000000000000000000e+00
4.676499926565965369e-06,0.000000000000000000e+00
4.676999926551824404e-06,0.000000000000000000e+00
4.677499926537683438e-06,0.000000000000000000e+00
4.677999926523542472e-06,0.000000000000000000e+00
4.678499926509401506e-06,0.000000000000000000e+00
4.678999926495260541e-06,0.000000000000000000e+00
4.679499926481119575e-06,0.000000000000000000e+00
4.679999926466978609e-06,0.000000000000000000e+00
4.680499926452837643e-06,0.000000000000000000e+00
4.680999926438696678e-06,0.000000000000000000e+00
4.681499926424555712e-06,0.000000000000000000e+00
4.681999926410414746e-06,0.000000000000000000e+00
4.682499926396273781e-06,0.000000000000000000e+00
4.682999926382132815e-06,0.000000000000000000e+00
4.683499926367991849e-06,0.000000000000000000e+00
4.683999926353850883e-06,0.000000000000000000e+00
4.684499926339709918e-06,0.000000000000000000e+00
4.684999926325568952e-06,0.000000000000000000e+00
4.685499926311427986e-06,0.000000000000000000e+00
4.685999926297287020e-06,0.000000000000000000e+00
4.686499926283146055e-06,0.000000000000000000e+00
4.686999926269005089e-06,0.000000000000000000e+00
4.687499926254864123e-06,0.000000000000000000e+00
4.687999926240723157e-06,0.000000000000000000e+00
4.688499926226582192e-06,0.000000000000000000e+00
4.688999926212441226e-06,0.000000000000000000e+00
4.689499926198300260e-06,0.000000000000000000e+00
4.689999926184159295e-06,0.000000000000000000e+00
4.690499926170018329e-06,0.000000000000000000e+00
4.690999926155877363e-06,0.000000000000000000e+00
4.691499926141736397e-06,0.000000000000000000e+00
4.691999926127595432e-06,0.000000000000000000e+00
4.692499926113454466e-06,0.000000000000000000e+00
4.692999926099313500e-06,0.000000000000000000e+00
4.693499926085172534e-06,0.000000000000000000e+00
4.693999926071031569e-06,0.000000000000000000e+00
4.694499926056890603e-06,0.000000000000000000e+00
4.694999926042749637e-06,0.000000000000000000e+00
4.695499926028608672e-06,0.000000000000000000e+00
4.695999926014467706e-06,0.000000000000000000e+00
4.696499926000326740e-06,0.000000000000000000e+00
4.696999925986185774e-06,0.000000000000000000e+00
4.697499925972044809e-06,0.000000000000000000e+00
4.697999925957903843e-06,0.000000000000000000e+00
4.698499925943762877e-06,0.000000000000000000e+00
4.698999925929621911e-06,0.000000000000000000e+00
4.699499925915480946e-06,0.000000000000000000e+00
4.699999925901339980e-06,0.000000000000000000e+00
4.700499925887199014e-06,0.000000000000000000e+00
4.700999925873058048e-06,0.000000000000000000e+00
4.701499925858917083e-06,0.000000000000000000e+00
4.701999925844776117e-06,0.000000000000000000e+00
4.702499925830635151e-06,0.000000000000000000e+00
4.702999925816494186e-06,0.000000000000000000e+00
4.703499925802353220e-06,0.000000000000000000e+00
4.703999925788212254e-06,0.000000000000000000e+00
4.704499925774071288e-06,0.000000000000000000e+00
4.704999925759930323e-06,0.000000000000000000e+00
4.705499925745789357e-06,0.000000000000000000e+00
4.705999925731648391e-06,0.000000000000000000e+00
4.706499925717507425e-06,0.000000000000000000e+00
4.706999925703366460e-06,0.000000000000000000e+00
4.707499925689225494e-06,0.000000000000000000e+00
4.707999925675084528e-06,0.000000000000000000e+00
4.708499925660943562e-06,0.000000000000000000e+00
4.708999925646802597e-06,0.000000000000000000e+00
4.709499925632661631e-06,0.000000000000000000e+00
4.709999925618520665e-06,0.000000000000000000e+00
4.710499925604379700e-06,0.000000000000000000e+00
4.710999925590238734e-06,0.000000000000000000e+00
4.711499925576097768e-06,0.000000000000000000e+00
4.711999925561956802e-06,0.000000000000000000e+00
4.712499925547815837e-06,0.000000000000000000e+00
4.712999925533674871e-06,0.000000000000000000e+00
4.713499925519533905e-06,0.000000000000000000e+00
4.713999925505392939e-06,0.000000000000000000e+00
4.714499925491251974e-06,0.000000000000000000e+00
4.714999925477111008e-06,0.000000000000000000e+00
4.715499925462970042e-06,0.000000000000000000e+00
4.715999925448829077e-06,0.000000000000000000e+00
4.716499925434688111e-06,0.000000000000000000e+00
4.716999925420547145e-06,0.000000000000000000e+00
4.717499925406406179e-06,0.000000000000000000e+00
4.717999925392265214e-06,0.000000000000000000e+00
4.718499925378124248e-06,0.000000000000000000e+00
4.718999925363983282e-06,0.000000000000000000e+00
4.719499925349842316e-06,0.000000000000000000e+00
4.719999925335701351e-06,0.000000000000000000e+00
4.720499925321560385e-06,0.000000000000000000e+00
4.720999925307419419e-06,4.000000059604644775e-01
4.721499925293278453e-06,1.600000023841857910e+00
4.721999925279137488e-06,3.400000050663948059e+00
4.722499925264996522e-06,4.800000071525573730e+00
4.722999925250855556e-06,5.400000080466270447e+00
4.723499925236714591e-06,5.400000080466270447e+00
4.723999925222573625e-06,5.200000077486038208e+00
4.724499925208432659e-06,5.000000074505805969e+00
4.724999925194291693e-06,5.000000074505805969e+00
4.725499925180150728e-06,5.000000074505805969e+00
4.725999925166009762e-06,5.000000074505805969e+00
4.726499925151868796e-06,4.800000071525573730e+00
4.726999925137727830e-06,4.800000071525573730e+00
4.727499925123586865e-06,4.800000071525573730e+00
4.727999925109445899e-06,4.800000071525573730e+00
4.728499925095304933e-06,4.600000068545341492e+00
4.728999925081163967e-06,4.600000068545341492e+00
4.729499925067023002e-06,4.400000065565109253e+00
4.729999925052882036e-06,4.400000065565109253e+00
4.730499925038741070e-06,4.400000065565109253e+00
4.730999925024600105e-06,4.200000062584877014e+00
4.731499925010459139e-06,4.200000062584877014e+00
4.731999924996318173e-06,4.000000059604644775e+00
4.732499924982177207e-06,4.000000059604644775e+00
4.732999924968036242e-06,3.800000056624412537e+00
4.733499924953895276e-06,3.800000056624412537e+00
4.733999924939754310e-06,3.600000053644180298e+00
4.734499924925613344e-06,3.400000050663948059e+00
4.734999924911472379e-06,3.400000050663948059e+00
4.735499924897331413e-06,3.200000047683715820e+00
4.735999924883190447e-06,3.200000047683715820e+00
4.736499924869049482e-06,3.000000044703483582e+00
4.736999924854908516e-06,2.800000041723251343e+00
4.737499924840767550e-06,2.800000041723251343e+00
4.737999924826626584e-06,2.600000038743019104e+00
4.738499924812485619e-06,2.400000035762786865e+00
4.738999924798344653e-06,2.400000035762786865e+00
4.739499924784203687e-06,2.200000032782554626e+00
4.739999924770062721e-06,2.000000029802322388e+00
4.740499924755921756e-06,1.800000026822090149e+00
4.740999924741780790e-06,1.600000023841857910e+00
4.741499924727639824e-06,1.600000023841857910e+00
4.741999924713498858e-06,1.400000020861625671e+00
4.742499924699357893e-06,1.200000017881393433e+00
4.742999924685216927e-06,1.200000017881393433e+00
4.743499924671075961e-06,1.000000014901161194e+00
4.743999924656934996e-06,8.000000119209289551e-01
4.744499924642794030e-06,6.000000089406967163e-01
4.744999924628653064e-06,4.000000059604644775e-01
4.745499924614512098e-06,2.000000029802322388e-01
4.745999924600371133e-06,2.000000029802322388e-01
4.746499924586230167e-06,0.000000000000000000e+00
4.746999924572089201e-06,-2.000000029802322388e-01
4.747499924557948235e-06,-2.000000029802322388e-01
4.747999924543807270e-06,-4.000000059604644775e-01
4.748499924529666304e-06,-6.000000089406967163e-01
4.748999924515525338e-06,-8.000000119209289551e-01
4.749499924501384372e-06,-1.000000014901161194e+00
4.749999924487243407e-06,-1.200000017881393433e+00
4.750499924473102441e-06,-1.200000017881393433e+00
4.750999924458961475e-06,-1.400000020861625671e+00
4.751499924444820510e-06,-1.600000023841857910e+00
4.751999924430679544e-06,-1.800000026822090149e+00
4.752499924416538578e-06,-2.000000029802322388e+00
4.752999924402397612e-06,-2.000000029802322388e+00
4.753499924388256647e-06,-2.200000032782554626e+00
4.753999924374115681e-06,-2.200000032782554626e+00
4.754499924359974715e-06,-2.400000035762786865e+00
4.754999924345833749e-06,-2.600000038743019104e+00
4.755499924331692784e-06,-2.600000038743019104e+00
4.755999924317551818e-06,-2.800000041723251343e+00
4.756499924303410852e-06,-3.000000044703483582e+00
4.756999924289269887e-06,-3.200000047683715820e+00
4.757499924275128921e-06,-3.200000047683715820e+00
4.757999924260987955e-06,-3.400000050663948059e+00
4.758499924246846989e-06,-3.400000050663948059e+00
4.758999924232706024e-06,-3.600000053644180298e+00
4.759499924218565058e-06,-3.600000053644180298e+00
4.759999924204424092e-06,-3.800000056624412537e+00
4.760499924190283126e-06,-4.000000059604644775e+00
4.760999924176142161e-06,-4.000000059604644775e+00
4.761499924162001195e-06,-4.200000062584877014e+00
4.761999924147860229e-06,-4.200000062584877014e+00
4.762499924133719263e-06,-4.400000065565109253e+00
4.762999924119578298e-06,-4.400000065565109253e+00
4.763499924105437332e-06,-4.400000065565109253e+00
4.763999924091296366e-06,-4.600000068545341492e+00
4.764499924077155401e-06,-4.600000068545341492e+00
4.764999924063014435e-06,-4.800000071525573730e+00
4.765499924048873469e-06,-4.800000071525573730e+00
4.765999924034732503e-06,-4.800000071525573730e+00
4.766499924020591538e-06,-4.800000071525573730e+00
4.766999924006450572e-06,-5.000000074505805969e+00
4.767499923992309606e-06,-5.000000074505805969e+00
4.767999923978168640e-06,-5.000000074505805969e+00
4.768499923964027675e-06,-5.000000074505805969e+00
4.768999923949886709e-06,-5.000000074505805969e+00
4.769499923935745743e-06,-5.200000077486038208e+00
4.769999923921604777e-06,-5.200000077486038208e+00
4.770499923907463812e-06,-5.200000077486038208e+00
4.770999923893322846e-06,-5.200000077486038208e+00
4.771499923879181880e-06,-5.200000077486038208e+00
4.771999923865040915e-06,-5.200000077486038208e+00
4.772499923850899949e-06,-5.200000077486038208e+00
4.772999923836758983e-06,-5.200000077486038208e+00
4.773499923822618017e-06,-5.000000074505805969e+00
4.773999923808477052e-06,-5.000000074505805969e+00
4.774499923794336086e-06,-5.000000074505805969e+00
4.774999923780195120e-06,-5.000000074505805969e+00
4.775499923766054154e-06,-5.000000074505805969e+00
4.775999923751913189e-06,-5.000000074505805969e+00
4.776499923737772223e-06,-5.000000074505805969e+00
4.776999923723631257e-06,-5.000000074505805969e+00
4.777499923709490292e-06,-4.800000071525573730e+00
4.777999923695349326e-06,-4.800000071525573730e+00
4.778499923681208360e-06,-4.800000071525573730e+00
4.778999923667067394e-06,-4.600000068545341492e+00
4.779499923652926429e-06,-4.600000068545341492e+00
4.779999923638785463e-06,-4.400000065565109253e+00
4.780499923624644497e-06,-4.400000065565109253e+00
4.780999923610503531e-06,-4.400000065565109253e+00
4.781499923596362566e-06,-4.200000062584877014e+00
4.781999923582221600e-06,-4.200000062584877014e+00
4.782499923568080634e-06,-4.000000059604644775e+00
4.782999923553939668e-06,-4.000000059604644775e+00
4.783499923539798703e-06,-3.800000056624412537e+00
4.783999923525657737e-06,-3.800000056624412537e+00
4.784499923511516771e-06,-3.600000053644180298e+00
4.784999923497375806e-06,-3.600000053644180298e+00
4.785499923483234840e-06,-3.400000050663948059e+00
4.785999923469093874e-06,-3.200000047683715820e+00
4.786499923454952908e-06,-3.200000047683715820e+00
4.786999923440811943e-06,-3.000000044703483582e+00
4.787499923426670977e-06,-3.000000044703483582e+00
4.787999923412530011e-06,-2.800000041723251343e+00
4.788499923398389045e-06,-2.600000038743019104e+00
4.788999923384248080e-06,-2.600000038743019104e+00
4.789499923370107114e-06,-2.400000035762786865e+00
4.789999923355966148e-06,-2.200000032782554626e+00
4.790499923341825182e-06,-2.000000029802322388e+00
4.790999923327684217e-06,-1.800000026822090149e+00
4.791499923313543251e-06,-1.600000023841857910e+00
4.791999923299402285e-06,-1.600000023841857910e+00
4.792499923285261320e-06,-1.400000020861625671e+00
4.792999923271120354e-06,-1.400000020861625671e+00
4.793499923256979388e-06,-1.200000017881393433e+00
4.793999923242838422e-06,-1.000000014901161194e+00
4.794499923228697457e-06,-8.000000119209289551e-01
4.794999923214556491e-06,-6.000000089406967163e-01
4.795499923200415525e-06,-4.000000059604644775e-01
4.795999923186274559e-06,-4.000000059604644775e-01
4.796499923172133594e-06,-2.000000029802322388e-01
4.796999923157992628e-06,0.000000000000000000e+00
4.797499923143851662e-06,2.000000029802322388e-01
4.797999923129710697e-06,4.000000059604644775e-01
4.798499923115569731e-06,4.000000059604644775e-01
4.798999923101428765e-06,6.000000089406967163e-01
4.799499923087287799e-06,8.000000119209289551e-01
4.799999923073146834e-06,1.000000014901161194e+00
4.800499923059005868e-06,1.200000017881393433e+00
4.800999923044864902e-06,1.200000017881393433e+00
4.801499923030723936e-06,1.400000020861625671e+00
4.801999923016582971e-06,1.600000023841857910e+00
4.802499923002442005e-06,1.600000023841857910e+00
4.802999922988301039e-06,1.800000026822090149e+00
4.803499922974160073e-06,2.000000029802322388e+00
4.803999922960019108e-06,2.200000032782554626e+00
4.804499922945878142e-06,2.200000032782554626e+00
4.804999922931737176e-06,2.400000035762786865e+00
4.805499922917596211e-06,2.600000038743019104e+00
4.805999922903455245e-06,2.800000041723251343e+00
4.806499922889314279e-06,2.800000041723251343e+00
4.806999922875173313e-06,3.000000044703483582e+00
4.807499922861032348e-06,3.200000047683715820e+00
4.807999922846891382e-06,3.200000047683715820e+00
4.808499922832750416e-06,3.400000050663948059e+00
4.808999922818609450e-06,3.600000053644180298e+00
4.809499922804468485e-06,3.600000053644180298e+00
4.809999922790327519e-06,3.600000053644180298e+00
4.810499922776186553e-06,3.800000056624412537e+00
4.810999922762045587e-06,3.800000056624412537e+00
4.811499922747904622e-06,4.000000059604644775e+00
4.811999922733763656e-06,4.000000059604644775e+00
4.812499922719622690e-06,4.200000062584877014e+00
4.812999922705481725e-06,4.200000062584877014e+00
4.813499922691340759e-06,4.400000065565109253e+00
4.813999922677199793e-06,4.400000065565109253e+00
4.814499922663058827e-06,4.400000065565109253e+00
4.814999922648917862e-06,4.600000068545341492e+00
4.815499922634776896e-06,4.600000068545341492e+00
4.815999922620635930e-06,4.600000068545341492e+00
4.816499922606494964e-06,4.800000071525573730e+00
4.816999922592353999e-06,4.800000071525573730e+00
4.817499922578213033e-06,4.800000071525573730e+00
4.817999922564072067e-06,4.800000071525573730e+00
4.818499922549931102e-06,4.800000071525573730e+00
4.818999922535790136e-06,5.000000074505805969e+00
4.819499922521649170e-06,5.000000074505805969e+00
4.819999922507508204e-06,5.000000074505805969e+00
4.820499922493367239e-06,5.000000074505805969e+00
4.820999922479226273e-06,5.000000074505805969e+00
4.821499922465085307e-06,5.000000074505805969e+00
4.821999922450944341e-06,5.000000074505805969e+00
4.822499922436803376e-06,5.000000074505805969e+00
4.822999922422662410e-06,5.000000074505805969e+00
4.823499922408521444e-06,5.000000074505805969e+00
4.823999922394380478e-06,5.000000074505805969e+00
4.824499922380239513e-06,5.000000074505805969e+00
4.824999922366098547e-06,5.000000074505805969e+00
4.825499922351957581e-06,5.000000074505805969e+00
4.825999922337816616e-06,4.800000071525573730e+00
4.826499922323675650e-06,4.800000071525573730e+00
4.826999922309534684e-06,4.800000071525573730e+00
4.827499922295393718e-06,4.600000068545341492e+00
4.827999922281252753e-06,4.600000068545341492e+00
4.828499922267111787e-06,4.600000068545341492e+00
4.828999922252970821e-06,4.600000068545341492e+00
4.829499922238829855e-06,4.400000065565109253e+00
4.829999922224688890e-06,4.400000065565109253e+00
4.830499922210547924e-06,4.200000062584877014e+00
4.830999922196406958e-06,4.200000062584877014e+00
4.831499922182265992e-06,4.000000059604644775e+00
4.831999922168125027e-06,4.000000059604644775e+00
4.832499922153984061e-06,4.000000059604644775e+00
4.832999922139843095e-06,3.800000056624412537e+00
4.833499922125702130e-06,3.600000053644180298e+00
4.833999922111561164e-06,3.600000053644180298e+00
4.834499922097420198e-06,3.600000053644180298e+00
4.834999922083279232e-06,3.400000050663948059e+00
4.835499922069138267e-06,3.200000047683715820e+00
4.835999922054997301e-06,3.200000047683715820e+00
4.836499922040856335e-06,3.000000044703483582e+00
4.836999922026715369e-06,3.000000044703483582e+00
4.837499922012574404e-06,2.800000041723251343e+00
4.837999921998433438e-06,2.600000038743019104e+00
4.838499921984292472e-06,2.600000038743019104e+00
4.838999921970151507e-06,2.400000035762786865e+00
4.839499921956010541e-06,2.200000032782554626e+00
4.839999921941869575e-06,2.000000029802322388e+00
4.840499921927728609e-06,2.000000029802322388e+00
4.840999921913587644e-06,1.800000026822090149e+00
4.841499921899446678e-06,1.600000023841857910e+00
4.841999921885305712e-06,1.600000023841857910e+00
4.842499921871164746e-06,1.400000020861625671e+00
4.842999921857023781e-06,1.200000017881393433e+00
4.843499921842882815e-06,1.000000014901161194e+00
4.843999921828741849e-06,1.000000014901161194e+00
4.844499921814600883e-06,8.000000119209289551e-01
4.844999921800459918e-06,6.000000089406967163e-01
4.845499921786318952e-06,4.000000059604644775e-01
4.845999921772177986e-06,2.000000029802322388e-01
4.846499921758037021e-06,0.000000000000000000e+00
4.846999921743896055e-06,-2.000000029802322388e-01
4.847499921729755089e-06,-2.000000029802322388e-01
4.847999921715614123e-06,-4.000000059604644775e-01
4.848499921701473158e-06,-6.000000089406967163e-01
4.848999921687332192e-06,-8.000000119209289551e-01
4.849499921673191226e-06,-8.000000119209289551e-01
4.849999921659050260e-06,-1.000000014901161194e+00
4.850499921644909295e-06,-1.200000017881393433e+00
4.850999921630768329e-06,-1.200000017881393433e+00
4.851499921616627363e-06,-1.400000020861625671e+00
4.851999921602486397e-06,-1.600000023841857910e+00
4.852499921588345432e-06,-1.800000026822090149e+00
4.852999921574204466e-06,-2.000000029802322388e+00
4.853499921560063500e-06,-2.000000029802322388e+00
4.853999921545922535e-06,-2.200000032782554626e+00
4.854499921531781569e-06,-2.400000035762786865e+00
4.854999921517640603e-06,-2.600000038743019104e+00
4.855499921503499637e-06,-2.600000038743019104e+00
4.855999921489358672e-06,-2.800000041723251343e+00
4.856499921475217706e-06,-3.000000044703483582e+00
4.856999921461076740e-06,-3.000000044703483582e+00
4.857499921446935774e-06,-3.200000047683715820e+00
4.857999921432794809e-06,-3.200000047683715820e+00
4.858499921418653843e-06,-3.400000050663948059e+00
4.858999921404512877e-06,-3.600000053644180298e+00
4.859499921390371912e-06,-3.600000053644180298e+00
4.859999921376230946e-06,-3.800000056624412537e+00
4.860499921362089980e-06,-3.800000056624412537e+00
4.860999921347949014e-06,-4.000000059604644775e+00
4.861499921333808049e-06,-4.000000059604644775e+00
4.861999921319667083e-06,-4.200000062584877014e+00
4.862499921305526117e-06,-4.200000062584877014e+00
4.862999921291385151e-06,-4.400000065565109253e+00
4.863499921277244186e-06,-4.400000065565109253e+00
4.863999921263103220e-06,-4.600000068545341492e+00
4.864499921248962254e-06,-4.600000068545341492e+00
4.864999921234821288e-06,-4.600000068545341492e+00
4.865499921220680323e-06,-4.600000068545341492e+00
4.865999921206539357e-06,-4.800000071525573730e+00
4.866499921192398391e-06,-4.800000071525573730e+00
4.866999921178257426e-06,-4.800000071525573730e+00
4.867499921164116460e-06,-4.800000071525573730e+00
4.867999921149975494e-06,-4.800000071525573730e+00
4.868499921135834528e-06,-5.000000074505805969e+00
4.868999921121693563e-06,-5.000000074505805969e+00
4.869499921107552597e-06,-5.000000074505805969e+00
4.869999921093411631e-06,-5.000000074505805969e+00
4.870499921079270665e-06,-5.200000077486038208e+00
4.870999921065129700e-06,-5.200000077486038208e+00
4.871499921050988734e-06,-5.200000077486038208e+00
4.871999921036847768e-06,-5.200000077486038208e+00
4.872499921022706802e-06,-5.200000077486038208e+00
4.872999921008565837e-06,-5.000000074505805969e+00
4.873499920994424871e-06,-5.000000074505805969e+00
4.873999920980283905e-06,-5.000000074505805969e+00
4.874499920966142940e-06,-5.000000074505805969e+00
4.874999920952001974e-06,-5.000000074505805969e+00
4.875499920937861008e-06,-5.000000074505805969e+00
4.875999920923720042e-06,-5.000000074505805969e+00
4.876499920909579077e-06,-4.800000071525573730e+00
4.876999920895438111e-06,-4.800000071525573730e+00
4.877499920881297145e-06,-4.800000071525573730e+00
4.877999920867156179e-06,-4.600000068545341492e+00
4.878499920853015214e-06,-4.600000068545341492e+00
4.878999920838874248e-06,-4.600000068545341492e+00
4.879499920824733282e-06,-4.400000065565109253e+00
4.879999920810592317e-06,-4.400000065565109253e+00
4.880499920796451351e-06,-4.400000065565109253e+00
4.880999920782310385e-06,-4.200000062584877014e+00
4.881499920768169419e-06,-4.200000062584877014e+00
4.881999920754028454e-06,-4.000000059604644775e+00
4.882499920739887488e-06,-4.000000059604644775e+00
4.882999920725746522e-06,-3.800000056624412537e+00
4.883499920711605556e-06,-3.800000056624412537e+00
4.883999920697464591e-06,-3.600000053644180298e+00
4.884499920683323625e-06,-3.600000053644180298e+00
4.884999920669182659e-06,-3.400000050663948059e+00
4.885499920655041693e-06,-3.400000050663948059e+00
4.885999920640900728e-06,-3.200000047683715820e+00
4.886499920626759762e-06,-3.000000044703483582e+00
4.886999920612618796e-06,-3.000000044703483582e+00
4.887499920598477831e-06,-2.800000041723251343e+00
4.887999920584336865e-06,-2.600000038743019104e+00
4.888499920570195899e-06,-2.600000038743019104e+00
4.888999920556054933e-06,-2.400000035762786865e+00
4.889499920541913968e-06,-2.400000035762786865e+00
4.889999920527773002e-06,-2.200000032782554626e+00
4.890499920513632036e-06,-2.000000029802322388e+00
4.890999920499491070e-06,-1.800000026822090149e+00
4.891499920485350105e-06,-1.600000023841857910e+00
4.891999920471209139e-06,-1.600000023841857910e+00
4.892499920457068173e-06,-1.400000020861625671e+00
4.892999920442927207e-06,-1.200000017881393433e+00
4.893499920428786242e-06,-1.000000014901161194e+00
4.893999920414645276e-06,-1.000000014901161194e+00
4.894499920400504310e-06,-8.000000119209289551e-01
4.894999920386363345e-06,-6.000000089406967163e-01
4.895499920372222379e-06,-4.000000059604644775e-01
4.895999920358081413e-06,-2.000000029802322388e-01
4.896499920343940447e-06,-2.000000029802322388e-01
4.896999920329799482e-06,0.000000000000000000e+00
4.897499920315658516e-06,2.000000029802322388e-01
4.897999920301517550e-06,2.000000029802322388e-01
4.898499920287376584e-06,6.000000089406967163e-01
4.898999920273235619e-06,6.000000089406967163e-01
4.899499920259094653e-06,8.000000119209289551e-01
4.899999920244953687e-06,1.000000014901161194e+00
4.900499920230812722e-06,1.200000017881393433e+00
4.900999920216671756e-06,1.400000020861625671e+00
4.901499920202530790e-06,1.400000020861625671e+00
4.901999920188389824e-06,1.600000023841857910e+00
4.902499920174248859e-06,1.800000026822090149e+00
4.902999920160107893e-06,2.000000029802322388e+00
4.903499920145966927e-06,2.000000029802322388e+00
4.903999920131825961e-06,2.200000032782554626e+00
4.904499920117684996e-06,2.400000035762786865e+00
4.904999920103544030e-06,2.400000035762786865e+00
4.905499920089403064e-06,2.600000038743019104e+00
4.905999920075262098e-06,2.800000041723251343e+00
4.906499920061121133e-06,2.800000041723251343e+00
4.906999920046980167e-06,3.000000044703483582e+00
4.907499920032839201e-06,3.200000047683715820e+00
4.907999920018698236e-06,3.200000047683715820e+00
4.908499920004557270e-06,3.400000050663948059e+00
4.908999919990416304e-06,3.600000053644180298e+00
4.909499919976275338e-06,3.600000053644180298e+00
4.909999919962134373e-06,3.600000053644180298e+00
4.910499919947993407e-06,3.800000056624412537e+00
4.910999919933852441e-06,4.000000059604644775e+00
4.911499919919711475e-06,4.000000059604644775e+00
4.911999919905570510e-06,4.200000062584877014e+00
4.912499919891429544e-06,4.200000062584877014e+00
4.912999919877288578e-06,4.200000062584877014e+00
4.913499919863147612e-06,4.400000065565109253e+00
4.913999919849006647e-06,4.400000065565109253e+00
4.914499919834865681e-06,4.400000065565109253e+00
4.914999919820724715e-06,4.600000068545341492e+00
4.915499919806583750e-06,4.600000068545341492e+00
4.915999919792442784e-06,4.600000068545341492e+00
4.916499919778301818e-06,4.800000071525573730e+00
4.916999919764160852e-06,4.800000071525573730e+00
4.917499919750019887e-06,4.800000071525573730e+00
4.917999919735878921e-06,4.800000071525573730e+00
4.918499919721737955e-06,4.800000071525573730e+00
4.918999919707596989e-06,5.000000074505805969e+00
4.919499919693456024e-06,5.000000074505805969e+00
4.919999919679315058e-06,5.000000074505805969e+00
4.920499919665174092e-06,5.000000074505805969e+00
4.920999919651033127e-06,5.000000074505805969e+00
4.921499919636892161e-06,5.000000074505805969e+00
4.921999919622751195e-06,5.000000074505805969e+00
4.922499919608610229e-06,5.000000074505805969e+00
4.922999919594469264e-06,5.000000074505805969e+00
4.923499919580328298e-06,5.000000074505805969e+00
4.923999919566187332e-06,5.000000074505805969e+00
4.924499919552046366e-06,5.000000074505805969e+00
4.924999919537905401e-06,5.000000074505805969e+00
4.925499919523764435e-06,5.000000074505805969e+00
4.925999919509623469e-06,5.000000074505805969e+00
4.926499919495482503e-06,4.800000071525573730e+00
4.926999919481341538e-06,4.800000071525573730e+00
4.927499919467200572e-06,4.800000071525573730e+00
4.927999919453059606e-06,4.600000068545341492e+00
4.928499919438918641e-06,4.600000068545341492e+00
4.928999919424777675e-06,4.400000065565109253e+00
4.929499919410636709e-06,4.400000065565109253e+00
4.929999919396495743e-06,4.400000065565109253e+00
4.930499919382354778e-06,4.400000065565109253e+00
4.930999919368213812e-06,4.200000062584877014e+00
4.931499919354072846e-06,4.200000062584877014e+00
4.931999919339931880e-06,4.000000059604644775e+00
4.932499919325790915e-06,4.000000059604644775e+00
4.932999919311649949e-06,3.800000056624412537e+00
4.933499919297508983e-06,3.800000056624412537e+00
4.933999919283368017e-06,3.600000053644180298e+00
4.934499919269227052e-06,3.600000053644180298e+00
4.934999919255086086e-06,3.400000050663948059e+00
4.935499919240945120e-06,3.200000047683715820e+00
4.935999919226804155e-06,3.200000047683715820e+00
4.936499919212663189e-06,3.000000044703483582e+00
4.936999919198522223e-06,3.000000044703483582e+00
4.937499919184381257e-06,2.800000041723251343e+00
4.937999919170240292e-06,2.600000038743019104e+00
4.938499919156099326e-06,2.600000038743019104e+00
4.938999919141958360e-06,2.400000035762786865e+00
4.939499919127817394e-06,2.200000032782554626e+00
4.939999919113676429e-06,2.000000029802322388e+00
4.940499919099535463e-06,2.000000029802322388e+00
4.940999919085394497e-06,1.800000026822090149e+00
4.941499919071253532e-06,1.600000023841857910e+00
4.941999919057112566e-06,1.400000020861625671e+00
4.942499919042971600e-06,1.200000017881393433e+00
4.942999919028830634e-06,1.200000017881393433e+00
4.943499919014689669e-06,1.000000014901161194e+00
4.943999919000548703e-06,8.000000119209289551e-01
4.944499918986407737e-06,8.000000119209289551e-01
4.944999918972266771e-06,6.000000089406967163e-01
4.945499918958125806e-06,4.000000059604644775e-01
4.945999918943984840e-06,2.000000029802322388e-01
4.946499918929843874e-06,0.000000000000000000e+00
4.946999918915702908e-06,0.000000000000000000e+00
4.947499918901561943e-06,-2.000000029802322388e-01
4.947999918887420977e-06,-4.000000059604644775e-01
4.948499918873280011e-06,-6.000000089406967163e-01
4.948999918859139046e-06,-8.000000119209289551e-01
4.949499918844998080e-06,-1.000000014901161194e+00
4.949999918830857114e-06,-1.000000014901161194e+00
4.950499918816716148e-06,-1.200000017881393433e+00
4.950999918802575183e-06,-1.400000020861625671e+00
4.951499918788434217e-06,-1.400000020861625671e+00
4.951999918774293251e-06,-1.600000023841857910e+00
4.952499918760152285e-06,-1.800000026822090149e+00
4.952999918746011320e-06,-2.000000029802322388e+00
4.953499918731870354e-06,-2.200000032782554626e+00
4.953999918717729388e-06,-2.200000032782554626e+00
4.954499918703588422e-06,-2.400000035762786865e+00
4.954999918689447457e-06,-2.600000038743019104e+00
4.955499918675306491e-06,-2.600000038743019104e+00
4.955999918661165525e-06,-2.800000041723251343e+00
4.956499918647024560e-06,-3.000000044703483582e+00
4.956999918632883594e-06,-3.000000044703483582e+00
4.957499918618742628e-06,-3.200000047683715820e+00
4.957999918604601662e-06,-3.400000050663948059e+00
4.958499918590460697e-06,-3.400000050663948059e+00
4.958999918576319731e-06,-3.600000053644180298e+00
4.959499918562178765e-06,-3.800000056624412537e+00
4.959999918548037799e-06,-3.800000056624412537e+00
4.960499918533896834e-06,-3.800000056624412537e+00
4.960999918519755868e-06,-4.000000059604644775e+00
4.961499918505614902e-06,-4.000000059604644775e+00
4.961999918491473937e-06,-4.200000062584877014e+00
4.962499918477332971e-06,-4.200000062584877014e+00
4.962999918463192005e-06,-4.400000065565109253e+00
4.963499918449051039e-06,-4.400000065565109253e+00
4.963999918434910074e-06,-4.400000065565109253e+00
4.964499918420769108e-06,-4.600000068545341492e+00
4.964999918406628142e-06,-4.800000071525573730e+00
4.965499918392487176e-06,-4.800000071525573730e+00
4.965999918378346211e-06,-4.800000071525573730e+00
4.966499918364205245e-06,-4.800000071525573730e+00
4.966999918350064279e-06,-4.800000071525573730e+00
4.967499918335923313e-06,-5.000000074505805969e+00
4.967999918321782348e-06,-5.000000074505805969e+00
4.968499918307641382e-06,-5.000000074505805969e+00
4.968999918293500416e-06,-5.000000074505805969e+00
4.969499918279359451e-06,-5.000000074505805969e+00
4.969999918265218485e-06,-5.200000077486038208e+00
4.970499918251077519e-06,-5.200000077486038208e+00
4.970999918236936553e-06,-5.200000077486038208e+00
4.971499918222795588e-06,-5.200000077486038208e+00
4.971999918208654622e-06,-5.200000077486038208e+00
4.972499918194513656e-06,-5.200000077486038208e+00
4.972999918180372690e-06,-5.200000077486038208e+00
4.973499918166231725e-06,-5.000000074505805969e+00
4.973999918152090759e-06,-5.000000074505805969e+00
4.974499918137949793e-06,-5.000000074505805969e+00
4.974999918123808827e-06,-5.000000074505805969e+00
4.975499918109667862e-06,-5.000000074505805969e+00
4.975999918095526896e-06,-4.800000071525573730e+00
4.976499918081385930e-06,-4.800000071525573730e+00
4.976999918067244965e-06,-4.800000071525573730e+00
4.977499918053103999e-06,-4.800000071525573730e+00
4.977999918038963033e-06,-4.600000068545341492e+00
4.978499918024822067e-06,-4.600000068545341492e+00
4.978999918010681102e-06,-4.600000068545341492e+00
4.979499917996540136e-06,-4.400000065565109253e+00
4.979999917982399170e-06,-4.400000065565109253e+00
4.980499917968258204e-06,-4.400000065565109253e+00
4.980999917954117239e-06,-4.200000062584877014e+00
4.981499917939976273e-06,-3.600000053644180298e+00
4.981999917925835307e-06,-2.400000035762786865e+00
4.982499917911694342e-06,-6.000000089406967163e-01
4.982999917897553376e-06,6.000000089406967163e-01
4.983499917883412410e-06,1.200000017881393433e+00
4.983999917869271444e-06,1.000000014901161194e+00
4.984499917855130479e-06,8.000000119209289551e-01
4.984999917840989513e-06,8.000000119209289551e-01
4.985499917826848547e-06,8.000000119209289551e-01
4.985999917812707581e-06,8.000000119209289551e-01
4.986499917798566616e-06,8.000000119209289551e-01
4.986999917784425650e-06,8.000000119209289551e-01
4.987499917770284684e-06,8.000000119209289551e-01
4.987999917756143718e-06,8.000000119209289551e-01
4.988499917742002753e-06,8.000000119209289551e-01
4.988999917727861787e-06,6.000000089406967163e-01
4.989499917713720821e-06,6.000000089406967163e-01
4.989999917699579856e-06,6.000000089406967163e-01
4.990499917685438890e-06,6.000000089406967163e-01
4.990999917671297924e-06,6.000000089406967163e-01
4.991499917657156958e-06,6.000000089406967163e-01
4.991999917643015993e-06,6.000000089406967163e-01
4.992499917628875027e-06,6.000000089406967163e-01
4.992999917614734061e-06,6.000000089406967163e-01
4.993499917600593095e-06,6.000000089406967163e-01
4.993999917586452130e-06,6.000000089406967163e-01
4.994499917572311164e-06,6.000000089406967163e-01
4.994999917558170198e-06,6.000000089406967163e-01
4.995499917544029232e-06,6.000000089406967163e-01
4.995999917529888267e-06,6.000000089406967163e-01
4.996499917515747301e-06,6.000000089406967163e-01
4.996999917501606335e-06,4.000000059604644775e-01
4.997499917487465370e-06,4.000000059604644775e-01
4.997999917473324404e-06,4.000000059604644775e-01
4.998499917459183438e-06,4.000000059604644775e-01
4.998999917445042472e-06,4.000000059604644775e-01
4.999499917430901507e-06,4.000000059604644775e-01
4.999999917416760541e-06,6.000000089406967163e-01
5.000499917402619575e-06,4.000000059604644775e-01
5.000999917388478609e-06,6.000000089406967163e-01
5.001499917374337644e-06,6.000000089406967163e-01
5.001999917360196678e-06,6.000000089406967163e-01
5.002499917346055712e-06,6.000000089406967163e-01
5.002999917331914747e-06,4.000000059604644775e-01
5.003499917317773781e-06,4.000000059604644775e-01
5.003999917303632815e-06,4.000000059604644775e-01
5.004499917289491849e-06,4.000000059604644775e-01
5.004999917275350884e-06,4.000000059604644775e-01
5.005499917261209918e-06,4.000000059604644775e-01
5.005999917247068952e-06,4.000000059604644775e-01
5.006499917232927986e-06,4.000000059604644775e-01
5.006999917218787021e-06,4.000000059604644775e-01
5.007499917204646055e-06,4.000000059604644775e-01
5.007999917190505089e-06,4.000000059604644775e-01
5.008499917176364123e-06,4.000000059604644775e-01
5.008999917162223158e-06,4.000000059604644775e-01
5.009499917148082192e-06,4.000000059604644775e-01
5.009999917133941226e-06,4.000000059604644775e-01
5.010499917119800261e-06,4.000000059604644775e-01
5.010999917105659295e-06,4.000000059604644775e-01
5.011499917091518329e-06,4.000000059604644775e-01
5.011999917077377363e-06,4.000000059604644775e-01
5.012499917063236398e-06,4.000000059604644775e-01
5.012999917049095432e-06,4.000000059604644775e-01
5.013499917034954466e-06,4.000000059604644775e-01
5.013999917020813500e-06,4.000000059604644775e-01
5.014499917006672535e-06,4.000000059604644775e-01
5.014999916992531569e-06,4.000000059604644775e-01
5.015499916978390603e-06,4.000000059604644775e-01
5.015999916964249637e-06,4.000000059604644775e-01
5.016499916950108672e-06,4.000000059604644775e-01
5.016999916935967706e-06,4.000000059604644775e-01
5.017499916921826740e-06,4.000000059604644775e-01
5.017999916907685775e-06,4.000000059604644775e-01
5.018499916893544809e-06,4.000000059604644775e-01
5.018999916879403843e-06,4.000000059604644775e-01
5.019499916865262877e-06,4.000000059604644775e-01
5.019999916851121912e-06,4.000000059604644775e-01
5.020499916836980946e-06,4.000000059604644775e-01
5.020999916822839980e-06,4.000000059604644775e-01
5.021499916808699014e-06,4.000000059604644775e-01
5.021999916794558049e-06,4.000000059604644775e-01
5.022499916780417083e-06,4.000000059604644775e-01
5.022999916766276117e-06,4.000000059604644775e-01
5.023499916752135152e-06,2.000000029802322388e-01
5.023999916737994186e-06,4.000000059604644775e-01
5.024499916723853220e-06,4.000000059604644775e-01
5.024999916709712254e-06,4.000000059604644775e-01
5.025499916695571289e-06,4.000000059604644775e-01
5.025999916681430323e-06,4.000000059604644775e-01
5.026499916667289357e-06,4.000000059604644775e-01
5.026999916653148391e-06,4.000000059604644775e-01
5.027499916639007426e-06,4.000000059604644775e-01
5.027999916624866460e-06,4.000000059604644775e-01
5.028499916610725494e-06,4.000000059604644775e-01
5.028999916596584528e-06,2.000000029802322388e-01
5.029499916582443563e-06,2.000000029802322388e-01
5.029999916568302597e-06,2.000000029802322388e-01
5.030499916554161631e-06,4.000000059604644775e-01
5.030999916540020666e-06,2.000000029802322388e-01
5.031499916525879700e-06,4.000000059604644775e-01
5.031999916511738734e-06,4.000000059604644775e-01
5.032499916497597768e-06,2.000000029802322388e-01
5.032999916483456803e-06,2.000000029802322388e-01
5.033499916469315837e-06,2.000000029802322388e-01
5.033999916455174871e-06,4.000000059604644775e-01
5.034499916441033905e-06,4.000000059604644775e-01
5.034999916426892940e-06,4.000000059604644775e-01
5.035499916412751974e-06,4.000000059604644775e-01
5.035999916398611008e-06,2.000000029802322388e-01
5.036499916384470042e-06,2.000000029802322388e-01
5.036999916370329077e-06,2.000000029802322388e-01
5.037499916356188111e-06,2.000000029802322388e-01
5.037999916342047145e-06,2.000000029802322388e-01
5.038499916327906180e-06,2.000000029802322388e-01
5.038999916313765214e-06,2.000000029802322388e-01
5.039499916299624248e-06,2.000000029802322388e-01
5.039999916285483282e-06,2.000000029802322388e-01
5.040499916271342317e-06,2.000000029802322388e-01
5.040999916257201351e-06,2.000000029802322388e-01
5.041499916243060385e-06,2.000000029802322388e-01
5.041999916228919419e-06,2.000000029802322388e-01
5.042499916214778454e-06,2.000000029802322388e-01
5.042999916200637488e-06,2.000000029802322388e-01
5.043499916186496522e-06,2.000000029802322388e-01
5.043999916172355557e-06,2.000000029802322388e-01
5.044499916158214591e-06,2.000000029802322388e-01
5.044999916144073625e-06,2.000000029802322388e-01
5.045499916129932659e-06,2.000000029802322388e-01
5.045999916115791694e-06,2.000000029802322388e-01
5.046499916101650728e-06,2.000000029802322388e-01
5.046999916087509762e-06,2.000000029802322388e-01
5.047499916073368796e-06,4.000000059604644775e-01
5.047999916059227831e-06,4.000000059604644775e-01
5.048499916045086865e-06,4.000000059604644775e-01
5.048999916030945899e-06,2.000000029802322388e-01
5.049499916016804933e-06,2.000000029802322388e-01
5.049999916002663968e-06,2.000000029802322388e-01
5.050499915988523002e-06,2.000000029802322388e-01
5.050999915974382036e-06,2.000000029802322388e-01
5.051499915960241071e-06,2.000000029802322388e-01
5.051999915946100105e-06,2.000000029802322388e-01
5.052499915931959139e-06,2.000000029802322388e-01
5.052999915917818173e-06,2.000000029802322388e-01
5.053499915903677208e-06,2.000000029802322388e-01
5.053999915889536242e-06,2.000000029802322388e-01
5.054499915875395276e-06,2.000000029802322388e-01
5.054999915861254310e-06,2.000000029802322388e-01
5.055499915847113345e-06,2.000000029802322388e-01
5.055999915832972379e-06,2.000000029802322388e-01
5.056499915818831413e-06,2.000000029802322388e-01
5.056999915804690447e-06,2.000000029802322388e-01
5.057499915790549482e-06,2.000000029802322388e-01
5.057999915776408516e-06,2.000000029802322388e-01
5.058499915762267550e-06,2.000000029802322388e-01
5.058999915748126585e-06,2.000000029802322388e-01
5.059499915733985619e-06,2.000000029802322388e-01
5.059999915719844653e-06,2.000000029802322388e-01
5.060499915705703687e-06,2.000000029802322388e-01
5.060999915691562722e-06,2.000000029802322388e-01
5.061499915677421756e-06,2.000000029802322388e-01
5.061999915663280790e-06,2.000000029802322388e-01
5.062499915649139824e-06,2.000000029802322388e-01
5.062999915634998859e-06,2.000000029802322388e-01
5.063499915620857893e-06,2.000000029802322388e-01
5.063999915606716927e-06,2.000000029802322388e-01
5.064499915592575962e-06,2.000000029802322388e-01
5.064999915578434996e-06,2.000000029802322388e-01
5.065499915564294030e-06,2.000000029802322388e-01
5.065999915550153064e-06,2.000000029802322388e-01
5.066499915536012099e-06,2.000000029802322388e-01
5.066999915521871133e-06,2.000000029802322388e-01
5.067499915507730167e-06,2.000000029802322388e-01
5.067999915493589201e-06,2.000000029802322388e-01
5.068499915479448236e-06,2.000000029802322388e-01
5.068999915465307270e-06,2.000000029802322388e-01
5.069499915451166304e-06,2.000000029802322388e-01
5.069999915437025338e-06,2.000000029802322388e-01
5.070499915422884373e-06,2.000000029802322388e-01
5.070999915408743407e-06,2.000000029802322388e-01
5.071499915394602441e-06,0.000000000000000000e+00
5.071999915380461476e-06,2.000000029802322388e-01
5.072499915366320510e-06,2.000000029802322388e-01
5.072999915352179544e-06,2.000000029802322388e-01
5.073499915338038578e-06,2.000000029802322388e-01
5.073999915323897613e-06,2.000000029802322388e-01
5.074499915309756647e-06,2.000000029802322388e-01
5.074999915295615681e-06,2.000000029802322388e-01
5.075499915281474715e-06,2.000000029802322388e-01
5.075999915267333750e-06,2.000000029802322388e-01
5.076499915253192784e-06,2.000000029802322388e-01
5.076999915239051818e-06,2.000000029802322388e-01
5.077499915224910852e-06,2.000000029802322388e-01
5.077999915210769887e-06,2.000000029802322388e-01
5.078499915196628921e-06,2.000000029802322388e-01
5.078999915182487955e-06,2.000000029802322388e-01
5.079499915168346990e-06,2.000000029802322388e-01
5.079999915154206024e-06,2.000000029802322388e-01
5.080499915140065058e-06,2.000000029802322388e-01
5.080999915125924092e-06,2.000000029802322388e-01
5.081499915111783127e-06,2.000000029802322388e-01
5.081999915097642161e-06,2.000000029802322388e-01
5.082499915083501195e-06,2.000000029802322388e-01
5.082999915069360229e-06,2.000000029802322388e-01
5.083499915055219264e-06,2.000000029802322388e-01
5.083999915041078298e-06,2.000000029802322388e-01
5.084499915026937332e-06,2.000000029802322388e-01
5.084999915012796367e-06,2.000000029802322388e-01
5.085499914998655401e-06,2.000000029802322388e-01
5.085999914984514435e-06,2.000000029802322388e-01
5.086499914970373469e-06,2.000000029802322388e-01
5.086999914956232504e-06,0.000000000000000000e+00
5.087499914942091538e-06,0.000000000000000000e+00
5.087999914927950572e-06,0.000000000000000000e+00
5.088499914913809606e-06,2.000000029802322388e-01
5.088999914899668641e-06,2.000000029802322388e-01
5.089499914885527675e-06,2.000000029802322388e-01
5.089999914871386709e-06,0.000000000000000000e+00
5.090499914857245743e-06,2.000000029802322388e-01
5.090999914843104778e-06,2.000000029802322388e-01
5.091499914828963812e-06,2.000000029802322388e-01
5.091999914814822846e-06,2.000000029802322388e-01
5.092499914800681881e-06,2.000000029802322388e-01
5.092999914786540915e-06,2.000000029802322388e-01
5.093499914772399949e-06,2.000000029802322388e-01
5.093999914758258983e-06,2.000000029802322388e-01
5.094499914744118018e-06,2.000000029802322388e-01
5.094999914729977052e-06,2.000000029802322388e-01
5.095499914715836086e-06,2.000000029802322388e-01
5.095999914701695120e-06,2.000000029802322388e-01
5.096499914687554155e-06,0.000000000000000000e+00
5.096999914673413189e-06,0.000000000000000000e+00
5.097499914659272223e-06,0.000000000000000000e+00
5.097999914645131257e-06,0.000000000000000000e+00
5.098499914630990292e-06,2.000000029802322388e-01
5.098999914616849326e-06,2.000000029802322388e-01
5.099499914602708360e-06,2.000000029802322388e-01
5.099999914588567395e-06,0.000000000000000000e+00
5.100499914574426429e-06,2.000000029802322388e-01
5.100999914560285463e-06,2.000000029802322388e-01
5.101499914546144497e-06,2.000000029802322388e-01
5.101999914532003532e-06,2.000000029802322388e-01
5.102499914517862566e-06,2.000000029802322388e-01
5.102999914503721600e-06,2.000000029802322388e-01
5.103499914489580634e-06,0.000000000000000000e+00
5.103999914475439669e-06,2.000000029802322388e-01
5.104499914461298703e-06,2.000000029802322388e-01
5.104999914447157737e-06,2.000000029802322388e-01
5.105499914433016772e-06,2.000000029802322388e-01
5.105999914418875806e-06,2.000000029802322388e-01
5.106499914404734840e-06,2.000000029802322388e-01
5.106999914390593874e-06,2.000000029802322388e-01
5.107499914376452909e-06,2.000000029802322388e-01
5.107999914362311943e-06,2.000000029802322388e-01
5.108499914348170977e-06,2.000000029802322388e-01
5.108999914334030011e-06,0.000000000000000000e+00
5.109499914319889046e-06,2.000000029802322388e-01
5.109999914305748080e-06,2.000000029802322388e-01
5.110499914291607114e-06,2.000000029802322388e-01
5.110999914277466148e-06,0.000000000000000000e+00
5.111499914263325183e-06,0.000000000000000000e+00
5.111999914249184217e-06,0.000000000000000000e+00
5.112499914235043251e-06,0.000000000000000000e+00
5.112999914220902286e-06,0.000000000000000000e+00
5.113499914206761320e-06,2.000000029802322388e-01
5.113999914192620354e-06,0.000000000000000000e+00
5.114499914178479388e-06,0.000000000000000000e+00
5.114999914164338423e-06,0.000000000000000000e+00
5.115499914150197457e-06,2.000000029802322388e-01
5.115999914136056491e-06,0.000000000000000000e+00
5.116499914121915525e-06,0.000000000000000000e+00
5.116999914107774560e-06,0.000000000000000000e+00
5.117499914093633594e-06,0.000000000000000000e+00
5.117999914079492628e-06,0.000000000000000000e+00
5.118499914065351662e-06,0.000000000000000000e+00
5.118999914051210697e-06,2.000000029802322388e-01
5.119499914037069731e-06,2.000000029802322388e-01
5.119999914022928765e-06,2.000000029802322388e-01
5.120499914008787800e-06,2.000000029802322388e-01
5.120999913994646834e-06,0.000000000000000000e+00
5.121499913980505868e-06,0.000000000000000000e+00
5.121999913966364902e-06,0.000000000000000000e+00
5.122499913952223937e-06,0.000000000000000000e+00
5.122999913938082971e-06,0.000000000000000000e+00
5.123499913923942005e-06,0.000000000000000000e+00
5.123999913909801039e-06,0.000000000000000000e+00
5.124499913895660074e-06,0.000000000000000000e+00
5.124999913881519108e-06,0.000000000000000000e+00
5.125499913867378142e-06,0.000000000000000000e+00
5.125999913853237177e-06,0.000000000000000000e+00
5.126499913839096211e-06,0.000000000000000000e+00
5.126999913824955245e-06,0.000000000000000000e+00
5.127499913810814279e-06,0.000000000000000000e+00
5.127999913796673314e-06,0.000000000000000000e+00
5.128499913782532348e-06,0.000000000000000000e+00
5.128999913768391382e-06,0.000000000000000000e+00
5.129499913754250416e-06,0.000000000000000000e+00
5.129999913740109451e-06,0.000000000000000000e+00
5.130499913725968485e-06,0.000000000000000000e+00
5.130999913711827519e-06,0.000000000000000000e+00
5.131499913697686553e-06,0.000000000000000000e+00
5.131999913683545588e-06,0.000000000000000000e+00
5.132499913669404622e-06,0.000000000000000000e+00
5.132999913655263656e-06,0.000000000000000000e+00
5.133499913641122691e-06,2.000000029802322388e-01
5.133999913626981725e-06,2.000000029802322388e-01
5.134499913612840759e-06,2.000000029802322388e-01
5.134999913598699793e-06,0.000000000000000000e+00
5.135499913584558828e-06,0.000000000000000000e+00
5.135999913570417862e-06,0.000000000000000000e+00
5.136499913556276896e-06,0.000000000000000000e+00
5.136999913542135930e-06,0.000000000000000000e+00
5.137499913527994965e-06,0.000000000000000000e+00
5.137999913513853999e-06,0.000000000000000000e+00
5.138499913499713033e-06,0.000000000000000000e+00
5.138999913485572067e-06,0.000000000000000000e+00
5.139499913471431102e-06,0.000000000000000000e+00
5.139999913457290136e-06,0.000000000000000000e+00
5.140499913443149170e-06,0.000000000000000000e+00
5.140999913429008205e-06,0.000000000000000000e+00
5.141499913414867239e-06,0.000000000000000000e+00
5.141999913400726273e-06,0.000000000000000000e+00
5.142499913386585307e-06,0.000000000000000000e+00
5.142999913372444342e-06,0.000000000000000000e+00
5.143499913358303376e-06,0.000000000000000000e+00
5.143999913344162410e-06,0.000000000000000000e+00
5.144499913330021444e-06,0.000000000000000000e+00
5.144999913315880479e-06,0.000000000000000000e+00
5.145499913301739513e-06,0.000000000000000000e+00
5.145999913287598547e-06,0.000000000000000000e+00
5.146499913273457582e-06,0.000000000000000000e+00
5.146999913259316616e-06,0.000000000000000000e+00
5.147499913245175650e-06,0.000000000000000000e+00
5.147999913231034684e-06,0.000000000000000000e+00
5.148499913216893719e-06,0.000000000000000000e+00
5.148999913202752753e-06,0.000000000000000000e+00
5.149499913188611787e-06,0.000000000000000000e+00
5.149999913174470821e-06,0.000000000000000000e+00
5.150499913160329856e-06,0.000000000000000000e+00
5.150999913146188890e-06,0.000000000000000000e+00
5.151499913132047924e-06,0.000000000000000000e+00
5.151999913117906958e-06,0.000000000000000000e+00
5.152499913103765993e-06,0.000000000000000000e+00
5.152999913089625027e-06,0.000000000000000000e+00
5.153499913075484061e-06,0.000000000000000000e+00
5.153999913061343096e-06,0.000000000000000000e+00
5.154499913047202130e-06,0.000000000000000000e+00
5.154999913033061164e-06,0.000000000000000000e+00
5.155499913018920198e-06,0.000000000000000000e+00
5.155999913004779233e-06,0.000000000000000000e+00
5.156499912990638267e-06,0.000000000000000000e+00
5.156999912976497301e-06,0.000000000000000000e+00
5.157499912962356335e-06,0.000000000000000000e+00
5.157999912948215370e-06,0.000000000000000000e+00
5.158499912934074404e-06,0.000000000000000000e+00
5.158999912919933438e-06,0.000000000000000000e+00
5.159499912905792472e-06,0.000000000000000000e+00
5.159999912891651507e-06,0.000000000000000000e+00
5.160499912877510541e-06,0.000000000000000000e+00
5.160999912863369575e-06,0.000000000000000000e+00
5.161499912849228610e-06,0.000000000000000000e+00
5.161999912835087644e-06,0.000000000000000000e+00
5.162499912820946678e-06,0.000000000000000000e+00
5.162999912806805712e-06,0.000000000000000000e+00
5.163499912792664747e-06,0.000000000000000000e+00
5.163999912778523781e-06,0.000000000000000000e+00
5.164499912764382815e-06,0.000000000000000000e+00
5.164999912750241849e-06,0.000000000000000000e+00
5.165499912736100884e-06,0.000000000000000000e+00
5.165999912721959918e-06,0.000000000000000000e+00
5.166499912707818952e-06,0.000000000000000000e+00
5.166999912693677987e-06,0.000000000000000000e+00
5.167499912679537021e-06,0.000000000000000000e+00
5.167999912665396055e-06,0.000000000000000000e+00
5.168499912651255089e-06,0.000000000000000000e+00
5.168999912637114124e-06,0.000000000000000000e+00
5.169499912622973158e-06,0.000000000000000000e+00
5.169999912608832192e-06,0.000000000000000000e+00
5.170499912594691226e-06,0.000000000000000000e+00
5.170999912580550261e-06,0.000000000000000000e+00
5.171499912566409295e-06,0.000000000000000000e+00
5.171999912552268329e-06,0.000000000000000000e+00
5.172499912538127363e-06,0.000000000000000000e+00
5.172999912523986398e-06,0.000000000000000000e+00
5.173499912509845432e-06,0.000000000000000000e+00
5.173999912495704466e-06,0.000000000000000000e+00
5.174499912481563501e-06,0.000000000000000000e+00
5.174999912467422535e-06,0.000000000000000000e+00
5.175499912453281569e-06,0.000000000000000000e+00
5.175999912439140603e-06,0.000000000000000000e+00
5.176499912424999638e-06,0.000000000000000000e+00
5.176999912410858672e-06,0.000000000000000000e+00
5.177499912396717706e-06,0.000000000000000000e+00
5.177999912382576740e-06,0.000000000000000000e+00
5.178499912368435775e-06,0.000000000000000000e+00
5.178999912354294809e-06,0.000000000000000000e+00
5.179499912340153843e-06,0.000000000000000000e+00
5.179999912326012877e-06,0.000000000000000000e+00
5.180499912311871912e-06,0.000000000000000000e+00
5.180999912297730946e-06,0.000000000000000000e+00
5.181499912283589980e-06,0.000000000000000000e+00
5.181999912269449015e-06,0.000000000000000000e+00
5.182499912255308049e-06,0.000000000000000000e+00
5.182999912241167083e-06,0.000000000000000000e+00
5.183499912227026117e-06,0.000000000000000000e+00
5.183999912212885152e-06,0.000000000000000000e+00
5.184499912198744186e-06,0.000000000000000000e+00
5.184999912184603220e-06,0.000000000000000000e+00
5.185499912170462254e-06,0.000000000000000000e+00
5.185999912156321289e-06,0.000000000000000000e+00
5.186499912142180323e-06,0.000000000000000000e+00
5.186999912128039357e-06,0.000000000000000000e+00
5.187499912113898392e-06,0.000000000000000000e+00
5.187999912099757426e-06,0.000000000000000000e+00
5.188499912085616460e-06,0.000000000000000000e+00
5.188999912071475494e-06,0.000000000000000000e+00
5.189499912057334529e-06,0.000000000000000000e+00
5.189999912043193563e-06,0.000000000000000000e+00
5.190499912029052597e-06,0.000000000000000000e+00
5.190999912014911631e-06,0.000000000000000000e+00
5.191499912000770666e-06,0.000000000000000000e+00
5.191999911986629700e-06,0.000000000000000000e+00
5.192499911972488734e-06,0.000000000000000000e+00
5.192999911958347768e-06,0.000000000000000000e+00
5.193499911944206803e-06,0.000000000000000000e+00
5.193999911930065837e-06,0.000000000000000000e+00
5.194499911915924871e-06,0.000000000000000000e+00
5.194999911901783906e-06,0.000000000000000000e+00
5.195499911887642940e-06,0.000000000000000000e+00
5.195999911873501974e-06,0.000000000000000000e+00
5.196499911859361008e-06,0.000000000000000000e+00
5.196999911845220043e-06,0.000000000000000000e+00
5.197499911831079077e-06,0.000000000000000000e+00
5.197999911816938111e-06,0.000000000000000000e+00
5.198499911802797145e-06,0.000000000000000000e+00
5.198999911788656180e-06,0.000000000000000000e+00
5.199499911774515214e-06,0.000000000000000000e+00
5.199999911760374248e-06,0.000000000000000000e+00
5.200499911746233282e-06,0.000000000000000000e+00
5.200999911732092317e-06,-2.000000029802322388e-01
5.201499911717951351e-06,0.000000000000000000e+00
5.201999911703810385e-06,0.000000000000000000e+00
5.202499911689669420e-06,0.000000000000000000e+00
5.202999911675528454e-06,0.000000000000000000e+00
5.203499911661387488e-06,0.000000000000000000e+00
5.203999911647246522e-06,0.000000000000000000e+00
5.204499911633105557e-06,0.000000000000000000e+00
5.204999911618964591e-06,0.000000000000000000e+00
5.205499911604823625e-06,0.000000000000000000e+00
5.205999911590682659e-06,0.000000000000000000e+00
5.206499911576541694e-06,0.000000000000000000e+00
5.206999911562400728e-06,0.000000000000000000e+00
5.207499911548259762e-06,0.000000000000000000e+00
5.207999911534118797e-06,0.000000000000000000e+00
5.208499911519977831e-06,0.000000000000000000e+00
5.208999911505836865e-06,0.000000000000000000e+00
5.209499911491695899e-06,0.000000000000000000e+00
5.209999911477554934e-06,0.000000000000000000e+00
5.210499911463413968e-06,0.000000000000000000e+00
5.210999911449273002e-06,0.000000000000000000e+00
5.211499911435132036e-06,0.000000000000000000e+00
5.211999911420991071e-06,0.000000000000000000e+00
5.212499911406850105e-06,0.000000000000000000e+00
5.212999911392709139e-06,0.000000000000000000e+00
5.213499911378568173e-06,0.000000000000000000e+00
5.213999911364427208e-06,0.000000000000000000e+00
5.214499911350286242e-06,0.000000000000000000e+00
5.214999911336145276e-06,0.000000000000000000e+00
5.215499911322004311e-06,0.000000000000000000e+00
5.215999911307863345e-06,0.000000000000000000e+00
5.216499911293722379e-06,0.000000000000000000e+00
5.216999911279581413e-06,0.000000000000000000e+00
5.217499911265440448e-06,0.000000000000000000e+00
5.217999911251299482e-06,0.000000000000000000e+00
5.218499911237158516e-06,0.000000000000000000e+00
5.218999911223017550e-06,2.000000029802322388e-01
5.219499911208876585e-06,1.400000020861625671e+00
5.219999911194735619e-06,3.000000044703483582e+00
5.220499911180594653e-06,4.600000068545341492e+00
5.220999911166453687e-06,5.400000080466270447e+00
5.221499911152312722e-06,5.200000077486038208e+00
5.221999911138171756e-06,5.200000077486038208e+00
5.222499911124030790e-06,5.000000074505805969e+00
5.222999911109889825e-06,4.800000071525573730e+00
5.223499911095748859e-06,4.800000071525573730e+00
5.223999911081607893e-06,4.800000071525573730e+00
5.224499911067466927e-06,4.800000071525573730e+00
5.224999911053325962e-06,4.800000071525573730e+00
5.225499911039184996e-06,4.800000071525573730e+00
5.225999911025044030e-06,4.800000071525573730e+00
5.226499911010903064e-06,4.800000071525573730e+00
5.226999910996762099e-06,4.800000071525573730e+00
5.227499910982621133e-06,4.600000068545341492e+00
5.227999910968480167e-06,4.600000068545341492e+00
5.228499910954339202e-06,4.400000065565109253e+00
5.228999910940198236e-06,4.400000065565109253e+00
5.229499910926057270e-06,4.400000065565109253e+00
5.229999910911916304e-06,4.200000062584877014e+00
5.230499910897775339e-06,4.200000062584877014e+00
5.230999910883634373e-06,4.200000062584877014e+00
5.231499910869493407e-06,4.000000059604644775e+00
5.231999910855352441e-06,3.800000056624412537e+00
5.232499910841211476e-06,3.800000056624412537e+00
5.232999910827070510e-06,3.800000056624412537e+00
5.233499910812929544e-06,3.600000053644180298e+00
5.233999910798788578e-06,3.600000053644180298e+00
5.234499910784647613e-06,3.400000050663948059e+00
5.234999910770506647e-06,3.200000047683715820e+00
5.235499910756365681e-06,3.000000044703483582e+00
5.235999910742224716e-06,3.000000044703483582e+00
5.236499910728083750e-06,2.800000041723251343e+00
5.236999910713942784e-06,2.800000041723251343e+00
5.237499910699801818e-06,2.600000038743019104e+00
5.237999910685660853e-06,2.600000038743019104e+00
5.238499910671519887e-06,2.400000035762786865e+00
5.238999910657378921e-06,2.200000032782554626e+00
5.239499910643237955e-06,2.000000029802322388e+00
5.239999910629096990e-06,1.800000026822090149e+00
5.240499910614956024e-06,1.800000026822090149e+00
5.240999910600815058e-06,1.600000023841857910e+00
5.241499910586674092e-06,1.400000020861625671e+00
5.241999910572533127e-06,1.400000020861625671e+00
5.242499910558392161e-06,1.200000017881393433e+00
5.242999910544251195e-06,1.000000014901161194e+00
5.243499910530110230e-06,8.000000119209289551e-01
5.243999910515969264e-06,6.000000089406967163e-01
5.244499910501828298e-06,6.000000089406967163e-01
5.244999910487687332e-06,4.000000059604644775e-01
5.245499910473546367e-06,2.000000029802322388e-01
5.245999910459405401e-06,0.000000000000000000e+00
5.246499910445264435e-06,0.000000000000000000e+00
5.246999910431123469e-06,-2.000000029802322388e-01
5.247499910416982504e-06,-4.000000059604644775e-01
5.247999910402841538e-06,-6.000000089406967163e-01
5.248499910388700572e-06,-8.000000119209289551e-01
5.248999910374559607e-06,-8.000000119209289551e-01
5.249499910360418641e-06,-1.000000014901161194e+00
5.249999910346277675e-06,-1.200000017881393433e+00
5.250499910332136709e-06,-1.400000020861625671e+00
5.250999910317995744e-06,-1.600000023841857910e+00
5.251499910303854778e-06,-1.600000023841857910e+00
5.251999910289713812e-06,-1.800000026822090149e+00
5.252499910275572846e-06,-2.000000029802322388e+00
5.252999910261431881e-06,-2.200000032782554626e+00
5.253499910247290915e-06,-2.200000032782554626e+00
5.253999910233149949e-06,-2.400000035762786865e+00
5.254499910219008983e-06,-2.400000035762786865e+00
5.254999910204868018e-06,-2.600000038743019104e+00
5.255499910190727052e-06,-2.800000041723251343e+00
5.255999910176586086e-06,-3.000000044703483582e+00
5.256499910162445121e-06,-3.000000044703483582e+00
5.256999910148304155e-06,-3.200000047683715820e+00
5.257499910134163189e-06,-3.400000050663948059e+00
5.257999910120022223e-06,-3.400000050663948059e+00
5.258499910105881258e-06,-3.600000053644180298e+00
5.258999910091740292e-06,-3.800000056624412537e+00
5.259499910077599326e-06,-3.800000056624412537e+00
5.259999910063458360e-06,-4.000000059604644775e+00
5.260499910049317395e-06,-4.000000059604644775e+00
5.260999910035176429e-06,-4.200000062584877014e+00
5.261499910021035463e-06,-4.200000062584877014e+00
5.261999910006894497e-06,-4.400000065565109253e+00
5.262499909992753532e-06,-4.400000065565109253e+00
5.262999909978612566e-06,-4.600000068545341492e+00
5.263499909964471600e-06,-4.600000068545341492e+00
5.263999909950330635e-06,-4.800000071525573730e+00
5.264499909936189669e-06,-4.800000071525573730e+00
5.264999909922048703e-06,-4.800000071525573730e+00
5.265499909907907737e-06,-4.800000071525573730e+00
5.265999909893766772e-06,-4.800000071525573730e+00
5.266499909879625806e-06,-5.000000074505805969e+00
5.266999909865484840e-06,-5.000000074505805969e+00
5.267499909851343874e-06,-5.000000074505805969e+00
5.267999909837202909e-06,-5.200000077486038208e+00
5.268499909823061943e-06,-5.200000077486038208e+00
5.268999909808920977e-06,-5.200000077486038208e+00
5.269499909794780012e-06,-5.200000077486038208e+00
5.269999909780639046e-06,-5.200000077486038208e+00
5.270499909766498080e-06,-5.200000077486038208e+00
5.270999909752357114e-06,-5.200000077486038208e+00
5.271499909738216149e-06,-5.200000077486038208e+00
5.271999909724075183e-06,-5.200000077486038208e+00
5.272499909709934217e-06,-5.200000077486038208e+00
5.272999909695793251e-06,-5.200000077486038208e+00
5.273499909681652286e-06,-5.200000077486038208e+00
5.273999909667511320e-06,-5.200000077486038208e+00
5.274499909653370354e-06,-5.000000074505805969e+00
5.274999909639229388e-06,-5.000000074505805969e+00
5.275499909625088423e-06,-5.000000074505805969e+00
5.275999909610947457e-06,-5.000000074505805969e+00
5.276499909596806491e-06,-5.000000074505805969e+00
5.276999909582665526e-06,-5.000000074505805969e+00
5.277499909568524560e-06,-4.800000071525573730e+00
5.277999909554383594e-06,-4.800000071525573730e+00
5.278499909540242628e-06,-4.800000071525573730e+00
5.278999909526101663e-06,-4.800000071525573730e+00
5.279499909511960697e-06,-4.600000068545341492e+00
5.279999909497819731e-06,-4.600000068545341492e+00
5.280499909483678765e-06,-4.400000065565109253e+00
5.280999909469537800e-06,-4.400000065565109253e+00
5.281499909455396834e-06,-4.400000065565109253e+00
5.281999909441255868e-06,-4.200000062584877014e+00
5.282499909427114902e-06,-4.200000062584877014e+00
5.282999909412973937e-06,-4.000000059604644775e+00
5.283499909398832971e-06,-4.000000059604644775e+00
5.283999909384692005e-06,-3.800000056624412537e+00
5.284499909370551040e-06,-3.800000056624412537e+00
5.284999909356410074e-06,-3.600000053644180298e+00
5.285499909342269108e-06,-3.400000050663948059e+00
5.285999909328128142e-06,-3.400000050663948059e+00
5.286499909313987177e-06,-3.200000047683715820e+00
5.286999909299846211e-06,-3.200000047683715820e+00
5.287499909285705245e-06,-3.000000044703483582e+00
5.287999909271564279e-06,-2.800000041723251343e+00
5.288499909257423314e-06,-2.600000038743019104e+00
5.288999909243282348e-06,-2.600000038743019104e+00
5.289499909229141382e-06,-2.400000035762786865e+00
5.289999909215000417e-06,-2.200000032782554626e+00
5.290499909200859451e-06,-2.000000029802322388e+00
5.290999909186718485e-06,-2.000000029802322388e+00
5.291499909172577519e-06,-1.800000026822090149e+00
5.291999909158436554e-06,-1.600000023841857910e+00
5.292499909144295588e-06,-1.400000020861625671e+00
5.292999909130154622e-06,-1.400000020861625671e+00
5.293499909116013656e-06,-1.200000017881393433e+00
5.293999909101872691e-06,-1.000000014901161194e+00
5.294499909087731725e-06,-8.000000119209289551e-01
5.294999909073590759e-06,-8.000000119209289551e-01
5.295499909059449793e-06,-6.000000089406967163e-01
5.295999909045308828e-06,-4.000000059604644775e-01
5.296499909031167862e-06,-2.000000029802322388e-01
5.296999909017026896e-06,0.000000000000000000e+00
5.297499909002885931e-06,2.000000029802322388e-01
5.297999908988744965e-06,2.000000029802322388e-01
5.298499908974603999e-06,4.000000059604644775e-01
5.298999908960463033e-06,6.000000089406967163e-01
5.299499908946322068e-06,8.000000119209289551e-01
5.299999908932181102e-06,8.000000119209289551e-01
5.300499908918040136e-06,1.000000014901161194e+00
5.300999908903899170e-06,1.200000017881393433e+00
5.301499908889758205e-06,1.400000020861625671e+00
5.301999908875617239e-06,1.400000020861625671e+00
5.302499908861476273e-06,1.600000023841857910e+00
5.302999908847335307e-06,1.800000026822090149e+00
5.303499908833194342e-06,2.000000029802322388e+00
5.303999908819053376e-06,2.000000029802322388e+00
5.304499908804912410e-06,2.200000032782554626e+00
5.304999908790771445e-06,2.400000035762786865e+00
5.305499908776630479e-06,2.600000038743019104e+00
5.305999908762489513e-06,2.600000038743019104e+00
5.306499908748348547e-06,2.800000041723251343e+00
5.306999908734207582e-06,2.800000041723251343e+00
5.307499908720066616e-06,3.000000044703483582e+00
5.307999908705925650e-06,3.200000047683715820e+00
5.308499908691784684e-06,3.200000047683715820e+00
5.308999908677643719e-06,3.400000050663948059e+00
5.309499908663502753e-06,3.600000053644180298e+00
5.309999908649361787e-06,3.600000053644180298e+00
5.310499908635220822e-06,3.800000056624412537e+00
5.310999908621079856e-06,3.800000056624412537e+00
5.311499908606938890e-06,4.000000059604644775e+00
5.311999908592797924e-06,4.000000059604644775e+00
5.312499908578656959e-06,4.200000062584877014e+00
5.312999908564515993e-06,4.200000062584877014e+00
5.313499908550375027e-06,4.200000062584877014e+00
5.313999908536234061e-06,4.400000065565109253e+00
5.314499908522093096e-06,4.400000065565109253e+00
5.314999908507952130e-06,4.600000068545341492e+00
5.315499908493811164e-06,4.600000068545341492e+00
5.315999908479670198e-06,4.600000068545341492e+00
5.316499908465529233e-06,4.800000071525573730e+00
5.316999908451388267e-06,4.800000071525573730e+00
5.317499908437247301e-06,4.800000071525573730e+00
5.317999908423106336e-06,4.800000071525573730e+00
5.318499908408965370e-06,4.800000071525573730e+00
5.318999908394824404e-06,5.000000074505805969e+00
5.319499908380683438e-06,5.000000074505805969e+00
5.319999908366542473e-06,5.000000074505805969e+00
5.320499908352401507e-06,5.000000074505805969e+00
5.320999908338260541e-06,5.000000074505805969e+00
5.321499908324119575e-06,5.000000074505805969e+00
5.321999908309978610e-06,5.000000074505805969e+00
5.322499908295837644e-06,5.000000074505805969e+00
5.322999908281696678e-06,5.000000074505805969e+00
5.323499908267555712e-06,5.000000074505805969e+00
5.323999908253414747e-06,5.000000074505805969e+00
5.324499908239273781e-06,5.000000074505805969e+00
5.324999908225132815e-06,5.000000074505805969e+00
5.325499908210991850e-06,4.800000071525573730e+00
5.325999908196850884e-06,4.800000071525573730e+00
5.326499908182709918e-06,4.800000071525573730e+00
5.326999908168568952e-06,4.800000071525573730e+00
5.327499908154427987e-06,4.600000068545341492e+00
5.327999908140287021e-06,4.600000068545341492e+00
5.328499908126146055e-06,4.600000068545341492e+00
5.328999908112005089e-06,4.600000068545341492e+00
5.329499908097864124e-06,4.400000065565109253e+00
5.329999908083723158e-06,4.400000065565109253e+00
5.330499908069582192e-06,4.200000062584877014e+00
5.330999908055441227e-06,4.200000062584877014e+00
5.331499908041300261e-06,4.000000059604644775e+00
5.331999908027159295e-06,4.000000059604644775e+00
5.332499908013018329e-06,4.000000059604644775e+00
5.332999907998877364e-06,3.800000056624412537e+00
5.333499907984736398e-06,3.800000056624412537e+00
5.333999907970595432e-06,3.600000053644180298e+00
5.334499907956454466e-06,3.400000050663948059e+00
5.334999907942313501e-06,3.400000050663948059e+00
5.335499907928172535e-06,3.200000047683715820e+00
5.335999907914031569e-06,3.200000047683715820e+00
5.336499907899890603e-06,3.000000044703483582e+00
5.336999907885749638e-06,3.000000044703483582e+00
5.337499907871608672e-06,2.800000041723251343e+00
5.337999907857467706e-06,2.600000038743019104e+00
5.338499907843326741e-06,2.400000035762786865e+00
5.338999907829185775e-06,2.200000032782554626e+00
5.339499907815044809e-06,2.200000032782554626e+00
5.339999907800903843e-06,2.000000029802322388e+00
5.340499907786762878e-06,1.800000026822090149e+00
5.340999907772621912e-06,1.800000026822090149e+00
5.341499907758480946e-06,1.600000023841857910e+00
5.341999907744339980e-06,1.400000020861625671e+00
5.342499907730199015e-06,1.400000020861625671e+00
5.342999907716058049e-06,1.200000017881393433e+00
5.343499907701917083e-06,1.000000014901161194e+00
5.343999907687776117e-06,8.000000119209289551e-01
5.344499907673635152e-06,6.000000089406967163e-01
5.344999907659494186e-06,6.000000089406967163e-01
5.345499907645353220e-06,4.000000059604644775e-01
5.345999907631212255e-06,2.000000029802322388e-01
5.346499907617071289e-06,2.000000029802322388e-01
5.346999907602930323e-06,0.000000000000000000e+00
5.347499907588789357e-06,-2.000000029802322388e-01
5.347999907574648392e-06,-4.000000059604644775e-01
5.348499907560507426e-06,-6.000000089406967163e-01
5.348999907546366460e-06,-8.000000119209289551e-01
5.349499907532225494e-06,-1.000000014901161194e+00
5.349999907518084529e-06,-1.000000014901161194e+00
5.350499907503943563e-06,-1.200000017881393433e+00
5.350999907489802597e-06,-1.400000020861625671e+00
5.351499907475661632e-06,-1.600000023841857910e+00
5.351999907461520666e-06,-1.800000026822090149e+00
5.352499907447379700e-06,-1.800000026822090149e+00
5.352999907433238734e-06,-2.000000029802322388e+00
5.353499907419097769e-06,-2.200000032782554626e+00
5.353999907404956803e-06,-2.200000032782554626e+00
5.354499907390815837e-06,-2.400000035762786865e+00
5.354999907376674871e-06,-2.600000038743019104e+00
5.355499907362533906e-06,-2.600000038743019104e+00
5.355999907348392940e-06,-2.800000041723251343e+00
5.356499907334251974e-06,-3.000000044703483582e+00
5.356999907320111008e-06,-3.000000044703483582e+00
5.357499907305970043e-06,-3.200000047683715820e+00
5.357999907291829077e-06,-3.400000050663948059e+00
5.358499907277688111e-06,-3.400000050663948059e+00
5.358999907263547146e-06,-3.600000053644180298e+00
5.359499907249406180e-06,-3.600000053644180298e+00
5.359999907235265214e-06,-3.800000056624412537e+00
5.360499907221124248e-06,-3.800000056624412537e+00
5.360999907206983283e-06,-4.000000059604644775e+00
5.361499907192842317e-06,-4.000000059604644775e+00
5.361999907178701351e-06,-4.200000062584877014e+00
5.362499907164560385e-06,-4.400000065565109253e+00
5.362999907150419420e-06,-4.400000065565109253e+00
5.363499907136278454e-06,-4.400000065565109253e+00
5.363999907122137488e-06,-4.600000068545341492e+00
5.364499907107996522e-06,-4.600000068545341492e+00
5.364999907093855557e-06,-4.600000068545341492e+00
5.365499907079714591e-06,-4.600000068545341492e+00
5.365999907065573625e-06,-4.800000071525573730e+00
5.366499907051432660e-06,-4.800000071525573730e+00
5.366999907037291694e-06,-4.800000071525573730e+00
5.367499907023150728e-06,-5.000000074505805969e+00
5.367999907009009762e-06,-5.000000074505805969e+00
5.368499906994868797e-06,-5.000000074505805969e+00
5.368999906980727831e-06,-5.000000074505805969e+00
5.369499906966586865e-06,-5.000000074505805969e+00
5.369999906952445899e-06,-5.000000074505805969e+00
5.370499906938304934e-06,-5.200000077486038208e+00
5.370999906924163968e-06,-5.200000077486038208e+00
5.371499906910023002e-06,-5.000000074505805969e+00
5.371999906895882036e-06,-5.000000074505805969e+00
5.372499906881741071e-06,-5.000000074505805969e+00
5.372999906867600105e-06,-5.000000074505805969e+00
5.373499906853459139e-06,-5.000000074505805969e+00
5.373999906839318174e-06,-5.000000074505805969e+00
5.374499906825177208e-06,-5.000000074505805969e+00
5.374999906811036242e-06,-5.000000074505805969e+00
5.375499906796895276e-06,-5.000000074505805969e+00
5.375999906782754311e-06,-5.000000074505805969e+00
5.376499906768613345e-06,-5.000000074505805969e+00
5.376999906754472379e-06,-4.800000071525573730e+00
5.377499906740331413e-06,-4.800000071525573730e+00
5.377999906726190448e-06,-4.800000071525573730e+00
5.378499906712049482e-06,-4.800000071525573730e+00
5.378999906697908516e-06,-4.600000068545341492e+00
5.379499906683767551e-06,-4.400000065565109253e+00
5.379999906669626585e-06,-4.400000065565109253e+00
5.380499906655485619e-06,-4.400000065565109253e+00
5.380999906641344653e-06,-4.200000062584877014e+00
5.381499906627203688e-06,-4.200000062584877014e+00
5.381999906613062722e-06,-4.000000059604644775e+00
5.382499906598921756e-06,-4.000000059604644775e+00
5.382999906584780790e-06,-4.000000059604644775e+00
5.383499906570639825e-06,-3.800000056624412537e+00
5.383999906556498859e-06,-3.800000056624412537e+00
5.384499906542357893e-06,-3.600000053644180298e+00
5.384999906528216927e-06,-3.400000050663948059e+00
5.385499906514075962e-06,-3.400000050663948059e+00
5.385999906499934996e-06,-3.200000047683715820e+00
5.386499906485794030e-06,-3.200000047683715820e+00
5.386999906471653065e-06,-3.000000044703483582e+00
5.387499906457512099e-06,-2.800000041723251343e+00
5.387999906443371133e-06,-2.800000041723251343e+00
5.388499906429230167e-06,-2.600000038743019104e+00
5.388999906415089202e-06,-2.400000035762786865e+00
5.389499906400948236e-06,-2.200000032782554626e+00
5.389999906386807270e-06,-2.200000032782554626e+00
5.390499906372666304e-06,-2.000000029802322388e+00
5.390999906358525339e-06,-1.800000026822090149e+00
5.391499906344384373e-06,-1.600000023841857910e+00
5.391999906330243407e-06,-1.600000023841857910e+00
5.392499906316102441e-06,-1.400000020861625671e+00
5.392999906301961476e-06,-1.200000017881393433e+00
5.393499906287820510e-06,-1.000000014901161194e+00
5.393999906273679544e-06,-1.000000014901161194e+00
5.394499906259538579e-06,-8.000000119209289551e-01
5.394999906245397613e-06,-6.000000089406967163e-01
5.395499906231256647e-06,-4.000000059604644775e-01
5.395999906217115681e-06,-4.000000059604644775e-01
5.396499906202974716e-06,-2.000000029802322388e-01
5.396999906188833750e-06,0.000000000000000000e+00
5.397499906174692784e-06,2.000000029802322388e-01
5.397999906160551818e-06,4.000000059604644775e-01
5.398499906146410853e-06,6.000000089406967163e-01
5.398999906132269887e-06,8.000000119209289551e-01
5.399499906118128921e-06,8.000000119209289551e-01
5.399999906103987956e-06,1.000000014901161194e+00
5.400499906089846990e-06,1.200000017881393433e+00
5.400999906075706024e-06,1.200000017881393433e+00
5.401499906061565058e-06,1.400000020861625671e+00
5.401999906047424093e-06,1.600000023841857910e+00
5.402499906033283127e-06,1.800000026822090149e+00
5.402999906019142161e-06,1.800000026822090149e+00
5.403499906005001195e-06,2.000000029802322388e+00
5.403999905990860230e-06,2.200000032782554626e+00
5.404499905976719264e-06,2.400000035762786865e+00
5.404999905962578298e-06,2.400000035762786865e+00
5.405499905948437332e-06,2.600000038743019104e+00
5.405999905934296367e-06,2.800000041723251343e+00
5.406499905920155401e-06,3.000000044703483582e+00
5.406999905906014435e-06,3.000000044703483582e+00
5.407499905891873470e-06,3.200000047683715820e+00
5.407999905877732504e-06,3.200000047683715820e+00
5.408499905863591538e-06,3.400000050663948059e+00
5.408999905849450572e-06,3.600000053644180298e+00
5.409499905835309607e-06,3.600000053644180298e+00
5.409999905821168641e-06,3.800000056624412537e+00
5.410499905807027675e-06,3.800000056624412537e+00
5.410999905792886709e-06,4.000000059604644775e+00
5.411499905778745744e-06,4.000000059604644775e+00
5.411999905764604778e-06,4.000000059604644775e+00
5.412499905750463812e-06,4.200000062584877014e+00
5.412999905736322846e-06,4.200000062584877014e+00
5.413499905722181881e-06,4.400000065565109253e+00
5.413999905708040915e-06,4.400000065565109253e+00
5.414499905693899949e-06,4.600000068545341492e+00
5.414999905679758984e-06,4.600000068545341492e+00
5.415499905665618018e-06,4.600000068545341492e+00
5.415999905651477052e-06,4.600000068545341492e+00
5.416499905637336086e-06,4.800000071525573730e+00
5.416999905623195121e-06,4.800000071525573730e+00
5.417499905609054155e-06,4.800000071525573730e+00
5.417999905594913189e-06,4.800000071525573730e+00
5.418499905580772223e-06,4.800000071525573730e+00
5.418999905566631258e-06,5.000000074505805969e+00
5.419499905552490292e-06,5.000000074505805969e+00
5.419999905538349326e-06,5.000000074505805969e+00
5.420499905524208361e-06,5.000000074505805969e+00
5.420999905510067395e-06,5.000000074505805969e+00
5.421499905495926429e-06,5.000000074505805969e+00
5.421999905481785463e-06,5.000000074505805969e+00
5.422499905467644498e-06,5.000000074505805969e+00
5.422999905453503532e-06,5.000000074505805969e+00
5.423499905439362566e-06,5.000000074505805969e+00
5.423999905425221600e-06,5.000000074505805969e+00
5.424499905411080635e-06,5.000000074505805969e+00
5.424999905396939669e-06,5.000000074505805969e+00
5.425499905382798703e-06,5.000000074505805969e+00
5.425999905368657737e-06,4.800000071525573730e+00
5.426499905354516772e-06,4.800000071525573730e+00
5.426999905340375806e-06,4.800000071525573730e+00
5.427499905326234840e-06,4.600000068545341492e+00
5.427999905312093875e-06,4.600000068545341492e+00
5.428499905297952909e-06,4.600000068545341492e+00
5.428999905283811943e-06,4.600000068545341492e+00
5.429499905269670977e-06,4.400000065565109253e+00
5.429999905255530012e-06,4.400000065565109253e+00
5.430499905241389046e-06,4.200000062584877014e+00
5.430999905227248080e-06,4.200000062584877014e+00
5.431499905213107114e-06,4.000000059604644775e+00
5.431999905198966149e-06,4.000000059604644775e+00
5.432499905184825183e-06,4.000000059604644775e+00
5.432999905170684217e-06,3.800000056624412537e+00
5.433499905156543251e-06,3.800000056624412537e+00
5.433999905142402286e-06,3.600000053644180298e+00
5.434499905128261320e-06,3.600000053644180298e+00
5.434999905114120354e-06,3.400000050663948059e+00
5.435499905099979389e-06,3.400000050663948059e+00
5.435999905085838423e-06,3.200000047683715820e+00
5.436499905071697457e-06,3.000000044703483582e+00
5.436999905057556491e-06,3.000000044703483582e+00
5.437499905043415526e-06,2.800000041723251343e+00
5.437999905029274560e-06,2.600000038743019104e+00
5.438499905015133594e-06,2.600000038743019104e+00
5.438999905000992628e-06,2.400000035762786865e+00
5.439499904986851663e-06,2.200000032782554626e+00
5.439999904972710697e-06,2.000000029802322388e+00
5.440499904958569731e-06,2.000000029802322388e+00
5.440999904944428766e-06,1.800000026822090149e+00
5.441499904930287800e-06,1.600000023841857910e+00
5.441999904916146834e-06,1.400000020861625671e+00
5.442499904902005868e-06,1.400000020861625671e+00
5.442999904887864903e-06,1.200000017881393433e+00
5.443499904873723937e-06,1.000000014901161194e+00
5.443999904859582971e-06,8.000000119209289551e-01
5.444499904845442005e-06,6.000000089406967163e-01
5.444999904831301040e-06,6.000000089406967163e-01
5.445499904817160074e-06,4.000000059604644775e-01
5.445999904803019108e-06,2.000000029802322388e-01
5.446499904788878142e-06,0.000000000000000000e+00
5.446999904774737177e-06,-2.000000029802322388e-01
5.447499904760596211e-06,-2.000000029802322388e-01
5.447999904746455245e-06,-4.000000059604644775e-01
5.448499904732314280e-06,-6.000000089406967163e-01
5.448999904718173314e-06,-6.000000089406967163e-01
5.449499904704032348e-06,-8.000000119209289551e-01
5.449999904689891382e-06,-1.000000014901161194e+00
5.450499904675750417e-06,-1.200000017881393433e+00
5.450999904661609451e-06,-1.400000020861625671e+00
5.451499904647468485e-06,-1.400000020861625671e+00
5.451999904633327519e-06,-1.600000023841857910e+00
5.452499904619186554e-06,-1.800000026822090149e+00
5.452999904605045588e-06,-2.000000029802322388e+00
5.453499904590904622e-06,-2.000000029802322388e+00
5.453999904576763656e-06,-2.200000032782554626e+00
5.454499904562622691e-06,-2.400000035762786865e+00
5.454999904548481725e-06,-2.400000035762786865e+00
5.455499904534340759e-06,-2.600000038743019104e+00
5.455999904520199794e-06,-2.800000041723251343e+00
5.456499904506058828e-06,-2.800000041723251343e+00
5.456999904491917862e-06,-3.000000044703483582e+00
5.457499904477776896e-06,-3.200000047683715820e+00
5.457999904463635931e-06,-3.400000050663948059e+00
5.458499904449494965e-06,-3.400000050663948059e+00
5.458999904435353999e-06,-3.600000053644180298e+00
5.459499904421213033e-06,-3.600000053644180298e+00
5.459999904407072068e-06,-3.800000056624412537e+00
5.460499904392931102e-06,-3.800000056624412537e+00
5.460999904378790136e-06,-4.000000059604644775e+00
5.461499904364649171e-06,-4.000000059604644775e+00
5.461999904350508205e-06,-4.200000062584877014e+00
5.462499904336367239e-06,-4.200000062584877014e+00
5.462999904322226273e-06,-4.400000065565109253e+00
5.463499904308085308e-06,-4.400000065565109253e+00
5.463999904293944342e-06,-4.400000065565109253e+00
5.464499904279803376e-06,-4.600000068545341492e+00
5.464999904265662410e-06,-4.600000068545341492e+00
5.465499904251521445e-06,-4.600000068545341492e+00
5.465999904237380479e-06,-4.800000071525573730e+00
5.466499904223239513e-06,-4.800000071525573730e+00
5.466999904209098547e-06,-5.000000074505805969e+00
5.467499904194957582e-06,-5.000000074505805969e+00
5.467999904180816616e-06,-5.000000074505805969e+00
5.468499904166675650e-06,-5.000000074505805969e+00
5.468999904152534685e-06,-5.000000074505805969e+00
5.469499904138393719e-06,-5.000000074505805969e+00
5.469999904124252753e-06,-5.000000074505805969e+00
5.470499904110111787e-06,-5.200000077486038208e+00
5.470999904095970822e-06,-5.200000077486038208e+00
5.471499904081829856e-06,-5.000000074505805969e+00
5.471999904067688890e-06,-5.000000074505805969e+00
5.472499904053547924e-06,-5.000000074505805969e+00
5.472999904039406959e-06,-5.000000074505805969e+00
5.473499904025265993e-06,-5.000000074505805969e+00
5.473999904011125027e-06,-5.000000074505805969e+00
5.474499903996984061e-06,-5.000000074505805969e+00
5.474999903982843096e-06,-5.000000074505805969e+00
5.475499903968702130e-06,-5.000000074505805969e+00
5.475999903954561164e-06,-5.000000074505805969e+00
5.476499903940420199e-06,-4.800000071525573730e+00
5.476999903926279233e-06,-4.800000071525573730e+00
5.477499903912138267e-06,-4.800000071525573730e+00
5.477999903897997301e-06,-4.800000071525573730e+00
5.478499903883856336e-06,-4.600000068545341492e+00
5.478999903869715370e-06,-4.400000065565109253e+00
5.479499903855574404e-06,-4.000000059604644775e+00
5.479999903841433438e-06,-2.800000041723251343e+00
5.480499903827292473e-06,-1.000000014901161194e+00
5.480999903813151507e-06,4.000000059604644775e-01
5.481499903799010541e-06,1.000000014901161194e+00
5.481999903784869576e-06,1.000000014901161194e+00
5.482499903770728610e-06,8.000000119209289551e-01
5.482999903756587644e-06,6.000000089406967163e-01
5.483499903742446678e-06,6.000000089406967163e-01
5.483999903728305713e-06,6.000000089406967163e-01
5.484499903714164747e-06,6.000000089406967163e-01
5.484999903700023781e-06,6.000000089406967163e-01
5.485499903685882815e-06,6.000000089406967163e-01
5.485999903671741850e-06,6.000000089406967163e-01
5.486499903657600884e-06,6.000000089406967163e-01
5.486999903643459918e-06,6.000000089406967163e-01
5.487499903629318952e-06,6.000000089406967163e-01
5.487999903615177987e-06,6.000000089406967163e-01
5.488499903601037021e-06,6.000000089406967163e-01
5.488999903586896055e-06,6.000000089406967163e-01
5.489499903572755090e-06,4.000000059604644775e-01
5.489999903558614124e-06,4.000000059604644775e-01
5.490499903544473158e-06,4.000000059604644775e-01
5.490999903530332192e-06,4.000000059604644775e-01
5.491499903516191227e-06,4.000000059604644775e-01
5.491999903502050261e-06,4.000000059604644775e-01
5.492499903487909295e-06,4.000000059604644775e-01
5.492999903473768329e-06,4.000000059604644775e-01
5.493499903459627364e-06,4.000000059604644775e-01
5.493999903445486398e-06,4.000000059604644775e-01
5.494499903431345432e-06,4.000000059604644775e-01
5.494999903417204466e-06,4.000000059604644775e-01
5.495499903403063501e-06,4.000000059604644775e-01
5.495999903388922535e-06,4.000000059604644775e-01
5.496499903374781569e-06,4.000000059604644775e-01
5.496999903360640604e-06,4.000000059604644775e-01
5.497499903346499638e-06,4.000000059604644775e-01
5.497999903332358672e-06,4.000000059604644775e-01
5.498499903318217706e-06,4.000000059604644775e-01
5.498999903304076741e-06,4.000000059604644775e-01
5.499499903289935775e-06,4.000000059604644775e-01
5.499999903275794809e-06,4.000000059604644775e-01
5.500499903261653843e-06,4.000000059604644775e-01
5.500999903247512878e-06,4.000000059604644775e-01
5.501499903233371912e-06,4.000000059604644775e-01
5.501999903219230946e-06,4.000000059604644775e-01
5.502499903205089981e-06,4.000000059604644775e-01
5.502999903190949015e-06,2.000000029802322388e-01
5.503499903176808049e-06,2.000000029802322388e-01
5.503999903162667083e-06,2.000000029802322388e-01
5.504499903148526118e-06,4.000000059604644775e-01
5.504999903134385152e-06,4.000000059604644775e-01
5.505499903120244186e-06,4.000000059604644775e-01
5.505999903106103220e-06,4.000000059604644775e-01
5.506499903091962255e-06,4.000000059604644775e-01
5.506999903077821289e-06,2.000000029802322388e-01
5.507499903063680323e-06,2.000000029802322388e-01
5.507999903049539357e-06,2.000000029802322388e-01
5.508499903035398392e-06,4.000000059604644775e-01
5.508999903021257426e-06,2.000000029802322388e-01
5.509499903007116460e-06,2.000000029802322388e-01
5.509999902992975495e-06,4.000000059604644775e-01
5.510499902978834529e-06,4.000000059604644775e-01
5.510999902964693563e-06,2.000000029802322388e-01
5.511499902950552597e-06,2.000000029802322388e-01
5.511999902936411632e-06,2.000000029802322388e-01
5.512499902922270666e-06,2.000000029802322388e-01
5.512999902908129700e-06,2.000000029802322388e-01
5.513499902893988734e-06,2.000000029802322388e-01
5.513999902879847769e-06,2.000000029802322388e-01
5.514499902865706803e-06,4.000000059604644775e-01
5.514999902851565837e-06,4.000000059604644775e-01
5.515499902837424871e-06,2.000000029802322388e-01
5.515999902823283906e-06,2.000000029802322388e-01
5.516499902809142940e-06,4.000000059604644775e-01
5.516999902795001974e-06,2.000000029802322388e-01
5.517499902780861009e-06,2.000000029802322388e-01
5.517999902766720043e-06,4.000000059604644775e-01
5.518499902752579077e-06,2.000000029802322388e-01
5.518999902738438111e-06,2.000000029802322388e-01
5.519499902724297146e-06,2.000000029802322388e-01
5.519999902710156180e-06,2.000000029802322388e-01
5.520499902696015214e-06,2.000000029802322388e-01
5.520999902681874248e-06,2.000000029802322388e-01
5.521499902667733283e-06,2.000000029802322388e-01
5.521999902653592317e-06,2.000000029802322388e-01
5.522499902639451351e-06,2.000000029802322388e-01
5.522999902625310386e-06,2.000000029802322388e-01
5.523499902611169420e-06,2.000000029802322388e-01
5.523999902597028454e-06,2.000000029802322388e-01
5.524499902582887488e-06,4.000000059604644775e-01
5.524999902568746523e-06,2.000000029802322388e-01
5.525499902554605557e-06,2.000000029802322388e-01
5.525999902540464591e-06,2.000000029802322388e-01
5.526499902526323625e-06,2.000000029802322388e-01
5.526999902512182660e-06,2.000000029802322388e-01
5.527499902498041694e-06,2.000000029802322388e-01
5.527999902483900728e-06,2.000000029802322388e-01
5.528499902469759762e-06,2.000000029802322388e-01
5.528999902455618797e-06,2.000000029802322388e-01
5.529499902441477831e-06,2.000000029802322388e-01
5.529999902427336865e-06,2.000000029802322388e-01
5.530499902413195900e-06,2.000000029802322388e-01
5.530999902399054934e-06,2.000000029802322388e-01
5.531499902384913968e-06,2.000000029802322388e-01
5.531999902370773002e-06,2.000000029802322388e-01
5.532499902356632037e-06,2.000000029802322388e-01
5.532999902342491071e-06,2.000000029802322388e-01
5.533499902328350105e-06,2.000000029802322388e-01
5.533999902314209139e-06,2.000000029802322388e-01
5.534499902300068174e-06,2.000000029802322388e-01
5.534999902285927208e-06,2.000000029802322388e-01
5.535499902271786242e-06,2.000000029802322388e-01
5.535999902257645276e-06,2.000000029802322388e-01
5.536499902243504311e-06,2.000000029802322388e-01
5.536999902229363345e-06,2.000000029802322388e-01
5.537499902215222379e-06,2.000000029802322388e-01
5.537999902201081414e-06,2.000000029802322388e-01
5.538499902186940448e-06,2.000000029802322388e-01
5.538999902172799482e-06,2.000000029802322388e-01
5.539499902158658516e-06,2.000000029802322388e-01
5.539999902144517551e-06,2.000000029802322388e-01
5.540499902130376585e-06,2.000000029802322388e-01
5.540999902116235619e-06,2.000000029802322388e-01
5.541499902102094653e-06,2.000000029802322388e-01
5.541999902087953688e-06,2.000000029802322388e-01
5.542499902073812722e-06,2.000000029802322388e-01
5.542999902059671756e-06,2.000000029802322388e-01
5.543499902045530791e-06,2.000000029802322388e-01
5.543999902031389825e-06,2.000000029802322388e-01
5.544499902017248859e-06,2.000000029802322388e-01
5.544999902003107893e-06,2.000000029802322388e-01
5.545499901988966928e-06,2.000000029802322388e-01
5.545999901974825962e-06,2.000000029802322388e-01
5.546499901960684996e-06,2.000000029802322388e-01
5.546999901946544030e-06,2.000000029802322388e-01
5.547499901932403065e-06,2.000000029802322388e-01
5.547999901918262099e-06,2.000000029802322388e-01
5.548499901904121133e-06,2.000000029802322388e-01
5.548999901889980167e-06,2.000000029802322388e-01
5.549499901875839202e-06,2.000000029802322388e-01
5.549999901861698236e-06,2.000000029802322388e-01
5.550499901847557270e-06,2.000000029802322388e-01
5.550999901833416305e-06,2.000000029802322388e-01
5.551499901819275339e-06,2.000000029802322388e-01
5.551999901805134373e-06,2.000000029802322388e-01
5.552499901790993407e-06,2.000000029802322388e-01
5.552999901776852442e-06,2.000000029802322388e-01
5.553499901762711476e-06,2.000000029802322388e-01
5.553999901748570510e-06,2.000000029802322388e-01
5.554499901734429544e-06,2.000000029802322388e-01
5.554999901720288579e-06,2.000000029802322388e-01
5.555499901706147613e-06,2.000000029802322388e-01
5.555999901692006647e-06,2.000000029802322388e-01
5.556499901677865681e-06,2.000000029802322388e-01
5.556999901663724716e-06,2.000000029802322388e-01
5.557499901649583750e-06,2.000000029802322388e-01
5.557999901635442784e-06,2.000000029802322388e-01
5.558499901621301819e-06,2.000000029802322388e-01
5.558999901607160853e-06,2.000000029802322388e-01
5.559499901593019887e-06,2.000000029802322388e-01
5.559999901578878921e-06,2.000000029802322388e-01
5.560499901564737956e-06,2.000000029802322388e-01
5.560999901550596990e-06,2.000000029802322388e-01
5.561499901536456024e-06,2.000000029802322388e-01
5.561999901522315058e-06,2.000000029802322388e-01
5.562499901508174093e-06,2.000000029802322388e-01
5.562999901494033127e-06,2.000000029802322388e-01
5.563499901479892161e-06,2.000000029802322388e-01
5.563999901465751196e-06,2.000000029802322388e-01
5.564499901451610230e-06,2.000000029802322388e-01
5.564999901437469264e-06,2.000000029802322388e-01
5.565499901423328298e-06,2.000000029802322388e-01
5.565999901409187333e-06,2.000000029802322388e-01
5.566499901395046367e-06,2.000000029802322388e-01
5.566999901380905401e-06,2.000000029802322388e-01
5.567499901366764435e-06,2.000000029802322388e-01
5.567999901352623470e-06,2.000000029802322388e-01
5.568499901338482504e-06,2.000000029802322388e-01
5.568999901324341538e-06,2.000000029802322388e-01
5.569499901310200572e-06,2.000000029802322388e-01
5.569999901296059607e-06,2.000000029802322388e-01
5.570499901281918641e-06,2.000000029802322388e-01
5.570999901267777675e-06,2.000000029802322388e-01
5.571499901253636710e-06,2.000000029802322388e-01
5.571999901239495744e-06,2.000000029802322388e-01
5.572499901225354778e-06,2.000000029802322388e-01
5.572999901211213812e-06,0.000000000000000000e+00
5.573499901197072847e-06,2.000000029802322388e-01
5.573999901182931881e-06,2.000000029802322388e-01
5.574499901168790915e-06,2.000000029802322388e-01
5.574999901154649949e-06,2.000000029802322388e-01
5.575499901140508984e-06,2.000000029802322388e-01
5.575999901126368018e-06,2.000000029802322388e-01
5.576499901112227052e-06,2.000000029802322388e-01
5.576999901098086086e-06,2.000000029802322388e-01
5.577499901083945121e-06,2.000000029802322388e-01
5.577999901069804155e-06,2.000000029802322388e-01
5.578499901055663189e-06,2.000000029802322388e-01
5.578999901041522224e-06,2.000000029802322388e-01
5.579499901027381258e-06,2.000000029802322388e-01
5.579999901013240292e-06,2.000000029802322388e-01
5.580499900999099326e-06,2.000000029802322388e-01
5.580999900984958361e-06,2.000000029802322388e-01
5.581499900970817395e-06,0.000000000000000000e+00
5.581999900956676429e-06,2.000000029802322388e-01
5.582499900942535463e-06,2.000000029802322388e-01
5.582999900928394498e-06,2.000000029802322388e-01
5.583499900914253532e-06,2.000000029802322388e-01
5.583999900900112566e-06,2.000000029802322388e-01
5.584499900885971601e-06,2.000000029802322388e-01
5.584999900871830635e-06,2.000000029802322388e-01
5.585499900857689669e-06,2.000000029802322388e-01
5.585999900843548703e-06,2.000000029802322388e-01
5.586499900829407738e-06,2.000000029802322388e-01
5.586999900815266772e-06,2.000000029802322388e-01
5.587499900801125806e-06,2.000000029802322388e-01
5.587999900786984840e-06,2.000000029802322388e-01
5.588499900772843875e-06,0.000000000000000000e+00
5.588999900758702909e-06,2.000000029802322388e-01
5.589499900744561943e-06,2.000000029802322388e-01
5.589999900730420977e-06,2.000000029802322388e-01
5.590499900716280012e-06,2.000000029802322388e-01
5.590999900702139046e-06,2.000000029802322388e-01
5.591499900687998080e-06,2.000000029802322388e-01
5.591999900673857115e-06,2.000000029802322388e-01
5.592499900659716149e-06,0.000000000000000000e+00
5.592999900645575183e-06,0.000000000000000000e+00
5.593499900631434217e-06,0.000000000000000000e+00
5.593999900617293252e-06,0.000000000000000000e+00
5.594499900603152286e-06,2.000000029802322388e-01
5.594999900589011320e-06,0.000000000000000000e+00
5.595499900574870354e-06,2.000000029802322388e-01
5.595999900560729389e-06,0.000000000000000000e+00
5.596499900546588423e-06,0.000000000000000000e+00
5.596999900532447457e-06,0.000000000000000000e+00
5.597499900518306491e-06,2.000000029802322388e-01
5.597999900504165526e-06,2.000000029802322388e-01
5.598499900490024560e-06,2.000000029802322388e-01
5.598999900475883594e-06,2.000000029802322388e-01
5.599499900461742629e-06,2.000000029802322388e-01
5.599999900447601663e-06,2.000000029802322388e-01
5.600499900433460697e-06,0.000000000000000000e+00
5.600999900419319731e-06,0.000000000000000000e+00
5.601499900405178766e-06,0.000000000000000000e+00
5.601999900391037800e-06,0.000000000000000000e+00
5.602499900376896834e-06,0.000000000000000000e+00
5.602999900362755868e-06,0.000000000000000000e+00
5.603499900348614903e-06,0.000000000000000000e+00
5.603999900334473937e-06,0.000000000000000000e+00
5.604499900320332971e-06,0.000000000000000000e+00
5.604999900306192006e-06,0.000000000000000000e+00
5.605499900292051040e-06,0.000000000000000000e+00
5.605999900277910074e-06,2.000000029802322388e-01
5.606499900263769108e-06,2.000000029802322388e-01
5.606999900249628143e-06,2.000000029802322388e-01
5.607499900235487177e-06,2.000000029802322388e-01
5.607999900221346211e-06,0.000000000000000000e+00
5.608499900207205245e-06,0.000000000000000000e+00
5.608999900193064280e-06,0.000000000000000000e+00
5.609499900178923314e-06,0.000000000000000000e+00
5.609999900164782348e-06,0.000000000000000000e+00
5.610499900150641382e-06,2.000000029802322388e-01
5.610999900136500417e-06,2.000000029802322388e-01
5.611499900122359451e-06,0.000000000000000000e+00
5.611999900108218485e-06,0.000000000000000000e+00
5.612499900094077520e-06,0.000000000000000000e+00
5.612999900079936554e-06,0.000000000000000000e+00
5.613499900065795588e-06,0.000000000000000000e+00
5.613999900051654622e-06,0.000000000000000000e+00
5.614499900037513657e-06,0.000000000000000000e+00
5.614999900023372691e-06,0.000000000000000000e+00
5.615499900009231725e-06,0.000000000000000000e+00
5.615999899995090759e-06,0.000000000000000000e+00
5.616499899980949794e-06,0.000000000000000000e+00
5.616999899966808828e-06,0.000000000000000000e+00
5.617499899952667862e-06,0.000000000000000000e+00
5.617999899938526896e-06,0.000000000000000000e+00
5.618499899924385931e-06,0.000000000000000000e+00
5.618999899910244965e-06,0.000000000000000000e+00
5.619499899896103999e-06,0.000000000000000000e+00
5.619999899881963034e-06,0.000000000000000000e+00
5.620499899867822068e-06,0.000000000000000000e+00
5.620999899853681102e-06,0.000000000000000000e+00
5.621499899839540136e-06,0.000000000000000000e+00
5.621999899825399171e-06,0.000000000000000000e+00
5.622499899811258205e-06,0.000000000000000000e+00
5.622999899797117239e-06,0.000000000000000000e+00
5.623499899782976273e-06,0.000000000000000000e+00
5.623999899768835308e-06,0.000000000000000000e+00
5.624499899754694342e-06,0.000000000000000000e+00
5.624999899740553376e-06,0.000000000000000000e+00
5.625499899726412411e-06,0.000000000000000000e+00
5.625999899712271445e-06,0.000000000000000000e+00
5.626499899698130479e-06,0.000000000000000000e+00
5.626999899683989513e-06,0.000000000000000000e+00
5.627499899669848548e-06,0.000000000000000000e+00
5.627999899655707582e-06,0.000000000000000000e+00
5.628499899641566616e-06,0.000000000000000000e+00
5.628999899627425650e-06,2.000000029802322388e-01
5.629499899613284685e-06,0.000000000000000000e+00
5.629999899599143719e-06,0.000000000000000000e+00
5.630499899585002753e-06,0.000000000000000000e+00
5.630999899570861787e-06,0.000000000000000000e+00
5.631499899556720822e-06,0.000000000000000000e+00
5.631999899542579856e-06,0.000000000000000000e+00
5.632499899528438890e-06,0.000000000000000000e+00
5.632999899514297925e-06,0.000000000000000000e+00
5.633499899500156959e-06,0.000000000000000000e+00
5.633999899486015993e-06,0.000000000000000000e+00
5.634499899471875027e-06,0.000000000000000000e+00
5.634999899457734062e-06,0.000000000000000000e+00
5.635499899443593096e-06,0.000000000000000000e+00
5.635999899429452130e-06,0.000000000000000000e+00
5.636499899415311164e-06,0.000000000000000000e+00
5.636999899401170199e-06,0.000000000000000000e+00
5.637499899387029233e-06,0.000000000000000000e+00
5.637999899372888267e-06,0.000000000000000000e+00
5.638499899358747301e-06,0.000000000000000000e+00
5.638999899344606336e-06,0.000000000000000000e+00
5.639499899330465370e-06,0.000000000000000000e+00
5.639999899316324404e-06,0.000000000000000000e+00
5.640499899302183439e-06,0.000000000000000000e+00
5.640999899288042473e-06,0.000000000000000000e+00
5.641499899273901507e-06,0.000000000000000000e+00
5.641999899259760541e-06,0.000000000000000000e+00
5.642499899245619576e-06,0.000000000000000000e+00
5.642999899231478610e-06,0.000000000000000000e+00
5.643499899217337644e-06,0.000000000000000000e+00
5.643999899203196678e-06,0.000000000000000000e+00
5.644499899189055713e-06,0.000000000000000000e+00
5.644999899174914747e-06,0.000000000000000000e+00
5.645499899160773781e-06,0.000000000000000000e+00
5.645999899146632816e-06,0.000000000000000000e+00
5.646499899132491850e-06,0.000000000000000000e+00
5.646999899118350884e-06,0.000000000000000000e+00
5.647499899104209918e-06,0.000000000000000000e+00
5.647999899090068953e-06,0.000000000000000000e+00
5.648499899075927987e-06,0.000000000000000000e+00
5.648999899061787021e-06,0.000000000000000000e+00
5.649499899047646055e-06,0.000000000000000000e+00
5.649999899033505090e-06,0.000000000000000000e+00
5.650499899019364124e-06,0.000000000000000000e+00
5.650999899005223158e-06,0.000000000000000000e+00
5.651499898991082192e-06,0.000000000000000000e+00
5.651999898976941227e-06,0.000000000000000000e+00
5.652499898962800261e-06,0.000000000000000000e+00
5.652999898948659295e-06,0.000000000000000000e+00
5.653499898934518330e-06,0.000000000000000000e+00
5.653999898920377364e-06,0.000000000000000000e+00
5.654499898906236398e-06,0.000000000000000000e+00
5.654999898892095432e-06,0.000000000000000000e+00
5.655499898877954467e-06,0.000000000000000000e+00
5.655999898863813501e-06,0.000000000000000000e+00
5.656499898849672535e-06,0.000000000000000000e+00
5.656999898835531569e-06,0.000000000000000000e+00
5.657499898821390604e-06,0.000000000000000000e+00
5.657999898807249638e-06,0.000000000000000000e+00
5.658499898793108672e-06,0.000000000000000000e+00
5.658999898778967706e-06,0.000000000000000000e+00
5.659499898764826741e-06,0.000000000000000000e+00
5.659999898750685775e-06,0.000000000000000000e+00
5.660499898736544809e-06,0.000000000000000000e+00
5.660999898722403844e-06,0.000000000000000000e+00
5.661499898708262878e-06,0.000000000000000000e+00
5.661999898694121912e-06,0.000000000000000000e+00
5.662499898679980946e-06,0.000000000000000000e+00
5.662999898665839981e-06,0.000000000000000000e+00
5.663499898651699015e-06,0.000000000000000000e+00
5.663999898637558049e-06,0.000000000000000000e+00
5.664499898623417083e-06,0.000000000000000000e+00
5.664999898609276118e-06,0.000000000000000000e+00
5.665499898595135152e-06,0.000000000000000000e+00
5.665999898580994186e-06,0.000000000000000000e+00
5.666499898566853221e-06,0.000000000000000000e+00
5.666999898552712255e-06,0.000000000000000000e+00
5.667499898538571289e-06,0.000000000000000000e+00
5.667999898524430323e-06,0.000000000000000000e+00
5.668499898510289358e-06,0.000000000000000000e+00
5.668999898496148392e-06,0.000000000000000000e+00
5.669499898482007426e-06,0.000000000000000000e+00
5.669999898467866460e-06,0.000000000000000000e+00
5.670499898453725495e-06,0.000000000000000000e+00
5.670999898439584529e-06,0.000000000000000000e+00
5.671499898425443563e-06,0.000000000000000000e+00
5.671999898411302597e-06,0.000000000000000000e+00
5.672499898397161632e-06,0.000000000000000000e+00
5.672999898383020666e-06,0.000000000000000000e+00
5.673499898368879700e-06,0.000000000000000000e+00
5.673999898354738735e-06,0.000000000000000000e+00
5.674499898340597769e-06,0.000000000000000000e+00
5.674999898326456803e-06,0.000000000000000000e+00
5.675499898312315837e-06,0.000000000000000000e+00
5.675999898298174872e-06,0.000000000000000000e+00
5.676499898284033906e-06,0.000000000000000000e+00
5.676999898269892940e-06,0.000000000000000000e+00
5.677499898255751974e-06,0.000000000000000000e+00
5.677999898241611009e-06,0.000000000000000000e+00
5.678499898227470043e-06,0.000000000000000000e+00
5.678999898213329077e-06,0.000000000000000000e+00
5.679499898199188111e-06,0.000000000000000000e+00
5.679999898185047146e-06,0.000000000000000000e+00
5.680499898170906180e-06,0.000000000000000000e+00
5.680999898156765214e-06,0.000000000000000000e+00
5.681499898142624249e-06,0.000000000000000000e+00
5.681999898128483283e-06,0.000000000000000000e+00
5.682499898114342317e-06,0.000000000000000000e+00
5.682999898100201351e-06,0.000000000000000000e+00
5.683499898086060386e-06,0.000000000000000000e+00
5.683999898071919420e-06,0.000000000000000000e+00
5.684499898057778454e-06,0.000000000000000000e+00
5.684999898043637488e-06,0.000000000000000000e+00
5.685499898029496523e-06,0.000000000000000000e+00
5.685999898015355557e-06,0.000000000000000000e+00
5.686499898001214591e-06,0.000000000000000000e+00
5.686999897987073626e-06,0.000000000000000000e+00
5.687499897972932660e-06,0.000000000000000000e+00
5.687999897958791694e-06,0.000000000000000000e+00
5.688499897944650728e-06,0.000000000000000000e+00
5.688999897930509763e-06,0.000000000000000000e+00
5.689499897916368797e-06,0.000000000000000000e+00
5.689999897902227831e-06,0.000000000000000000e+00
5.690499897888086865e-06,0.000000000000000000e+00
5.690999897873945900e-06,0.000000000000000000e+00
5.691499897859804934e-06,0.000000000000000000e+00
5.691999897845663968e-06,0.000000000000000000e+00
5.692499897831523002e-06,0.000000000000000000e+00
5.692999897817382037e-06,0.000000000000000000e+00
5.693499897803241071e-06,0.000000000000000000e+00
5.693999897789100105e-06,0.000000000000000000e+00
5.694499897774959140e-06,0.000000000000000000e+00
5.694999897760818174e-06,0.000000000000000000e+00
5.695499897746677208e-06,0.000000000000000000e+00
5.695999897732536242e-06,0.000000000000000000e+00
5.696499897718395277e-06,0.000000000000000000e+00
5.696999897704254311e-06,0.000000000000000000e+00
5.697499897690113345e-06,0.000000000000000000e+00
5.697999897675972379e-06,0.000000000000000000e+00
5.698499897661831414e-06,0.000000000000000000e+00
5.698999897647690448e-06,0.000000000000000000e+00
5.699499897633549482e-06,0.000000000000000000e+00
5.699999897619408516e-06,0.000000000000000000e+00
5.700499897605267551e-06,0.000000000000000000e+00
5.700999897591126585e-06,0.000000000000000000e+00
5.701499897576985619e-06,0.000000000000000000e+00
5.701999897562844654e-06,0.000000000000000000e+00
5.702499897548703688e-06,0.000000000000000000e+00
5.702999897534562722e-06,0.000000000000000000e+00
5.703499897520421756e-06,0.000000000000000000e+00
5.703999897506280791e-06,0.000000000000000000e+00
5.704499897492139825e-06,0.000000000000000000e+00
5.704999897477998859e-06,0.000000000000000000e+00
5.705499897463857893e-06,0.000000000000000000e+00
5.705999897449716928e-06,0.000000000000000000e+00
5.706499897435575962e-06,0.000000000000000000e+00
5.706999897421434996e-06,0.000000000000000000e+00
5.707499897407294031e-06,0.000000000000000000e+00
5.707999897393153065e-06,0.000000000000000000e+00
5.708499897379012099e-06,0.000000000000000000e+00
5.708999897364871133e-06,0.000000000000000000e+00
5.709499897350730168e-06,0.000000000000000000e+00
5.709999897336589202e-06,0.000000000000000000e+00
5.710499897322448236e-06,0.000000000000000000e+00
5.710999897308307270e-06,0.000000000000000000e+00
5.711499897294166305e-06,0.000000000000000000e+00
5.711999897280025339e-06,0.000000000000000000e+00
5.712499897265884373e-06,0.000000000000000000e+00
5.712999897251743407e-06,0.000000000000000000e+00
5.713499897237602442e-06,-2.000000029802322388e-01
5.713999897223461476e-06,0.000000000000000000e+00
5.714499897209320510e-06,0.000000000000000000e+00
5.714999897195179545e-06,0.000000000000000000e+00
5.715499897181038579e-06,0.000000000000000000e+00
5.715999897166897613e-06,0.000000000000000000e+00
5.716499897152756647e-06,0.000000000000000000e+00
5.716999897138615682e-06,2.000000029802322388e-01
5.717499897124474716e-06,1.200000017881393433e+00
5.717999897110333750e-06,2.600000038743019104e+00
5.718499897096192784e-06,4.200000062584877014e+00
5.718999897082051819e-06,5.000000074505805969e+00
5.719499897067910853e-06,5.000000074505805969e+00
5.719999897053769887e-06,5.000000074505805969e+00
5.720499897039628921e-06,4.800000071525573730e+00
5.720999897025487956e-06,4.800000071525573730e+00
5.721499897011346990e-06,4.800000071525573730e+00
5.721999896997206024e-06,4.800000071525573730e+00
5.722499896983065059e-06,4.600000068545341492e+00
5.722999896968924093e-06,4.800000071525573730e+00
5.723499896954783127e-06,4.800000071525573730e+00
5.723999896940642161e-06,4.800000071525573730e+00
5.724499896926501196e-06,4.800000071525573730e+00
5.724999896912360230e-06,4.800000071525573730e+00
5.725499896898219264e-06,4.600000068545341492e+00
5.725999896884078298e-06,4.600000068545341492e+00
5.726499896869937333e-06,4.600000068545341492e+00
5.726999896855796367e-06,4.400000065565109253e+00
5.727499896841655401e-06,4.400000065565109253e+00
5.727999896827514436e-06,4.400000065565109253e+00
5.728499896813373470e-06,4.200000062584877014e+00
5.728999896799232504e-06,4.200000062584877014e+00
5.729499896785091538e-06,4.200000062584877014e+00
5.729999896770950573e-06,4.000000059604644775e+00
5.730499896756809607e-06,4.000000059604644775e+00
5.730999896742668641e-06,4.000000059604644775e+00
5.731499896728527675e-06,3.800000056624412537e+00
5.731999896714386710e-06,3.800000056624412537e+00
5.732499896700245744e-06,3.600000053644180298e+00
5.732999896686104778e-06,3.600000053644180298e+00
5.733499896671963812e-06,3.400000050663948059e+00
5.733999896657822847e-06,3.400000050663948059e+00
5.734499896643681881e-06,3.200000047683715820e+00
5.734999896629540915e-06,3.200000047683715820e+00
5.735499896615399950e-06,3.000000044703483582e+00
5.735999896601258984e-06,2.800000041723251343e+00
5.736499896587118018e-06,2.800000041723251343e+00
5.736999896572977052e-06,2.600000038743019104e+00
5.737499896558836087e-06,2.400000035762786865e+00
5.737999896544695121e-06,2.400000035762786865e+00
5.738499896530554155e-06,2.200000032782554626e+00
5.738999896516413189e-06,2.200000032782554626e+00
5.739499896502272224e-06,2.000000029802322388e+00
5.739999896488131258e-06,1.800000026822090149e+00
5.740499896473990292e-06,1.800000026822090149e+00
5.740999896459849326e-06,1.600000023841857910e+00
5.741499896445708361e-06,1.400000020861625671e+00
5.741999896431567395e-06,1.200000017881393433e+00
5.742499896417426429e-06,1.000000014901161194e+00
5.742999896403285464e-06,8.000000119209289551e-01
5.743499896389144498e-06,8.000000119209289551e-01
5.743999896375003532e-06,6.000000089406967163e-01
5.744499896360862566e-06,4.000000059604644775e-01
5.744999896346721601e-06,2.000000029802322388e-01
5.745499896332580635e-06,0.000000000000000000e+00
5.745999896318439669e-06,0.000000000000000000e+00
5.746499896304298703e-06,-2.000000029802322388e-01
5.746999896290157738e-06,-4.000000059604644775e-01
5.747499896276016772e-06,-4.000000059604644775e-01
5.747999896261875806e-06,-6.000000089406967163e-01
5.748499896247734841e-06,-8.000000119209289551e-01
5.748999896233593875e-06,-1.000000014901161194e+00
5.749499896219452909e-06,-1.200000017881393433e+00
5.749999896205311943e-06,-1.200000017881393433e+00
5.750499896191170978e-06,-1.600000023841857910e+00
5.750999896177030012e-06,-1.600000023841857910e+00
5.751499896162889046e-06,-1.800000026822090149e+00
5.751999896148748080e-06,-2.000000029802322388e+00
5.752499896134607115e-06,-2.000000029802322388e+00
5.752999896120466149e-06,-2.200000032782554626e+00
5.753499896106325183e-06,-2.400000035762786865e+00
5.753999896092184217e-06,-2.400000035762786865e+00
5.754499896078043252e-06,-2.600000038743019104e+00
5.754999896063902286e-06,-2.800000041723251343e+00
5.755499896049761320e-06,-3.000000044703483582e+00
5.755999896035620355e-06,-3.000000044703483582e+00
5.756499896021479389e-06,-3.200000047683715820e+00
5.756999896007338423e-06,-3.400000050663948059e+00
5.757499895993197457e-06,-3.400000050663948059e+00
5.757999895979056492e-06,-3.400000050663948059e+00
5.758499895964915526e-06,-3.600000053644180298e+00
5.758999895950774560e-06,-3.800000056624412537e+00
5.759499895936633594e-06,-3.800000056624412537e+00
5.759999895922492629e-06,-4.000000059604644775e+00
5.760499895908351663e-06,-4.200000062584877014e+00
5.760999895894210697e-06,-4.200000062584877014e+00
5.761499895880069731e-06,-4.400000065565109253e+00
5.761999895865928766e-06,-4.400000065565109253e+00
5.762499895851787800e-06,-4.600000068545341492e+00
5.762999895837646834e-06,-4.600000068545341492e+00
5.763499895823505869e-06,-4.600000068545341492e+00
5.763999895809364903e-06,-4.600000068545341492e+00
5.764499895795223937e-06,-4.800000071525573730e+00
5.764999895781082971e-06,-4.800000071525573730e+00
5.765499895766942006e-06,-4.800000071525573730e+00
5.765999895752801040e-06,-4.800000071525573730e+00
5.766499895738660074e-06,-5.000000074505805969e+00
5.766999895724519108e-06,-5.000000074505805969e+00
5.767499895710378143e-06,-5.000000074505805969e+00
5.767999895696237177e-06,-5.200000077486038208e+00
5.768499895682096211e-06,-5.200000077486038208e+00
5.768999895667955246e-06,-5.200000077486038208e+00
5.769499895653814280e-06,-5.200000077486038208e+00
5.769999895639673314e-06,-5.200000077486038208e+00
5.770499895625532348e-06,-5.400000080466270447e+00
5.770999895611391383e-06,-5.400000080466270447e+00
5.771499895597250417e-06,-5.400000080466270447e+00
5.771999895583109451e-06,-5.200000077486038208e+00
5.772499895568968485e-06,-5.400000080466270447e+00
5.772999895554827520e-06,-5.200000077486038208e+00
5.773499895540686554e-06,-5.200000077486038208e+00
5.773999895526545588e-06,-5.200000077486038208e+00
5.774499895512404622e-06,-5.200000077486038208e+00
5.774999895498263657e-06,-5.200000077486038208e+00
5.775499895484122691e-06,-5.200000077486038208e+00
5.775999895469981725e-06,-5.200000077486038208e+00
5.776499895455840760e-06,-5.000000074505805969e+00
5.776999895441699794e-06,-5.000000074505805969e+00
5.777499895427558828e-06,-5.000000074505805969e+00
5.777999895413417862e-06,-4.800000071525573730e+00
5.778499895399276897e-06,-4.800000071525573730e+00
5.778999895385135931e-06,-4.800000071525573730e+00
5.779499895370994965e-06,-4.600000068545341492e+00
5.779999895356853999e-06,-4.600000068545341492e+00
5.780499895342713034e-06,-4.600000068545341492e+00
5.780999895328572068e-06,-4.400000065565109253e+00
5.781499895314431102e-06,-4.400000065565109253e+00
5.781999895300290136e-06,-4.200000062584877014e+00
5.782499895286149171e-06,-4.200000062584877014e+00
5.782999895272008205e-06,-4.000000059604644775e+00
5.783499895257867239e-06,-4.000000059604644775e+00
5.783999895243726274e-06,-3.800000056624412537e+00
5.784499895229585308e-06,-3.800000056624412537e+00
5.784999895215444342e-06,-3.600000053644180298e+00
5.785499895201303376e-06,-3.400000050663948059e+00
5.785999895187162411e-06,-3.400000050663948059e+00
5.786499895173021445e-06,-3.200000047683715820e+00
5.786999895158880479e-06,-3.200000047683715820e+00
5.787499895144739513e-06,-3.000000044703483582e+00
5.787999895130598548e-06,-3.000000044703483582e+00
5.788499895116457582e-06,-2.800000041723251343e+00
5.788999895102316616e-06,-2.600000038743019104e+00
5.789499895088175651e-06,-2.400000035762786865e+00
5.789999895074034685e-06,-2.200000032782554626e+00
5.790499895059893719e-06,-2.200000032782554626e+00
5.790999895045752753e-06,-2.000000029802322388e+00
5.791499895031611788e-06,-1.800000026822090149e+00
5.791999895017470822e-06,-1.600000023841857910e+00
5.792499895003329856e-06,-1.400000020861625671e+00
5.792999894989188890e-06,-1.400000020861625671e+00
5.793499894975047925e-06,-1.200000017881393433e+00
5.793999894960906959e-06,-1.000000014901161194e+00
5.794499894946765993e-06,-1.000000014901161194e+00
5.794999894932625027e-06,-8.000000119209289551e-01
5.795499894918484062e-06,-6.000000089406967163e-01
5.795999894904343096e-06,-4.000000059604644775e-01
5.796499894890202130e-06,-2.000000029802322388e-01
5.796999894876061165e-06,-2.000000029802322388e-01
5.797499894861920199e-06,0.000000000000000000e+00
5.797999894847779233e-06,2.000000029802322388e-01
5.798499894833638267e-06,4.000000059604644775e-01
5.798999894819497302e-06,6.000000089406967163e-01
5.799499894805356336e-06,6.000000089406967163e-01
5.799999894791215370e-06,8.000000119209289551e-01
5.800499894777074404e-06,1.000000014901161194e+00
5.800999894762933439e-06,1.200000017881393433e+00
5.801499894748792473e-06,1.400000020861625671e+00
5.801999894734651507e-06,1.400000020861625671e+00
5.802499894720510541e-06,1.600000023841857910e+00
5.802999894706369576e-06,1.800000026822090149e+00
5.803499894692228610e-06,2.000000029802322388e+00
5.803999894678087644e-06,2.200000032782554626e+00
5.804499894663946679e-06,2.200000032782554626e+00
5.804999894649805713e-06,2.400000035762786865e+00
5.805499894635664747e-06,2.600000038743019104e+00
5.805999894621523781e-06,2.600000038743019104e+00
5.806499894607382816e-06,2.800000041723251343e+00
5.806999894593241850e-06,2.800000041723251343e+00
5.807499894579100884e-06,3.000000044703483582e+00
5.807999894564959918e-06,3.200000047683715820e+00
5.808499894550818953e-06,3.200000047683715820e+00
5.808999894536677987e-06,3.400000050663948059e+00
5.809499894522537021e-06,3.400000050663948059e+00
5.809999894508396056e-06,3.600000053644180298e+00
5.810499894494255090e-06,3.600000053644180298e+00
5.810999894480114124e-06,3.800000056624412537e+00
5.811499894465973158e-06,3.800000056624412537e+00
5.811999894451832193e-06,4.000000059604644775e+00
5.812499894437691227e-06,4.000000059604644775e+00
5.812999894423550261e-06,4.200000062584877014e+00
5.813499894409409295e-06,4.200000062584877014e+00
5.813999894395268330e-06,4.200000062584877014e+00
5.814499894381127364e-06,4.400000065565109253e+00
5.814999894366986398e-06,4.400000065565109253e+00
5.815499894352845432e-06,4.600000068545341492e+00
5.815999894338704467e-06,4.600000068545341492e+00
5.816499894324563501e-06,4.600000068545341492e+00
5.816999894310422535e-06,4.800000071525573730e+00
5.817499894296281570e-06,4.800000071525573730e+00
5.817999894282140604e-06,4.800000071525573730e+00
5.818499894267999638e-06,4.800000071525573730e+00
5.818999894253858672e-06,5.000000074505805969e+00
5.819499894239717707e-06,5.000000074505805969e+00
5.819999894225576741e-06,5.000000074505805969e+00
5.820499894211435775e-06,5.000000074505805969e+00
5.820999894197294809e-06,5.000000074505805969e+00
5.821499894183153844e-06,5.000000074505805969e+00
5.821999894169012878e-06,5.000000074505805969e+00
5.822499894154871912e-06,5.000000074505805969e+00
5.822999894140730946e-06,4.800000071525573730e+00
5.823499894126589981e-06,4.800000071525573730e+00
5.823999894112449015e-06,5.000000074505805969e+00
5.824499894098308049e-06,4.800000071525573730e+00
5.824999894084167084e-06,4.800000071525573730e+00
5.825499894070026118e-06,4.800000071525573730e+00
5.825999894055885152e-06,4.800000071525573730e+00
5.826499894041744186e-06,4.600000068545341492e+00
5.826999894027603221e-06,4.800000071525573730e+00
5.827499894013462255e-06,4.600000068545341492e+00
5.827999893999321289e-06,4.600000068545341492e+00
5.828499893985180323e-06,4.600000068545341492e+00
5.828999893971039358e-06,4.400000065565109253e+00
5.829499893956898392e-06,4.400000065565109253e+00
5.829999893942757426e-06,4.200000062584877014e+00
5.830499893928616461e-06,4.200000062584877014e+00
5.830999893914475495e-06,4.200000062584877014e+00
5.831499893900334529e-06,4.200000062584877014e+00
5.831999893886193563e-06,4.000000059604644775e+00
5.832499893872052598e-06,3.800000056624412537e+00
5.832999893857911632e-06,3.800000056624412537e+00
5.833499893843770666e-06,3.600000053644180298e+00
5.833999893829629700e-06,3.400000050663948059e+00
5.834499893815488735e-06,3.400000050663948059e+00
5.834999893801347769e-06,3.400000050663948059e+00
5.835499893787206803e-06,3.200000047683715820e+00
5.835999893773065837e-06,3.200000047683715820e+00
5.836499893758924872e-06,3.000000044703483582e+00
5.836999893744783906e-06,3.000000044703483582e+00
5.837499893730642940e-06,2.800000041723251343e+00
5.837999893716501975e-06,2.600000038743019104e+00
5.838499893702361009e-06,2.400000035762786865e+00
5.838999893688220043e-06,2.200000032782554626e+00
5.839499893674079077e-06,2.200000032782554626e+00
5.839999893659938112e-06,2.000000029802322388e+00
5.840499893645797146e-06,1.800000026822090149e+00
5.840999893631656180e-06,1.800000026822090149e+00
5.841499893617515214e-06,1.600000023841857910e+00
5.841999893603374249e-06,1.400000020861625671e+00
5.842499893589233283e-06,1.400000020861625671e+00
5.842999893575092317e-06,1.200000017881393433e+00
5.843499893560951351e-06,1.000000014901161194e+00
5.843999893546810386e-06,8.000000119209289551e-01
5.844499893532669420e-06,6.000000089406967163e-01
5.844999893518528454e-06,4.000000059604644775e-01
5.845499893504387489e-06,2.000000029802322388e-01
5.845999893490246523e-06,2.000000029802322388e-01
5.846499893476105557e-06,0.000000000000000000e+00
5.846999893461964591e-06,-2.000000029802322388e-01
5.847499893447823626e-06,-4.000000059604644775e-01
5.847999893433682660e-06,-4.000000059604644775e-01
5.848499893419541694e-06,-6.000000089406967163e-01
5.848999893405400728e-06,-8.000000119209289551e-01
5.849499893391259763e-06,-8.000000119209289551e-01
5.849999893377118797e-06,-1.000000014901161194e+00
5.850499893362977831e-06,-1.200000017881393433e+00
5.850999893348836866e-06,-1.400000020861625671e+00
5.851499893334695900e-06,-1.600000023841857910e+00
5.851999893320554934e-06,-1.600000023841857910e+00
5.852499893306413968e-06,-1.800000026822090149e+00
5.852999893292273003e-06,-2.000000029802322388e+00
5.853499893278132037e-06,-2.000000029802322388e+00
5.853999893263991071e-06,-2.200000032782554626e+00
5.854499893249850105e-06,-2.400000035762786865e+00
5.854999893235709140e-06,-2.600000038743019104e+00
5.855499893221568174e-06,-2.600000038743019104e+00
5.855999893207427208e-06,-2.800000041723251343e+00
5.856499893193286242e-06,-3.000000044703483582e+00
5.856999893179145277e-06,-3.000000044703483582e+00
5.857499893165004311e-06,-3.200000047683715820e+00
5.857999893150863345e-06,-3.400000050663948059e+00
5.858499893136722380e-06,-3.400000050663948059e+00
5.858999893122581414e-06,-3.600000053644180298e+00
5.859499893108440448e-06,-3.800000056624412537e+00
5.859999893094299482e-06,-3.800000056624412537e+00
5.860499893080158517e-06,-4.000000059604644775e+00
5.860999893066017551e-06,-4.000000059604644775e+00
5.861499893051876585e-06,-4.000000059604644775e+00
5.861999893037735619e-06,-4.200000062584877014e+00
5.862499893023594654e-06,-4.200000062584877014e+00
5.862999893009453688e-06,-4.400000065565109253e+00
5.863499892995312722e-06,-4.400000065565109253e+00
5.863999892981171756e-06,-4.600000068545341492e+00
5.864499892967030791e-06,-4.600000068545341492e+00
5.864999892952889825e-06,-4.600000068545341492e+00
5.865499892938748859e-06,-4.800000071525573730e+00
5.865999892924607894e-06,-4.800000071525573730e+00
5.866499892910466928e-06,-4.800000071525573730e+00
5.866999892896325962e-06,-4.800000071525573730e+00
5.867499892882184996e-06,-5.000000074505805969e+00
5.867999892868044031e-06,-5.000000074505805969e+00
5.868499892853903065e-06,-5.000000074505805969e+00
5.868999892839762099e-06,-5.000000074505805969e+00
5.869499892825621133e-06,-5.000000074505805969e+00
5.869999892811480168e-06,-5.000000074505805969e+00
5.870499892797339202e-06,-5.000000074505805969e+00
5.870999892783198236e-06,-5.200000077486038208e+00
5.871499892769057271e-06,-5.000000074505805969e+00
5.871999892754916305e-06,-5.000000074505805969e+00
5.872499892740775339e-06,-5.000000074505805969e+00
5.872999892726634373e-06,-5.000000074505805969e+00
5.873499892712493408e-06,-5.000000074505805969e+00
5.873999892698352442e-06,-5.000000074505805969e+00
5.874499892684211476e-06,-5.000000074505805969e+00
5.874999892670070510e-06,-5.000000074505805969e+00
5.875499892655929545e-06,-5.000000074505805969e+00
5.875999892641788579e-06,-5.000000074505805969e+00
5.876499892627647613e-06,-4.800000071525573730e+00
5.876999892613506647e-06,-4.800000071525573730e+00
5.877499892599365682e-06,-4.800000071525573730e+00
5.877999892585224716e-06,-4.800000071525573730e+00
5.878499892571083750e-06,-4.600000068545341492e+00
5.878999892556942785e-06,-4.600000068545341492e+00
5.879499892542801819e-06,-4.600000068545341492e+00
5.879999892528660853e-06,-4.400000065565109253e+00
5.880499892514519887e-06,-4.400000065565109253e+00
5.880999892500378922e-06,-4.200000062584877014e+00
5.881499892486237956e-06,-4.200000062584877014e+00
5.881999892472096990e-06,-4.200000062584877014e+00
5.882499892457956024e-06,-4.000000059604644775e+00
5.882999892443815059e-06,-4.000000059604644775e+00
5.883499892429674093e-06,-3.800000056624412537e+00
5.883999892415533127e-06,-3.800000056624412537e+00
5.884499892401392161e-06,-3.600000053644180298e+00
5.884999892387251196e-06,-3.600000053644180298e+00
5.885499892373110230e-06,-3.400000050663948059e+00
5.885999892358969264e-06,-3.200000047683715820e+00
5.886499892344828299e-06,-3.000000044703483582e+00
5.886999892330687333e-06,-3.000000044703483582e+00
5.887499892316546367e-06,-2.800000041723251343e+00
5.887999892302405401e-06,-2.800000041723251343e+00
5.888499892288264436e-06,-2.600000038743019104e+00
5.888999892274123470e-06,-2.400000035762786865e+00
5.889499892259982504e-06,-2.200000032782554626e+00
5.889999892245841538e-06,-2.200000032782554626e+00
5.890499892231700573e-06,-2.000000029802322388e+00
5.890999892217559607e-06,-1.800000026822090149e+00
5.891499892203418641e-06,-1.600000023841857910e+00
5.891999892189277676e-06,-1.600000023841857910e+00
5.892499892175136710e-06,-1.400000020861625671e+00
5.892999892160995744e-06,-1.200000017881393433e+00
5.893499892146854778e-06,-1.000000014901161194e+00
5.893999892132713813e-06,-1.000000014901161194e+00
5.894499892118572847e-06,-8.000000119209289551e-01
5.894999892104431881e-06,-6.000000089406967163e-01
5.895499892090290915e-06,-4.000000059604644775e-01
5.895999892076149950e-06,-4.000000059604644775e-01
5.896499892062008984e-06,-2.000000029802322388e-01
5.896999892047868018e-06,0.000000000000000000e+00
5.897499892033727052e-06,2.000000029802322388e-01
5.897999892019586087e-06,2.000000029802322388e-01
5.898499892005445121e-06,4.000000059604644775e-01
5.898999891991304155e-06,6.000000089406967163e-01
5.899499891977163190e-06,8.000000119209289551e-01
5.899999891963022224e-06,1.000000014901161194e+00
5.900499891948881258e-06,1.200000017881393433e+00
5.900999891934740292e-06,1.200000017881393433e+00
5.901499891920599327e-06,1.400000020861625671e+00
5.901999891906458361e-06,1.600000023841857910e+00
5.902499891892317395e-06,1.800000026822090149e+00
5.902999891878176429e-06,2.000000029802322388e+00
5.903499891864035464e-06,2.000000029802322388e+00
5.903999891849894498e-06,2.200000032782554626e+00
5.904499891835753532e-06,2.400000035762786865e+00
5.904999891821612566e-06,2.400000035762786865e+00
5.905499891807471601e-06,2.600000038743019104e+00
5.905999891793330635e-06,2.800000041723251343e+00
5.906499891779189669e-06,2.800000041723251343e+00
5.906999891765048704e-06,3.000000044703483582e+00
5.907499891750907738e-06,3.200000047683715820e+00
5.907999891736766772e-06,3.200000047683715820e+00
5.908499891722625806e-06,3.400000050663948059e+00
5.908999891708484841e-06,3.600000053644180298e+00
5.909499891694343875e-06,3.600000053644180298e+00
5.909999891680202909e-06,3.800000056624412537e+00
5.910499891666061943e-06,3.800000056624412537e+00
5.910999891651920978e-06,4.000000059604644775e+00
5.911499891637780012e-06,4.000000059604644775e+00
5.911999891623639046e-06,4.000000059604644775e+00
5.912499891609498081e-06,4.200000062584877014e+00
5.912999891595357115e-06,4.200000062584877014e+00
5.913499891581216149e-06,4.400000065565109253e+00
5.913999891567075183e-06,4.400000065565109253e+00
5.914499891552934218e-06,4.400000065565109253e+00
5.914999891538793252e-06,4.600000068545341492e+00
5.915499891524652286e-06,4.600000068545341492e+00
5.915999891510511320e-06,4.600000068545341492e+00
5.916499891496370355e-06,4.800000071525573730e+00
5.916999891482229389e-06,4.800000071525573730e+00
5.917499891468088423e-06,4.800000071525573730e+00
5.917999891453947457e-06,5.000000074505805969e+00
5.918499891439806492e-06,5.000000074505805969e+00
5.918999891425665526e-06,5.000000074505805969e+00
5.919499891411524560e-06,5.000000074505805969e+00
5.919999891397383595e-06,5.000000074505805969e+00
5.920499891383242629e-06,5.000000074505805969e+00
5.920999891369101663e-06,5.000000074505805969e+00
5.921499891354960697e-06,5.000000074505805969e+00
5.921999891340819732e-06,5.000000074505805969e+00
5.922499891326678766e-06,5.000000074505805969e+00
5.922999891312537800e-06,5.000000074505805969e+00
5.923499891298396834e-06,5.000000074505805969e+00
5.923999891284255869e-06,5.000000074505805969e+00
5.924499891270114903e-06,5.000000074505805969e+00
5.924999891255973937e-06,5.000000074505805969e+00
5.925499891241832971e-06,4.800000071525573730e+00
5.925999891227692006e-06,4.800000071525573730e+00
5.926499891213551040e-06,4.800000071525573730e+00
5.926999891199410074e-06,4.800000071525573730e+00
5.927499891185269109e-06,4.600000068545341492e+00
5.927999891171128143e-06,4.600000068545341492e+00
5.928499891156987177e-06,4.600000068545341492e+00
5.928999891142846211e-06,4.600000068545341492e+00
5.929499891128705246e-06,4.400000065565109253e+00
5.929999891114564280e-06,4.400000065565109253e+00
5.930499891100423314e-06,4.200000062584877014e+00
5.930999891086282348e-06,4.200000062584877014e+00
5.931499891072141383e-06,4.200000062584877014e+00
5.931999891058000417e-06,4.000000059604644775e+00
5.932499891043859451e-06,4.000000059604644775e+00
5.932999891029718486e-06,3.800000056624412537e+00
5.933499891015577520e-06,3.800000056624412537e+00
5.933999891001436554e-06,3.600000053644180298e+00
5.934499890987295588e-06,3.400000050663948059e+00
5.934999890973154623e-06,3.400000050663948059e+00
5.935499890959013657e-06,3.200000047683715820e+00
5.935999890944872691e-06,3.200000047683715820e+00
5.936499890930731725e-06,3.000000044703483582e+00
5.936999890916590760e-06,3.000000044703483582e+00
5.937499890902449794e-06,2.800000041723251343e+00
5.937999890888308828e-06,2.600000038743019104e+00
5.938499890874167862e-06,2.600000038743019104e+00
5.938999890860026897e-06,2.400000035762786865e+00
5.939499890845885931e-06,2.200000032782554626e+00
5.939999890831744965e-06,2.000000029802322388e+00
5.940499890817604000e-06,2.000000029802322388e+00
5.940999890803463034e-06,1.800000026822090149e+00
5.941499890789322068e-06,1.600000023841857910e+00
5.941999890775181102e-06,1.400000020861625671e+00
5.942499890761040137e-06,1.400000020861625671e+00
5.942999890746899171e-06,1.200000017881393433e+00
5.943499890732758205e-06,1.000000014901161194e+00
5.943999890718617239e-06,8.000000119209289551e-01
5.944499890704476274e-06,8.000000119209289551e-01
5.944999890690335308e-06,6.000000089406967163e-01
5.945499890676194342e-06,4.000000059604644775e-01
5.945999890662053376e-06,2.000000029802322388e-01
5.946499890647912411e-06,2.000000029802322388e-01
5.946999890633771445e-06,-2.000000029802322388e-01
5.947499890619630479e-06,-2.000000029802322388e-01
5.947999890605489514e-06,-4.000000059604644775e-01
5.948499890591348548e-06,-6.000000089406967163e-01
5.948999890577207582e-06,-6.000000089406967163e-01
5.949499890563066616e-06,-8.000000119209289551e-01
5.949999890548925651e-06,-1.000000014901161194e+00
5.950499890534784685e-06,-1.200000017881393433e+00
5.950999890520643719e-06,-1.400000020861625671e+00
5.951499890506502753e-06,-1.400000020861625671e+00
5.951999890492361788e-06,-1.600000023841857910e+00
5.952499890478220822e-06,-1.800000026822090149e+00
5.952999890464079856e-06,-2.000000029802322388e+00
5.953499890449938891e-06,-2.200000032782554626e+00
5.953999890435797925e-06,-2.200000032782554626e+00
5.954499890421656959e-06,-2.400000035762786865e+00
5.954999890407515993e-06,-2.600000038743019104e+00
5.955499890393375028e-06,-2.600000038743019104e+00
5.955999890379234062e-06,-2.800000041723251343e+00
5.956499890365093096e-06,-2.800000041723251343e+00
5.956999890350952130e-06,-3.000000044703483582e+00
5.957499890336811165e-06,-3.000000044703483582e+00
5.957999890322670199e-06,-3.200000047683715820e+00
5.958499890308529233e-06,-3.400000050663948059e+00
5.958999890294388267e-06,-3.600000053644180298e+00
5.959499890280247302e-06,-3.600000053644180298e+00
5.959999890266106336e-06,-3.800000056624412537e+00
5.960499890251965370e-06,-3.800000056624412537e+00
5.960999890237824405e-06,-4.000000059604644775e+00
5.961499890223683439e-06,-4.000000059604644775e+00
5.961999890209542473e-06,-4.000000059604644775e+00
5.962499890195401507e-06,-4.200000062584877014e+00
5.962999890181260542e-06,-4.200000062584877014e+00
5.963499890167119576e-06,-4.400000065565109253e+00
5.963999890152978610e-06,-4.400000065565109253e+00
5.964499890138837644e-06,-4.600000068545341492e+00
5.964999890124696679e-06,-4.600000068545341492e+00
5.965499890110555713e-06,-4.600000068545341492e+00
5.965999890096414747e-06,-4.800000071525573730e+00
5.966499890082273781e-06,-4.800000071525573730e+00
5.966999890068132816e-06,-5.000000074505805969e+00
5.967499890053991850e-06,-5.000000074505805969e+00
5.967999890039850884e-06,-5.000000074505805969e+00
5.968499890025709919e-06,-5.000000074505805969e+00
5.968999890011568953e-06,-5.000000074505805969e+00
5.969499889997427987e-06,-5.000000074505805969e+00
5.969999889983287021e-06,-5.000000074505805969e+00
5.970499889969146056e-06,-5.000000074505805969e+00
5.970999889955005090e-06,-5.000000074505805969e+00
5.971499889940864124e-06,-5.200000077486038208e+00
5.971999889926723158e-06,-5.000000074505805969e+00
5.972499889912582193e-06,-5.000000074505805969e+00
5.972999889898441227e-06,-5.000000074505805969e+00
5.973499889884300261e-06,-5.000000074505805969e+00
5.973999889870159296e-06,-5.000000074505805969e+00
5.974499889856018330e-06,-5.000000074505805969e+00
5.974999889841877364e-06,-5.000000074505805969e+00
5.975499889827736398e-06,-5.000000074505805969e+00
5.975999889813595433e-06,-4.800000071525573730e+00
5.976499889799454467e-06,-4.800000071525573730e+00
5.976999889785313501e-06,-4.800000071525573730e+00
5.977499889771172535e-06,-4.400000065565109253e+00
5.977999889757031570e-06,-3.200000047683715820e+00
5.978499889742890604e-06,-1.400000020861625671e+00
5.978999889728749638e-06,2.000000029802322388e-01
5.979499889714608672e-06,8.000000119209289551e-01
5.979999889700467707e-06,8.000000119209289551e-01
5.980499889686326741e-06,6.000000089406967163e-01
5.980999889672185775e-06,4.000000059604644775e-01
5.981499889658044810e-06,4.000000059604644775e-01
5.981999889643903844e-06,4.000000059604644775e-01
5.982499889629762878e-06,4.000000059604644775e-01
5.982999889615621912e-06,4.000000059604644775e-01
5.983499889601480947e-06,4.000000059604644775e-01
5.983999889587339981e-06,4.000000059604644775e-01
5.984499889573199015e-06,4.000000059604644775e-01
5.984999889559058049e-06,4.000000059604644775e-01
5.985499889544917084e-06,4.000000059604644775e-01
5.985999889530776118e-06,4.000000059604644775e-01
5.986499889516635152e-06,4.000000059604644775e-01
5.986999889502494186e-06,4.000000059604644775e-01
5.987499889488353221e-06,4.000000059604644775e-01
5.987999889474212255e-06,4.000000059604644775e-01
5.988499889460071289e-06,4.000000059604644775e-01
5.988999889445930324e-06,4.000000059604644775e-01
5.989499889431789358e-06,4.000000059604644775e-01
5.989999889417648392e-06,4.000000059604644775e-01
5.990499889403507426e-06,4.000000059604644775e-01
5.990999889389366461e-06,4.000000059604644775e-01
5.991499889375225495e-06,2.000000029802322388e-01
5.991999889361084529e-06,4.000000059604644775e-01
5.992499889346943563e-06,4.000000059604644775e-01
5.992999889332802598e-06,4.000000059604644775e-01
5.993499889318661632e-06,2.000000029802322388e-01
5.993999889304520666e-06,2.000000029802322388e-01
5.994499889290379701e-06,4.000000059604644775e-01
5.994999889276238735e-06,2.000000029802322388e-01
5.995499889262097769e-06,2.000000029802322388e-01
5.995999889247956803e-06,2.000000029802322388e-01
5.996499889233815838e-06,4.000000059604644775e-01
5.996999889219674872e-06,2.000000029802322388e-01
5.997499889205533906e-06,2.000000029802322388e-01
5.997999889191392940e-06,2.000000029802322388e-01
5.998499889177251975e-06,2.000000029802322388e-01
5.998999889163111009e-06,2.000000029802322388e-01
5.999499889148970043e-06,2.000000029802322388e-01
5.999999889134829077e-06,2.000000029802322388e-01
6.000499889120688112e-06,2.000000029802322388e-01
6.000999889106547146e-06,2.000000029802322388e-01
6.001499889092406180e-06,2.000000029802322388e-01
6.001999889078265215e-06,2.000000029802322388e-01
6.002499889064124249e-06,2.000000029802322388e-01
6.002999889049983283e-06,2.000000029802322388e-01
6.003499889035842317e-06,2.000000029802322388e-01
6.003999889021701352e-06,2.000000029802322388e-01
6.004499889007560386e-06,4.000000059604644775e-01
6.004999888993419420e-06,2.000000029802322388e-01
6.005499888979278454e-06,2.000000029802322388e-01
6.005999888965137489e-06,2.000000029802322388e-01
6.006499888950996523e-06,2.000000029802322388e-01
6.006999888936855557e-06,2.000000029802322388e-01
6.007499888922714591e-06,2.000000029802322388e-01
6.007999888908573626e-06,2.000000029802322388e-01
6.008499888894432660e-06,2.000000029802322388e-01
6.008999888880291694e-06,2.000000029802322388e-01
6.009499888866150729e-06,2.000000029802322388e-01
6.009999888852009763e-06,2.000000029802322388e-01
6.010499888837868797e-06,2.000000029802322388e-01
6.010999888823727831e-06,2.000000029802322388e-01
6.011499888809586866e-06,2.000000029802322388e-01
6.011999888795445900e-06,2.000000029802322388e-01
6.012499888781304934e-06,2.000000029802322388e-01
6.012999888767163968e-06,2.000000029802322388e-01
6.013499888753023003e-06,2.000000029802322388e-01
6.013999888738882037e-06,2.000000029802322388e-01
6.014499888724741071e-06,2.000000029802322388e-01
6.014999888710600106e-06,2.000000029802322388e-01
6.015499888696459140e-06,2.000000029802322388e-01
6.015999888682318174e-06,2.000000029802322388e-01
6.016499888668177208e-06,2.000000029802322388e-01
6.016999888654036243e-06,2.000000029802322388e-01
6.017499888639895277e-06,2.000000029802322388e-01
6.017999888625754311e-06,2.000000029802322388e-01
6.018499888611613345e-06,2.000000029802322388e-01
6.018999888597472380e-06,2.000000029802322388e-01
6.019499888583331414e-06,2.000000029802322388e-01
6.019999888569190448e-06,2.000000029802322388e-01
6.020499888555049482e-06,2.000000029802322388e-01
6.020999888540908517e-06,2.000000029802322388e-01
6.021499888526767551e-06,2.000000029802322388e-01
6.021999888512626585e-06,2.000000029802322388e-01
6.022499888498485620e-06,2.000000029802322388e-01
6.022999888484344654e-06,2.000000029802322388e-01
6.023499888470203688e-06,2.000000029802322388e-01
6.023999888456062722e-06,2.000000029802322388e-01
6.024499888441921757e-06,2.000000029802322388e-01
6.024999888427780791e-06,2.000000029802322388e-01
6.025499888413639825e-06,2.000000029802322388e-01
6.025999888399498859e-06,2.000000029802322388e-01
6.026499888385357894e-06,2.000000029802322388e-01
6.026999888371216928e-06,2.000000029802322388e-01
6.027499888357075962e-06,2.000000029802322388e-01
6.027999888342934996e-06,2.000000029802322388e-01
6.028499888328794031e-06,2.000000029802322388e-01
6.028999888314653065e-06,2.000000029802322388e-01
6.029499888300512099e-06,2.000000029802322388e-01
6.029999888286371134e-06,2.000000029802322388e-01
6.030499888272230168e-06,2.000000029802322388e-01
6.030999888258089202e-06,2.000000029802322388e-01
6.031499888243948236e-06,2.000000029802322388e-01
6.031999888229807271e-06,2.000000029802322388e-01
6.032499888215666305e-06,2.000000029802322388e-01
6.032999888201525339e-06,2.000000029802322388e-01
6.033499888187384373e-06,2.000000029802322388e-01
6.033999888173243408e-06,2.000000029802322388e-01
6.034499888159102442e-06,2.000000029802322388e-01
6.034999888144961476e-06,2.000000029802322388e-01
6.035499888130820511e-06,2.000000029802322388e-01
6.035999888116679545e-06,2.000000029802322388e-01
6.036499888102538579e-06,2.000000029802322388e-01
6.036999888088397613e-06,2.000000029802322388e-01
6.037499888074256648e-06,2.000000029802322388e-01
6.037999888060115682e-06,2.000000029802322388e-01
6.038499888045974716e-06,2.000000029802322388e-01
6.038999888031833750e-06,2.000000029802322388e-01
6.039499888017692785e-06,2.000000029802322388e-01
6.039999888003551819e-06,2.000000029802322388e-01
6.040499887989410853e-06,2.000000029802322388e-01
6.040999887975269887e-06,0.000000000000000000e+00
6.041499887961128922e-06,2.000000029802322388e-01
6.041999887946987956e-06,2.000000029802322388e-01
6.042499887932846990e-06,2.000000029802322388e-01
6.042999887918706025e-06,2.000000029802322388e-01
6.043499887904565059e-06,2.000000029802322388e-01
6.043999887890424093e-06,2.000000029802322388e-01
6.044499887876283127e-06,2.000000029802322388e-01
6.044999887862142162e-06,2.000000029802322388e-01
6.045499887848001196e-06,2.000000029802322388e-01
6.045999887833860230e-06,2.000000029802322388e-01
6.046499887819719264e-06,2.000000029802322388e-01
6.046999887805578299e-06,2.000000029802322388e-01
6.047499887791437333e-06,2.000000029802322388e-01
6.047999887777296367e-06,2.000000029802322388e-01
6.048499887763155401e-06,2.000000029802322388e-01
6.048999887749014436e-06,2.000000029802322388e-01
6.049499887734873470e-06,2.000000029802322388e-01
6.049999887720732504e-06,0.000000000000000000e+00
6.050499887706591539e-06,0.000000000000000000e+00
6.050999887692450573e-06,0.000000000000000000e+00
6.051499887678309607e-06,0.000000000000000000e+00
6.051999887664168641e-06,2.000000029802322388e-01
6.052499887650027676e-06,2.000000029802322388e-01
6.052999887635886710e-06,2.000000029802322388e-01
6.053499887621745744e-06,2.000000029802322388e-01
6.053999887607604778e-06,2.000000029802322388e-01
6.054499887593463813e-06,2.000000029802322388e-01
6.054999887579322847e-06,2.000000029802322388e-01
6.055499887565181881e-06,2.000000029802322388e-01
6.055999887551040916e-06,2.000000029802322388e-01
6.056499887536899950e-06,2.000000029802322388e-01
6.056999887522758984e-06,2.000000029802322388e-01
6.057499887508618018e-06,2.000000029802322388e-01
6.057999887494477053e-06,2.000000029802322388e-01
6.058499887480336087e-06,2.000000029802322388e-01
6.058999887466195121e-06,2.000000029802322388e-01
6.059499887452054155e-06,2.000000029802322388e-01
6.059999887437913190e-06,2.000000029802322388e-01
6.060499887423772224e-06,2.000000029802322388e-01
6.060999887409631258e-06,2.000000029802322388e-01
6.061499887395490292e-06,2.000000029802322388e-01
6.061999887381349327e-06,0.000000000000000000e+00
6.062499887367208361e-06,0.000000000000000000e+00
6.062999887353067395e-06,0.000000000000000000e+00
6.063499887338926430e-06,0.000000000000000000e+00
6.063999887324785464e-06,0.000000000000000000e+00
6.064499887310644498e-06,2.000000029802322388e-01
6.064999887296503532e-06,0.000000000000000000e+00
6.065499887282362567e-06,0.000000000000000000e+00
6.065999887268221601e-06,0.000000000000000000e+00
6.066499887254080635e-06,2.000000029802322388e-01
6.066999887239939669e-06,0.000000000000000000e+00
6.067499887225798704e-06,2.000000029802322388e-01
6.067999887211657738e-06,0.000000000000000000e+00
6.068499887197516772e-06,0.000000000000000000e+00
6.068999887183375806e-06,0.000000000000000000e+00
6.069499887169234841e-06,2.000000029802322388e-01
6.069999887155093875e-06,2.000000029802322388e-01
6.070499887140952909e-06,2.000000029802322388e-01
6.070999887126811944e-06,0.000000000000000000e+00
6.071499887112670978e-06,0.000000000000000000e+00
6.071999887098530012e-06,0.000000000000000000e+00
6.072499887084389046e-06,2.000000029802322388e-01
6.072999887070248081e-06,2.000000029802322388e-01
6.073499887056107115e-06,2.000000029802322388e-01
6.073999887041966149e-06,2.000000029802322388e-01
6.074499887027825183e-06,2.000000029802322388e-01
6.074999887013684218e-06,0.000000000000000000e+00
6.075499886999543252e-06,2.000000029802322388e-01
6.075999886985402286e-06,2.000000029802322388e-01
6.076499886971261321e-06,2.000000029802322388e-01
6.076999886957120355e-06,2.000000029802322388e-01
6.077499886942979389e-06,2.000000029802322388e-01
6.077999886928838423e-06,2.000000029802322388e-01
6.078499886914697458e-06,0.000000000000000000e+00
6.078999886900556492e-06,0.000000000000000000e+00
6.079499886886415526e-06,0.000000000000000000e+00
6.079999886872274560e-06,2.000000029802322388e-01
6.080499886858133595e-06,2.000000029802322388e-01
6.080999886843992629e-06,0.000000000000000000e+00
6.081499886829851663e-06,0.000000000000000000e+00
6.081999886815710697e-06,0.000000000000000000e+00
6.082499886801569732e-06,2.000000029802322388e-01
6.082999886787428766e-06,2.000000029802322388e-01
6.083499886773287800e-06,0.000000000000000000e+00
6.083999886759146835e-06,2.000000029802322388e-01
6.084499886745005869e-06,0.000000000000000000e+00
6.084999886730864903e-06,2.000000029802322388e-01
6.085499886716723937e-06,2.000000029802322388e-01
6.085999886702582972e-06,0.000000000000000000e+00
6.086499886688442006e-06,2.000000029802322388e-01
6.086999886674301040e-06,0.000000000000000000e+00
6.087499886660160074e-06,2.000000029802322388e-01
6.087999886646019109e-06,2.000000029802322388e-01
6.088499886631878143e-06,2.000000029802322388e-01
6.088999886617737177e-06,0.000000000000000000e+00
6.089499886603596211e-06,0.000000000000000000e+00
6.089999886589455246e-06,0.000000000000000000e+00
6.090499886575314280e-06,2.000000029802322388e-01
6.090999886561173314e-06,0.000000000000000000e+00
6.091499886547032349e-06,0.000000000000000000e+00
6.091999886532891383e-06,0.000000000000000000e+00
6.092499886518750417e-06,0.000000000000000000e+00
6.092999886504609451e-06,0.000000000000000000e+00
6.093499886490468486e-06,0.000000000000000000e+00
6.093999886476327520e-06,0.000000000000000000e+00
6.094499886462186554e-06,0.000000000000000000e+00
6.094999886448045588e-06,0.000000000000000000e+00
6.095499886433904623e-06,0.000000000000000000e+00
6.095999886419763657e-06,0.000000000000000000e+00
6.096499886405622691e-06,0.000000000000000000e+00
6.096999886391481726e-06,0.000000000000000000e+00
6.097499886377340760e-06,0.000000000000000000e+00
6.097999886363199794e-06,0.000000000000000000e+00
6.098499886349058828e-06,2.000000029802322388e-01
6.098999886334917863e-06,0.000000000000000000e+00
6.099499886320776897e-06,0.000000000000000000e+00
6.099999886306635931e-06,2.000000029802322388e-01
6.100499886292494965e-06,2.000000029802322388e-01
6.100999886278354000e-06,0.000000000000000000e+00
6.101499886264213034e-06,0.000000000000000000e+00
6.101999886250072068e-06,0.000000000000000000e+00
6.102499886235931102e-06,0.000000000000000000e+00
6.102999886221790137e-06,2.000000029802322388e-01
6.103499886207649171e-06,0.000000000000000000e+00
6.103999886193508205e-06,0.000000000000000000e+00
6.104499886179367240e-06,0.000000000000000000e+00
6.104999886165226274e-06,0.000000000000000000e+00
6.105499886151085308e-06,0.000000000000000000e+00
6.105999886136944342e-06,0.000000000000000000e+00
6.106499886122803377e-06,0.000000000000000000e+00
6.106999886108662411e-06,0.000000000000000000e+00
6.107499886094521445e-06,0.000000000000000000e+00
6.107999886080380479e-06,0.000000000000000000e+00
6.108499886066239514e-06,0.000000000000000000e+00
6.108999886052098548e-06,0.000000000000000000e+00
6.109499886037957582e-06,0.000000000000000000e+00
6.109999886023816616e-06,0.000000000000000000e+00
6.110499886009675651e-06,0.000000000000000000e+00
6.110999885995534685e-06,0.000000000000000000e+00
6.111499885981393719e-06,0.000000000000000000e+00
6.111999885967252754e-06,0.000000000000000000e+00
6.112499885953111788e-06,0.000000000000000000e+00
6.112999885938970822e-06,0.000000000000000000e+00
6.113499885924829856e-06,0.000000000000000000e+00
6.113999885910688891e-06,0.000000000000000000e+00
6.114499885896547925e-06,2.000000029802322388e-01
6.114999885882406959e-06,0.000000000000000000e+00
6.115499885868265993e-06,2.000000029802322388e-01
6.115999885854125028e-06,0.000000000000000000e+00
6.116499885839984062e-06,2.000000029802322388e-01
6.116999885825843096e-06,0.000000000000000000e+00
6.117499885811702131e-06,0.000000000000000000e+00
6.117999885797561165e-06,0.000000000000000000e+00
6.118499885783420199e-06,0.000000000000000000e+00
6.118999885769279233e-06,0.000000000000000000e+00
6.119499885755138268e-06,0.000000000000000000e+00
6.119999885740997302e-06,0.000000000000000000e+00
6.120499885726856336e-06,0.000000000000000000e+00
6.120999885712715370e-06,0.000000000000000000e+00
6.121499885698574405e-06,0.000000000000000000e+00
6.121999885684433439e-06,0.000000000000000000e+00
6.122499885670292473e-06,0.000000000000000000e+00
6.122999885656151507e-06,0.000000000000000000e+00
6.123499885642010542e-06,0.000000000000000000e+00
6.123999885627869576e-06,0.000000000000000000e+00
6.124499885613728610e-06,2.000000029802322388e-01
6.124999885599587645e-06,2.000000029802322388e-01
6.125499885585446679e-06,0.000000000000000000e+00
6.125999885571305713e-06,0.000000000000000000e+00
6.126499885557164747e-06,0.000000000000000000e+00
6.126999885543023782e-06,0.000000000000000000e+00
6.127499885528882816e-06,0.000000000000000000e+00
6.127999885514741850e-06,0.000000000000000000e+00
6.128499885500600884e-06,0.000000000000000000e+00
6.128999885486459919e-06,0.000000000000000000e+00
6.129499885472318953e-06,0.000000000000000000e+00
6.129999885458177987e-06,0.000000000000000000e+00
6.130499885444037021e-06,0.000000000000000000e+00
6.130999885429896056e-06,0.000000000000000000e+00
6.131499885415755090e-06,0.000000000000000000e+00
6.131999885401614124e-06,0.000000000000000000e+00
6.132499885387473159e-06,0.000000000000000000e+00
6.132999885373332193e-06,0.000000000000000000e+00
6.133499885359191227e-06,0.000000000000000000e+00
6.133999885345050261e-06,0.000000000000000000e+00
6.134499885330909296e-06,0.000000000000000000e+00
6.134999885316768330e-06,0.000000000000000000e+00
6.135499885302627364e-06,0.000000000000000000e+00
6.135999885288486398e-06,0.000000000000000000e+00
6.136499885274345433e-06,0.000000000000000000e+00
6.136999885260204467e-06,0.000000000000000000e+00
6.137499885246063501e-06,0.000000000000000000e+00
6.137999885231922536e-06,0.000000000000000000e+00
6.138499885217781570e-06,0.000000000000000000e+00
6.138999885203640604e-06,0.000000000000000000e+00
6.139499885189499638e-06,0.000000000000000000e+00
6.139999885175358673e-06,0.000000000000000000e+00
6.140499885161217707e-06,0.000000000000000000e+00
6.140999885147076741e-06,0.000000000000000000e+00
6.141499885132935775e-06,0.000000000000000000e+00
6.141999885118794810e-06,0.000000000000000000e+00
6.142499885104653844e-06,0.000000000000000000e+00
6.142999885090512878e-06,0.000000000000000000e+00
6.143499885076371912e-06,0.000000000000000000e+00
6.143999885062230947e-06,0.000000000000000000e+00
6.144499885048089981e-06,0.000000000000000000e+00
6.144999885033949015e-06,0.000000000000000000e+00
6.145499885019808050e-06,0.000000000000000000e+00
6.145999885005667084e-06,0.000000000000000000e+00
6.146499884991526118e-06,0.000000000000000000e+00
6.146999884977385152e-06,0.000000000000000000e+00
6.147499884963244187e-06,0.000000000000000000e+00
6.147999884949103221e-06,0.000000000000000000e+00
6.148499884934962255e-06,0.000000000000000000e+00
6.148999884920821289e-06,0.000000000000000000e+00
6.149499884906680324e-06,0.000000000000000000e+00
6.149999884892539358e-06,0.000000000000000000e+00
6.150499884878398392e-06,0.000000000000000000e+00
6.150999884864257426e-06,0.000000000000000000e+00
6.151499884850116461e-06,0.000000000000000000e+00
6.151999884835975495e-06,0.000000000000000000e+00
6.152499884821834529e-06,0.000000000000000000e+00
6.152999884807693564e-06,0.000000000000000000e+00
6.153499884793552598e-06,0.000000000000000000e+00
6.153999884779411632e-06,0.000000000000000000e+00
6.154499884765270666e-06,0.000000000000000000e+00
6.154999884751129701e-06,0.000000000000000000e+00
6.155499884736988735e-06,0.000000000000000000e+00
6.155999884722847769e-06,0.000000000000000000e+00
6.156499884708706803e-06,0.000000000000000000e+00
6.156999884694565838e-06,0.000000000000000000e+00
6.157499884680424872e-06,0.000000000000000000e+00
6.157999884666283906e-06,0.000000000000000000e+00
6.158499884652142941e-06,0.000000000000000000e+00
6.158999884638001975e-06,0.000000000000000000e+00
6.159499884623861009e-06,0.000000000000000000e+00
6.159999884609720043e-06,0.000000000000000000e+00
6.160499884595579078e-06,0.000000000000000000e+00
6.160999884581438112e-06,0.000000000000000000e+00
6.161499884567297146e-06,0.000000000000000000e+00
6.161999884553156180e-06,0.000000000000000000e+00
6.162499884539015215e-06,0.000000000000000000e+00
6.162999884524874249e-06,0.000000000000000000e+00
6.163499884510733283e-06,-2.000000029802322388e-01
6.163999884496592317e-06,0.000000000000000000e+00
6.164499884482451352e-06,0.000000000000000000e+00
6.164999884468310386e-06,0.000000000000000000e+00
6.165499884454169420e-06,0.000000000000000000e+00
6.165999884440028455e-06,0.000000000000000000e+00
6.166499884425887489e-06,0.000000000000000000e+00
6.166999884411746523e-06,0.000000000000000000e+00
6.167499884397605557e-06,0.000000000000000000e+00
6.167999884383464592e-06,0.000000000000000000e+00
6.168499884369323626e-06,0.000000000000000000e+00
6.168999884355182660e-06,0.000000000000000000e+00
6.169499884341041694e-06,0.000000000000000000e+00
6.169999884326900729e-06,0.000000000000000000e+00
6.170499884312759763e-06,0.000000000000000000e+00
6.170999884298618797e-06,0.000000000000000000e+00
6.171499884284477831e-06,0.000000000000000000e+00
6.171999884270336866e-06,-2.000000029802322388e-01
6.172499884256195900e-06,0.000000000000000000e+00
6.172999884242054934e-06,0.000000000000000000e+00
6.173499884227913969e-06,0.000000000000000000e+00
6.173999884213773003e-06,0.000000000000000000e+00
6.174499884199632037e-06,0.000000000000000000e+00
6.174999884185491071e-06,0.000000000000000000e+00
6.175499884171350106e-06,0.000000000000000000e+00
6.175999884157209140e-06,0.000000000000000000e+00
6.176499884143068174e-06,0.000000000000000000e+00
6.176999884128927208e-06,0.000000000000000000e+00
6.177499884114786243e-06,0.000000000000000000e+00
6.177999884100645277e-06,0.000000000000000000e+00
6.178499884086504311e-06,0.000000000000000000e+00
6.178999884072363346e-06,0.000000000000000000e+00
6.179499884058222380e-06,0.000000000000000000e+00
6.179999884044081414e-06,0.000000000000000000e+00
6.180499884029940448e-06,0.000000000000000000e+00
6.180999884015799483e-06,0.000000000000000000e+00
6.181499884001658517e-06,0.000000000000000000e+00
6.181999883987517551e-06,0.000000000000000000e+00
6.182499883973376585e-06,0.000000000000000000e+00
6.182999883959235620e-06,0.000000000000000000e+00
6.183499883945094654e-06,0.000000000000000000e+00
6.183999883930953688e-06,0.000000000000000000e+00
6.184499883916812722e-06,0.000000000000000000e+00
6.184999883902671757e-06,0.000000000000000000e+00
6.185499883888530791e-06,0.000000000000000000e+00
6.185999883874389825e-06,0.000000000000000000e+00
6.186499883860248860e-06,0.000000000000000000e+00
6.186999883846107894e-06,0.000000000000000000e+00
6.187499883831966928e-06,0.000000000000000000e+00
6.187999883817825962e-06,0.000000000000000000e+00
6.188499883803684997e-06,0.000000000000000000e+00
6.188999883789544031e-06,0.000000000000000000e+00
6.189499883775403065e-06,0.000000000000000000e+00
6.189999883761262099e-06,0.000000000000000000e+00
6.190499883747121134e-06,0.000000000000000000e+00
6.190999883732980168e-06,0.000000000000000000e+00
6.191499883718839202e-06,0.000000000000000000e+00
6.191999883704698236e-06,0.000000000000000000e+00
6.192499883690557271e-06,0.000000000000000000e+00
6.192999883676416305e-06,0.000000000000000000e+00
6.193499883662275339e-06,0.000000000000000000e+00
6.193999883648134374e-06,0.000000000000000000e+00
6.194499883633993408e-06,0.000000000000000000e+00
6.194999883619852442e-06,-2.000000029802322388e-01
6.195499883605711476e-06,0.000000000000000000e+00
6.195999883591570511e-06,0.000000000000000000e+00
6.196499883577429545e-06,0.000000000000000000e+00
6.196999883563288579e-06,0.000000000000000000e+00
6.197499883549147613e-06,0.000000000000000000e+00
6.197999883535006648e-06,0.000000000000000000e+00
6.198499883520865682e-06,0.000000000000000000e+00
6.198999883506724716e-06,0.000000000000000000e+00
6.199499883492583751e-06,0.000000000000000000e+00
6.199999883478442785e-06,0.000000000000000000e+00
6.200499883464301819e-06,0.000000000000000000e+00
6.200999883450160853e-06,0.000000000000000000e+00
6.201499883436019888e-06,0.000000000000000000e+00
6.201999883421878922e-06,0.000000000000000000e+00
6.202499883407737956e-06,0.000000000000000000e+00
6.202999883393596990e-06,0.000000000000000000e+00
6.203499883379456025e-06,0.000000000000000000e+00
6.203999883365315059e-06,0.000000000000000000e+00
6.204499883351174093e-06,0.000000000000000000e+00
6.204999883337033127e-06,0.000000000000000000e+00
6.205499883322892162e-06,0.000000000000000000e+00
6.205999883308751196e-06,0.000000000000000000e+00
6.206499883294610230e-06,0.000000000000000000e+00
6.206999883280469265e-06,0.000000000000000000e+00
6.207499883266328299e-06,0.000000000000000000e+00
6.207999883252187333e-06,0.000000000000000000e+00
6.208499883238046367e-06,0.000000000000000000e+00
6.208999883223905402e-06,0.000000000000000000e+00
6.209499883209764436e-06,0.000000000000000000e+00
6.209999883195623470e-06,0.000000000000000000e+00
6.210499883181482504e-06,0.000000000000000000e+00
6.210999883167341539e-06,0.000000000000000000e+00
6.211499883153200573e-06,0.000000000000000000e+00
6.211999883139059607e-06,0.000000000000000000e+00
6.212499883124918641e-06,0.000000000000000000e+00
6.212999883110777676e-06,0.000000000000000000e+00
6.213499883096636710e-06,0.000000000000000000e+00
6.213999883082495744e-06,0.000000000000000000e+00
6.214499883068354779e-06,0.000000000000000000e+00
6.214999883054213813e-06,2.000000029802322388e-01
6.215499883040072847e-06,1.000000014901161194e+00
6.215999883025931881e-06,2.400000035762786865e+00
6.216499883011790916e-06,3.800000056624412537e+00
6.216999882997649950e-06,4.600000068545341492e+00
6.217499882983508984e-06,4.800000071525573730e+00
6.217999882969368018e-06,4.600000068545341492e+00
6.218499882955227053e-06,4.600000068545341492e+00
6.218999882941086087e-06,4.600000068545341492e+00
6.219499882926945121e-06,4.600000068545341492e+00
6.219999882912804156e-06,4.600000068545341492e+00
6.220499882898663190e-06,4.600000068545341492e+00
6.220999882884522224e-06,4.600000068545341492e+00
6.221499882870381258e-06,4.600000068545341492e+00
6.221999882856240293e-06,4.600000068545341492e+00
6.222499882842099327e-06,4.800000071525573730e+00
6.222999882827958361e-06,4.800000071525573730e+00
6.223499882813817395e-06,4.600000068545341492e+00
6.223999882799676430e-06,4.600000068545341492e+00
6.224499882785535464e-06,4.600000068545341492e+00
6.224999882771394498e-06,4.600000068545341492e+00
6.225499882757253532e-06,4.600000068545341492e+00
6.225999882743112567e-06,4.600000068545341492e+00
6.226499882728971601e-06,4.400000065565109253e+00
6.226999882714830635e-06,4.400000065565109253e+00
6.227499882700689670e-06,4.400000065565109253e+00
6.227999882686548704e-06,4.200000062584877014e+00
6.228499882672407738e-06,4.200000062584877014e+00
6.228999882658266772e-06,4.200000062584877014e+00
6.229499882644125807e-06,4.000000059604644775e+00
6.229999882629984841e-06,4.000000059604644775e+00
6.230499882615843875e-06,3.800000056624412537e+00
6.230999882601702909e-06,3.800000056624412537e+00
6.231499882587561944e-06,3.600000053644180298e+00
6.231999882573420978e-06,3.600000053644180298e+00
6.232499882559280012e-06,3.600000053644180298e+00
6.232999882545139046e-06,3.400000050663948059e+00
6.233499882530998081e-06,3.400000050663948059e+00
6.233999882516857115e-06,3.200000047683715820e+00
6.234499882502716149e-06,3.200000047683715820e+00
6.234999882488575184e-06,3.000000044703483582e+00
6.235499882474434218e-06,3.000000044703483582e+00
6.235999882460293252e-06,2.800000041723251343e+00
6.236499882446152286e-06,2.600000038743019104e+00
6.236999882432011321e-06,2.600000038743019104e+00
6.237499882417870355e-06,2.400000035762786865e+00
6.237999882403729389e-06,2.200000032782554626e+00
6.238499882389588423e-06,2.200000032782554626e+00
6.238999882375447458e-06,2.000000029802322388e+00
6.239499882361306492e-06,1.800000026822090149e+00
6.239999882347165526e-06,1.800000026822090149e+00
6.240499882333024561e-06,1.600000023841857910e+00
6.240999882318883595e-06,1.400000020861625671e+00
6.241499882304742629e-06,1.200000017881393433e+00
6.241999882290601663e-06,1.200000017881393433e+00
6.242499882276460698e-06,1.000000014901161194e+00
6.242999882262319732e-06,8.000000119209289551e-01
6.243499882248178766e-06,6.000000089406967163e-01
6.243999882234037800e-06,6.000000089406967163e-01
6.244499882219896835e-06,4.000000059604644775e-01
6.244999882205755869e-06,2.000000029802322388e-01
6.245499882191614903e-06,0.000000000000000000e+00
6.245999882177473937e-06,0.000000000000000000e+00
6.246499882163332972e-06,-2.000000029802322388e-01
6.246999882149192006e-06,-4.000000059604644775e-01
6.247499882135051040e-06,-6.000000089406967163e-01
6.247999882120910075e-06,-8.000000119209289551e-01
6.248499882106769109e-06,-1.000000014901161194e+00
6.248999882092628143e-06,-1.000000014901161194e+00
6.249499882078487177e-06,-1.200000017881393433e+00
6.249999882064346212e-06,-1.400000020861625671e+00
6.250499882050205246e-06,-1.600000023841857910e+00
6.250999882036064280e-06,-1.600000023841857910e+00
6.251499882021923314e-06,-1.800000026822090149e+00
6.251999882007782349e-06,-2.000000029802322388e+00
6.252499881993641383e-06,-2.200000032782554626e+00
6.252999881979500417e-06,-2.400000035762786865e+00
6.253499881965359451e-06,-2.400000035762786865e+00
6.253999881951218486e-06,-2.600000038743019104e+00
6.254499881937077520e-06,-2.800000041723251343e+00
6.254999881922936554e-06,-2.800000041723251343e+00
6.255499881908795589e-06,-3.000000044703483582e+00
6.255999881894654623e-06,-3.000000044703483582e+00
6.256499881880513657e-06,-3.200000047683715820e+00
6.256999881866372691e-06,-3.400000050663948059e+00
6.257499881852231726e-06,-3.600000053644180298e+00
6.257999881838090760e-06,-3.600000053644180298e+00
6.258499881823949794e-06,-3.800000056624412537e+00
6.258999881809808828e-06,-3.800000056624412537e+00
6.259499881795667863e-06,-4.000000059604644775e+00
6.259999881781526897e-06,-4.000000059604644775e+00
6.260499881767385931e-06,-4.200000062584877014e+00
6.260999881753244966e-06,-4.200000062584877014e+00
6.261499881739104000e-06,-4.400000065565109253e+00
6.261999881724963034e-06,-4.400000065565109253e+00
6.262499881710822068e-06,-4.600000068545341492e+00
6.262999881696681103e-06,-4.800000071525573730e+00
6.263499881682540137e-06,-4.800000071525573730e+00
6.263999881668399171e-06,-4.800000071525573730e+00
6.264499881654258205e-06,-4.800000071525573730e+00
6.264999881640117240e-06,-5.000000074505805969e+00
6.265499881625976274e-06,-5.000000074505805969e+00
6.265999881611835308e-06,-5.000000074505805969e+00
6.266499881597694342e-06,-5.200000077486038208e+00
6.266999881583553377e-06,-5.200000077486038208e+00
6.267499881569412411e-06,-5.200000077486038208e+00
6.267999881555271445e-06,-5.200000077486038208e+00
6.268499881541130480e-06,-5.400000080466270447e+00
6.268999881526989514e-06,-5.400000080466270447e+00
6.269499881512848548e-06,-5.400000080466270447e+00
6.269999881498707582e-06,-5.400000080466270447e+00
6.270499881484566617e-06,-5.400000080466270447e+00
6.270999881470425651e-06,-5.400000080466270447e+00
6.271499881456284685e-06,-5.400000080466270447e+00
6.271999881442143719e-06,-5.400000080466270447e+00
6.272499881428002754e-06,-5.400000080466270447e+00
6.272999881413861788e-06,-5.400000080466270447e+00
6.273499881399720822e-06,-5.200000077486038208e+00
6.273999881385579856e-06,-5.200000077486038208e+00
6.274499881371438891e-06,-5.400000080466270447e+00
6.274999881357297925e-06,-5.400000080466270447e+00
6.275499881343156959e-06,-5.200000077486038208e+00
6.275999881329015994e-06,-5.200000077486038208e+00
6.276499881314875028e-06,-5.200000077486038208e+00
6.276999881300734062e-06,-5.200000077486038208e+00
6.277499881286593096e-06,-5.000000074505805969e+00
6.277999881272452131e-06,-5.000000074505805969e+00
6.278499881258311165e-06,-5.000000074505805969e+00
6.278999881244170199e-06,-4.800000071525573730e+00
6.279499881230029233e-06,-4.800000071525573730e+00
6.279999881215888268e-06,-4.600000068545341492e+00
6.280499881201747302e-06,-4.600000068545341492e+00
6.280999881187606336e-06,-4.400000065565109253e+00
6.281499881173465371e-06,-4.400000065565109253e+00
6.281999881159324405e-06,-4.200000062584877014e+00
6.282499881145183439e-06,-4.200000062584877014e+00
6.282999881131042473e-06,-4.200000062584877014e+00
6.283499881116901508e-06,-4.000000059604644775e+00
6.283999881102760542e-06,-3.800000056624412537e+00
6.284499881088619576e-06,-3.800000056624412537e+00
6.284999881074478610e-06,-3.600000053644180298e+00
6.285499881060337645e-06,-3.600000053644180298e+00
6.285999881046196679e-06,-3.400000050663948059e+00
6.286499881032055713e-06,-3.400000050663948059e+00
6.286999881017914747e-06,-3.200000047683715820e+00
6.287499881003773782e-06,-3.000000044703483582e+00
6.287999880989632816e-06,-2.800000041723251343e+00
6.288499880975491850e-06,-2.800000041723251343e+00
6.288999880961350885e-06,-2.600000038743019104e+00
6.289499880947209919e-06,-2.400000035762786865e+00
6.289999880933068953e-06,-2.400000035762786865e+00
6.290499880918927987e-06,-2.200000032782554626e+00
6.290999880904787022e-06,-2.000000029802322388e+00
6.291499880890646056e-06,-1.800000026822090149e+00
6.291999880876505090e-06,-1.800000026822090149e+00
6.292499880862364124e-06,-1.600000023841857910e+00
6.292999880848223159e-06,-1.400000020861625671e+00
6.293499880834082193e-06,-1.400000020861625671e+00
6.293999880819941227e-06,-1.200000017881393433e+00
6.294499880805800261e-06,-1.000000014901161194e+00
6.294999880791659296e-06,-8.000000119209289551e-01
6.295499880777518330e-06,-6.000000089406967163e-01
6.295999880763377364e-06,-4.000000059604644775e-01
6.296499880749236399e-06,-4.000000059604644775e-01
6.296999880735095433e-06,-2.000000029802322388e-01
6.297499880720954467e-06,0.000000000000000000e+00
6.297999880706813501e-06,2.000000029802322388e-01
6.298499880692672536e-06,4.000000059604644775e-01
6.298999880678531570e-06,4.000000059604644775e-01
6.299499880664390604e-06,6.000000089406967163e-01
6.299999880650249638e-06,8.000000119209289551e-01
6.300499880636108673e-06,1.000000014901161194e+00
6.300999880621967707e-06,1.000000014901161194e+00
6.301499880607826741e-06,1.200000017881393433e+00
6.301999880593685776e-06,1.400000020861625671e+00
6.302499880579544810e-06,1.600000023841857910e+00
6.302999880565403844e-06,1.600000023841857910e+00
6.303499880551262878e-06,1.800000026822090149e+00
6.303999880537121913e-06,2.000000029802322388e+00
6.304499880522980947e-06,2.200000032782554626e+00
6.304999880508839981e-06,2.200000032782554626e+00
6.305499880494699015e-06,2.400000035762786865e+00
6.305999880480558050e-06,2.600000038743019104e+00
6.306499880466417084e-06,2.600000038743019104e+00
6.306999880452276118e-06,2.800000041723251343e+00
6.307499880438135152e-06,3.000000044703483582e+00
6.307999880423994187e-06,3.200000047683715820e+00
6.308499880409853221e-06,3.200000047683715820e+00
6.308999880395712255e-06,3.400000050663948059e+00
6.309499880381571290e-06,3.400000050663948059e+00
6.309999880367430324e-06,3.600000053644180298e+00
6.310499880353289358e-06,3.600000053644180298e+00
6.310999880339148392e-06,3.800000056624412537e+00
6.311499880325007427e-06,3.800000056624412537e+00
6.311999880310866461e-06,4.000000059604644775e+00
6.312499880296725495e-06,4.000000059604644775e+00
6.312999880282584529e-06,4.000000059604644775e+00
6.313499880268443564e-06,4.200000062584877014e+00
6.313999880254302598e-06,4.200000062584877014e+00
6.314499880240161632e-06,4.400000065565109253e+00
6.314999880226020666e-06,4.400000065565109253e+00
6.315499880211879701e-06,4.600000068545341492e+00
6.315999880197738735e-06,4.600000068545341492e+00
6.316499880183597769e-06,4.600000068545341492e+00
6.316999880169456804e-06,4.800000071525573730e+00
6.317499880155315838e-06,4.800000071525573730e+00
6.317999880141174872e-06,4.800000071525573730e+00
6.318499880127033906e-06,4.800000071525573730e+00
6.318999880112892941e-06,4.800000071525573730e+00
6.319499880098751975e-06,4.800000071525573730e+00
6.319999880084611009e-06,5.000000074505805969e+00
6.320499880070470043e-06,5.000000074505805969e+00
6.320999880056329078e-06,5.000000074505805969e+00
6.321499880042188112e-06,5.000000074505805969e+00
6.321999880028047146e-06,5.000000074505805969e+00
6.322499880013906181e-06,5.000000074505805969e+00
6.322999879999765215e-06,5.000000074505805969e+00
6.323499879985624249e-06,5.000000074505805969e+00
6.323999879971483283e-06,4.800000071525573730e+00
6.324499879957342318e-06,4.800000071525573730e+00
6.324999879943201352e-06,4.800000071525573730e+00
6.325499879929060386e-06,4.800000071525573730e+00
6.325999879914919420e-06,4.800000071525573730e+00
6.326499879900778455e-06,4.600000068545341492e+00
6.326999879886637489e-06,4.600000068545341492e+00
6.327499879872496523e-06,4.600000068545341492e+00
6.327999879858355557e-06,4.600000068545341492e+00
6.328499879844214592e-06,4.400000065565109253e+00
6.328999879830073626e-06,4.400000065565109253e+00
6.329499879815932660e-06,4.400000065565109253e+00
6.329999879801791695e-06,4.200000062584877014e+00
6.330499879787650729e-06,4.200000062584877014e+00
6.330999879773509763e-06,4.200000062584877014e+00
6.331499879759368797e-06,4.000000059604644775e+00
6.331999879745227832e-06,4.000000059604644775e+00
6.332499879731086866e-06,3.800000056624412537e+00
6.332999879716945900e-06,3.800000056624412537e+00
6.333499879702804934e-06,3.600000053644180298e+00
6.333999879688663969e-06,3.600000053644180298e+00
6.334499879674523003e-06,3.400000050663948059e+00
6.334999879660382037e-06,3.400000050663948059e+00
6.335499879646241071e-06,3.200000047683715820e+00
6.335999879632100106e-06,3.000000044703483582e+00
6.336499879617959140e-06,3.000000044703483582e+00
6.336999879603818174e-06,2.800000041723251343e+00
6.337499879589677209e-06,2.600000038743019104e+00
6.337999879575536243e-06,2.600000038743019104e+00
6.338499879561395277e-06,2.400000035762786865e+00
6.338999879547254311e-06,2.400000035762786865e+00
6.339499879533113346e-06,2.200000032782554626e+00
6.339999879518972380e-06,2.000000029802322388e+00
6.340499879504831414e-06,1.800000026822090149e+00
6.340999879490690448e-06,1.800000026822090149e+00
6.341499879476549483e-06,1.600000023841857910e+00
6.341999879462408517e-06,1.400000020861625671e+00
6.342499879448267551e-06,1.400000020861625671e+00
6.342999879434126586e-06,1.200000017881393433e+00
6.343499879419985620e-06,1.000000014901161194e+00
6.343999879405844654e-06,8.000000119209289551e-01
6.344499879391703688e-06,6.000000089406967163e-01
6.344999879377562723e-06,4.000000059604644775e-01
6.345499879363421757e-06,4.000000059604644775e-01
6.345999879349280791e-06,2.000000029802322388e-01
6.346499879335139825e-06,0.000000000000000000e+00
6.346999879320998860e-06,-2.000000029802322388e-01
6.347499879306857894e-06,-2.000000029802322388e-01
6.347999879292716928e-06,-4.000000059604644775e-01
6.348499879278575962e-06,-6.000000089406967163e-01
6.348999879264434997e-06,-8.000000119209289551e-01
6.349499879250294031e-06,-1.000000014901161194e+00
6.349999879236153065e-06,-1.000000014901161194e+00
6.350499879222012100e-06,-1.200000017881393433e+00
6.350999879207871134e-06,-1.400000020861625671e+00
6.351499879193730168e-06,-1.600000023841857910e+00
6.351999879179589202e-06,-1.600000023841857910e+00
6.352499879165448237e-06,-1.800000026822090149e+00
6.352999879151307271e-06,-2.000000029802322388e+00
6.353499879137166305e-06,-2.200000032782554626e+00
6.353999879123025339e-06,-2.200000032782554626e+00
6.354499879108884374e-06,-2.400000035762786865e+00
6.354999879094743408e-06,-2.600000038743019104e+00
6.355499879080602442e-06,-2.600000038743019104e+00
6.355999879066461476e-06,-2.800000041723251343e+00
6.356499879052320511e-06,-3.000000044703483582e+00
6.356999879038179545e-06,-3.000000044703483582e+00
6.357499879024038579e-06,-3.200000047683715820e+00
6.357999879009897614e-06,-3.400000050663948059e+00
6.358499878995756648e-06,-3.400000050663948059e+00
6.358999878981615682e-06,-3.600000053644180298e+00
6.359499878967474716e-06,-3.600000053644180298e+00
6.359999878953333751e-06,-3.800000056624412537e+00
6.360499878939192785e-06,-3.800000056624412537e+00
6.360999878925051819e-06,-4.000000059604644775e+00
6.361499878910910853e-06,-4.000000059604644775e+00
6.361999878896769888e-06,-4.200000062584877014e+00
6.362499878882628922e-06,-4.200000062584877014e+00
6.362999878868487956e-06,-4.400000065565109253e+00
6.363499878854346991e-06,-4.400000065565109253e+00
6.363999878840206025e-06,-4.400000065565109253e+00
6.364499878826065059e-06,-4.600000068545341492e+00
6.364999878811924093e-06,-4.600000068545341492e+00
6.365499878797783128e-06,-4.600000068545341492e+00
6.365999878783642162e-06,-4.800000071525573730e+00
6.366499878769501196e-06,-4.800000071525573730e+00
6.366999878755360230e-06,-5.000000074505805969e+00
6.367499878741219265e-06,-4.800000071525573730e+00
6.367999878727078299e-06,-5.000000074505805969e+00
6.368499878712937333e-06,-5.000000074505805969e+00
6.368999878698796367e-06,-5.000000074505805969e+00
6.369499878684655402e-06,-5.000000074505805969e+00
6.369999878670514436e-06,-5.000000074505805969e+00
6.370499878656373470e-06,-5.000000074505805969e+00
6.370999878642232505e-06,-5.200000077486038208e+00
6.371499878628091539e-06,-5.200000077486038208e+00
6.371999878613950573e-06,-5.200000077486038208e+00
6.372499878599809607e-06,-5.200000077486038208e+00
6.372999878585668642e-06,-5.200000077486038208e+00
6.373499878571527676e-06,-5.000000074505805969e+00
6.373999878557386710e-06,-5.000000074505805969e+00
6.374499878543245744e-06,-5.000000074505805969e+00
6.374999878529104779e-06,-5.000000074505805969e+00
6.375499878514963813e-06,-5.000000074505805969e+00
6.375999878500822847e-06,-4.800000071525573730e+00
6.376499878486681881e-06,-4.800000071525573730e+00
6.376999878472540916e-06,-4.800000071525573730e+00
6.377499878458399950e-06,-4.800000071525573730e+00
6.377999878444258984e-06,-4.800000071525573730e+00
6.378499878430118019e-06,-4.600000068545341492e+00
6.378999878415977053e-06,-4.600000068545341492e+00
6.379499878401836087e-06,-4.600000068545341492e+00
6.379999878387695121e-06,-4.400000065565109253e+00
6.380499878373554156e-06,-4.400000065565109253e+00
6.380999878359413190e-06,-4.400000065565109253e+00
6.381499878345272224e-06,-4.200000062584877014e+00
6.381999878331131258e-06,-4.200000062584877014e+00
6.382499878316990293e-06,-4.000000059604644775e+00
6.382999878302849327e-06,-4.000000059604644775e+00
6.383499878288708361e-06,-3.800000056624412537e+00
6.383999878274567396e-06,-3.600000053644180298e+00
6.384499878260426430e-06,-3.600000053644180298e+00
6.384999878246285464e-06,-3.400000050663948059e+00
6.385499878232144498e-06,-3.200000047683715820e+00
6.385999878218003533e-06,-3.200000047683715820e+00
6.386499878203862567e-06,-3.000000044703483582e+00
6.386999878189721601e-06,-3.000000044703483582e+00
6.387499878175580635e-06,-2.800000041723251343e+00
6.387999878161439670e-06,-2.800000041723251343e+00
6.388499878147298704e-06,-2.600000038743019104e+00
6.388999878133157738e-06,-2.400000035762786865e+00
6.389499878119016772e-06,-2.400000035762786865e+00
6.389999878104875807e-06,-2.200000032782554626e+00
6.390499878090734841e-06,-2.000000029802322388e+00
6.390999878076593875e-06,-1.800000026822090149e+00
6.391499878062452910e-06,-1.600000023841857910e+00
6.391999878048311944e-06,-1.600000023841857910e+00
6.392499878034170978e-06,-1.400000020861625671e+00
6.392999878020030012e-06,-1.200000017881393433e+00
6.393499878005889047e-06,-1.000000014901161194e+00
6.393999877991748081e-06,-1.000000014901161194e+00
6.394499877977607115e-06,-8.000000119209289551e-01
6.394999877963466149e-06,-6.000000089406967163e-01
6.395499877949325184e-06,-4.000000059604644775e-01
6.395999877935184218e-06,-2.000000029802322388e-01
6.396499877921043252e-06,-2.000000029802322388e-01
6.396999877906902286e-06,0.000000000000000000e+00
6.397499877892761321e-06,2.000000029802322388e-01
6.397999877878620355e-06,4.000000059604644775e-01
6.398499877864479389e-06,6.000000089406967163e-01
6.398999877850338424e-06,6.000000089406967163e-01
6.399499877836197458e-06,8.000000119209289551e-01
6.399999877822056492e-06,1.000000014901161194e+00
6.400499877807915526e-06,1.200000017881393433e+00
6.400999877793774561e-06,1.200000017881393433e+00
6.401499877779633595e-06,1.400000020861625671e+00
6.401999877765492629e-06,1.600000023841857910e+00
6.402499877751351663e-06,1.800000026822090149e+00
6.402999877737210698e-06,1.800000026822090149e+00
6.403499877723069732e-06,2.000000029802322388e+00
6.403999877708928766e-06,2.200000032782554626e+00
6.404499877694787801e-06,2.400000035762786865e+00
6.404999877680646835e-06,2.400000035762786865e+00
6.405499877666505869e-06,2.600000038743019104e+00
6.405999877652364903e-06,2.800000041723251343e+00
6.406499877638223938e-06,3.000000044703483582e+00
6.406999877624082972e-06,3.000000044703483582e+00
6.407499877609942006e-06,3.000000044703483582e+00
6.407999877595801040e-06,3.200000047683715820e+00
6.408499877581660075e-06,3.400000050663948059e+00
6.408999877567519109e-06,3.400000050663948059e+00
6.409499877553378143e-06,3.600000053644180298e+00
6.409999877539237177e-06,3.800000056624412537e+00
6.410499877525096212e-06,3.800000056624412537e+00
6.410999877510955246e-06,4.000000059604644775e+00
6.411499877496814280e-06,4.000000059604644775e+00
6.411999877482673315e-06,4.000000059604644775e+00
6.412499877468532349e-06,4.200000062584877014e+00
6.412999877454391383e-06,4.200000062584877014e+00
6.413499877440250417e-06,4.400000065565109253e+00
6.413999877426109452e-06,4.400000065565109253e+00
6.414499877411968486e-06,4.400000065565109253e+00
6.414999877397827520e-06,4.600000068545341492e+00
6.415499877383686554e-06,4.600000068545341492e+00
6.415999877369545589e-06,4.600000068545341492e+00
6.416499877355404623e-06,4.800000071525573730e+00
6.416999877341263657e-06,4.800000071525573730e+00
6.417499877327122691e-06,4.800000071525573730e+00
6.417999877312981726e-06,4.800000071525573730e+00
6.418499877298840760e-06,4.800000071525573730e+00
6.418999877284699794e-06,5.000000074505805969e+00
6.419499877270558829e-06,5.000000074505805969e+00
6.419999877256417863e-06,5.000000074505805969e+00
6.420499877242276897e-06,5.000000074505805969e+00
6.420999877228135931e-06,5.200000077486038208e+00
6.421499877213994966e-06,5.000000074505805969e+00
6.421999877199854000e-06,5.000000074505805969e+00
6.422499877185713034e-06,5.000000074505805969e+00
6.422999877171572068e-06,5.000000074505805969e+00
6.423499877157431103e-06,5.000000074505805969e+00
6.423999877143290137e-06,5.000000074505805969e+00
6.424499877129149171e-06,5.000000074505805969e+00
6.424999877115008206e-06,5.000000074505805969e+00
6.425499877100867240e-06,5.000000074505805969e+00
6.425999877086726274e-06,5.000000074505805969e+00
6.426499877072585308e-06,4.800000071525573730e+00
6.426999877058444343e-06,4.800000071525573730e+00
6.427499877044303377e-06,4.600000068545341492e+00
6.427999877030162411e-06,4.600000068545341492e+00
6.428499877016021445e-06,4.600000068545341492e+00
6.428999877001880480e-06,4.600000068545341492e+00
6.429499876987739514e-06,4.400000065565109253e+00
6.429999876973598548e-06,4.400000065565109253e+00
6.430499876959457582e-06,4.200000062584877014e+00
6.430999876945316617e-06,4.200000062584877014e+00
6.431499876931175651e-06,4.000000059604644775e+00
6.431999876917034685e-06,4.000000059604644775e+00
6.432499876902893720e-06,4.000000059604644775e+00
6.432999876888752754e-06,3.800000056624412537e+00
6.433499876874611788e-06,3.800000056624412537e+00
6.433999876860470822e-06,3.600000053644180298e+00
6.434499876846329857e-06,3.400000050663948059e+00
6.434999876832188891e-06,3.400000050663948059e+00
6.435499876818047925e-06,3.200000047683715820e+00
6.435999876803906959e-06,3.200000047683715820e+00
6.436499876789765994e-06,3.000000044703483582e+00
6.436999876775625028e-06,3.000000044703483582e+00
6.437499876761484062e-06,2.800000041723251343e+00
6.437999876747343096e-06,2.600000038743019104e+00
6.438499876733202131e-06,2.600000038743019104e+00
6.438999876719061165e-06,2.400000035762786865e+00
6.439499876704920199e-06,2.200000032782554626e+00
6.439999876690779234e-06,2.000000029802322388e+00
6.440499876676638268e-06,2.000000029802322388e+00
6.440999876662497302e-06,1.800000026822090149e+00
6.441499876648356336e-06,1.600000023841857910e+00
6.441999876634215371e-06,1.600000023841857910e+00
6.442499876620074405e-06,1.400000020861625671e+00
6.442999876605933439e-06,1.200000017881393433e+00
6.443499876591792473e-06,1.000000014901161194e+00
6.443999876577651508e-06,8.000000119209289551e-01
6.444499876563510542e-06,8.000000119209289551e-01
6.444999876549369576e-06,6.000000089406967163e-01
6.445499876535228611e-06,4.000000059604644775e-01
6.445999876521087645e-06,2.000000029802322388e-01
6.446499876506946679e-06,0.000000000000000000e+00
6.446999876492805713e-06,0.000000000000000000e+00
6.447499876478664748e-06,-2.000000029802322388e-01
6.447999876464523782e-06,-4.000000059604644775e-01
6.448499876450382816e-06,-6.000000089406967163e-01
6.448999876436241850e-06,-8.000000119209289551e-01
6.449499876422100885e-06,-8.000000119209289551e-01
6.449999876407959919e-06,-1.000000014901161194e+00
6.450499876393818953e-06,-1.200000017881393433e+00
6.450999876379677987e-06,-1.400000020861625671e+00
6.451499876365537022e-06,-1.600000023841857910e+00
6.451999876351396056e-06,-1.600000023841857910e+00
6.452499876337255090e-06,-1.800000026822090149e+00
6.452999876323114125e-06,-2.000000029802322388e+00
6.453499876308973159e-06,-2.000000029802322388e+00
6.453999876294832193e-06,-2.200000032782554626e+00
6.454499876280691227e-06,-2.400000035762786865e+00
6.454999876266550262e-06,-2.600000038743019104e+00
6.455499876252409296e-06,-2.600000038743019104e+00
6.455999876238268330e-06,-2.800000041723251343e+00
6.456499876224127364e-06,-3.000000044703483582e+00
6.456999876209986399e-06,-3.200000047683715820e+00
6.457499876195845433e-06,-3.200000047683715820e+00
6.457999876181704467e-06,-3.400000050663948059e+00
6.458499876167563501e-06,-3.400000050663948059e+00
6.458999876153422536e-06,-3.600000053644180298e+00
6.459499876139281570e-06,-3.600000053644180298e+00
6.459999876125140604e-06,-3.800000056624412537e+00
6.460499876110999639e-06,-3.800000056624412537e+00
6.460999876096858673e-06,-4.000000059604644775e+00
6.461499876082717707e-06,-4.000000059604644775e+00
6.461999876068576741e-06,-4.000000059604644775e+00
6.462499876054435776e-06,-4.200000062584877014e+00
6.462999876040294810e-06,-4.200000062584877014e+00
6.463499876026153844e-06,-4.400000065565109253e+00
6.463999876012012878e-06,-4.400000065565109253e+00
6.464499875997871913e-06,-4.600000068545341492e+00
6.464999875983730947e-06,-4.600000068545341492e+00
6.465499875969589981e-06,-4.800000071525573730e+00
6.465999875955449016e-06,-4.800000071525573730e+00
6.466499875941308050e-06,-4.800000071525573730e+00
6.466999875927167084e-06,-5.000000074505805969e+00
6.467499875913026118e-06,-5.000000074505805969e+00
6.467999875898885153e-06,-5.000000074505805969e+00
6.468499875884744187e-06,-5.000000074505805969e+00
6.468999875870603221e-06,-5.000000074505805969e+00
6.469499875856462255e-06,-5.000000074505805969e+00
6.469999875842321290e-06,-5.000000074505805969e+00
6.470499875828180324e-06,-5.000000074505805969e+00
6.470999875814039358e-06,-5.000000074505805969e+00
6.471499875799898392e-06,-5.000000074505805969e+00
6.471999875785757427e-06,-5.000000074505805969e+00
6.472499875771616461e-06,-5.000000074505805969e+00
6.472999875757475495e-06,-5.000000074505805969e+00
6.473499875743334530e-06,-5.000000074505805969e+00
6.473999875729193564e-06,-5.000000074505805969e+00
6.474499875715052598e-06,-5.000000074505805969e+00
6.474999875700911632e-06,-5.000000074505805969e+00
6.475499875686770667e-06,-4.600000068545341492e+00
6.475999875672629701e-06,-3.400000050663948059e+00
6.476499875658488735e-06,-1.600000023841857910e+00
6.476999875644347769e-06,0.000000000000000000e+00
6.477499875630206804e-06,6.000000089406967163e-01
6.477999875616065838e-06,8.000000119209289551e-01
6.478499875601924872e-06,6.000000089406967163e-01
6.478999875587783906e-06,4.000000059604644775e-01
6.479499875573642941e-06,4.000000059604644775e-01
6.479999875559501975e-06,4.000000059604644775e-01
6.480499875545361009e-06,4.000000059604644775e-01
6.480999875531220044e-06,4.000000059604644775e-01
6.481499875517079078e-06,2.000000029802322388e-01
6.481999875502938112e-06,4.000000059604644775e-01
6.482499875488797146e-06,4.000000059604644775e-01
6.482999875474656181e-06,4.000000059604644775e-01
6.483499875460515215e-06,4.000000059604644775e-01
6.483999875446374249e-06,4.000000059604644775e-01
6.484499875432233283e-06,4.000000059604644775e-01
6.484999875418092318e-06,2.000000029802322388e-01
6.485499875403951352e-06,2.000000029802322388e-01
6.485999875389810386e-06,2.000000029802322388e-01
6.486499875375669421e-06,2.000000029802322388e-01
6.486999875361528455e-06,2.000000029802322388e-01
6.487499875347387489e-06,2.000000029802322388e-01
6.487999875333246523e-06,2.000000029802322388e-01
6.488499875319105558e-06,2.000000029802322388e-01
6.488999875304964592e-06,2.000000029802322388e-01
6.489499875290823626e-06,2.000000029802322388e-01
6.489999875276682660e-06,2.000000029802322388e-01
6.490499875262541695e-06,2.000000029802322388e-01
6.490999875248400729e-06,2.000000029802322388e-01
6.491499875234259763e-06,2.000000029802322388e-01
6.491999875220118797e-06,2.000000029802322388e-01
6.492499875205977832e-06,2.000000029802322388e-01
6.492999875191836866e-06,2.000000029802322388e-01
6.493499875177695900e-06,2.000000029802322388e-01
6.493999875163554935e-06,2.000000029802322388e-01
6.494499875149413969e-06,2.000000029802322388e-01
6.494999875135273003e-06,2.000000029802322388e-01
6.495499875121132037e-06,2.000000029802322388e-01
6.495999875106991072e-06,2.000000029802322388e-01
6.496499875092850106e-06,2.000000029802322388e-01
6.496999875078709140e-06,2.000000029802322388e-01
6.497499875064568174e-06,2.000000029802322388e-01
6.497999875050427209e-06,2.000000029802322388e-01
6.498499875036286243e-06,2.000000029802322388e-01
6.498999875022145277e-06,2.000000029802322388e-01
6.499499875008004311e-06,2.000000029802322388e-01
6.499999874993863346e-06,2.000000029802322388e-01
6.500499874979722380e-06,2.000000029802322388e-01
6.500999874965581414e-06,2.000000029802322388e-01
6.501499874951440449e-06,0.000000000000000000e+00
6.501999874937299483e-06,0.000000000000000000e+00
6.502499874923158517e-06,2.000000029802322388e-01
6.502999874909017551e-06,0.000000000000000000e+00
6.503499874894876586e-06,0.000000000000000000e+00
6.503999874880735620e-06,0.000000000000000000e+00
6.504499874866594654e-06,2.000000029802322388e-01
6.504999874852453688e-06,2.000000029802322388e-01
6.505499874838312723e-06,2.000000029802322388e-01
6.505999874824171757e-06,2.000000029802322388e-01
6.506499874810030791e-06,2.000000029802322388e-01
6.506999874795889826e-06,2.000000029802322388e-01
6.507499874781748860e-06,2.000000029802322388e-01
6.507999874767607894e-06,2.000000029802322388e-01
6.508499874753466928e-06,2.000000029802322388e-01
6.508999874739325963e-06,0.000000000000000000e+00
6.509499874725184997e-06,2.000000029802322388e-01
6.509999874711044031e-06,2.000000029802322388e-01
6.510499874696903065e-06,2.000000029802322388e-01
6.510999874682762100e-06,2.000000029802322388e-01
6.511499874668621134e-06,0.000000000000000000e+00
6.511999874654480168e-06,2.000000029802322388e-01
6.512499874640339202e-06,2.000000029802322388e-01
6.512999874626198237e-06,2.000000029802322388e-01
6.513499874612057271e-06,2.000000029802322388e-01
6.513999874597916305e-06,2.000000029802322388e-01
6.514499874583775340e-06,2.000000029802322388e-01
6.514999874569634374e-06,2.000000029802322388e-01
6.515499874555493408e-06,2.000000029802322388e-01
6.515999874541352442e-06,2.000000029802322388e-01
6.516499874527211477e-06,2.000000029802322388e-01
6.516999874513070511e-06,0.000000000000000000e+00
6.517499874498929545e-06,2.000000029802322388e-01
6.517999874484788579e-06,2.000000029802322388e-01
6.518499874470647614e-06,2.000000029802322388e-01
6.518999874456506648e-06,2.000000029802322388e-01
6.519499874442365682e-06,2.000000029802322388e-01
6.519999874428224716e-06,0.000000000000000000e+00
6.520499874414083751e-06,0.000000000000000000e+00
6.520999874399942785e-06,0.000000000000000000e+00
6.521499874385801819e-06,0.000000000000000000e+00
6.521999874371660854e-06,0.000000000000000000e+00
6.522499874357519888e-06,0.000000000000000000e+00
6.522999874343378922e-06,0.000000000000000000e+00
6.523499874329237956e-06,0.000000000000000000e+00
6.523999874315096991e-06,0.000000000000000000e+00
6.524499874300956025e-06,0.000000000000000000e+00
6.524999874286815059e-06,0.000000000000000000e+00
6.525499874272674093e-06,0.000000000000000000e+00
6.525999874258533128e-06,0.000000000000000000e+00
6.526499874244392162e-06,0.000000000000000000e+00
6.526999874230251196e-06,0.000000000000000000e+00
6.527499874216110231e-06,0.000000000000000000e+00
6.527999874201969265e-06,0.000000000000000000e+00
6.528499874187828299e-06,0.000000000000000000e+00
6.528999874173687333e-06,2.000000029802322388e-01
6.529499874159546368e-06,0.000000000000000000e+00
6.529999874145405402e-06,2.000000029802322388e-01
6.530499874131264436e-06,2.000000029802322388e-01
6.530999874117123470e-06,0.000000000000000000e+00
6.531499874102982505e-06,2.000000029802322388e-01
6.531999874088841539e-06,2.000000029802322388e-01
6.532499874074700573e-06,2.000000029802322388e-01
6.532999874060559607e-06,2.000000029802322388e-01
6.533499874046418642e-06,2.000000029802322388e-01
6.533999874032277676e-06,2.000000029802322388e-01
6.534499874018136710e-06,2.000000029802322388e-01
6.534999874003995745e-06,0.000000000000000000e+00
6.535499873989854779e-06,0.000000000000000000e+00
6.535999873975713813e-06,0.000000000000000000e+00
6.536499873961572847e-06,0.000000000000000000e+00
6.536999873947431882e-06,0.000000000000000000e+00
6.537499873933290916e-06,0.000000000000000000e+00
6.537999873919149950e-06,0.000000000000000000e+00
6.538499873905008984e-06,0.000000000000000000e+00
6.538999873890868019e-06,0.000000000000000000e+00
6.539499873876727053e-06,0.000000000000000000e+00
6.539999873862586087e-06,0.000000000000000000e+00
6.540499873848445121e-06,0.000000000000000000e+00
6.540999873834304156e-06,2.000000029802322388e-01
6.541499873820163190e-06,2.000000029802322388e-01
6.541999873806022224e-06,0.000000000000000000e+00
6.542499873791881259e-06,0.000000000000000000e+00
6.542999873777740293e-06,0.000000000000000000e+00
6.543499873763599327e-06,0.000000000000000000e+00
6.543999873749458361e-06,0.000000000000000000e+00
6.544499873735317396e-06,0.000000000000000000e+00
6.544999873721176430e-06,0.000000000000000000e+00
6.545499873707035464e-06,0.000000000000000000e+00
6.545999873692894498e-06,0.000000000000000000e+00
6.546499873678753533e-06,0.000000000000000000e+00
6.546999873664612567e-06,2.000000029802322388e-01
6.547499873650471601e-06,2.000000029802322388e-01
6.547999873636330636e-06,2.000000029802322388e-01
6.548499873622189670e-06,2.000000029802322388e-01
6.548999873608048704e-06,0.000000000000000000e+00
6.549499873593907738e-06,0.000000000000000000e+00
6.549999873579766773e-06,0.000000000000000000e+00
6.550499873565625807e-06,2.000000029802322388e-01
6.550999873551484841e-06,0.000000000000000000e+00
6.551499873537343875e-06,0.000000000000000000e+00
6.551999873523202910e-06,0.000000000000000000e+00
6.552499873509061944e-06,0.000000000000000000e+00
6.552999873494920978e-06,0.000000000000000000e+00
6.553499873480780012e-06,0.000000000000000000e+00
6.553999873466639047e-06,0.000000000000000000e+00
6.554499873452498081e-06,0.000000000000000000e+00
6.554999873438357115e-06,0.000000000000000000e+00
6.555499873424216150e-06,0.000000000000000000e+00
6.555999873410075184e-06,2.000000029802322388e-01
6.556499873395934218e-06,2.000000029802322388e-01
6.556999873381793252e-06,0.000000000000000000e+00
6.557499873367652287e-06,0.000000000000000000e+00
6.557999873353511321e-06,0.000000000000000000e+00
6.558499873339370355e-06,0.000000000000000000e+00
6.558999873325229389e-06,0.000000000000000000e+00
6.559499873311088424e-06,0.000000000000000000e+00
6.559999873296947458e-06,0.000000000000000000e+00
6.560499873282806492e-06,0.000000000000000000e+00
6.560999873268665526e-06,0.000000000000000000e+00
6.561499873254524561e-06,0.000000000000000000e+00
6.561999873240383595e-06,0.000000000000000000e+00
6.562499873226242629e-06,0.000000000000000000e+00
6.562999873212101664e-06,0.000000000000000000e+00
6.563499873197960698e-06,0.000000000000000000e+00
6.563999873183819732e-06,0.000000000000000000e+00
6.564499873169678766e-06,0.000000000000000000e+00
6.564999873155537801e-06,0.000000000000000000e+00
6.565499873141396835e-06,0.000000000000000000e+00
6.565999873127255869e-06,0.000000000000000000e+00
6.566499873113114903e-06,0.000000000000000000e+00
6.566999873098973938e-06,0.000000000000000000e+00
6.567499873084832972e-06,0.000000000000000000e+00
6.567999873070692006e-06,0.000000000000000000e+00
6.568499873056551041e-06,0.000000000000000000e+00
6.568999873042410075e-06,0.000000000000000000e+00
6.569499873028269109e-06,0.000000000000000000e+00
6.569999873014128143e-06,0.000000000000000000e+00
6.570499872999987178e-06,2.000000029802322388e-01
6.570999872985846212e-06,0.000000000000000000e+00
6.571499872971705246e-06,0.000000000000000000e+00
6.571999872957564280e-06,0.000000000000000000e+00
6.572499872943423315e-06,0.000000000000000000e+00
6.572999872929282349e-06,0.000000000000000000e+00
6.573499872915141383e-06,0.000000000000000000e+00
6.573999872901000417e-06,0.000000000000000000e+00
6.574499872886859452e-06,0.000000000000000000e+00
6.574999872872718486e-06,0.000000000000000000e+00
6.575499872858577520e-06,0.000000000000000000e+00
6.575999872844436555e-06,0.000000000000000000e+00
6.576499872830295589e-06,0.000000000000000000e+00
6.576999872816154623e-06,0.000000000000000000e+00
6.577499872802013657e-06,0.000000000000000000e+00
6.577999872787872692e-06,0.000000000000000000e+00
6.578499872773731726e-06,2.000000029802322388e-01
6.578999872759590760e-06,0.000000000000000000e+00
6.579499872745449794e-06,0.000000000000000000e+00
6.579999872731308829e-06,2.000000029802322388e-01
6.580499872717167863e-06,0.000000000000000000e+00
6.580999872703026897e-06,0.000000000000000000e+00
6.581499872688885931e-06,0.000000000000000000e+00
6.581999872674744966e-06,0.000000000000000000e+00
6.582499872660604000e-06,0.000000000000000000e+00
6.582999872646463034e-06,0.000000000000000000e+00
6.583499872632322069e-06,0.000000000000000000e+00
6.583999872618181103e-06,0.000000000000000000e+00
6.584499872604040137e-06,0.000000000000000000e+00
6.584999872589899171e-06,0.000000000000000000e+00
6.585499872575758206e-06,0.000000000000000000e+00
6.585999872561617240e-06,0.000000000000000000e+00
6.586499872547476274e-06,0.000000000000000000e+00
6.586999872533335308e-06,0.000000000000000000e+00
6.587499872519194343e-06,0.000000000000000000e+00
6.587999872505053377e-06,0.000000000000000000e+00
6.588499872490912411e-06,0.000000000000000000e+00
6.588999872476771446e-06,0.000000000000000000e+00
6.589499872462630480e-06,0.000000000000000000e+00
6.589999872448489514e-06,0.000000000000000000e+00
6.590499872434348548e-06,0.000000000000000000e+00
6.590999872420207583e-06,0.000000000000000000e+00
6.591499872406066617e-06,0.000000000000000000e+00
6.591999872391925651e-06,0.000000000000000000e+00
6.592499872377784685e-06,0.000000000000000000e+00
6.592999872363643720e-06,0.000000000000000000e+00
6.593499872349502754e-06,0.000000000000000000e+00
6.593999872335361788e-06,0.000000000000000000e+00
6.594499872321220822e-06,0.000000000000000000e+00
6.594999872307079857e-06,0.000000000000000000e+00
6.595499872292938891e-06,0.000000000000000000e+00
6.595999872278797925e-06,0.000000000000000000e+00
6.596499872264656960e-06,0.000000000000000000e+00
6.596999872250515994e-06,0.000000000000000000e+00
6.597499872236375028e-06,0.000000000000000000e+00
6.597999872222234062e-06,-2.000000029802322388e-01
6.598499872208093097e-06,-4.000000059604644775e-01
6.598999872193952131e-06,-4.000000059604644775e-01
6.599499872179811165e-06,-4.000000059604644775e-01
6.599999872165670199e-06,-4.000000059604644775e-01
6.600499872151529234e-06,0.000000000000000000e+00
6.600999872137388268e-06,2.000000029802322388e-01
6.601499872123247302e-06,2.000000029802322388e-01
6.601999872109106336e-06,6.000000089406967163e-01
6.602499872094965371e-06,6.000000089406967163e-01
6.602999872080824405e-06,8.000000119209289551e-01
6.603499872066683439e-06,1.000000014901161194e+00
6.603999872052542474e-06,1.200000017881393433e+00
6.604499872038401508e-06,1.400000020861625671e+00
6.604999872024260542e-06,1.400000020861625671e+00
6.605499872010119576e-06,1.600000023841857910e+00
6.605999871995978611e-06,1.800000026822090149e+00
6.606499871981837645e-06,1.800000026822090149e+00
6.606999871967696679e-06,2.000000029802322388e+00
6.607499871953555713e-06,2.000000029802322388e+00
6.607999871939414748e-06,2.200000032782554626e+00
6.608499871925273782e-06,2.400000035762786865e+00
6.608999871911132816e-06,2.400000035762786865e+00
6.609499871896991851e-06,2.600000038743019104e+00
6.609999871882850885e-06,2.800000041723251343e+00
6.610499871868709919e-06,3.000000044703483582e+00
6.610999871854568953e-06,3.000000044703483582e+00
6.611499871840427988e-06,3.200000047683715820e+00
6.611999871826287022e-06,3.200000047683715820e+00
6.612499871812146056e-06,3.400000050663948059e+00
6.612999871798005090e-06,3.400000050663948059e+00
6.613499871783864125e-06,3.400000050663948059e+00
6.613999871769723159e-06,3.600000053644180298e+00
6.614499871755582193e-06,3.600000053644180298e+00
6.614999871741441227e-06,3.600000053644180298e+00
6.615499871727300262e-06,3.800000056624412537e+00
6.615999871713159296e-06,3.800000056624412537e+00
6.616499871699018330e-06,3.800000056624412537e+00
6.616999871684877365e-06,4.000000059604644775e+00
6.617499871670736399e-06,4.000000059604644775e+00
6.617999871656595433e-06,4.000000059604644775e+00
6.618499871642454467e-06,4.000000059604644775e+00
6.618999871628313502e-06,4.200000062584877014e+00
6.619499871614172536e-06,4.200000062584877014e+00
6.619999871600031570e-06,4.200000062584877014e+00
6.620499871585890604e-06,4.200000062584877014e+00
6.620999871571749639e-06,4.200000062584877014e+00
6.621499871557608673e-06,4.200000062584877014e+00
6.621999871543467707e-06,4.200000062584877014e+00
6.622499871529326741e-06,4.200000062584877014e+00
6.622999871515185776e-06,4.200000062584877014e+00
6.623499871501044810e-06,4.200000062584877014e+00
6.623999871486903844e-06,4.200000062584877014e+00
6.624499871472762879e-06,4.200000062584877014e+00
6.624999871458621913e-06,4.200000062584877014e+00
6.625499871444480947e-06,4.000000059604644775e+00
6.625999871430339981e-06,4.200000062584877014e+00
6.626499871416199016e-06,4.000000059604644775e+00
6.626999871402058050e-06,4.000000059604644775e+00
6.627499871387917084e-06,4.000000059604644775e+00
6.627999871373776118e-06,4.000000059604644775e+00
6.628499871359635153e-06,3.800000056624412537e+00
6.628999871345494187e-06,3.800000056624412537e+00
6.629499871331353221e-06,3.600000053644180298e+00
6.629999871317212256e-06,3.800000056624412537e+00
6.630499871303071290e-06,3.600000053644180298e+00
6.630999871288930324e-06,3.400000050663948059e+00
6.631499871274789358e-06,3.400000050663948059e+00
6.631999871260648393e-06,3.400000050663948059e+00
6.632499871246507427e-06,3.400000050663948059e+00
6.632999871232366461e-06,3.200000047683715820e+00
6.633499871218225495e-06,3.000000044703483582e+00
6.633999871204084530e-06,2.800000041723251343e+00
6.634499871189943564e-06,2.800000041723251343e+00
6.634999871175802598e-06,2.600000038743019104e+00
6.635499871161661632e-06,2.600000038743019104e+00
6.635999871147520667e-06,2.600000038743019104e+00
6.636499871133379701e-06,2.400000035762786865e+00
6.636999871119238735e-06,2.200000032782554626e+00
6.637499871105097770e-06,2.000000029802322388e+00
6.637999871090956804e-06,2.000000029802322388e+00
6.638499871076815838e-06,1.800000026822090149e+00
6.638999871062674872e-06,1.600000023841857910e+00
6.639499871048533907e-06,1.600000023841857910e+00
6.639999871034392941e-06,1.400000020861625671e+00
6.640499871020251975e-06,1.200000017881393433e+00
6.640999871006111009e-06,1.200000017881393433e+00
6.641499870991970044e-06,1.000000014901161194e+00
6.641999870977829078e-06,8.000000119209289551e-01
6.642499870963688112e-06,6.000000089406967163e-01
6.642999870949547146e-06,4.000000059604644775e-01
6.643499870935406181e-06,4.000000059604644775e-01
6.643999870921265215e-06,2.000000029802322388e-01
6.644499870907124249e-06,2.000000029802322388e-01
6.644999870892983284e-06,0.000000000000000000e+00
6.645499870878842318e-06,-2.000000029802322388e-01
6.645999870864701352e-06,-4.000000059604644775e-01
6.646499870850560386e-06,-6.000000089406967163e-01
6.646999870836419421e-06,-6.000000089406967163e-01
6.647499870822278455e-06,-8.000000119209289551e-01
6.647999870808137489e-06,-1.000000014901161194e+00
6.648499870793996523e-06,-1.200000017881393433e+00
6.648999870779855558e-06,-1.400000020861625671e+00
6.649499870765714592e-06,-1.400000020861625671e+00
6.649999870751573626e-06,-1.600000023841857910e+00
6.650499870737432661e-06,-1.800000026822090149e+00
6.650999870723291695e-06,-2.000000029802322388e+00
6.651499870709150729e-06,-2.000000029802322388e+00
6.651999870695009763e-06,-2.200000032782554626e+00
6.652499870680868798e-06,-2.400000035762786865e+00
6.652999870666727832e-06,-2.400000035762786865e+00
6.653499870652586866e-06,-2.600000038743019104e+00
6.653999870638445900e-06,-2.800000041723251343e+00
6.654499870624304935e-06,-3.000000044703483582e+00
6.654999870610163969e-06,-3.000000044703483582e+00
6.655499870596023003e-06,-3.200000047683715820e+00
6.655999870581882037e-06,-3.400000050663948059e+00
6.656499870567741072e-06,-3.400000050663948059e+00
6.656999870553600106e-06,-3.600000053644180298e+00
6.657499870539459140e-06,-3.800000056624412537e+00
6.657999870525318175e-06,-3.800000056624412537e+00
6.658499870511177209e-06,-4.000000059604644775e+00
6.658999870497036243e-06,-4.200000062584877014e+00
6.659499870482895277e-06,-4.200000062584877014e+00
6.659999870468754312e-06,-4.400000065565109253e+00
6.660499870454613346e-06,-4.400000065565109253e+00
6.660999870440472380e-06,-4.600000068545341492e+00
6.661499870426331414e-06,-4.600000068545341492e+00
6.661999870412190449e-06,-4.600000068545341492e+00
6.662499870398049483e-06,-4.800000071525573730e+00
6.662999870383908517e-06,-4.800000071525573730e+00
6.663499870369767551e-06,-5.000000074505805969e+00
6.663999870355626586e-06,-5.000000074505805969e+00
6.664499870341485620e-06,-5.000000074505805969e+00
6.664999870327344654e-06,-5.000000074505805969e+00
6.665499870313203689e-06,-5.200000077486038208e+00
6.665999870299062723e-06,-5.200000077486038208e+00
6.666499870284921757e-06,-5.400000080466270447e+00
6.666999870270780791e-06,-5.400000080466270447e+00
6.667499870256639826e-06,-5.400000080466270447e+00
6.667999870242498860e-06,-5.400000080466270447e+00
6.668499870228357894e-06,-5.400000080466270447e+00
6.668999870214216928e-06,-5.600000083446502686e+00
6.669499870200075963e-06,-5.600000083446502686e+00
6.669999870185934997e-06,-5.600000083446502686e+00
6.670499870171794031e-06,-5.600000083446502686e+00
6.670999870157653066e-06,-5.600000083446502686e+00
6.671499870143512100e-06,-5.600000083446502686e+00
6.671999870129371134e-06,-5.600000083446502686e+00
6.672499870115230168e-06,-5.600000083446502686e+00
6.672999870101089203e-06,-5.600000083446502686e+00
6.673499870086948237e-06,-5.400000080466270447e+00
6.673999870072807271e-06,-5.400000080466270447e+00
6.674499870058666305e-06,-5.400000080466270447e+00
6.674999870044525340e-06,-5.400000080466270447e+00
6.675499870030384374e-06,-5.400000080466270447e+00
6.675999870016243408e-06,-5.400000080466270447e+00
6.676499870002102442e-06,-5.400000080466270447e+00
6.676999869987961477e-06,-5.400000080466270447e+00
6.677499869973820511e-06,-5.200000077486038208e+00
6.677999869959679545e-06,-5.200000077486038208e+00
6.678499869945538580e-06,-5.200000077486038208e+00
6.678999869931397614e-06,-5.000000074505805969e+00
6.679499869917256648e-06,-5.000000074505805969e+00
6.679999869903115682e-06,-4.800000071525573730e+00
6.680499869888974717e-06,-4.800000071525573730e+00
6.680999869874833751e-06,-4.800000071525573730e+00
6.681499869860692785e-06,-4.600000068545341492e+00
6.681999869846551819e-06,-4.600000068545341492e+00
6.682499869832410854e-06,-4.400000065565109253e+00
6.682999869818269888e-06,-4.200000062584877014e+00
6.683499869804128922e-06,-4.200000062584877014e+00
6.683999869789987956e-06,-4.000000059604644775e+00
6.684499869775846991e-06,-4.000000059604644775e+00
6.684999869761706025e-06,-3.800000056624412537e+00
6.685499869747565059e-06,-3.600000053644180298e+00
6.685999869733424094e-06,-3.600000053644180298e+00
6.686499869719283128e-06,-3.400000050663948059e+00
6.686999869705142162e-06,-3.400000050663948059e+00
6.687499869691001196e-06,-3.200000047683715820e+00
6.687999869676860231e-06,-3.200000047683715820e+00
6.688499869662719265e-06,-3.000000044703483582e+00
6.688999869648578299e-06,-2.800000041723251343e+00
6.689499869634437333e-06,-2.600000038743019104e+00
6.689999869620296368e-06,-2.400000035762786865e+00
6.690499869606155402e-06,-2.400000035762786865e+00
6.690999869592014436e-06,-2.200000032782554626e+00
6.691499869577873471e-06,-2.000000029802322388e+00
6.691999869563732505e-06,-2.000000029802322388e+00
6.692499869549591539e-06,-1.800000026822090149e+00
6.692999869535450573e-06,-1.600000023841857910e+00
6.693499869521309608e-06,-1.400000020861625671e+00
6.693999869507168642e-06,-1.200000017881393433e+00
6.694499869493027676e-06,-1.200000017881393433e+00
6.694999869478886710e-06,-1.000000014901161194e+00
6.695499869464745745e-06,-8.000000119209289551e-01
6.695999869450604779e-06,-6.000000089406967163e-01
6.696499869436463813e-06,-6.000000089406967163e-01
6.696999869422322847e-06,-4.000000059604644775e-01
6.697499869408181882e-06,-2.000000029802322388e-01
6.697999869394040916e-06,0.000000000000000000e+00
6.698499869379899950e-06,2.000000029802322388e-01
6.698999869365758985e-06,2.000000029802322388e-01
6.699499869351618019e-06,4.000000059604644775e-01
6.699999869337477053e-06,6.000000089406967163e-01
6.700499869323336087e-06,8.000000119209289551e-01
6.700999869309195122e-06,1.000000014901161194e+00
6.701499869295054156e-06,1.200000017881393433e+00
6.701999869280913190e-06,1.200000017881393433e+00
6.702499869266772224e-06,1.400000020861625671e+00
6.702999869252631259e-06,1.600000023841857910e+00
6.703499869238490293e-06,1.800000026822090149e+00
6.703999869224349327e-06,1.800000026822090149e+00
6.704499869210208361e-06,2.000000029802322388e+00
6.704999869196067396e-06,2.200000032782554626e+00
6.705499869181926430e-06,2.400000035762786865e+00
6.705999869167785464e-06,2.400000035762786865e+00
6.706499869153644499e-06,2.600000038743019104e+00
6.706999869139503533e-06,2.800000041723251343e+00
6.707499869125362567e-06,2.800000041723251343e+00
6.707999869111221601e-06,3.000000044703483582e+00
6.708499869097080636e-06,3.200000047683715820e+00
6.708999869082939670e-06,3.200000047683715820e+00
6.709499869068798704e-06,3.200000047683715820e+00
6.709999869054657738e-06,3.400000050663948059e+00
6.710499869040516773e-06,3.600000053644180298e+00
6.710999869026375807e-06,3.600000053644180298e+00
6.711499869012234841e-06,3.800000056624412537e+00
6.711999868998093876e-06,3.800000056624412537e+00
6.712499868983952910e-06,3.800000056624412537e+00
6.712999868969811944e-06,4.000000059604644775e+00
6.713499868955670978e-06,4.200000062584877014e+00
6.713999868941530013e-06,4.200000062584877014e+00
6.714499868927389047e-06,4.200000062584877014e+00
6.714999868913248081e-06,4.400000065565109253e+00
6.715499868899107115e-06,4.400000065565109253e+00
6.715999868884966150e-06,4.400000065565109253e+00
6.716499868870825184e-06,4.600000068545341492e+00
6.716999868856684218e-06,4.600000068545341492e+00
6.717499868842543252e-06,4.600000068545341492e+00
6.717999868828402287e-06,4.600000068545341492e+00
6.718499868814261321e-06,4.600000068545341492e+00
6.718999868800120355e-06,4.800000071525573730e+00
6.719499868785979390e-06,4.800000071525573730e+00
6.719999868771838424e-06,4.800000071525573730e+00
6.720499868757697458e-06,4.800000071525573730e+00
6.720999868743556492e-06,4.800000071525573730e+00
6.721499868729415527e-06,4.800000071525573730e+00
6.721999868715274561e-06,4.800000071525573730e+00
6.722499868701133595e-06,4.800000071525573730e+00
6.722999868686992629e-06,4.800000071525573730e+00
6.723499868672851664e-06,4.800000071525573730e+00
6.723999868658710698e-06,4.800000071525573730e+00
6.724499868644569732e-06,4.800000071525573730e+00
6.724999868630428766e-06,4.600000068545341492e+00
6.725499868616287801e-06,4.600000068545341492e+00
6.725999868602146835e-06,4.600000068545341492e+00
6.726499868588005869e-06,4.600000068545341492e+00
6.726999868573864904e-06,4.600000068545341492e+00
6.727499868559723938e-06,4.400000065565109253e+00
6.727999868545582972e-06,3.800000056624412537e+00
6.728499868531442006e-06,2.200000032782554626e+00
6.728999868517301041e-06,4.000000059604644775e-01
6.729499868503160075e-06,-8.000000119209289551e-01
6.729999868489019109e-06,-1.200000017881393433e+00
6.730499868474878143e-06,-1.000000014901161194e+00
6.730999868460737178e-06,-8.000000119209289551e-01
6.731499868446596212e-06,-8.000000119209289551e-01
6.731999868432455246e-06,-8.000000119209289551e-01
6.732499868418314281e-06,-8.000000119209289551e-01
6.732999868404173315e-06,-8.000000119209289551e-01
6.733499868390032349e-06,-6.000000089406967163e-01
6.733999868375891383e-06,-8.000000119209289551e-01
6.734499868361750418e-06,-8.000000119209289551e-01
6.734999868347609452e-06,-8.000000119209289551e-01
6.735499868333468486e-06,-6.000000089406967163e-01
6.735999868319327520e-06,-6.000000089406967163e-01
6.736499868305186555e-06,-6.000000089406967163e-01
6.736999868291045589e-06,-6.000000089406967163e-01
6.737499868276904623e-06,-6.000000089406967163e-01
6.737999868262763657e-06,-6.000000089406967163e-01
6.738499868248622692e-06,-6.000000089406967163e-01
6.738999868234481726e-06,-6.000000089406967163e-01
6.739499868220340760e-06,-6.000000089406967163e-01
6.739999868206199795e-06,-6.000000089406967163e-01
6.740499868192058829e-06,-6.000000089406967163e-01
6.740999868177917863e-06,-6.000000089406967163e-01
6.741499868163776897e-06,-6.000000089406967163e-01
6.741999868149635932e-06,-6.000000089406967163e-01
6.742499868135494966e-06,-6.000000089406967163e-01
6.742999868121354000e-06,-4.000000059604644775e-01
6.743499868107213034e-06,-4.000000059604644775e-01
6.743999868093072069e-06,-4.000000059604644775e-01
6.744499868078931103e-06,-6.000000089406967163e-01
6.744999868064790137e-06,-6.000000089406967163e-01
6.745499868050649171e-06,-6.000000089406967163e-01
6.745999868036508206e-06,-6.000000089406967163e-01
6.746499868022367240e-06,-6.000000089406967163e-01
6.746999868008226274e-06,-4.000000059604644775e-01
6.747499867994085309e-06,-4.000000059604644775e-01
6.747999867979944343e-06,-4.000000059604644775e-01
6.748499867965803377e-06,-4.000000059604644775e-01
6.748999867951662411e-06,-4.000000059604644775e-01
6.749499867937521446e-06,-4.000000059604644775e-01
6.749999867923380480e-06,-4.000000059604644775e-01
6.750499867909239514e-06,-4.000000059604644775e-01
6.750999867895098548e-06,-4.000000059604644775e-01
6.751499867880957583e-06,-4.000000059604644775e-01
6.751999867866816617e-06,-4.000000059604644775e-01
6.752499867852675651e-06,-4.000000059604644775e-01
6.752999867838534686e-06,-4.000000059604644775e-01
6.753499867824393720e-06,-4.000000059604644775e-01
6.753999867810252754e-06,-4.000000059604644775e-01
6.754499867796111788e-06,-4.000000059604644775e-01
6.754999867781970823e-06,-4.000000059604644775e-01
6.755499867767829857e-06,-4.000000059604644775e-01
6.755999867753688891e-06,-4.000000059604644775e-01
6.756499867739547925e-06,-4.000000059604644775e-01
6.756999867725406960e-06,-4.000000059604644775e-01
6.757499867711265994e-06,-4.000000059604644775e-01
6.757999867697125028e-06,-4.000000059604644775e-01
6.758499867682984062e-06,-4.000000059604644775e-01
6.758999867668843097e-06,-4.000000059604644775e-01
6.759499867654702131e-06,-4.000000059604644775e-01
6.759999867640561165e-06,-4.000000059604644775e-01
6.760499867626420200e-06,-4.000000059604644775e-01
6.760999867612279234e-06,-4.000000059604644775e-01
6.761499867598138268e-06,-4.000000059604644775e-01
6.761999867583997302e-06,-4.000000059604644775e-01
6.762499867569856337e-06,-4.000000059604644775e-01
6.762999867555715371e-06,-4.000000059604644775e-01
6.763499867541574405e-06,-2.000000029802322388e-01
6.763999867527433439e-06,-4.000000059604644775e-01
6.764499867513292474e-06,-4.000000059604644775e-01
6.764999867499151508e-06,-4.000000059604644775e-01
6.765499867485010542e-06,-4.000000059604644775e-01
6.765999867470869576e-06,-4.000000059604644775e-01
6.766499867456728611e-06,-4.000000059604644775e-01
6.766999867442587645e-06,-4.000000059604644775e-01
6.767499867428446679e-06,-4.000000059604644775e-01
6.767999867414305714e-06,-4.000000059604644775e-01
6.768499867400164748e-06,-4.000000059604644775e-01
6.768999867386023782e-06,-4.000000059604644775e-01
6.769499867371882816e-06,-4.000000059604644775e-01
6.769999867357741851e-06,-4.000000059604644775e-01
6.770499867343600885e-06,-4.000000059604644775e-01
6.770999867329459919e-06,-4.000000059604644775e-01
6.771499867315318953e-06,-4.000000059604644775e-01
6.771999867301177988e-06,-4.000000059604644775e-01
6.772499867287037022e-06,-4.000000059604644775e-01
6.772999867272896056e-06,-4.000000059604644775e-01
6.773499867258755091e-06,-4.000000059604644775e-01
6.773999867244614125e-06,-2.000000029802322388e-01
6.774499867230473159e-06,-2.000000029802322388e-01
6.774999867216332193e-06,-2.000000029802322388e-01
6.775499867202191228e-06,-4.000000059604644775e-01
6.775999867188050262e-06,-4.000000059604644775e-01
6.776499867173909296e-06,-4.000000059604644775e-01
6.776999867159768330e-06,-4.000000059604644775e-01
6.777499867145627365e-06,-4.000000059604644775e-01
6.777999867131486399e-06,-4.000000059604644775e-01
6.778499867117345433e-06,-4.000000059604644775e-01
6.778999867103204467e-06,-4.000000059604644775e-01
6.779499867089063502e-06,-4.000000059604644775e-01
6.779999867074922536e-06,-4.000000059604644775e-01
6.780499867060781570e-06,-2.000000029802322388e-01
6.780999867046640605e-06,-4.000000059604644775e-01
6.781499867032499639e-06,-2.000000029802322388e-01
6.781999867018358673e-06,-2.000000029802322388e-01
6.782499867004217707e-06,-2.000000029802322388e-01
6.782999866990076742e-06,-2.000000029802322388e-01
6.783499866975935776e-06,-2.000000029802322388e-01
6.783999866961794810e-06,-4.000000059604644775e-01
6.784499866947653844e-06,-2.000000029802322388e-01
6.784999866933512879e-06,-2.000000029802322388e-01
6.785499866919371913e-06,-2.000000029802322388e-01
6.785999866905230947e-06,-2.000000029802322388e-01
6.786499866891089981e-06,-2.000000029802322388e-01
6.786999866876949016e-06,-2.000000029802322388e-01
6.787499866862808050e-06,-2.000000029802322388e-01
6.787999866848667084e-06,-2.000000029802322388e-01
6.788499866834526119e-06,-2.000000029802322388e-01
6.788999866820385153e-06,-2.000000029802322388e-01
6.789499866806244187e-06,-2.000000029802322388e-01
6.789999866792103221e-06,-2.000000029802322388e-01
6.790499866777962256e-06,-2.000000029802322388e-01
6.790999866763821290e-06,-2.000000029802322388e-01
6.791499866749680324e-06,-2.000000029802322388e-01
6.791999866735539358e-06,-2.000000029802322388e-01
6.792499866721398393e-06,-2.000000029802322388e-01
6.792999866707257427e-06,-4.000000059604644775e-01
6.793499866693116461e-06,-2.000000029802322388e-01
6.793999866678975496e-06,-2.000000029802322388e-01
6.794499866664834530e-06,-2.000000029802322388e-01
6.794999866650693564e-06,-2.000000029802322388e-01
6.795499866636552598e-06,-2.000000029802322388e-01
6.795999866622411633e-06,-2.000000029802322388e-01
6.796499866608270667e-06,-2.000000029802322388e-01
6.796999866594129701e-06,-2.000000029802322388e-01
6.797499866579988735e-06,-2.000000029802322388e-01
6.797999866565847770e-06,-2.000000029802322388e-01
6.798499866551706804e-06,-2.000000029802322388e-01
6.798999866537565838e-06,-2.000000029802322388e-01
6.799499866523424872e-06,-2.000000029802322388e-01
6.799999866509283907e-06,-2.000000029802322388e-01
6.800499866495142941e-06,-2.000000029802322388e-01
6.800999866481001975e-06,-2.000000029802322388e-01
6.801499866466861010e-06,-2.000000029802322388e-01
6.801999866452720044e-06,-2.000000029802322388e-01
6.802499866438579078e-06,-4.000000059604644775e-01
6.802999866424438112e-06,-2.000000029802322388e-01
6.803499866410297147e-06,-2.000000029802322388e-01
6.803999866396156181e-06,-2.000000029802322388e-01
6.804499866382015215e-06,-2.000000029802322388e-01
6.804999866367874249e-06,-2.000000029802322388e-01
6.805499866353733284e-06,-2.000000029802322388e-01
6.805999866339592318e-06,-2.000000029802322388e-01
6.806499866325451352e-06,-2.000000029802322388e-01
6.806999866311310386e-06,-2.000000029802322388e-01
6.807499866297169421e-06,-2.000000029802322388e-01
6.807999866283028455e-06,-2.000000029802322388e-01
6.808499866268887489e-06,-2.000000029802322388e-01
6.808999866254746524e-06,-2.000000029802322388e-01
6.809499866240605558e-06,-2.000000029802322388e-01
6.809999866226464592e-06,-2.000000029802322388e-01
6.810499866212323626e-06,-2.000000029802322388e-01
6.810999866198182661e-06,-2.000000029802322388e-01
6.811499866184041695e-06,-2.000000029802322388e-01
6.811999866169900729e-06,-2.000000029802322388e-01
6.812499866155759763e-06,-2.000000029802322388e-01
6.812999866141618798e-06,-2.000000029802322388e-01
6.813499866127477832e-06,-2.000000029802322388e-01
6.813999866113336866e-06,-2.000000029802322388e-01
6.814499866099195901e-06,-2.000000029802322388e-01
6.814999866085054935e-06,-2.000000029802322388e-01
6.815499866070913969e-06,-2.000000029802322388e-01
6.815999866056773003e-06,-2.000000029802322388e-01
6.816499866042632038e-06,-2.000000029802322388e-01
6.816999866028491072e-06,-2.000000029802322388e-01
6.817499866014350106e-06,-2.000000029802322388e-01
6.817999866000209140e-06,-2.000000029802322388e-01
6.818499865986068175e-06,-2.000000029802322388e-01
6.818999865971927209e-06,-2.000000029802322388e-01
6.819499865957786243e-06,-2.000000029802322388e-01
6.819999865943645277e-06,-2.000000029802322388e-01
6.820499865929504312e-06,-2.000000029802322388e-01
6.820999865915363346e-06,-2.000000029802322388e-01
6.821499865901222380e-06,-2.000000029802322388e-01
6.821999865887081415e-06,-2.000000029802322388e-01
6.822499865872940449e-06,-2.000000029802322388e-01
6.822999865858799483e-06,-2.000000029802322388e-01
6.823499865844658517e-06,-2.000000029802322388e-01
6.823999865830517552e-06,-2.000000029802322388e-01
6.824499865816376586e-06,-2.000000029802322388e-01
6.824999865802235620e-06,-2.000000029802322388e-01
6.825499865788094654e-06,-2.000000029802322388e-01
6.825999865773953689e-06,-2.000000029802322388e-01
6.826499865759812723e-06,-2.000000029802322388e-01
6.826999865745671757e-06,-2.000000029802322388e-01
6.827499865731530791e-06,-2.000000029802322388e-01
6.827999865717389826e-06,-2.000000029802322388e-01
6.828499865703248860e-06,-2.000000029802322388e-01
6.828999865689107894e-06,-2.000000029802322388e-01
6.829499865674966929e-06,-2.000000029802322388e-01
6.829999865660825963e-06,-2.000000029802322388e-01
6.830499865646684997e-06,-2.000000029802322388e-01
6.830999865632544031e-06,-2.000000029802322388e-01
6.831499865618403066e-06,-2.000000029802322388e-01
6.831999865604262100e-06,-2.000000029802322388e-01
6.832499865590121134e-06,-2.000000029802322388e-01
6.832999865575980168e-06,-2.000000029802322388e-01
6.833499865561839203e-06,-2.000000029802322388e-01
6.833999865547698237e-06,-2.000000029802322388e-01
6.834499865533557271e-06,-2.000000029802322388e-01
6.834999865519416306e-06,-2.000000029802322388e-01
6.835499865505275340e-06,-2.000000029802322388e-01
6.835999865491134374e-06,-2.000000029802322388e-01
6.836499865476993408e-06,-2.000000029802322388e-01
6.836999865462852443e-06,-2.000000029802322388e-01
6.837499865448711477e-06,-2.000000029802322388e-01
6.837999865434570511e-06,-2.000000029802322388e-01
6.838499865420429545e-06,-2.000000029802322388e-01
6.838999865406288580e-06,-2.000000029802322388e-01
6.839499865392147614e-06,-2.000000029802322388e-01
6.839999865378006648e-06,-2.000000029802322388e-01
6.840499865363865682e-06,-2.000000029802322388e-01
6.840999865349724717e-06,-2.000000029802322388e-01
6.841499865335583751e-06,-2.000000029802322388e-01
6.841999865321442785e-06,-2.000000029802322388e-01
6.842499865307301820e-06,-2.000000029802322388e-01
6.842999865293160854e-06,-2.000000029802322388e-01
6.843499865279019888e-06,-2.000000029802322388e-01
6.843999865264878922e-06,-2.000000029802322388e-01
6.844499865250737957e-06,-2.000000029802322388e-01
6.844999865236596991e-06,-2.000000029802322388e-01
6.845499865222456025e-06,-2.000000029802322388e-01
6.845999865208315059e-06,-2.000000029802322388e-01
6.846499865194174094e-06,-2.000000029802322388e-01
6.846999865180033128e-06,0.000000000000000000e+00
6.847499865165892162e-06,-2.000000029802322388e-01
6.847999865151751196e-06,-2.000000029802322388e-01
6.848499865137610231e-06,-2.000000029802322388e-01
6.848999865123469265e-06,-2.000000029802322388e-01
6.849499865109328299e-06,-2.000000029802322388e-01
6.849999865095187334e-06,-2.000000029802322388e-01
6.850499865081046368e-06,-2.000000029802322388e-01
6.850999865066905402e-06,-2.000000029802322388e-01
6.851499865052764436e-06,-2.000000029802322388e-01
6.851999865038623471e-06,0.000000000000000000e+00
6.852499865024482505e-06,0.000000000000000000e+00
6.852999865010341539e-06,0.000000000000000000e+00
6.853499864996200573e-06,0.000000000000000000e+00
6.853999864982059608e-06,-2.000000029802322388e-01
6.854499864967918642e-06,-2.000000029802322388e-01
6.854999864953777676e-06,0.000000000000000000e+00
6.855499864939636711e-06,0.000000000000000000e+00
6.855999864925495745e-06,-2.000000029802322388e-01
6.856499864911354779e-06,-2.000000029802322388e-01
6.856999864897213813e-06,-2.000000029802322388e-01
6.857499864883072848e-06,-2.000000029802322388e-01
6.857999864868931882e-06,-2.000000029802322388e-01
6.858499864854790916e-06,-2.000000029802322388e-01
6.858999864840649950e-06,-2.000000029802322388e-01
6.859499864826508985e-06,-2.000000029802322388e-01
6.859999864812368019e-06,-2.000000029802322388e-01
6.860499864798227053e-06,-2.000000029802322388e-01
6.860999864784086087e-06,-2.000000029802322388e-01
6.861499864769945122e-06,-2.000000029802322388e-01
6.861999864755804156e-06,-2.000000029802322388e-01
6.862499864741663190e-06,-2.000000029802322388e-01
6.862999864727522225e-06,-2.000000029802322388e-01
6.863499864713381259e-06,-2.000000029802322388e-01
6.863999864699240293e-06,0.000000000000000000e+00
6.864499864685099327e-06,0.000000000000000000e+00
6.864999864670958362e-06,0.000000000000000000e+00
6.865499864656817396e-06,-2.000000029802322388e-01
6.865999864642676430e-06,-2.000000029802322388e-01
6.866499864628535464e-06,-2.000000029802322388e-01
6.866999864614394499e-06,-2.000000029802322388e-01
6.867499864600253533e-06,-2.000000029802322388e-01
6.867999864586112567e-06,0.000000000000000000e+00
6.868499864571971601e-06,0.000000000000000000e+00
6.868999864557830636e-06,-2.000000029802322388e-01
6.869499864543689670e-06,0.000000000000000000e+00
6.869999864529548704e-06,0.000000000000000000e+00
6.870499864515407739e-06,-2.000000029802322388e-01
6.870999864501266773e-06,-2.000000029802322388e-01
6.871499864487125807e-06,-2.000000029802322388e-01
6.871999864472984841e-06,-2.000000029802322388e-01
6.872499864458843876e-06,-2.000000029802322388e-01
6.872999864444702910e-06,-2.000000029802322388e-01
6.873499864430561944e-06,-2.000000029802322388e-01
6.873999864416420978e-06,-2.000000029802322388e-01
6.874499864402280013e-06,-2.000000029802322388e-01
6.874999864388139047e-06,-2.000000029802322388e-01
6.875499864373998081e-06,-2.000000029802322388e-01
6.875999864359857116e-06,-2.000000029802322388e-01
6.876499864345716150e-06,0.000000000000000000e+00
6.876999864331575184e-06,-2.000000029802322388e-01
6.877499864317434218e-06,0.000000000000000000e+00
6.877999864303293253e-06,0.000000000000000000e+00
6.878499864289152287e-06,0.000000000000000000e+00
6.878999864275011321e-06,0.000000000000000000e+00
6.879499864260870355e-06,0.000000000000000000e+00
6.879999864246729390e-06,0.000000000000000000e+00
6.880499864232588424e-06,-2.000000029802322388e-01
6.880999864218447458e-06,-2.000000029802322388e-01
6.881499864204306492e-06,-2.000000029802322388e-01
6.881999864190165527e-06,-2.000000029802322388e-01
6.882499864176024561e-06,0.000000000000000000e+00
6.882999864161883595e-06,-2.000000029802322388e-01
6.883499864147742630e-06,-2.000000029802322388e-01
6.883999864133601664e-06,0.000000000000000000e+00
6.884499864119460698e-06,0.000000000000000000e+00
6.884999864105319732e-06,0.000000000000000000e+00
6.885499864091178767e-06,0.000000000000000000e+00
6.885999864077037801e-06,0.000000000000000000e+00
6.886499864062896835e-06,0.000000000000000000e+00
6.886999864048755869e-06,0.000000000000000000e+00
6.887499864034614904e-06,0.000000000000000000e+00
6.887999864020473938e-06,0.000000000000000000e+00
6.888499864006332972e-06,0.000000000000000000e+00
6.888999863992192006e-06,0.000000000000000000e+00
6.889499863978051041e-06,0.000000000000000000e+00
6.889999863963910075e-06,-2.000000029802322388e-01
6.890499863949769109e-06,-2.000000029802322388e-01
6.890999863935628144e-06,0.000000000000000000e+00
6.891499863921487178e-06,0.000000000000000000e+00
6.891999863907346212e-06,0.000000000000000000e+00
6.892499863893205246e-06,-2.000000029802322388e-01
6.892999863879064281e-06,-2.000000029802322388e-01
6.893499863864923315e-06,0.000000000000000000e+00
6.893999863850782349e-06,0.000000000000000000e+00
6.894499863836641383e-06,0.000000000000000000e+00
6.894999863822500418e-06,-2.000000029802322388e-01
6.895499863808359452e-06,-2.000000029802322388e-01
6.895999863794218486e-06,-2.000000029802322388e-01
6.896499863780077521e-06,-2.000000029802322388e-01
6.896999863765936555e-06,-2.000000029802322388e-01
6.897499863751795589e-06,-2.000000029802322388e-01
6.897999863737654623e-06,0.000000000000000000e+00
6.898499863723513658e-06,0.000000000000000000e+00
6.898999863709372692e-06,-2.000000029802322388e-01
6.899499863695231726e-06,-2.000000029802322388e-01
6.899999863681090760e-06,0.000000000000000000e+00
6.900499863666949795e-06,0.000000000000000000e+00
6.900999863652808829e-06,0.000000000000000000e+00
6.901499863638667863e-06,0.000000000000000000e+00
6.901999863624526897e-06,0.000000000000000000e+00
6.902499863610385932e-06,0.000000000000000000e+00
6.902999863596244966e-06,0.000000000000000000e+00
6.903499863582104000e-06,0.000000000000000000e+00
6.903999863567963035e-06,0.000000000000000000e+00
6.904499863553822069e-06,0.000000000000000000e+00
6.904999863539681103e-06,0.000000000000000000e+00
6.905499863525540137e-06,0.000000000000000000e+00
6.905999863511399172e-06,0.000000000000000000e+00
6.906499863497258206e-06,0.000000000000000000e+00
6.906999863483117240e-06,-2.000000029802322388e-01
6.907499863468976274e-06,0.000000000000000000e+00
6.907999863454835309e-06,0.000000000000000000e+00
6.908499863440694343e-06,0.000000000000000000e+00
6.908999863426553377e-06,0.000000000000000000e+00
6.909499863412412411e-06,0.000000000000000000e+00
6.909999863398271446e-06,0.000000000000000000e+00
6.910499863384130480e-06,0.000000000000000000e+00
6.910999863369989514e-06,0.000000000000000000e+00
6.911499863355848549e-06,0.000000000000000000e+00
6.911999863341707583e-06,0.000000000000000000e+00
6.912499863327566617e-06,0.000000000000000000e+00
6.912999863313425651e-06,0.000000000000000000e+00
6.913499863299284686e-06,0.000000000000000000e+00
6.913999863285143720e-06,0.000000000000000000e+00
6.914499863271002754e-06,0.000000000000000000e+00
6.914999863256861788e-06,0.000000000000000000e+00
6.915499863242720823e-06,0.000000000000000000e+00
6.915999863228579857e-06,0.000000000000000000e+00
6.916499863214438891e-06,0.000000000000000000e+00
6.916999863200297926e-06,0.000000000000000000e+00
6.917499863186156960e-06,0.000000000000000000e+00
6.917999863172015994e-06,0.000000000000000000e+00
6.918499863157875028e-06,0.000000000000000000e+00
6.918999863143734063e-06,0.000000000000000000e+00
6.919499863129593097e-06,-2.000000029802322388e-01
6.919999863115452131e-06,0.000000000000000000e+00
6.920499863101311165e-06,0.000000000000000000e+00
6.920999863087170200e-06,0.000000000000000000e+00
6.921499863073029234e-06,0.000000000000000000e+00
6.921999863058888268e-06,0.000000000000000000e+00
6.922499863044747302e-06,0.000000000000000000e+00
6.922999863030606337e-06,0.000000000000000000e+00
6.923499863016465371e-06,0.000000000000000000e+00
6.923999863002324405e-06,0.000000000000000000e+00
6.924499862988183440e-06,0.000000000000000000e+00
6.924999862974042474e-06,0.000000000000000000e+00
6.925499862959901508e-06,0.000000000000000000e+00
6.925999862945760542e-06,0.000000000000000000e+00
6.926499862931619577e-06,0.000000000000000000e+00
6.926999862917478611e-06,0.000000000000000000e+00
6.927499862903337645e-06,-2.000000029802322388e-01
6.927999862889196679e-06,0.000000000000000000e+00
6.928499862875055714e-06,0.000000000000000000e+00
6.928999862860914748e-06,0.000000000000000000e+00
6.929499862846773782e-06,0.000000000000000000e+00
6.929999862832632816e-06,0.000000000000000000e+00
6.930499862818491851e-06,0.000000000000000000e+00
6.930999862804350885e-06,0.000000000000000000e+00
6.931499862790209919e-06,0.000000000000000000e+00
6.931999862776068954e-06,0.000000000000000000e+00
6.932499862761927988e-06,0.000000000000000000e+00
6.932999862747787022e-06,0.000000000000000000e+00
6.933499862733646056e-06,0.000000000000000000e+00
6.933999862719505091e-06,0.000000000000000000e+00
6.934499862705364125e-06,0.000000000000000000e+00
6.934999862691223159e-06,-2.000000029802322388e-01
6.935499862677082193e-06,-2.000000029802322388e-01
6.935999862662941228e-06,0.000000000000000000e+00
6.936499862648800262e-06,0.000000000000000000e+00
6.936999862634659296e-06,0.000000000000000000e+00
6.937499862620518331e-06,0.000000000000000000e+00
6.937999862606377365e-06,0.000000000000000000e+00
6.938499862592236399e-06,0.000000000000000000e+00
6.938999862578095433e-06,0.000000000000000000e+00
6.939499862563954468e-06,0.000000000000000000e+00
6.939999862549813502e-06,0.000000000000000000e+00
6.940499862535672536e-06,0.000000000000000000e+00
6.940999862521531570e-06,0.000000000000000000e+00
6.941499862507390605e-06,0.000000000000000000e+00
6.941999862493249639e-06,0.000000000000000000e+00
6.942499862479108673e-06,0.000000000000000000e+00
6.942999862464967707e-06,0.000000000000000000e+00
6.943499862450826742e-06,0.000000000000000000e+00
6.943999862436685776e-06,0.000000000000000000e+00
6.944499862422544810e-06,0.000000000000000000e+00
6.944999862408403845e-06,0.000000000000000000e+00
6.945499862394262879e-06,0.000000000000000000e+00
6.945999862380121913e-06,0.000000000000000000e+00
6.946499862365980947e-06,0.000000000000000000e+00
6.946999862351839982e-06,0.000000000000000000e+00
6.947499862337699016e-06,0.000000000000000000e+00
6.947999862323558050e-06,0.000000000000000000e+00
6.948499862309417084e-06,-2.000000029802322388e-01
6.948999862295276119e-06,0.000000000000000000e+00
6.949499862281135153e-06,0.000000000000000000e+00
6.949999862266994187e-06,-2.000000029802322388e-01
6.950499862252853221e-06,0.000000000000000000e+00
6.950999862238712256e-06,0.000000000000000000e+00
6.951499862224571290e-06,0.000000000000000000e+00
6.951999862210430324e-06,0.000000000000000000e+00
6.952499862196289359e-06,0.000000000000000000e+00
6.952999862182148393e-06,0.000000000000000000e+00
6.953499862168007427e-06,0.000000000000000000e+00
6.953999862153866461e-06,0.000000000000000000e+00
6.954499862139725496e-06,0.000000000000000000e+00
6.954999862125584530e-06,0.000000000000000000e+00
6.955499862111443564e-06,0.000000000000000000e+00
6.955999862097302598e-06,0.000000000000000000e+00
6.956499862083161633e-06,0.000000000000000000e+00
6.956999862069020667e-06,0.000000000000000000e+00
6.957499862054879701e-06,0.000000000000000000e+00
6.957999862040738736e-06,0.000000000000000000e+00
6.958499862026597770e-06,0.000000000000000000e+00
6.958999862012456804e-06,0.000000000000000000e+00
6.959499861998315838e-06,0.000000000000000000e+00
6.959999861984174873e-06,0.000000000000000000e+00
6.960499861970033907e-06,0.000000000000000000e+00
6.960999861955892941e-06,0.000000000000000000e+00
6.961499861941751975e-06,0.000000000000000000e+00
6.961999861927611010e-06,0.000000000000000000e+00
6.962499861913470044e-06,0.000000000000000000e+00
6.962999861899329078e-06,0.000000000000000000e+00
6.963499861885188112e-06,0.000000000000000000e+00
6.963999861871047147e-06,-2.000000029802322388e-01
6.964499861856906181e-06,0.000000000000000000e+00
6.964999861842765215e-06,0.000000000000000000e+00
6.965499861828624250e-06,0.000000000000000000e+00
6.965999861814483284e-06,0.000000000000000000e+00
6.966499861800342318e-06,0.000000000000000000e+00
6.966999861786201352e-06,0.000000000000000000e+00
6.967499861772060387e-06,0.000000000000000000e+00
6.967999861757919421e-06,0.000000000000000000e+00
6.968499861743778455e-06,-2.000000029802322388e-01
6.968999861729637489e-06,0.000000000000000000e+00
6.969499861715496524e-06,0.000000000000000000e+00
6.969999861701355558e-06,0.000000000000000000e+00
6.970499861687214592e-06,0.000000000000000000e+00
6.970999861673073626e-06,0.000000000000000000e+00
6.971499861658932661e-06,0.000000000000000000e+00
6.971999861644791695e-06,0.000000000000000000e+00
6.972499861630650729e-06,0.000000000000000000e+00
6.972999861616509764e-06,0.000000000000000000e+00
6.973499861602368798e-06,0.000000000000000000e+00
6.973999861588227832e-06,0.000000000000000000e+00
6.974499861574086866e-06,0.000000000000000000e+00
6.974999861559945901e-06,0.000000000000000000e+00
6.975499861545804935e-06,0.000000000000000000e+00
6.975999861531663969e-06,0.000000000000000000e+00
6.976499861517523003e-06,0.000000000000000000e+00
6.976999861503382038e-06,0.000000000000000000e+00
6.977499861489241072e-06,-2.000000029802322388e-01
6.977999861475100106e-06,0.000000000000000000e+00
6.978499861460959141e-06,0.000000000000000000e+00
6.978999861446818175e-06,0.000000000000000000e+00
6.979499861432677209e-06,0.000000000000000000e+00
6.979999861418536243e-06,0.000000000000000000e+00
6.980499861404395278e-06,0.000000000000000000e+00
6.980999861390254312e-06,0.000000000000000000e+00
6.981499861376113346e-06,0.000000000000000000e+00
6.981999861361972380e-06,0.000000000000000000e+00
6.982499861347831415e-06,0.000000000000000000e+00
6.982999861333690449e-06,0.000000000000000000e+00
6.983499861319549483e-06,0.000000000000000000e+00
6.983999861305408517e-06,0.000000000000000000e+00
6.984499861291267552e-06,0.000000000000000000e+00
6.984999861277126586e-06,0.000000000000000000e+00
6.985499861262985620e-06,0.000000000000000000e+00
6.985999861248844655e-06,0.000000000000000000e+00
6.986499861234703689e-06,0.000000000000000000e+00
6.986999861220562723e-06,0.000000000000000000e+00
6.987499861206421757e-06,0.000000000000000000e+00
6.987999861192280792e-06,0.000000000000000000e+00
6.988499861178139826e-06,0.000000000000000000e+00
6.988999861163998860e-06,0.000000000000000000e+00
6.989499861149857894e-06,0.000000000000000000e+00
6.989999861135716929e-06,0.000000000000000000e+00
6.990499861121575963e-06,0.000000000000000000e+00
6.990999861107434997e-06,0.000000000000000000e+00
6.991499861093294031e-06,0.000000000000000000e+00
6.991999861079153066e-06,0.000000000000000000e+00
6.992499861065012100e-06,0.000000000000000000e+00
6.992999861050871134e-06,0.000000000000000000e+00
6.993499861036730169e-06,0.000000000000000000e+00
6.993999861022589203e-06,0.000000000000000000e+00
6.994499861008448237e-06,0.000000000000000000e+00
6.994999860994307271e-06,0.000000000000000000e+00
6.995499860980166306e-06,0.000000000000000000e+00
6.995999860966025340e-06,0.000000000000000000e+00
6.996499860951884374e-06,0.000000000000000000e+00
6.996999860937743408e-06,0.000000000000000000e+00
6.997499860923602443e-06,0.000000000000000000e+00
6.997999860909461477e-06,0.000000000000000000e+00
6.998499860895320511e-06,0.000000000000000000e+00
6.998999860881179546e-06,0.000000000000000000e+00
6.999499860867038580e-06,0.000000000000000000e+00
6.999999860852897614e-06,0.000000000000000000e+00
7.000499860838756648e-06,0.000000000000000000e+00
7.000999860824615683e-06,0.000000000000000000e+00
7.001499860810474717e-06,-2.000000029802322388e-01
7.001999860796333751e-06,0.000000000000000000e+00
7.002499860782192785e-06,0.000000000000000000e+00
7.002999860768051820e-06,0.000000000000000000e+00
7.003499860753910854e-06,0.000000000000000000e+00
7.003999860739769888e-06,0.000000000000000000e+00
7.004499860725628922e-06,0.000000000000000000e+00
7.004999860711487957e-06,0.000000000000000000e+00
7.005499860697346991e-06,0.000000000000000000e+00
7.005999860683206025e-06,0.000000000000000000e+00
7.006499860669065060e-06,0.000000000000000000e+00
7.006999860654924094e-06,0.000000000000000000e+00
7.007499860640783128e-06,0.000000000000000000e+00
7.007999860626642162e-06,0.000000000000000000e+00
7.008499860612501197e-06,0.000000000000000000e+00
7.008999860598360231e-06,0.000000000000000000e+00
7.009499860584219265e-06,0.000000000000000000e+00
7.009999860570078299e-06,0.000000000000000000e+00
7.010499860555937334e-06,0.000000000000000000e+00
7.010999860541796368e-06,-2.000000029802322388e-01
7.011499860527655402e-06,0.000000000000000000e+00
7.011999860513514436e-06,0.000000000000000000e+00
7.012499860499373471e-06,0.000000000000000000e+00
7.012999860485232505e-06,0.000000000000000000e+00
7.013499860471091539e-06,0.000000000000000000e+00
7.013999860456950574e-06,0.000000000000000000e+00
7.014499860442809608e-06,0.000000000000000000e+00
7.014999860428668642e-06,0.000000000000000000e+00
7.015499860414527676e-06,0.000000000000000000e+00
7.015999860400386711e-06,0.000000000000000000e+00
7.016499860386245745e-06,0.000000000000000000e+00
7.016999860372104779e-06,0.000000000000000000e+00
7.017499860357963813e-06,0.000000000000000000e+00
7.017999860343822848e-06,0.000000000000000000e+00
7.018499860329681882e-06,0.000000000000000000e+00
7.018999860315540916e-06,0.000000000000000000e+00
7.019499860301399951e-06,0.000000000000000000e+00
7.019999860287258985e-06,0.000000000000000000e+00
7.020499860273118019e-06,0.000000000000000000e+00
7.020999860258977053e-06,0.000000000000000000e+00
7.021499860244836088e-06,0.000000000000000000e+00
7.021999860230695122e-06,0.000000000000000000e+00
7.022499860216554156e-06,0.000000000000000000e+00
7.022999860202413190e-06,0.000000000000000000e+00
7.023499860188272225e-06,0.000000000000000000e+00
7.023999860174131259e-06,0.000000000000000000e+00
7.024499860159990293e-06,0.000000000000000000e+00
7.024999860145849327e-06,0.000000000000000000e+00
7.025499860131708362e-06,0.000000000000000000e+00
7.025999860117567396e-06,0.000000000000000000e+00
7.026499860103426430e-06,0.000000000000000000e+00
7.026999860089285465e-06,0.000000000000000000e+00
7.027499860075144499e-06,0.000000000000000000e+00
7.027999860061003533e-06,0.000000000000000000e+00
7.028499860046862567e-06,0.000000000000000000e+00
7.028999860032721602e-06,0.000000000000000000e+00
7.029499860018580636e-06,0.000000000000000000e+00
7.029999860004439670e-06,0.000000000000000000e+00
7.030499859990298704e-06,0.000000000000000000e+00
7.030999859976157739e-06,0.000000000000000000e+00
7.031499859962016773e-06,0.000000000000000000e+00
7.031999859947875807e-06,0.000000000000000000e+00
7.032499859933734841e-06,0.000000000000000000e+00
7.032999859919593876e-06,0.000000000000000000e+00
7.033499859905452910e-06,0.000000000000000000e+00
7.033999859891311944e-06,0.000000000000000000e+00
7.034499859877170979e-06,0.000000000000000000e+00
7.034999859863030013e-06,0.000000000000000000e+00
7.035499859848889047e-06,0.000000000000000000e+00
7.035999859834748081e-06,0.000000000000000000e+00
7.036499859820607116e-06,0.000000000000000000e+00
7.036999859806466150e-06,0.000000000000000000e+00
7.037499859792325184e-06,0.000000000000000000e+00
7.037999859778184218e-06,0.000000000000000000e+00
7.038499859764043253e-06,0.000000000000000000e+00
7.038999859749902287e-06,0.000000000000000000e+00
7.039499859735761321e-06,0.000000000000000000e+00
7.039999859721620356e-06,0.000000000000000000e+00
7.040499859707479390e-06,0.000000000000000000e+00
7.040999859693338424e-06,0.000000000000000000e+00
7.041499859679197458e-06,0.000000000000000000e+00
7.041999859665056493e-06,0.000000000000000000e+00
7.042499859650915527e-06,0.000000000000000000e+00
7.042999859636774561e-06,0.000000000000000000e+00
7.043499859622633595e-06,0.000000000000000000e+00
7.043999859608492630e-06,0.000000000000000000e+00
7.044499859594351664e-06,0.000000000000000000e+00
7.044999859580210698e-06,0.000000000000000000e+00
7.045499859566069732e-06,0.000000000000000000e+00
7.045999859551928767e-06,0.000000000000000000e+00
7.046499859537787801e-06,-2.000000029802322388e-01
7.046999859523646835e-06,0.000000000000000000e+00
7.047499859509505870e-06,0.000000000000000000e+00
7.047999859495364904e-06,0.000000000000000000e+00
7.048499859481223938e-06,0.000000000000000000e+00
7.048999859467082972e-06,0.000000000000000000e+00
7.049499859452942007e-06,0.000000000000000000e+00
7.049999859438801041e-06,0.000000000000000000e+00
7.050499859424660075e-06,0.000000000000000000e+00
7.050999859410519109e-06,0.000000000000000000e+00
7.051499859396378144e-06,0.000000000000000000e+00
7.051999859382237178e-06,0.000000000000000000e+00
7.052499859368096212e-06,0.000000000000000000e+00
7.052999859353955246e-06,0.000000000000000000e+00
7.053499859339814281e-06,0.000000000000000000e+00
7.053999859325673315e-06,0.000000000000000000e+00
7.054499859311532349e-06,0.000000000000000000e+00
7.054999859297391384e-06,0.000000000000000000e+00
7.055499859283250418e-06,0.000000000000000000e+00
7.055999859269109452e-06,0.000000000000000000e+00
7.056499859254968486e-06,0.000000000000000000e+00
7.056999859240827521e-06,0.000000000000000000e+00
7.057499859226686555e-06,0.000000000000000000e+00
7.057999859212545589e-06,0.000000000000000000e+00
7.058499859198404623e-06,0.000000000000000000e+00
7.058999859184263658e-06,0.000000000000000000e+00
7.059499859170122692e-06,0.000000000000000000e+00
7.059999859155981726e-06,0.000000000000000000e+00
7.060499859141840761e-06,0.000000000000000000e+00
7.060999859127699795e-06,0.000000000000000000e+00
7.061499859113558829e-06,0.000000000000000000e+00
7.061999859099417863e-06,0.000000000000000000e+00
7.062499859085276898e-06,0.000000000000000000e+00
7.062999859071135932e-06,0.000000000000000000e+00
7.063499859056994966e-06,0.000000000000000000e+00
7.063999859042854000e-06,0.000000000000000000e+00
7.064499859028713035e-06,0.000000000000000000e+00
7.064999859014572069e-06,0.000000000000000000e+00
7.065499859000431103e-06,0.000000000000000000e+00
7.065999858986290137e-06,0.000000000000000000e+00
7.066499858972149172e-06,0.000000000000000000e+00
7.066999858958008206e-06,0.000000000000000000e+00
7.067499858943867240e-06,0.000000000000000000e+00
7.067999858929726275e-06,0.000000000000000000e+00
7.068499858915585309e-06,0.000000000000000000e+00
7.068999858901444343e-06,0.000000000000000000e+00
7.069499858887303377e-06,0.000000000000000000e+00
7.069999858873162412e-06,0.000000000000000000e+00
7.070499858859021446e-06,0.000000000000000000e+00
7.070999858844880480e-06,0.000000000000000000e+00
7.071499858830739514e-06,0.000000000000000000e+00
7.071999858816598549e-06,0.000000000000000000e+00
7.072499858802457583e-06,0.000000000000000000e+00
7.072999858788316617e-06,0.000000000000000000e+00
7.073499858774175651e-06,0.000000000000000000e+00
7.073999858760034686e-06,0.000000000000000000e+00
7.074499858745893720e-06,0.000000000000000000e+00
7.074999858731752754e-06,0.000000000000000000e+00
7.075499858717611789e-06,0.000000000000000000e+00
7.075999858703470823e-06,0.000000000000000000e+00
7.076499858689329857e-06,0.000000000000000000e+00
7.076999858675188891e-06,0.000000000000000000e+00
7.077499858661047926e-06,0.000000000000000000e+00
7.077999858646906960e-06,0.000000000000000000e+00
7.078499858632765994e-06,0.000000000000000000e+00
7.078999858618625028e-06,0.000000000000000000e+00
7.079499858604484063e-06,0.000000000000000000e+00
