Time(s),Voltage(V)
2.234999999999999777e-06,0.000000000000000000e+00
2.235499999985858811e-06,0.000000000000000000e+00
2.235999999971717846e-06,0.000000000000000000e+00
2.236499999957576880e-06,0.000000000000000000e+00
2.236999999943435914e-06,0.000000000000000000e+00
2.237499999929294948e-06,0.000000000000000000e+00
2.237999999915153983e-06,0.000000000000000000e+00
2.238499999901013017e-06,0.000000000000000000e+00
2.238999999886872051e-06,0.000000000000000000e+00
2.239499999872731086e-06,0.000000000000000000e+00
2.239999999858590120e-06,0.000000000000000000e+00
2.240499999844449154e-06,0.000000000000000000e+00
2.240999999830308188e-06,0.000000000000000000e+00
2.241499999816167223e-06,0.000000000000000000e+00
2.241999999802026257e-06,0.000000000000000000e+00
2.242499999787885291e-06,0.000000000000000000e+00
2.242999999773744325e-06,0.000000000000000000e+00
2.243499999759603360e-06,0.000000000000000000e+00
2.243999999745462394e-06,0.000000000000000000e+00
2.244499999731321428e-06,0.000000000000000000e+00
2.244999999717180462e-06,0.000000000000000000e+00
2.245499999703039497e-06,0.000000000000000000e+00
2.245999999688898531e-06,0.000000000000000000e+00
2.246499999674757565e-06,0.000000000000000000e+00
2.246999999660616600e-06,0.000000000000000000e+00
2.247499999646475634e-06,0.000000000000000000e+00
2.247999999632334668e-06,0.000000000000000000e+00
2.248499999618193702e-06,0.000000000000000000e+00
2.248999999604052737e-06,0.000000000000000000e+00
2.249499999589911771e-06,0.000000000000000000e+00
2.249999999575770805e-06,0.000000000000000000e+00
2.250499999561629839e-06,0.000000000000000000e+00
2.250999999547488874e-06,0.000000000000000000e+00
2.251499999533347908e-06,0.000000000000000000e+00
2.251999999519206942e-06,0.000000000000000000e+00
2.252499999505065976e-06,0.000000000000000000e+00
2.252999999490925011e-06,0.000000000000000000e+00
2.253499999476784045e-06,0.000000000000000000e+00
2.253999999462643079e-06,0.000000000000000000e+00
2.254499999448502114e-06,0.000000000000000000e+00
2.254999999434361148e-06,0.000000000000000000e+00
2.255499999420220182e-06,0.000000000000000000e+00
2.255999999406079216e-06,0.000000000000000000e+00
2.256499999391938251e-06,0.000000000000000000e+00
2.256999999377797285e-06,0.000000000000000000e+00
2.257499999363656319e-06,0.000000000000000000e+00
2.257999999349515353e-06,0.000000000000000000e+00
2.258499999335374388e-06,0.000000000000000000e+00
2.258999999321233422e-06,0.000000000000000000e+00
2.259499999307092456e-06,0.000000000000000000e+00
2.259999999292951491e-06,0.000000000000000000e+00
2.260499999278810525e-06,0.000000000000000000e+00
2.260999999264669559e-06,0.000000000000000000e+00
2.261499999250528593e-06,0.000000000000000000e+00
2.261999999236387628e-06,0.000000000000000000e+00
2.262499999222246662e-06,0.000000000000000000e+00
2.262999999208105696e-06,0.000000000000000000e+00
2.263499999193964730e-06,0.000000000000000000e+00
2.263999999179823765e-06,0.000000000000000000e+00
2.264499999165682799e-06,0.000000000000000000e+00
2.264999999151541833e-06,0.000000000000000000e+00
2.265499999137400867e-06,0.000000000000000000e+00
2.265999999123259902e-06,0.000000000000000000e+00
2.266499999109118936e-06,0.000000000000000000e+00
2.266999999094977970e-06,0.000000000000000000e+00
2.267499999080837005e-06,0.000000000000000000e+00
2.267999999066696039e-06,0.000000000000000000e+00
2.268499999052555073e-06,0.000000000000000000e+00
2.268999999038414107e-06,0.000000000000000000e+00
2.269499999024273142e-06,0.000000000000000000e+00
2.269999999010132176e-06,0.000000000000000000e+00
2.270499998995991210e-06,0.000000000000000000e+00
2.270999998981850244e-06,0.000000000000000000e+00
2.271499998967709279e-06,0.000000000000000000e+00
2.271999998953568313e-06,0.000000000000000000e+00
2.272499998939427347e-06,0.000000000000000000e+00
2.272999998925286381e-06,0.000000000000000000e+00
2.273499998911145416e-06,0.000000000000000000e+00
2.273999998897004450e-06,-2.000000029802322388e-01
2.274499998882863484e-06,0.000000000000000000e+00
2.274999998868722519e-06,0.000000000000000000e+00
2.275499998854581553e-06,0.000000000000000000e+00
2.275999998840440587e-06,0.000000000000000000e+00
2.276499998826299621e-06,0.000000000000000000e+00
2.276999998812158656e-06,0.000000000000000000e+00
2.277499998798017690e-06,0.000000000000000000e+00
2.277999998783876724e-06,0.000000000000000000e+00
2.278499998769735758e-06,0.000000000000000000e+00
2.278999998755594793e-06,0.000000000000000000e+00
2.279499998741453827e-06,0.000000000000000000e+00
2.279999998727312861e-06,0.000000000000000000e+00
2.280499998713171896e-06,0.000000000000000000e+00
2.280999998699030930e-06,0.000000000000000000e+00
2.281499998684889964e-06,0.000000000000000000e+00
2.281999998670748998e-06,0.000000000000000000e+00
2.282499998656608033e-06,0.000000000000000000e+00
2.282999998642467067e-06,0.000000000000000000e+00
2.283499998628326101e-06,0.000000000000000000e+00
2.283999998614185135e-06,0.000000000000000000e+00
2.284499998600044170e-06,0.000000000000000000e+00
2.284999998585903204e-06,0.000000000000000000e+00
2.285499998571762238e-06,0.000000000000000000e+00
2.285999998557621272e-06,0.000000000000000000e+00
2.286499998543480307e-06,0.000000000000000000e+00
2.286999998529339341e-06,0.000000000000000000e+00
2.287499998515198375e-06,0.000000000000000000e+00
2.287999998501057410e-06,0.000000000000000000e+00
2.288499998486916444e-06,0.000000000000000000e+00
2.288999998472775478e-06,0.000000000000000000e+00
2.289499998458634512e-06,0.000000000000000000e+00
2.289999998444493547e-06,0.000000000000000000e+00
2.290499998430352581e-06,0.000000000000000000e+00
2.290999998416211615e-06,0.000000000000000000e+00
2.291499998402070649e-06,0.000000000000000000e+00
2.291999998387929684e-06,0.000000000000000000e+00
2.292499998373788718e-06,0.000000000000000000e+00
2.292999998359647752e-06,0.000000000000000000e+00
2.293499998345506786e-06,0.000000000000000000e+00
2.293999998331365821e-06,0.000000000000000000e+00
2.294499998317224855e-06,0.000000000000000000e+00
2.294999998303083889e-06,0.000000000000000000e+00
2.295499998288942924e-06,0.000000000000000000e+00
2.295999998274801958e-06,0.000000000000000000e+00
2.296499998260660992e-06,0.000000000000000000e+00
2.296999998246520026e-06,0.000000000000000000e+00
2.297499998232379061e-06,0.000000000000000000e+00
2.297999998218238095e-06,0.000000000000000000e+00
2.298499998204097129e-06,0.000000000000000000e+00
2.298999998189956163e-06,0.000000000000000000e+00
2.299499998175815198e-06,0.000000000000000000e+00
2.299999998161674232e-06,0.000000000000000000e+00
2.300499998147533266e-06,0.000000000000000000e+00
2.300999998133392301e-06,0.000000000000000000e+00
2.301499998119251335e-06,0.000000000000000000e+00
2.301999998105110369e-06,0.000000000000000000e+00
2.302499998090969403e-06,0.000000000000000000e+00
2.302999998076828438e-06,0.000000000000000000e+00
2.303499998062687472e-06,0.000000000000000000e+00
2.303999998048546506e-06,0.000000000000000000e+00
2.304499998034405540e-06,0.000000000000000000e+00
2.304999998020264575e-06,0.000000000000000000e+00
2.305499998006123609e-06,0.000000000000000000e+00
2.305999997991982643e-06,0.000000000000000000e+00
2.306499997977841677e-06,0.000000000000000000e+00
2.306999997963700712e-06,0.000000000000000000e+00
2.307499997949559746e-06,0.000000000000000000e+00
2.307999997935418780e-06,0.000000000000000000e+00
2.308499997921277815e-06,0.000000000000000000e+00
2.308999997907136849e-06,0.000000000000000000e+00
2.309499997892995883e-06,0.000000000000000000e+00
2.309999997878854917e-06,0.000000000000000000e+00
2.310499997864713952e-06,0.000000000000000000e+00
2.310999997850572986e-06,0.000000000000000000e+00
2.311499997836432020e-06,0.000000000000000000e+00
2.311999997822291054e-06,0.000000000000000000e+00
2.312499997808150089e-06,0.000000000000000000e+00
2.312999997794009123e-06,0.000000000000000000e+00
2.313499997779868157e-06,0.000000000000000000e+00
2.313999997765727191e-06,0.000000000000000000e+00
2.314499997751586226e-06,0.000000000000000000e+00
2.314999997737445260e-06,0.000000000000000000e+00
2.315499997723304294e-06,0.000000000000000000e+00
2.315999997709163329e-06,0.000000000000000000e+00
2.316499997695022363e-06,0.000000000000000000e+00
2.316999997680881397e-06,0.000000000000000000e+00
2.317499997666740431e-06,0.000000000000000000e+00
2.317999997652599466e-06,0.000000000000000000e+00
2.318499997638458500e-06,0.000000000000000000e+00
2.318999997624317534e-06,0.000000000000000000e+00
2.319499997610176568e-06,0.000000000000000000e+00
2.319999997596035603e-06,0.000000000000000000e+00
2.320499997581894637e-06,0.000000000000000000e+00
2.320999997567753671e-06,0.000000000000000000e+00
2.321499997553612706e-06,0.000000000000000000e+00
2.321999997539471740e-06,0.000000000000000000e+00
2.322499997525330774e-06,0.000000000000000000e+00
2.322999997511189808e-06,0.000000000000000000e+00
2.323499997497048843e-06,0.000000000000000000e+00
2.323999997482907877e-06,0.000000000000000000e+00
2.324499997468766911e-06,0.000000000000000000e+00
2.324999997454625945e-06,0.000000000000000000e+00
2.325499997440484980e-06,0.000000000000000000e+00
2.325999997426344014e-06,0.000000000000000000e+00
2.326499997412203048e-06,0.000000000000000000e+00
2.326999997398062082e-06,0.000000000000000000e+00
2.327499997383921117e-06,0.000000000000000000e+00
2.327999997369780151e-06,0.000000000000000000e+00
2.328499997355639185e-06,0.000000000000000000e+00
2.328999997341498220e-06,0.000000000000000000e+00
2.329499997327357254e-06,0.000000000000000000e+00
2.329999997313216288e-06,0.000000000000000000e+00
2.330499997299075322e-06,0.000000000000000000e+00
2.330999997284934357e-06,0.000000000000000000e+00
2.331499997270793391e-06,0.000000000000000000e+00
2.331999997256652425e-06,0.000000000000000000e+00
2.332499997242511459e-06,0.000000000000000000e+00
2.332999997228370494e-06,0.000000000000000000e+00
2.333499997214229528e-06,0.000000000000000000e+00
2.333999997200088562e-06,0.000000000000000000e+00
2.334499997185947596e-06,0.000000000000000000e+00
2.334999997171806631e-06,0.000000000000000000e+00
2.335499997157665665e-06,0.000000000000000000e+00
2.335999997143524699e-06,0.000000000000000000e+00
2.336499997129383734e-06,0.000000000000000000e+00
2.336999997115242768e-06,0.000000000000000000e+00
2.337499997101101802e-06,0.000000000000000000e+00
2.337999997086960836e-06,0.000000000000000000e+00
2.338499997072819871e-06,0.000000000000000000e+00
2.338999997058678905e-06,0.000000000000000000e+00
2.339499997044537939e-06,0.000000000000000000e+00
2.339999997030396973e-06,0.000000000000000000e+00
2.340499997016256008e-06,0.000000000000000000e+00
2.340999997002115042e-06,0.000000000000000000e+00
2.341499996987974076e-06,0.000000000000000000e+00
2.341999996973833111e-06,0.000000000000000000e+00
2.342499996959692145e-06,0.000000000000000000e+00
2.342999996945551179e-06,0.000000000000000000e+00
2.343499996931410213e-06,0.000000000000000000e+00
2.343999996917269248e-06,0.000000000000000000e+00
2.344499996903128282e-06,0.000000000000000000e+00
2.344999996888987316e-06,0.000000000000000000e+00
2.345499996874846350e-06,0.000000000000000000e+00
2.345999996860705385e-06,0.000000000000000000e+00
2.346499996846564419e-06,0.000000000000000000e+00
2.346999996832423453e-06,0.000000000000000000e+00
2.347499996818282487e-06,0.000000000000000000e+00
2.347999996804141522e-06,0.000000000000000000e+00
2.348499996790000556e-06,0.000000000000000000e+00
2.348999996775859590e-06,0.000000000000000000e+00
2.349499996761718625e-06,0.000000000000000000e+00
2.349999996747577659e-06,0.000000000000000000e+00
2.350499996733436693e-06,0.000000000000000000e+00
2.350999996719295727e-06,0.000000000000000000e+00
2.351499996705154762e-06,0.000000000000000000e+00
2.351999996691013796e-06,0.000000000000000000e+00
2.352499996676872830e-06,0.000000000000000000e+00
2.352999996662731864e-06,0.000000000000000000e+00
2.353499996648590899e-06,0.000000000000000000e+00
2.353999996634449933e-06,0.000000000000000000e+00
2.354499996620308967e-06,0.000000000000000000e+00
2.354999996606168001e-06,0.000000000000000000e+00
2.355499996592027036e-06,0.000000000000000000e+00
2.355999996577886070e-06,0.000000000000000000e+00
2.356499996563745104e-06,0.000000000000000000e+00
2.356999996549604139e-06,0.000000000000000000e+00
2.357499996535463173e-06,0.000000000000000000e+00
2.357999996521322207e-06,0.000000000000000000e+00
2.358499996507181241e-06,0.000000000000000000e+00
2.358999996493040276e-06,0.000000000000000000e+00
2.359499996478899310e-06,0.000000000000000000e+00
2.359999996464758344e-06,0.000000000000000000e+00
2.360499996450617378e-06,0.000000000000000000e+00
2.360999996436476413e-06,0.000000000000000000e+00
2.361499996422335447e-06,0.000000000000000000e+00
2.361999996408194481e-06,0.000000000000000000e+00
2.362499996394053516e-06,0.000000000000000000e+00
2.362999996379912550e-06,0.000000000000000000e+00
2.363499996365771584e-06,0.000000000000000000e+00
2.363999996351630618e-06,0.000000000000000000e+00
2.364499996337489653e-06,0.000000000000000000e+00
2.364999996323348687e-06,0.000000000000000000e+00
2.365499996309207721e-06,0.000000000000000000e+00
2.365999996295066755e-06,0.000000000000000000e+00
2.366499996280925790e-06,0.000000000000000000e+00
2.366999996266784824e-06,0.000000000000000000e+00
2.367499996252643858e-06,0.000000000000000000e+00
2.367999996238502892e-06,0.000000000000000000e+00
2.368499996224361927e-06,0.000000000000000000e+00
2.368999996210220961e-06,0.000000000000000000e+00
2.369499996196079995e-06,0.000000000000000000e+00
2.369999996181939030e-06,0.000000000000000000e+00
2.370499996167798064e-06,0.000000000000000000e+00
2.370999996153657098e-06,0.000000000000000000e+00
2.371499996139516132e-06,0.000000000000000000e+00
2.371999996125375167e-06,0.000000000000000000e+00
2.372499996111234201e-06,0.000000000000000000e+00
2.372999996097093235e-06,0.000000000000000000e+00
2.373499996082952269e-06,0.000000000000000000e+00
2.373999996068811304e-06,0.000000000000000000e+00
2.374499996054670338e-06,0.000000000000000000e+00
2.374999996040529372e-06,0.000000000000000000e+00
2.375499996026388406e-06,0.000000000000000000e+00
2.375999996012247441e-06,0.000000000000000000e+00
2.376499995998106475e-06,0.000000000000000000e+00
2.376999995983965509e-06,0.000000000000000000e+00
2.377499995969824544e-06,0.000000000000000000e+00
2.377999995955683578e-06,0.000000000000000000e+00
2.378499995941542612e-06,0.000000000000000000e+00
2.378999995927401646e-06,0.000000000000000000e+00
2.379499995913260681e-06,0.000000000000000000e+00
2.379999995899119715e-06,0.000000000000000000e+00
2.380499995884978749e-06,0.000000000000000000e+00
2.380999995870837783e-06,0.000000000000000000e+00
2.381499995856696818e-06,0.000000000000000000e+00
2.381999995842555852e-06,0.000000000000000000e+00
2.382499995828414886e-06,0.000000000000000000e+00
2.382999995814273921e-06,0.000000000000000000e+00
2.383499995800132955e-06,0.000000000000000000e+00
2.383999995785991989e-06,0.000000000000000000e+00
2.384499995771851023e-06,0.000000000000000000e+00
2.384999995757710058e-06,0.000000000000000000e+00
2.385499995743569092e-06,0.000000000000000000e+00
2.385999995729428126e-06,0.000000000000000000e+00
2.386499995715287160e-06,0.000000000000000000e+00
2.386999995701146195e-06,0.000000000000000000e+00
2.387499995687005229e-06,0.000000000000000000e+00
2.387999995672864263e-06,0.000000000000000000e+00
2.388499995658723297e-06,0.000000000000000000e+00
2.388999995644582332e-06,0.000000000000000000e+00
2.389499995630441366e-06,0.000000000000000000e+00
2.389999995616300400e-06,0.000000000000000000e+00
2.390499995602159435e-06,0.000000000000000000e+00
2.390999995588018469e-06,0.000000000000000000e+00
2.391499995573877503e-06,0.000000000000000000e+00
2.391999995559736537e-06,0.000000000000000000e+00
2.392499995545595572e-06,0.000000000000000000e+00
2.392999995531454606e-06,0.000000000000000000e+00
2.393499995517313640e-06,0.000000000000000000e+00
2.393999995503172674e-06,0.000000000000000000e+00
2.394499995489031709e-06,0.000000000000000000e+00
2.394999995474890743e-06,0.000000000000000000e+00
2.395499995460749777e-06,0.000000000000000000e+00
2.395999995446608811e-06,0.000000000000000000e+00
2.396499995432467846e-06,0.000000000000000000e+00
2.396999995418326880e-06,0.000000000000000000e+00
2.397499995404185914e-06,0.000000000000000000e+00
2.397999995390044949e-06,0.000000000000000000e+00
2.398499995375903983e-06,0.000000000000000000e+00
2.398999995361763017e-06,0.000000000000000000e+00
2.399499995347622051e-06,0.000000000000000000e+00
2.399999995333481086e-06,0.000000000000000000e+00
2.400499995319340120e-06,0.000000000000000000e+00
2.400999995305199154e-06,0.000000000000000000e+00
2.401499995291058188e-06,0.000000000000000000e+00
2.401999995276917223e-06,0.000000000000000000e+00
2.402499995262776257e-06,0.000000000000000000e+00
2.402999995248635291e-06,0.000000000000000000e+00
2.403499995234494326e-06,0.000000000000000000e+00
2.403999995220353360e-06,0.000000000000000000e+00
2.404499995206212394e-06,0.000000000000000000e+00
2.404999995192071428e-06,0.000000000000000000e+00
2.405499995177930463e-06,0.000000000000000000e+00
2.405999995163789497e-06,0.000000000000000000e+00
2.406499995149648531e-06,0.000000000000000000e+00
2.406999995135507565e-06,0.000000000000000000e+00
2.407499995121366600e-06,0.000000000000000000e+00
2.407999995107225634e-06,0.000000000000000000e+00
2.408499995093084668e-06,0.000000000000000000e+00
2.408999995078943702e-06,0.000000000000000000e+00
2.409499995064802737e-06,0.000000000000000000e+00
2.409999995050661771e-06,0.000000000000000000e+00
2.410499995036520805e-06,0.000000000000000000e+00
2.410999995022379840e-06,0.000000000000000000e+00
2.411499995008238874e-06,0.000000000000000000e+00
2.411999994994097908e-06,0.000000000000000000e+00
2.412499994979956942e-06,0.000000000000000000e+00
2.412999994965815977e-06,0.000000000000000000e+00
2.413499994951675011e-06,0.000000000000000000e+00
2.413999994937534045e-06,0.000000000000000000e+00
2.414499994923393079e-06,0.000000000000000000e+00
2.414999994909252114e-06,0.000000000000000000e+00
2.415499994895111148e-06,0.000000000000000000e+00
2.415999994880970182e-06,0.000000000000000000e+00
2.416499994866829216e-06,0.000000000000000000e+00
2.416999994852688251e-06,0.000000000000000000e+00
2.417499994838547285e-06,0.000000000000000000e+00
2.417999994824406319e-06,0.000000000000000000e+00
2.418499994810265354e-06,0.000000000000000000e+00
2.418999994796124388e-06,0.000000000000000000e+00
2.419499994781983422e-06,0.000000000000000000e+00
2.419999994767842456e-06,0.000000000000000000e+00
2.420499994753701491e-06,0.000000000000000000e+00
2.420999994739560525e-06,0.000000000000000000e+00
2.421499994725419559e-06,0.000000000000000000e+00
2.421999994711278593e-06,0.000000000000000000e+00
2.422499994697137628e-06,0.000000000000000000e+00
2.422999994682996662e-06,0.000000000000000000e+00
2.423499994668855696e-06,0.000000000000000000e+00
2.423999994654714731e-06,0.000000000000000000e+00
2.424499994640573765e-06,0.000000000000000000e+00
2.424999994626432799e-06,0.000000000000000000e+00
2.425499994612291833e-06,0.000000000000000000e+00
2.425999994598150868e-06,0.000000000000000000e+00
2.426499994584009902e-06,0.000000000000000000e+00
2.426999994569868936e-06,0.000000000000000000e+00
2.427499994555727970e-06,0.000000000000000000e+00
2.427999994541587005e-06,0.000000000000000000e+00
2.428499994527446039e-06,0.000000000000000000e+00
2.428999994513305073e-06,0.000000000000000000e+00
2.429499994499164107e-06,0.000000000000000000e+00
2.429999994485023142e-06,0.000000000000000000e+00
2.430499994470882176e-06,0.000000000000000000e+00
2.430999994456741210e-06,0.000000000000000000e+00
2.431499994442600245e-06,0.000000000000000000e+00
2.431999994428459279e-06,0.000000000000000000e+00
2.432499994414318313e-06,0.000000000000000000e+00
2.432999994400177347e-06,0.000000000000000000e+00
2.433499994386036382e-06,0.000000000000000000e+00
2.433999994371895416e-06,0.000000000000000000e+00
2.434499994357754450e-06,0.000000000000000000e+00
2.434999994343613484e-06,0.000000000000000000e+00
2.435499994329472519e-06,0.000000000000000000e+00
2.435999994315331553e-06,0.000000000000000000e+00
2.436499994301190587e-06,0.000000000000000000e+00
2.436999994287049621e-06,0.000000000000000000e+00
2.437499994272908656e-06,0.000000000000000000e+00
2.437999994258767690e-06,0.000000000000000000e+00
2.438499994244626724e-06,0.000000000000000000e+00
2.438999994230485759e-06,0.000000000000000000e+00
2.439499994216344793e-06,0.000000000000000000e+00
2.439999994202203827e-06,0.000000000000000000e+00
2.440499994188062861e-06,0.000000000000000000e+00
2.440999994173921896e-06,0.000000000000000000e+00
2.441499994159780930e-06,0.000000000000000000e+00
2.441999994145639964e-06,0.000000000000000000e+00
2.442499994131498998e-06,0.000000000000000000e+00
2.442999994117358033e-06,0.000000000000000000e+00
2.443499994103217067e-06,0.000000000000000000e+00
2.443999994089076101e-06,0.000000000000000000e+00
2.444499994074935136e-06,0.000000000000000000e+00
2.444999994060794170e-06,0.000000000000000000e+00
2.445499994046653204e-06,0.000000000000000000e+00
2.445999994032512238e-06,0.000000000000000000e+00
2.446499994018371273e-06,0.000000000000000000e+00
2.446999994004230307e-06,0.000000000000000000e+00
2.447499993990089341e-06,0.000000000000000000e+00
2.447999993975948375e-06,0.000000000000000000e+00
2.448499993961807410e-06,0.000000000000000000e+00
2.448999993947666444e-06,0.000000000000000000e+00
2.449499993933525478e-06,0.000000000000000000e+00
2.449999993919384512e-06,0.000000000000000000e+00
2.450499993905243547e-06,0.000000000000000000e+00
2.450999993891102581e-06,0.000000000000000000e+00
2.451499993876961615e-06,0.000000000000000000e+00
2.451999993862820650e-06,0.000000000000000000e+00
2.452499993848679684e-06,0.000000000000000000e+00
2.452999993834538718e-06,0.000000000000000000e+00
2.453499993820397752e-06,0.000000000000000000e+00
2.453999993806256787e-06,0.000000000000000000e+00
2.454499993792115821e-06,0.000000000000000000e+00
2.454999993777974855e-06,0.000000000000000000e+00
2.455499993763833889e-06,0.000000000000000000e+00
2.455999993749692924e-06,0.000000000000000000e+00
2.456499993735551958e-06,0.000000000000000000e+00
2.456999993721410992e-06,-2.000000029802322388e-01
2.457499993707270026e-06,-4.000000059604644775e-01
2.457999993693129061e-06,-1.000000014901161194e+00
2.458499993678988095e-06,-1.400000020861625671e+00
2.458999993664847129e-06,-1.800000026822090149e+00
2.459499993650706164e-06,-2.000000029802322388e+00
2.459999993636565198e-06,-2.000000029802322388e+00
2.460499993622424232e-06,-2.000000029802322388e+00
2.460999993608283266e-06,-2.200000032782554626e+00
2.461499993594142301e-06,-2.200000032782554626e+00
2.461999993580001335e-06,-2.400000035762786865e+00
2.462499993565860369e-06,-2.600000038743019104e+00
2.462999993551719403e-06,-2.800000041723251343e+00
2.463499993537578438e-06,-2.800000041723251343e+00
2.463999993523437472e-06,-3.000000044703483582e+00
2.464499993509296506e-06,-3.000000044703483582e+00
2.464999993495155541e-06,-3.000000044703483582e+00
2.465499993481014575e-06,-3.200000047683715820e+00
2.465999993466873609e-06,-3.400000050663948059e+00
2.466499993452732643e-06,-3.400000050663948059e+00
2.466999993438591678e-06,-3.600000053644180298e+00
2.467499993424450712e-06,-3.600000053644180298e+00
2.467999993410309746e-06,-3.600000053644180298e+00
2.468499993396168780e-06,-3.800000056624412537e+00
2.468999993382027815e-06,-3.800000056624412537e+00
2.469499993367886849e-06,-3.800000056624412537e+00
2.469999993353745883e-06,-4.000000059604644775e+00
2.470499993339604917e-06,-4.000000059604644775e+00
2.470999993325463952e-06,-4.000000059604644775e+00
2.471499993311322986e-06,-4.200000062584877014e+00
2.471999993297182020e-06,-4.200000062584877014e+00
2.472499993283041055e-06,-4.200000062584877014e+00
2.472999993268900089e-06,-4.200000062584877014e+00
2.473499993254759123e-06,-4.200000062584877014e+00
2.473999993240618157e-06,-4.200000062584877014e+00
2.474499993226477192e-06,-4.200000062584877014e+00
2.474999993212336226e-06,-4.200000062584877014e+00
2.475499993198195260e-06,-4.400000065565109253e+00
2.475999993184054294e-06,-4.400000065565109253e+00
2.476499993169913329e-06,-4.200000062584877014e+00
2.476999993155772363e-06,-4.200000062584877014e+00
2.477499993141631397e-06,-4.200000062584877014e+00
2.477999993127490431e-06,-4.200000062584877014e+00
2.478499993113349466e-06,-4.200000062584877014e+00
2.478999993099208500e-06,-4.000000059604644775e+00
2.479499993085067534e-06,-4.200000062584877014e+00
2.479999993070926569e-06,-4.000000059604644775e+00
2.480499993056785603e-06,-4.000000059604644775e+00
2.480999993042644637e-06,-4.000000059604644775e+00
2.481499993028503671e-06,-3.800000056624412537e+00
2.481999993014362706e-06,-3.800000056624412537e+00
2.482499993000221740e-06,-3.800000056624412537e+00
2.482999992986080774e-06,-3.600000053644180298e+00
2.483499992971939808e-06,-3.600000053644180298e+00
2.483999992957798843e-06,-3.600000053644180298e+00
2.484499992943657877e-06,-3.400000050663948059e+00
2.484999992929516911e-06,-3.400000050663948059e+00
2.485499992915375946e-06,-3.400000050663948059e+00
2.485999992901234980e-06,-3.200000047683715820e+00
2.486499992887094014e-06,-3.200000047683715820e+00
2.486999992872953048e-06,-3.000000044703483582e+00
2.487499992858812083e-06,-2.800000041723251343e+00
2.487999992844671117e-06,-2.800000041723251343e+00
2.488499992830530151e-06,-2.600000038743019104e+00
2.488999992816389185e-06,-2.600000038743019104e+00
2.489499992802248220e-06,-2.400000035762786865e+00
2.489999992788107254e-06,-2.200000032782554626e+00
2.490499992773966288e-06,-2.200000032782554626e+00
2.490999992759825322e-06,-2.000000029802322388e+00
2.491499992745684357e-06,-1.800000026822090149e+00
2.491999992731543391e-06,-1.800000026822090149e+00
2.492499992717402425e-06,-1.600000023841857910e+00
2.492999992703261460e-06,-1.400000020861625671e+00
2.493499992689120494e-06,-1.400000020861625671e+00
2.493999992674979528e-06,-1.200000017881393433e+00
2.494499992660838562e-06,-1.000000014901161194e+00
2.494999992646697597e-06,-1.000000014901161194e+00
2.495499992632556631e-06,-8.000000119209289551e-01
2.495999992618415665e-06,-6.000000089406967163e-01
2.496499992604274699e-06,-4.000000059604644775e-01
2.496999992590133734e-06,-2.000000029802322388e-01
2.497499992575992768e-06,-2.000000029802322388e-01
2.497999992561851802e-06,0.000000000000000000e+00
2.498499992547710836e-06,2.000000029802322388e-01
2.498999992533569871e-06,4.000000059604644775e-01
2.499499992519428905e-06,4.000000059604644775e-01
2.499999992505287939e-06,6.000000089406967163e-01
2.500499992491146974e-06,8.000000119209289551e-01
2.500999992477006008e-06,1.000000014901161194e+00
2.501499992462865042e-06,1.200000017881393433e+00
2.501999992448724076e-06,1.200000017881393433e+00
2.502499992434583111e-06,1.400000020861625671e+00
2.502999992420442145e-06,1.600000023841857910e+00
2.503499992406301179e-06,1.800000026822090149e+00
2.503999992392160213e-06,2.000000029802322388e+00
2.504499992378019248e-06,2.000000029802322388e+00
2.504999992363878282e-06,2.200000032782554626e+00
2.505499992349737316e-06,2.400000035762786865e+00
2.505999992335596351e-06,2.400000035762786865e+00
2.506499992321455385e-06,2.600000038743019104e+00
2.506999992307314419e-06,2.800000041723251343e+00
2.507499992293173453e-06,3.000000044703483582e+00
2.507999992279032488e-06,3.000000044703483582e+00
2.508499992264891522e-06,3.200000047683715820e+00
2.508999992250750556e-06,3.400000050663948059e+00
2.509499992236609590e-06,3.400000050663948059e+00
2.509999992222468625e-06,3.600000053644180298e+00
2.510499992208327659e-06,3.600000053644180298e+00
2.510999992194186693e-06,3.800000056624412537e+00
2.511499992180045727e-06,4.000000059604644775e+00
2.511999992165904762e-06,4.000000059604644775e+00
2.512499992151763796e-06,4.200000062584877014e+00
2.512999992137622830e-06,4.400000065565109253e+00
2.513499992123481865e-06,4.400000065565109253e+00
2.513999992109340899e-06,4.400000065565109253e+00
2.514499992095199933e-06,4.600000068545341492e+00
2.514999992081058967e-06,4.600000068545341492e+00
2.515499992066918002e-06,4.800000071525573730e+00
2.515999992052777036e-06,4.800000071525573730e+00
2.516499992038636070e-06,5.000000074505805969e+00
2.516999992024495104e-06,5.000000074505805969e+00
2.517499992010354139e-06,5.000000074505805969e+00
2.517999991996213173e-06,5.200000077486038208e+00
2.518499991982072207e-06,5.200000077486038208e+00
2.518999991967931241e-06,5.400000080466270447e+00
2.519499991953790276e-06,5.400000080466270447e+00
2.519999991939649310e-06,5.400000080466270447e+00
2.520499991925508344e-06,5.400000080466270447e+00
2.520999991911367379e-06,5.400000080466270447e+00
2.521499991897226413e-06,5.400000080466270447e+00
2.521999991883085447e-06,5.400000080466270447e+00
2.522499991868944481e-06,5.600000083446502686e+00
2.522999991854803516e-06,5.600000083446502686e+00
2.523499991840662550e-06,5.600000083446502686e+00
2.523999991826521584e-06,5.600000083446502686e+00
2.524499991812380618e-06,5.600000083446502686e+00
2.524999991798239653e-06,5.600000083446502686e+00
2.525499991784098687e-06,5.600000083446502686e+00
2.525999991769957721e-06,5.600000083446502686e+00
2.526499991755816756e-06,5.600000083446502686e+00
2.526999991741675790e-06,5.600000083446502686e+00
2.527499991727534824e-06,5.400000080466270447e+00
2.527999991713393858e-06,5.400000080466270447e+00
2.528499991699252893e-06,5.400000080466270447e+00
2.528999991685111927e-06,5.400000080466270447e+00
2.529499991670970961e-06,5.400000080466270447e+00
2.529999991656829995e-06,5.200000077486038208e+00
2.530499991642689030e-06,5.200000077486038208e+00
2.530999991628548064e-06,5.200000077486038208e+00
2.531499991614407098e-06,5.000000074505805969e+00
2.531999991600266132e-06,5.000000074505805969e+00
2.532499991586125167e-06,5.000000074505805969e+00
2.532999991571984201e-06,5.000000074505805969e+00
2.533499991557843235e-06,4.800000071525573730e+00
2.533999991543702270e-06,4.800000071525573730e+00
2.534499991529561304e-06,4.600000068545341492e+00
2.534999991515420338e-06,4.600000068545341492e+00
2.535499991501279372e-06,4.400000065565109253e+00
2.535999991487138407e-06,4.200000062584877014e+00
2.536499991472997441e-06,4.200000062584877014e+00
2.536999991458856475e-06,4.000000059604644775e+00
2.537499991444715509e-06,4.000000059604644775e+00
2.537999991430574544e-06,4.000000059604644775e+00
2.538499991416433578e-06,3.800000056624412537e+00
2.538999991402292612e-06,3.600000053644180298e+00
2.539499991388151646e-06,3.600000053644180298e+00
2.539999991374010681e-06,3.400000050663948059e+00
2.540499991359869715e-06,3.200000047683715820e+00
2.540999991345728749e-06,3.200000047683715820e+00
2.541499991331587784e-06,3.000000044703483582e+00
2.541999991317446818e-06,2.800000041723251343e+00
2.542499991303305852e-06,2.600000038743019104e+00
2.542999991289164886e-06,2.400000035762786865e+00
2.543499991275023921e-06,2.400000035762786865e+00
2.543999991260882955e-06,2.200000032782554626e+00
2.544499991246741989e-06,2.000000029802322388e+00
2.544999991232601023e-06,2.000000029802322388e+00
2.545499991218460058e-06,1.800000026822090149e+00
2.545999991204319092e-06,1.600000023841857910e+00
2.546499991190178126e-06,1.400000020861625671e+00
2.546999991176037161e-06,1.200000017881393433e+00
2.547499991161896195e-06,1.000000014901161194e+00
2.547999991147755229e-06,1.000000014901161194e+00
2.548499991133614263e-06,8.000000119209289551e-01
2.548999991119473298e-06,8.000000119209289551e-01
2.549499991105332332e-06,4.000000059604644775e-01
2.549999991091191366e-06,4.000000059604644775e-01
2.550499991077050400e-06,2.000000029802322388e-01
2.550999991062909435e-06,0.000000000000000000e+00
2.551499991048768469e-06,-2.000000029802322388e-01
2.551999991034627503e-06,-4.000000059604644775e-01
2.552499991020486537e-06,-4.000000059604644775e-01
2.552999991006345572e-06,-6.000000089406967163e-01
2.553499990992204606e-06,-8.000000119209289551e-01
2.553999990978063640e-06,-1.000000014901161194e+00
2.554499990963922675e-06,-1.200000017881393433e+00
2.554999990949781709e-06,-1.200000017881393433e+00
2.555499990935640743e-06,-1.400000020861625671e+00
2.555999990921499777e-06,-1.600000023841857910e+00
2.556499990907358812e-06,-1.800000026822090149e+00
2.556999990893217846e-06,-1.800000026822090149e+00
2.557499990879076880e-06,-2.000000029802322388e+00
2.557999990864935914e-06,-2.200000032782554626e+00
2.558499990850794949e-06,-2.200000032782554626e+00
2.558999990836653983e-06,-2.400000035762786865e+00
2.559499990822513017e-06,-2.600000038743019104e+00
2.559999990808372051e-06,-2.800000041723251343e+00
2.560499990794231086e-06,-2.800000041723251343e+00
2.560999990780090120e-06,-3.000000044703483582e+00
2.561499990765949154e-06,-3.200000047683715820e+00
2.561999990751808189e-06,-3.200000047683715820e+00
2.562499990737667223e-06,-3.400000050663948059e+00
2.562999990723526257e-06,-3.400000050663948059e+00
2.563499990709385291e-06,-3.600000053644180298e+00
2.563999990695244326e-06,-3.600000053644180298e+00
2.564499990681103360e-06,-3.800000056624412537e+00
2.564999990666962394e-06,-3.800000056624412537e+00
2.565499990652821428e-06,-4.000000059604644775e+00
2.565999990638680463e-06,-4.000000059604644775e+00
2.566499990624539497e-06,-4.200000062584877014e+00
2.566999990610398531e-06,-4.200000062584877014e+00
2.567499990596257566e-06,-4.400000065565109253e+00
2.567999990582116600e-06,-4.400000065565109253e+00
2.568499990567975634e-06,-4.400000065565109253e+00
2.568999990553834668e-06,-4.400000065565109253e+00
2.569499990539693703e-06,-4.600000068545341492e+00
2.569999990525552737e-06,-4.600000068545341492e+00
2.570499990511411771e-06,-4.600000068545341492e+00
2.570999990497270805e-06,-4.600000068545341492e+00
2.571499990483129840e-06,-4.800000071525573730e+00
2.571999990468988874e-06,-4.800000071525573730e+00
2.572499990454847908e-06,-4.800000071525573730e+00
2.572999990440706942e-06,-4.800000071525573730e+00
2.573499990426565977e-06,-4.800000071525573730e+00
2.573999990412425011e-06,-4.800000071525573730e+00
2.574499990398284045e-06,-4.800000071525573730e+00
2.574999990384143080e-06,-4.800000071525573730e+00
2.575499990370002114e-06,-4.800000071525573730e+00
2.575999990355861148e-06,-4.800000071525573730e+00
2.576499990341720182e-06,-4.800000071525573730e+00
2.576999990327579217e-06,-4.800000071525573730e+00
2.577499990313438251e-06,-4.800000071525573730e+00
2.577999990299297285e-06,-4.800000071525573730e+00
2.578499990285156319e-06,-4.800000071525573730e+00
2.578999990271015354e-06,-4.600000068545341492e+00
2.579499990256874388e-06,-4.800000071525573730e+00
2.579999990242733422e-06,-4.600000068545341492e+00
2.580499990228592456e-06,-4.600000068545341492e+00
2.580999990214451491e-06,-4.600000068545341492e+00
2.581499990200310525e-06,-4.600000068545341492e+00
2.581999990186169559e-06,-4.400000065565109253e+00
2.582499990172028594e-06,-4.400000065565109253e+00
2.582999990157887628e-06,-4.200000062584877014e+00
2.583499990143746662e-06,-4.200000062584877014e+00
2.583999990129605696e-06,-4.200000062584877014e+00
2.584499990115464731e-06,-4.000000059604644775e+00
2.584999990101323765e-06,-4.000000059604644775e+00
2.585499990087182799e-06,-3.800000056624412537e+00
2.585999990073041833e-06,-3.800000056624412537e+00
2.586499990058900868e-06,-3.600000053644180298e+00
2.586999990044759902e-06,-3.400000050663948059e+00
2.587499990030618936e-06,-3.400000050663948059e+00
2.587999990016477971e-06,-3.400000050663948059e+00
2.588499990002337005e-06,-3.200000047683715820e+00
2.588999989988196039e-06,-3.000000044703483582e+00
2.589499989974055073e-06,-2.800000041723251343e+00
2.589999989959914108e-06,-2.800000041723251343e+00
2.590499989945773142e-06,-2.800000041723251343e+00
2.590999989931632176e-06,-2.600000038743019104e+00
2.591499989917491210e-06,-2.400000035762786865e+00
2.591999989903350245e-06,-2.400000035762786865e+00
2.592499989889209279e-06,-2.200000032782554626e+00
2.592999989875068313e-06,-2.000000029802322388e+00
2.593499989860927347e-06,-1.800000026822090149e+00
2.593999989846786382e-06,-1.800000026822090149e+00
2.594499989832645416e-06,-1.600000023841857910e+00
2.594999989818504450e-06,-1.400000020861625671e+00
2.595499989804363485e-06,-1.200000017881393433e+00
2.595999989790222519e-06,-1.000000014901161194e+00
2.596499989776081553e-06,-1.000000014901161194e+00
2.596999989761940587e-06,-8.000000119209289551e-01
2.597499989747799622e-06,-6.000000089406967163e-01
2.597999989733658656e-06,-4.000000059604644775e-01
2.598499989719517690e-06,-4.000000059604644775e-01
2.598999989705376724e-06,-2.000000029802322388e-01
2.599499989691235759e-06,0.000000000000000000e+00
2.599999989677094793e-06,2.000000029802322388e-01
2.600499989662953827e-06,4.000000059604644775e-01
2.600999989648812861e-06,6.000000089406967163e-01
2.601499989634671896e-06,6.000000089406967163e-01
2.601999989620530930e-06,8.000000119209289551e-01
2.602499989606389964e-06,1.000000014901161194e+00
2.602999989592248999e-06,1.200000017881393433e+00
2.603499989578108033e-06,1.200000017881393433e+00
2.603999989563967067e-06,1.400000020861625671e+00
2.604499989549826101e-06,1.600000023841857910e+00
2.604999989535685136e-06,1.800000026822090149e+00
2.605499989521544170e-06,1.800000026822090149e+00
2.605999989507403204e-06,2.000000029802322388e+00
2.606499989493262238e-06,2.200000032782554626e+00
2.606999989479121273e-06,2.200000032782554626e+00
2.607499989464980307e-06,2.400000035762786865e+00
2.607999989450839341e-06,2.600000038743019104e+00
2.608499989436698376e-06,2.600000038743019104e+00
2.608999989422557410e-06,2.800000041723251343e+00
2.609499989408416444e-06,3.000000044703483582e+00
2.609999989394275478e-06,3.200000047683715820e+00
2.610499989380134513e-06,3.200000047683715820e+00
2.610999989365993547e-06,3.400000050663948059e+00
2.611499989351852581e-06,3.400000050663948059e+00
2.611999989337711615e-06,3.600000053644180298e+00
2.612499989323570650e-06,3.600000053644180298e+00
2.612999989309429684e-06,3.800000056624412537e+00
2.613499989295288718e-06,3.800000056624412537e+00
2.613999989281147752e-06,4.000000059604644775e+00
2.614499989267006787e-06,4.000000059604644775e+00
2.614999989252865821e-06,4.200000062584877014e+00
2.615499989238724855e-06,4.200000062584877014e+00
2.615999989224583890e-06,4.400000065565109253e+00
2.616499989210442924e-06,4.400000065565109253e+00
2.616999989196301958e-06,4.600000068545341492e+00
2.617499989182160992e-06,4.600000068545341492e+00
2.617999989168020027e-06,4.600000068545341492e+00
2.618499989153879061e-06,4.800000071525573730e+00
2.618999989139738095e-06,4.800000071525573730e+00
2.619499989125597129e-06,4.800000071525573730e+00
2.619999989111456164e-06,4.200000062584877014e+00
2.620499989097315198e-06,3.000000044703483582e+00
2.620999989083174232e-06,1.400000020861625671e+00
2.621499989069033266e-06,4.000000059604644775e-01
2.621999989054892301e-06,0.000000000000000000e+00
2.622499989040751335e-06,2.000000029802322388e-01
2.622999989026610369e-06,2.000000029802322388e-01
2.623499989012469404e-06,2.000000029802322388e-01
2.623999988998328438e-06,4.000000059604644775e-01
2.624499988984187472e-06,4.000000059604644775e-01
2.624999988970046506e-06,4.000000059604644775e-01
2.625499988955905541e-06,4.000000059604644775e-01
2.625999988941764575e-06,4.000000059604644775e-01
2.626499988927623609e-06,4.000000059604644775e-01
2.626999988913482643e-06,4.000000059604644775e-01
2.627499988899341678e-06,2.000000029802322388e-01
2.627999988885200712e-06,2.000000029802322388e-01
2.628499988871059746e-06,4.000000059604644775e-01
2.628999988856918781e-06,4.000000059604644775e-01
2.629499988842777815e-06,4.000000059604644775e-01
2.629999988828636849e-06,4.000000059604644775e-01
2.630499988814495883e-06,4.000000059604644775e-01
2.630999988800354918e-06,4.000000059604644775e-01
2.631499988786213952e-06,2.000000029802322388e-01
2.631999988772072986e-06,4.000000059604644775e-01
2.632499988757932020e-06,4.000000059604644775e-01
2.632999988743791055e-06,4.000000059604644775e-01
2.633499988729650089e-06,4.000000059604644775e-01
2.633999988715509123e-06,4.000000059604644775e-01
2.634499988701368157e-06,4.000000059604644775e-01
2.634999988687227192e-06,4.000000059604644775e-01
2.635499988673086226e-06,4.000000059604644775e-01
2.635999988658945260e-06,4.000000059604644775e-01
2.636499988644804295e-06,4.000000059604644775e-01
2.636999988630663329e-06,4.000000059604644775e-01
2.637499988616522363e-06,4.000000059604644775e-01
2.637999988602381397e-06,4.000000059604644775e-01
2.638499988588240432e-06,4.000000059604644775e-01
2.638999988574099466e-06,4.000000059604644775e-01
2.639499988559958500e-06,4.000000059604644775e-01
2.639999988545817534e-06,4.000000059604644775e-01
2.640499988531676569e-06,4.000000059604644775e-01
2.640999988517535603e-06,4.000000059604644775e-01
2.641499988503394637e-06,2.000000029802322388e-01
2.641999988489253671e-06,2.000000029802322388e-01
2.642499988475112706e-06,2.000000029802322388e-01
2.642999988460971740e-06,2.000000029802322388e-01
2.643499988446830774e-06,2.000000029802322388e-01
2.643999988432689809e-06,2.000000029802322388e-01
2.644499988418548843e-06,4.000000059604644775e-01
2.644999988404407877e-06,4.000000059604644775e-01
2.645499988390266911e-06,4.000000059604644775e-01
2.645999988376125946e-06,4.000000059604644775e-01
2.646499988361984980e-06,2.000000029802322388e-01
2.646999988347844014e-06,4.000000059604644775e-01
2.647499988333703048e-06,4.000000059604644775e-01
2.647999988319562083e-06,4.000000059604644775e-01
2.648499988305421117e-06,4.000000059604644775e-01
2.648999988291280151e-06,4.000000059604644775e-01
2.649499988277139186e-06,4.000000059604644775e-01
2.649999988262998220e-06,2.000000029802322388e-01
2.650499988248857254e-06,2.000000029802322388e-01
2.650999988234716288e-06,4.000000059604644775e-01
2.651499988220575323e-06,2.000000029802322388e-01
2.651999988206434357e-06,2.000000029802322388e-01
2.652499988192293391e-06,2.000000029802322388e-01
2.652999988178152425e-06,4.000000059604644775e-01
2.653499988164011460e-06,2.000000029802322388e-01
2.653999988149870494e-06,2.000000029802322388e-01
2.654499988135729528e-06,4.000000059604644775e-01
2.654999988121588562e-06,2.000000029802322388e-01
2.655499988107447597e-06,2.000000029802322388e-01
2.655999988093306631e-06,4.000000059604644775e-01
2.656499988079165665e-06,2.000000029802322388e-01
2.656999988065024700e-06,4.000000059604644775e-01
2.657499988050883734e-06,2.000000029802322388e-01
2.657999988036742768e-06,2.000000029802322388e-01
2.658499988022601802e-06,2.000000029802322388e-01
2.658999988008460837e-06,4.000000059604644775e-01
2.659499987994319871e-06,2.000000029802322388e-01
2.659999987980178905e-06,2.000000029802322388e-01
2.660499987966037939e-06,2.000000029802322388e-01
2.660999987951896974e-06,2.000000029802322388e-01
2.661499987937756008e-06,2.000000029802322388e-01
2.661999987923615042e-06,2.000000029802322388e-01
2.662499987909474076e-06,2.000000029802322388e-01
2.662999987895333111e-06,2.000000029802322388e-01
2.663499987881192145e-06,2.000000029802322388e-01
2.663999987867051179e-06,2.000000029802322388e-01
2.664499987852910214e-06,2.000000029802322388e-01
2.664999987838769248e-06,2.000000029802322388e-01
2.665499987824628282e-06,2.000000029802322388e-01
2.665999987810487316e-06,2.000000029802322388e-01
2.666499987796346351e-06,2.000000029802322388e-01
2.666999987782205385e-06,2.000000029802322388e-01
2.667499987768064419e-06,2.000000029802322388e-01
2.667999987753923453e-06,2.000000029802322388e-01
2.668499987739782488e-06,2.000000029802322388e-01
2.668999987725641522e-06,2.000000029802322388e-01
2.669499987711500556e-06,2.000000029802322388e-01
2.669999987697359591e-06,2.000000029802322388e-01
2.670499987683218625e-06,2.000000029802322388e-01
2.670999987669077659e-06,2.000000029802322388e-01
2.671499987654936693e-06,2.000000029802322388e-01
2.671999987640795728e-06,2.000000029802322388e-01
2.672499987626654762e-06,2.000000029802322388e-01
2.672999987612513796e-06,2.000000029802322388e-01
2.673499987598372830e-06,2.000000029802322388e-01
2.673999987584231865e-06,2.000000029802322388e-01
2.674499987570090899e-06,2.000000029802322388e-01
2.674999987555949933e-06,2.000000029802322388e-01
2.675499987541808967e-06,2.000000029802322388e-01
2.675999987527668002e-06,2.000000029802322388e-01
2.676499987513527036e-06,2.000000029802322388e-01
2.676999987499386070e-06,2.000000029802322388e-01
2.677499987485245105e-06,2.000000029802322388e-01
2.677999987471104139e-06,2.000000029802322388e-01
2.678499987456963173e-06,2.000000029802322388e-01
2.678999987442822207e-06,2.000000029802322388e-01
2.679499987428681242e-06,2.000000029802322388e-01
2.679999987414540276e-06,2.000000029802322388e-01
2.680499987400399310e-06,2.000000029802322388e-01
2.680999987386258344e-06,2.000000029802322388e-01
2.681499987372117379e-06,2.000000029802322388e-01
2.681999987357976413e-06,2.000000029802322388e-01
2.682499987343835447e-06,2.000000029802322388e-01
2.682999987329694481e-06,2.000000029802322388e-01
2.683499987315553516e-06,2.000000029802322388e-01
2.683999987301412550e-06,2.000000029802322388e-01
2.684499987287271584e-06,2.000000029802322388e-01
2.684999987273130619e-06,2.000000029802322388e-01
2.685499987258989653e-06,2.000000029802322388e-01
2.685999987244848687e-06,2.000000029802322388e-01
2.686499987230707721e-06,2.000000029802322388e-01
2.686999987216566756e-06,2.000000029802322388e-01
2.687499987202425790e-06,2.000000029802322388e-01
2.687999987188284824e-06,0.000000000000000000e+00
2.688499987174143858e-06,0.000000000000000000e+00
2.688999987160002893e-06,2.000000029802322388e-01
2.689499987145861927e-06,2.000000029802322388e-01
2.689999987131720961e-06,2.000000029802322388e-01
2.690499987117579996e-06,2.000000029802322388e-01
2.690999987103439030e-06,2.000000029802322388e-01
2.691499987089298064e-06,2.000000029802322388e-01
2.691999987075157098e-06,2.000000029802322388e-01
2.692499987061016133e-06,2.000000029802322388e-01
2.692999987046875167e-06,2.000000029802322388e-01
2.693499987032734201e-06,2.000000029802322388e-01
2.693999987018593235e-06,2.000000029802322388e-01
2.694499987004452270e-06,2.000000029802322388e-01
2.694999986990311304e-06,2.000000029802322388e-01
2.695499986976170338e-06,2.000000029802322388e-01
2.695999986962029372e-06,2.000000029802322388e-01
2.696499986947888407e-06,2.000000029802322388e-01
2.696999986933747441e-06,2.000000029802322388e-01
2.697499986919606475e-06,2.000000029802322388e-01
2.697999986905465510e-06,2.000000029802322388e-01
2.698499986891324544e-06,2.000000029802322388e-01
2.698999986877183578e-06,2.000000029802322388e-01
2.699499986863042612e-06,2.000000029802322388e-01
2.699999986848901647e-06,2.000000029802322388e-01
2.700499986834760681e-06,2.000000029802322388e-01
2.700999986820619715e-06,2.000000029802322388e-01
2.701499986806478749e-06,2.000000029802322388e-01
2.701999986792337784e-06,2.000000029802322388e-01
2.702499986778196818e-06,0.000000000000000000e+00
2.702999986764055852e-06,0.000000000000000000e+00
2.703499986749914886e-06,0.000000000000000000e+00
2.703999986735773921e-06,2.000000029802322388e-01
2.704499986721632955e-06,2.000000029802322388e-01
2.704999986707491989e-06,2.000000029802322388e-01
2.705499986693351024e-06,2.000000029802322388e-01
2.705999986679210058e-06,0.000000000000000000e+00
2.706499986665069092e-06,0.000000000000000000e+00
2.706999986650928126e-06,0.000000000000000000e+00
2.707499986636787161e-06,0.000000000000000000e+00
2.707999986622646195e-06,0.000000000000000000e+00
2.708499986608505229e-06,0.000000000000000000e+00
2.708999986594364263e-06,2.000000029802322388e-01
2.709499986580223298e-06,2.000000029802322388e-01
2.709999986566082332e-06,2.000000029802322388e-01
2.710499986551941366e-06,2.000000029802322388e-01
2.710999986537800401e-06,0.000000000000000000e+00
2.711499986523659435e-06,0.000000000000000000e+00
2.711999986509518469e-06,0.000000000000000000e+00
2.712499986495377503e-06,0.000000000000000000e+00
2.712999986481236538e-06,0.000000000000000000e+00
2.713499986467095572e-06,0.000000000000000000e+00
2.713999986452954606e-06,0.000000000000000000e+00
2.714499986438813640e-06,0.000000000000000000e+00
2.714999986424672675e-06,0.000000000000000000e+00
2.715499986410531709e-06,0.000000000000000000e+00
2.715999986396390743e-06,0.000000000000000000e+00
2.716499986382249777e-06,0.000000000000000000e+00
2.716999986368108812e-06,0.000000000000000000e+00
2.717499986353967846e-06,0.000000000000000000e+00
2.717999986339826880e-06,0.000000000000000000e+00
2.718499986325685915e-06,0.000000000000000000e+00
2.718999986311544949e-06,0.000000000000000000e+00
2.719499986297403983e-06,0.000000000000000000e+00
2.719999986283263017e-06,0.000000000000000000e+00
2.720499986269122052e-06,0.000000000000000000e+00
2.720999986254981086e-06,2.000000029802322388e-01
2.721499986240840120e-06,0.000000000000000000e+00
2.721999986226699154e-06,0.000000000000000000e+00
2.722499986212558189e-06,0.000000000000000000e+00
2.722999986198417223e-06,0.000000000000000000e+00
2.723499986184276257e-06,0.000000000000000000e+00
2.723999986170135291e-06,0.000000000000000000e+00
2.724499986155994326e-06,2.000000029802322388e-01
2.724999986141853360e-06,2.000000029802322388e-01
2.725499986127712394e-06,0.000000000000000000e+00
2.725999986113571429e-06,0.000000000000000000e+00
2.726499986099430463e-06,0.000000000000000000e+00
2.726999986085289497e-06,0.000000000000000000e+00
2.727499986071148531e-06,0.000000000000000000e+00
2.727999986057007566e-06,0.000000000000000000e+00
2.728499986042866600e-06,0.000000000000000000e+00
2.728999986028725634e-06,0.000000000000000000e+00
2.729499986014584668e-06,0.000000000000000000e+00
2.729999986000443703e-06,0.000000000000000000e+00
2.730499985986302737e-06,0.000000000000000000e+00
2.730999985972161771e-06,0.000000000000000000e+00
2.731499985958020806e-06,0.000000000000000000e+00
2.731999985943879840e-06,0.000000000000000000e+00
2.732499985929738874e-06,0.000000000000000000e+00
2.732999985915597908e-06,0.000000000000000000e+00
2.733499985901456943e-06,0.000000000000000000e+00
2.733999985887315977e-06,0.000000000000000000e+00
2.734499985873175011e-06,0.000000000000000000e+00
2.734999985859034045e-06,0.000000000000000000e+00
2.735499985844893080e-06,0.000000000000000000e+00
2.735999985830752114e-06,0.000000000000000000e+00
2.736499985816611148e-06,0.000000000000000000e+00
2.736999985802470182e-06,0.000000000000000000e+00
2.737499985788329217e-06,0.000000000000000000e+00
2.737999985774188251e-06,0.000000000000000000e+00
2.738499985760047285e-06,0.000000000000000000e+00
2.738999985745906320e-06,0.000000000000000000e+00
2.739499985731765354e-06,0.000000000000000000e+00
2.739999985717624388e-06,0.000000000000000000e+00
2.740499985703483422e-06,0.000000000000000000e+00
2.740999985689342457e-06,2.000000029802322388e-01
2.741499985675201491e-06,2.000000029802322388e-01
2.741999985661060525e-06,4.000000059604644775e-01
2.742499985646919559e-06,1.400000020861625671e+00
2.742999985632778594e-06,2.400000035762786865e+00
2.743499985618637628e-06,3.200000047683715820e+00
2.743999985604496662e-06,3.400000050663948059e+00
2.744499985590355696e-06,3.000000044703483582e+00
2.744999985576214731e-06,2.800000041723251343e+00
2.745499985562073765e-06,2.600000038743019104e+00
2.745999985547932799e-06,2.400000035762786865e+00
2.746499985533791834e-06,2.200000032782554626e+00
2.746999985519650868e-06,2.000000029802322388e+00
2.747499985505509902e-06,1.800000026822090149e+00
2.747999985491368936e-06,1.800000026822090149e+00
2.748499985477227971e-06,1.600000023841857910e+00
2.748999985463087005e-06,1.400000020861625671e+00
2.749499985448946039e-06,1.200000017881393433e+00
2.749999985434805073e-06,1.000000014901161194e+00
2.750499985420664108e-06,8.000000119209289551e-01
2.750999985406523142e-06,6.000000089406967163e-01
2.751499985392382176e-06,4.000000059604644775e-01
2.751999985378241211e-06,4.000000059604644775e-01
2.752499985364100245e-06,2.000000029802322388e-01
2.752999985349959279e-06,0.000000000000000000e+00
2.753499985335818313e-06,-2.000000029802322388e-01
2.753999985321677348e-06,-4.000000059604644775e-01
2.754499985307536382e-06,-4.000000059604644775e-01
2.754999985293395416e-06,-6.000000089406967163e-01
2.755499985279254450e-06,-8.000000119209289551e-01
2.755999985265113485e-06,-1.000000014901161194e+00
2.756499985250972519e-06,-1.200000017881393433e+00
2.756999985236831553e-06,-1.200000017881393433e+00
2.757499985222690587e-06,-1.400000020861625671e+00
2.757999985208549622e-06,-1.600000023841857910e+00
2.758499985194408656e-06,-1.800000026822090149e+00
2.758999985180267690e-06,-1.800000026822090149e+00
2.759499985166126725e-06,-2.000000029802322388e+00
2.759999985151985759e-06,-2.200000032782554626e+00
2.760499985137844793e-06,-2.400000035762786865e+00
2.760999985123703827e-06,-2.400000035762786865e+00
2.761499985109562862e-06,-2.600000038743019104e+00
2.761999985095421896e-06,-2.600000038743019104e+00
2.762499985081280930e-06,-2.800000041723251343e+00
2.762999985067139964e-06,-3.000000044703483582e+00
2.763499985052998999e-06,-3.000000044703483582e+00
2.763999985038858033e-06,-3.200000047683715820e+00
2.764499985024717067e-06,-3.200000047683715820e+00
2.764999985010576101e-06,-3.400000050663948059e+00
2.765499984996435136e-06,-3.400000050663948059e+00
2.765999984982294170e-06,-3.600000053644180298e+00
2.766499984968153204e-06,-3.600000053644180298e+00
2.766999984954012239e-06,-3.800000056624412537e+00
2.767499984939871273e-06,-3.800000056624412537e+00
2.767999984925730307e-06,-4.000000059604644775e+00
2.768499984911589341e-06,-4.000000059604644775e+00
2.768999984897448376e-06,-4.000000059604644775e+00
2.769499984883307410e-06,-4.000000059604644775e+00
2.769999984869166444e-06,-4.000000059604644775e+00
2.770499984855025478e-06,-4.200000062584877014e+00
2.770999984840884513e-06,-4.200000062584877014e+00
2.771499984826743547e-06,-4.200000062584877014e+00
2.771999984812602581e-06,-4.200000062584877014e+00
2.772499984798461616e-06,-4.400000065565109253e+00
2.772999984784320650e-06,-4.400000065565109253e+00
2.773499984770179684e-06,-4.400000065565109253e+00
2.773999984756038718e-06,-4.400000065565109253e+00
2.774499984741897753e-06,-4.400000065565109253e+00
2.774999984727756787e-06,-4.400000065565109253e+00
2.775499984713615821e-06,-4.400000065565109253e+00
2.775999984699474855e-06,-4.400000065565109253e+00
2.776499984685333890e-06,-4.400000065565109253e+00
2.776999984671192924e-06,-4.400000065565109253e+00
2.777499984657051958e-06,-4.400000065565109253e+00
2.777999984642910992e-06,-4.400000065565109253e+00
2.778499984628770027e-06,-4.400000065565109253e+00
2.778999984614629061e-06,-4.200000062584877014e+00
2.779499984600488095e-06,-4.200000062584877014e+00
2.779999984586347130e-06,-4.200000062584877014e+00
2.780499984572206164e-06,-4.200000062584877014e+00
2.780999984558065198e-06,-4.000000059604644775e+00
2.781499984543924232e-06,-4.000000059604644775e+00
2.781999984529783267e-06,-4.000000059604644775e+00
2.782499984515642301e-06,-4.000000059604644775e+00
2.782999984501501335e-06,-3.800000056624412537e+00
2.783499984487360369e-06,-3.800000056624412537e+00
2.783999984473219404e-06,-3.600000053644180298e+00
2.784499984459078438e-06,-3.600000053644180298e+00
2.784999984444937472e-06,-3.600000053644180298e+00
2.785499984430796506e-06,-3.400000050663948059e+00
2.785999984416655541e-06,-3.200000047683715820e+00
2.786499984402514575e-06,-3.200000047683715820e+00
2.786999984388373609e-06,-3.000000044703483582e+00
2.787499984374232644e-06,-3.000000044703483582e+00
2.787999984360091678e-06,-3.000000044703483582e+00
2.788499984345950712e-06,-2.800000041723251343e+00
2.788999984331809746e-06,-2.800000041723251343e+00
2.789499984317668781e-06,-2.600000038743019104e+00
2.789999984303527815e-06,-2.400000035762786865e+00
2.790499984289386849e-06,-2.400000035762786865e+00
2.790999984275245883e-06,-2.200000032782554626e+00
2.791499984261104918e-06,-2.000000029802322388e+00
2.791999984246963952e-06,-1.800000026822090149e+00
2.792499984232822986e-06,-1.800000026822090149e+00
2.792999984218682021e-06,-1.600000023841857910e+00
2.793499984204541055e-06,-1.400000020861625671e+00
2.793999984190400089e-06,-1.400000020861625671e+00
2.794499984176259123e-06,-1.200000017881393433e+00
2.794999984162118158e-06,-1.000000014901161194e+00
2.795499984147977192e-06,-8.000000119209289551e-01
2.795999984133836226e-06,-6.000000089406967163e-01
2.796499984119695260e-06,-6.000000089406967163e-01
2.796999984105554295e-06,-4.000000059604644775e-01
2.797499984091413329e-06,-2.000000029802322388e-01
2.797999984077272363e-06,-2.000000029802322388e-01
2.798499984063131397e-06,0.000000000000000000e+00
2.798999984048990432e-06,2.000000029802322388e-01
2.799499984034849466e-06,4.000000059604644775e-01
2.799999984020708500e-06,6.000000089406967163e-01
2.800499984006567535e-06,6.000000089406967163e-01
2.800999983992426569e-06,8.000000119209289551e-01
2.801499983978285603e-06,1.000000014901161194e+00
2.801999983964144637e-06,1.200000017881393433e+00
2.802499983950003672e-06,1.200000017881393433e+00
2.802999983935862706e-06,1.400000020861625671e+00
2.803499983921721740e-06,1.600000023841857910e+00
2.803999983907580774e-06,1.800000026822090149e+00
2.804499983893439809e-06,1.800000026822090149e+00
2.804999983879298843e-06,2.000000029802322388e+00
2.805499983865157877e-06,2.200000032782554626e+00
2.805999983851016911e-06,2.400000035762786865e+00
2.806499983836875946e-06,2.400000035762786865e+00
2.806999983822734980e-06,2.600000038743019104e+00
2.807499983808594014e-06,2.800000041723251343e+00
2.807999983794453049e-06,3.000000044703483582e+00
2.808499983780312083e-06,3.000000044703483582e+00
2.808999983766171117e-06,3.200000047683715820e+00
2.809499983752030151e-06,3.400000050663948059e+00
2.809999983737889186e-06,3.400000050663948059e+00
2.810499983723748220e-06,3.600000053644180298e+00
2.810999983709607254e-06,3.600000053644180298e+00
2.811499983695466288e-06,3.800000056624412537e+00
2.811999983681325323e-06,3.800000056624412537e+00
2.812499983667184357e-06,4.000000059604644775e+00
2.812999983653043391e-06,4.200000062584877014e+00
2.813499983638902426e-06,4.200000062584877014e+00
2.813999983624761460e-06,4.400000065565109253e+00
2.814499983610620494e-06,4.400000065565109253e+00
2.814999983596479528e-06,4.600000068545341492e+00
2.815499983582338563e-06,4.600000068545341492e+00
2.815999983568197597e-06,4.800000071525573730e+00
2.816499983554056631e-06,4.800000071525573730e+00
2.816999983539915665e-06,5.000000074505805969e+00
2.817499983525774700e-06,5.000000074505805969e+00
2.817999983511633734e-06,5.000000074505805969e+00
2.818499983497492768e-06,5.200000077486038208e+00
2.818999983483351802e-06,5.200000077486038208e+00
2.819499983469210837e-06,5.200000077486038208e+00
2.819999983455069871e-06,5.400000080466270447e+00
2.820499983440928905e-06,5.200000077486038208e+00
2.820999983426787940e-06,5.400000080466270447e+00
2.821499983412646974e-06,5.400000080466270447e+00
2.821999983398506008e-06,5.400000080466270447e+00
2.822499983384365042e-06,5.400000080466270447e+00
2.822999983370224077e-06,5.400000080466270447e+00
2.823499983356083111e-06,5.400000080466270447e+00
2.823999983341942145e-06,5.400000080466270447e+00
2.824499983327801179e-06,5.600000083446502686e+00
2.824999983313660214e-06,5.600000083446502686e+00
2.825499983299519248e-06,5.600000083446502686e+00
2.825999983285378282e-06,5.600000083446502686e+00
2.826499983271237316e-06,5.400000080466270447e+00
2.826999983257096351e-06,5.400000080466270447e+00
2.827499983242955385e-06,5.400000080466270447e+00
2.827999983228814419e-06,5.400000080466270447e+00
2.828499983214673454e-06,5.400000080466270447e+00
2.828999983200532488e-06,5.400000080466270447e+00
2.829499983186391522e-06,5.200000077486038208e+00
2.829999983172250556e-06,5.200000077486038208e+00
2.830499983158109591e-06,5.000000074505805969e+00
2.830999983143968625e-06,5.000000074505805969e+00
2.831499983129827659e-06,5.000000074505805969e+00
2.831999983115686693e-06,5.000000074505805969e+00
2.832499983101545728e-06,4.800000071525573730e+00
2.832999983087404762e-06,4.800000071525573730e+00
2.833499983073263796e-06,4.800000071525573730e+00
2.833999983059122831e-06,4.600000068545341492e+00
2.834499983044981865e-06,4.400000065565109253e+00
2.834999983030840899e-06,4.600000068545341492e+00
2.835499983016699933e-06,4.400000065565109253e+00
2.835999983002558968e-06,4.200000062584877014e+00
2.836499982988418002e-06,4.200000062584877014e+00
2.836999982974277036e-06,4.000000059604644775e+00
2.837499982960136070e-06,4.000000059604644775e+00
2.837999982945995105e-06,3.800000056624412537e+00
2.838499982931854139e-06,3.600000053644180298e+00
2.838999982917713173e-06,3.600000053644180298e+00
2.839499982903572207e-06,3.400000050663948059e+00
2.839999982889431242e-06,3.200000047683715820e+00
2.840499982875290276e-06,3.200000047683715820e+00
2.840999982861149310e-06,3.000000044703483582e+00
2.841499982847008345e-06,2.800000041723251343e+00
2.841999982832867379e-06,2.800000041723251343e+00
2.842499982818726413e-06,2.600000038743019104e+00
2.842999982804585447e-06,2.400000035762786865e+00
2.843499982790444482e-06,2.400000035762786865e+00
2.843999982776303516e-06,2.200000032782554626e+00
2.844499982762162550e-06,2.000000029802322388e+00
2.844999982748021584e-06,1.800000026822090149e+00
2.845499982733880619e-06,1.600000023841857910e+00
2.845999982719739653e-06,1.600000023841857910e+00
2.846499982705598687e-06,1.400000020861625671e+00
2.846999982691457721e-06,1.200000017881393433e+00
2.847499982677316756e-06,1.000000014901161194e+00
2.847999982663175790e-06,1.000000014901161194e+00
2.848499982649034824e-06,8.000000119209289551e-01
2.848999982634893859e-06,6.000000089406967163e-01
2.849499982620752893e-06,4.000000059604644775e-01
2.849999982606611927e-06,2.000000029802322388e-01
2.850499982592470961e-06,0.000000000000000000e+00
2.850999982578329996e-06,0.000000000000000000e+00
2.851499982564189030e-06,-2.000000029802322388e-01
2.851999982550048064e-06,-4.000000059604644775e-01
2.852499982535907098e-06,-6.000000089406967163e-01
2.852999982521766133e-06,-6.000000089406967163e-01
2.853499982507625167e-06,-8.000000119209289551e-01
2.853999982493484201e-06,-1.000000014901161194e+00
2.854499982479343236e-06,-1.200000017881393433e+00
2.854999982465202270e-06,-1.200000017881393433e+00
2.855499982451061304e-06,-1.400000020861625671e+00
2.855999982436920338e-06,-1.600000023841857910e+00
2.856499982422779373e-06,-1.800000026822090149e+00
2.856999982408638407e-06,-2.000000029802322388e+00
2.857499982394497441e-06,-2.000000029802322388e+00
2.857999982380356475e-06,-2.200000032782554626e+00
2.858499982366215510e-06,-2.400000035762786865e+00
2.858999982352074544e-06,-2.400000035762786865e+00
2.859499982337933578e-06,-2.600000038743019104e+00
2.859999982323792612e-06,-2.800000041723251343e+00
2.860499982309651647e-06,-3.000000044703483582e+00
2.860999982295510681e-06,-3.000000044703483582e+00
2.861499982281369715e-06,-3.200000047683715820e+00
2.861999982267228750e-06,-3.200000047683715820e+00
2.862499982253087784e-06,-3.400000050663948059e+00
2.862999982238946818e-06,-3.600000053644180298e+00
2.863499982224805852e-06,-3.600000053644180298e+00
2.863999982210664887e-06,-3.800000056624412537e+00
2.864499982196523921e-06,-3.800000056624412537e+00
2.864999982182382955e-06,-4.000000059604644775e+00
2.865499982168241989e-06,-4.000000059604644775e+00
2.865999982154101024e-06,-4.200000062584877014e+00
2.866499982139960058e-06,-4.200000062584877014e+00
2.866999982125819092e-06,-4.200000062584877014e+00
2.867499982111678126e-06,-4.400000065565109253e+00
2.867999982097537161e-06,-4.400000065565109253e+00
2.868499982083396195e-06,-4.400000065565109253e+00
2.868999982069255229e-06,-4.400000065565109253e+00
2.869499982055114264e-06,-4.600000068545341492e+00
2.869999982040973298e-06,-4.600000068545341492e+00
2.870499982026832332e-06,-4.600000068545341492e+00
2.870999982012691366e-06,-4.800000071525573730e+00
2.871499981998550401e-06,-4.800000071525573730e+00
2.871999981984409435e-06,-4.800000071525573730e+00
2.872499981970268469e-06,-4.800000071525573730e+00
2.872999981956127503e-06,-5.000000074505805969e+00
2.873499981941986538e-06,-5.000000074505805969e+00
2.873999981927845572e-06,-5.000000074505805969e+00
2.874499981913704606e-06,-5.000000074505805969e+00
2.874999981899563641e-06,-5.000000074505805969e+00
2.875499981885422675e-06,-5.000000074505805969e+00
2.875999981871281709e-06,-5.000000074505805969e+00
2.876499981857140743e-06,-4.800000071525573730e+00
2.876999981842999778e-06,-4.800000071525573730e+00
2.877499981828858812e-06,-4.800000071525573730e+00
2.877999981814717846e-06,-4.800000071525573730e+00
2.878499981800576880e-06,-4.800000071525573730e+00
2.878999981786435915e-06,-4.800000071525573730e+00
2.879499981772294949e-06,-4.600000068545341492e+00
2.879999981758153983e-06,-4.600000068545341492e+00
2.880499981744013017e-06,-4.600000068545341492e+00
2.880999981729872052e-06,-4.600000068545341492e+00
2.881499981715731086e-06,-4.600000068545341492e+00
2.881999981701590120e-06,-4.400000065565109253e+00
2.882499981687449155e-06,-4.400000065565109253e+00
2.882999981673308189e-06,-4.200000062584877014e+00
2.883499981659167223e-06,-4.200000062584877014e+00
2.883999981645026257e-06,-4.000000059604644775e+00
2.884499981630885292e-06,-4.000000059604644775e+00
2.884999981616744326e-06,-4.000000059604644775e+00
2.885499981602603360e-06,-3.800000056624412537e+00
2.885999981588462394e-06,-3.800000056624412537e+00
2.886499981574321429e-06,-3.600000053644180298e+00
2.886999981560180463e-06,-3.600000053644180298e+00
2.887499981546039497e-06,-3.400000050663948059e+00
2.887999981531898531e-06,-3.400000050663948059e+00
2.888499981517757566e-06,-3.200000047683715820e+00
2.888999981503616600e-06,-3.000000044703483582e+00
2.889499981489475634e-06,-3.000000044703483582e+00
2.889999981475334669e-06,-2.800000041723251343e+00
2.890499981461193703e-06,-2.600000038743019104e+00
2.890999981447052737e-06,-2.600000038743019104e+00
2.891499981432911771e-06,-2.400000035762786865e+00
2.891999981418770806e-06,-2.400000035762786865e+00
2.892499981404629840e-06,-2.200000032782554626e+00
2.892999981390488874e-06,-2.000000029802322388e+00
2.893499981376347908e-06,-2.000000029802322388e+00
2.893999981362206943e-06,-1.800000026822090149e+00
2.894499981348065977e-06,-1.600000023841857910e+00
2.894999981333925011e-06,-1.400000020861625671e+00
2.895499981319784046e-06,-1.200000017881393433e+00
2.895999981305643080e-06,-1.200000017881393433e+00
2.896499981291502114e-06,-1.000000014901161194e+00
2.896999981277361148e-06,-8.000000119209289551e-01
2.897499981263220183e-06,-6.000000089406967163e-01
2.897999981249079217e-06,-6.000000089406967163e-01
2.898499981234938251e-06,-4.000000059604644775e-01
2.898999981220797285e-06,-2.000000029802322388e-01
2.899499981206656320e-06,0.000000000000000000e+00
2.899999981192515354e-06,2.000000029802322388e-01
2.900499981178374388e-06,2.000000029802322388e-01
2.900999981164233422e-06,4.000000059604644775e-01
2.901499981150092457e-06,6.000000089406967163e-01
2.901999981135951491e-06,8.000000119209289551e-01
2.902499981121810525e-06,8.000000119209289551e-01
2.902999981107669560e-06,1.000000014901161194e+00
2.903499981093528594e-06,1.200000017881393433e+00
2.903999981079387628e-06,1.400000020861625671e+00
2.904499981065246662e-06,1.600000023841857910e+00
2.904999981051105697e-06,1.600000023841857910e+00
2.905499981036964731e-06,1.800000026822090149e+00
2.905999981022823765e-06,2.000000029802322388e+00
2.906499981008682799e-06,2.000000029802322388e+00
2.906999980994541834e-06,2.200000032782554626e+00
2.907499980980400868e-06,2.400000035762786865e+00
2.907999980966259902e-06,2.400000035762786865e+00
2.908499980952118936e-06,2.600000038743019104e+00
2.908999980937977971e-06,2.800000041723251343e+00
2.909499980923837005e-06,3.000000044703483582e+00
2.909999980909696039e-06,3.200000047683715820e+00
2.910499980895555074e-06,3.200000047683715820e+00
2.910999980881414108e-06,3.400000050663948059e+00
2.911499980867273142e-06,3.400000050663948059e+00
2.911999980853132176e-06,3.600000053644180298e+00
2.912499980838991211e-06,3.600000053644180298e+00
2.912999980824850245e-06,3.800000056624412537e+00
2.913499980810709279e-06,3.800000056624412537e+00
2.913999980796568313e-06,4.000000059604644775e+00
2.914499980782427348e-06,4.000000059604644775e+00
2.914999980768286382e-06,4.200000062584877014e+00
2.915499980754145416e-06,4.200000062584877014e+00
2.915999980740004451e-06,4.400000065565109253e+00
2.916499980725863485e-06,4.400000065565109253e+00
2.916999980711722519e-06,4.400000065565109253e+00
2.917499980697581553e-06,4.600000068545341492e+00
2.917999980683440588e-06,4.600000068545341492e+00
2.918499980669299622e-06,4.600000068545341492e+00
2.918999980655158656e-06,4.800000071525573730e+00
2.919499980641017690e-06,4.800000071525573730e+00
2.919999980626876725e-06,5.000000074505805969e+00
2.920499980612735759e-06,4.800000071525573730e+00
2.920999980598594793e-06,5.000000074505805969e+00
2.921499980584453827e-06,5.000000074505805969e+00
2.921999980570312862e-06,5.000000074505805969e+00
2.922499980556171896e-06,5.000000074505805969e+00
2.922999980542030930e-06,5.200000077486038208e+00
2.923499980527889965e-06,5.200000077486038208e+00
2.923999980513748999e-06,5.200000077486038208e+00
2.924499980499608033e-06,5.200000077486038208e+00
2.924999980485467067e-06,5.200000077486038208e+00
2.925499980471326102e-06,5.200000077486038208e+00
2.925999980457185136e-06,5.200000077486038208e+00
2.926499980443044170e-06,5.000000074505805969e+00
2.926999980428903204e-06,5.000000074505805969e+00
2.927499980414762239e-06,5.000000074505805969e+00
2.927999980400621273e-06,5.000000074505805969e+00
2.928499980386480307e-06,5.000000074505805969e+00
2.928999980372339341e-06,5.000000074505805969e+00
2.929499980358198376e-06,4.800000071525573730e+00
2.929999980344057410e-06,4.800000071525573730e+00
2.930499980329916444e-06,4.800000071525573730e+00
2.930999980315775479e-06,4.800000071525573730e+00
2.931499980301634513e-06,4.800000071525573730e+00
2.931999980287493547e-06,4.600000068545341492e+00
2.932499980273352581e-06,4.600000068545341492e+00
2.932999980259211616e-06,4.400000065565109253e+00
2.933499980245070650e-06,4.400000065565109253e+00
2.933999980230929684e-06,4.200000062584877014e+00
2.934499980216788718e-06,4.200000062584877014e+00
2.934999980202647753e-06,4.200000062584877014e+00
2.935499980188506787e-06,4.000000059604644775e+00
2.935999980174365821e-06,4.000000059604644775e+00
2.936499980160224856e-06,3.800000056624412537e+00
2.936999980146083890e-06,3.800000056624412537e+00
2.937499980131942924e-06,3.600000053644180298e+00
2.937999980117801958e-06,3.600000053644180298e+00
2.938499980103660993e-06,3.400000050663948059e+00
2.938999980089520027e-06,3.400000050663948059e+00
2.939499980075379061e-06,3.200000047683715820e+00
2.939999980061238095e-06,3.000000044703483582e+00
2.940499980047097130e-06,2.800000041723251343e+00
2.940999980032956164e-06,2.800000041723251343e+00
2.941499980018815198e-06,2.600000038743019104e+00
2.941999980004674232e-06,2.400000035762786865e+00
2.942499979990533267e-06,2.400000035762786865e+00
2.942999979976392301e-06,2.200000032782554626e+00
2.943499979962251335e-06,2.000000029802322388e+00
2.943999979948110370e-06,1.800000026822090149e+00
2.944499979933969404e-06,1.600000023841857910e+00
2.944999979919828438e-06,1.600000023841857910e+00
2.945499979905687472e-06,1.400000020861625671e+00
2.945999979891546507e-06,1.200000017881393433e+00
2.946499979877405541e-06,1.200000017881393433e+00
2.946999979863264575e-06,1.000000014901161194e+00
2.947499979849123609e-06,8.000000119209289551e-01
2.947999979834982644e-06,6.000000089406967163e-01
2.948499979820841678e-06,4.000000059604644775e-01
2.948999979806700712e-06,4.000000059604644775e-01
2.949499979792559746e-06,2.000000029802322388e-01
2.949999979778418781e-06,0.000000000000000000e+00
2.950499979764277815e-06,-2.000000029802322388e-01
2.950999979750136849e-06,-2.000000029802322388e-01
2.951499979735995884e-06,-4.000000059604644775e-01
2.951999979721854918e-06,-6.000000089406967163e-01
2.952499979707713952e-06,-8.000000119209289551e-01
2.952999979693572986e-06,-8.000000119209289551e-01
2.953499979679432021e-06,-1.200000017881393433e+00
2.953999979665291055e-06,-1.200000017881393433e+00
2.954499979651150089e-06,-1.400000020861625671e+00
2.954999979637009123e-06,-1.600000023841857910e+00
2.955499979622868158e-06,-1.800000026822090149e+00
2.955999979608727192e-06,-1.800000026822090149e+00
2.956499979594586226e-06,-2.000000029802322388e+00
2.956999979580445261e-06,-2.200000032782554626e+00
2.957499979566304295e-06,-2.200000032782554626e+00
2.957999979552163329e-06,-2.400000035762786865e+00
2.958499979538022363e-06,-2.600000038743019104e+00
2.958999979523881398e-06,-2.800000041723251343e+00
2.959499979509740432e-06,-3.000000044703483582e+00
2.959999979495599466e-06,-3.000000044703483582e+00
2.960499979481458500e-06,-3.200000047683715820e+00
2.960999979467317535e-06,-3.200000047683715820e+00
2.961499979453176569e-06,-3.400000050663948059e+00
2.961999979439035603e-06,-3.600000053644180298e+00
2.962499979424894637e-06,-3.600000053644180298e+00
2.962999979410753672e-06,-3.800000056624412537e+00
2.963499979396612706e-06,-3.800000056624412537e+00
2.963999979382471740e-06,-4.000000059604644775e+00
2.964499979368330775e-06,-4.000000059604644775e+00
2.964999979354189809e-06,-4.000000059604644775e+00
2.965499979340048843e-06,-4.200000062584877014e+00
2.965999979325907877e-06,-4.200000062584877014e+00
2.966499979311766912e-06,-4.400000065565109253e+00
2.966999979297625946e-06,-4.400000065565109253e+00
2.967499979283484980e-06,-4.600000068545341492e+00
2.967999979269344014e-06,-4.600000068545341492e+00
2.968499979255203049e-06,-4.600000068545341492e+00
2.968999979241062083e-06,-4.600000068545341492e+00
2.969499979226921117e-06,-4.800000071525573730e+00
2.969999979212780151e-06,-4.800000071525573730e+00
2.970499979198639186e-06,-4.800000071525573730e+00
2.970999979184498220e-06,-5.000000074505805969e+00
2.971499979170357254e-06,-5.000000074505805969e+00
2.971999979156216289e-06,-5.000000074505805969e+00
2.972499979142075323e-06,-5.000000074505805969e+00
2.972999979127934357e-06,-5.000000074505805969e+00
2.973499979113793391e-06,-5.000000074505805969e+00
2.973999979099652426e-06,-5.000000074505805969e+00
2.974499979085511460e-06,-5.000000074505805969e+00
2.974999979071370494e-06,-5.000000074505805969e+00
2.975499979057229528e-06,-5.000000074505805969e+00
2.975999979043088563e-06,-5.000000074505805969e+00
2.976499979028947597e-06,-5.000000074505805969e+00
2.976999979014806631e-06,-5.000000074505805969e+00
2.977499979000665666e-06,-5.000000074505805969e+00
2.977999978986524700e-06,-5.000000074505805969e+00
2.978499978972383734e-06,-4.800000071525573730e+00
2.978999978958242768e-06,-4.800000071525573730e+00
2.979499978944101803e-06,-4.800000071525573730e+00
2.979999978929960837e-06,-4.800000071525573730e+00
2.980499978915819871e-06,-4.800000071525573730e+00
2.980999978901678905e-06,-4.600000068545341492e+00
2.981499978887537940e-06,-4.600000068545341492e+00
2.981999978873396974e-06,-4.600000068545341492e+00
2.982499978859256008e-06,-4.600000068545341492e+00
2.982999978845115042e-06,-4.400000065565109253e+00
2.983499978830974077e-06,-4.400000065565109253e+00
2.983999978816833111e-06,-4.200000062584877014e+00
2.984499978802692145e-06,-4.200000062584877014e+00
2.984999978788551180e-06,-4.200000062584877014e+00
2.985499978774410214e-06,-4.000000059604644775e+00
2.985999978760269248e-06,-4.000000059604644775e+00
2.986499978746128282e-06,-3.800000056624412537e+00
2.986999978731987317e-06,-3.600000053644180298e+00
2.987499978717846351e-06,-3.600000053644180298e+00
2.987999978703705385e-06,-3.400000050663948059e+00
2.988499978689564419e-06,-3.400000050663948059e+00
2.988999978675423454e-06,-3.200000047683715820e+00
2.989499978661282488e-06,-3.200000047683715820e+00
2.989999978647141522e-06,-3.000000044703483582e+00
2.990499978633000556e-06,-2.800000041723251343e+00
2.990999978618859591e-06,-2.800000041723251343e+00
2.991499978604718625e-06,-2.600000038743019104e+00
2.991999978590577659e-06,-2.400000035762786865e+00
2.992499978576436694e-06,-2.200000032782554626e+00
2.992999978562295728e-06,-2.200000032782554626e+00
2.993499978548154762e-06,-2.000000029802322388e+00
2.993999978534013796e-06,-2.000000029802322388e+00
2.994499978519872831e-06,-1.800000026822090149e+00
2.994999978505731865e-06,-1.600000023841857910e+00
2.995499978491590899e-06,-1.400000020861625671e+00
2.995999978477449933e-06,-1.200000017881393433e+00
2.996499978463308968e-06,-1.200000017881393433e+00
2.996999978449168002e-06,-1.000000014901161194e+00
2.997499978435027036e-06,-8.000000119209289551e-01
2.997999978420886071e-06,-6.000000089406967163e-01
2.998499978406745105e-06,-4.000000059604644775e-01
2.998999978392604139e-06,-2.000000029802322388e-01
2.999499978378463173e-06,-2.000000029802322388e-01
2.999999978364322208e-06,0.000000000000000000e+00
3.000499978350181242e-06,2.000000029802322388e-01
3.000999978336040276e-06,4.000000059604644775e-01
3.001499978321899310e-06,4.000000059604644775e-01
3.001999978307758345e-06,6.000000089406967163e-01
3.002499978293617379e-06,8.000000119209289551e-01
3.002999978279476413e-06,1.000000014901161194e+00
3.003499978265335447e-06,1.000000014901161194e+00
3.003999978251194482e-06,1.200000017881393433e+00
3.004499978237053516e-06,1.400000020861625671e+00
3.004999978222912550e-06,1.600000023841857910e+00
3.005499978208771585e-06,1.800000026822090149e+00
3.005999978194630619e-06,2.000000029802322388e+00
3.006499978180489653e-06,2.000000029802322388e+00
3.006999978166348687e-06,2.200000032782554626e+00
3.007499978152207722e-06,2.200000032782554626e+00
3.007999978138066756e-06,2.400000035762786865e+00
3.008499978123925790e-06,2.600000038743019104e+00
3.008999978109784824e-06,2.800000041723251343e+00
3.009499978095643859e-06,2.800000041723251343e+00
3.009999978081502893e-06,3.000000044703483582e+00
3.010499978067361927e-06,3.000000044703483582e+00
3.010999978053220961e-06,3.200000047683715820e+00
3.011499978039079996e-06,3.400000050663948059e+00
3.011999978024939030e-06,3.600000053644180298e+00
3.012499978010798064e-06,3.800000056624412537e+00
3.012999977996657099e-06,3.800000056624412537e+00
3.013499977982516133e-06,3.800000056624412537e+00
3.013999977968375167e-06,4.000000059604644775e+00
3.014499977954234201e-06,4.000000059604644775e+00
3.014999977940093236e-06,4.200000062584877014e+00
3.015499977925952270e-06,4.200000062584877014e+00
3.015999977911811304e-06,4.400000065565109253e+00
3.016499977897670338e-06,4.200000062584877014e+00
3.016999977883529373e-06,4.400000065565109253e+00
3.017499977869388407e-06,4.400000065565109253e+00
3.017999977855247441e-06,4.600000068545341492e+00
3.018499977841106476e-06,4.600000068545341492e+00
3.018999977826965510e-06,4.800000071525573730e+00
3.019499977812824544e-06,4.800000071525573730e+00
3.019999977798683578e-06,5.000000074505805969e+00
3.020499977784542613e-06,4.800000071525573730e+00
3.020999977770401647e-06,5.000000074505805969e+00
3.021499977756260681e-06,5.000000074505805969e+00
3.021999977742119715e-06,5.000000074505805969e+00
3.022499977727978750e-06,5.000000074505805969e+00
3.022999977713837784e-06,5.000000074505805969e+00
3.023499977699696818e-06,5.000000074505805969e+00
3.023999977685555852e-06,5.000000074505805969e+00
3.024499977671414887e-06,5.000000074505805969e+00
3.024999977657273921e-06,5.000000074505805969e+00
3.025499977643132955e-06,5.000000074505805969e+00
3.025999977628991990e-06,5.000000074505805969e+00
3.026499977614851024e-06,5.000000074505805969e+00
3.026999977600710058e-06,5.000000074505805969e+00
3.027499977586569092e-06,5.000000074505805969e+00
3.027999977572428127e-06,5.000000074505805969e+00
3.028499977558287161e-06,5.000000074505805969e+00
3.028999977544146195e-06,4.800000071525573730e+00
3.029499977530005229e-06,4.800000071525573730e+00
3.029999977515864264e-06,4.800000071525573730e+00
3.030499977501723298e-06,4.800000071525573730e+00
3.030999977487582332e-06,4.800000071525573730e+00
3.031499977473441366e-06,4.600000068545341492e+00
3.031999977459300401e-06,4.600000068545341492e+00
3.032499977445159435e-06,4.400000065565109253e+00
3.032999977431018469e-06,4.400000065565109253e+00
3.033499977416877504e-06,4.400000065565109253e+00
3.033999977402736538e-06,4.400000065565109253e+00
3.034499977388595572e-06,4.200000062584877014e+00
3.034999977374454606e-06,4.000000059604644775e+00
3.035499977360313641e-06,4.000000059604644775e+00
3.035999977346172675e-06,3.800000056624412537e+00
3.036499977332031709e-06,3.800000056624412537e+00
3.036999977317890743e-06,3.600000053644180298e+00
3.037499977303749778e-06,3.600000053644180298e+00
3.037999977289608812e-06,3.400000050663948059e+00
3.038499977275467846e-06,3.400000050663948059e+00
3.038999977261326881e-06,3.200000047683715820e+00
3.039499977247185915e-06,3.000000044703483582e+00
3.039999977233044949e-06,3.000000044703483582e+00
3.040499977218903983e-06,2.800000041723251343e+00
3.040999977204763018e-06,2.800000041723251343e+00
3.041499977190622052e-06,2.600000038743019104e+00
3.041999977176481086e-06,2.400000035762786865e+00
3.042499977162340120e-06,2.200000032782554626e+00
3.042999977148199155e-06,2.200000032782554626e+00
3.043499977134058189e-06,2.000000029802322388e+00
3.043999977119917223e-06,2.000000029802322388e+00
3.044499977105776257e-06,1.800000026822090149e+00
3.044999977091635292e-06,1.600000023841857910e+00
3.045499977077494326e-06,1.400000020861625671e+00
3.045999977063353360e-06,1.200000017881393433e+00
3.046499977049212395e-06,1.000000014901161194e+00
3.046999977035071429e-06,1.000000014901161194e+00
3.047499977020930463e-06,8.000000119209289551e-01
3.047999977006789497e-06,6.000000089406967163e-01
3.048499976992648532e-06,4.000000059604644775e-01
3.048999976978507566e-06,4.000000059604644775e-01
3.049499976964366600e-06,2.000000029802322388e-01
3.049999976950225634e-06,0.000000000000000000e+00
3.050499976936084669e-06,-2.000000029802322388e-01
3.050999976921943703e-06,-4.000000059604644775e-01
3.051499976907802737e-06,-4.000000059604644775e-01
3.051999976893661771e-06,-6.000000089406967163e-01
3.052499976879520806e-06,-8.000000119209289551e-01
3.052999976865379840e-06,-1.000000014901161194e+00
3.053499976851238874e-06,-1.200000017881393433e+00
3.053999976837097909e-06,-1.200000017881393433e+00
3.054499976822956943e-06,-1.400000020861625671e+00
3.054999976808815977e-06,-1.600000023841857910e+00
3.055499976794675011e-06,-1.800000026822090149e+00
3.055999976780534046e-06,-2.000000029802322388e+00
3.056499976766393080e-06,-2.000000029802322388e+00
3.056999976752252114e-06,-2.200000032782554626e+00
3.057499976738111148e-06,-2.400000035762786865e+00
3.057999976723970183e-06,-2.600000038743019104e+00
3.058499976709829217e-06,-2.600000038743019104e+00
3.058999976695688251e-06,-2.800000041723251343e+00
3.059499976681547286e-06,-2.800000041723251343e+00
3.059999976667406320e-06,-3.000000044703483582e+00
3.060499976653265354e-06,-3.200000047683715820e+00
3.060999976639124388e-06,-3.200000047683715820e+00
3.061499976624983423e-06,-3.400000050663948059e+00
3.061999976610842457e-06,-3.400000050663948059e+00
3.062499976596701491e-06,-3.600000053644180298e+00
3.062999976582560525e-06,-3.800000056624412537e+00
3.063499976568419560e-06,-3.800000056624412537e+00
3.063999976554278594e-06,-4.000000059604644775e+00
3.064499976540137628e-06,-4.200000062584877014e+00
3.064999976525996662e-06,-4.200000062584877014e+00
3.065499976511855697e-06,-4.200000062584877014e+00
3.065999976497714731e-06,-4.400000065565109253e+00
3.066499976483573765e-06,-4.400000065565109253e+00
3.066999976469432800e-06,-4.400000065565109253e+00
3.067499976455291834e-06,-4.000000059604644775e+00
3.067999976441150868e-06,-3.000000044703483582e+00
3.068499976427009902e-06,-1.600000023841857910e+00
3.068999976412868937e-06,-6.000000089406967163e-01
3.069499976398727971e-06,-2.000000029802322388e-01
3.069999976384587005e-06,-2.000000029802322388e-01
3.070499976370446039e-06,-4.000000059604644775e-01
3.070999976356305074e-06,-4.000000059604644775e-01
3.071499976342164108e-06,-4.000000059604644775e-01
3.071999976328023142e-06,-4.000000059604644775e-01
3.072499976313882176e-06,-4.000000059604644775e-01
3.072999976299741211e-06,-4.000000059604644775e-01
3.073499976285600245e-06,-4.000000059604644775e-01
3.073999976271459279e-06,-4.000000059604644775e-01
3.074499976257318314e-06,-4.000000059604644775e-01
3.074999976243177348e-06,-4.000000059604644775e-01
3.075499976229036382e-06,-4.000000059604644775e-01
3.075999976214895416e-06,-4.000000059604644775e-01
3.076499976200754451e-06,-4.000000059604644775e-01
3.076999976186613485e-06,-4.000000059604644775e-01
3.077499976172472519e-06,-4.000000059604644775e-01
3.077999976158331553e-06,-4.000000059604644775e-01
3.078499976144190588e-06,-6.000000089406967163e-01
3.078999976130049622e-06,-4.000000059604644775e-01
3.079499976115908656e-06,-4.000000059604644775e-01
3.079999976101767691e-06,-4.000000059604644775e-01
3.080499976087626725e-06,-4.000000059604644775e-01
3.080999976073485759e-06,-4.000000059604644775e-01
3.081499976059344793e-06,-4.000000059604644775e-01
3.081999976045203828e-06,-4.000000059604644775e-01
3.082499976031062862e-06,-4.000000059604644775e-01
3.082999976016921896e-06,-4.000000059604644775e-01
3.083499976002780930e-06,-4.000000059604644775e-01
3.083999975988639965e-06,-4.000000059604644775e-01
3.084499975974498999e-06,-4.000000059604644775e-01
3.084999975960358033e-06,-4.000000059604644775e-01
3.085499975946217067e-06,-4.000000059604644775e-01
3.085999975932076102e-06,-4.000000059604644775e-01
3.086499975917935136e-06,-4.000000059604644775e-01
3.086999975903794170e-06,-4.000000059604644775e-01
3.087499975889653205e-06,-4.000000059604644775e-01
3.087999975875512239e-06,-4.000000059604644775e-01
3.088499975861371273e-06,-4.000000059604644775e-01
3.088999975847230307e-06,-4.000000059604644775e-01
3.089499975833089342e-06,-4.000000059604644775e-01
3.089999975818948376e-06,-4.000000059604644775e-01
3.090499975804807410e-06,-4.000000059604644775e-01
3.090999975790666444e-06,-4.000000059604644775e-01
3.091499975776525479e-06,-4.000000059604644775e-01
3.091999975762384513e-06,-4.000000059604644775e-01
3.092499975748243547e-06,-4.000000059604644775e-01
3.092999975734102581e-06,-4.000000059604644775e-01
3.093499975719961616e-06,-4.000000059604644775e-01
3.093999975705820650e-06,-4.000000059604644775e-01
3.094499975691679684e-06,-4.000000059604644775e-01
3.094999975677538719e-06,-4.000000059604644775e-01
3.095499975663397753e-06,-4.000000059604644775e-01
3.095999975649256787e-06,-4.000000059604644775e-01
3.096499975635115821e-06,-4.000000059604644775e-01
3.096999975620974856e-06,-4.000000059604644775e-01
3.097499975606833890e-06,-4.000000059604644775e-01
3.097999975592692924e-06,-4.000000059604644775e-01
3.098499975578551958e-06,-4.000000059604644775e-01
3.098999975564410993e-06,-2.000000029802322388e-01
3.099499975550270027e-06,-4.000000059604644775e-01
3.099999975536129061e-06,-4.000000059604644775e-01
3.100499975521988096e-06,-4.000000059604644775e-01
3.100999975507847130e-06,-4.000000059604644775e-01
3.101499975493706164e-06,-4.000000059604644775e-01
3.101999975479565198e-06,-4.000000059604644775e-01
3.102499975465424233e-06,-4.000000059604644775e-01
3.102999975451283267e-06,-4.000000059604644775e-01
3.103499975437142301e-06,-4.000000059604644775e-01
3.103999975423001335e-06,-4.000000059604644775e-01
3.104499975408860370e-06,-4.000000059604644775e-01
3.104999975394719404e-06,-4.000000059604644775e-01
3.105499975380578438e-06,-4.000000059604644775e-01
3.105999975366437472e-06,-4.000000059604644775e-01
3.106499975352296507e-06,-4.000000059604644775e-01
3.106999975338155541e-06,-4.000000059604644775e-01
3.107499975324014575e-06,-4.000000059604644775e-01
3.107999975309873610e-06,-4.000000059604644775e-01
3.108499975295732644e-06,-4.000000059604644775e-01
3.108999975281591678e-06,-4.000000059604644775e-01
3.109499975267450712e-06,-4.000000059604644775e-01
3.109999975253309747e-06,-4.000000059604644775e-01
3.110499975239168781e-06,-4.000000059604644775e-01
3.110999975225027815e-06,-2.000000029802322388e-01
3.111499975210886849e-06,-4.000000059604644775e-01
3.111999975196745884e-06,-2.000000029802322388e-01
3.112499975182604918e-06,-2.000000029802322388e-01
3.112999975168463952e-06,-2.000000029802322388e-01
3.113499975154322986e-06,-4.000000059604644775e-01
3.113999975140182021e-06,-4.000000059604644775e-01
3.114499975126041055e-06,-4.000000059604644775e-01
3.114999975111900089e-06,-4.000000059604644775e-01
3.115499975097759124e-06,-4.000000059604644775e-01
3.115999975083618158e-06,-4.000000059604644775e-01
3.116499975069477192e-06,-4.000000059604644775e-01
3.116999975055336226e-06,-4.000000059604644775e-01
3.117499975041195261e-06,-4.000000059604644775e-01
3.117999975027054295e-06,-4.000000059604644775e-01
3.118499975012913329e-06,-4.000000059604644775e-01
3.118999974998772363e-06,-4.000000059604644775e-01
3.119499974984631398e-06,-4.000000059604644775e-01
3.119999974970490432e-06,-4.000000059604644775e-01
3.120499974956349466e-06,-4.000000059604644775e-01
3.120999974942208501e-06,-4.000000059604644775e-01
3.121499974928067535e-06,-4.000000059604644775e-01
3.121999974913926569e-06,-2.000000029802322388e-01
3.122499974899785603e-06,-2.000000029802322388e-01
3.122999974885644638e-06,-2.000000029802322388e-01
3.123499974871503672e-06,-2.000000029802322388e-01
3.123999974857362706e-06,-2.000000029802322388e-01
3.124499974843221740e-06,-2.000000029802322388e-01
3.124999974829080775e-06,-2.000000029802322388e-01
3.125499974814939809e-06,-2.000000029802322388e-01
3.125999974800798843e-06,-2.000000029802322388e-01
3.126499974786657877e-06,-4.000000059604644775e-01
3.126999974772516912e-06,-4.000000059604644775e-01
3.127499974758375946e-06,-4.000000059604644775e-01
3.127999974744234980e-06,-4.000000059604644775e-01
3.128499974730094015e-06,-4.000000059604644775e-01
3.128999974715953049e-06,-4.000000059604644775e-01
3.129499974701812083e-06,-4.000000059604644775e-01
3.129999974687671117e-06,-2.000000029802322388e-01
3.130499974673530152e-06,-4.000000059604644775e-01
3.130999974659389186e-06,-2.000000029802322388e-01
3.131499974645248220e-06,-4.000000059604644775e-01
3.131999974631107254e-06,-2.000000029802322388e-01
3.132499974616966289e-06,-2.000000029802322388e-01
3.132999974602825323e-06,-2.000000029802322388e-01
3.133499974588684357e-06,-2.000000029802322388e-01
3.133999974574543391e-06,-4.000000059604644775e-01
3.134499974560402426e-06,-4.000000059604644775e-01
3.134999974546261460e-06,-2.000000029802322388e-01
3.135499974532120494e-06,-2.000000029802322388e-01
3.135999974517979529e-06,-2.000000029802322388e-01
3.136499974503838563e-06,-2.000000029802322388e-01
3.136999974489697597e-06,-2.000000029802322388e-01
3.137499974475556631e-06,-2.000000029802322388e-01
3.137999974461415666e-06,-2.000000029802322388e-01
3.138499974447274700e-06,-2.000000029802322388e-01
3.138999974433133734e-06,-2.000000029802322388e-01
3.139499974418992768e-06,-2.000000029802322388e-01
3.139999974404851803e-06,-2.000000029802322388e-01
3.140499974390710837e-06,-2.000000029802322388e-01
3.140999974376569871e-06,-2.000000029802322388e-01
3.141499974362428906e-06,-2.000000029802322388e-01
3.141999974348287940e-06,-2.000000029802322388e-01
3.142499974334146974e-06,-2.000000029802322388e-01
3.142999974320006008e-06,-2.000000029802322388e-01
3.143499974305865043e-06,-2.000000029802322388e-01
3.143999974291724077e-06,-2.000000029802322388e-01
3.144499974277583111e-06,-2.000000029802322388e-01
3.144999974263442145e-06,-2.000000029802322388e-01
3.145499974249301180e-06,-2.000000029802322388e-01
3.145999974235160214e-06,-2.000000029802322388e-01
3.146499974221019248e-06,-2.000000029802322388e-01
3.146999974206878282e-06,-2.000000029802322388e-01
3.147499974192737317e-06,-2.000000029802322388e-01
3.147999974178596351e-06,-2.000000029802322388e-01
3.148499974164455385e-06,-2.000000029802322388e-01
3.148999974150314420e-06,-2.000000029802322388e-01
3.149499974136173454e-06,-2.000000029802322388e-01
3.149999974122032488e-06,-2.000000029802322388e-01
3.150499974107891522e-06,-2.000000029802322388e-01
3.150999974093750557e-06,-2.000000029802322388e-01
3.151499974079609591e-06,-2.000000029802322388e-01
3.151999974065468625e-06,-2.000000029802322388e-01
3.152499974051327659e-06,-2.000000029802322388e-01
3.152999974037186694e-06,-2.000000029802322388e-01
3.153499974023045728e-06,-2.000000029802322388e-01
3.153999974008904762e-06,-2.000000029802322388e-01
3.154499973994763796e-06,-2.000000029802322388e-01
3.154999973980622831e-06,-2.000000029802322388e-01
3.155499973966481865e-06,-2.000000029802322388e-01
3.155999973952340899e-06,-2.000000029802322388e-01
3.156499973938199934e-06,-2.000000029802322388e-01
3.156999973924058968e-06,-2.000000029802322388e-01
3.157499973909918002e-06,-2.000000029802322388e-01
3.157999973895777036e-06,-2.000000029802322388e-01
3.158499973881636071e-06,-2.000000029802322388e-01
3.158999973867495105e-06,-2.000000029802322388e-01
3.159499973853354139e-06,-2.000000029802322388e-01
3.159999973839213173e-06,-2.000000029802322388e-01
3.160499973825072208e-06,-2.000000029802322388e-01
3.160999973810931242e-06,-2.000000029802322388e-01
3.161499973796790276e-06,-2.000000029802322388e-01
3.161999973782649311e-06,-2.000000029802322388e-01
3.162499973768508345e-06,-2.000000029802322388e-01
3.162999973754367379e-06,-2.000000029802322388e-01
3.163499973740226413e-06,-2.000000029802322388e-01
3.163999973726085448e-06,-2.000000029802322388e-01
3.164499973711944482e-06,-2.000000029802322388e-01
3.164999973697803516e-06,-2.000000029802322388e-01
3.165499973683662550e-06,-2.000000029802322388e-01
3.165999973669521585e-06,-2.000000029802322388e-01
3.166499973655380619e-06,-2.000000029802322388e-01
3.166999973641239653e-06,-2.000000029802322388e-01
3.167499973627098687e-06,-2.000000029802322388e-01
3.167999973612957722e-06,-2.000000029802322388e-01
3.168499973598816756e-06,-2.000000029802322388e-01
3.168999973584675790e-06,-2.000000029802322388e-01
3.169499973570534825e-06,-2.000000029802322388e-01
3.169999973556393859e-06,-2.000000029802322388e-01
3.170499973542252893e-06,-2.000000029802322388e-01
3.170999973528111927e-06,-2.000000029802322388e-01
3.171499973513970962e-06,-2.000000029802322388e-01
3.171999973499829996e-06,-2.000000029802322388e-01
3.172499973485689030e-06,-2.000000029802322388e-01
3.172999973471548064e-06,-2.000000029802322388e-01
3.173499973457407099e-06,-2.000000029802322388e-01
3.173999973443266133e-06,-2.000000029802322388e-01
3.174499973429125167e-06,-2.000000029802322388e-01
3.174999973414984201e-06,-2.000000029802322388e-01
3.175499973400843236e-06,-2.000000029802322388e-01
3.175999973386702270e-06,-2.000000029802322388e-01
3.176499973372561304e-06,-2.000000029802322388e-01
3.176999973358420339e-06,-2.000000029802322388e-01
3.177499973344279373e-06,-2.000000029802322388e-01
3.177999973330138407e-06,-2.000000029802322388e-01
3.178499973315997441e-06,-2.000000029802322388e-01
3.178999973301856476e-06,-2.000000029802322388e-01
3.179499973287715510e-06,-2.000000029802322388e-01
3.179999973273574544e-06,-2.000000029802322388e-01
3.180499973259433578e-06,-2.000000029802322388e-01
3.180999973245292613e-06,-2.000000029802322388e-01
3.181499973231151647e-06,-2.000000029802322388e-01
3.181999973217010681e-06,-2.000000029802322388e-01
3.182499973202869716e-06,-2.000000029802322388e-01
3.182999973188728750e-06,0.000000000000000000e+00
3.183499973174587784e-06,0.000000000000000000e+00
3.183999973160446818e-06,0.000000000000000000e+00
3.184499973146305853e-06,0.000000000000000000e+00
3.184999973132164887e-06,0.000000000000000000e+00
3.185499973118023921e-06,0.000000000000000000e+00
3.185999973103882955e-06,0.000000000000000000e+00
3.186499973089741990e-06,0.000000000000000000e+00
3.186999973075601024e-06,-2.000000029802322388e-01
3.187499973061460058e-06,-2.000000029802322388e-01
3.187999973047319092e-06,-2.000000029802322388e-01
3.188499973033178127e-06,-2.000000029802322388e-01
3.188999973019037161e-06,-2.000000029802322388e-01
3.189499973004896195e-06,-2.000000029802322388e-01
3.189999972990755230e-06,-2.000000029802322388e-01
3.190499972976614264e-06,0.000000000000000000e+00
3.190999972962473298e-06,0.000000000000000000e+00
3.191499972948332332e-06,0.000000000000000000e+00
3.191999972934191367e-06,-2.000000029802322388e-01
3.192499972920050401e-06,-2.000000029802322388e-01
3.192999972905909435e-06,-2.000000029802322388e-01
3.193499972891768469e-06,-2.000000029802322388e-01
3.193999972877627504e-06,-2.000000029802322388e-01
3.194499972863486538e-06,-2.000000029802322388e-01
3.194999972849345572e-06,-2.000000029802322388e-01
3.195499972835204606e-06,-2.000000029802322388e-01
3.195999972821063641e-06,-2.000000029802322388e-01
3.196499972806922675e-06,0.000000000000000000e+00
3.196999972792781709e-06,0.000000000000000000e+00
3.197499972778640744e-06,-2.000000029802322388e-01
3.197999972764499778e-06,-2.000000029802322388e-01
3.198499972750358812e-06,0.000000000000000000e+00
3.198999972736217846e-06,-2.000000029802322388e-01
3.199499972722076881e-06,-2.000000029802322388e-01
3.199999972707935915e-06,-2.000000029802322388e-01
3.200499972693794949e-06,-2.000000029802322388e-01
3.200999972679653983e-06,0.000000000000000000e+00
3.201499972665513018e-06,0.000000000000000000e+00
3.201999972651372052e-06,0.000000000000000000e+00
3.202499972637231086e-06,0.000000000000000000e+00
3.202999972623090121e-06,0.000000000000000000e+00
3.203499972608949155e-06,0.000000000000000000e+00
3.203999972594808189e-06,0.000000000000000000e+00
3.204499972580667223e-06,0.000000000000000000e+00
3.204999972566526258e-06,0.000000000000000000e+00
3.205499972552385292e-06,-2.000000029802322388e-01
3.205999972538244326e-06,-2.000000029802322388e-01
3.206499972524103360e-06,-2.000000029802322388e-01
3.206999972509962395e-06,0.000000000000000000e+00
3.207499972495821429e-06,-2.000000029802322388e-01
3.207999972481680463e-06,0.000000000000000000e+00
3.208499972467539497e-06,0.000000000000000000e+00
3.208999972453398532e-06,0.000000000000000000e+00
3.209499972439257566e-06,0.000000000000000000e+00
3.209999972425116600e-06,0.000000000000000000e+00
3.210499972410975635e-06,0.000000000000000000e+00
3.210999972396834669e-06,0.000000000000000000e+00
3.211499972382693703e-06,0.000000000000000000e+00
3.211999972368552737e-06,-2.000000029802322388e-01
3.212499972354411772e-06,0.000000000000000000e+00
3.212999972340270806e-06,0.000000000000000000e+00
3.213499972326129840e-06,0.000000000000000000e+00
3.213999972311988874e-06,0.000000000000000000e+00
3.214499972297847909e-06,0.000000000000000000e+00
3.214999972283706943e-06,0.000000000000000000e+00
3.215499972269565977e-06,0.000000000000000000e+00
3.215999972255425011e-06,-2.000000029802322388e-01
3.216499972241284046e-06,-2.000000029802322388e-01
3.216999972227143080e-06,0.000000000000000000e+00
3.217499972213002114e-06,0.000000000000000000e+00
3.217999972198861149e-06,0.000000000000000000e+00
3.218499972184720183e-06,0.000000000000000000e+00
3.218999972170579217e-06,0.000000000000000000e+00
3.219499972156438251e-06,0.000000000000000000e+00
3.219999972142297286e-06,-2.000000029802322388e-01
3.220499972128156320e-06,0.000000000000000000e+00
3.220999972114015354e-06,0.000000000000000000e+00
3.221499972099874388e-06,0.000000000000000000e+00
3.221999972085733423e-06,0.000000000000000000e+00
3.222499972071592457e-06,0.000000000000000000e+00
3.222999972057451491e-06,0.000000000000000000e+00
3.223499972043310526e-06,0.000000000000000000e+00
3.223999972029169560e-06,0.000000000000000000e+00
3.224499972015028594e-06,0.000000000000000000e+00
3.224999972000887628e-06,0.000000000000000000e+00
3.225499971986746663e-06,0.000000000000000000e+00
3.225999971972605697e-06,0.000000000000000000e+00
3.226499971958464731e-06,-2.000000029802322388e-01
3.226999971944323765e-06,0.000000000000000000e+00
3.227499971930182800e-06,0.000000000000000000e+00
3.227999971916041834e-06,0.000000000000000000e+00
3.228499971901900868e-06,0.000000000000000000e+00
3.228999971887759902e-06,0.000000000000000000e+00
3.229499971873618937e-06,0.000000000000000000e+00
3.229999971859477971e-06,0.000000000000000000e+00
3.230499971845337005e-06,0.000000000000000000e+00
3.230999971831196040e-06,0.000000000000000000e+00
3.231499971817055074e-06,0.000000000000000000e+00
3.231999971802914108e-06,0.000000000000000000e+00
3.232499971788773142e-06,0.000000000000000000e+00
3.232999971774632177e-06,0.000000000000000000e+00
3.233499971760491211e-06,0.000000000000000000e+00
3.233999971746350245e-06,0.000000000000000000e+00
3.234499971732209279e-06,0.000000000000000000e+00
3.234999971718068314e-06,0.000000000000000000e+00
3.235499971703927348e-06,0.000000000000000000e+00
3.235999971689786382e-06,0.000000000000000000e+00
3.236499971675645416e-06,0.000000000000000000e+00
3.236999971661504451e-06,0.000000000000000000e+00
3.237499971647363485e-06,0.000000000000000000e+00
3.237999971633222519e-06,0.000000000000000000e+00
3.238499971619081554e-06,0.000000000000000000e+00
3.238999971604940588e-06,0.000000000000000000e+00
3.239499971590799622e-06,0.000000000000000000e+00
3.239999971576658656e-06,0.000000000000000000e+00
3.240499971562517691e-06,0.000000000000000000e+00
3.240999971548376725e-06,0.000000000000000000e+00
3.241499971534235759e-06,0.000000000000000000e+00
3.241999971520094793e-06,0.000000000000000000e+00
3.242499971505953828e-06,0.000000000000000000e+00
3.242999971491812862e-06,0.000000000000000000e+00
3.243499971477671896e-06,0.000000000000000000e+00
3.243999971463530931e-06,0.000000000000000000e+00
3.244499971449389965e-06,0.000000000000000000e+00
3.244999971435248999e-06,0.000000000000000000e+00
3.245499971421108033e-06,0.000000000000000000e+00
3.245999971406967068e-06,0.000000000000000000e+00
3.246499971392826102e-06,0.000000000000000000e+00
3.246999971378685136e-06,0.000000000000000000e+00
3.247499971364544170e-06,0.000000000000000000e+00
3.247999971350403205e-06,0.000000000000000000e+00
3.248499971336262239e-06,0.000000000000000000e+00
3.248999971322121273e-06,0.000000000000000000e+00
3.249499971307980307e-06,0.000000000000000000e+00
3.249999971293839342e-06,0.000000000000000000e+00
3.250499971279698376e-06,0.000000000000000000e+00
3.250999971265557410e-06,0.000000000000000000e+00
3.251499971251416445e-06,0.000000000000000000e+00
3.251999971237275479e-06,0.000000000000000000e+00
3.252499971223134513e-06,0.000000000000000000e+00
3.252999971208993547e-06,0.000000000000000000e+00
3.253499971194852582e-06,0.000000000000000000e+00
3.253999971180711616e-06,0.000000000000000000e+00
3.254499971166570650e-06,0.000000000000000000e+00
3.254999971152429684e-06,0.000000000000000000e+00
3.255499971138288719e-06,0.000000000000000000e+00
3.255999971124147753e-06,0.000000000000000000e+00
3.256499971110006787e-06,0.000000000000000000e+00
3.256999971095865821e-06,0.000000000000000000e+00
3.257499971081724856e-06,0.000000000000000000e+00
3.257999971067583890e-06,0.000000000000000000e+00
3.258499971053442924e-06,0.000000000000000000e+00
3.258999971039301959e-06,0.000000000000000000e+00
3.259499971025160993e-06,0.000000000000000000e+00
3.259999971011020027e-06,0.000000000000000000e+00
3.260499970996879061e-06,0.000000000000000000e+00
3.260999970982738096e-06,0.000000000000000000e+00
3.261499970968597130e-06,0.000000000000000000e+00
3.261999970954456164e-06,0.000000000000000000e+00
3.262499970940315198e-06,0.000000000000000000e+00
3.262999970926174233e-06,0.000000000000000000e+00
3.263499970912033267e-06,0.000000000000000000e+00
3.263999970897892301e-06,0.000000000000000000e+00
3.264499970883751336e-06,0.000000000000000000e+00
3.264999970869610370e-06,0.000000000000000000e+00
3.265499970855469404e-06,0.000000000000000000e+00
3.265999970841328438e-06,0.000000000000000000e+00
3.266499970827187473e-06,0.000000000000000000e+00
3.266999970813046507e-06,0.000000000000000000e+00
3.267499970798905541e-06,0.000000000000000000e+00
3.267999970784764575e-06,0.000000000000000000e+00
3.268499970770623610e-06,0.000000000000000000e+00
3.268999970756482644e-06,0.000000000000000000e+00
3.269499970742341678e-06,0.000000000000000000e+00
3.269999970728200712e-06,0.000000000000000000e+00
3.270499970714059747e-06,0.000000000000000000e+00
3.270999970699918781e-06,0.000000000000000000e+00
3.271499970685777815e-06,0.000000000000000000e+00
3.271999970671636850e-06,0.000000000000000000e+00
3.272499970657495884e-06,0.000000000000000000e+00
3.272999970643354918e-06,0.000000000000000000e+00
3.273499970629213952e-06,0.000000000000000000e+00
3.273999970615072987e-06,0.000000000000000000e+00
3.274499970600932021e-06,0.000000000000000000e+00
3.274999970586791055e-06,0.000000000000000000e+00
3.275499970572650089e-06,0.000000000000000000e+00
3.275999970558509124e-06,0.000000000000000000e+00
3.276499970544368158e-06,0.000000000000000000e+00
3.276999970530227192e-06,0.000000000000000000e+00
3.277499970516086226e-06,0.000000000000000000e+00
3.277999970501945261e-06,-2.000000029802322388e-01
3.278499970487804295e-06,-2.000000029802322388e-01
3.278999970473663329e-06,0.000000000000000000e+00
3.279499970459522364e-06,0.000000000000000000e+00
3.279999970445381398e-06,0.000000000000000000e+00
3.280499970431240432e-06,0.000000000000000000e+00
3.280999970417099466e-06,0.000000000000000000e+00
3.281499970402958501e-06,0.000000000000000000e+00
3.281999970388817535e-06,0.000000000000000000e+00
3.282499970374676569e-06,0.000000000000000000e+00
3.282999970360535603e-06,0.000000000000000000e+00
3.283499970346394638e-06,0.000000000000000000e+00
3.283999970332253672e-06,0.000000000000000000e+00
3.284499970318112706e-06,0.000000000000000000e+00
3.284999970303971741e-06,0.000000000000000000e+00
3.285499970289830775e-06,0.000000000000000000e+00
3.285999970275689809e-06,0.000000000000000000e+00
3.286499970261548843e-06,0.000000000000000000e+00
3.286999970247407878e-06,0.000000000000000000e+00
3.287499970233266912e-06,0.000000000000000000e+00
3.287999970219125946e-06,0.000000000000000000e+00
3.288499970204984980e-06,0.000000000000000000e+00
3.288999970190844015e-06,0.000000000000000000e+00
3.289499970176703049e-06,0.000000000000000000e+00
3.289999970162562083e-06,0.000000000000000000e+00
3.290499970148421117e-06,0.000000000000000000e+00
3.290999970134280152e-06,0.000000000000000000e+00
3.291499970120139186e-06,0.000000000000000000e+00
3.291999970105998220e-06,0.000000000000000000e+00
3.292499970091857255e-06,0.000000000000000000e+00
3.292999970077716289e-06,0.000000000000000000e+00
3.293499970063575323e-06,0.000000000000000000e+00
3.293999970049434357e-06,0.000000000000000000e+00
3.294499970035293392e-06,0.000000000000000000e+00
3.294999970021152426e-06,0.000000000000000000e+00
3.295499970007011460e-06,0.000000000000000000e+00
3.295999969992870494e-06,0.000000000000000000e+00
3.296499969978729529e-06,0.000000000000000000e+00
3.296999969964588563e-06,0.000000000000000000e+00
3.297499969950447597e-06,0.000000000000000000e+00
3.297999969936306631e-06,0.000000000000000000e+00
3.298499969922165666e-06,0.000000000000000000e+00
3.298999969908024700e-06,0.000000000000000000e+00
3.299499969893883734e-06,0.000000000000000000e+00
3.299999969879742769e-06,0.000000000000000000e+00
3.300499969865601803e-06,0.000000000000000000e+00
3.300999969851460837e-06,0.000000000000000000e+00
3.301499969837319871e-06,0.000000000000000000e+00
3.301999969823178906e-06,0.000000000000000000e+00
3.302499969809037940e-06,0.000000000000000000e+00
3.302999969794896974e-06,0.000000000000000000e+00
3.303499969780756008e-06,0.000000000000000000e+00
3.303999969766615043e-06,0.000000000000000000e+00
3.304499969752474077e-06,0.000000000000000000e+00
3.304999969738333111e-06,4.000000059604644775e-01
3.305499969724192146e-06,1.600000023841857910e+00
3.305999969710051180e-06,3.400000050663948059e+00
3.306499969695910214e-06,4.800000071525573730e+00
3.306999969681769248e-06,5.400000080466270447e+00
3.307499969667628283e-06,5.400000080466270447e+00
3.307999969653487317e-06,5.200000077486038208e+00
3.308499969639346351e-06,4.800000071525573730e+00
3.308999969625205385e-06,4.800000071525573730e+00
3.309499969611064420e-06,4.600000068545341492e+00
3.309999969596923454e-06,4.600000068545341492e+00
3.310499969582782488e-06,4.400000065565109253e+00
3.310999969568641522e-06,4.400000065565109253e+00
3.311499969554500557e-06,4.200000062584877014e+00
3.311999969540359591e-06,4.200000062584877014e+00
3.312499969526218625e-06,4.000000059604644775e+00
3.312999969512077660e-06,4.000000059604644775e+00
3.313499969497936694e-06,3.800000056624412537e+00
3.313999969483795728e-06,3.600000053644180298e+00
3.314499969469654762e-06,3.400000050663948059e+00
3.314999969455513797e-06,3.400000050663948059e+00
3.315499969441372831e-06,3.200000047683715820e+00
3.315999969427231865e-06,3.000000044703483582e+00
3.316499969413090899e-06,3.000000044703483582e+00
3.316999969398949934e-06,2.800000041723251343e+00
3.317499969384808968e-06,2.600000038743019104e+00
3.317999969370668002e-06,2.600000038743019104e+00
3.318499969356527036e-06,2.400000035762786865e+00
3.318999969342386071e-06,2.200000032782554626e+00
3.319499969328245105e-06,2.000000029802322388e+00
3.319999969314104139e-06,1.800000026822090149e+00
3.320499969299963174e-06,1.600000023841857910e+00
3.320999969285822208e-06,1.600000023841857910e+00
3.321499969271681242e-06,1.400000020861625671e+00
3.321999969257540276e-06,1.200000017881393433e+00
3.322499969243399311e-06,1.000000014901161194e+00
3.322999969229258345e-06,1.000000014901161194e+00
3.323499969215117379e-06,8.000000119209289551e-01
3.323999969200976413e-06,6.000000089406967163e-01
3.324499969186835448e-06,4.000000059604644775e-01
3.324999969172694482e-06,2.000000029802322388e-01
3.325499969158553516e-06,0.000000000000000000e+00
3.325999969144412551e-06,-2.000000029802322388e-01
3.326499969130271585e-06,-2.000000029802322388e-01
3.326999969116130619e-06,-4.000000059604644775e-01
3.327499969101989653e-06,-6.000000089406967163e-01
3.327999969087848688e-06,-6.000000089406967163e-01
3.328499969073707722e-06,-8.000000119209289551e-01
3.328999969059566756e-06,-1.000000014901161194e+00
3.329499969045425790e-06,-1.200000017881393433e+00
3.329999969031284825e-06,-1.400000020861625671e+00
3.330499969017143859e-06,-1.400000020861625671e+00
3.330999969003002893e-06,-1.600000023841857910e+00
3.331499968988861927e-06,-1.800000026822090149e+00
3.331999968974720962e-06,-2.000000029802322388e+00
3.332499968960579996e-06,-2.000000029802322388e+00
3.332999968946439030e-06,-2.200000032782554626e+00
3.333499968932298065e-06,-2.400000035762786865e+00
3.333999968918157099e-06,-2.400000035762786865e+00
3.334499968904016133e-06,-2.600000038743019104e+00
3.334999968889875167e-06,-2.800000041723251343e+00
3.335499968875734202e-06,-2.800000041723251343e+00
3.335999968861593236e-06,-3.000000044703483582e+00
3.336499968847452270e-06,-3.200000047683715820e+00
3.336999968833311304e-06,-3.200000047683715820e+00
3.337499968819170339e-06,-3.400000050663948059e+00
3.337999968805029373e-06,-3.600000053644180298e+00
3.338499968790888407e-06,-3.600000053644180298e+00
3.338999968776747441e-06,-3.800000056624412537e+00
3.339499968762606476e-06,-3.800000056624412537e+00
3.339999968748465510e-06,-4.000000059604644775e+00
3.340499968734324544e-06,-4.000000059604644775e+00
3.340999968720183579e-06,-4.200000062584877014e+00
3.341499968706042613e-06,-4.200000062584877014e+00
3.341999968691901647e-06,-4.200000062584877014e+00
3.342499968677760681e-06,-4.400000065565109253e+00
3.342999968663619716e-06,-4.400000065565109253e+00
3.343499968649478750e-06,-4.400000065565109253e+00
3.343999968635337784e-06,-4.400000065565109253e+00
3.344499968621196818e-06,-4.600000068545341492e+00
3.344999968607055853e-06,-4.600000068545341492e+00
3.345499968592914887e-06,-4.600000068545341492e+00
3.345999968578773921e-06,-4.800000071525573730e+00
3.346499968564632956e-06,-4.800000071525573730e+00
3.346999968550491990e-06,-4.800000071525573730e+00
3.347499968536351024e-06,-4.800000071525573730e+00
3.347999968522210058e-06,-4.800000071525573730e+00
3.348499968508069093e-06,-4.800000071525573730e+00
3.348999968493928127e-06,-4.800000071525573730e+00
3.349499968479787161e-06,-4.800000071525573730e+00
3.349999968465646195e-06,-4.800000071525573730e+00
3.350499968451505230e-06,-4.800000071525573730e+00
3.350999968437364264e-06,-4.800000071525573730e+00
3.351499968423223298e-06,-4.800000071525573730e+00
3.351999968409082332e-06,-4.800000071525573730e+00
3.352499968394941367e-06,-4.800000071525573730e+00
3.352999968380800401e-06,-4.800000071525573730e+00
3.353499968366659435e-06,-4.800000071525573730e+00
3.353999968352518470e-06,-4.800000071525573730e+00
3.354499968338377504e-06,-4.800000071525573730e+00
3.354999968324236538e-06,-4.800000071525573730e+00
3.355499968310095572e-06,-4.600000068545341492e+00
3.355999968295954607e-06,-4.600000068545341492e+00
3.356499968281813641e-06,-4.600000068545341492e+00
3.356999968267672675e-06,-4.400000065565109253e+00
3.357499968253531709e-06,-4.400000065565109253e+00
3.357999968239390744e-06,-4.200000062584877014e+00
3.358499968225249778e-06,-4.200000062584877014e+00
3.358999968211108812e-06,-4.200000062584877014e+00
3.359499968196967846e-06,-4.000000059604644775e+00
3.359999968182826881e-06,-4.000000059604644775e+00
3.360499968168685915e-06,-3.800000056624412537e+00
3.360999968154544949e-06,-3.800000056624412537e+00
3.361499968140403984e-06,-3.600000053644180298e+00
3.361999968126263018e-06,-3.600000053644180298e+00
3.362499968112122052e-06,-3.400000050663948059e+00
3.362999968097981086e-06,-3.400000050663948059e+00
3.363499968083840121e-06,-3.200000047683715820e+00
3.363999968069699155e-06,-3.000000044703483582e+00
3.364499968055558189e-06,-3.000000044703483582e+00
3.364999968041417223e-06,-2.800000041723251343e+00
3.365499968027276258e-06,-2.800000041723251343e+00
3.365999968013135292e-06,-2.600000038743019104e+00
3.366499967998994326e-06,-2.400000035762786865e+00
3.366999967984853361e-06,-2.200000032782554626e+00
3.367499967970712395e-06,-2.200000032782554626e+00
3.367999967956571429e-06,-2.000000029802322388e+00
3.368499967942430463e-06,-1.800000026822090149e+00
3.368999967928289498e-06,-1.600000023841857910e+00
3.369499967914148532e-06,-1.600000023841857910e+00
3.369999967900007566e-06,-1.400000020861625671e+00
3.370499967885866600e-06,-1.200000017881393433e+00
3.370999967871725635e-06,-1.000000014901161194e+00
3.371499967857584669e-06,-1.000000014901161194e+00
3.371999967843443703e-06,-8.000000119209289551e-01
3.372499967829302737e-06,-8.000000119209289551e-01
3.372999967815161772e-06,-4.000000059604644775e-01
3.373499967801020806e-06,-4.000000059604644775e-01
3.373999967786879840e-06,-2.000000029802322388e-01
3.374499967772738875e-06,0.000000000000000000e+00
3.374999967758597909e-06,2.000000029802322388e-01
3.375499967744456943e-06,4.000000059604644775e-01
3.375999967730315977e-06,6.000000089406967163e-01
3.376499967716175012e-06,6.000000089406967163e-01
3.376999967702034046e-06,8.000000119209289551e-01
3.377499967687893080e-06,1.000000014901161194e+00
3.377999967673752114e-06,1.200000017881393433e+00
3.378499967659611149e-06,1.200000017881393433e+00
3.378999967645470183e-06,1.400000020861625671e+00
3.379499967631329217e-06,1.600000023841857910e+00
3.379999967617188251e-06,1.600000023841857910e+00
3.380499967603047286e-06,1.800000026822090149e+00
3.380999967588906320e-06,2.000000029802322388e+00
3.381499967574765354e-06,2.200000032782554626e+00
3.381999967560624389e-06,2.400000035762786865e+00
3.382499967546483423e-06,2.600000038743019104e+00
3.382999967532342457e-06,2.600000038743019104e+00
3.383499967518201491e-06,2.800000041723251343e+00
3.383999967504060526e-06,2.800000041723251343e+00
3.384499967489919560e-06,3.000000044703483582e+00
3.384999967475778594e-06,3.200000047683715820e+00
3.385499967461637628e-06,3.200000047683715820e+00
3.385999967447496663e-06,3.400000050663948059e+00
3.386499967433355697e-06,3.600000053644180298e+00
3.386999967419214731e-06,3.600000053644180298e+00
3.387499967405073766e-06,3.600000053644180298e+00
3.387999967390932800e-06,3.800000056624412537e+00
3.388499967376791834e-06,3.800000056624412537e+00
3.388999967362650868e-06,4.000000059604644775e+00
3.389499967348509903e-06,4.000000059604644775e+00
3.389999967334368937e-06,4.200000062584877014e+00
3.390499967320227971e-06,4.200000062584877014e+00
3.390999967306087005e-06,4.400000065565109253e+00
3.391499967291946040e-06,4.400000065565109253e+00
3.391999967277805074e-06,4.600000068545341492e+00
3.392499967263664108e-06,4.600000068545341492e+00
3.392999967249523142e-06,4.800000071525573730e+00
3.393499967235382177e-06,4.800000071525573730e+00
3.393999967221241211e-06,4.800000071525573730e+00
3.394499967207100245e-06,4.800000071525573730e+00
3.394999967192959280e-06,5.000000074505805969e+00
3.395499967178818314e-06,5.000000074505805969e+00
3.395999967164677348e-06,5.000000074505805969e+00
3.396499967150536382e-06,5.000000074505805969e+00
3.396999967136395417e-06,5.200000077486038208e+00
3.397499967122254451e-06,5.200000077486038208e+00
3.397999967108113485e-06,5.200000077486038208e+00
3.398499967093972519e-06,5.200000077486038208e+00
3.398999967079831554e-06,5.200000077486038208e+00
3.399499967065690588e-06,5.200000077486038208e+00
3.399999967051549622e-06,5.200000077486038208e+00
3.400499967037408656e-06,5.200000077486038208e+00
3.400999967023267691e-06,5.200000077486038208e+00
3.401499967009126725e-06,5.200000077486038208e+00
3.401999966994985759e-06,5.200000077486038208e+00
3.402499966980844794e-06,5.200000077486038208e+00
3.402999966966703828e-06,5.200000077486038208e+00
3.403499966952562862e-06,5.000000074505805969e+00
3.403999966938421896e-06,5.000000074505805969e+00
3.404499966924280931e-06,5.000000074505805969e+00
3.404999966910139965e-06,5.000000074505805969e+00
3.405499966895998999e-06,4.800000071525573730e+00
3.405999966881858033e-06,4.800000071525573730e+00
3.406499966867717068e-06,4.800000071525573730e+00
3.406999966853576102e-06,4.800000071525573730e+00
3.407499966839435136e-06,4.600000068545341492e+00
3.407999966825294171e-06,4.600000068545341492e+00
3.408499966811153205e-06,4.400000065565109253e+00
3.408999966797012239e-06,4.400000065565109253e+00
3.409499966782871273e-06,4.200000062584877014e+00
3.409999966768730308e-06,4.200000062584877014e+00
3.410499966754589342e-06,4.200000062584877014e+00
3.410999966740448376e-06,4.000000059604644775e+00
3.411499966726307410e-06,3.800000056624412537e+00
3.411999966712166445e-06,3.800000056624412537e+00
3.412499966698025479e-06,3.600000053644180298e+00
3.412999966683884513e-06,3.600000053644180298e+00
3.413499966669743547e-06,3.400000050663948059e+00
3.413999966655602582e-06,3.400000050663948059e+00
3.414499966641461616e-06,3.200000047683715820e+00
3.414999966627320650e-06,3.200000047683715820e+00
3.415499966613179685e-06,3.000000044703483582e+00
3.415999966599038719e-06,2.800000041723251343e+00
3.416499966584897753e-06,2.600000038743019104e+00
3.416999966570756787e-06,2.600000038743019104e+00
3.417499966556615822e-06,2.400000035762786865e+00
3.417999966542474856e-06,2.200000032782554626e+00
3.418499966528333890e-06,2.000000029802322388e+00
3.418999966514192924e-06,2.000000029802322388e+00
3.419499966500051959e-06,1.800000026822090149e+00
3.419999966485910993e-06,1.600000023841857910e+00
3.420499966471770027e-06,1.600000023841857910e+00
3.420999966457629061e-06,1.400000020861625671e+00
3.421499966443488096e-06,1.200000017881393433e+00
3.421999966429347130e-06,1.000000014901161194e+00
3.422499966415206164e-06,8.000000119209289551e-01
3.422999966401065199e-06,8.000000119209289551e-01
3.423499966386924233e-06,6.000000089406967163e-01
3.423999966372783267e-06,4.000000059604644775e-01
3.424499966358642301e-06,2.000000029802322388e-01
3.424999966344501336e-06,0.000000000000000000e+00
3.425499966330360370e-06,-2.000000029802322388e-01
3.425999966316219404e-06,-2.000000029802322388e-01
3.426499966302078438e-06,-4.000000059604644775e-01
3.426999966287937473e-06,-6.000000089406967163e-01
3.427499966273796507e-06,-8.000000119209289551e-01
3.427999966259655541e-06,-8.000000119209289551e-01
3.428499966245514576e-06,-1.000000014901161194e+00
3.428999966231373610e-06,-1.200000017881393433e+00
3.429499966217232644e-06,-1.400000020861625671e+00
3.429999966203091678e-06,-1.600000023841857910e+00
3.430499966188950713e-06,-1.600000023841857910e+00
3.430999966174809747e-06,-1.800000026822090149e+00
3.431499966160668781e-06,-2.000000029802322388e+00
3.431999966146527815e-06,-2.000000029802322388e+00
3.432499966132386850e-06,-2.200000032782554626e+00
3.432999966118245884e-06,-2.400000035762786865e+00
3.433499966104104918e-06,-2.600000038743019104e+00
3.433999966089963952e-06,-2.600000038743019104e+00
3.434499966075822987e-06,-2.800000041723251343e+00
3.434999966061682021e-06,-2.800000041723251343e+00
3.435499966047541055e-06,-3.000000044703483582e+00
3.435999966033400090e-06,-3.200000047683715820e+00
3.436499966019259124e-06,-3.400000050663948059e+00
3.436999966005118158e-06,-3.400000050663948059e+00
3.437499965990977192e-06,-3.600000053644180298e+00
3.437999965976836227e-06,-3.600000053644180298e+00
3.438499965962695261e-06,-3.800000056624412537e+00
3.438999965948554295e-06,-3.800000056624412537e+00
3.439499965934413329e-06,-4.000000059604644775e+00
3.439999965920272364e-06,-4.000000059604644775e+00
3.440499965906131398e-06,-4.200000062584877014e+00
3.440999965891990432e-06,-4.200000062584877014e+00
3.441499965877849466e-06,-4.400000065565109253e+00
3.441999965863708501e-06,-4.400000065565109253e+00
3.442499965849567535e-06,-4.400000065565109253e+00
3.442999965835426569e-06,-4.600000068545341492e+00
3.443499965821285604e-06,-4.600000068545341492e+00
3.443999965807144638e-06,-4.600000068545341492e+00
3.444499965793003672e-06,-4.800000071525573730e+00
3.444999965778862706e-06,-4.800000071525573730e+00
3.445499965764721741e-06,-4.800000071525573730e+00
3.445999965750580775e-06,-4.800000071525573730e+00
3.446499965736439809e-06,-5.000000074505805969e+00
3.446999965722298843e-06,-5.000000074505805969e+00
3.447499965708157878e-06,-5.000000074505805969e+00
3.447999965694016912e-06,-5.000000074505805969e+00
3.448499965679875946e-06,-5.000000074505805969e+00
3.448999965665734981e-06,-5.000000074505805969e+00
3.449499965651594015e-06,-5.000000074505805969e+00
3.449999965637453049e-06,-5.000000074505805969e+00
3.450499965623312083e-06,-5.000000074505805969e+00
3.450999965609171118e-06,-5.000000074505805969e+00
3.451499965595030152e-06,-5.000000074505805969e+00
3.451999965580889186e-06,-5.000000074505805969e+00
3.452499965566748220e-06,-5.000000074505805969e+00
3.452999965552607255e-06,-4.800000071525573730e+00
3.453499965538466289e-06,-4.800000071525573730e+00
3.453999965524325323e-06,-4.800000071525573730e+00
3.454499965510184357e-06,-4.800000071525573730e+00
3.454999965496043392e-06,-4.800000071525573730e+00
3.455499965481902426e-06,-4.800000071525573730e+00
3.455999965467761460e-06,-4.600000068545341492e+00
3.456499965453620495e-06,-4.600000068545341492e+00
3.456999965439479529e-06,-4.600000068545341492e+00
3.457499965425338563e-06,-4.400000065565109253e+00
3.457999965411197597e-06,-4.400000065565109253e+00
3.458499965397056632e-06,-4.200000062584877014e+00
3.458999965382915666e-06,-4.200000062584877014e+00
3.459499965368774700e-06,-4.200000062584877014e+00
3.459999965354633734e-06,-4.000000059604644775e+00
3.460499965340492769e-06,-4.000000059604644775e+00
3.460999965326351803e-06,-3.800000056624412537e+00
3.461499965312210837e-06,-3.800000056624412537e+00
3.461999965298069871e-06,-3.600000053644180298e+00
3.462499965283928906e-06,-3.600000053644180298e+00
3.462999965269787940e-06,-3.400000050663948059e+00
3.463499965255646974e-06,-3.400000050663948059e+00
3.463999965241506009e-06,-3.200000047683715820e+00
3.464499965227365043e-06,-3.000000044703483582e+00
3.464999965213224077e-06,-3.000000044703483582e+00
3.465499965199083111e-06,-2.800000041723251343e+00
3.465999965184942146e-06,-2.600000038743019104e+00
3.466499965170801180e-06,-2.600000038743019104e+00
3.466999965156660214e-06,-2.400000035762786865e+00
3.467499965142519248e-06,-2.200000032782554626e+00
3.467999965128378283e-06,-2.200000032782554626e+00
3.468499965114237317e-06,-2.000000029802322388e+00
3.468999965100096351e-06,-1.800000026822090149e+00
3.469499965085955386e-06,-1.600000023841857910e+00
3.469999965071814420e-06,-1.400000020861625671e+00
3.470499965057673454e-06,-1.400000020861625671e+00
3.470999965043532488e-06,-1.200000017881393433e+00
3.471499965029391523e-06,-1.000000014901161194e+00
3.471999965015250557e-06,-8.000000119209289551e-01
3.472499965001109591e-06,-8.000000119209289551e-01
3.472999964986968625e-06,-6.000000089406967163e-01
3.473499964972827660e-06,-4.000000059604644775e-01
3.473999964958686694e-06,-4.000000059604644775e-01
3.474499964944545728e-06,-2.000000029802322388e-01
3.474999964930404762e-06,0.000000000000000000e+00
3.475499964916263797e-06,2.000000029802322388e-01
3.475999964902122831e-06,4.000000059604644775e-01
3.476499964887981865e-06,6.000000089406967163e-01
3.476999964873840900e-06,8.000000119209289551e-01
3.477499964859699934e-06,8.000000119209289551e-01
3.477999964845558968e-06,1.000000014901161194e+00
3.478499964831418002e-06,1.200000017881393433e+00
3.478999964817277037e-06,1.400000020861625671e+00
3.479499964803136071e-06,1.400000020861625671e+00
3.479999964788995105e-06,1.600000023841857910e+00
3.480499964774854139e-06,1.800000026822090149e+00
3.480999964760713174e-06,1.800000026822090149e+00
3.481499964746572208e-06,2.000000029802322388e+00
3.481999964732431242e-06,2.200000032782554626e+00
3.482499964718290276e-06,2.400000035762786865e+00
3.482999964704149311e-06,2.600000038743019104e+00
3.483499964690008345e-06,2.600000038743019104e+00
3.483999964675867379e-06,2.800000041723251343e+00
3.484499964661726414e-06,2.800000041723251343e+00
3.484999964647585448e-06,3.000000044703483582e+00
3.485499964633444482e-06,3.000000044703483582e+00
3.485999964619303516e-06,3.200000047683715820e+00
3.486499964605162551e-06,3.400000050663948059e+00
3.486999964591021585e-06,3.600000053644180298e+00
3.487499964576880619e-06,3.600000053644180298e+00
3.487999964562739653e-06,3.600000053644180298e+00
3.488499964548598688e-06,3.800000056624412537e+00
3.488999964534457722e-06,4.000000059604644775e+00
3.489499964520316756e-06,4.000000059604644775e+00
3.489999964506175791e-06,4.000000059604644775e+00
3.490499964492034825e-06,4.200000062584877014e+00
3.490999964477893859e-06,4.400000065565109253e+00
3.491499964463752893e-06,4.400000065565109253e+00
3.491999964449611928e-06,4.400000065565109253e+00
3.492499964435470962e-06,4.400000065565109253e+00
3.492999964421329996e-06,4.600000068545341492e+00
3.493499964407189030e-06,4.800000071525573730e+00
3.493999964393048065e-06,4.800000071525573730e+00
3.494499964378907099e-06,4.800000071525573730e+00
3.494999964364766133e-06,4.800000071525573730e+00
3.495499964350625167e-06,4.800000071525573730e+00
3.495999964336484202e-06,5.000000074505805969e+00
3.496499964322343236e-06,5.000000074505805969e+00
3.496999964308202270e-06,5.000000074505805969e+00
3.497499964294061305e-06,5.000000074505805969e+00
3.497999964279920339e-06,5.000000074505805969e+00
3.498499964265779373e-06,5.000000074505805969e+00
3.498999964251638407e-06,5.000000074505805969e+00
3.499499964237497442e-06,5.000000074505805969e+00
3.499999964223356476e-06,5.200000077486038208e+00
3.500499964209215510e-06,5.200000077486038208e+00
3.500999964195074544e-06,5.200000077486038208e+00
3.501499964180933579e-06,5.000000074505805969e+00
3.501999964166792613e-06,5.000000074505805969e+00
3.502499964152651647e-06,5.000000074505805969e+00
3.502999964138510681e-06,5.000000074505805969e+00
3.503499964124369716e-06,5.000000074505805969e+00
3.503999964110228750e-06,5.000000074505805969e+00
3.504499964096087784e-06,4.800000071525573730e+00
3.504999964081946819e-06,4.800000071525573730e+00
3.505499964067805853e-06,4.800000071525573730e+00
3.505999964053664887e-06,4.800000071525573730e+00
3.506499964039523921e-06,4.600000068545341492e+00
3.506999964025382956e-06,4.600000068545341492e+00
3.507499964011241990e-06,4.600000068545341492e+00
3.507999963997101024e-06,4.400000065565109253e+00
3.508499963982960058e-06,4.400000065565109253e+00
3.508999963968819093e-06,4.400000065565109253e+00
3.509499963954678127e-06,4.200000062584877014e+00
3.509999963940537161e-06,4.200000062584877014e+00
3.510499963926396196e-06,4.000000059604644775e+00
3.510999963912255230e-06,4.000000059604644775e+00
3.511499963898114264e-06,3.800000056624412537e+00
3.511999963883973298e-06,3.600000053644180298e+00
3.512499963869832333e-06,3.600000053644180298e+00
3.512999963855691367e-06,3.600000053644180298e+00
3.513499963841550401e-06,3.400000050663948059e+00
3.513999963827409435e-06,3.200000047683715820e+00
3.514499963813268470e-06,3.000000044703483582e+00
3.514999963799127504e-06,3.000000044703483582e+00
3.515499963784986538e-06,2.800000041723251343e+00
3.515999963770845572e-06,2.800000041723251343e+00
3.516499963756704607e-06,2.600000038743019104e+00
3.516999963742563641e-06,2.400000035762786865e+00
3.517499963728422675e-06,2.200000032782554626e+00
3.517999963714281710e-06,2.200000032782554626e+00
3.518499963700140744e-06,2.000000029802322388e+00
3.518999963685999778e-06,1.800000026822090149e+00
3.519499963671858812e-06,1.800000026822090149e+00
3.519999963657717847e-06,1.600000023841857910e+00
3.520499963643576881e-06,1.400000020861625671e+00
3.520999963629435915e-06,1.200000017881393433e+00
3.521499963615294949e-06,1.000000014901161194e+00
3.521999963601153984e-06,1.000000014901161194e+00
3.522499963587013018e-06,8.000000119209289551e-01
3.522999963572872052e-06,6.000000089406967163e-01
3.523499963558731086e-06,4.000000059604644775e-01
3.523999963544590121e-06,4.000000059604644775e-01
3.524499963530449155e-06,2.000000029802322388e-01
3.524999963516308189e-06,0.000000000000000000e+00
3.525499963502167224e-06,-2.000000029802322388e-01
3.525999963488026258e-06,-4.000000059604644775e-01
3.526499963473885292e-06,-4.000000059604644775e-01
3.526999963459744326e-06,-6.000000089406967163e-01
3.527499963445603361e-06,-8.000000119209289551e-01
3.527999963431462395e-06,-1.000000014901161194e+00
3.528499963417321429e-06,-1.200000017881393433e+00
3.528999963403180463e-06,-1.200000017881393433e+00
3.529499963389039498e-06,-1.400000020861625671e+00
3.529999963374898532e-06,-1.600000023841857910e+00
3.530499963360757566e-06,-1.600000023841857910e+00
3.530999963346616601e-06,-1.800000026822090149e+00
3.531499963332475635e-06,-2.000000029802322388e+00
3.531999963318334669e-06,-2.200000032782554626e+00
3.532499963304193703e-06,-2.400000035762786865e+00
3.532999963290052738e-06,-2.400000035762786865e+00
3.533499963275911772e-06,-2.600000038743019104e+00
3.533999963261770806e-06,-2.600000038743019104e+00
3.534499963247629840e-06,-2.800000041723251343e+00
3.534999963233488875e-06,-3.000000044703483582e+00
3.535499963219347909e-06,-3.200000047683715820e+00
3.535999963205206943e-06,-3.400000050663948059e+00
3.536499963191065977e-06,-3.400000050663948059e+00
3.536999963176925012e-06,-3.600000053644180298e+00
3.537499963162784046e-06,-3.600000053644180298e+00
3.537999963148643080e-06,-3.800000056624412537e+00
3.538499963134502115e-06,-3.800000056624412537e+00
3.538999963120361149e-06,-4.000000059604644775e+00
3.539499963106220183e-06,-4.000000059604644775e+00
3.539999963092079217e-06,-4.200000062584877014e+00
3.540499963077938252e-06,-4.200000062584877014e+00
3.540999963063797286e-06,-4.200000062584877014e+00
3.541499963049656320e-06,-4.400000065565109253e+00
3.541999963035515354e-06,-4.400000065565109253e+00
3.542499963021374389e-06,-4.600000068545341492e+00
3.542999963007233423e-06,-4.600000068545341492e+00
3.543499962993092457e-06,-4.600000068545341492e+00
3.543999962978951491e-06,-4.800000071525573730e+00
3.544499962964810526e-06,-4.800000071525573730e+00
3.544999962950669560e-06,-4.800000071525573730e+00
3.545499962936528594e-06,-4.800000071525573730e+00
3.545999962922387629e-06,-4.800000071525573730e+00
3.546499962908246663e-06,-5.000000074505805969e+00
3.546999962894105697e-06,-5.000000074505805969e+00
3.547499962879964731e-06,-5.000000074505805969e+00
3.547999962865823766e-06,-5.000000074505805969e+00
3.548499962851682800e-06,-5.000000074505805969e+00
3.548999962837541834e-06,-5.000000074505805969e+00
3.549499962823400868e-06,-5.000000074505805969e+00
3.549999962809259903e-06,-5.000000074505805969e+00
3.550499962795118937e-06,-5.200000077486038208e+00
3.550999962780977971e-06,-5.000000074505805969e+00
3.551499962766837006e-06,-5.000000074505805969e+00
3.551999962752696040e-06,-5.000000074505805969e+00
3.552499962738555074e-06,-5.000000074505805969e+00
3.552999962724414108e-06,-5.000000074505805969e+00
3.553499962710273143e-06,-5.000000074505805969e+00
3.553999962696132177e-06,-4.800000071525573730e+00
3.554499962681991211e-06,-4.800000071525573730e+00
3.554999962667850245e-06,-4.800000071525573730e+00
3.555499962653709280e-06,-4.800000071525573730e+00
3.555999962639568314e-06,-4.800000071525573730e+00
3.556499962625427348e-06,-4.600000068545341492e+00
3.556999962611286382e-06,-4.600000068545341492e+00
3.557499962597145417e-06,-4.600000068545341492e+00
3.557999962583004451e-06,-4.400000065565109253e+00
3.558499962568863485e-06,-4.400000065565109253e+00
3.558999962554722520e-06,-4.400000065565109253e+00
3.559499962540581554e-06,-4.200000062584877014e+00
3.559999962526440588e-06,-4.200000062584877014e+00
3.560499962512299622e-06,-4.000000059604644775e+00
3.560999962498158657e-06,-4.000000059604644775e+00
3.561499962484017691e-06,-3.800000056624412537e+00
3.561999962469876725e-06,-3.800000056624412537e+00
3.562499962455735759e-06,-3.600000053644180298e+00
3.562999962441594794e-06,-3.400000050663948059e+00
3.563499962427453828e-06,-3.400000050663948059e+00
3.563999962413312862e-06,-3.200000047683715820e+00
3.564499962399171896e-06,-3.200000047683715820e+00
3.564999962385030931e-06,-3.000000044703483582e+00
3.565499962370889965e-06,-2.800000041723251343e+00
3.565999962356748999e-06,-2.600000038743019104e+00
3.566499962342608034e-06,-2.600000038743019104e+00
3.566999962328467068e-06,-2.400000035762786865e+00
3.567499962314326102e-06,-2.200000032782554626e+00
3.567999962300185136e-06,-2.200000032782554626e+00
3.568499962286044171e-06,-2.000000029802322388e+00
3.568999962271903205e-06,-1.800000026822090149e+00
3.569499962257762239e-06,-1.800000026822090149e+00
3.569999962243621273e-06,-1.600000023841857910e+00
3.570499962229480308e-06,-1.400000020861625671e+00
3.570999962215339342e-06,-1.200000017881393433e+00
3.571499962201198376e-06,-1.200000017881393433e+00
3.571999962187057411e-06,-1.000000014901161194e+00
3.572499962172916445e-06,-8.000000119209289551e-01
3.572999962158775479e-06,-6.000000089406967163e-01
3.573499962144634513e-06,-4.000000059604644775e-01
3.573999962130493548e-06,-2.000000029802322388e-01
3.574499962116352582e-06,-2.000000029802322388e-01
3.574999962102211616e-06,0.000000000000000000e+00
3.575499962088070650e-06,2.000000029802322388e-01
3.575999962073929685e-06,4.000000059604644775e-01
3.576499962059788719e-06,4.000000059604644775e-01
3.576999962045647753e-06,6.000000089406967163e-01
3.577499962031506787e-06,8.000000119209289551e-01
3.577999962017365822e-06,1.000000014901161194e+00
3.578499962003224856e-06,1.200000017881393433e+00
3.578999961989083890e-06,1.400000020861625671e+00
3.579499961974942925e-06,1.400000020861625671e+00
3.579999961960801959e-06,1.600000023841857910e+00
3.580499961946660993e-06,1.800000026822090149e+00
3.580999961932520027e-06,2.000000029802322388e+00
3.581499961918379062e-06,2.000000029802322388e+00
3.581999961904238096e-06,2.200000032782554626e+00
3.582499961890097130e-06,2.400000035762786865e+00
3.582999961875956164e-06,2.400000035762786865e+00
3.583499961861815199e-06,2.600000038743019104e+00
3.583999961847674233e-06,2.800000041723251343e+00
3.584499961833533267e-06,2.800000041723251343e+00
3.584999961819392301e-06,3.000000044703483582e+00
3.585499961805251336e-06,3.200000047683715820e+00
3.585999961791110370e-06,3.200000047683715820e+00
3.586499961776969404e-06,3.400000050663948059e+00
3.586999961762828439e-06,3.400000050663948059e+00
3.587499961748687473e-06,3.600000053644180298e+00
3.587999961734546507e-06,3.600000053644180298e+00
3.588499961720405541e-06,3.800000056624412537e+00
3.588999961706264576e-06,4.000000059604644775e+00
3.589499961692123610e-06,4.000000059604644775e+00
3.589999961677982644e-06,4.200000062584877014e+00
3.590499961663841678e-06,4.200000062584877014e+00
3.590999961649700713e-06,4.400000065565109253e+00
3.591499961635559747e-06,4.400000065565109253e+00
3.591999961621418781e-06,4.400000065565109253e+00
3.592499961607277816e-06,4.400000065565109253e+00
3.592999961593136850e-06,4.600000068545341492e+00
3.593499961578995884e-06,4.600000068545341492e+00
3.593999961564854918e-06,4.800000071525573730e+00
3.594499961550713953e-06,4.800000071525573730e+00
3.594999961536572987e-06,4.800000071525573730e+00
3.595499961522432021e-06,4.800000071525573730e+00
3.595999961508291055e-06,5.000000074505805969e+00
3.596499961494150090e-06,5.000000074505805969e+00
3.596999961480009124e-06,5.000000074505805969e+00
3.597499961465868158e-06,5.000000074505805969e+00
3.597999961451727192e-06,5.000000074505805969e+00
3.598499961437586227e-06,5.000000074505805969e+00
3.598999961423445261e-06,5.200000077486038208e+00
3.599499961409304295e-06,5.000000074505805969e+00
3.599999961395163330e-06,5.200000077486038208e+00
3.600499961381022364e-06,5.000000074505805969e+00
3.600999961366881398e-06,5.200000077486038208e+00
3.601499961352740432e-06,5.000000074505805969e+00
3.601999961338599467e-06,5.000000074505805969e+00
3.602499961324458501e-06,5.000000074505805969e+00
3.602999961310317535e-06,5.000000074505805969e+00
3.603499961296176569e-06,5.000000074505805969e+00
3.603999961282035604e-06,5.000000074505805969e+00
3.604499961267894638e-06,4.800000071525573730e+00
3.604999961253753672e-06,4.800000071525573730e+00
3.605499961239612706e-06,4.800000071525573730e+00
3.605999961225471741e-06,4.800000071525573730e+00
3.606499961211330775e-06,4.600000068545341492e+00
3.606999961197189809e-06,4.600000068545341492e+00
3.607499961183048844e-06,4.400000065565109253e+00
3.607999961168907878e-06,4.400000065565109253e+00
3.608499961154766912e-06,4.400000065565109253e+00
3.608999961140625946e-06,4.200000062584877014e+00
3.609499961126484981e-06,4.200000062584877014e+00
3.609999961112344015e-06,4.200000062584877014e+00
3.610499961098203049e-06,4.000000059604644775e+00
3.610999961084062083e-06,3.800000056624412537e+00
3.611499961069921118e-06,3.800000056624412537e+00
3.611999961055780152e-06,3.600000053644180298e+00
3.612499961041639186e-06,3.600000053644180298e+00
3.612999961027498221e-06,3.400000050663948059e+00
3.613499961013357255e-06,3.400000050663948059e+00
3.613999960999216289e-06,3.200000047683715820e+00
3.614499960985075323e-06,3.000000044703483582e+00
3.614999960970934358e-06,3.000000044703483582e+00
3.615499960956793392e-06,2.800000041723251343e+00
3.615999960942652426e-06,2.800000041723251343e+00
3.616499960928511460e-06,2.600000038743019104e+00
3.616999960914370495e-06,2.400000035762786865e+00
3.617499960900229529e-06,2.400000035762786865e+00
3.617999960886088563e-06,2.200000032782554626e+00
3.618499960871947597e-06,2.000000029802322388e+00
3.618999960857806632e-06,1.800000026822090149e+00
3.619499960843665666e-06,1.800000026822090149e+00
3.619999960829524700e-06,1.600000023841857910e+00
3.620499960815383735e-06,1.400000020861625671e+00
3.620999960801242769e-06,1.200000017881393433e+00
3.621499960787101803e-06,1.000000014901161194e+00
3.621999960772960837e-06,1.000000014901161194e+00
3.622499960758819872e-06,8.000000119209289551e-01
3.622999960744678906e-06,6.000000089406967163e-01
3.623499960730537940e-06,4.000000059604644775e-01
3.623999960716396974e-06,2.000000029802322388e-01
3.624499960702256009e-06,2.000000029802322388e-01
3.624999960688115043e-06,0.000000000000000000e+00
3.625499960673974077e-06,-2.000000029802322388e-01
3.625999960659833111e-06,-4.000000059604644775e-01
3.626499960645692146e-06,-4.000000059604644775e-01
3.626999960631551180e-06,-6.000000089406967163e-01
3.627499960617410214e-06,-8.000000119209289551e-01
3.627999960603269249e-06,-1.000000014901161194e+00
3.628499960589128283e-06,-1.200000017881393433e+00
3.628999960574987317e-06,-1.200000017881393433e+00
3.629499960560846351e-06,-1.400000020861625671e+00
3.629999960546705386e-06,-1.600000023841857910e+00
3.630499960532564420e-06,-1.800000026822090149e+00
3.630999960518423454e-06,-1.600000023841857910e+00
3.631499960504282488e-06,-1.400000020861625671e+00
3.631999960490141523e-06,-1.200000017881393433e+00
3.632499960476000557e-06,-1.000000014901161194e+00
3.632999960461859591e-06,-1.000000014901161194e+00
3.633499960447718626e-06,-1.000000014901161194e+00
3.633999960433577660e-06,-1.000000014901161194e+00
3.634499960419436694e-06,-1.000000014901161194e+00
3.634999960405295728e-06,-1.000000014901161194e+00
3.635499960391154763e-06,-1.000000014901161194e+00
3.635999960377013797e-06,-1.000000014901161194e+00
3.636499960362872831e-06,-1.000000014901161194e+00
3.636999960348731865e-06,-1.000000014901161194e+00
3.637499960334590900e-06,-1.000000014901161194e+00
3.637999960320449934e-06,-1.000000014901161194e+00
3.638499960306308968e-06,-1.000000014901161194e+00
3.638999960292168002e-06,-1.000000014901161194e+00
3.639499960278027037e-06,-1.000000014901161194e+00
3.639999960263886071e-06,-1.000000014901161194e+00
3.640499960249745105e-06,-1.000000014901161194e+00
3.640999960235604140e-06,-1.000000014901161194e+00
3.641499960221463174e-06,-1.000000014901161194e+00
3.641999960207322208e-06,-1.000000014901161194e+00
3.642499960193181242e-06,-1.000000014901161194e+00
3.642999960179040277e-06,-1.000000014901161194e+00
3.643499960164899311e-06,-1.000000014901161194e+00
3.643999960150758345e-06,-1.000000014901161194e+00
3.644499960136617379e-06,-1.000000014901161194e+00
3.644999960122476414e-06,-1.000000014901161194e+00
3.645499960108335448e-06,-1.000000014901161194e+00
3.645999960094194482e-06,-8.000000119209289551e-01
3.646499960080053516e-06,-1.000000014901161194e+00
3.646999960065912551e-06,-8.000000119209289551e-01
3.647499960051771585e-06,-1.000000014901161194e+00
3.647999960037630619e-06,-8.000000119209289551e-01
3.648499960023489654e-06,-1.000000014901161194e+00
3.648999960009348688e-06,-8.000000119209289551e-01
3.649499959995207722e-06,-8.000000119209289551e-01
3.649999959981066756e-06,-8.000000119209289551e-01
3.650499959966925791e-06,-8.000000119209289551e-01
3.650999959952784825e-06,-8.000000119209289551e-01
3.651499959938643859e-06,-8.000000119209289551e-01
3.651999959924502893e-06,-8.000000119209289551e-01
3.652499959910361928e-06,-8.000000119209289551e-01
3.652999959896220962e-06,-8.000000119209289551e-01
3.653499959882079996e-06,-1.000000014901161194e+00
3.653999959867939031e-06,-8.000000119209289551e-01
3.654499959853798065e-06,-8.000000119209289551e-01
3.654999959839657099e-06,-8.000000119209289551e-01
3.655499959825516133e-06,-8.000000119209289551e-01
3.655999959811375168e-06,-8.000000119209289551e-01
3.656499959797234202e-06,-8.000000119209289551e-01
3.656999959783093236e-06,-8.000000119209289551e-01
3.657499959768952270e-06,-8.000000119209289551e-01
3.657999959754811305e-06,-8.000000119209289551e-01
3.658499959740670339e-06,-8.000000119209289551e-01
3.658999959726529373e-06,-8.000000119209289551e-01
3.659499959712388407e-06,-8.000000119209289551e-01
3.659999959698247442e-06,-8.000000119209289551e-01
3.660499959684106476e-06,-8.000000119209289551e-01
3.660999959669965510e-06,-8.000000119209289551e-01
3.661499959655824545e-06,-8.000000119209289551e-01
3.661999959641683579e-06,-6.000000089406967163e-01
3.662499959627542613e-06,-8.000000119209289551e-01
3.662999959613401647e-06,-8.000000119209289551e-01
3.663499959599260682e-06,-8.000000119209289551e-01
3.663999959585119716e-06,-8.000000119209289551e-01
3.664499959570978750e-06,-8.000000119209289551e-01
3.664999959556837784e-06,-8.000000119209289551e-01
3.665499959542696819e-06,-8.000000119209289551e-01
3.665999959528555853e-06,-8.000000119209289551e-01
3.666499959514414887e-06,-6.000000089406967163e-01
3.666999959500273921e-06,-6.000000089406967163e-01
3.667499959486132956e-06,-8.000000119209289551e-01
3.667999959471991990e-06,-8.000000119209289551e-01
3.668499959457851024e-06,-8.000000119209289551e-01
3.668999959443710059e-06,-6.000000089406967163e-01
3.669499959429569093e-06,-6.000000089406967163e-01
3.669999959415428127e-06,-6.000000089406967163e-01
3.670499959401287161e-06,-8.000000119209289551e-01
3.670999959387146196e-06,-6.000000089406967163e-01
3.671499959373005230e-06,-6.000000089406967163e-01
3.671999959358864264e-06,-6.000000089406967163e-01
3.672499959344723298e-06,-6.000000089406967163e-01
3.672999959330582333e-06,-6.000000089406967163e-01
3.673499959316441367e-06,-6.000000089406967163e-01
3.673999959302300401e-06,-6.000000089406967163e-01
3.674499959288159436e-06,-6.000000089406967163e-01
3.674999959274018470e-06,-6.000000089406967163e-01
3.675499959259877504e-06,-6.000000089406967163e-01
3.675999959245736538e-06,-6.000000089406967163e-01
3.676499959231595573e-06,-6.000000089406967163e-01
3.676999959217454607e-06,-6.000000089406967163e-01
3.677499959203313641e-06,-6.000000089406967163e-01
3.677999959189172675e-06,-6.000000089406967163e-01
3.678499959175031710e-06,-6.000000089406967163e-01
3.678999959160890744e-06,-6.000000089406967163e-01
3.679499959146749778e-06,-6.000000089406967163e-01
3.679999959132608812e-06,-6.000000089406967163e-01
3.680499959118467847e-06,-6.000000089406967163e-01
3.680999959104326881e-06,-6.000000089406967163e-01
3.681499959090185915e-06,-6.000000089406967163e-01
3.681999959076044950e-06,-6.000000089406967163e-01
3.682499959061903984e-06,-6.000000089406967163e-01
3.682999959047763018e-06,-6.000000089406967163e-01
3.683499959033622052e-06,-6.000000089406967163e-01
3.683999959019481087e-06,-6.000000089406967163e-01
3.684499959005340121e-06,-6.000000089406967163e-01
3.684999958991199155e-06,-4.000000059604644775e-01
3.685499958977058189e-06,-6.000000089406967163e-01
3.685999958962917224e-06,-6.000000089406967163e-01
3.686499958948776258e-06,-6.000000089406967163e-01
3.686999958934635292e-06,-6.000000089406967163e-01
3.687499958920494326e-06,-6.000000089406967163e-01
3.687999958906353361e-06,-6.000000089406967163e-01
3.688499958892212395e-06,-6.000000089406967163e-01
3.688999958878071429e-06,-6.000000089406967163e-01
3.689499958863930464e-06,-6.000000089406967163e-01
3.689999958849789498e-06,-6.000000089406967163e-01
3.690499958835648532e-06,-6.000000089406967163e-01
3.690999958821507566e-06,-4.000000059604644775e-01
3.691499958807366601e-06,-6.000000089406967163e-01
3.691999958793225635e-06,-6.000000089406967163e-01
3.692499958779084669e-06,-6.000000089406967163e-01
3.692999958764943703e-06,-6.000000089406967163e-01
3.693499958750802738e-06,-6.000000089406967163e-01
3.693999958736661772e-06,-6.000000089406967163e-01
3.694499958722520806e-06,-6.000000089406967163e-01
3.694999958708379841e-06,-6.000000089406967163e-01
3.695499958694238875e-06,-6.000000089406967163e-01
3.695999958680097909e-06,-4.000000059604644775e-01
3.696499958665956943e-06,-6.000000089406967163e-01
3.696999958651815978e-06,-4.000000059604644775e-01
3.697499958637675012e-06,-6.000000089406967163e-01
3.697999958623534046e-06,-4.000000059604644775e-01
3.698499958609393080e-06,-6.000000089406967163e-01
3.698999958595252115e-06,-4.000000059604644775e-01
3.699499958581111149e-06,-4.000000059604644775e-01
3.699999958566970183e-06,-4.000000059604644775e-01
3.700499958552829217e-06,-6.000000089406967163e-01
3.700999958538688252e-06,-4.000000059604644775e-01
3.701499958524547286e-06,-4.000000059604644775e-01
3.701999958510406320e-06,-4.000000059604644775e-01
3.702499958496265355e-06,-4.000000059604644775e-01
3.702999958482124389e-06,-4.000000059604644775e-01
3.703499958467983423e-06,-6.000000089406967163e-01
3.703999958453842457e-06,-4.000000059604644775e-01
3.704499958439701492e-06,-4.000000059604644775e-01
3.704999958425560526e-06,-4.000000059604644775e-01
3.705499958411419560e-06,-4.000000059604644775e-01
3.705999958397278594e-06,-4.000000059604644775e-01
3.706499958383137629e-06,-4.000000059604644775e-01
3.706999958368996663e-06,-4.000000059604644775e-01
3.707499958354855697e-06,-4.000000059604644775e-01
3.707999958340714731e-06,-4.000000059604644775e-01
3.708499958326573766e-06,-4.000000059604644775e-01
3.708999958312432800e-06,-6.000000089406967163e-01
3.709499958298291834e-06,-4.000000059604644775e-01
3.709999958284150869e-06,-4.000000059604644775e-01
3.710499958270009903e-06,-4.000000059604644775e-01
3.710999958255868937e-06,-4.000000059604644775e-01
3.711499958241727971e-06,-4.000000059604644775e-01
3.711999958227587006e-06,-4.000000059604644775e-01
3.712499958213446040e-06,-4.000000059604644775e-01
3.712999958199305074e-06,-4.000000059604644775e-01
3.713499958185164108e-06,-4.000000059604644775e-01
3.713999958171023143e-06,-4.000000059604644775e-01
3.714499958156882177e-06,-4.000000059604644775e-01
3.714999958142741211e-06,-4.000000059604644775e-01
3.715499958128600245e-06,-4.000000059604644775e-01
3.715999958114459280e-06,-4.000000059604644775e-01
3.716499958100318314e-06,-4.000000059604644775e-01
3.716999958086177348e-06,-4.000000059604644775e-01
3.717499958072036383e-06,-4.000000059604644775e-01
3.717999958057895417e-06,-4.000000059604644775e-01
3.718499958043754451e-06,-4.000000059604644775e-01
3.718999958029613485e-06,-4.000000059604644775e-01
3.719499958015472520e-06,-4.000000059604644775e-01
3.719999958001331554e-06,-4.000000059604644775e-01
3.720499957987190588e-06,-4.000000059604644775e-01
3.720999957973049622e-06,-4.000000059604644775e-01
3.721499957958908657e-06,-4.000000059604644775e-01
3.721999957944767691e-06,-4.000000059604644775e-01
3.722499957930626725e-06,-4.000000059604644775e-01
3.722999957916485760e-06,-4.000000059604644775e-01
3.723499957902344794e-06,-4.000000059604644775e-01
3.723999957888203828e-06,-4.000000059604644775e-01
3.724499957874062862e-06,-4.000000059604644775e-01
3.724999957859921897e-06,-2.000000029802322388e-01
3.725499957845780931e-06,-4.000000059604644775e-01
3.725999957831639965e-06,-4.000000059604644775e-01
3.726499957817498999e-06,-4.000000059604644775e-01
3.726999957803358034e-06,-2.000000029802322388e-01
3.727499957789217068e-06,-4.000000059604644775e-01
3.727999957775076102e-06,-4.000000059604644775e-01
3.728499957760935136e-06,-4.000000059604644775e-01
3.728999957746794171e-06,-2.000000029802322388e-01
3.729499957732653205e-06,-4.000000059604644775e-01
3.729999957718512239e-06,-4.000000059604644775e-01
3.730499957704371274e-06,-4.000000059604644775e-01
3.730999957690230308e-06,-4.000000059604644775e-01
3.731499957676089342e-06,-4.000000059604644775e-01
3.731999957661948376e-06,-4.000000059604644775e-01
3.732499957647807411e-06,-4.000000059604644775e-01
3.732999957633666445e-06,-4.000000059604644775e-01
3.733499957619525479e-06,-4.000000059604644775e-01
3.733999957605384513e-06,-2.000000029802322388e-01
3.734499957591243548e-06,-4.000000059604644775e-01
3.734999957577102582e-06,-4.000000059604644775e-01
3.735499957562961616e-06,-4.000000059604644775e-01
3.735999957548820650e-06,-2.000000029802322388e-01
3.736499957534679685e-06,-2.000000029802322388e-01
3.736999957520538719e-06,-2.000000029802322388e-01
3.737499957506397753e-06,-4.000000059604644775e-01
3.737999957492256788e-06,-4.000000059604644775e-01
3.738499957478115822e-06,-4.000000059604644775e-01
3.738999957463974856e-06,-4.000000059604644775e-01
3.739499957449833890e-06,-4.000000059604644775e-01
3.739999957435692925e-06,-4.000000059604644775e-01
3.740499957421551959e-06,-4.000000059604644775e-01
3.740999957407410993e-06,-2.000000029802322388e-01
3.741499957393270027e-06,-2.000000029802322388e-01
3.741999957379129062e-06,-2.000000029802322388e-01
3.742499957364988096e-06,-2.000000029802322388e-01
3.742999957350847130e-06,-2.000000029802322388e-01
3.743499957336706165e-06,-2.000000029802322388e-01
3.743999957322565199e-06,-2.000000029802322388e-01
3.744499957308424233e-06,-2.000000029802322388e-01
3.744999957294283267e-06,-2.000000029802322388e-01
3.745499957280142302e-06,-2.000000029802322388e-01
3.745999957266001336e-06,-2.000000029802322388e-01
3.746499957251860370e-06,-2.000000029802322388e-01
3.746999957237719404e-06,-2.000000029802322388e-01
3.747499957223578439e-06,-2.000000029802322388e-01
3.747999957209437473e-06,-2.000000029802322388e-01
3.748499957195296507e-06,-2.000000029802322388e-01
3.748999957181155541e-06,-2.000000029802322388e-01
3.749499957167014576e-06,-2.000000029802322388e-01
3.749999957152873610e-06,-2.000000029802322388e-01
3.750499957138732644e-06,-2.000000029802322388e-01
3.750999957124591679e-06,-2.000000029802322388e-01
3.751499957110450713e-06,-2.000000029802322388e-01
3.751999957096309747e-06,-2.000000029802322388e-01
3.752499957082168781e-06,-2.000000029802322388e-01
3.752999957068027816e-06,-2.000000029802322388e-01
3.753499957053886850e-06,-2.000000029802322388e-01
3.753999957039745884e-06,-2.000000029802322388e-01
3.754499957025604918e-06,-2.000000029802322388e-01
3.754999957011463953e-06,-2.000000029802322388e-01
3.755499956997322987e-06,-2.000000029802322388e-01
3.755999956983182021e-06,-2.000000029802322388e-01
3.756499956969041055e-06,-2.000000029802322388e-01
3.756999956954900090e-06,-2.000000029802322388e-01
3.757499956940759124e-06,-2.000000029802322388e-01
3.757999956926618158e-06,-2.000000029802322388e-01
3.758499956912477193e-06,-2.000000029802322388e-01
3.758999956898336227e-06,-2.000000029802322388e-01
3.759499956884195261e-06,-2.000000029802322388e-01
3.759999956870054295e-06,-2.000000029802322388e-01
3.760499956855913330e-06,-2.000000029802322388e-01
3.760999956841772364e-06,-2.000000029802322388e-01
3.761499956827631398e-06,-2.000000029802322388e-01
3.761999956813490432e-06,-2.000000029802322388e-01
3.762499956799349467e-06,-2.000000029802322388e-01
3.762999956785208501e-06,-2.000000029802322388e-01
3.763499956771067535e-06,-2.000000029802322388e-01
3.763999956756926570e-06,-2.000000029802322388e-01
3.764499956742785604e-06,-2.000000029802322388e-01
3.764999956728644638e-06,0.000000000000000000e+00
3.765499956714503672e-06,-2.000000029802322388e-01
3.765999956700362707e-06,-2.000000029802322388e-01
3.766499956686221741e-06,-2.000000029802322388e-01
3.766999956672080775e-06,-2.000000029802322388e-01
3.767499956657939809e-06,-2.000000029802322388e-01
3.767999956643798844e-06,-2.000000029802322388e-01
3.768499956629657878e-06,-2.000000029802322388e-01
3.768999956615516912e-06,-2.000000029802322388e-01
3.769499956601375946e-06,-2.000000029802322388e-01
3.769999956587234981e-06,-2.000000029802322388e-01
3.770499956573094015e-06,-2.000000029802322388e-01
3.770999956558953049e-06,-2.000000029802322388e-01
3.771499956544812084e-06,-2.000000029802322388e-01
3.771999956530671118e-06,-2.000000029802322388e-01
3.772499956516530152e-06,-2.000000029802322388e-01
3.772999956502389186e-06,-2.000000029802322388e-01
3.773499956488248221e-06,-2.000000029802322388e-01
3.773999956474107255e-06,-2.000000029802322388e-01
3.774499956459966289e-06,-2.000000029802322388e-01
3.774999956445825323e-06,-2.000000029802322388e-01
3.775499956431684358e-06,-2.000000029802322388e-01
3.775999956417543392e-06,-2.000000029802322388e-01
3.776499956403402426e-06,-2.000000029802322388e-01
3.776999956389261460e-06,-2.000000029802322388e-01
3.777499956375120495e-06,-2.000000029802322388e-01
3.777999956360979529e-06,-2.000000029802322388e-01
3.778499956346838563e-06,-2.000000029802322388e-01
3.778999956332697598e-06,-2.000000029802322388e-01
3.779499956318556632e-06,-2.000000029802322388e-01
3.779999956304415666e-06,0.000000000000000000e+00
3.780499956290274700e-06,0.000000000000000000e+00
3.780999956276133735e-06,0.000000000000000000e+00
3.781499956261992769e-06,-2.000000029802322388e-01
3.781999956247851803e-06,0.000000000000000000e+00
3.782499956233710837e-06,-2.000000029802322388e-01
3.782999956219569872e-06,0.000000000000000000e+00
3.783499956205428906e-06,0.000000000000000000e+00
3.783999956191287940e-06,-2.000000029802322388e-01
3.784499956177146975e-06,-2.000000029802322388e-01
3.784999956163006009e-06,-2.000000029802322388e-01
3.785499956148865043e-06,-2.000000029802322388e-01
3.785999956134724077e-06,0.000000000000000000e+00
3.786499956120583112e-06,0.000000000000000000e+00
3.786999956106442146e-06,0.000000000000000000e+00
3.787499956092301180e-06,-2.000000029802322388e-01
3.787999956078160214e-06,-2.000000029802322388e-01
3.788499956064019249e-06,-2.000000029802322388e-01
3.788999956049878283e-06,-2.000000029802322388e-01
3.789499956035737317e-06,0.000000000000000000e+00
3.789999956021596351e-06,0.000000000000000000e+00
3.790499956007455386e-06,0.000000000000000000e+00
3.790999955993314420e-06,0.000000000000000000e+00
3.791499955979173454e-06,-2.000000029802322388e-01
3.791999955965032489e-06,0.000000000000000000e+00
3.792499955950891523e-06,0.000000000000000000e+00
3.792999955936750557e-06,0.000000000000000000e+00
3.793499955922609591e-06,0.000000000000000000e+00
3.793999955908468626e-06,-2.000000029802322388e-01
3.794499955894327660e-06,-2.000000029802322388e-01
3.794999955880186694e-06,0.000000000000000000e+00
3.795499955866045728e-06,0.000000000000000000e+00
3.795999955851904763e-06,0.000000000000000000e+00
3.796499955837763797e-06,0.000000000000000000e+00
3.796999955823622831e-06,0.000000000000000000e+00
3.797499955809481865e-06,0.000000000000000000e+00
3.797999955795340900e-06,0.000000000000000000e+00
3.798499955781199934e-06,0.000000000000000000e+00
3.798999955767058968e-06,0.000000000000000000e+00
3.799499955752918003e-06,0.000000000000000000e+00
3.799999955738777037e-06,0.000000000000000000e+00
3.800499955724636071e-06,0.000000000000000000e+00
3.800999955710495105e-06,0.000000000000000000e+00
3.801499955696354140e-06,0.000000000000000000e+00
3.801999955682213174e-06,-2.000000029802322388e-01
3.802499955668072208e-06,-2.000000029802322388e-01
3.802999955653931242e-06,0.000000000000000000e+00
3.803499955639790277e-06,0.000000000000000000e+00
3.803999955625649311e-06,0.000000000000000000e+00
3.804499955611508345e-06,-2.000000029802322388e-01
3.804999955597367380e-06,0.000000000000000000e+00
3.805499955583226414e-06,0.000000000000000000e+00
3.805999955569085448e-06,0.000000000000000000e+00
3.806499955554944482e-06,0.000000000000000000e+00
3.806999955540803517e-06,0.000000000000000000e+00
3.807499955526662551e-06,0.000000000000000000e+00
3.807999955512521585e-06,0.000000000000000000e+00
3.808499955498380619e-06,0.000000000000000000e+00
3.808999955484239654e-06,0.000000000000000000e+00
3.809499955470098688e-06,0.000000000000000000e+00
3.809999955455957722e-06,-2.000000029802322388e-01
3.810499955441816756e-06,0.000000000000000000e+00
3.810999955427675791e-06,0.000000000000000000e+00
3.811499955413534825e-06,0.000000000000000000e+00
3.811999955399393859e-06,0.000000000000000000e+00
3.812499955385252894e-06,0.000000000000000000e+00
3.812999955371111928e-06,0.000000000000000000e+00
3.813499955356970962e-06,0.000000000000000000e+00
3.813999955342829996e-06,0.000000000000000000e+00
3.814499955328689031e-06,-2.000000029802322388e-01
3.814999955314548065e-06,0.000000000000000000e+00
3.815499955300407099e-06,-2.000000029802322388e-01
3.815999955286266133e-06,0.000000000000000000e+00
3.816499955272125168e-06,0.000000000000000000e+00
3.816999955257984202e-06,0.000000000000000000e+00
3.817499955243843236e-06,0.000000000000000000e+00
3.817999955229702270e-06,0.000000000000000000e+00
3.818499955215561305e-06,0.000000000000000000e+00
3.818999955201420339e-06,0.000000000000000000e+00
3.819499955187279373e-06,0.000000000000000000e+00
3.819999955173138408e-06,0.000000000000000000e+00
3.820499955158997442e-06,0.000000000000000000e+00
3.820999955144856476e-06,0.000000000000000000e+00
3.821499955130715510e-06,0.000000000000000000e+00
3.821999955116574545e-06,0.000000000000000000e+00
3.822499955102433579e-06,0.000000000000000000e+00
3.822999955088292613e-06,0.000000000000000000e+00
3.823499955074151647e-06,0.000000000000000000e+00
3.823999955060010682e-06,0.000000000000000000e+00
3.824499955045869716e-06,0.000000000000000000e+00
3.824999955031728750e-06,0.000000000000000000e+00
3.825499955017587785e-06,0.000000000000000000e+00
3.825999955003446819e-06,0.000000000000000000e+00
3.826499954989305853e-06,0.000000000000000000e+00
3.826999954975164887e-06,0.000000000000000000e+00
3.827499954961023922e-06,0.000000000000000000e+00
3.827999954946882956e-06,0.000000000000000000e+00
3.828499954932741990e-06,0.000000000000000000e+00
3.828999954918601024e-06,0.000000000000000000e+00
3.829499954904460059e-06,0.000000000000000000e+00
3.829999954890319093e-06,0.000000000000000000e+00
3.830499954876178127e-06,0.000000000000000000e+00
3.830999954862037161e-06,0.000000000000000000e+00
3.831499954847896196e-06,0.000000000000000000e+00
3.831999954833755230e-06,0.000000000000000000e+00
3.832499954819614264e-06,0.000000000000000000e+00
3.832999954805473299e-06,0.000000000000000000e+00
3.833499954791332333e-06,0.000000000000000000e+00
3.833999954777191367e-06,0.000000000000000000e+00
3.834499954763050401e-06,-2.000000029802322388e-01
3.834999954748909436e-06,0.000000000000000000e+00
3.835499954734768470e-06,0.000000000000000000e+00
3.835999954720627504e-06,0.000000000000000000e+00
3.836499954706486538e-06,0.000000000000000000e+00
3.836999954692345573e-06,0.000000000000000000e+00
3.837499954678204607e-06,0.000000000000000000e+00
3.837999954664063641e-06,0.000000000000000000e+00
3.838499954649922675e-06,0.000000000000000000e+00
3.838999954635781710e-06,0.000000000000000000e+00
3.839499954621640744e-06,0.000000000000000000e+00
3.839999954607499778e-06,0.000000000000000000e+00
3.840499954593358813e-06,0.000000000000000000e+00
3.840999954579217847e-06,0.000000000000000000e+00
3.841499954565076881e-06,0.000000000000000000e+00
3.841999954550935915e-06,0.000000000000000000e+00
3.842499954536794950e-06,0.000000000000000000e+00
3.842999954522653984e-06,0.000000000000000000e+00
3.843499954508513018e-06,0.000000000000000000e+00
3.843999954494372052e-06,0.000000000000000000e+00
3.844499954480231087e-06,0.000000000000000000e+00
3.844999954466090121e-06,0.000000000000000000e+00
3.845499954451949155e-06,0.000000000000000000e+00
3.845999954437808190e-06,0.000000000000000000e+00
3.846499954423667224e-06,0.000000000000000000e+00
3.846999954409526258e-06,0.000000000000000000e+00
3.847499954395385292e-06,0.000000000000000000e+00
3.847999954381244327e-06,0.000000000000000000e+00
3.848499954367103361e-06,0.000000000000000000e+00
3.848999954352962395e-06,0.000000000000000000e+00
3.849499954338821429e-06,0.000000000000000000e+00
3.849999954324680464e-06,0.000000000000000000e+00
3.850499954310539498e-06,0.000000000000000000e+00
3.850999954296398532e-06,0.000000000000000000e+00
3.851499954282257566e-06,0.000000000000000000e+00
3.851999954268116601e-06,0.000000000000000000e+00
3.852499954253975635e-06,0.000000000000000000e+00
3.852999954239834669e-06,0.000000000000000000e+00
3.853499954225693704e-06,0.000000000000000000e+00
3.853999954211552738e-06,0.000000000000000000e+00
3.854499954197411772e-06,0.000000000000000000e+00
3.854999954183270806e-06,0.000000000000000000e+00
3.855499954169129841e-06,0.000000000000000000e+00
3.855999954154988875e-06,0.000000000000000000e+00
3.856499954140847909e-06,0.000000000000000000e+00
3.856999954126706943e-06,0.000000000000000000e+00
3.857499954112565978e-06,0.000000000000000000e+00
3.857999954098425012e-06,0.000000000000000000e+00
3.858499954084284046e-06,0.000000000000000000e+00
3.858999954070143080e-06,0.000000000000000000e+00
3.859499954056002115e-06,0.000000000000000000e+00
3.859999954041861149e-06,0.000000000000000000e+00
3.860499954027720183e-06,0.000000000000000000e+00
3.860999954013579218e-06,0.000000000000000000e+00
3.861499953999438252e-06,0.000000000000000000e+00
3.861999953985297286e-06,0.000000000000000000e+00
3.862499953971156320e-06,0.000000000000000000e+00
3.862999953957015355e-06,0.000000000000000000e+00
3.863499953942874389e-06,0.000000000000000000e+00
3.863999953928733423e-06,0.000000000000000000e+00
3.864499953914592457e-06,0.000000000000000000e+00
3.864999953900451492e-06,0.000000000000000000e+00
3.865499953886310526e-06,0.000000000000000000e+00
3.865999953872169560e-06,0.000000000000000000e+00
3.866499953858028595e-06,0.000000000000000000e+00
3.866999953843887629e-06,0.000000000000000000e+00
3.867499953829746663e-06,0.000000000000000000e+00
3.867999953815605697e-06,-2.000000029802322388e-01
3.868499953801464732e-06,-1.000000014901161194e+00
3.868999953787323766e-06,-2.400000035762786865e+00
3.869499953773182800e-06,-3.800000056624412537e+00
3.869999953759041834e-06,-4.600000068545341492e+00
3.870499953744900869e-06,-4.800000071525573730e+00
3.870999953730759903e-06,-4.600000068545341492e+00
3.871499953716618937e-06,-4.600000068545341492e+00
3.871999953702477971e-06,-4.600000068545341492e+00
3.872499953688337006e-06,-4.600000068545341492e+00
3.872999953674196040e-06,-4.600000068545341492e+00
3.873499953660055074e-06,-4.800000071525573730e+00
3.873999953645914109e-06,-4.800000071525573730e+00
3.874499953631773143e-06,-4.800000071525573730e+00
3.874999953617632177e-06,-4.800000071525573730e+00
3.875499953603491211e-06,-4.800000071525573730e+00
3.875999953589350246e-06,-4.800000071525573730e+00
3.876499953575209280e-06,-4.600000068545341492e+00
3.876999953561068314e-06,-4.600000068545341492e+00
3.877499953546927348e-06,-4.600000068545341492e+00
3.877999953532786383e-06,-4.600000068545341492e+00
3.878499953518645417e-06,-4.600000068545341492e+00
3.878999953504504451e-06,-4.600000068545341492e+00
3.879499953490363485e-06,-4.600000068545341492e+00
3.879999953476222520e-06,-4.400000065565109253e+00
3.880499953462081554e-06,-4.400000065565109253e+00
3.880999953447940588e-06,-4.400000065565109253e+00
3.881499953433799623e-06,-4.200000062584877014e+00
3.881999953419658657e-06,-4.200000062584877014e+00
3.882499953405517691e-06,-4.200000062584877014e+00
3.882999953391376725e-06,-4.000000059604644775e+00
3.883499953377235760e-06,-4.000000059604644775e+00
3.883999953363094794e-06,-3.800000056624412537e+00
3.884499953348953828e-06,-3.800000056624412537e+00
3.884999953334812862e-06,-3.600000053644180298e+00
3.885499953320671897e-06,-3.600000053644180298e+00
3.885999953306530931e-06,-3.600000053644180298e+00
3.886499953292389965e-06,-3.400000050663948059e+00
3.886999953278249000e-06,-3.400000050663948059e+00
3.887499953264108034e-06,-3.200000047683715820e+00
3.887999953249967068e-06,-3.000000044703483582e+00
3.888499953235826102e-06,-3.000000044703483582e+00
3.888999953221685137e-06,-2.800000041723251343e+00
3.889499953207544171e-06,-2.800000041723251343e+00
3.889999953193403205e-06,-2.600000038743019104e+00
3.890499953179262239e-06,-2.400000035762786865e+00
3.890999953165121274e-06,-2.400000035762786865e+00
3.891499953150980308e-06,-2.200000032782554626e+00
3.891999953136839342e-06,-2.200000032782554626e+00
3.892499953122698376e-06,-2.000000029802322388e+00
3.892999953108557411e-06,-1.800000026822090149e+00
3.893499953094416445e-06,-1.600000023841857910e+00
3.893999953080275479e-06,-1.400000020861625671e+00
3.894499953066134514e-06,-1.400000020861625671e+00
3.894999953051993548e-06,-1.200000017881393433e+00
3.895499953037852582e-06,-1.000000014901161194e+00
3.895999953023711616e-06,-8.000000119209289551e-01
3.896499953009570651e-06,-8.000000119209289551e-01
3.896999952995429685e-06,-6.000000089406967163e-01
3.897499952981288719e-06,-4.000000059604644775e-01
3.897999952967147753e-06,-4.000000059604644775e-01
3.898499952953006788e-06,-2.000000029802322388e-01
3.898999952938865822e-06,0.000000000000000000e+00
3.899499952924724856e-06,2.000000029802322388e-01
3.899999952910583890e-06,4.000000059604644775e-01
3.900499952896442925e-06,6.000000089406967163e-01
3.900999952882301959e-06,8.000000119209289551e-01
3.901499952868160993e-06,8.000000119209289551e-01
3.901999952854020028e-06,1.000000014901161194e+00
3.902499952839879062e-06,1.000000014901161194e+00
3.902999952825738096e-06,1.400000020861625671e+00
3.903499952811597130e-06,1.400000020861625671e+00
3.903999952797456165e-06,1.600000023841857910e+00
3.904499952783315199e-06,1.800000026822090149e+00
3.904999952769174233e-06,2.000000029802322388e+00
3.905499952755033267e-06,2.000000029802322388e+00
3.905999952740892302e-06,2.200000032782554626e+00
3.906499952726751336e-06,2.400000035762786865e+00
3.906999952712610370e-06,2.400000035762786865e+00
3.907499952698469405e-06,2.600000038743019104e+00
3.907999952684328439e-06,2.800000041723251343e+00
3.908499952670187473e-06,3.000000044703483582e+00
3.908999952656046507e-06,3.000000044703483582e+00
3.909499952641905542e-06,3.200000047683715820e+00
3.909999952627764576e-06,3.400000050663948059e+00
3.910499952613623610e-06,3.400000050663948059e+00
3.910999952599482644e-06,3.600000053644180298e+00
3.911499952585341679e-06,3.600000053644180298e+00
3.911999952571200713e-06,3.800000056624412537e+00
3.912499952557059747e-06,3.800000056624412537e+00
3.912999952542918781e-06,4.000000059604644775e+00
3.913499952528777816e-06,4.200000062584877014e+00
3.913999952514636850e-06,4.200000062584877014e+00
3.914499952500495884e-06,4.200000062584877014e+00
3.914999952486354919e-06,4.400000065565109253e+00
3.915499952472213953e-06,4.400000065565109253e+00
3.915999952458072987e-06,4.600000068545341492e+00
3.916499952443932021e-06,4.600000068545341492e+00
3.916999952429791056e-06,4.800000071525573730e+00
3.917499952415650090e-06,4.800000071525573730e+00
3.917999952401509124e-06,5.000000074505805969e+00
3.918499952387368158e-06,5.000000074505805969e+00
3.918999952373227193e-06,5.000000074505805969e+00
3.919499952359086227e-06,5.000000074505805969e+00
3.919999952344945261e-06,5.000000074505805969e+00
3.920499952330804295e-06,5.000000074505805969e+00
3.920999952316663330e-06,5.200000077486038208e+00
3.921499952302522364e-06,5.200000077486038208e+00
3.921999952288381398e-06,5.200000077486038208e+00
3.922499952274240433e-06,5.200000077486038208e+00
3.922999952260099467e-06,5.400000080466270447e+00
3.923499952245958501e-06,5.400000080466270447e+00
3.923999952231817535e-06,5.400000080466270447e+00
3.924499952217676570e-06,5.400000080466270447e+00
3.924999952203535604e-06,5.400000080466270447e+00
3.925499952189394638e-06,5.200000077486038208e+00
3.925999952175253672e-06,5.400000080466270447e+00
3.926499952161112707e-06,5.400000080466270447e+00
3.926999952146971741e-06,5.400000080466270447e+00
3.927499952132830775e-06,5.200000077486038208e+00
3.927999952118689810e-06,5.200000077486038208e+00
3.928499952104548844e-06,5.200000077486038208e+00
3.928999952090407878e-06,5.200000077486038208e+00
3.929499952076266912e-06,5.200000077486038208e+00
3.929999952062125947e-06,5.200000077486038208e+00
3.930499952047984981e-06,5.000000074505805969e+00
3.930999952033844015e-06,5.000000074505805969e+00
3.931499952019703049e-06,4.800000071525573730e+00
3.931999952005562084e-06,4.800000071525573730e+00
3.932499951991421118e-06,4.800000071525573730e+00
3.932999951977280152e-06,4.800000071525573730e+00
3.933499951963139186e-06,4.600000068545341492e+00
3.933999951948998221e-06,4.600000068545341492e+00
3.934499951934857255e-06,4.400000065565109253e+00
3.934999951920716289e-06,4.400000065565109253e+00
3.935499951906575324e-06,4.200000062584877014e+00
3.935999951892434358e-06,4.000000059604644775e+00
3.936499951878293392e-06,4.000000059604644775e+00
3.936999951864152426e-06,4.000000059604644775e+00
3.937499951850011461e-06,3.800000056624412537e+00
3.937999951835870495e-06,3.600000053644180298e+00
3.938499951821729529e-06,3.600000053644180298e+00
3.938999951807588563e-06,3.400000050663948059e+00
3.939499951793447598e-06,3.400000050663948059e+00
3.939999951779306632e-06,3.200000047683715820e+00
3.940499951765165666e-06,3.000000044703483582e+00
3.940999951751024700e-06,3.000000044703483582e+00
3.941499951736883735e-06,2.800000041723251343e+00
3.941999951722742769e-06,2.600000038743019104e+00
3.942499951708601803e-06,2.600000038743019104e+00
3.942999951694460838e-06,2.400000035762786865e+00
3.943499951680319872e-06,2.200000032782554626e+00
3.943999951666178906e-06,2.000000029802322388e+00
3.944499951652037940e-06,2.000000029802322388e+00
3.944999951637896975e-06,1.800000026822090149e+00
3.945499951623756009e-06,1.600000023841857910e+00
3.945999951609615043e-06,1.400000020861625671e+00
3.946499951595474077e-06,1.400000020861625671e+00
3.946999951581333112e-06,1.200000017881393433e+00
3.947499951567192146e-06,1.000000014901161194e+00
3.947999951553051180e-06,8.000000119209289551e-01
3.948499951538910215e-06,8.000000119209289551e-01
3.948999951524769249e-06,6.000000089406967163e-01
3.949499951510628283e-06,4.000000059604644775e-01
3.949999951496487317e-06,2.000000029802322388e-01
3.950499951482346352e-06,0.000000000000000000e+00
3.950999951468205386e-06,-2.000000029802322388e-01
3.951499951454064420e-06,-4.000000059604644775e-01
3.951999951439923454e-06,-4.000000059604644775e-01
3.952499951425782489e-06,-6.000000089406967163e-01
3.952999951411641523e-06,-8.000000119209289551e-01
3.953499951397500557e-06,-1.000000014901161194e+00
3.953999951383359591e-06,-1.000000014901161194e+00
3.954499951369218626e-06,-1.200000017881393433e+00
3.954999951355077660e-06,-1.400000020861625671e+00
3.955499951340936694e-06,-1.600000023841857910e+00
3.955999951326795729e-06,-1.800000026822090149e+00
3.956499951312654763e-06,-1.800000026822090149e+00
3.956999951298513797e-06,-2.000000029802322388e+00
3.957499951284372831e-06,-2.200000032782554626e+00
3.957999951270231866e-06,-2.400000035762786865e+00
3.958499951256090900e-06,-2.400000035762786865e+00
3.958999951241949934e-06,-2.600000038743019104e+00
3.959499951227808968e-06,-2.800000041723251343e+00
3.959999951213668003e-06,-2.800000041723251343e+00
3.960499951199527037e-06,-3.000000044703483582e+00
3.960999951185386071e-06,-3.000000044703483582e+00
3.961499951171245105e-06,-3.200000047683715820e+00
3.961999951157104140e-06,-3.400000050663948059e+00
3.962499951142963174e-06,-3.400000050663948059e+00
3.962999951128822208e-06,-3.600000053644180298e+00
3.963499951114681243e-06,-3.600000053644180298e+00
3.963999951100540277e-06,-3.800000056624412537e+00
3.964499951086399311e-06,-4.000000059604644775e+00
3.964999951072258345e-06,-4.000000059604644775e+00
3.965499951058117380e-06,-4.200000062584877014e+00
3.965999951043976414e-06,-4.200000062584877014e+00
3.966499951029835448e-06,-4.200000062584877014e+00
3.966999951015694482e-06,-4.400000065565109253e+00
3.967499951001553517e-06,-4.400000065565109253e+00
3.967999950987412551e-06,-4.400000065565109253e+00
3.968499950973271585e-06,-4.600000068545341492e+00
3.968999950959130620e-06,-4.600000068545341492e+00
3.969499950944989654e-06,-4.600000068545341492e+00
3.969999950930848688e-06,-4.600000068545341492e+00
3.970499950916707722e-06,-4.800000071525573730e+00
3.970999950902566757e-06,-4.800000071525573730e+00
3.971499950888425791e-06,-4.800000071525573730e+00
3.971999950874284825e-06,-4.800000071525573730e+00
3.972499950860143859e-06,-5.000000074505805969e+00
3.972999950846002894e-06,-4.800000071525573730e+00
3.973499950831861928e-06,-5.000000074505805969e+00
3.973999950817720962e-06,-5.000000074505805969e+00
3.974499950803579996e-06,-5.000000074505805969e+00
3.974999950789439031e-06,-5.000000074505805969e+00
3.975499950775298065e-06,-5.000000074505805969e+00
3.975999950761157099e-06,-5.000000074505805969e+00
3.976499950747016134e-06,-5.000000074505805969e+00
3.976999950732875168e-06,-5.000000074505805969e+00
3.977499950718734202e-06,-5.000000074505805969e+00
3.977999950704593236e-06,-5.000000074505805969e+00
3.978499950690452271e-06,-5.000000074505805969e+00
3.978999950676311305e-06,-4.800000071525573730e+00
3.979499950662170339e-06,-4.800000071525573730e+00
3.979999950648029373e-06,-4.800000071525573730e+00
3.980499950633888408e-06,-4.600000068545341492e+00
3.980999950619747442e-06,-4.600000068545341492e+00
3.981499950605606476e-06,-4.600000068545341492e+00
3.981999950591465510e-06,-4.600000068545341492e+00
3.982499950577324545e-06,-4.400000065565109253e+00
3.982999950563183579e-06,-4.400000065565109253e+00
3.983499950549042613e-06,-4.200000062584877014e+00
3.983999950534901648e-06,-4.200000062584877014e+00
3.984499950520760682e-06,-4.200000062584877014e+00
3.984999950506619716e-06,-4.000000059604644775e+00
3.985499950492478750e-06,-4.000000059604644775e+00
3.985999950478337785e-06,-3.800000056624412537e+00
3.986499950464196819e-06,-3.800000056624412537e+00
3.986999950450055853e-06,-3.600000053644180298e+00
3.987499950435914887e-06,-3.600000053644180298e+00
3.987999950421773922e-06,-3.400000050663948059e+00
3.988499950407632956e-06,-3.400000050663948059e+00
3.988999950393491990e-06,-3.200000047683715820e+00
3.989499950379351025e-06,-3.000000044703483582e+00
3.989999950365210059e-06,-3.000000044703483582e+00
3.990499950351069093e-06,-2.800000041723251343e+00
3.990999950336928127e-06,-2.600000038743019104e+00
3.991499950322787162e-06,-2.600000038743019104e+00
3.991999950308646196e-06,-2.400000035762786865e+00
3.992499950294505230e-06,-2.200000032782554626e+00
3.992999950280364264e-06,-2.000000029802322388e+00
3.993499950266223299e-06,-2.000000029802322388e+00
3.993999950252082333e-06,-1.800000026822090149e+00
3.994499950237941367e-06,-1.800000026822090149e+00
3.994999950223800401e-06,-1.600000023841857910e+00
3.995499950209659436e-06,-1.400000020861625671e+00
3.995999950195518470e-06,-1.200000017881393433e+00
3.996499950181377504e-06,-1.000000014901161194e+00
3.996999950167236539e-06,-8.000000119209289551e-01
3.997499950153095573e-06,-8.000000119209289551e-01
3.997999950138954607e-06,-6.000000089406967163e-01
3.998499950124813641e-06,-4.000000059604644775e-01
3.998999950110672676e-06,-2.000000029802322388e-01
3.999499950096531710e-06,-2.000000029802322388e-01
3.999999950082390744e-06,2.000000029802322388e-01
4.000499950068249778e-06,2.000000029802322388e-01
4.000999950054108813e-06,4.000000059604644775e-01
4.001499950039967847e-06,6.000000089406967163e-01
4.001999950025826881e-06,8.000000119209289551e-01
4.002499950011685915e-06,8.000000119209289551e-01
4.002999949997544950e-06,1.200000017881393433e+00
4.003499949983403984e-06,1.200000017881393433e+00
4.003999949969263018e-06,1.400000020861625671e+00
4.004499949955122053e-06,1.400000020861625671e+00
4.004999949940981087e-06,1.600000023841857910e+00
4.005499949926840121e-06,1.800000026822090149e+00
4.005999949912699155e-06,1.800000026822090149e+00
4.006499949898558190e-06,2.000000029802322388e+00
4.006999949884417224e-06,2.200000032782554626e+00
4.007499949870276258e-06,2.400000035762786865e+00
4.007999949856135292e-06,2.600000038743019104e+00
4.008499949841994327e-06,2.600000038743019104e+00
4.008999949827853361e-06,2.800000041723251343e+00
4.009499949813712395e-06,3.000000044703483582e+00
4.009999949799571430e-06,3.000000044703483582e+00
4.010499949785430464e-06,3.200000047683715820e+00
4.010999949771289498e-06,3.400000050663948059e+00
4.011499949757148532e-06,3.400000050663948059e+00
4.011999949743007567e-06,3.600000053644180298e+00
4.012499949728866601e-06,3.600000053644180298e+00
4.012999949714725635e-06,3.800000056624412537e+00
4.013499949700584669e-06,3.800000056624412537e+00
4.013999949686443704e-06,4.000000059604644775e+00
4.014499949672302738e-06,4.000000059604644775e+00
4.014999949658161772e-06,4.200000062584877014e+00
4.015499949644020806e-06,4.200000062584877014e+00
4.015999949629879841e-06,4.200000062584877014e+00
4.016499949615738875e-06,4.400000065565109253e+00
4.016999949601597909e-06,4.400000065565109253e+00
4.017499949587456944e-06,4.600000068545341492e+00
4.017999949573315978e-06,4.600000068545341492e+00
4.018499949559175012e-06,4.600000068545341492e+00
4.018999949545034046e-06,4.800000071525573730e+00
4.019499949530893081e-06,4.800000071525573730e+00
4.019999949516752115e-06,4.800000071525573730e+00
4.020499949502611149e-06,5.000000074505805969e+00
4.020999949488470183e-06,5.000000074505805969e+00
4.021499949474329218e-06,5.000000074505805969e+00
4.021999949460188252e-06,5.000000074505805969e+00
4.022499949446047286e-06,5.000000074505805969e+00
4.022999949431906320e-06,5.000000074505805969e+00
4.023499949417765355e-06,5.000000074505805969e+00
4.023999949403624389e-06,5.200000077486038208e+00
4.024499949389483423e-06,5.000000074505805969e+00
4.024999949375342458e-06,5.000000074505805969e+00
4.025499949361201492e-06,5.000000074505805969e+00
4.025999949347060526e-06,5.000000074505805969e+00
4.026499949332919560e-06,5.000000074505805969e+00
4.026999949318778595e-06,5.000000074505805969e+00
4.027499949304637629e-06,5.000000074505805969e+00
4.027999949290496663e-06,5.000000074505805969e+00
4.028499949276355697e-06,5.000000074505805969e+00
4.028999949262214732e-06,5.000000074505805969e+00
4.029499949248073766e-06,4.800000071525573730e+00
4.029999949233932800e-06,4.800000071525573730e+00
4.030499949219791835e-06,4.800000071525573730e+00
4.030999949205650869e-06,4.800000071525573730e+00
4.031499949191509903e-06,4.600000068545341492e+00
4.031999949177368937e-06,4.600000068545341492e+00
4.032499949163227972e-06,4.600000068545341492e+00
4.032999949149087006e-06,4.400000065565109253e+00
4.033499949134946040e-06,4.400000065565109253e+00
4.033999949120805074e-06,4.400000065565109253e+00
4.034499949106664109e-06,4.200000062584877014e+00
4.034999949092523143e-06,4.200000062584877014e+00
4.035499949078382177e-06,4.000000059604644775e+00
4.035999949064241211e-06,3.800000056624412537e+00
4.036499949050100246e-06,3.800000056624412537e+00
4.036999949035959280e-06,3.800000056624412537e+00
4.037499949021818314e-06,3.600000053644180298e+00
4.037999949007677349e-06,3.600000053644180298e+00
4.038499948993536383e-06,3.400000050663948059e+00
4.038999948979395417e-06,3.200000047683715820e+00
4.039499948965254451e-06,3.200000047683715820e+00
4.039999948951113486e-06,3.000000044703483582e+00
4.040499948936972520e-06,2.800000041723251343e+00
4.040999948922831554e-06,2.800000041723251343e+00
4.041499948908690588e-06,2.600000038743019104e+00
4.041999948894549623e-06,2.400000035762786865e+00
4.042499948880408657e-06,2.400000035762786865e+00
4.042999948866267691e-06,2.200000032782554626e+00
4.043499948852126725e-06,2.000000029802322388e+00
4.043999948837985760e-06,2.000000029802322388e+00
4.044499948823844794e-06,1.800000026822090149e+00
4.044999948809703828e-06,1.600000023841857910e+00
4.045499948795562863e-06,1.400000020861625671e+00
4.045999948781421897e-06,1.200000017881393433e+00
4.046499948767280931e-06,1.000000014901161194e+00
4.046999948753139965e-06,1.000000014901161194e+00
4.047499948738999000e-06,8.000000119209289551e-01
4.047999948724858034e-06,6.000000089406967163e-01
4.048499948710717068e-06,4.000000059604644775e-01
4.048999948696576102e-06,4.000000059604644775e-01
4.049499948682435137e-06,2.000000029802322388e-01
4.049999948668294171e-06,0.000000000000000000e+00
4.050499948654153205e-06,-2.000000029802322388e-01
4.050999948640012240e-06,-2.000000029802322388e-01
4.051499948625871274e-06,-4.000000059604644775e-01
4.051999948611730308e-06,-6.000000089406967163e-01
4.052499948597589342e-06,-8.000000119209289551e-01
4.052999948583448377e-06,-1.000000014901161194e+00
4.053499948569307411e-06,-1.200000017881393433e+00
4.053999948555166445e-06,-1.200000017881393433e+00
4.054499948541025479e-06,-1.400000020861625671e+00
4.054999948526884514e-06,-1.600000023841857910e+00
4.055499948512743548e-06,-1.800000026822090149e+00
4.055999948498602582e-06,-2.000000029802322388e+00
4.056499948484461616e-06,-2.000000029802322388e+00
4.056999948470320651e-06,-2.200000032782554626e+00
4.057499948456179685e-06,-2.400000035762786865e+00
4.057999948442038719e-06,-2.400000035762786865e+00
4.058499948427897754e-06,-2.600000038743019104e+00
4.058999948413756788e-06,-2.800000041723251343e+00
4.059499948399615822e-06,-2.800000041723251343e+00
4.059999948385474856e-06,-3.000000044703483582e+00
4.060499948371333891e-06,-3.000000044703483582e+00
4.060999948357192925e-06,-3.200000047683715820e+00
4.061499948343051959e-06,-3.400000050663948059e+00
4.061999948328910993e-06,-3.600000053644180298e+00
4.062499948314770028e-06,-3.600000053644180298e+00
4.062999948300629062e-06,-3.800000056624412537e+00
4.063499948286488096e-06,-3.800000056624412537e+00
4.063999948272347130e-06,-4.000000059604644775e+00
4.064499948258206165e-06,-4.000000059604644775e+00
4.064999948244065199e-06,-4.200000062584877014e+00
4.065499948229924233e-06,-4.200000062584877014e+00
4.065999948215783268e-06,-4.400000065565109253e+00
4.066499948201642302e-06,-4.400000065565109253e+00
4.066999948187501336e-06,-4.400000065565109253e+00
4.067499948173360370e-06,-4.600000068545341492e+00
4.067999948159219405e-06,-4.600000068545341492e+00
4.068499948145078439e-06,-4.800000071525573730e+00
4.068999948130937473e-06,-4.800000071525573730e+00
4.069499948116796507e-06,-4.800000071525573730e+00
4.069999948102655542e-06,-4.800000071525573730e+00
4.070499948088514576e-06,-4.800000071525573730e+00
4.070999948074373610e-06,-5.000000074505805969e+00
4.071499948060232645e-06,-5.000000074505805969e+00
4.071999948046091679e-06,-5.000000074505805969e+00
4.072499948031950713e-06,-5.000000074505805969e+00
4.072999948017809747e-06,-5.000000074505805969e+00
4.073499948003668782e-06,-5.000000074505805969e+00
4.073999947989527816e-06,-5.000000074505805969e+00
4.074499947975386850e-06,-5.000000074505805969e+00
4.074999947961245884e-06,-5.000000074505805969e+00
4.075499947947104919e-06,-5.200000077486038208e+00
4.075999947932963953e-06,-5.000000074505805969e+00
4.076499947918822987e-06,-5.000000074505805969e+00
4.076999947904682021e-06,-5.000000074505805969e+00
4.077499947890541056e-06,-5.000000074505805969e+00
4.077999947876400090e-06,-5.000000074505805969e+00
4.078499947862259124e-06,-5.000000074505805969e+00
4.078999947848118159e-06,-5.000000074505805969e+00
4.079499947833977193e-06,-4.800000071525573730e+00
4.079999947819836227e-06,-4.800000071525573730e+00
4.080499947805695261e-06,-4.800000071525573730e+00
4.080999947791554296e-06,-4.600000068545341492e+00
4.081499947777413330e-06,-4.600000068545341492e+00
4.081999947763272364e-06,-4.600000068545341492e+00
4.082499947749131398e-06,-4.400000065565109253e+00
4.082999947734990433e-06,-4.400000065565109253e+00
4.083499947720849467e-06,-4.400000065565109253e+00
4.083999947706708501e-06,-4.400000065565109253e+00
4.084499947692567535e-06,-4.200000062584877014e+00
4.084999947678426570e-06,-4.000000059604644775e+00
4.085499947664285604e-06,-4.000000059604644775e+00
4.085999947650144638e-06,-4.000000059604644775e+00
4.086499947636003673e-06,-3.800000056624412537e+00
4.086999947621862707e-06,-3.800000056624412537e+00
4.087499947607721741e-06,-3.600000053644180298e+00
4.087999947593580775e-06,-3.400000050663948059e+00
4.088499947579439810e-06,-3.400000050663948059e+00
4.088999947565298844e-06,-3.200000047683715820e+00
4.089499947551157878e-06,-3.200000047683715820e+00
4.089999947537016912e-06,-3.000000044703483582e+00
4.090499947522875947e-06,-2.800000041723251343e+00
4.090999947508734981e-06,-2.600000038743019104e+00
4.091499947494594015e-06,-2.600000038743019104e+00
4.091999947480453050e-06,-2.400000035762786865e+00
4.092499947466312084e-06,-2.200000032782554626e+00
4.092999947452171118e-06,-2.200000032782554626e+00
4.093499947438030152e-06,-2.000000029802322388e+00
4.093999947423889187e-06,-1.800000026822090149e+00
4.094499947409748221e-06,-1.800000026822090149e+00
4.094999947395607255e-06,-1.600000023841857910e+00
4.095499947381466289e-06,-1.400000020861625671e+00
4.095999947367325324e-06,-1.200000017881393433e+00
4.096499947353184358e-06,-1.200000017881393433e+00
4.096999947339043392e-06,-8.000000119209289551e-01
4.097499947324902426e-06,-8.000000119209289551e-01
4.097999947310761461e-06,-6.000000089406967163e-01
4.098499947296620495e-06,-4.000000059604644775e-01
4.098999947282479529e-06,-4.000000059604644775e-01
4.099499947268338564e-06,-2.000000029802322388e-01
4.099999947254197598e-06,0.000000000000000000e+00
4.100499947240056632e-06,2.000000029802322388e-01
4.100999947225915666e-06,4.000000059604644775e-01
4.101499947211774701e-06,4.000000059604644775e-01
4.101999947197633735e-06,6.000000089406967163e-01
4.102499947183492769e-06,8.000000119209289551e-01
4.102999947169351803e-06,1.000000014901161194e+00
4.103499947155210838e-06,1.200000017881393433e+00
4.103999947141069872e-06,1.200000017881393433e+00
4.104499947126928906e-06,1.400000020861625671e+00
4.104999947112787940e-06,1.600000023841857910e+00
4.105499947098646975e-06,1.800000026822090149e+00
4.105999947084506009e-06,2.000000029802322388e+00
4.106499947070365043e-06,2.000000029802322388e+00
4.106999947056224078e-06,2.200000032782554626e+00
4.107499947042083112e-06,2.400000035762786865e+00
4.107999947027942146e-06,2.400000035762786865e+00
4.108499947013801180e-06,2.600000038743019104e+00
4.108999946999660215e-06,2.800000041723251343e+00
4.109499946985519249e-06,2.800000041723251343e+00
4.109999946971378283e-06,3.000000044703483582e+00
4.110499946957237317e-06,3.000000044703483582e+00
4.110999946943096352e-06,3.200000047683715820e+00
4.111499946928955386e-06,3.400000050663948059e+00
4.111999946914814420e-06,3.400000050663948059e+00
4.112499946900673455e-06,3.600000053644180298e+00
4.112999946886532489e-06,3.800000056624412537e+00
4.113499946872391523e-06,3.800000056624412537e+00
4.113999946858250557e-06,3.800000056624412537e+00
4.114499946844109592e-06,4.000000059604644775e+00
4.114999946829968626e-06,4.200000062584877014e+00
4.115499946815827660e-06,4.200000062584877014e+00
4.115999946801686694e-06,4.400000065565109253e+00
4.116499946787545729e-06,4.400000065565109253e+00
4.116999946773404763e-06,4.400000065565109253e+00
4.117499946759263797e-06,4.400000065565109253e+00
4.117999946745122831e-06,4.600000068545341492e+00
4.118499946730981866e-06,4.600000068545341492e+00
4.118999946716840900e-06,4.800000071525573730e+00
4.119499946702699934e-06,4.800000071525573730e+00
4.119999946688558969e-06,4.800000071525573730e+00
4.120499946674418003e-06,4.800000071525573730e+00
4.120999946660277037e-06,5.000000074505805969e+00
4.121499946646136071e-06,5.000000074505805969e+00
4.121999946631995106e-06,5.000000074505805969e+00
4.122499946617854140e-06,5.000000074505805969e+00
4.122999946603713174e-06,5.000000074505805969e+00
4.123499946589572208e-06,5.000000074505805969e+00
4.123999946575431243e-06,5.000000074505805969e+00
4.124499946561290277e-06,5.200000077486038208e+00
4.124999946547149311e-06,5.200000077486038208e+00
4.125499946533008345e-06,5.200000077486038208e+00
4.125999946518867380e-06,5.000000074505805969e+00
4.126499946504726414e-06,5.000000074505805969e+00
4.126999946490585448e-06,5.000000074505805969e+00
4.127499946476444483e-06,5.000000074505805969e+00
4.127999946462303517e-06,5.000000074505805969e+00
4.128499946448162551e-06,5.000000074505805969e+00
4.128999946434021585e-06,5.000000074505805969e+00
4.129499946419880620e-06,4.800000071525573730e+00
4.129999946405739654e-06,4.800000071525573730e+00
4.130499946391598688e-06,4.800000071525573730e+00
4.130999946377457722e-06,4.800000071525573730e+00
4.131499946363316757e-06,4.600000068545341492e+00
4.131999946349175791e-06,4.600000068545341492e+00
4.132499946335034825e-06,4.400000065565109253e+00
4.132999946320893860e-06,4.400000065565109253e+00
4.133499946306752894e-06,4.400000065565109253e+00
4.133999946292611928e-06,4.400000065565109253e+00
4.134499946278470962e-06,4.200000062584877014e+00
4.134999946264329997e-06,4.200000062584877014e+00
4.135499946250189031e-06,4.000000059604644775e+00
4.135999946236048065e-06,3.800000056624412537e+00
4.136499946221907099e-06,3.800000056624412537e+00
4.136999946207766134e-06,3.600000053644180298e+00
4.137499946193625168e-06,3.600000053644180298e+00
4.137999946179484202e-06,3.400000050663948059e+00
4.138499946165343236e-06,3.200000047683715820e+00
4.138999946151202271e-06,3.200000047683715820e+00
4.139499946137061305e-06,3.000000044703483582e+00
4.139999946122920339e-06,3.000000044703483582e+00
4.140499946108779374e-06,2.800000041723251343e+00
4.140999946094638408e-06,2.600000038743019104e+00
4.141499946080497442e-06,2.600000038743019104e+00
4.141999946066356476e-06,2.400000035762786865e+00
4.142499946052215511e-06,2.200000032782554626e+00
4.142999946038074545e-06,2.200000032782554626e+00
4.143499946023933579e-06,2.000000029802322388e+00
4.143999946009792613e-06,1.800000026822090149e+00
4.144499945995651648e-06,1.800000026822090149e+00
4.144999945981510682e-06,1.600000023841857910e+00
4.145499945967369716e-06,1.400000020861625671e+00
4.145999945953228750e-06,1.200000017881393433e+00
4.146499945939087785e-06,1.000000014901161194e+00
4.146999945924946819e-06,1.000000014901161194e+00
4.147499945910805853e-06,8.000000119209289551e-01
4.147999945896664888e-06,6.000000089406967163e-01
4.148499945882523922e-06,4.000000059604644775e-01
4.148999945868382956e-06,2.000000029802322388e-01
4.149499945854241990e-06,0.000000000000000000e+00
4.149999945840101025e-06,0.000000000000000000e+00
4.150499945825960059e-06,-2.000000029802322388e-01
4.150999945811819093e-06,-4.000000059604644775e-01
4.151499945797678127e-06,-6.000000089406967163e-01
4.151999945783537162e-06,-6.000000089406967163e-01
4.152499945769396196e-06,-8.000000119209289551e-01
4.152999945755255230e-06,-8.000000119209289551e-01
4.153499945741114265e-06,-1.200000017881393433e+00
4.153999945726973299e-06,-1.400000020861625671e+00
4.154499945712832333e-06,-1.600000023841857910e+00
4.154999945698691367e-06,-1.600000023841857910e+00
4.155499945684550402e-06,-1.800000026822090149e+00
4.155999945670409436e-06,-2.000000029802322388e+00
4.156499945656268470e-06,-2.000000029802322388e+00
4.156999945642127504e-06,-2.200000032782554626e+00
4.157499945627986539e-06,-2.400000035762786865e+00
4.157999945613845573e-06,-2.400000035762786865e+00
4.158499945599704607e-06,-2.600000038743019104e+00
4.158999945585563641e-06,-2.800000041723251343e+00
4.159499945571422676e-06,-2.800000041723251343e+00
4.159999945557281710e-06,-3.000000044703483582e+00
4.160499945543140744e-06,-3.200000047683715820e+00
4.160999945528999779e-06,-3.200000047683715820e+00
4.161499945514858813e-06,-3.400000050663948059e+00
4.161999945500717847e-06,-3.600000053644180298e+00
4.162499945486576881e-06,-3.600000053644180298e+00
4.162999945472435916e-06,-3.600000053644180298e+00
4.163499945458294950e-06,-3.800000056624412537e+00
4.163999945444153984e-06,-4.000000059604644775e+00
4.164499945430013018e-06,-4.200000062584877014e+00
4.164999945415872053e-06,-4.200000062584877014e+00
4.165499945401731087e-06,-4.200000062584877014e+00
4.165999945387590121e-06,-4.400000065565109253e+00
4.166499945373449155e-06,-4.400000065565109253e+00
4.166999945359308190e-06,-4.400000065565109253e+00
4.167499945345167224e-06,-4.400000065565109253e+00
4.167999945331026258e-06,-4.600000068545341492e+00
4.168499945316885293e-06,-4.600000068545341492e+00
4.168999945302744327e-06,-4.800000071525573730e+00
4.169499945288603361e-06,-4.800000071525573730e+00
4.169999945274462395e-06,-4.800000071525573730e+00
4.170499945260321430e-06,-4.800000071525573730e+00
4.170999945246180464e-06,-5.000000074505805969e+00
4.171499945232039498e-06,-5.000000074505805969e+00
4.171999945217898532e-06,-5.000000074505805969e+00
4.172499945203757567e-06,-5.000000074505805969e+00
4.172999945189616601e-06,-5.000000074505805969e+00
4.173499945175475635e-06,-5.000000074505805969e+00
4.173999945161334670e-06,-5.200000077486038208e+00
4.174499945147193704e-06,-5.000000074505805969e+00
4.174999945133052738e-06,-5.000000074505805969e+00
4.175499945118911772e-06,-5.000000074505805969e+00
4.175999945104770807e-06,-5.000000074505805969e+00
4.176499945090629841e-06,-5.000000074505805969e+00
4.176999945076488875e-06,-5.000000074505805969e+00
4.177499945062347909e-06,-5.000000074505805969e+00
4.177999945048206944e-06,-5.000000074505805969e+00
4.178499945034065978e-06,-5.000000074505805969e+00
4.178999945019925012e-06,-5.000000074505805969e+00
4.179499945005784046e-06,-4.800000071525573730e+00
4.179999944991643081e-06,-4.800000071525573730e+00
4.180499944977502115e-06,-4.800000071525573730e+00
4.180999944963361149e-06,-4.800000071525573730e+00
4.181499944949220184e-06,-4.600000068545341492e+00
4.181999944935079218e-06,-4.600000068545341492e+00
4.182499944920938252e-06,-4.600000068545341492e+00
4.182999944906797286e-06,-4.400000065565109253e+00
4.183499944892656321e-06,-4.400000065565109253e+00
4.183999944878515355e-06,-4.200000062584877014e+00
4.184499944864374389e-06,-4.200000062584877014e+00
4.184999944850233423e-06,-4.200000062584877014e+00
4.185499944836092458e-06,-4.000000059604644775e+00
4.185999944821951492e-06,-4.000000059604644775e+00
4.186499944807810526e-06,-3.800000056624412537e+00
4.186999944793669560e-06,-3.800000056624412537e+00
4.187499944779528595e-06,-3.600000053644180298e+00
4.187999944765387629e-06,-3.600000053644180298e+00
4.188499944751246663e-06,-3.400000050663948059e+00
4.188999944737105698e-06,-3.200000047683715820e+00
4.189499944722964732e-06,-3.200000047683715820e+00
4.189999944708823766e-06,-3.000000044703483582e+00
4.190499944694682800e-06,-3.000000044703483582e+00
4.190999944680541835e-06,-2.800000041723251343e+00
4.191499944666400869e-06,-2.600000038743019104e+00
4.191999944652259903e-06,-2.400000035762786865e+00
4.192499944638118937e-06,-2.400000035762786865e+00
4.192999944623977972e-06,-2.200000032782554626e+00
4.193499944609837006e-06,-2.000000029802322388e+00
4.193999944595696040e-06,-1.200000017881393433e+00
4.194499944581555075e-06,-2.000000029802322388e-01
4.194999944567414109e-06,8.000000119209289551e-01
4.195499944553273143e-06,1.400000020861625671e+00
4.195999944539132177e-06,1.400000020861625671e+00
4.196499944524991212e-06,1.200000017881393433e+00
4.196999944510850246e-06,1.200000017881393433e+00
4.197499944496709280e-06,1.200000017881393433e+00
4.197999944482568314e-06,1.200000017881393433e+00
4.198499944468427349e-06,1.200000017881393433e+00
4.198999944454286383e-06,1.200000017881393433e+00
4.199499944440145417e-06,1.200000017881393433e+00
4.199999944426004451e-06,1.200000017881393433e+00
4.200499944411863486e-06,1.200000017881393433e+00
4.200999944397722520e-06,1.200000017881393433e+00
4.201499944383581554e-06,1.000000014901161194e+00
4.201999944369440589e-06,1.000000014901161194e+00
4.202499944355299623e-06,1.000000014901161194e+00
4.202999944341158657e-06,1.000000014901161194e+00
4.203499944327017691e-06,1.000000014901161194e+00
4.203999944312876726e-06,1.000000014901161194e+00
4.204499944298735760e-06,1.000000014901161194e+00
4.204999944284594794e-06,1.000000014901161194e+00
4.205499944270453828e-06,1.000000014901161194e+00
4.205999944256312863e-06,1.000000014901161194e+00
4.206499944242171897e-06,1.000000014901161194e+00
4.206999944228030931e-06,1.000000014901161194e+00
4.207499944213889965e-06,8.000000119209289551e-01
4.207999944199749000e-06,1.000000014901161194e+00
4.208499944185608034e-06,8.000000119209289551e-01
4.208999944171467068e-06,1.000000014901161194e+00
4.209499944157326103e-06,8.000000119209289551e-01
4.209999944143185137e-06,8.000000119209289551e-01
4.210499944129044171e-06,8.000000119209289551e-01
4.210999944114903205e-06,8.000000119209289551e-01
4.211499944100762240e-06,8.000000119209289551e-01
4.211999944086621274e-06,8.000000119209289551e-01
4.212499944072480308e-06,8.000000119209289551e-01
4.212999944058339342e-06,8.000000119209289551e-01
4.213499944044198377e-06,8.000000119209289551e-01
4.213999944030057411e-06,8.000000119209289551e-01
4.214499944015916445e-06,8.000000119209289551e-01
4.214999944001775480e-06,8.000000119209289551e-01
4.215499943987634514e-06,8.000000119209289551e-01
4.215999943973493548e-06,8.000000119209289551e-01
4.216499943959352582e-06,8.000000119209289551e-01
4.216999943945211617e-06,8.000000119209289551e-01
4.217499943931070651e-06,8.000000119209289551e-01
4.217999943916929685e-06,8.000000119209289551e-01
4.218499943902788719e-06,8.000000119209289551e-01
4.218999943888647754e-06,8.000000119209289551e-01
4.219499943874506788e-06,8.000000119209289551e-01
4.219999943860365822e-06,8.000000119209289551e-01
4.220499943846224856e-06,8.000000119209289551e-01
4.220999943832083891e-06,8.000000119209289551e-01
4.221499943817942925e-06,8.000000119209289551e-01
4.221999943803801959e-06,8.000000119209289551e-01
4.222499943789660994e-06,8.000000119209289551e-01
4.222999943775520028e-06,8.000000119209289551e-01
4.223499943761379062e-06,8.000000119209289551e-01
4.223999943747238096e-06,8.000000119209289551e-01
4.224499943733097131e-06,8.000000119209289551e-01
4.224999943718956165e-06,8.000000119209289551e-01
4.225499943704815199e-06,6.000000089406967163e-01
4.225999943690674233e-06,8.000000119209289551e-01
4.226499943676533268e-06,8.000000119209289551e-01
4.226999943662392302e-06,8.000000119209289551e-01
4.227499943648251336e-06,6.000000089406967163e-01
4.227999943634110370e-06,6.000000089406967163e-01
4.228499943619969405e-06,6.000000089406967163e-01
4.228999943605828439e-06,8.000000119209289551e-01
4.229499943591687473e-06,6.000000089406967163e-01
4.229999943577546508e-06,6.000000089406967163e-01
4.230499943563405542e-06,6.000000089406967163e-01
4.230999943549264576e-06,8.000000119209289551e-01
4.231499943535123610e-06,6.000000089406967163e-01
4.231999943520982645e-06,6.000000089406967163e-01
4.232499943506841679e-06,6.000000089406967163e-01
4.232999943492700713e-06,6.000000089406967163e-01
4.233499943478559747e-06,6.000000089406967163e-01
4.233999943464418782e-06,6.000000089406967163e-01
4.234499943450277816e-06,6.000000089406967163e-01
4.234999943436136850e-06,6.000000089406967163e-01
4.235499943421995885e-06,6.000000089406967163e-01
4.235999943407854919e-06,6.000000089406967163e-01
4.236499943393713953e-06,6.000000089406967163e-01
4.236999943379572987e-06,8.000000119209289551e-01
4.237499943365432022e-06,6.000000089406967163e-01
4.237999943351291056e-06,6.000000089406967163e-01
4.238499943337150090e-06,6.000000089406967163e-01
4.238999943323009124e-06,6.000000089406967163e-01
4.239499943308868159e-06,6.000000089406967163e-01
4.239999943294727193e-06,6.000000089406967163e-01
4.240499943280586227e-06,6.000000089406967163e-01
4.240999943266445261e-06,6.000000089406967163e-01
4.241499943252304296e-06,6.000000089406967163e-01
4.241999943238163330e-06,6.000000089406967163e-01
4.242499943224022364e-06,6.000000089406967163e-01
4.242999943209881399e-06,6.000000089406967163e-01
4.243499943195740433e-06,6.000000089406967163e-01
4.243999943181599467e-06,6.000000089406967163e-01
4.244499943167458501e-06,6.000000089406967163e-01
4.244999943153317536e-06,6.000000089406967163e-01
4.245499943139176570e-06,6.000000089406967163e-01
4.245999943125035604e-06,6.000000089406967163e-01
4.246499943110894638e-06,6.000000089406967163e-01
4.246999943096753673e-06,6.000000089406967163e-01
4.247499943082612707e-06,6.000000089406967163e-01
4.247999943068471741e-06,6.000000089406967163e-01
4.248499943054330775e-06,6.000000089406967163e-01
4.248999943040189810e-06,6.000000089406967163e-01
4.249499943026048844e-06,6.000000089406967163e-01
4.249999943011907878e-06,6.000000089406967163e-01
4.250499942997766913e-06,6.000000089406967163e-01
4.250999942983625947e-06,6.000000089406967163e-01
4.251499942969484981e-06,6.000000089406967163e-01
4.251999942955344015e-06,6.000000089406967163e-01
4.252499942941203050e-06,6.000000089406967163e-01
4.252999942927062084e-06,6.000000089406967163e-01
4.253499942912921118e-06,4.000000059604644775e-01
4.253999942898780152e-06,4.000000059604644775e-01
4.254499942884639187e-06,6.000000089406967163e-01
4.254999942870498221e-06,6.000000089406967163e-01
4.255499942856357255e-06,6.000000089406967163e-01
4.255999942842216290e-06,6.000000089406967163e-01
4.256499942828075324e-06,4.000000059604644775e-01
4.256999942813934358e-06,6.000000089406967163e-01
4.257499942799793392e-06,4.000000059604644775e-01
4.257999942785652427e-06,6.000000089406967163e-01
4.258499942771511461e-06,6.000000089406967163e-01
4.258999942757370495e-06,6.000000089406967163e-01
4.259499942743229529e-06,6.000000089406967163e-01
4.259999942729088564e-06,6.000000089406967163e-01
4.260499942714947598e-06,4.000000059604644775e-01
4.260999942700806632e-06,6.000000089406967163e-01
4.261499942686665666e-06,6.000000089406967163e-01
4.261999942672524701e-06,6.000000089406967163e-01
4.262499942658383735e-06,4.000000059604644775e-01
4.262999942644242769e-06,4.000000059604644775e-01
4.263499942630101804e-06,4.000000059604644775e-01
4.263999942615960838e-06,4.000000059604644775e-01
4.264499942601819872e-06,4.000000059604644775e-01
4.264999942587678906e-06,6.000000089406967163e-01
4.265499942573537941e-06,4.000000059604644775e-01
4.265999942559396975e-06,4.000000059604644775e-01
4.266499942545256009e-06,6.000000089406967163e-01
4.266999942531115043e-06,6.000000089406967163e-01
4.267499942516974078e-06,4.000000059604644775e-01
4.267999942502833112e-06,4.000000059604644775e-01
4.268499942488692146e-06,4.000000059604644775e-01
4.268999942474551180e-06,6.000000089406967163e-01
4.269499942460410215e-06,4.000000059604644775e-01
4.269999942446269249e-06,6.000000089406967163e-01
4.270499942432128283e-06,4.000000059604644775e-01
4.270999942417987318e-06,6.000000089406967163e-01
4.271499942403846352e-06,4.000000059604644775e-01
4.271999942389705386e-06,4.000000059604644775e-01
4.272499942375564420e-06,4.000000059604644775e-01
4.272999942361423455e-06,4.000000059604644775e-01
4.273499942347282489e-06,4.000000059604644775e-01
4.273999942333141523e-06,4.000000059604644775e-01
4.274499942319000557e-06,4.000000059604644775e-01
4.274999942304859592e-06,4.000000059604644775e-01
4.275499942290718626e-06,4.000000059604644775e-01
4.275999942276577660e-06,4.000000059604644775e-01
4.276499942262436695e-06,4.000000059604644775e-01
4.276999942248295729e-06,4.000000059604644775e-01
4.277499942234154763e-06,4.000000059604644775e-01
4.277999942220013797e-06,4.000000059604644775e-01
4.278499942205872832e-06,4.000000059604644775e-01
4.278999942191731866e-06,4.000000059604644775e-01
4.279499942177590900e-06,4.000000059604644775e-01
4.279999942163449934e-06,4.000000059604644775e-01
4.280499942149308969e-06,4.000000059604644775e-01
4.280999942135168003e-06,4.000000059604644775e-01
4.281499942121027037e-06,4.000000059604644775e-01
4.281999942106886071e-06,4.000000059604644775e-01
4.282499942092745106e-06,4.000000059604644775e-01
4.282999942078604140e-06,4.000000059604644775e-01
4.283499942064463174e-06,4.000000059604644775e-01
4.283999942050322209e-06,4.000000059604644775e-01
4.284499942036181243e-06,4.000000059604644775e-01
4.284999942022040277e-06,4.000000059604644775e-01
4.285499942007899311e-06,4.000000059604644775e-01
4.285999941993758346e-06,4.000000059604644775e-01
4.286499941979617380e-06,4.000000059604644775e-01
4.286999941965476414e-06,4.000000059604644775e-01
4.287499941951335448e-06,4.000000059604644775e-01
4.287999941937194483e-06,4.000000059604644775e-01
4.288499941923053517e-06,4.000000059604644775e-01
4.288999941908912551e-06,4.000000059604644775e-01
4.289499941894771585e-06,4.000000059604644775e-01
4.289999941880630620e-06,4.000000059604644775e-01
4.290499941866489654e-06,4.000000059604644775e-01
4.290999941852348688e-06,2.000000029802322388e-01
4.291499941838207723e-06,2.000000029802322388e-01
4.291999941824066757e-06,4.000000059604644775e-01
4.292499941809925791e-06,4.000000059604644775e-01
4.292999941795784825e-06,4.000000059604644775e-01
4.293499941781643860e-06,2.000000029802322388e-01
4.293999941767502894e-06,4.000000059604644775e-01
4.294499941753361928e-06,4.000000059604644775e-01
4.294999941739220962e-06,4.000000059604644775e-01
4.295499941725079997e-06,2.000000029802322388e-01
4.295999941710939031e-06,2.000000029802322388e-01
4.296499941696798065e-06,4.000000059604644775e-01
4.296999941682657100e-06,4.000000059604644775e-01
4.297499941668516134e-06,2.000000029802322388e-01
4.297999941654375168e-06,4.000000059604644775e-01
4.298499941640234202e-06,4.000000059604644775e-01
4.298999941626093237e-06,4.000000059604644775e-01
4.299499941611952271e-06,4.000000059604644775e-01
4.299999941597811305e-06,4.000000059604644775e-01
4.300499941583670339e-06,4.000000059604644775e-01
4.300999941569529374e-06,4.000000059604644775e-01
4.301499941555388408e-06,2.000000029802322388e-01
4.301999941541247442e-06,2.000000029802322388e-01
4.302499941527106476e-06,4.000000059604644775e-01
4.302999941512965511e-06,2.000000029802322388e-01
4.303499941498824545e-06,2.000000029802322388e-01
4.303999941484683579e-06,2.000000029802322388e-01
4.304499941470542614e-06,2.000000029802322388e-01
4.304999941456401648e-06,4.000000059604644775e-01
4.305499941442260682e-06,2.000000029802322388e-01
4.305999941428119716e-06,2.000000029802322388e-01
4.306499941413978751e-06,2.000000029802322388e-01
4.306999941399837785e-06,2.000000029802322388e-01
4.307499941385696819e-06,2.000000029802322388e-01
4.307999941371555853e-06,2.000000029802322388e-01
4.308499941357414888e-06,2.000000029802322388e-01
4.308999941343273922e-06,2.000000029802322388e-01
4.309499941329132956e-06,2.000000029802322388e-01
4.309999941314991990e-06,2.000000029802322388e-01
4.310499941300851025e-06,2.000000029802322388e-01
4.310999941286710059e-06,2.000000029802322388e-01
4.311499941272569093e-06,2.000000029802322388e-01
4.311999941258428128e-06,2.000000029802322388e-01
4.312499941244287162e-06,2.000000029802322388e-01
4.312999941230146196e-06,2.000000029802322388e-01
4.313499941216005230e-06,2.000000029802322388e-01
4.313999941201864265e-06,2.000000029802322388e-01
4.314499941187723299e-06,2.000000029802322388e-01
4.314999941173582333e-06,2.000000029802322388e-01
4.315499941159441367e-06,2.000000029802322388e-01
4.315999941145300402e-06,2.000000029802322388e-01
4.316499941131159436e-06,2.000000029802322388e-01
4.316999941117018470e-06,2.000000029802322388e-01
4.317499941102877505e-06,2.000000029802322388e-01
4.317999941088736539e-06,2.000000029802322388e-01
4.318499941074595573e-06,2.000000029802322388e-01
4.318999941060454607e-06,2.000000029802322388e-01
4.319499941046313642e-06,2.000000029802322388e-01
4.319999941032172676e-06,2.000000029802322388e-01
4.320499941018031710e-06,2.000000029802322388e-01
4.320999941003890744e-06,2.000000029802322388e-01
4.321499940989749779e-06,2.000000029802322388e-01
4.321999940975608813e-06,2.000000029802322388e-01
4.322499940961467847e-06,2.000000029802322388e-01
4.322999940947326881e-06,2.000000029802322388e-01
4.323499940933185916e-06,2.000000029802322388e-01
4.323999940919044950e-06,2.000000029802322388e-01
4.324499940904903984e-06,2.000000029802322388e-01
4.324999940890763019e-06,2.000000029802322388e-01
4.325499940876622053e-06,2.000000029802322388e-01
4.325999940862481087e-06,2.000000029802322388e-01
4.326499940848340121e-06,2.000000029802322388e-01
4.326999940834199156e-06,2.000000029802322388e-01
4.327499940820058190e-06,2.000000029802322388e-01
4.327999940805917224e-06,2.000000029802322388e-01
4.328499940791776258e-06,2.000000029802322388e-01
4.328999940777635293e-06,2.000000029802322388e-01
4.329499940763494327e-06,2.000000029802322388e-01
4.329999940749353361e-06,2.000000029802322388e-01
4.330499940735212395e-06,2.000000029802322388e-01
4.330999940721071430e-06,2.000000029802322388e-01
4.331499940706930464e-06,2.000000029802322388e-01
4.331999940692789498e-06,2.000000029802322388e-01
4.332499940678648533e-06,2.000000029802322388e-01
4.332999940664507567e-06,2.000000029802322388e-01
4.333499940650366601e-06,2.000000029802322388e-01
4.333999940636225635e-06,2.000000029802322388e-01
4.334499940622084670e-06,2.000000029802322388e-01
4.334999940607943704e-06,2.000000029802322388e-01
4.335499940593802738e-06,0.000000000000000000e+00
4.335999940579661772e-06,2.000000029802322388e-01
4.336499940565520807e-06,2.000000029802322388e-01
4.336999940551379841e-06,2.000000029802322388e-01
4.337499940537238875e-06,2.000000029802322388e-01
4.337999940523097910e-06,2.000000029802322388e-01
4.338499940508956944e-06,2.000000029802322388e-01
4.338999940494815978e-06,2.000000029802322388e-01
4.339499940480675012e-06,2.000000029802322388e-01
4.339999940466534047e-06,2.000000029802322388e-01
4.340499940452393081e-06,0.000000000000000000e+00
4.340999940438252115e-06,2.000000029802322388e-01
4.341499940424111149e-06,0.000000000000000000e+00
4.341999940409970184e-06,2.000000029802322388e-01
4.342499940395829218e-06,2.000000029802322388e-01
4.342999940381688252e-06,2.000000029802322388e-01
4.343499940367547286e-06,0.000000000000000000e+00
4.343999940353406321e-06,0.000000000000000000e+00
4.344499940339265355e-06,0.000000000000000000e+00
4.344999940325124389e-06,2.000000029802322388e-01
4.345499940310983424e-06,2.000000029802322388e-01
4.345999940296842458e-06,2.000000029802322388e-01
4.346499940282701492e-06,0.000000000000000000e+00
4.346999940268560526e-06,2.000000029802322388e-01
4.347499940254419561e-06,0.000000000000000000e+00
4.347999940240278595e-06,0.000000000000000000e+00
4.348499940226137629e-06,2.000000029802322388e-01
4.348999940211996663e-06,2.000000029802322388e-01
4.349499940197855698e-06,0.000000000000000000e+00
4.349999940183714732e-06,0.000000000000000000e+00
4.350499940169573766e-06,2.000000029802322388e-01
4.350999940155432800e-06,2.000000029802322388e-01
4.351499940141291835e-06,2.000000029802322388e-01
4.351999940127150869e-06,2.000000029802322388e-01
4.352499940113009903e-06,0.000000000000000000e+00
4.352999940098868938e-06,0.000000000000000000e+00
4.353499940084727972e-06,0.000000000000000000e+00
4.353999940070587006e-06,0.000000000000000000e+00
4.354499940056446040e-06,2.000000029802322388e-01
4.354999940042305075e-06,2.000000029802322388e-01
4.355499940028164109e-06,2.000000029802322388e-01
4.355999940014023143e-06,2.000000029802322388e-01
4.356499939999882177e-06,0.000000000000000000e+00
4.356999939985741212e-06,0.000000000000000000e+00
4.357499939971600246e-06,0.000000000000000000e+00
4.357999939957459280e-06,0.000000000000000000e+00
4.358499939943318315e-06,2.000000029802322388e-01
4.358999939929177349e-06,2.000000029802322388e-01
4.359499939915036383e-06,0.000000000000000000e+00
4.359999939900895417e-06,0.000000000000000000e+00
4.360499939886754452e-06,0.000000000000000000e+00
4.360999939872613486e-06,0.000000000000000000e+00
4.361499939858472520e-06,0.000000000000000000e+00
4.361999939844331554e-06,0.000000000000000000e+00
4.362499939830190589e-06,0.000000000000000000e+00
4.362999939816049623e-06,0.000000000000000000e+00
4.363499939801908657e-06,0.000000000000000000e+00
4.363999939787767691e-06,0.000000000000000000e+00
4.364499939773626726e-06,0.000000000000000000e+00
4.364999939759485760e-06,0.000000000000000000e+00
4.365499939745344794e-06,0.000000000000000000e+00
4.365999939731203829e-06,0.000000000000000000e+00
4.366499939717062863e-06,0.000000000000000000e+00
4.366999939702921897e-06,0.000000000000000000e+00
4.367499939688780931e-06,0.000000000000000000e+00
4.367999939674639966e-06,0.000000000000000000e+00
4.368499939660499000e-06,0.000000000000000000e+00
4.368999939646358034e-06,0.000000000000000000e+00
4.369499939632217068e-06,0.000000000000000000e+00
4.369999939618076103e-06,0.000000000000000000e+00
4.370499939603935137e-06,0.000000000000000000e+00
4.370999939589794171e-06,0.000000000000000000e+00
4.371499939575653205e-06,0.000000000000000000e+00
4.371999939561512240e-06,0.000000000000000000e+00
4.372499939547371274e-06,0.000000000000000000e+00
4.372999939533230308e-06,0.000000000000000000e+00
4.373499939519089343e-06,0.000000000000000000e+00
4.373999939504948377e-06,0.000000000000000000e+00
4.374499939490807411e-06,0.000000000000000000e+00
4.374999939476666445e-06,0.000000000000000000e+00
4.375499939462525480e-06,0.000000000000000000e+00
4.375999939448384514e-06,0.000000000000000000e+00
4.376499939434243548e-06,0.000000000000000000e+00
4.376999939420102582e-06,0.000000000000000000e+00
4.377499939405961617e-06,0.000000000000000000e+00
4.377999939391820651e-06,0.000000000000000000e+00
4.378499939377679685e-06,0.000000000000000000e+00
4.378999939363538720e-06,0.000000000000000000e+00
4.379499939349397754e-06,0.000000000000000000e+00
4.379999939335256788e-06,0.000000000000000000e+00
4.380499939321115822e-06,0.000000000000000000e+00
4.380999939306974857e-06,0.000000000000000000e+00
4.381499939292833891e-06,0.000000000000000000e+00
4.381999939278692925e-06,0.000000000000000000e+00
4.382499939264551959e-06,0.000000000000000000e+00
4.382999939250410994e-06,0.000000000000000000e+00
4.383499939236270028e-06,0.000000000000000000e+00
4.383999939222129062e-06,0.000000000000000000e+00
4.384499939207988096e-06,0.000000000000000000e+00
4.384999939193847131e-06,2.000000029802322388e-01
4.385499939179706165e-06,0.000000000000000000e+00
4.385999939165565199e-06,0.000000000000000000e+00
4.386499939151424234e-06,0.000000000000000000e+00
4.386999939137283268e-06,0.000000000000000000e+00
4.387499939123142302e-06,0.000000000000000000e+00
4.387999939109001336e-06,0.000000000000000000e+00
4.388499939094860371e-06,0.000000000000000000e+00
4.388999939080719405e-06,0.000000000000000000e+00
4.389499939066578439e-06,0.000000000000000000e+00
4.389999939052437473e-06,0.000000000000000000e+00
4.390499939038296508e-06,0.000000000000000000e+00
4.390999939024155542e-06,0.000000000000000000e+00
4.391499939010014576e-06,0.000000000000000000e+00
4.391999938995873610e-06,0.000000000000000000e+00
4.392499938981732645e-06,0.000000000000000000e+00
4.392999938967591679e-06,0.000000000000000000e+00
4.393499938953450713e-06,0.000000000000000000e+00
4.393999938939309748e-06,0.000000000000000000e+00
4.394499938925168782e-06,0.000000000000000000e+00
4.394999938911027816e-06,0.000000000000000000e+00
4.395499938896886850e-06,0.000000000000000000e+00
4.395999938882745885e-06,0.000000000000000000e+00
4.396499938868604919e-06,0.000000000000000000e+00
4.396999938854463953e-06,0.000000000000000000e+00
4.397499938840322987e-06,0.000000000000000000e+00
4.397999938826182022e-06,0.000000000000000000e+00
4.398499938812041056e-06,0.000000000000000000e+00
4.398999938797900090e-06,0.000000000000000000e+00
4.399499938783759125e-06,0.000000000000000000e+00
4.399999938769618159e-06,0.000000000000000000e+00
4.400499938755477193e-06,0.000000000000000000e+00
4.400999938741336227e-06,0.000000000000000000e+00
4.401499938727195262e-06,0.000000000000000000e+00
4.401999938713054296e-06,0.000000000000000000e+00
4.402499938698913330e-06,0.000000000000000000e+00
4.402999938684772364e-06,0.000000000000000000e+00
4.403499938670631399e-06,0.000000000000000000e+00
4.403999938656490433e-06,0.000000000000000000e+00
4.404499938642349467e-06,0.000000000000000000e+00
4.404999938628208501e-06,0.000000000000000000e+00
4.405499938614067536e-06,0.000000000000000000e+00
4.405999938599926570e-06,0.000000000000000000e+00
4.406499938585785604e-06,0.000000000000000000e+00
4.406999938571644639e-06,0.000000000000000000e+00
4.407499938557503673e-06,0.000000000000000000e+00
4.407999938543362707e-06,0.000000000000000000e+00
4.408499938529221741e-06,0.000000000000000000e+00
4.408999938515080776e-06,0.000000000000000000e+00
4.409499938500939810e-06,0.000000000000000000e+00
4.409999938486798844e-06,0.000000000000000000e+00
4.410499938472657878e-06,0.000000000000000000e+00
4.410999938458516913e-06,0.000000000000000000e+00
4.411499938444375947e-06,0.000000000000000000e+00
4.411999938430234981e-06,0.000000000000000000e+00
4.412499938416094015e-06,0.000000000000000000e+00
4.412999938401953050e-06,0.000000000000000000e+00
4.413499938387812084e-06,0.000000000000000000e+00
4.413999938373671118e-06,0.000000000000000000e+00
4.414499938359530153e-06,0.000000000000000000e+00
4.414999938345389187e-06,0.000000000000000000e+00
4.415499938331248221e-06,0.000000000000000000e+00
4.415999938317107255e-06,0.000000000000000000e+00
4.416499938302966290e-06,0.000000000000000000e+00
4.416999938288825324e-06,0.000000000000000000e+00
4.417499938274684358e-06,0.000000000000000000e+00
4.417999938260543392e-06,0.000000000000000000e+00
4.418499938246402427e-06,0.000000000000000000e+00
4.418999938232261461e-06,0.000000000000000000e+00
4.419499938218120495e-06,0.000000000000000000e+00
4.419999938203979530e-06,0.000000000000000000e+00
4.420499938189838564e-06,-2.000000029802322388e-01
4.420999938175697598e-06,0.000000000000000000e+00
4.421499938161556632e-06,0.000000000000000000e+00
4.421999938147415667e-06,0.000000000000000000e+00
4.422499938133274701e-06,0.000000000000000000e+00
4.422999938119133735e-06,0.000000000000000000e+00
4.423499938104992769e-06,0.000000000000000000e+00
4.423999938090851804e-06,0.000000000000000000e+00
4.424499938076710838e-06,0.000000000000000000e+00
4.424999938062569872e-06,0.000000000000000000e+00
4.425499938048428906e-06,0.000000000000000000e+00
4.425999938034287941e-06,0.000000000000000000e+00
4.426499938020146975e-06,0.000000000000000000e+00
4.426999938006006009e-06,0.000000000000000000e+00
4.427499937991865044e-06,0.000000000000000000e+00
4.427999937977724078e-06,0.000000000000000000e+00
4.428499937963583112e-06,0.000000000000000000e+00
4.428999937949442146e-06,0.000000000000000000e+00
4.429499937935301181e-06,0.000000000000000000e+00
4.429999937921160215e-06,0.000000000000000000e+00
4.430499937907019249e-06,0.000000000000000000e+00
4.430999937892878283e-06,0.000000000000000000e+00
4.431499937878737318e-06,-2.000000029802322388e-01
4.431999937864596352e-06,-6.000000089406967163e-01
4.432499937850455386e-06,-1.000000014901161194e+00
4.432999937836314420e-06,-1.400000020861625671e+00
4.433499937822173455e-06,-1.600000023841857910e+00
4.433999937808032489e-06,-1.800000026822090149e+00
4.434499937793891523e-06,-1.800000026822090149e+00
4.434999937779750558e-06,-2.000000029802322388e+00
4.435499937765609592e-06,-2.200000032782554626e+00
4.435999937751468626e-06,-2.200000032782554626e+00
4.436499937737327660e-06,-2.400000035762786865e+00
4.436999937723186695e-06,-2.400000035762786865e+00
4.437499937709045729e-06,-2.600000038743019104e+00
4.437999937694904763e-06,-2.800000041723251343e+00
4.438499937680763797e-06,-2.800000041723251343e+00
4.438999937666622832e-06,-3.000000044703483582e+00
4.439499937652481866e-06,-3.000000044703483582e+00
4.439999937638340900e-06,-3.200000047683715820e+00
4.440499937624199935e-06,-3.200000047683715820e+00
4.440999937610058969e-06,-3.400000050663948059e+00
4.441499937595918003e-06,-3.400000050663948059e+00
4.441999937581777037e-06,-3.600000053644180298e+00
4.442499937567636072e-06,-3.600000053644180298e+00
4.442999937553495106e-06,-3.600000053644180298e+00
4.443499937539354140e-06,-3.800000056624412537e+00
4.443999937525213174e-06,-3.800000056624412537e+00
4.444499937511072209e-06,-3.800000056624412537e+00
4.444999937496931243e-06,-3.800000056624412537e+00
4.445499937482790277e-06,-4.000000059604644775e+00
4.445999937468649311e-06,-4.000000059604644775e+00
4.446499937454508346e-06,-4.200000062584877014e+00
4.446999937440367380e-06,-4.200000062584877014e+00
4.447499937426226414e-06,-4.200000062584877014e+00
4.447999937412085449e-06,-4.200000062584877014e+00
4.448499937397944483e-06,-4.200000062584877014e+00
4.448999937383803517e-06,-4.200000062584877014e+00
4.449499937369662551e-06,-4.200000062584877014e+00
4.449999937355521586e-06,-4.200000062584877014e+00
4.450499937341380620e-06,-4.200000062584877014e+00
4.450999937327239654e-06,-4.200000062584877014e+00
4.451499937313098688e-06,-4.200000062584877014e+00
4.451999937298957723e-06,-4.200000062584877014e+00
4.452499937284816757e-06,-4.200000062584877014e+00
4.452999937270675791e-06,-4.200000062584877014e+00
4.453499937256534825e-06,-4.200000062584877014e+00
4.453999937242393860e-06,-4.200000062584877014e+00
4.454499937228252894e-06,-4.200000062584877014e+00
4.454999937214111928e-06,-4.000000059604644775e+00
4.455499937199970963e-06,-4.000000059604644775e+00
4.455999937185829997e-06,-4.000000059604644775e+00
4.456499937171689031e-06,-4.000000059604644775e+00
4.456999937157548065e-06,-3.800000056624412537e+00
4.457499937143407100e-06,-3.800000056624412537e+00
4.457999937129266134e-06,-3.600000053644180298e+00
4.458499937115125168e-06,-3.600000053644180298e+00
4.458999937100984202e-06,-3.600000053644180298e+00
4.459499937086843237e-06,-3.400000050663948059e+00
4.459999937072702271e-06,-3.400000050663948059e+00
4.460499937058561305e-06,-3.200000047683715820e+00
4.460999937044420340e-06,-3.200000047683715820e+00
4.461499937030279374e-06,-3.000000044703483582e+00
4.461999937016138408e-06,-3.000000044703483582e+00
4.462499937001997442e-06,-2.800000041723251343e+00
4.462999936987856477e-06,-2.800000041723251343e+00
4.463499936973715511e-06,-2.600000038743019104e+00
4.463999936959574545e-06,-2.600000038743019104e+00
4.464499936945433579e-06,-2.400000035762786865e+00
4.464999936931292614e-06,-2.200000032782554626e+00
4.465499936917151648e-06,-2.200000032782554626e+00
4.465999936903010682e-06,-2.000000029802322388e+00
4.466499936888869716e-06,-2.000000029802322388e+00
4.466999936874728751e-06,-1.800000026822090149e+00
4.467499936860587785e-06,-1.600000023841857910e+00
4.467999936846446819e-06,-1.600000023841857910e+00
4.468499936832305854e-06,-1.400000020861625671e+00
4.468999936818164888e-06,-1.200000017881393433e+00
4.469499936804023922e-06,-1.000000014901161194e+00
4.469999936789882956e-06,-8.000000119209289551e-01
4.470499936775741991e-06,-8.000000119209289551e-01
4.470999936761601025e-06,-6.000000089406967163e-01
4.471499936747460059e-06,-4.000000059604644775e-01
4.471999936733319093e-06,-2.000000029802322388e-01
4.472499936719178128e-06,-2.000000029802322388e-01
4.472999936705037162e-06,0.000000000000000000e+00
4.473499936690896196e-06,2.000000029802322388e-01
4.473999936676755230e-06,4.000000059604644775e-01
4.474499936662614265e-06,6.000000089406967163e-01
4.474999936648473299e-06,8.000000119209289551e-01
4.475499936634332333e-06,8.000000119209289551e-01
4.475999936620191368e-06,1.000000014901161194e+00
4.476499936606050402e-06,1.200000017881393433e+00
4.476999936591909436e-06,1.200000017881393433e+00
4.477499936577768470e-06,1.400000020861625671e+00
4.477999936563627505e-06,1.600000023841857910e+00
4.478499936549486539e-06,1.800000026822090149e+00
4.478999936535345573e-06,2.000000029802322388e+00
4.479499936521204607e-06,2.000000029802322388e+00
4.479999936507063642e-06,2.200000032782554626e+00
4.480499936492922676e-06,2.400000035762786865e+00
4.480999936478781710e-06,2.600000038743019104e+00
4.481499936464640745e-06,2.600000038743019104e+00
4.481999936450499779e-06,2.800000041723251343e+00
4.482499936436358813e-06,2.800000041723251343e+00
4.482999936422217847e-06,3.000000044703483582e+00
4.483499936408076882e-06,3.200000047683715820e+00
4.483999936393935916e-06,3.400000050663948059e+00
4.484499936379794950e-06,3.400000050663948059e+00
4.484999936365653984e-06,3.600000053644180298e+00
4.485499936351513019e-06,3.600000053644180298e+00
4.485999936337372053e-06,3.800000056624412537e+00
4.486499936323231087e-06,4.000000059604644775e+00
4.486999936309090121e-06,4.000000059604644775e+00
4.487499936294949156e-06,4.200000062584877014e+00
4.487999936280808190e-06,4.200000062584877014e+00
4.488499936266667224e-06,4.400000065565109253e+00
4.488999936252526259e-06,4.400000065565109253e+00
4.489499936238385293e-06,4.600000068545341492e+00
4.489999936224244327e-06,4.800000071525573730e+00
4.490499936210103361e-06,4.800000071525573730e+00
4.490999936195962396e-06,5.000000074505805969e+00
4.491499936181821430e-06,5.000000074505805969e+00
4.491999936167680464e-06,5.000000074505805969e+00
4.492499936153539498e-06,5.000000074505805969e+00
4.492999936139398533e-06,5.200000077486038208e+00
4.493499936125257567e-06,5.200000077486038208e+00
4.493999936111116601e-06,5.200000077486038208e+00
4.494499936096975635e-06,5.400000080466270447e+00
4.494999936082834670e-06,5.400000080466270447e+00
4.495499936068693704e-06,5.400000080466270447e+00
4.495999936054552738e-06,5.400000080466270447e+00
4.496499936040411773e-06,5.400000080466270447e+00
4.496999936026270807e-06,5.400000080466270447e+00
4.497499936012129841e-06,5.600000083446502686e+00
4.497999935997988875e-06,5.600000083446502686e+00
4.498499935983847910e-06,5.600000083446502686e+00
4.498999935969706944e-06,5.600000083446502686e+00
4.499499935955565978e-06,5.600000083446502686e+00
4.499999935941425012e-06,5.600000083446502686e+00
4.500499935927284047e-06,5.600000083446502686e+00
4.500999935913143081e-06,5.600000083446502686e+00
4.501499935899002115e-06,5.600000083446502686e+00
4.501999935884861150e-06,5.400000080466270447e+00
4.502499935870720184e-06,5.400000080466270447e+00
4.502999935856579218e-06,5.400000080466270447e+00
4.503499935842438252e-06,5.400000080466270447e+00
4.503999935828297287e-06,5.400000080466270447e+00
4.504499935814156321e-06,5.400000080466270447e+00
4.504999935800015355e-06,5.200000077486038208e+00
4.505499935785874389e-06,5.200000077486038208e+00
4.505999935771733424e-06,5.200000077486038208e+00
4.506499935757592458e-06,5.000000074505805969e+00
4.506999935743451492e-06,5.000000074505805969e+00
4.507499935729310526e-06,5.000000074505805969e+00
4.507999935715169561e-06,4.800000071525573730e+00
4.508499935701028595e-06,4.800000071525573730e+00
4.508999935686887629e-06,4.600000068545341492e+00
4.509499935672746664e-06,4.600000068545341492e+00
4.509999935658605698e-06,4.600000068545341492e+00
4.510499935644464732e-06,4.400000065565109253e+00
4.510999935630323766e-06,4.400000065565109253e+00
4.511499935616182801e-06,4.200000062584877014e+00
4.511999935602041835e-06,4.200000062584877014e+00
4.512499935587900869e-06,4.000000059604644775e+00
4.512999935573759903e-06,3.800000056624412537e+00
4.513499935559618938e-06,3.800000056624412537e+00
4.513999935545477972e-06,3.600000053644180298e+00
4.514499935531337006e-06,3.600000053644180298e+00
4.514999935517196040e-06,3.400000050663948059e+00
4.515499935503055075e-06,3.200000047683715820e+00
4.515999935488914109e-06,3.200000047683715820e+00
4.516499935474773143e-06,3.000000044703483582e+00
4.516999935460632178e-06,2.800000041723251343e+00
4.517499935446491212e-06,2.800000041723251343e+00
4.517999935432350246e-06,2.600000038743019104e+00
4.518499935418209280e-06,2.400000035762786865e+00
4.518999935404068315e-06,2.200000032782554626e+00
4.519499935389927349e-06,2.000000029802322388e+00
4.519999935375786383e-06,2.000000029802322388e+00
4.520499935361645417e-06,1.800000026822090149e+00
4.520999935347504452e-06,1.600000023841857910e+00
4.521499935333363486e-06,1.400000020861625671e+00
4.521999935319222520e-06,1.200000017881393433e+00
4.522499935305081555e-06,1.200000017881393433e+00
4.522999935290940589e-06,1.000000014901161194e+00
4.523499935276799623e-06,8.000000119209289551e-01
4.523999935262658657e-06,8.000000119209289551e-01
4.524499935248517692e-06,6.000000089406967163e-01
4.524999935234376726e-06,4.000000059604644775e-01
4.525499935220235760e-06,2.000000029802322388e-01
4.525999935206094794e-06,0.000000000000000000e+00
4.526499935191953829e-06,-2.000000029802322388e-01
4.526999935177812863e-06,-2.000000029802322388e-01
4.527499935163671897e-06,-4.000000059604644775e-01
4.527999935149530931e-06,-6.000000089406967163e-01
4.528499935135389966e-06,-8.000000119209289551e-01
4.528999935121249000e-06,-1.000000014901161194e+00
4.529499935107108034e-06,-1.200000017881393433e+00
4.529999935092967069e-06,-1.200000017881393433e+00
4.530499935078826103e-06,-1.400000020861625671e+00
4.530999935064685137e-06,-1.600000023841857910e+00
4.531499935050544171e-06,-1.600000023841857910e+00
4.531999935036403206e-06,-1.800000026822090149e+00
4.532499935022262240e-06,-2.000000029802322388e+00
4.532999935008121274e-06,-2.200000032782554626e+00
4.533499934993980308e-06,-2.200000032782554626e+00
4.533999934979839343e-06,-2.400000035762786865e+00
4.534499934965698377e-06,-2.600000038743019104e+00
4.534999934951557411e-06,-2.600000038743019104e+00
4.535499934937416445e-06,-2.800000041723251343e+00
4.535999934923275480e-06,-3.000000044703483582e+00
4.536499934909134514e-06,-3.000000044703483582e+00
4.536999934894993548e-06,-3.200000047683715820e+00
4.537499934880852583e-06,-3.400000050663948059e+00
4.537999934866711617e-06,-3.400000050663948059e+00
4.538499934852570651e-06,-3.600000053644180298e+00
4.538999934838429685e-06,-3.600000053644180298e+00
4.539499934824288720e-06,-3.800000056624412537e+00
4.539999934810147754e-06,-3.800000056624412537e+00
4.540499934796006788e-06,-4.000000059604644775e+00
4.540999934781865822e-06,-4.000000059604644775e+00
4.541499934767724857e-06,-4.200000062584877014e+00
4.541999934753583891e-06,-4.200000062584877014e+00
4.542499934739442925e-06,-4.200000062584877014e+00
4.542999934725301960e-06,-4.400000065565109253e+00
4.543499934711160994e-06,-4.400000065565109253e+00
4.543999934697020028e-06,-4.600000068545341492e+00
4.544499934682879062e-06,-4.600000068545341492e+00
4.544999934668738097e-06,-4.600000068545341492e+00
4.545499934654597131e-06,-4.600000068545341492e+00
4.545999934640456165e-06,-4.600000068545341492e+00
4.546499934626315199e-06,-4.600000068545341492e+00
4.546999934612174234e-06,-4.800000071525573730e+00
4.547499934598033268e-06,-4.800000071525573730e+00
4.547999934583892302e-06,-4.800000071525573730e+00
4.548499934569751336e-06,-4.800000071525573730e+00
4.548999934555610371e-06,-4.800000071525573730e+00
4.549499934541469405e-06,-4.800000071525573730e+00
4.549999934527328439e-06,-4.800000071525573730e+00
4.550499934513187474e-06,-4.800000071525573730e+00
4.550999934499046508e-06,-4.800000071525573730e+00
4.551499934484905542e-06,-4.800000071525573730e+00
4.551999934470764576e-06,-4.800000071525573730e+00
4.552499934456623611e-06,-4.800000071525573730e+00
4.552999934442482645e-06,-4.800000071525573730e+00
4.553499934428341679e-06,-4.800000071525573730e+00
4.553999934414200713e-06,-4.800000071525573730e+00
4.554499934400059748e-06,-4.800000071525573730e+00
4.554999934385918782e-06,-4.600000068545341492e+00
4.555499934371777816e-06,-4.600000068545341492e+00
4.555999934357636850e-06,-4.600000068545341492e+00
4.556499934343495885e-06,-4.400000065565109253e+00
4.556999934329354919e-06,-4.400000065565109253e+00
4.557499934315213953e-06,-4.400000065565109253e+00
4.557999934301072988e-06,-4.400000065565109253e+00
4.558499934286932022e-06,-4.200000062584877014e+00
4.558999934272791056e-06,-4.200000062584877014e+00
4.559499934258650090e-06,-4.000000059604644775e+00
4.559999934244509125e-06,-4.000000059604644775e+00
4.560499934230368159e-06,-3.800000056624412537e+00
4.560999934216227193e-06,-3.800000056624412537e+00
4.561499934202086227e-06,-3.600000053644180298e+00
4.561999934187945262e-06,-3.600000053644180298e+00
4.562499934173804296e-06,-3.400000050663948059e+00
4.562999934159663330e-06,-3.400000050663948059e+00
4.563499934145522365e-06,-3.200000047683715820e+00
4.563999934131381399e-06,-3.200000047683715820e+00
4.564499934117240433e-06,-3.000000044703483582e+00
4.564999934103099467e-06,-2.800000041723251343e+00
4.565499934088958502e-06,-2.600000038743019104e+00
4.565999934074817536e-06,-2.600000038743019104e+00
4.566499934060676570e-06,-2.400000035762786865e+00
4.566999934046535604e-06,-2.200000032782554626e+00
4.567499934032394639e-06,-2.200000032782554626e+00
4.567999934018253673e-06,-2.000000029802322388e+00
4.568499934004112707e-06,-1.800000026822090149e+00
4.568999933989971741e-06,-1.800000026822090149e+00
4.569499933975830776e-06,-1.600000023841857910e+00
4.569999933961689810e-06,-1.400000020861625671e+00
4.570499933947548844e-06,-1.200000017881393433e+00
4.570999933933407879e-06,-1.200000017881393433e+00
4.571499933919266913e-06,-1.000000014901161194e+00
4.571999933905125947e-06,-8.000000119209289551e-01
4.572499933890984981e-06,-6.000000089406967163e-01
4.572999933876844016e-06,-4.000000059604644775e-01
4.573499933862703050e-06,-4.000000059604644775e-01
4.573999933848562084e-06,-2.000000029802322388e-01
4.574499933834421118e-06,0.000000000000000000e+00
4.574999933820280153e-06,2.000000029802322388e-01
4.575499933806139187e-06,4.000000059604644775e-01
4.575999933791998221e-06,6.000000089406967163e-01
4.576499933777857255e-06,6.000000089406967163e-01
4.576999933763716290e-06,8.000000119209289551e-01
4.577499933749575324e-06,1.000000014901161194e+00
4.577999933735434358e-06,1.200000017881393433e+00
4.578499933721293393e-06,1.200000017881393433e+00
4.578999933707152427e-06,1.400000020861625671e+00
4.579499933693011461e-06,1.600000023841857910e+00
4.579999933678870495e-06,1.600000023841857910e+00
4.580499933664729530e-06,1.800000026822090149e+00
4.580999933650588564e-06,2.000000029802322388e+00
4.581499933636447598e-06,2.200000032782554626e+00
4.581999933622306632e-06,2.200000032782554626e+00
4.582499933608165667e-06,2.400000035762786865e+00
4.582999933594024701e-06,2.600000038743019104e+00
4.583499933579883735e-06,2.800000041723251343e+00
4.583999933565742770e-06,2.800000041723251343e+00
4.584499933551601804e-06,3.000000044703483582e+00
4.584999933537460838e-06,3.200000047683715820e+00
4.585499933523319872e-06,3.200000047683715820e+00
4.585999933509178907e-06,3.400000050663948059e+00
4.586499933495037941e-06,3.400000050663948059e+00
4.586999933480896975e-06,3.600000053644180298e+00
4.587499933466756009e-06,3.800000056624412537e+00
4.587999933452615044e-06,3.800000056624412537e+00
4.588499933438474078e-06,4.000000059604644775e+00
4.588999933424333112e-06,4.000000059604644775e+00
4.589499933410192146e-06,4.000000059604644775e+00
4.589999933396051181e-06,4.200000062584877014e+00
4.590499933381910215e-06,4.200000062584877014e+00
4.590999933367769249e-06,4.400000065565109253e+00
4.591499933353628284e-06,4.400000065565109253e+00
4.591999933339487318e-06,4.600000068545341492e+00
4.592499933325346352e-06,4.600000068545341492e+00
4.592999933311205386e-06,4.800000071525573730e+00
4.593499933297064421e-06,4.800000071525573730e+00
4.593999933282923455e-06,4.800000071525573730e+00
4.594499933268782489e-06,5.000000074505805969e+00
4.594999933254641523e-06,5.000000074505805969e+00
4.595499933240500558e-06,5.000000074505805969e+00
4.595999933226359592e-06,5.000000074505805969e+00
4.596499933212218626e-06,5.000000074505805969e+00
4.596999933198077660e-06,5.000000074505805969e+00
4.597499933183936695e-06,5.000000074505805969e+00
4.597999933169795729e-06,5.200000077486038208e+00
4.598499933155654763e-06,5.200000077486038208e+00
4.598999933141513798e-06,5.200000077486038208e+00
4.599499933127372832e-06,5.200000077486038208e+00
4.599999933113231866e-06,5.200000077486038208e+00
4.600499933099090900e-06,5.200000077486038208e+00
4.600999933084949935e-06,5.000000074505805969e+00
4.601499933070808969e-06,5.000000074505805969e+00
4.601999933056668003e-06,5.200000077486038208e+00
4.602499933042527037e-06,5.000000074505805969e+00
4.602999933028386072e-06,5.000000074505805969e+00
4.603499933014245106e-06,5.000000074505805969e+00
4.603999933000104140e-06,5.000000074505805969e+00
4.604499932985963175e-06,4.800000071525573730e+00
4.604999932971822209e-06,5.000000074505805969e+00
4.605499932957681243e-06,4.800000071525573730e+00
4.605999932943540277e-06,4.800000071525573730e+00
4.606499932929399312e-06,4.600000068545341492e+00
4.606999932915258346e-06,4.600000068545341492e+00
4.607499932901117380e-06,4.600000068545341492e+00
4.607999932886976414e-06,4.600000068545341492e+00
4.608499932872835449e-06,4.400000065565109253e+00
4.608999932858694483e-06,4.400000065565109253e+00
4.609499932844553517e-06,4.200000062584877014e+00
4.609999932830412551e-06,4.200000062584877014e+00
4.610499932816271586e-06,4.000000059604644775e+00
4.610999932802130620e-06,4.000000059604644775e+00
4.611499932787989654e-06,3.800000056624412537e+00
4.611999932773848689e-06,3.800000056624412537e+00
4.612499932759707723e-06,3.600000053644180298e+00
4.612999932745566757e-06,3.600000053644180298e+00
4.613499932731425791e-06,3.400000050663948059e+00
4.613999932717284826e-06,3.200000047683715820e+00
4.614499932703143860e-06,3.200000047683715820e+00
4.614999932689002894e-06,3.000000044703483582e+00
4.615499932674861928e-06,2.800000041723251343e+00
4.615999932660720963e-06,2.800000041723251343e+00
4.616499932646579997e-06,2.600000038743019104e+00
4.616999932632439031e-06,2.600000038743019104e+00
4.617499932618298065e-06,2.400000035762786865e+00
4.617999932604157100e-06,2.200000032782554626e+00
4.618499932590016134e-06,2.000000029802322388e+00
4.618999932575875168e-06,2.000000029802322388e+00
4.619499932561734203e-06,1.800000026822090149e+00
4.619999932547593237e-06,1.600000023841857910e+00
4.620499932533452271e-06,1.400000020861625671e+00
4.620999932519311305e-06,1.200000017881393433e+00
4.621499932505170340e-06,1.000000014901161194e+00
4.621999932491029374e-06,1.000000014901161194e+00
4.622499932476888408e-06,8.000000119209289551e-01
4.622999932462747442e-06,8.000000119209289551e-01
4.623499932448606477e-06,6.000000089406967163e-01
4.623999932434465511e-06,4.000000059604644775e-01
4.624499932420324545e-06,2.000000029802322388e-01
4.624999932406183580e-06,0.000000000000000000e+00
4.625499932392042614e-06,-2.000000029802322388e-01
4.625999932377901648e-06,-4.000000059604644775e-01
4.626499932363760682e-06,-4.000000059604644775e-01
4.626999932349619717e-06,-6.000000089406967163e-01
4.627499932335478751e-06,-8.000000119209289551e-01
4.627999932321337785e-06,-1.000000014901161194e+00
4.628499932307196819e-06,-1.000000014901161194e+00
4.628999932293055854e-06,-1.200000017881393433e+00
4.629499932278914888e-06,-1.400000020861625671e+00
4.629999932264773922e-06,-1.600000023841857910e+00
4.630499932250632956e-06,-1.800000026822090149e+00
4.630999932236491991e-06,-1.800000026822090149e+00
4.631499932222351025e-06,-2.000000029802322388e+00
4.631999932208210059e-06,-2.200000032782554626e+00
4.632499932194069094e-06,-2.400000035762786865e+00
4.632999932179928128e-06,-2.400000035762786865e+00
4.633499932165787162e-06,-2.600000038743019104e+00
4.633999932151646196e-06,-2.800000041723251343e+00
4.634499932137505231e-06,-2.800000041723251343e+00
4.634999932123364265e-06,-3.000000044703483582e+00
4.635499932109223299e-06,-3.000000044703483582e+00
4.635999932095082333e-06,-3.200000047683715820e+00
4.636499932080941368e-06,-3.400000050663948059e+00
4.636999932066800402e-06,-3.400000050663948059e+00
4.637499932052659436e-06,-3.600000053644180298e+00
4.637999932038518470e-06,-3.600000053644180298e+00
4.638499932024377505e-06,-3.800000056624412537e+00
4.638999932010236539e-06,-4.000000059604644775e+00
4.639499931996095573e-06,-4.000000059604644775e+00
4.639999931981954608e-06,-4.200000062584877014e+00
4.640499931967813642e-06,-4.200000062584877014e+00
4.640999931953672676e-06,-4.400000065565109253e+00
4.641499931939531710e-06,-4.400000065565109253e+00
4.641999931925390745e-06,-4.400000065565109253e+00
4.642499931911249779e-06,-4.600000068545341492e+00
4.642999931897108813e-06,-4.600000068545341492e+00
4.643499931882967847e-06,-4.600000068545341492e+00
4.643999931868826882e-06,-4.800000071525573730e+00
4.644499931854685916e-06,-4.800000071525573730e+00
4.644999931840544950e-06,-4.800000071525573730e+00
4.645499931826403985e-06,-5.000000074505805969e+00
4.645999931812263019e-06,-5.000000074505805969e+00
4.646499931798122053e-06,-5.000000074505805969e+00
4.646999931783981087e-06,-5.000000074505805969e+00
4.647499931769840122e-06,-5.000000074505805969e+00
4.647999931755699156e-06,-5.000000074505805969e+00
4.648499931741558190e-06,-5.000000074505805969e+00
4.648999931727417224e-06,-5.000000074505805969e+00
4.649499931713276259e-06,-5.000000074505805969e+00
4.649999931699135293e-06,-5.000000074505805969e+00
4.650499931684994327e-06,-5.000000074505805969e+00
4.650999931670853361e-06,-5.000000074505805969e+00
4.651499931656712396e-06,-5.000000074505805969e+00
4.651999931642571430e-06,-5.000000074505805969e+00
4.652499931628430464e-06,-5.000000074505805969e+00
4.652999931614289499e-06,-5.000000074505805969e+00
4.653499931600148533e-06,-5.000000074505805969e+00
4.653999931586007567e-06,-5.000000074505805969e+00
4.654499931571866601e-06,-5.000000074505805969e+00
4.654999931557725636e-06,-4.800000071525573730e+00
4.655499931543584670e-06,-4.800000071525573730e+00
4.655999931529443704e-06,-4.800000071525573730e+00
4.656499931515302738e-06,-4.600000068545341492e+00
4.656999931501161773e-06,-4.600000068545341492e+00
4.657499931487020807e-06,-4.600000068545341492e+00
4.657999931472879841e-06,-4.400000065565109253e+00
4.658499931458738875e-06,-4.400000065565109253e+00
4.658999931444597910e-06,-4.200000062584877014e+00
4.659499931430456944e-06,-4.200000062584877014e+00
4.659999931416315978e-06,-4.200000062584877014e+00
4.660499931402175013e-06,-4.000000059604644775e+00
4.660999931388034047e-06,-4.000000059604644775e+00
4.661499931373893081e-06,-3.800000056624412537e+00
4.661999931359752115e-06,-3.800000056624412537e+00
4.662499931345611150e-06,-3.600000053644180298e+00
4.662999931331470184e-06,-3.400000050663948059e+00
4.663499931317329218e-06,-3.400000050663948059e+00
4.663999931303188252e-06,-3.200000047683715820e+00
4.664499931289047287e-06,-3.000000044703483582e+00
4.664999931274906321e-06,-3.000000044703483582e+00
4.665499931260765355e-06,-2.800000041723251343e+00
4.665999931246624390e-06,-2.600000038743019104e+00
4.666499931232483424e-06,-2.600000038743019104e+00
4.666999931218342458e-06,-2.400000035762786865e+00
4.667499931204201492e-06,-2.400000035762786865e+00
4.667999931190060527e-06,-2.200000032782554626e+00
4.668499931175919561e-06,-2.000000029802322388e+00
4.668999931161778595e-06,-1.800000026822090149e+00
4.669499931147637629e-06,-1.800000026822090149e+00
4.669999931133496664e-06,-1.600000023841857910e+00
4.670499931119355698e-06,-1.400000020861625671e+00
4.670999931105214732e-06,-1.200000017881393433e+00
4.671499931091073766e-06,-1.200000017881393433e+00
4.671999931076932801e-06,-1.000000014901161194e+00
4.672499931062791835e-06,-8.000000119209289551e-01
4.672999931048650869e-06,-6.000000089406967163e-01
4.673499931034509904e-06,-4.000000059604644775e-01
4.673999931020368938e-06,-2.000000029802322388e-01
4.674499931006227972e-06,-2.000000029802322388e-01
4.674999930992087006e-06,0.000000000000000000e+00
4.675499930977946041e-06,2.000000029802322388e-01
4.675999930963805075e-06,2.000000029802322388e-01
4.676499930949664109e-06,4.000000059604644775e-01
4.676999930935523143e-06,6.000000089406967163e-01
4.677499930921382178e-06,8.000000119209289551e-01
4.677999930907241212e-06,1.000000014901161194e+00
4.678499930893100246e-06,1.200000017881393433e+00
4.678999930878959280e-06,1.200000017881393433e+00
4.679499930864818315e-06,1.400000020861625671e+00
4.679999930850677349e-06,1.600000023841857910e+00
4.680499930836536383e-06,1.800000026822090149e+00
4.680999930822395418e-06,1.800000026822090149e+00
4.681499930808254452e-06,2.000000029802322388e+00
4.681999930794113486e-06,2.200000032782554626e+00
4.682499930779972520e-06,2.200000032782554626e+00
4.682999930765831555e-06,2.400000035762786865e+00
4.683499930751690589e-06,2.600000038743019104e+00
4.683999930737549623e-06,2.800000041723251343e+00
4.684499930723408657e-06,2.800000041723251343e+00
4.684999930709267692e-06,3.000000044703483582e+00
4.685499930695126726e-06,3.000000044703483582e+00
4.685999930680985760e-06,3.200000047683715820e+00
4.686499930666844795e-06,3.400000050663948059e+00
4.686999930652703829e-06,3.600000053644180298e+00
4.687499930638562863e-06,3.600000053644180298e+00
4.687999930624421897e-06,3.800000056624412537e+00
4.688499930610280932e-06,3.800000056624412537e+00
4.688999930596139966e-06,4.000000059604644775e+00
4.689499930581999000e-06,4.000000059604644775e+00
4.689999930567858034e-06,4.200000062584877014e+00
4.690499930553717069e-06,4.200000062584877014e+00
4.690999930539576103e-06,4.200000062584877014e+00
4.691499930525435137e-06,4.400000065565109253e+00
4.691999930511294171e-06,4.400000065565109253e+00
4.692499930497153206e-06,4.400000065565109253e+00
4.692999930483012240e-06,4.600000068545341492e+00
4.693499930468871274e-06,4.600000068545341492e+00
4.693999930454730309e-06,4.800000071525573730e+00
4.694499930440589343e-06,4.800000071525573730e+00
4.694999930426448377e-06,4.800000071525573730e+00
4.695499930412307411e-06,5.000000074505805969e+00
4.695999930398166446e-06,5.000000074505805969e+00
4.696499930384025480e-06,5.000000074505805969e+00
4.696999930369884514e-06,5.000000074505805969e+00
4.697499930355743548e-06,5.000000074505805969e+00
4.697999930341602583e-06,5.000000074505805969e+00
4.698499930327461617e-06,5.000000074505805969e+00
4.698999930313320651e-06,5.200000077486038208e+00
4.699499930299179685e-06,5.000000074505805969e+00
4.699999930285038720e-06,5.000000074505805969e+00
4.700499930270897754e-06,5.000000074505805969e+00
4.700999930256756788e-06,5.000000074505805969e+00
4.701499930242615823e-06,5.000000074505805969e+00
4.701999930228474857e-06,5.000000074505805969e+00
4.702499930214333891e-06,5.000000074505805969e+00
4.702999930200192925e-06,5.000000074505805969e+00
4.703499930186051960e-06,5.000000074505805969e+00
4.703999930171910994e-06,5.000000074505805969e+00
4.704499930157770028e-06,4.800000071525573730e+00
4.704999930143629062e-06,4.800000071525573730e+00
4.705499930129488097e-06,4.800000071525573730e+00
4.705999930115347131e-06,4.800000071525573730e+00
4.706499930101206165e-06,4.600000068545341492e+00
4.706999930087065200e-06,4.600000068545341492e+00
4.707499930072924234e-06,4.400000065565109253e+00
4.707999930058783268e-06,4.400000065565109253e+00
4.708499930044642302e-06,4.400000065565109253e+00
4.708999930030501337e-06,4.200000062584877014e+00
4.709499930016360371e-06,4.200000062584877014e+00
4.709999930002219405e-06,4.200000062584877014e+00
4.710499929988078439e-06,4.000000059604644775e+00
4.710999929973937474e-06,3.800000056624412537e+00
4.711499929959796508e-06,3.800000056624412537e+00
4.711999929945655542e-06,3.800000056624412537e+00
4.712499929931514576e-06,3.600000053644180298e+00
4.712999929917373611e-06,3.400000050663948059e+00
4.713499929903232645e-06,3.400000050663948059e+00
4.713999929889091679e-06,3.200000047683715820e+00
4.714499929874950714e-06,3.200000047683715820e+00
4.714999929860809748e-06,3.000000044703483582e+00
4.715499929846668782e-06,2.800000041723251343e+00
4.715999929832527816e-06,2.600000038743019104e+00
4.716499929818386851e-06,2.600000038743019104e+00
4.716999929804245885e-06,2.400000035762786865e+00
4.717499929790104919e-06,2.200000032782554626e+00
4.717999929775963953e-06,2.000000029802322388e+00
4.718499929761822988e-06,2.000000029802322388e+00
4.718999929747682022e-06,1.800000026822090149e+00
4.719499929733541056e-06,1.600000023841857910e+00
4.719999929719400090e-06,1.600000023841857910e+00
4.720499929705259125e-06,1.400000020861625671e+00
4.720999929691118159e-06,1.200000017881393433e+00
4.721499929676977193e-06,1.000000014901161194e+00
4.721999929662836228e-06,1.000000014901161194e+00
4.722499929648695262e-06,8.000000119209289551e-01
4.722999929634554296e-06,6.000000089406967163e-01
4.723499929620413330e-06,4.000000059604644775e-01
4.723999929606272365e-06,4.000000059604644775e-01
4.724499929592131399e-06,2.000000029802322388e-01
4.724999929577990433e-06,0.000000000000000000e+00
4.725499929563849467e-06,-2.000000029802322388e-01
4.725999929549708502e-06,-4.000000059604644775e-01
4.726499929535567536e-06,-6.000000089406967163e-01
4.726999929521426570e-06,-6.000000089406967163e-01
4.727499929507285605e-06,-8.000000119209289551e-01
4.727999929493144639e-06,-1.000000014901161194e+00
4.728499929479003673e-06,-1.200000017881393433e+00
4.728999929464862707e-06,-1.200000017881393433e+00
4.729499929450721742e-06,-1.400000020861625671e+00
4.729999929436580776e-06,-1.600000023841857910e+00
4.730499929422439810e-06,-1.800000026822090149e+00
4.730999929408298844e-06,-2.000000029802322388e+00
4.731499929394157879e-06,-2.000000029802322388e+00
4.731999929380016913e-06,-2.200000032782554626e+00
4.732499929365875947e-06,-2.400000035762786865e+00
4.732999929351734981e-06,-2.400000035762786865e+00
4.733499929337594016e-06,-2.600000038743019104e+00
4.733999929323453050e-06,-2.800000041723251343e+00
4.734499929309312084e-06,-2.800000041723251343e+00
4.734999929295171119e-06,-3.000000044703483582e+00
4.735499929281030153e-06,-3.200000047683715820e+00
4.735999929266889187e-06,-3.400000050663948059e+00
4.736499929252748221e-06,-3.400000050663948059e+00
4.736999929238607256e-06,-3.400000050663948059e+00
4.737499929224466290e-06,-3.600000053644180298e+00
4.737999929210325324e-06,-3.600000053644180298e+00
4.738499929196184358e-06,-3.800000056624412537e+00
4.738999929182043393e-06,-4.000000059604644775e+00
4.739499929167902427e-06,-4.000000059604644775e+00
4.739999929153761461e-06,-4.200000062584877014e+00
4.740499929139620495e-06,-4.200000062584877014e+00
4.740999929125479530e-06,-4.400000065565109253e+00
4.741499929111338564e-06,-4.400000065565109253e+00
4.741999929097197598e-06,-4.400000065565109253e+00
4.742499929083056633e-06,-4.600000068545341492e+00
4.742999929068915667e-06,-4.600000068545341492e+00
4.743499929054774701e-06,-4.800000071525573730e+00
4.743999929040633735e-06,-4.800000071525573730e+00
4.744499929026492770e-06,-4.800000071525573730e+00
4.744999929012351804e-06,-4.800000071525573730e+00
4.745499928998210838e-06,-5.000000074505805969e+00
4.745999928984069872e-06,-5.000000074505805969e+00
4.746499928969928907e-06,-5.000000074505805969e+00
4.746999928955787941e-06,-5.000000074505805969e+00
4.747499928941646975e-06,-5.000000074505805969e+00
4.747999928927506010e-06,-5.000000074505805969e+00
4.748499928913365044e-06,-5.000000074505805969e+00
4.748999928899224078e-06,-5.000000074505805969e+00
4.749499928885083112e-06,-5.000000074505805969e+00
4.749999928870942147e-06,-5.000000074505805969e+00
4.750499928856801181e-06,-5.000000074505805969e+00
4.750999928842660215e-06,-5.000000074505805969e+00
4.751499928828519249e-06,-5.000000074505805969e+00
4.751999928814378284e-06,-5.000000074505805969e+00
4.752499928800237318e-06,-5.000000074505805969e+00
4.752999928786096352e-06,-5.000000074505805969e+00
4.753499928771955386e-06,-5.000000074505805969e+00
4.753999928757814421e-06,-5.000000074505805969e+00
4.754499928743673455e-06,-5.000000074505805969e+00
4.754999928729532489e-06,-4.800000071525573730e+00
4.755499928715391524e-06,-4.800000071525573730e+00
4.755999928701250558e-06,-4.600000068545341492e+00
4.756499928687109592e-06,-4.600000068545341492e+00
4.756999928672968626e-06,-4.000000059604644775e+00
4.757499928658827661e-06,-2.400000035762786865e+00
4.757999928644686695e-06,-6.000000089406967163e-01
4.758499928630545729e-06,6.000000089406967163e-01
4.758999928616404763e-06,1.000000014901161194e+00
4.759499928602263798e-06,8.000000119209289551e-01
4.759999928588122832e-06,8.000000119209289551e-01
4.760499928573981866e-06,6.000000089406967163e-01
4.760999928559840900e-06,6.000000089406967163e-01
4.761499928545699935e-06,6.000000089406967163e-01
4.761999928531558969e-06,6.000000089406967163e-01
4.762499928517418003e-06,6.000000089406967163e-01
4.762999928503277038e-06,6.000000089406967163e-01
4.763499928489136072e-06,6.000000089406967163e-01
4.763999928474995106e-06,6.000000089406967163e-01
4.764499928460854140e-06,6.000000089406967163e-01
4.764999928446713175e-06,6.000000089406967163e-01
4.765499928432572209e-06,6.000000089406967163e-01
4.765999928418431243e-06,6.000000089406967163e-01
4.766499928404290277e-06,6.000000089406967163e-01
4.766999928390149312e-06,6.000000089406967163e-01
4.767499928376008346e-06,4.000000059604644775e-01
4.767999928361867380e-06,4.000000059604644775e-01
4.768499928347726415e-06,4.000000059604644775e-01
4.768999928333585449e-06,4.000000059604644775e-01
4.769499928319444483e-06,4.000000059604644775e-01
4.769999928305303517e-06,4.000000059604644775e-01
4.770499928291162552e-06,4.000000059604644775e-01
4.770999928277021586e-06,4.000000059604644775e-01
4.771499928262880620e-06,4.000000059604644775e-01
4.771999928248739654e-06,4.000000059604644775e-01
4.772499928234598689e-06,4.000000059604644775e-01
4.772999928220457723e-06,4.000000059604644775e-01
4.773499928206316757e-06,4.000000059604644775e-01
4.773999928192175791e-06,4.000000059604644775e-01
4.774499928178034826e-06,4.000000059604644775e-01
4.774999928163893860e-06,4.000000059604644775e-01
4.775499928149752894e-06,4.000000059604644775e-01
4.775999928135611929e-06,4.000000059604644775e-01
4.776499928121470963e-06,4.000000059604644775e-01
4.776999928107329997e-06,4.000000059604644775e-01
4.777499928093189031e-06,4.000000059604644775e-01
4.777999928079048066e-06,4.000000059604644775e-01
4.778499928064907100e-06,2.000000029802322388e-01
4.778999928050766134e-06,4.000000059604644775e-01
4.779499928036625168e-06,4.000000059604644775e-01
4.779999928022484203e-06,2.000000029802322388e-01
4.780499928008343237e-06,4.000000059604644775e-01
4.780999927994202271e-06,4.000000059604644775e-01
4.781499927980061305e-06,2.000000029802322388e-01
4.781999927965920340e-06,4.000000059604644775e-01
4.782499927951779374e-06,4.000000059604644775e-01
4.782999927937638408e-06,4.000000059604644775e-01
4.783499927923497443e-06,4.000000059604644775e-01
4.783999927909356477e-06,4.000000059604644775e-01
4.784499927895215511e-06,4.000000059604644775e-01
4.784999927881074545e-06,4.000000059604644775e-01
4.785499927866933580e-06,2.000000029802322388e-01
4.785999927852792614e-06,2.000000029802322388e-01
4.786499927838651648e-06,2.000000029802322388e-01
4.786999927824510682e-06,4.000000059604644775e-01
4.787499927810369717e-06,2.000000029802322388e-01
4.787999927796228751e-06,4.000000059604644775e-01
4.788499927782087785e-06,4.000000059604644775e-01
4.788999927767946820e-06,4.000000059604644775e-01
4.789499927753805854e-06,2.000000029802322388e-01
4.789999927739664888e-06,2.000000029802322388e-01
4.790499927725523922e-06,2.000000029802322388e-01
4.790999927711382957e-06,4.000000059604644775e-01
4.791499927697241991e-06,4.000000059604644775e-01
4.791999927683101025e-06,2.000000029802322388e-01
4.792499927668960059e-06,4.000000059604644775e-01
4.792999927654819094e-06,4.000000059604644775e-01
4.793499927640678128e-06,2.000000029802322388e-01
4.793999927626537162e-06,2.000000029802322388e-01
4.794499927612396196e-06,2.000000029802322388e-01
4.794999927598255231e-06,2.000000029802322388e-01
4.795499927584114265e-06,2.000000029802322388e-01
4.795999927569973299e-06,2.000000029802322388e-01
4.796499927555832334e-06,2.000000029802322388e-01
4.796999927541691368e-06,2.000000029802322388e-01
4.797499927527550402e-06,2.000000029802322388e-01
4.797999927513409436e-06,2.000000029802322388e-01
4.798499927499268471e-06,2.000000029802322388e-01
4.798999927485127505e-06,4.000000059604644775e-01
4.799499927470986539e-06,2.000000029802322388e-01
4.799999927456845573e-06,4.000000059604644775e-01
4.800499927442704608e-06,4.000000059604644775e-01
4.800999927428563642e-06,4.000000059604644775e-01
4.801499927414422676e-06,2.000000029802322388e-01
4.801999927400281710e-06,2.000000029802322388e-01
4.802499927386140745e-06,2.000000029802322388e-01
4.802999927371999779e-06,4.000000059604644775e-01
4.803499927357858813e-06,2.000000029802322388e-01
4.803999927343717848e-06,2.000000029802322388e-01
4.804499927329576882e-06,2.000000029802322388e-01
4.804999927315435916e-06,2.000000029802322388e-01
4.805499927301294950e-06,2.000000029802322388e-01
4.805999927287153985e-06,2.000000029802322388e-01
4.806499927273013019e-06,2.000000029802322388e-01
4.806999927258872053e-06,2.000000029802322388e-01
4.807499927244731087e-06,2.000000029802322388e-01
4.807999927230590122e-06,2.000000029802322388e-01
4.808499927216449156e-06,2.000000029802322388e-01
4.808999927202308190e-06,2.000000029802322388e-01
4.809499927188167225e-06,2.000000029802322388e-01
4.809999927174026259e-06,2.000000029802322388e-01
4.810499927159885293e-06,2.000000029802322388e-01
4.810999927145744327e-06,2.000000029802322388e-01
4.811499927131603362e-06,2.000000029802322388e-01
4.811999927117462396e-06,2.000000029802322388e-01
4.812499927103321430e-06,2.000000029802322388e-01
4.812999927089180464e-06,2.000000029802322388e-01
4.813499927075039499e-06,2.000000029802322388e-01
4.813999927060898533e-06,2.000000029802322388e-01
4.814499927046757567e-06,2.000000029802322388e-01
4.814999927032616601e-06,2.000000029802322388e-01
4.815499927018475636e-06,2.000000029802322388e-01
4.815999927004334670e-06,2.000000029802322388e-01
4.816499926990193704e-06,2.000000029802322388e-01
4.816999926976052739e-06,2.000000029802322388e-01
4.817499926961911773e-06,2.000000029802322388e-01
4.817999926947770807e-06,2.000000029802322388e-01
4.818499926933629841e-06,2.000000029802322388e-01
4.818999926919488876e-06,2.000000029802322388e-01
4.819499926905347910e-06,2.000000029802322388e-01
4.819999926891206944e-06,2.000000029802322388e-01
4.820499926877065978e-06,2.000000029802322388e-01
4.820999926862925013e-06,2.000000029802322388e-01
4.821499926848784047e-06,2.000000029802322388e-01
4.821999926834643081e-06,2.000000029802322388e-01
4.822499926820502115e-06,2.000000029802322388e-01
4.822999926806361150e-06,2.000000029802322388e-01
4.823499926792220184e-06,2.000000029802322388e-01
4.823999926778079218e-06,2.000000029802322388e-01
4.824499926763938253e-06,2.000000029802322388e-01
4.824999926749797287e-06,2.000000029802322388e-01
4.825499926735656321e-06,2.000000029802322388e-01
4.825999926721515355e-06,2.000000029802322388e-01
4.826499926707374390e-06,2.000000029802322388e-01
4.826999926693233424e-06,2.000000029802322388e-01
4.827499926679092458e-06,2.000000029802322388e-01
4.827999926664951492e-06,2.000000029802322388e-01
4.828499926650810527e-06,2.000000029802322388e-01
4.828999926636669561e-06,2.000000029802322388e-01
4.829499926622528595e-06,2.000000029802322388e-01
4.829999926608387630e-06,2.000000029802322388e-01
4.830499926594246664e-06,2.000000029802322388e-01
4.830999926580105698e-06,2.000000029802322388e-01
4.831499926565964732e-06,2.000000029802322388e-01
4.831999926551823767e-06,2.000000029802322388e-01
4.832499926537682801e-06,2.000000029802322388e-01
4.832999926523541835e-06,2.000000029802322388e-01
4.833499926509400869e-06,2.000000029802322388e-01
4.833999926495259904e-06,2.000000029802322388e-01
4.834499926481118938e-06,2.000000029802322388e-01
4.834999926466977972e-06,2.000000029802322388e-01
4.835499926452837006e-06,2.000000029802322388e-01
4.835999926438696041e-06,2.000000029802322388e-01
4.836499926424555075e-06,2.000000029802322388e-01
4.836999926410414109e-06,2.000000029802322388e-01
4.837499926396273144e-06,2.000000029802322388e-01
4.837999926382132178e-06,2.000000029802322388e-01
4.838499926367991212e-06,2.000000029802322388e-01
4.838999926353850246e-06,2.000000029802322388e-01
4.839499926339709281e-06,2.000000029802322388e-01
4.839999926325568315e-06,2.000000029802322388e-01
4.840499926311427349e-06,2.000000029802322388e-01
4.840999926297286383e-06,2.000000029802322388e-01
4.841499926283145418e-06,2.000000029802322388e-01
4.841999926269004452e-06,2.000000029802322388e-01
4.842499926254863486e-06,2.000000029802322388e-01
4.842999926240722520e-06,2.000000029802322388e-01
4.843499926226581555e-06,2.000000029802322388e-01
4.843999926212440589e-06,2.000000029802322388e-01
4.844499926198299623e-06,2.000000029802322388e-01
4.844999926184158658e-06,2.000000029802322388e-01
4.845499926170017692e-06,0.000000000000000000e+00
4.845999926155876726e-06,2.000000029802322388e-01
4.846499926141735760e-06,2.000000029802322388e-01
4.846999926127594795e-06,2.000000029802322388e-01
4.847499926113453829e-06,2.000000029802322388e-01
4.847999926099312863e-06,2.000000029802322388e-01
4.848499926085171897e-06,2.000000029802322388e-01
4.848999926071030932e-06,2.000000029802322388e-01
4.849499926056889966e-06,2.000000029802322388e-01
4.849999926042749000e-06,2.000000029802322388e-01
4.850499926028608035e-06,2.000000029802322388e-01
4.850999926014467069e-06,2.000000029802322388e-01
4.851499926000326103e-06,2.000000029802322388e-01
4.851999925986185137e-06,2.000000029802322388e-01
4.852499925972044172e-06,2.000000029802322388e-01
4.852999925957903206e-06,2.000000029802322388e-01
4.853499925943762240e-06,2.000000029802322388e-01
4.853999925929621274e-06,2.000000029802322388e-01
4.854499925915480309e-06,2.000000029802322388e-01
4.854999925901339343e-06,2.000000029802322388e-01
4.855499925887198377e-06,2.000000029802322388e-01
4.855999925873057411e-06,0.000000000000000000e+00
4.856499925858916446e-06,2.000000029802322388e-01
4.856999925844775480e-06,2.000000029802322388e-01
4.857499925830634514e-06,2.000000029802322388e-01
4.857999925816493549e-06,2.000000029802322388e-01
4.858499925802352583e-06,2.000000029802322388e-01
4.858999925788211617e-06,2.000000029802322388e-01
4.859499925774070651e-06,0.000000000000000000e+00
4.859999925759929686e-06,2.000000029802322388e-01
4.860499925745788720e-06,2.000000029802322388e-01
4.860999925731647754e-06,2.000000029802322388e-01
4.861499925717506788e-06,2.000000029802322388e-01
4.861999925703365823e-06,2.000000029802322388e-01
4.862499925689224857e-06,2.000000029802322388e-01
4.862999925675083891e-06,2.000000029802322388e-01
4.863499925660942925e-06,0.000000000000000000e+00
4.863999925646801960e-06,2.000000029802322388e-01
4.864499925632660994e-06,2.000000029802322388e-01
4.864999925618520028e-06,2.000000029802322388e-01
4.865499925604379063e-06,2.000000029802322388e-01
4.865999925590238097e-06,2.000000029802322388e-01
4.866499925576097131e-06,0.000000000000000000e+00
4.866999925561956165e-06,0.000000000000000000e+00
4.867499925547815200e-06,0.000000000000000000e+00
4.867999925533674234e-06,2.000000029802322388e-01
4.868499925519533268e-06,2.000000029802322388e-01
4.868999925505392302e-06,2.000000029802322388e-01
4.869499925491251337e-06,2.000000029802322388e-01
4.869999925477110371e-06,2.000000029802322388e-01
4.870499925462969405e-06,0.000000000000000000e+00
4.870999925448828440e-06,0.000000000000000000e+00
4.871499925434687474e-06,0.000000000000000000e+00
4.871999925420546508e-06,0.000000000000000000e+00
4.872499925406405542e-06,2.000000029802322388e-01
4.872999925392264577e-06,2.000000029802322388e-01
4.873499925378123611e-06,2.000000029802322388e-01
4.873999925363982645e-06,2.000000029802322388e-01
4.874499925349841679e-06,2.000000029802322388e-01
4.874999925335700714e-06,2.000000029802322388e-01
4.875499925321559748e-06,2.000000029802322388e-01
4.875999925307418782e-06,2.000000029802322388e-01
4.876499925293277816e-06,0.000000000000000000e+00
4.876999925279136851e-06,0.000000000000000000e+00
4.877499925264995885e-06,0.000000000000000000e+00
4.877999925250854919e-06,2.000000029802322388e-01
4.878499925236713954e-06,2.000000029802322388e-01
4.878999925222572988e-06,2.000000029802322388e-01
4.879499925208432022e-06,2.000000029802322388e-01
4.879999925194291056e-06,0.000000000000000000e+00
4.880499925180150091e-06,0.000000000000000000e+00
4.880999925166009125e-06,2.000000029802322388e-01
4.881499925151868159e-06,2.000000029802322388e-01
4.881999925137727193e-06,2.000000029802322388e-01
4.882499925123586228e-06,2.000000029802322388e-01
4.882999925109445262e-06,2.000000029802322388e-01
4.883499925095304296e-06,0.000000000000000000e+00
4.883999925081163330e-06,2.000000029802322388e-01
4.884499925067022365e-06,2.000000029802322388e-01
4.884999925052881399e-06,2.000000029802322388e-01
4.885499925038740433e-06,2.000000029802322388e-01
4.885999925024599468e-06,2.000000029802322388e-01
4.886499925010458502e-06,2.000000029802322388e-01
4.886999924996317536e-06,0.000000000000000000e+00
4.887499924982176570e-06,0.000000000000000000e+00
4.887999924968035605e-06,0.000000000000000000e+00
4.888499924953894639e-06,0.000000000000000000e+00
4.888999924939753673e-06,2.000000029802322388e-01
4.889499924925612707e-06,0.000000000000000000e+00
4.889999924911471742e-06,0.000000000000000000e+00
4.890499924897330776e-06,0.000000000000000000e+00
4.890999924883189810e-06,0.000000000000000000e+00
4.891499924869048845e-06,0.000000000000000000e+00
4.891999924854907879e-06,0.000000000000000000e+00
4.892499924840766913e-06,0.000000000000000000e+00
4.892999924826625947e-06,0.000000000000000000e+00
4.893499924812484982e-06,0.000000000000000000e+00
4.893999924798344016e-06,0.000000000000000000e+00
4.894499924784203050e-06,0.000000000000000000e+00
4.894999924770062084e-06,2.000000029802322388e-01
4.895499924755921119e-06,2.000000029802322388e-01
4.895999924741780153e-06,2.000000029802322388e-01
4.896499924727639187e-06,0.000000000000000000e+00
4.896999924713498221e-06,2.000000029802322388e-01
4.897499924699357256e-06,0.000000000000000000e+00
4.897999924685216290e-06,0.000000000000000000e+00
4.898499924671075324e-06,0.000000000000000000e+00
4.898999924656934359e-06,0.000000000000000000e+00
4.899499924642793393e-06,0.000000000000000000e+00
4.899999924628652427e-06,0.000000000000000000e+00
4.900499924614511461e-06,0.000000000000000000e+00
4.900999924600370496e-06,0.000000000000000000e+00
4.901499924586229530e-06,0.000000000000000000e+00
4.901999924572088564e-06,0.000000000000000000e+00
4.902499924557947598e-06,0.000000000000000000e+00
4.902999924543806633e-06,0.000000000000000000e+00
4.903499924529665667e-06,0.000000000000000000e+00
4.903999924515524701e-06,0.000000000000000000e+00
4.904499924501383735e-06,0.000000000000000000e+00
4.904999924487242770e-06,0.000000000000000000e+00
4.905499924473101804e-06,0.000000000000000000e+00
4.905999924458960838e-06,0.000000000000000000e+00
4.906499924444819873e-06,0.000000000000000000e+00
4.906999924430678907e-06,0.000000000000000000e+00
4.907499924416537941e-06,0.000000000000000000e+00
4.907999924402396975e-06,0.000000000000000000e+00
4.908499924388256010e-06,0.000000000000000000e+00
4.908999924374115044e-06,0.000000000000000000e+00
4.909499924359974078e-06,0.000000000000000000e+00
4.909999924345833112e-06,0.000000000000000000e+00
4.910499924331692147e-06,0.000000000000000000e+00
4.910999924317551181e-06,2.000000029802322388e-01
4.911499924303410215e-06,0.000000000000000000e+00
4.911999924289269250e-06,0.000000000000000000e+00
4.912499924275128284e-06,0.000000000000000000e+00
4.912999924260987318e-06,0.000000000000000000e+00
4.913499924246846352e-06,0.000000000000000000e+00
4.913999924232705387e-06,2.000000029802322388e-01
4.914499924218564421e-06,0.000000000000000000e+00
4.914999924204423455e-06,2.000000029802322388e-01
4.915499924190282489e-06,0.000000000000000000e+00
4.915999924176141524e-06,0.000000000000000000e+00
4.916499924162000558e-06,0.000000000000000000e+00
4.916999924147859592e-06,0.000000000000000000e+00
4.917499924133718626e-06,0.000000000000000000e+00
4.917999924119577661e-06,0.000000000000000000e+00
4.918499924105436695e-06,0.000000000000000000e+00
4.918999924091295729e-06,0.000000000000000000e+00
4.919499924077154764e-06,0.000000000000000000e+00
4.919999924063013798e-06,0.000000000000000000e+00
4.920499924048872832e-06,2.000000029802322388e-01
4.920999924034731866e-06,0.000000000000000000e+00
4.921499924020590901e-06,0.000000000000000000e+00
4.921999924006449935e-06,0.000000000000000000e+00
4.922499923992308969e-06,0.000000000000000000e+00
4.922999923978168003e-06,0.000000000000000000e+00
4.923499923964027038e-06,0.000000000000000000e+00
4.923999923949886072e-06,0.000000000000000000e+00
4.924499923935745106e-06,0.000000000000000000e+00
4.924999923921604140e-06,0.000000000000000000e+00
4.925499923907463175e-06,0.000000000000000000e+00
4.925999923893322209e-06,2.000000029802322388e-01
4.926499923879181243e-06,0.000000000000000000e+00
4.926999923865040278e-06,2.000000029802322388e-01
4.927499923850899312e-06,0.000000000000000000e+00
4.927999923836758346e-06,0.000000000000000000e+00
4.928499923822617380e-06,0.000000000000000000e+00
4.928999923808476415e-06,0.000000000000000000e+00
4.929499923794335449e-06,0.000000000000000000e+00
4.929999923780194483e-06,0.000000000000000000e+00
4.930499923766053517e-06,0.000000000000000000e+00
4.930999923751912552e-06,0.000000000000000000e+00
4.931499923737771586e-06,0.000000000000000000e+00
4.931999923723630620e-06,0.000000000000000000e+00
4.932499923709489655e-06,0.000000000000000000e+00
4.932999923695348689e-06,0.000000000000000000e+00
4.933499923681207723e-06,2.000000029802322388e-01
4.933999923667066757e-06,0.000000000000000000e+00
4.934499923652925792e-06,0.000000000000000000e+00
4.934999923638784826e-06,0.000000000000000000e+00
4.935499923624643860e-06,0.000000000000000000e+00
4.935999923610502894e-06,0.000000000000000000e+00
4.936499923596361929e-06,0.000000000000000000e+00
4.936999923582220963e-06,2.000000029802322388e-01
4.937499923568079997e-06,0.000000000000000000e+00
4.937999923553939031e-06,0.000000000000000000e+00
4.938499923539798066e-06,0.000000000000000000e+00
4.938999923525657100e-06,0.000000000000000000e+00
4.939499923511516134e-06,0.000000000000000000e+00
4.939999923497375169e-06,0.000000000000000000e+00
4.940499923483234203e-06,0.000000000000000000e+00
4.940999923469093237e-06,0.000000000000000000e+00
4.941499923454952271e-06,0.000000000000000000e+00
4.941999923440811306e-06,0.000000000000000000e+00
4.942499923426670340e-06,0.000000000000000000e+00
4.942999923412529374e-06,0.000000000000000000e+00
4.943499923398388408e-06,0.000000000000000000e+00
4.943999923384247443e-06,0.000000000000000000e+00
4.944499923370106477e-06,0.000000000000000000e+00
4.944999923355965511e-06,0.000000000000000000e+00
4.945499923341824545e-06,0.000000000000000000e+00
4.945999923327683580e-06,0.000000000000000000e+00
4.946499923313542614e-06,0.000000000000000000e+00
4.946999923299401648e-06,0.000000000000000000e+00
4.947499923285260683e-06,0.000000000000000000e+00
4.947999923271119717e-06,0.000000000000000000e+00
4.948499923256978751e-06,0.000000000000000000e+00
4.948999923242837785e-06,0.000000000000000000e+00
4.949499923228696820e-06,0.000000000000000000e+00
4.949999923214555854e-06,0.000000000000000000e+00
4.950499923200414888e-06,0.000000000000000000e+00
4.950999923186273922e-06,0.000000000000000000e+00
4.951499923172132957e-06,0.000000000000000000e+00
4.951999923157991991e-06,0.000000000000000000e+00
4.952499923143851025e-06,0.000000000000000000e+00
4.952999923129710060e-06,0.000000000000000000e+00
4.953499923115569094e-06,0.000000000000000000e+00
4.953999923101428128e-06,0.000000000000000000e+00
4.954499923087287162e-06,0.000000000000000000e+00
4.954999923073146197e-06,0.000000000000000000e+00
4.955499923059005231e-06,0.000000000000000000e+00
4.955999923044864265e-06,0.000000000000000000e+00
4.956499923030723299e-06,0.000000000000000000e+00
4.956999923016582334e-06,0.000000000000000000e+00
4.957499923002441368e-06,0.000000000000000000e+00
4.957999922988300402e-06,0.000000000000000000e+00
4.958499922974159436e-06,0.000000000000000000e+00
4.958999922960018471e-06,0.000000000000000000e+00
4.959499922945877505e-06,0.000000000000000000e+00
4.959999922931736539e-06,0.000000000000000000e+00
4.960499922917595574e-06,0.000000000000000000e+00
4.960999922903454608e-06,0.000000000000000000e+00
4.961499922889313642e-06,0.000000000000000000e+00
4.961999922875172676e-06,0.000000000000000000e+00
4.962499922861031711e-06,0.000000000000000000e+00
4.962999922846890745e-06,0.000000000000000000e+00
4.963499922832749779e-06,0.000000000000000000e+00
4.963999922818608813e-06,0.000000000000000000e+00
4.964499922804467848e-06,0.000000000000000000e+00
4.964999922790326882e-06,0.000000000000000000e+00
4.965499922776185916e-06,0.000000000000000000e+00
4.965999922762044950e-06,0.000000000000000000e+00
4.966499922747903985e-06,0.000000000000000000e+00
4.966999922733763019e-06,0.000000000000000000e+00
4.967499922719622053e-06,0.000000000000000000e+00
4.967999922705481088e-06,0.000000000000000000e+00
4.968499922691340122e-06,0.000000000000000000e+00
4.968999922677199156e-06,0.000000000000000000e+00
4.969499922663058190e-06,0.000000000000000000e+00
4.969999922648917225e-06,0.000000000000000000e+00
4.970499922634776259e-06,0.000000000000000000e+00
4.970999922620635293e-06,0.000000000000000000e+00
4.971499922606494327e-06,0.000000000000000000e+00
4.971999922592353362e-06,0.000000000000000000e+00
4.972499922578212396e-06,0.000000000000000000e+00
4.972999922564071430e-06,0.000000000000000000e+00
4.973499922549930465e-06,0.000000000000000000e+00
4.973999922535789499e-06,0.000000000000000000e+00
4.974499922521648533e-06,0.000000000000000000e+00
4.974999922507507567e-06,0.000000000000000000e+00
4.975499922493366602e-06,0.000000000000000000e+00
4.975999922479225636e-06,0.000000000000000000e+00
4.976499922465084670e-06,0.000000000000000000e+00
4.976999922450943704e-06,0.000000000000000000e+00
4.977499922436802739e-06,0.000000000000000000e+00
4.977999922422661773e-06,0.000000000000000000e+00
4.978499922408520807e-06,0.000000000000000000e+00
4.978999922394379841e-06,0.000000000000000000e+00
4.979499922380238876e-06,0.000000000000000000e+00
4.979999922366097910e-06,0.000000000000000000e+00
4.980499922351956944e-06,0.000000000000000000e+00
4.980999922337815979e-06,0.000000000000000000e+00
4.981499922323675013e-06,0.000000000000000000e+00
4.981999922309534047e-06,0.000000000000000000e+00
4.982499922295393081e-06,0.000000000000000000e+00
4.982999922281252116e-06,0.000000000000000000e+00
4.983499922267111150e-06,0.000000000000000000e+00
4.983999922252970184e-06,0.000000000000000000e+00
4.984499922238829218e-06,0.000000000000000000e+00
4.984999922224688253e-06,0.000000000000000000e+00
4.985499922210547287e-06,0.000000000000000000e+00
4.985999922196406321e-06,0.000000000000000000e+00
4.986499922182265355e-06,0.000000000000000000e+00
4.986999922168124390e-06,0.000000000000000000e+00
4.987499922153983424e-06,0.000000000000000000e+00
4.987999922139842458e-06,0.000000000000000000e+00
4.988499922125701493e-06,0.000000000000000000e+00
4.988999922111560527e-06,0.000000000000000000e+00
4.989499922097419561e-06,0.000000000000000000e+00
4.989999922083278595e-06,0.000000000000000000e+00
4.990499922069137630e-06,0.000000000000000000e+00
4.990999922054996664e-06,0.000000000000000000e+00
4.991499922040855698e-06,0.000000000000000000e+00
4.991999922026714732e-06,0.000000000000000000e+00
4.992499922012573767e-06,0.000000000000000000e+00
4.992999921998432801e-06,0.000000000000000000e+00
4.993499921984291835e-06,0.000000000000000000e+00
4.993999921970150870e-06,0.000000000000000000e+00
4.994499921956009904e-06,4.000000059604644775e-01
4.994999921941868938e-06,1.400000020861625671e+00
4.995499921927727972e-06,3.000000044703483582e+00
4.995999921913587007e-06,4.400000065565109253e+00
4.996499921899446041e-06,4.800000071525573730e+00
4.996999921885305075e-06,5.000000074505805969e+00
4.997499921871164109e-06,4.800000071525573730e+00
4.997999921857023144e-06,4.800000071525573730e+00
4.998499921842882178e-06,4.800000071525573730e+00
4.998999921828741212e-06,4.800000071525573730e+00
4.999499921814600246e-06,4.800000071525573730e+00
4.999999921800459281e-06,4.800000071525573730e+00
5.000499921786318315e-06,4.800000071525573730e+00
5.000999921772177349e-06,4.800000071525573730e+00
5.001499921758036384e-06,4.800000071525573730e+00
5.001999921743895418e-06,4.800000071525573730e+00
5.002499921729754452e-06,4.800000071525573730e+00
5.002999921715613486e-06,4.800000071525573730e+00
5.003499921701472521e-06,4.800000071525573730e+00
5.003999921687331555e-06,4.600000068545341492e+00
5.004499921673190589e-06,4.600000068545341492e+00
5.004999921659049623e-06,4.600000068545341492e+00
5.005499921644908658e-06,4.400000065565109253e+00
5.005999921630767692e-06,4.400000065565109253e+00
5.006499921616626726e-06,4.400000065565109253e+00
5.006999921602485760e-06,4.400000065565109253e+00
5.007499921588344795e-06,4.200000062584877014e+00
5.007999921574203829e-06,4.200000062584877014e+00
5.008499921560062863e-06,4.000000059604644775e+00
5.008999921545921898e-06,4.000000059604644775e+00
5.009499921531780932e-06,3.800000056624412537e+00
5.009999921517639966e-06,3.800000056624412537e+00
5.010499921503499000e-06,3.800000056624412537e+00
5.010999921489358035e-06,3.600000053644180298e+00
5.011499921475217069e-06,3.400000050663948059e+00
5.011999921461076103e-06,3.400000050663948059e+00
5.012499921446935137e-06,3.200000047683715820e+00
5.012999921432794172e-06,3.000000044703483582e+00
5.013499921418653206e-06,3.000000044703483582e+00
5.013999921404512240e-06,2.800000041723251343e+00
5.014499921390371275e-06,2.800000041723251343e+00
5.014999921376230309e-06,2.600000038743019104e+00
5.015499921362089343e-06,2.600000038743019104e+00
5.015999921347948377e-06,2.400000035762786865e+00
5.016499921333807412e-06,2.200000032782554626e+00
5.016999921319666446e-06,2.000000029802322388e+00
5.017499921305525480e-06,2.000000029802322388e+00
5.017999921291384514e-06,1.800000026822090149e+00
5.018499921277243549e-06,1.600000023841857910e+00
5.018999921263102583e-06,1.600000023841857910e+00
5.019499921248961617e-06,1.400000020861625671e+00
5.019999921234820651e-06,1.200000017881393433e+00
5.020499921220679686e-06,1.000000014901161194e+00
5.020999921206538720e-06,1.000000014901161194e+00
5.021499921192397754e-06,8.000000119209289551e-01
5.021999921178256789e-06,8.000000119209289551e-01
5.022499921164115823e-06,6.000000089406967163e-01
5.022999921149974857e-06,4.000000059604644775e-01
5.023499921135833891e-06,2.000000029802322388e-01
5.023999921121692926e-06,0.000000000000000000e+00
5.024499921107551960e-06,-2.000000029802322388e-01
5.024999921093410994e-06,-4.000000059604644775e-01
5.025499921079270028e-06,-6.000000089406967163e-01
5.025999921065129063e-06,-6.000000089406967163e-01
5.026499921050988097e-06,-8.000000119209289551e-01
5.026999921036847131e-06,-8.000000119209289551e-01
5.027499921022706165e-06,-1.000000014901161194e+00
5.027999921008565200e-06,-1.200000017881393433e+00
5.028499920994424234e-06,-1.400000020861625671e+00
5.028999920980283268e-06,-1.600000023841857910e+00
5.029499920966142303e-06,-1.800000026822090149e+00
5.029999920952001337e-06,-2.000000029802322388e+00
5.030499920937860371e-06,-2.000000029802322388e+00
5.030999920923719405e-06,-2.200000032782554626e+00
5.031499920909578440e-06,-2.400000035762786865e+00
5.031999920895437474e-06,-2.400000035762786865e+00
5.032499920881296508e-06,-2.600000038743019104e+00
5.032999920867155542e-06,-2.800000041723251343e+00
5.033499920853014577e-06,-2.800000041723251343e+00
5.033999920838873611e-06,-3.000000044703483582e+00
5.034499920824732645e-06,-3.200000047683715820e+00
5.034999920810591680e-06,-3.200000047683715820e+00
5.035499920796450714e-06,-3.400000050663948059e+00
5.035999920782309748e-06,-3.600000053644180298e+00
5.036499920768168782e-06,-3.600000053644180298e+00
5.036999920754027817e-06,-3.800000056624412537e+00
5.037499920739886851e-06,-3.800000056624412537e+00
5.037999920725745885e-06,-4.000000059604644775e+00
5.038499920711604919e-06,-4.000000059604644775e+00
5.038999920697463954e-06,-4.200000062584877014e+00
5.039499920683322988e-06,-4.400000065565109253e+00
5.039999920669182022e-06,-4.400000065565109253e+00
5.040499920655041056e-06,-4.400000065565109253e+00
5.040999920640900091e-06,-4.600000068545341492e+00
5.041499920626759125e-06,-4.600000068545341492e+00
5.041999920612618159e-06,-4.800000071525573730e+00
5.042499920598477194e-06,-4.800000071525573730e+00
5.042999920584336228e-06,-4.800000071525573730e+00
5.043499920570195262e-06,-5.000000074505805969e+00
5.043999920556054296e-06,-5.000000074505805969e+00
5.044499920541913331e-06,-5.000000074505805969e+00
5.044999920527772365e-06,-5.000000074505805969e+00
5.045499920513631399e-06,-5.200000077486038208e+00
5.045999920499490433e-06,-5.200000077486038208e+00
5.046499920485349468e-06,-5.200000077486038208e+00
5.046999920471208502e-06,-5.200000077486038208e+00
5.047499920457067536e-06,-5.200000077486038208e+00
5.047999920442926570e-06,-5.200000077486038208e+00
5.048499920428785605e-06,-5.400000080466270447e+00
5.048999920414644639e-06,-5.200000077486038208e+00
5.049499920400503673e-06,-5.400000080466270447e+00
5.049999920386362708e-06,-5.200000077486038208e+00
5.050499920372221742e-06,-5.400000080466270447e+00
5.050999920358080776e-06,-5.400000080466270447e+00
5.051499920343939810e-06,-5.400000080466270447e+00
5.051999920329798845e-06,-5.200000077486038208e+00
5.052499920315657879e-06,-5.200000077486038208e+00
5.052999920301516913e-06,-5.200000077486038208e+00
5.053499920287375947e-06,-5.200000077486038208e+00
5.053999920273234982e-06,-5.200000077486038208e+00
5.054499920259094016e-06,-5.200000077486038208e+00
5.054999920244953050e-06,-5.000000074505805969e+00
5.055499920230812085e-06,-5.000000074505805969e+00
5.055999920216671119e-06,-5.000000074505805969e+00
5.056499920202530153e-06,-4.800000071525573730e+00
5.056999920188389187e-06,-4.800000071525573730e+00
5.057499920174248222e-06,-4.800000071525573730e+00
5.057999920160107256e-06,-4.600000068545341492e+00
5.058499920145966290e-06,-4.600000068545341492e+00
5.058999920131825324e-06,-4.400000065565109253e+00
5.059499920117684359e-06,-4.400000065565109253e+00
5.059999920103543393e-06,-4.400000065565109253e+00
5.060499920089402427e-06,-4.200000062584877014e+00
5.060999920075261461e-06,-4.200000062584877014e+00
5.061499920061120496e-06,-4.000000059604644775e+00
5.061999920046979530e-06,-3.800000056624412537e+00
5.062499920032838564e-06,-3.800000056624412537e+00
5.062999920018697599e-06,-3.600000053644180298e+00
5.063499920004556633e-06,-3.600000053644180298e+00
5.063999919990415667e-06,-3.400000050663948059e+00
5.064499919976274701e-06,-3.400000050663948059e+00
5.064999919962133736e-06,-3.200000047683715820e+00
5.065499919947992770e-06,-3.000000044703483582e+00
5.065999919933851804e-06,-2.800000041723251343e+00
5.066499919919710838e-06,-2.800000041723251343e+00
5.066999919905569873e-06,-2.600000038743019104e+00
5.067499919891428907e-06,-2.400000035762786865e+00
5.067999919877287941e-06,-2.200000032782554626e+00
5.068499919863146975e-06,-2.200000032782554626e+00
5.068999919849006010e-06,-2.000000029802322388e+00
5.069499919834865044e-06,-2.000000029802322388e+00
5.069999919820724078e-06,-1.800000026822090149e+00
5.070499919806583113e-06,-1.600000023841857910e+00
5.070999919792442147e-06,-1.400000020861625671e+00
5.071499919778301181e-06,-1.200000017881393433e+00
5.071999919764160215e-06,-1.000000014901161194e+00
5.072499919750019250e-06,-1.000000014901161194e+00
5.072999919735878284e-06,-8.000000119209289551e-01
5.073499919721737318e-06,-6.000000089406967163e-01
5.073999919707596352e-06,-4.000000059604644775e-01
5.074499919693455387e-06,-4.000000059604644775e-01
5.074999919679314421e-06,0.000000000000000000e+00
5.075499919665173455e-06,0.000000000000000000e+00
5.075999919651032490e-06,2.000000029802322388e-01
5.076499919636891524e-06,4.000000059604644775e-01
5.076999919622750558e-06,4.000000059604644775e-01
5.077499919608609592e-06,6.000000089406967163e-01
5.077999919594468627e-06,8.000000119209289551e-01
5.078499919580327661e-06,1.000000014901161194e+00
5.078999919566186695e-06,1.200000017881393433e+00
5.079499919552045729e-06,1.400000020861625671e+00
5.079999919537904764e-06,1.400000020861625671e+00
5.080499919523763798e-06,1.600000023841857910e+00
5.080999919509622832e-06,1.800000026822090149e+00
5.081499919495481866e-06,2.000000029802322388e+00
5.081999919481340901e-06,2.000000029802322388e+00
5.082499919467199935e-06,2.200000032782554626e+00
5.082999919453058969e-06,2.200000032782554626e+00
5.083499919438918004e-06,2.400000035762786865e+00
5.083999919424777038e-06,2.600000038743019104e+00
5.084499919410636072e-06,2.600000038743019104e+00
5.084999919396495106e-06,3.000000044703483582e+00
5.085499919382354141e-06,3.000000044703483582e+00
5.085999919368213175e-06,3.200000047683715820e+00
5.086499919354072209e-06,3.200000047683715820e+00
5.086999919339931243e-06,3.400000050663948059e+00
5.087499919325790278e-06,3.400000050663948059e+00
5.087999919311649312e-06,3.600000053644180298e+00
5.088499919297508346e-06,3.600000053644180298e+00
5.088999919283367380e-06,3.800000056624412537e+00
5.089499919269226415e-06,3.800000056624412537e+00
5.089999919255085449e-06,4.000000059604644775e+00
5.090499919240944483e-06,4.000000059604644775e+00
5.090999919226803518e-06,4.200000062584877014e+00
5.091499919212662552e-06,4.200000062584877014e+00
5.091999919198521586e-06,4.400000065565109253e+00
5.092499919184380620e-06,4.400000065565109253e+00
5.092999919170239655e-06,4.600000068545341492e+00
5.093499919156098689e-06,4.600000068545341492e+00
5.093999919141957723e-06,4.600000068545341492e+00
5.094499919127816757e-06,4.600000068545341492e+00
5.094999919113675792e-06,4.800000071525573730e+00
5.095499919099534826e-06,4.800000071525573730e+00
5.095999919085393860e-06,4.800000071525573730e+00
5.096499919071252895e-06,4.800000071525573730e+00
5.096999919057111929e-06,4.800000071525573730e+00
5.097499919042970963e-06,5.000000074505805969e+00
5.097999919028829997e-06,5.000000074505805969e+00
5.098499919014689032e-06,5.000000074505805969e+00
5.098999919000548066e-06,5.000000074505805969e+00
5.099499918986407100e-06,5.000000074505805969e+00
5.099999918972266134e-06,5.000000074505805969e+00
5.100499918958125169e-06,5.000000074505805969e+00
5.100999918943984203e-06,5.000000074505805969e+00
5.101499918929843237e-06,5.000000074505805969e+00
5.101999918915702271e-06,5.000000074505805969e+00
5.102499918901561306e-06,5.000000074505805969e+00
5.102999918887420340e-06,5.000000074505805969e+00
5.103499918873279374e-06,4.800000071525573730e+00
5.103999918859138409e-06,4.800000071525573730e+00
5.104499918844997443e-06,4.800000071525573730e+00
5.104999918830856477e-06,4.800000071525573730e+00
5.105499918816715511e-06,4.600000068545341492e+00
5.105999918802574546e-06,4.600000068545341492e+00
5.106499918788433580e-06,4.600000068545341492e+00
5.106999918774292614e-06,4.600000068545341492e+00
5.107499918760151648e-06,4.400000065565109253e+00
5.107999918746010683e-06,4.400000065565109253e+00
5.108499918731869717e-06,4.200000062584877014e+00
5.108999918717728751e-06,4.200000062584877014e+00
5.109499918703587785e-06,4.200000062584877014e+00
5.109999918689446820e-06,4.000000059604644775e+00
5.110499918675305854e-06,4.000000059604644775e+00
5.110999918661164888e-06,3.800000056624412537e+00
5.111499918647023923e-06,3.800000056624412537e+00
5.111999918632882957e-06,3.600000053644180298e+00
5.112499918618741991e-06,3.400000050663948059e+00
5.112999918604601025e-06,3.400000050663948059e+00
5.113499918590460060e-06,3.200000047683715820e+00
5.113999918576319094e-06,3.200000047683715820e+00
5.114499918562178128e-06,3.000000044703483582e+00
5.114999918548037162e-06,2.800000041723251343e+00
5.115499918533896197e-06,2.800000041723251343e+00
5.115999918519755231e-06,2.600000038743019104e+00
5.116499918505614265e-06,2.600000038743019104e+00
5.116999918491473300e-06,2.400000035762786865e+00
5.117499918477332334e-06,2.200000032782554626e+00
5.117999918463191368e-06,2.000000029802322388e+00
5.118499918449050402e-06,1.800000026822090149e+00
5.118999918434909437e-06,1.800000026822090149e+00
5.119499918420768471e-06,1.600000023841857910e+00
5.119999918406627505e-06,1.400000020861625671e+00
5.120499918392486539e-06,1.400000020861625671e+00
5.120999918378345574e-06,1.200000017881393433e+00
5.121499918364204608e-06,1.000000014901161194e+00
5.121999918350063642e-06,1.000000014901161194e+00
5.122499918335922676e-06,8.000000119209289551e-01
5.122999918321781711e-06,6.000000089406967163e-01
5.123499918307640745e-06,4.000000059604644775e-01
5.123999918293499779e-06,2.000000029802322388e-01
5.124499918279358814e-06,0.000000000000000000e+00
5.124999918265217848e-06,0.000000000000000000e+00
5.125499918251076882e-06,-2.000000029802322388e-01
5.125999918236935916e-06,-4.000000059604644775e-01
5.126499918222794951e-06,-4.000000059604644775e-01
5.126999918208653985e-06,-6.000000089406967163e-01
5.127499918194513019e-06,-8.000000119209289551e-01
5.127999918180372053e-06,-1.000000014901161194e+00
5.128499918166231088e-06,-1.200000017881393433e+00
5.128999918152090122e-06,-1.200000017881393433e+00
5.129499918137949156e-06,-1.400000020861625671e+00
5.129999918123808190e-06,-1.600000023841857910e+00
5.130499918109667225e-06,-1.800000026822090149e+00
5.130999918095526259e-06,-2.000000029802322388e+00
5.131499918081385293e-06,-2.000000029802322388e+00
5.131999918067244328e-06,-2.200000032782554626e+00
5.132499918053103362e-06,-2.400000035762786865e+00
5.132999918038962396e-06,-2.400000035762786865e+00
5.133499918024821430e-06,-2.600000038743019104e+00
5.133999918010680465e-06,-2.800000041723251343e+00
5.134499917996539499e-06,-2.800000041723251343e+00
5.134999917982398533e-06,-3.000000044703483582e+00
5.135499917968257567e-06,-3.200000047683715820e+00
5.135999917954116602e-06,-3.200000047683715820e+00
5.136499917939975636e-06,-3.400000050663948059e+00
5.136999917925834670e-06,-3.600000053644180298e+00
5.137499917911693705e-06,-3.600000053644180298e+00
5.137999917897552739e-06,-3.800000056624412537e+00
5.138499917883411773e-06,-3.800000056624412537e+00
5.138999917869270807e-06,-4.000000059604644775e+00
5.139499917855129842e-06,-4.000000059604644775e+00
5.139999917840988876e-06,-4.200000062584877014e+00
5.140499917826847910e-06,-4.200000062584877014e+00
5.140999917812706944e-06,-4.400000065565109253e+00
5.141499917798565979e-06,-4.400000065565109253e+00
5.141999917784425013e-06,-4.600000068545341492e+00
5.142499917770284047e-06,-4.600000068545341492e+00
5.142999917756143081e-06,-4.600000068545341492e+00
5.143499917742002116e-06,-4.800000071525573730e+00
5.143999917727861150e-06,-4.800000071525573730e+00
5.144499917713720184e-06,-4.800000071525573730e+00
5.144999917699579219e-06,-4.800000071525573730e+00
5.145499917685438253e-06,-5.000000074505805969e+00
5.145999917671297287e-06,-5.000000074505805969e+00
5.146499917657156321e-06,-5.000000074505805969e+00
5.146999917643015356e-06,-5.000000074505805969e+00
5.147499917628874390e-06,-5.000000074505805969e+00
5.147999917614733424e-06,-5.000000074505805969e+00
5.148499917600592458e-06,-5.200000077486038208e+00
5.148999917586451493e-06,-5.000000074505805969e+00
5.149499917572310527e-06,-5.200000077486038208e+00
5.149999917558169561e-06,-5.200000077486038208e+00
5.150499917544028595e-06,-5.200000077486038208e+00
5.150999917529887630e-06,-5.200000077486038208e+00
5.151499917515746664e-06,-5.200000077486038208e+00
5.151999917501605698e-06,-5.200000077486038208e+00
5.152499917487464733e-06,-5.000000074505805969e+00
5.152999917473323767e-06,-5.000000074505805969e+00
5.153499917459182801e-06,-5.000000074505805969e+00
5.153999917445041835e-06,-4.800000071525573730e+00
5.154499917430900870e-06,-5.000000074505805969e+00
5.154999917416759904e-06,-4.800000071525573730e+00
5.155499917402618938e-06,-4.800000071525573730e+00
5.155999917388477972e-06,-4.600000068545341492e+00
5.156499917374337007e-06,-4.600000068545341492e+00
5.156999917360196041e-06,-4.600000068545341492e+00
5.157499917346055075e-06,-4.400000065565109253e+00
5.157999917331914110e-06,-4.400000065565109253e+00
5.158499917317773144e-06,-4.400000065565109253e+00
5.158999917303632178e-06,-4.200000062584877014e+00
5.159499917289491212e-06,-4.200000062584877014e+00
5.159999917275350247e-06,-4.200000062584877014e+00
5.160499917261209281e-06,-4.000000059604644775e+00
5.160999917247068315e-06,-4.000000059604644775e+00
5.161499917232927349e-06,-3.800000056624412537e+00
5.161999917218786384e-06,-3.800000056624412537e+00
5.162499917204645418e-06,-3.600000053644180298e+00
5.162999917190504452e-06,-3.400000050663948059e+00
5.163499917176363486e-06,-3.400000050663948059e+00
5.163999917162222521e-06,-3.200000047683715820e+00
5.164499917148081555e-06,-3.200000047683715820e+00
5.164999917133940589e-06,-3.000000044703483582e+00
5.165499917119799624e-06,-2.800000041723251343e+00
5.165999917105658658e-06,-2.800000041723251343e+00
5.166499917091517692e-06,-2.600000038743019104e+00
5.166999917077376726e-06,-2.400000035762786865e+00
5.167499917063235761e-06,-2.400000035762786865e+00
5.167999917049094795e-06,-2.200000032782554626e+00
5.168499917034953829e-06,-2.000000029802322388e+00
5.168999917020812863e-06,-1.800000026822090149e+00
5.169499917006671898e-06,-1.600000023841857910e+00
5.169999916992530932e-06,-1.600000023841857910e+00
5.170499916978389966e-06,-1.400000020861625671e+00
5.170999916964249000e-06,-1.200000017881393433e+00
5.171499916950108035e-06,-1.200000017881393433e+00
5.171999916935967069e-06,-1.000000014901161194e+00
5.172499916921826103e-06,-8.000000119209289551e-01
5.172999916907685138e-06,-6.000000089406967163e-01
5.173499916893544172e-06,-6.000000089406967163e-01
5.173999916879403206e-06,-4.000000059604644775e-01
5.174499916865262240e-06,-2.000000029802322388e-01
5.174999916851121275e-06,0.000000000000000000e+00
5.175499916836980309e-06,2.000000029802322388e-01
5.175999916822839343e-06,4.000000059604644775e-01
5.176499916808698377e-06,4.000000059604644775e-01
5.176999916794557412e-06,6.000000089406967163e-01
5.177499916780416446e-06,8.000000119209289551e-01
5.177999916766275480e-06,1.000000014901161194e+00
5.178499916752134515e-06,1.200000017881393433e+00
5.178999916737993549e-06,1.400000020861625671e+00
5.179499916723852583e-06,1.400000020861625671e+00
5.179999916709711617e-06,1.600000023841857910e+00
5.180499916695570652e-06,1.800000026822090149e+00
5.180999916681429686e-06,1.800000026822090149e+00
5.181499916667288720e-06,2.000000029802322388e+00
5.181999916653147754e-06,2.200000032782554626e+00
5.182499916639006789e-06,2.200000032782554626e+00
5.182999916624865823e-06,2.400000035762786865e+00
5.183499916610724857e-06,2.600000038743019104e+00
5.183999916596583891e-06,2.800000041723251343e+00
5.184499916582442926e-06,2.800000041723251343e+00
5.184999916568301960e-06,3.000000044703483582e+00
5.185499916554160994e-06,3.200000047683715820e+00
5.185999916540020029e-06,3.200000047683715820e+00
5.186499916525879063e-06,3.400000050663948059e+00
5.186999916511738097e-06,3.400000050663948059e+00
5.187499916497597131e-06,3.600000053644180298e+00
5.187999916483456166e-06,3.800000056624412537e+00
5.188499916469315200e-06,3.800000056624412537e+00
5.188999916455174234e-06,4.000000059604644775e+00
5.189499916441033268e-06,4.000000059604644775e+00
5.189999916426892303e-06,4.200000062584877014e+00
5.190499916412751337e-06,4.200000062584877014e+00
5.190999916398610371e-06,4.400000065565109253e+00
5.191499916384469405e-06,4.400000065565109253e+00
5.191999916370328440e-06,4.600000068545341492e+00
5.192499916356187474e-06,4.600000068545341492e+00
5.192999916342046508e-06,4.600000068545341492e+00
5.193499916327905543e-06,4.600000068545341492e+00
5.193999916313764577e-06,4.800000071525573730e+00
5.194499916299623611e-06,4.800000071525573730e+00
5.194999916285482645e-06,4.800000071525573730e+00
5.195499916271341680e-06,4.800000071525573730e+00
5.195999916257200714e-06,5.000000074505805969e+00
5.196499916243059748e-06,5.000000074505805969e+00
5.196999916228918782e-06,5.000000074505805969e+00
5.197499916214777817e-06,5.000000074505805969e+00
5.197999916200636851e-06,5.000000074505805969e+00
5.198499916186495885e-06,5.000000074505805969e+00
5.198999916172354920e-06,5.000000074505805969e+00
5.199499916158213954e-06,5.000000074505805969e+00
5.199999916144072988e-06,5.200000077486038208e+00
5.200499916129932022e-06,5.000000074505805969e+00
5.200999916115791057e-06,5.200000077486038208e+00
5.201499916101650091e-06,5.000000074505805969e+00
5.201999916087509125e-06,5.000000074505805969e+00
5.202499916073368159e-06,5.000000074505805969e+00
5.202999916059227194e-06,5.000000074505805969e+00
5.203499916045086228e-06,5.000000074505805969e+00
5.203999916030945262e-06,5.000000074505805969e+00
5.204499916016804296e-06,4.800000071525573730e+00
5.204999916002663331e-06,4.800000071525573730e+00
5.205499915988522365e-06,4.800000071525573730e+00
5.205999915974381399e-06,4.800000071525573730e+00
5.206499915960240434e-06,4.600000068545341492e+00
5.206999915946099468e-06,4.600000068545341492e+00
5.207499915931958502e-06,4.400000065565109253e+00
5.207999915917817536e-06,4.400000065565109253e+00
5.208499915903676571e-06,4.400000065565109253e+00
5.208999915889535605e-06,4.400000065565109253e+00
5.209499915875394639e-06,4.200000062584877014e+00
5.209999915861253673e-06,4.200000062584877014e+00
5.210499915847112708e-06,4.000000059604644775e+00
5.210999915832971742e-06,4.000000059604644775e+00
5.211499915818830776e-06,3.800000056624412537e+00
5.211999915804689810e-06,3.600000053644180298e+00
5.212499915790548845e-06,3.600000053644180298e+00
5.212999915776407879e-06,3.400000050663948059e+00
5.213499915762266913e-06,3.400000050663948059e+00
5.213999915748125948e-06,3.200000047683715820e+00
5.214499915733984982e-06,3.000000044703483582e+00
5.214999915719844016e-06,3.000000044703483582e+00
5.215499915705703050e-06,2.800000041723251343e+00
5.215999915691562085e-06,2.800000041723251343e+00
5.216499915677421119e-06,2.600000038743019104e+00
5.216999915663280153e-06,2.400000035762786865e+00
5.217499915649139187e-06,2.400000035762786865e+00
5.217999915634998222e-06,2.200000032782554626e+00
5.218499915620857256e-06,2.000000029802322388e+00
5.218999915606716290e-06,2.000000029802322388e+00
5.219499915592575325e-06,1.800000026822090149e+00
5.219999915578434359e-06,1.600000023841857910e+00
5.220499915564293393e-06,1.400000020861625671e+00
5.220999915550152427e-06,1.400000020861625671e+00
5.221499915536011462e-06,1.200000017881393433e+00
5.221999915521870496e-06,1.000000014901161194e+00
5.222499915507729530e-06,8.000000119209289551e-01
5.222999915493588564e-06,6.000000089406967163e-01
5.223499915479447599e-06,4.000000059604644775e-01
5.223999915465306633e-06,4.000000059604644775e-01
5.224499915451165667e-06,2.000000029802322388e-01
5.224999915437024701e-06,0.000000000000000000e+00
5.225499915422883736e-06,-2.000000029802322388e-01
5.225999915408742770e-06,-4.000000059604644775e-01
5.226499915394601804e-06,-4.000000059604644775e-01
5.226999915380460839e-06,-6.000000089406967163e-01
5.227499915366319873e-06,-8.000000119209289551e-01
5.227999915352178907e-06,-1.000000014901161194e+00
5.228499915338037941e-06,-1.200000017881393433e+00
5.228999915323896976e-06,-1.200000017881393433e+00
5.229499915309756010e-06,-1.400000020861625671e+00
5.229999915295615044e-06,-1.600000023841857910e+00
5.230499915281474078e-06,-1.800000026822090149e+00
5.230999915267333113e-06,-1.800000026822090149e+00
5.231499915253192147e-06,-2.000000029802322388e+00
5.231999915239051181e-06,-2.200000032782554626e+00
5.232499915224910215e-06,-2.400000035762786865e+00
5.232999915210769250e-06,-2.400000035762786865e+00
5.233499915196628284e-06,-2.600000038743019104e+00
5.233999915182487318e-06,-2.800000041723251343e+00
5.234499915168346353e-06,-2.800000041723251343e+00
5.234999915154205387e-06,-3.000000044703483582e+00
5.235499915140064421e-06,-3.200000047683715820e+00
5.235999915125923455e-06,-3.200000047683715820e+00
5.236499915111782490e-06,-3.400000050663948059e+00
5.236999915097641524e-06,-3.400000050663948059e+00
5.237499915083500558e-06,-3.600000053644180298e+00
5.237999915069359592e-06,-3.800000056624412537e+00
5.238499915055218627e-06,-3.800000056624412537e+00
5.238999915041077661e-06,-4.000000059604644775e+00
5.239499915026936695e-06,-4.000000059604644775e+00
5.239999915012795730e-06,-4.000000059604644775e+00
5.240499914998654764e-06,-4.200000062584877014e+00
5.240999914984513798e-06,-4.200000062584877014e+00
5.241499914970372832e-06,-4.400000065565109253e+00
5.241999914956231867e-06,-4.400000065565109253e+00
5.242499914942090901e-06,-4.600000068545341492e+00
5.242999914927949935e-06,-4.600000068545341492e+00
5.243499914913808969e-06,-4.600000068545341492e+00
5.243999914899668004e-06,-4.800000071525573730e+00
5.244499914885527038e-06,-4.800000071525573730e+00
5.244999914871386072e-06,-4.800000071525573730e+00
5.245499914857245106e-06,-5.000000074505805969e+00
5.245999914843104141e-06,-4.800000071525573730e+00
5.246499914828963175e-06,-4.800000071525573730e+00
5.246999914814822209e-06,-5.000000074505805969e+00
5.247499914800681244e-06,-5.000000074505805969e+00
5.247999914786540278e-06,-5.000000074505805969e+00
5.248499914772399312e-06,-5.000000074505805969e+00
5.248999914758258346e-06,-5.000000074505805969e+00
5.249499914744117381e-06,-5.000000074505805969e+00
5.249999914729976415e-06,-5.000000074505805969e+00
5.250499914715835449e-06,-5.000000074505805969e+00
5.250999914701694483e-06,-5.000000074505805969e+00
5.251499914687553518e-06,-5.000000074505805969e+00
5.251999914673412552e-06,-5.000000074505805969e+00
5.252499914659271586e-06,-5.000000074505805969e+00
5.252999914645130620e-06,-5.000000074505805969e+00
5.253499914630989655e-06,-5.000000074505805969e+00
5.253999914616848689e-06,-4.800000071525573730e+00
5.254499914602707723e-06,-4.800000071525573730e+00
5.254999914588566758e-06,-4.800000071525573730e+00
5.255499914574425792e-06,-4.800000071525573730e+00
5.255999914560284826e-06,-4.600000068545341492e+00
5.256499914546143860e-06,-4.600000068545341492e+00
5.256999914532002895e-06,-4.600000068545341492e+00
5.257499914517861929e-06,-4.600000068545341492e+00
5.257999914503720963e-06,-4.400000065565109253e+00
5.258499914489579997e-06,-4.400000065565109253e+00
5.258999914475439032e-06,-4.200000062584877014e+00
5.259499914461298066e-06,-4.200000062584877014e+00
5.259999914447157100e-06,-4.000000059604644775e+00
5.260499914433016135e-06,-4.000000059604644775e+00
5.260999914418875169e-06,-4.000000059604644775e+00
5.261499914404734203e-06,-3.800000056624412537e+00
5.261999914390593237e-06,-3.800000056624412537e+00
5.262499914376452272e-06,-3.600000053644180298e+00
5.262999914362311306e-06,-3.600000053644180298e+00
5.263499914348170340e-06,-3.400000050663948059e+00
5.263999914334029374e-06,-3.200000047683715820e+00
5.264499914319888409e-06,-3.200000047683715820e+00
5.264999914305747443e-06,-3.000000044703483582e+00
5.265499914291606477e-06,-2.800000041723251343e+00
5.265999914277465511e-06,-2.800000041723251343e+00
5.266499914263324546e-06,-2.600000038743019104e+00
5.266999914249183580e-06,-2.400000035762786865e+00
5.267499914235042614e-06,-2.400000035762786865e+00
5.267999914220901649e-06,-2.200000032782554626e+00
5.268499914206760683e-06,-2.000000029802322388e+00
5.268999914192619717e-06,-1.800000026822090149e+00
5.269499914178478751e-06,-1.800000026822090149e+00
5.269999914164337786e-06,-1.600000023841857910e+00
5.270499914150196820e-06,-1.400000020861625671e+00
5.270999914136055854e-06,-1.200000017881393433e+00
5.271499914121914888e-06,-1.200000017881393433e+00
5.271999914107773923e-06,-1.000000014901161194e+00
5.272499914093632957e-06,-8.000000119209289551e-01
5.272999914079491991e-06,-6.000000089406967163e-01
5.273499914065351025e-06,-4.000000059604644775e-01
5.273999914051210060e-06,-4.000000059604644775e-01
5.274499914037069094e-06,-2.000000029802322388e-01
5.274999914022928128e-06,0.000000000000000000e+00
5.275499914008787163e-06,2.000000029802322388e-01
5.275999913994646197e-06,4.000000059604644775e-01
5.276499913980505231e-06,6.000000089406967163e-01
5.276999913966364265e-06,8.000000119209289551e-01
5.277499913952223300e-06,8.000000119209289551e-01
5.277999913938082334e-06,1.000000014901161194e+00
5.278499913923941368e-06,1.200000017881393433e+00
5.278999913909800402e-06,1.400000020861625671e+00
5.279499913895659437e-06,1.400000020861625671e+00
5.279999913881518471e-06,1.600000023841857910e+00
5.280499913867377505e-06,1.800000026822090149e+00
5.280999913853236540e-06,1.800000026822090149e+00
5.281499913839095574e-06,2.000000029802322388e+00
5.281999913824954608e-06,2.200000032782554626e+00
5.282499913810813642e-06,2.200000032782554626e+00
5.282999913796672677e-06,2.400000035762786865e+00
5.283499913782531711e-06,2.600000038743019104e+00
5.283999913768390745e-06,2.800000041723251343e+00
5.284499913754249779e-06,2.800000041723251343e+00
5.284999913740108814e-06,3.000000044703483582e+00
5.285499913725967848e-06,3.200000047683715820e+00
5.285999913711826882e-06,3.200000047683715820e+00
5.286499913697685916e-06,3.400000050663948059e+00
5.286999913683544951e-06,3.600000053644180298e+00
5.287499913669403985e-06,3.600000053644180298e+00
5.287999913655263019e-06,3.800000056624412537e+00
5.288499913641122054e-06,3.800000056624412537e+00
5.288999913626981088e-06,3.800000056624412537e+00
5.289499913612840122e-06,4.000000059604644775e+00
5.289999913598699156e-06,4.200000062584877014e+00
5.290499913584558191e-06,4.200000062584877014e+00
5.290999913570417225e-06,4.400000065565109253e+00
5.291499913556276259e-06,4.400000065565109253e+00
5.291999913542135293e-06,4.400000065565109253e+00
5.292499913527994328e-06,4.400000065565109253e+00
5.292999913513853362e-06,4.600000068545341492e+00
5.293499913499712396e-06,4.600000068545341492e+00
5.293999913485571430e-06,4.800000071525573730e+00
5.294499913471430465e-06,4.600000068545341492e+00
5.294999913457289499e-06,4.800000071525573730e+00
5.295499913443148533e-06,4.800000071525573730e+00
5.295999913429007568e-06,5.000000074505805969e+00
5.296499913414866602e-06,5.000000074505805969e+00
5.296999913400725636e-06,5.000000074505805969e+00
5.297499913386584670e-06,5.000000074505805969e+00
5.297999913372443705e-06,5.000000074505805969e+00
5.298499913358302739e-06,5.000000074505805969e+00
5.298999913344161773e-06,5.000000074505805969e+00
5.299499913330020807e-06,5.000000074505805969e+00
5.299999913315879842e-06,5.000000074505805969e+00
5.300499913301738876e-06,5.000000074505805969e+00
5.300999913287597910e-06,5.000000074505805969e+00
5.301499913273456945e-06,5.000000074505805969e+00
5.301999913259315979e-06,5.000000074505805969e+00
5.302499913245175013e-06,5.000000074505805969e+00
5.302999913231034047e-06,5.000000074505805969e+00
5.303499913216893082e-06,5.000000074505805969e+00
5.303999913202752116e-06,5.000000074505805969e+00
5.304499913188611150e-06,4.800000071525573730e+00
5.304999913174470184e-06,4.800000071525573730e+00
5.305499913160329219e-06,4.800000071525573730e+00
5.305999913146188253e-06,4.800000071525573730e+00
5.306499913132047287e-06,4.600000068545341492e+00
5.306999913117906321e-06,4.600000068545341492e+00
5.307499913103765356e-06,4.400000065565109253e+00
5.307999913089624390e-06,4.400000065565109253e+00
5.308499913075483424e-06,4.400000065565109253e+00
5.308999913061342459e-06,4.400000065565109253e+00
5.309499913047201493e-06,4.200000062584877014e+00
5.309999913033060527e-06,4.200000062584877014e+00
5.310499913018919561e-06,4.000000059604644775e+00
5.310999913004778596e-06,4.000000059604644775e+00
5.311499912990637630e-06,3.800000056624412537e+00
5.311999912976496664e-06,3.600000053644180298e+00
5.312499912962355698e-06,3.600000053644180298e+00
5.312999912948214733e-06,3.400000050663948059e+00
5.313499912934073767e-06,3.400000050663948059e+00
5.313999912919932801e-06,3.200000047683715820e+00
5.314499912905791835e-06,3.000000044703483582e+00
5.314999912891650870e-06,3.000000044703483582e+00
5.315499912877509904e-06,2.800000041723251343e+00
5.315999912863368938e-06,2.800000041723251343e+00
5.316499912849227973e-06,2.600000038743019104e+00
5.316999912835087007e-06,2.400000035762786865e+00
5.317499912820946041e-06,2.200000032782554626e+00
5.317999912806805075e-06,2.200000032782554626e+00
5.318499912792664110e-06,2.000000029802322388e+00
5.318999912778523144e-06,1.800000026822090149e+00
5.319499912764382178e-06,1.600000023841857910e+00
5.319999912750241212e-06,1.400000020861625671e+00
5.320499912736100247e-06,6.000000089406967163e-01
5.320999912721959281e-06,-2.000000029802322388e-01
5.321499912707818315e-06,-1.000000014901161194e+00
5.321999912693677350e-06,-1.400000020861625671e+00
5.322499912679536384e-06,-1.400000020861625671e+00
5.322999912665395418e-06,-1.200000017881393433e+00
5.323499912651254452e-06,-1.200000017881393433e+00
5.323999912637113487e-06,-1.200000017881393433e+00
5.324499912622972521e-06,-1.200000017881393433e+00
5.324999912608831555e-06,-1.200000017881393433e+00
5.325499912594690589e-06,-1.200000017881393433e+00
5.325999912580549624e-06,-1.200000017881393433e+00
5.326499912566408658e-06,-1.200000017881393433e+00
5.326999912552267692e-06,-1.000000014901161194e+00
5.327499912538126726e-06,-1.200000017881393433e+00
5.327999912523985761e-06,-1.200000017881393433e+00
5.328499912509844795e-06,-1.200000017881393433e+00
5.328999912495703829e-06,-1.000000014901161194e+00
5.329499912481562864e-06,-1.200000017881393433e+00
5.329999912467421898e-06,-1.000000014901161194e+00
5.330499912453280932e-06,-1.000000014901161194e+00
5.330999912439139966e-06,-1.000000014901161194e+00
5.331499912424999001e-06,-1.000000014901161194e+00
5.331999912410858035e-06,-1.000000014901161194e+00
5.332499912396717069e-06,-1.000000014901161194e+00
5.332999912382576103e-06,-8.000000119209289551e-01
5.333499912368435138e-06,-1.000000014901161194e+00
5.333999912354294172e-06,-8.000000119209289551e-01
5.334499912340153206e-06,-1.000000014901161194e+00
5.334999912326012240e-06,-8.000000119209289551e-01
5.335499912311871275e-06,-8.000000119209289551e-01
5.335999912297730309e-06,-8.000000119209289551e-01
5.336499912283589343e-06,-8.000000119209289551e-01
5.336999912269448378e-06,-8.000000119209289551e-01
5.337499912255307412e-06,-8.000000119209289551e-01
5.337999912241166446e-06,-8.000000119209289551e-01
5.338499912227025480e-06,-8.000000119209289551e-01
5.338999912212884515e-06,-8.000000119209289551e-01
5.339499912198743549e-06,-8.000000119209289551e-01
5.339999912184602583e-06,-8.000000119209289551e-01
5.340499912170461617e-06,-8.000000119209289551e-01
5.340999912156320652e-06,-8.000000119209289551e-01
5.341499912142179686e-06,-8.000000119209289551e-01
5.341999912128038720e-06,-8.000000119209289551e-01
5.342499912113897755e-06,-8.000000119209289551e-01
5.342999912099756789e-06,-8.000000119209289551e-01
5.343499912085615823e-06,-8.000000119209289551e-01
5.343999912071474857e-06,-8.000000119209289551e-01
5.344499912057333892e-06,-8.000000119209289551e-01
5.344999912043192926e-06,-8.000000119209289551e-01
5.345499912029051960e-06,-8.000000119209289551e-01
5.345999912014910994e-06,-8.000000119209289551e-01
5.346499912000770029e-06,-8.000000119209289551e-01
5.346999911986629063e-06,-8.000000119209289551e-01
5.347499911972488097e-06,-8.000000119209289551e-01
5.347999911958347131e-06,-8.000000119209289551e-01
5.348499911944206166e-06,-8.000000119209289551e-01
5.348999911930065200e-06,-8.000000119209289551e-01
5.349499911915924234e-06,-8.000000119209289551e-01
5.349999911901783269e-06,-8.000000119209289551e-01
5.350499911887642303e-06,-8.000000119209289551e-01
5.350999911873501337e-06,-8.000000119209289551e-01
5.351499911859360371e-06,-6.000000089406967163e-01
5.351999911845219406e-06,-6.000000089406967163e-01
5.352499911831078440e-06,-6.000000089406967163e-01
5.352999911816937474e-06,-6.000000089406967163e-01
5.353499911802796508e-06,-8.000000119209289551e-01
5.353999911788655543e-06,-6.000000089406967163e-01
5.354499911774514577e-06,-8.000000119209289551e-01
5.354999911760373611e-06,-6.000000089406967163e-01
5.355499911746232645e-06,-6.000000089406967163e-01
5.355999911732091680e-06,-6.000000089406967163e-01
5.356499911717950714e-06,-6.000000089406967163e-01
5.356999911703809748e-06,-6.000000089406967163e-01
5.357499911689668783e-06,-6.000000089406967163e-01
5.357999911675527817e-06,-6.000000089406967163e-01
5.358499911661386851e-06,-6.000000089406967163e-01
5.358999911647245885e-06,-6.000000089406967163e-01
5.359499911633104920e-06,-6.000000089406967163e-01
5.359999911618963954e-06,-6.000000089406967163e-01
5.360499911604822988e-06,-6.000000089406967163e-01
5.360999911590682022e-06,-6.000000089406967163e-01
5.361499911576541057e-06,-6.000000089406967163e-01
5.361999911562400091e-06,-6.000000089406967163e-01
5.362499911548259125e-06,-6.000000089406967163e-01
5.362999911534118160e-06,-6.000000089406967163e-01
5.363499911519977194e-06,-6.000000089406967163e-01
5.363999911505836228e-06,-6.000000089406967163e-01
5.364499911491695262e-06,-6.000000089406967163e-01
5.364999911477554297e-06,-6.000000089406967163e-01
5.365499911463413331e-06,-8.000000119209289551e-01
5.365999911449272365e-06,-8.000000119209289551e-01
5.366499911435131399e-06,-6.000000089406967163e-01
5.366999911420990434e-06,-6.000000089406967163e-01
5.367499911406849468e-06,-8.000000119209289551e-01
5.367999911392708502e-06,-6.000000089406967163e-01
5.368499911378567536e-06,-6.000000089406967163e-01
5.368999911364426571e-06,-6.000000089406967163e-01
5.369499911350285605e-06,-6.000000089406967163e-01
5.369999911336144639e-06,-6.000000089406967163e-01
5.370499911322003674e-06,-6.000000089406967163e-01
5.370999911307862708e-06,-6.000000089406967163e-01
5.371499911293721742e-06,-6.000000089406967163e-01
5.371999911279580776e-06,-6.000000089406967163e-01
5.372499911265439811e-06,-6.000000089406967163e-01
5.372999911251298845e-06,-6.000000089406967163e-01
5.373499911237157879e-06,-6.000000089406967163e-01
5.373999911223016913e-06,-6.000000089406967163e-01
5.374499911208875948e-06,-6.000000089406967163e-01
5.374999911194734982e-06,-6.000000089406967163e-01
5.375499911180594016e-06,-6.000000089406967163e-01
5.375999911166453050e-06,-6.000000089406967163e-01
5.376499911152312085e-06,-6.000000089406967163e-01
5.376999911138171119e-06,-6.000000089406967163e-01
5.377499911124030153e-06,-6.000000089406967163e-01
5.377999911109889188e-06,-6.000000089406967163e-01
5.378499911095748222e-06,-6.000000089406967163e-01
5.378999911081607256e-06,-6.000000089406967163e-01
5.379499911067466290e-06,-6.000000089406967163e-01
5.379999911053325325e-06,-6.000000089406967163e-01
5.380499911039184359e-06,-6.000000089406967163e-01
5.380999911025043393e-06,-6.000000089406967163e-01
5.381499911010902427e-06,-6.000000089406967163e-01
5.381999910996761462e-06,-6.000000089406967163e-01
5.382499910982620496e-06,-6.000000089406967163e-01
5.382999910968479530e-06,-6.000000089406967163e-01
5.383499910954338565e-06,-6.000000089406967163e-01
5.383999910940197599e-06,-6.000000089406967163e-01
5.384499910926056633e-06,-6.000000089406967163e-01
5.384999910911915667e-06,-4.000000059604644775e-01
5.385499910897774702e-06,-6.000000089406967163e-01
5.385999910883633736e-06,-6.000000089406967163e-01
5.386499910869492770e-06,-6.000000089406967163e-01
5.386999910855351804e-06,-6.000000089406967163e-01
5.387499910841210839e-06,-6.000000089406967163e-01
5.387999910827069873e-06,-4.000000059604644775e-01
5.388499910812928907e-06,-4.000000059604644775e-01
5.388999910798787941e-06,-4.000000059604644775e-01
5.389499910784646976e-06,-4.000000059604644775e-01
5.389999910770506010e-06,-6.000000089406967163e-01
5.390499910756365044e-06,-6.000000089406967163e-01
5.390999910742224079e-06,-4.000000059604644775e-01
5.391499910728083113e-06,-4.000000059604644775e-01
5.391999910713942147e-06,-4.000000059604644775e-01
5.392499910699801181e-06,-4.000000059604644775e-01
5.392999910685660216e-06,-4.000000059604644775e-01
5.393499910671519250e-06,-4.000000059604644775e-01
5.393999910657378284e-06,-6.000000089406967163e-01
5.394499910643237318e-06,-6.000000089406967163e-01
5.394999910629096353e-06,-4.000000059604644775e-01
5.395499910614955387e-06,-6.000000089406967163e-01
5.395999910600814421e-06,-4.000000059604644775e-01
5.396499910586673455e-06,-4.000000059604644775e-01
5.396999910572532490e-06,-4.000000059604644775e-01
5.397499910558391524e-06,-4.000000059604644775e-01
5.397999910544250558e-06,-4.000000059604644775e-01
5.398499910530109593e-06,-4.000000059604644775e-01
5.398999910515968627e-06,-4.000000059604644775e-01
5.399499910501827661e-06,-4.000000059604644775e-01
5.399999910487686695e-06,-4.000000059604644775e-01
5.400499910473545730e-06,-4.000000059604644775e-01
5.400999910459404764e-06,-4.000000059604644775e-01
5.401499910445263798e-06,-6.000000089406967163e-01
5.401999910431122832e-06,-4.000000059604644775e-01
5.402499910416981867e-06,-4.000000059604644775e-01
5.402999910402840901e-06,-4.000000059604644775e-01
5.403499910388699935e-06,-4.000000059604644775e-01
5.403999910374558970e-06,-4.000000059604644775e-01
5.404499910360418004e-06,-4.000000059604644775e-01
5.404999910346277038e-06,-4.000000059604644775e-01
5.405499910332136072e-06,-4.000000059604644775e-01
5.405999910317995107e-06,-4.000000059604644775e-01
5.406499910303854141e-06,-4.000000059604644775e-01
5.406999910289713175e-06,-4.000000059604644775e-01
5.407499910275572209e-06,-4.000000059604644775e-01
5.407999910261431244e-06,-4.000000059604644775e-01
5.408499910247290278e-06,-4.000000059604644775e-01
5.408999910233149312e-06,-4.000000059604644775e-01
5.409499910219008346e-06,-4.000000059604644775e-01
5.409999910204867381e-06,-4.000000059604644775e-01
5.410499910190726415e-06,-4.000000059604644775e-01
5.410999910176585449e-06,-4.000000059604644775e-01
5.411499910162444484e-06,-4.000000059604644775e-01
5.411999910148303518e-06,-4.000000059604644775e-01
5.412499910134162552e-06,-4.000000059604644775e-01
5.412999910120021586e-06,-4.000000059604644775e-01
5.413499910105880621e-06,-4.000000059604644775e-01
5.413999910091739655e-06,-4.000000059604644775e-01
5.414499910077598689e-06,-4.000000059604644775e-01
5.414999910063457723e-06,-4.000000059604644775e-01
5.415499910049316758e-06,-4.000000059604644775e-01
5.415999910035175792e-06,-4.000000059604644775e-01
5.416499910021034826e-06,-4.000000059604644775e-01
5.416999910006893860e-06,-4.000000059604644775e-01
5.417499909992752895e-06,-4.000000059604644775e-01
5.417999909978611929e-06,-4.000000059604644775e-01
5.418499909964470963e-06,-4.000000059604644775e-01
5.418999909950329998e-06,-4.000000059604644775e-01
5.419499909936189032e-06,-4.000000059604644775e-01
5.419999909922048066e-06,-4.000000059604644775e-01
5.420499909907907100e-06,-4.000000059604644775e-01
5.420999909893766135e-06,-4.000000059604644775e-01
5.421499909879625169e-06,-4.000000059604644775e-01
5.421999909865484203e-06,-2.000000029802322388e-01
5.422499909851343237e-06,-4.000000059604644775e-01
5.422999909837202272e-06,-4.000000059604644775e-01
5.423499909823061306e-06,-4.000000059604644775e-01
5.423999909808920340e-06,-4.000000059604644775e-01
5.424499909794779375e-06,-2.000000029802322388e-01
5.424999909780638409e-06,-2.000000029802322388e-01
5.425499909766497443e-06,-4.000000059604644775e-01
5.425999909752356477e-06,-2.000000029802322388e-01
5.426499909738215512e-06,-4.000000059604644775e-01
5.426999909724074546e-06,-2.000000029802322388e-01
5.427499909709933580e-06,-4.000000059604644775e-01
5.427999909695792614e-06,-4.000000059604644775e-01
5.428499909681651649e-06,-4.000000059604644775e-01
5.428999909667510683e-06,-4.000000059604644775e-01
5.429499909653369717e-06,-4.000000059604644775e-01
5.429999909639228751e-06,-4.000000059604644775e-01
5.430499909625087786e-06,-4.000000059604644775e-01
5.430999909610946820e-06,-2.000000029802322388e-01
5.431499909596805854e-06,-4.000000059604644775e-01
5.431999909582664889e-06,-2.000000029802322388e-01
5.432499909568523923e-06,-2.000000029802322388e-01
5.432999909554382957e-06,-2.000000029802322388e-01
5.433499909540241991e-06,-2.000000029802322388e-01
5.433999909526101026e-06,-2.000000029802322388e-01
5.434499909511960060e-06,-2.000000029802322388e-01
5.434999909497819094e-06,-4.000000059604644775e-01
5.435499909483678128e-06,-4.000000059604644775e-01
5.435999909469537163e-06,-2.000000029802322388e-01
5.436499909455396197e-06,-2.000000029802322388e-01
5.436999909441255231e-06,-2.000000029802322388e-01
5.437499909427114265e-06,-2.000000029802322388e-01
5.437999909412973300e-06,-2.000000029802322388e-01
5.438499909398832334e-06,-2.000000029802322388e-01
5.438999909384691368e-06,-2.000000029802322388e-01
5.439499909370550403e-06,-4.000000059604644775e-01
5.439999909356409437e-06,-2.000000029802322388e-01
5.440499909342268471e-06,-2.000000029802322388e-01
5.440999909328127505e-06,-2.000000029802322388e-01
5.441499909313986540e-06,-2.000000029802322388e-01
5.441999909299845574e-06,-2.000000029802322388e-01
5.442499909285704608e-06,-2.000000029802322388e-01
5.442999909271563642e-06,-2.000000029802322388e-01
5.443499909257422677e-06,-2.000000029802322388e-01
5.443999909243281711e-06,-2.000000029802322388e-01
5.444499909229140745e-06,-2.000000029802322388e-01
5.444999909214999780e-06,-2.000000029802322388e-01
5.445499909200858814e-06,-2.000000029802322388e-01
5.445999909186717848e-06,-4.000000059604644775e-01
5.446499909172576882e-06,-2.000000029802322388e-01
5.446999909158435917e-06,-2.000000029802322388e-01
5.447499909144294951e-06,-2.000000029802322388e-01
5.447999909130153985e-06,-2.000000029802322388e-01
5.448499909116013019e-06,-2.000000029802322388e-01
5.448999909101872054e-06,-2.000000029802322388e-01
5.449499909087731088e-06,-2.000000029802322388e-01
5.449999909073590122e-06,-2.000000029802322388e-01
5.450499909059449156e-06,-2.000000029802322388e-01
5.450999909045308191e-06,-2.000000029802322388e-01
5.451499909031167225e-06,-2.000000029802322388e-01
5.451999909017026259e-06,-2.000000029802322388e-01
5.452499909002885294e-06,-2.000000029802322388e-01
5.452999908988744328e-06,-2.000000029802322388e-01
5.453499908974603362e-06,-2.000000029802322388e-01
5.453999908960462396e-06,-2.000000029802322388e-01
5.454499908946321431e-06,-2.000000029802322388e-01
5.454999908932180465e-06,-2.000000029802322388e-01
5.455499908918039499e-06,-2.000000029802322388e-01
5.455999908903898533e-06,-2.000000029802322388e-01
5.456499908889757568e-06,-2.000000029802322388e-01
5.456999908875616602e-06,-2.000000029802322388e-01
5.457499908861475636e-06,-2.000000029802322388e-01
5.457999908847334670e-06,-2.000000029802322388e-01
5.458499908833193705e-06,-2.000000029802322388e-01
5.458999908819052739e-06,-2.000000029802322388e-01
5.459499908804911773e-06,-2.000000029802322388e-01
5.459999908790770808e-06,-2.000000029802322388e-01
5.460499908776629842e-06,-2.000000029802322388e-01
5.460999908762488876e-06,-2.000000029802322388e-01
5.461499908748347910e-06,-2.000000029802322388e-01
5.461999908734206945e-06,-2.000000029802322388e-01
5.462499908720065979e-06,-2.000000029802322388e-01
5.462999908705925013e-06,-2.000000029802322388e-01
5.463499908691784047e-06,-2.000000029802322388e-01
5.463999908677643082e-06,-2.000000029802322388e-01
5.464499908663502116e-06,-2.000000029802322388e-01
5.464999908649361150e-06,-2.000000029802322388e-01
5.465499908635220185e-06,-2.000000029802322388e-01
5.465999908621079219e-06,-2.000000029802322388e-01
5.466499908606938253e-06,-2.000000029802322388e-01
5.466999908592797287e-06,-2.000000029802322388e-01
5.467499908578656322e-06,-2.000000029802322388e-01
5.467999908564515356e-06,-2.000000029802322388e-01
5.468499908550374390e-06,-2.000000029802322388e-01
5.468999908536233424e-06,-2.000000029802322388e-01
5.469499908522092459e-06,-2.000000029802322388e-01
5.469999908507951493e-06,-2.000000029802322388e-01
5.470499908493810527e-06,-2.000000029802322388e-01
5.470999908479669561e-06,-2.000000029802322388e-01
5.471499908465528596e-06,-2.000000029802322388e-01
5.471999908451387630e-06,-2.000000029802322388e-01
5.472499908437246664e-06,-2.000000029802322388e-01
5.472999908423105699e-06,0.000000000000000000e+00
5.473499908408964733e-06,-2.000000029802322388e-01
5.473999908394823767e-06,-2.000000029802322388e-01
5.474499908380682801e-06,-2.000000029802322388e-01
5.474999908366541836e-06,-2.000000029802322388e-01
5.475499908352400870e-06,-2.000000029802322388e-01
5.475999908338259904e-06,-2.000000029802322388e-01
5.476499908324118938e-06,-2.000000029802322388e-01
5.476999908309977973e-06,-2.000000029802322388e-01
5.477499908295837007e-06,-2.000000029802322388e-01
5.477999908281696041e-06,-2.000000029802322388e-01
5.478499908267555075e-06,-2.000000029802322388e-01
5.478999908253414110e-06,0.000000000000000000e+00
5.479499908239273144e-06,-2.000000029802322388e-01
5.479999908225132178e-06,-2.000000029802322388e-01
5.480499908210991213e-06,-2.000000029802322388e-01
5.480999908196850247e-06,0.000000000000000000e+00
5.481499908182709281e-06,0.000000000000000000e+00
5.481999908168568315e-06,0.000000000000000000e+00
5.482499908154427350e-06,-2.000000029802322388e-01
5.482999908140286384e-06,-2.000000029802322388e-01
5.483499908126145418e-06,-2.000000029802322388e-01
5.483999908112004452e-06,0.000000000000000000e+00
5.484499908097863487e-06,0.000000000000000000e+00
5.484999908083722521e-06,0.000000000000000000e+00
5.485499908069581555e-06,-2.000000029802322388e-01
5.485999908055440590e-06,-2.000000029802322388e-01
5.486499908041299624e-06,-2.000000029802322388e-01
5.486999908027158658e-06,-2.000000029802322388e-01
5.487499908013017692e-06,0.000000000000000000e+00
5.487999907998876727e-06,0.000000000000000000e+00
5.488499907984735761e-06,0.000000000000000000e+00
5.488999907970594795e-06,0.000000000000000000e+00
5.489499907956453829e-06,-2.000000029802322388e-01
5.489999907942312864e-06,-2.000000029802322388e-01
5.490499907928171898e-06,-2.000000029802322388e-01
5.490999907914030932e-06,0.000000000000000000e+00
5.491499907899889966e-06,0.000000000000000000e+00
5.491999907885749001e-06,0.000000000000000000e+00
5.492499907871608035e-06,0.000000000000000000e+00
5.492999907857467069e-06,0.000000000000000000e+00
5.493499907843326104e-06,0.000000000000000000e+00
5.493999907829185138e-06,0.000000000000000000e+00
5.494499907815044172e-06,0.000000000000000000e+00
5.494999907800903206e-06,0.000000000000000000e+00
5.495499907786762241e-06,-2.000000029802322388e-01
5.495999907772621275e-06,-2.000000029802322388e-01
5.496499907758480309e-06,-2.000000029802322388e-01
5.496999907744339343e-06,0.000000000000000000e+00
5.497499907730198378e-06,0.000000000000000000e+00
5.497999907716057412e-06,0.000000000000000000e+00
5.498499907701916446e-06,0.000000000000000000e+00
5.498999907687775480e-06,0.000000000000000000e+00
5.499499907673634515e-06,-2.000000029802322388e-01
5.499999907659493549e-06,0.000000000000000000e+00
5.500499907645352583e-06,0.000000000000000000e+00
5.500999907631211618e-06,0.000000000000000000e+00
5.501499907617070652e-06,0.000000000000000000e+00
5.501999907602929686e-06,0.000000000000000000e+00
5.502499907588788720e-06,0.000000000000000000e+00
5.502999907574647755e-06,0.000000000000000000e+00
5.503499907560506789e-06,-2.000000029802322388e-01
5.503999907546365823e-06,-2.000000029802322388e-01
5.504499907532224857e-06,-2.000000029802322388e-01
5.504999907518083892e-06,0.000000000000000000e+00
5.505499907503942926e-06,0.000000000000000000e+00
5.505999907489801960e-06,0.000000000000000000e+00
5.506499907475660995e-06,0.000000000000000000e+00
5.506999907461520029e-06,0.000000000000000000e+00
5.507499907447379063e-06,0.000000000000000000e+00
5.507999907433238097e-06,-2.000000029802322388e-01
5.508499907419097132e-06,-2.000000029802322388e-01
5.508999907404956166e-06,0.000000000000000000e+00
5.509499907390815200e-06,-2.000000029802322388e-01
5.509999907376674234e-06,-2.000000029802322388e-01
5.510499907362533269e-06,-2.000000029802322388e-01
5.510999907348392303e-06,0.000000000000000000e+00
5.511499907334251337e-06,0.000000000000000000e+00
5.511999907320110371e-06,0.000000000000000000e+00
5.512499907305969406e-06,0.000000000000000000e+00
5.512999907291828440e-06,0.000000000000000000e+00
5.513499907277687474e-06,0.000000000000000000e+00
5.513999907263546509e-06,0.000000000000000000e+00
5.514499907249405543e-06,0.000000000000000000e+00
5.514999907235264577e-06,0.000000000000000000e+00
5.515499907221123611e-06,0.000000000000000000e+00
5.515999907206982646e-06,0.000000000000000000e+00
5.516499907192841680e-06,0.000000000000000000e+00
5.516999907178700714e-06,0.000000000000000000e+00
5.517499907164559748e-06,0.000000000000000000e+00
5.517999907150418783e-06,0.000000000000000000e+00
5.518499907136277817e-06,0.000000000000000000e+00
5.518999907122136851e-06,0.000000000000000000e+00
5.519499907107995885e-06,0.000000000000000000e+00
5.519999907093854920e-06,0.000000000000000000e+00
5.520499907079713954e-06,0.000000000000000000e+00
5.520999907065572988e-06,0.000000000000000000e+00
5.521499907051432023e-06,0.000000000000000000e+00
5.521999907037291057e-06,0.000000000000000000e+00
5.522499907023150091e-06,0.000000000000000000e+00
5.522999907009009125e-06,0.000000000000000000e+00
5.523499906994868160e-06,0.000000000000000000e+00
5.523999906980727194e-06,0.000000000000000000e+00
5.524499906966586228e-06,0.000000000000000000e+00
5.524999906952445262e-06,0.000000000000000000e+00
5.525499906938304297e-06,0.000000000000000000e+00
5.525999906924163331e-06,0.000000000000000000e+00
5.526499906910022365e-06,0.000000000000000000e+00
5.526999906895881400e-06,0.000000000000000000e+00
5.527499906881740434e-06,0.000000000000000000e+00
5.527999906867599468e-06,0.000000000000000000e+00
5.528499906853458502e-06,0.000000000000000000e+00
5.528999906839317537e-06,0.000000000000000000e+00
5.529499906825176571e-06,0.000000000000000000e+00
5.529999906811035605e-06,0.000000000000000000e+00
5.530499906796894639e-06,0.000000000000000000e+00
5.530999906782753674e-06,0.000000000000000000e+00
5.531499906768612708e-06,0.000000000000000000e+00
5.531999906754471742e-06,0.000000000000000000e+00
5.532499906740330776e-06,0.000000000000000000e+00
5.532999906726189811e-06,0.000000000000000000e+00
5.533499906712048845e-06,0.000000000000000000e+00
5.533999906697907879e-06,0.000000000000000000e+00
5.534499906683766914e-06,0.000000000000000000e+00
5.534999906669625948e-06,0.000000000000000000e+00
5.535499906655484982e-06,0.000000000000000000e+00
5.535999906641344016e-06,0.000000000000000000e+00
5.536499906627203051e-06,0.000000000000000000e+00
5.536999906613062085e-06,0.000000000000000000e+00
5.537499906598921119e-06,0.000000000000000000e+00
5.537999906584780153e-06,0.000000000000000000e+00
5.538499906570639188e-06,0.000000000000000000e+00
5.538999906556498222e-06,0.000000000000000000e+00
5.539499906542357256e-06,0.000000000000000000e+00
5.539999906528216290e-06,0.000000000000000000e+00
5.540499906514075325e-06,0.000000000000000000e+00
5.540999906499934359e-06,0.000000000000000000e+00
5.541499906485793393e-06,0.000000000000000000e+00
5.541999906471652428e-06,0.000000000000000000e+00
5.542499906457511462e-06,0.000000000000000000e+00
5.542999906443370496e-06,0.000000000000000000e+00
5.543499906429229530e-06,0.000000000000000000e+00
5.543999906415088565e-06,0.000000000000000000e+00
5.544499906400947599e-06,0.000000000000000000e+00
5.544999906386806633e-06,0.000000000000000000e+00
5.545499906372665667e-06,0.000000000000000000e+00
5.545999906358524702e-06,0.000000000000000000e+00
5.546499906344383736e-06,0.000000000000000000e+00
5.546999906330242770e-06,0.000000000000000000e+00
5.547499906316101805e-06,0.000000000000000000e+00
5.547999906301960839e-06,0.000000000000000000e+00
5.548499906287819873e-06,0.000000000000000000e+00
5.548999906273678907e-06,0.000000000000000000e+00
5.549499906259537942e-06,0.000000000000000000e+00
5.549999906245396976e-06,0.000000000000000000e+00
5.550499906231256010e-06,0.000000000000000000e+00
5.550999906217115044e-06,0.000000000000000000e+00
5.551499906202974079e-06,0.000000000000000000e+00
5.551999906188833113e-06,0.000000000000000000e+00
5.552499906174692147e-06,0.000000000000000000e+00
5.552999906160551181e-06,0.000000000000000000e+00
5.553499906146410216e-06,0.000000000000000000e+00
5.553999906132269250e-06,0.000000000000000000e+00
5.554499906118128284e-06,0.000000000000000000e+00
5.554999906103987319e-06,0.000000000000000000e+00
5.555499906089846353e-06,0.000000000000000000e+00
5.555999906075705387e-06,0.000000000000000000e+00
5.556499906061564421e-06,0.000000000000000000e+00
5.556999906047423456e-06,0.000000000000000000e+00
5.557499906033282490e-06,0.000000000000000000e+00
5.557999906019141524e-06,-4.000000059604644775e-01
5.558499906005000558e-06,-8.000000119209289551e-01
5.558999905990859593e-06,-1.400000020861625671e+00
5.559499905976718627e-06,-1.800000026822090149e+00
5.559999905962577661e-06,-2.200000032782554626e+00
5.560499905948436695e-06,-2.200000032782554626e+00
5.560999905934295730e-06,-2.200000032782554626e+00
5.561499905920154764e-06,-2.400000035762786865e+00
5.561999905906013798e-06,-2.600000038743019104e+00
5.562499905891872833e-06,-2.600000038743019104e+00
5.562999905877731867e-06,-2.600000038743019104e+00
5.563499905863590901e-06,-2.800000041723251343e+00
5.563999905849449935e-06,-3.000000044703483582e+00
5.564499905835308970e-06,-3.000000044703483582e+00
5.564999905821168004e-06,-3.200000047683715820e+00
5.565499905807027038e-06,-3.400000050663948059e+00
5.565999905792886072e-06,-3.400000050663948059e+00
5.566499905778745107e-06,-3.600000053644180298e+00
5.566999905764604141e-06,-3.600000053644180298e+00
5.567499905750463175e-06,-3.600000053644180298e+00
5.567999905736322210e-06,-3.800000056624412537e+00
5.568499905722181244e-06,-3.800000056624412537e+00
5.568999905708040278e-06,-3.800000056624412537e+00
5.569499905693899312e-06,-4.000000059604644775e+00
5.569999905679758347e-06,-4.000000059604644775e+00
5.570499905665617381e-06,-4.000000059604644775e+00
5.570999905651476415e-06,-4.000000059604644775e+00
5.571499905637335449e-06,-4.000000059604644775e+00
5.571999905623194484e-06,-4.200000062584877014e+00
5.572499905609053518e-06,-4.200000062584877014e+00
5.572999905594912552e-06,-4.200000062584877014e+00
5.573499905580771586e-06,-4.200000062584877014e+00
5.573999905566630621e-06,-4.200000062584877014e+00
5.574499905552489655e-06,-4.200000062584877014e+00
5.574999905538348689e-06,-4.200000062584877014e+00
5.575499905524207724e-06,-4.200000062584877014e+00
5.575999905510066758e-06,-4.200000062584877014e+00
5.576499905495925792e-06,-4.200000062584877014e+00
5.576999905481784826e-06,-4.200000062584877014e+00
5.577499905467643861e-06,-4.200000062584877014e+00
5.577999905453502895e-06,-4.200000062584877014e+00
5.578499905439361929e-06,-4.200000062584877014e+00
5.578999905425220963e-06,-4.200000062584877014e+00
5.579499905411079998e-06,-4.000000059604644775e+00
5.579999905396939032e-06,-4.000000059604644775e+00
5.580499905382798066e-06,-4.000000059604644775e+00
5.580999905368657100e-06,-4.000000059604644775e+00
5.581499905354516135e-06,-4.000000059604644775e+00
5.581999905340375169e-06,-3.800000056624412537e+00
5.582499905326234203e-06,-3.600000053644180298e+00
5.582999905312093238e-06,-3.600000053644180298e+00
5.583499905297952272e-06,-3.600000053644180298e+00
5.583999905283811306e-06,-3.600000053644180298e+00
5.584499905269670340e-06,-3.400000050663948059e+00
5.584999905255529375e-06,-3.400000050663948059e+00
5.585499905241388409e-06,-3.400000050663948059e+00
5.585999905227247443e-06,-3.200000047683715820e+00
5.586499905213106477e-06,-3.000000044703483582e+00
5.586999905198965512e-06,-3.000000044703483582e+00
5.587499905184824546e-06,-2.800000041723251343e+00
5.587999905170683580e-06,-2.800000041723251343e+00
5.588499905156542615e-06,-2.600000038743019104e+00
5.588999905142401649e-06,-2.400000035762786865e+00
5.589499905128260683e-06,-2.400000035762786865e+00
5.589999905114119717e-06,-2.200000032782554626e+00
5.590499905099978752e-06,-2.200000032782554626e+00
5.590999905085837786e-06,-2.000000029802322388e+00
5.591499905071696820e-06,-1.800000026822090149e+00
5.591999905057555854e-06,-1.800000026822090149e+00
5.592499905043414889e-06,-1.600000023841857910e+00
5.592999905029273923e-06,-1.400000020861625671e+00
5.593499905015132957e-06,-1.400000020861625671e+00
5.593999905000991991e-06,-1.200000017881393433e+00
5.594499904986851026e-06,-1.200000017881393433e+00
5.594999904972710060e-06,-1.000000014901161194e+00
5.595499904958569094e-06,-8.000000119209289551e-01
5.595999904944428129e-06,-6.000000089406967163e-01
5.596499904930287163e-06,-4.000000059604644775e-01
5.596999904916146197e-06,-2.000000029802322388e-01
5.597499904902005231e-06,-2.000000029802322388e-01
5.597999904887864266e-06,0.000000000000000000e+00
5.598499904873723300e-06,2.000000029802322388e-01
5.598999904859582334e-06,4.000000059604644775e-01
5.599499904845441368e-06,4.000000059604644775e-01
5.599999904831300403e-06,6.000000089406967163e-01
5.600499904817159437e-06,8.000000119209289551e-01
5.600999904803018471e-06,1.000000014901161194e+00
5.601499904788877505e-06,1.200000017881393433e+00
5.601999904774736540e-06,1.400000020861625671e+00
5.602499904760595574e-06,1.400000020861625671e+00
5.602999904746454608e-06,1.600000023841857910e+00
5.603499904732313643e-06,1.800000026822090149e+00
5.603999904718172677e-06,2.000000029802322388e+00
5.604499904704031711e-06,2.000000029802322388e+00
5.604999904689890745e-06,2.200000032782554626e+00
5.605499904675749780e-06,2.400000035762786865e+00
5.605999904661608814e-06,2.400000035762786865e+00
5.606499904647467848e-06,2.600000038743019104e+00
5.606999904633326882e-06,2.800000041723251343e+00
5.607499904619185917e-06,3.000000044703483582e+00
5.607999904605044951e-06,3.000000044703483582e+00
5.608499904590903985e-06,3.200000047683715820e+00
5.608999904576763020e-06,3.400000050663948059e+00
5.609499904562622054e-06,3.400000050663948059e+00
5.609999904548481088e-06,3.600000053644180298e+00
5.610499904534340122e-06,3.600000053644180298e+00
5.610999904520199157e-06,3.800000056624412537e+00
5.611499904506058191e-06,3.800000056624412537e+00
5.611999904491917225e-06,4.000000059604644775e+00
5.612499904477776259e-06,4.000000059604644775e+00
5.612999904463635294e-06,4.200000062584877014e+00
5.613499904449494328e-06,4.400000065565109253e+00
5.613999904435353362e-06,4.600000068545341492e+00
5.614499904421212396e-06,4.600000068545341492e+00
5.614999904407071431e-06,4.800000071525573730e+00
5.615499904392930465e-06,4.800000071525573730e+00
5.615999904378789499e-06,4.800000071525573730e+00
5.616499904364648534e-06,4.800000071525573730e+00
5.616999904350507568e-06,5.000000074505805969e+00
5.617499904336366602e-06,5.000000074505805969e+00
5.617999904322225636e-06,5.200000077486038208e+00
5.618499904308084671e-06,5.200000077486038208e+00
5.618999904293943705e-06,5.400000080466270447e+00
5.619499904279802739e-06,5.400000080466270447e+00
5.619999904265661773e-06,5.400000080466270447e+00
5.620499904251520808e-06,5.400000080466270447e+00
5.620999904237379842e-06,5.400000080466270447e+00
5.621499904223238876e-06,5.400000080466270447e+00
5.621999904209097910e-06,5.600000083446502686e+00
5.622499904194956945e-06,5.600000083446502686e+00
5.622999904180815979e-06,5.600000083446502686e+00
5.623499904166675013e-06,5.600000083446502686e+00
5.623999904152534048e-06,5.600000083446502686e+00
5.624499904138393082e-06,5.600000083446502686e+00
5.624999904124252116e-06,5.600000083446502686e+00
5.625499904110111150e-06,5.600000083446502686e+00
5.625999904095970185e-06,5.600000083446502686e+00
5.626499904081829219e-06,5.600000083446502686e+00
5.626999904067688253e-06,5.600000083446502686e+00
5.627499904053547287e-06,5.400000080466270447e+00
5.627999904039406322e-06,5.400000080466270447e+00
5.628499904025265356e-06,5.400000080466270447e+00
5.628999904011124390e-06,5.400000080466270447e+00
5.629499903996983425e-06,5.400000080466270447e+00
5.629999903982842459e-06,5.400000080466270447e+00
5.630499903968701493e-06,5.200000077486038208e+00
5.630999903954560527e-06,5.200000077486038208e+00
5.631499903940419562e-06,5.000000074505805969e+00
5.631999903926278596e-06,5.000000074505805969e+00
5.632499903912137630e-06,5.000000074505805969e+00
5.632999903897996664e-06,5.000000074505805969e+00
5.633499903883855699e-06,4.800000071525573730e+00
5.633999903869714733e-06,4.600000068545341492e+00
5.634499903855573767e-06,4.600000068545341492e+00
5.634999903841432801e-06,4.600000068545341492e+00
5.635499903827291836e-06,4.400000065565109253e+00
5.635999903813150870e-06,4.400000065565109253e+00
5.636499903799009904e-06,4.200000062584877014e+00
5.636999903784868939e-06,4.000000059604644775e+00
5.637499903770727973e-06,4.000000059604644775e+00
5.637999903756587007e-06,3.800000056624412537e+00
5.638499903742446041e-06,3.800000056624412537e+00
5.638999903728305076e-06,3.600000053644180298e+00
5.639499903714164110e-06,3.400000050663948059e+00
5.639999903700023144e-06,3.400000050663948059e+00
5.640499903685882178e-06,3.200000047683715820e+00
5.640999903671741213e-06,3.000000044703483582e+00
5.641499903657600247e-06,3.000000044703483582e+00
5.641999903643459281e-06,2.800000041723251343e+00
5.642499903629318315e-06,2.600000038743019104e+00
5.642999903615177350e-06,2.600000038743019104e+00
5.643499903601036384e-06,2.400000035762786865e+00
5.643999903586895418e-06,2.200000032782554626e+00
5.644499903572754453e-06,2.200000032782554626e+00
5.644999903558613487e-06,2.000000029802322388e+00
5.645499903544472521e-06,1.800000026822090149e+00
5.645999903530331555e-06,1.600000023841857910e+00
5.646499903516190590e-06,1.400000020861625671e+00
5.646999903502049624e-06,1.400000020861625671e+00
5.647499903487908658e-06,1.200000017881393433e+00
5.647999903473767692e-06,1.000000014901161194e+00
5.648499903459626727e-06,8.000000119209289551e-01
5.648999903445485761e-06,6.000000089406967163e-01
5.649499903431344795e-06,4.000000059604644775e-01
5.649999903417203830e-06,4.000000059604644775e-01
5.650499903403062864e-06,2.000000029802322388e-01
5.650999903388921898e-06,0.000000000000000000e+00
5.651499903374780932e-06,-2.000000029802322388e-01
5.651999903360639967e-06,-2.000000029802322388e-01
5.652499903346499001e-06,-4.000000059604644775e-01
5.652999903332358035e-06,-6.000000089406967163e-01
5.653499903318217069e-06,-8.000000119209289551e-01
5.653999903304076104e-06,-1.000000014901161194e+00
5.654499903289935138e-06,-1.200000017881393433e+00
5.654999903275794172e-06,-1.200000017881393433e+00
5.655499903261653206e-06,-1.400000020861625671e+00
5.655999903247512241e-06,-1.600000023841857910e+00
5.656499903233371275e-06,-1.800000026822090149e+00
5.656999903219230309e-06,-1.800000026822090149e+00
5.657499903205089344e-06,-2.000000029802322388e+00
5.657999903190948378e-06,-2.000000029802322388e+00
5.658499903176807412e-06,-2.200000032782554626e+00
5.658999903162666446e-06,-2.400000035762786865e+00
5.659499903148525481e-06,-2.600000038743019104e+00
5.659999903134384515e-06,-2.600000038743019104e+00
5.660499903120243549e-06,-2.800000041723251343e+00
5.660999903106102583e-06,-3.000000044703483582e+00
5.661499903091961618e-06,-3.000000044703483582e+00
5.661999903077820652e-06,-3.200000047683715820e+00
5.662499903063679686e-06,-3.400000050663948059e+00
5.662999903049538720e-06,-3.400000050663948059e+00
5.663499903035397755e-06,-3.600000053644180298e+00
5.663999903021256789e-06,-3.600000053644180298e+00
5.664499903007115823e-06,-3.800000056624412537e+00
5.664999902992974858e-06,-3.800000056624412537e+00
5.665499902978833892e-06,-4.000000059604644775e+00
5.665999902964692926e-06,-4.000000059604644775e+00
5.666499902950551960e-06,-4.200000062584877014e+00
5.666999902936410995e-06,-4.200000062584877014e+00
5.667499902922270029e-06,-4.200000062584877014e+00
5.667999902908129063e-06,-4.400000065565109253e+00
5.668499902893988097e-06,-4.400000065565109253e+00
5.668999902879847132e-06,-4.400000065565109253e+00
5.669499902865706166e-06,-4.600000068545341492e+00
5.669999902851565200e-06,-4.600000068545341492e+00
5.670499902837424235e-06,-4.600000068545341492e+00
5.670999902823283269e-06,-4.600000068545341492e+00
5.671499902809142303e-06,-4.800000071525573730e+00
5.671999902795001337e-06,-4.800000071525573730e+00
5.672499902780860372e-06,-4.800000071525573730e+00
5.672999902766719406e-06,-4.800000071525573730e+00
5.673499902752578440e-06,-4.800000071525573730e+00
5.673999902738437474e-06,-4.800000071525573730e+00
5.674499902724296509e-06,-4.800000071525573730e+00
5.674999902710155543e-06,-4.800000071525573730e+00
5.675499902696014577e-06,-4.800000071525573730e+00
5.675999902681873611e-06,-4.800000071525573730e+00
5.676499902667732646e-06,-4.800000071525573730e+00
5.676999902653591680e-06,-4.800000071525573730e+00
5.677499902639450714e-06,-4.800000071525573730e+00
5.677999902625309749e-06,-4.800000071525573730e+00
5.678499902611168783e-06,-4.800000071525573730e+00
5.678999902597027817e-06,-4.800000071525573730e+00
5.679499902582886851e-06,-4.600000068545341492e+00
5.679999902568745886e-06,-4.600000068545341492e+00
5.680499902554604920e-06,-4.600000068545341492e+00
5.680999902540463954e-06,-4.600000068545341492e+00
5.681499902526322988e-06,-4.400000065565109253e+00
5.681999902512182023e-06,-4.400000065565109253e+00
5.682499902498041057e-06,-4.400000065565109253e+00
5.682999902483900091e-06,-4.200000062584877014e+00
5.683499902469759125e-06,-4.200000062584877014e+00
5.683999902455618160e-06,-4.000000059604644775e+00
5.684499902441477194e-06,-4.000000059604644775e+00
5.684999902427336228e-06,-4.000000059604644775e+00
5.685499902413195263e-06,-3.800000056624412537e+00
5.685999902399054297e-06,-3.800000056624412537e+00
5.686499902384913331e-06,-3.600000053644180298e+00
5.686999902370772365e-06,-3.600000053644180298e+00
5.687499902356631400e-06,-3.400000050663948059e+00
5.687999902342490434e-06,-3.400000050663948059e+00
5.688499902328349468e-06,-3.200000047683715820e+00
5.688999902314208502e-06,-3.200000047683715820e+00
5.689499902300067537e-06,-3.000000044703483582e+00
5.689999902285926571e-06,-2.800000041723251343e+00
5.690499902271785605e-06,-2.600000038743019104e+00
5.690999902257644640e-06,-2.600000038743019104e+00
5.691499902243503674e-06,-2.400000035762786865e+00
5.691999902229362708e-06,-2.200000032782554626e+00
5.692499902215221742e-06,-2.200000032782554626e+00
5.692999902201080777e-06,-2.000000029802322388e+00
5.693499902186939811e-06,-2.000000029802322388e+00
5.693999902172798845e-06,-1.800000026822090149e+00
5.694499902158657879e-06,-1.600000023841857910e+00
5.694999902144516914e-06,-1.400000020861625671e+00
5.695499902130375948e-06,-1.200000017881393433e+00
5.695999902116234982e-06,-1.000000014901161194e+00
5.696499902102094016e-06,-1.000000014901161194e+00
5.696999902087953051e-06,-8.000000119209289551e-01
5.697499902073812085e-06,-6.000000089406967163e-01
5.697999902059671119e-06,-4.000000059604644775e-01
5.698499902045530154e-06,-4.000000059604644775e-01
5.698999902031389188e-06,-2.000000029802322388e-01
5.699499902017248222e-06,0.000000000000000000e+00
5.699999902003107256e-06,2.000000029802322388e-01
5.700499901988966291e-06,2.000000029802322388e-01
5.700999901974825325e-06,4.000000059604644775e-01
5.701499901960684359e-06,6.000000089406967163e-01
5.701999901946543393e-06,8.000000119209289551e-01
5.702499901932402428e-06,8.000000119209289551e-01
5.702999901918261462e-06,1.000000014901161194e+00
5.703499901904120496e-06,1.200000017881393433e+00
5.703999901889979530e-06,1.400000020861625671e+00
5.704499901875838565e-06,1.600000023841857910e+00
5.704999901861697599e-06,1.800000026822090149e+00
5.705499901847556633e-06,1.800000026822090149e+00
5.705999901833415668e-06,2.000000029802322388e+00
5.706499901819274702e-06,2.200000032782554626e+00
5.706999901805133736e-06,2.200000032782554626e+00
5.707499901790992770e-06,2.400000035762786865e+00
5.707999901776851805e-06,2.600000038743019104e+00
5.708499901762710839e-06,2.600000038743019104e+00
5.708999901748569873e-06,2.800000041723251343e+00
5.709499901734428907e-06,3.000000044703483582e+00
5.709999901720287942e-06,3.200000047683715820e+00
5.710499901706146976e-06,3.200000047683715820e+00
5.710999901692006010e-06,3.400000050663948059e+00
5.711499901677865045e-06,3.400000050663948059e+00
5.711999901663724079e-06,3.600000053644180298e+00
5.712499901649583113e-06,3.600000053644180298e+00
5.712999901635442147e-06,3.800000056624412537e+00
5.713499901621301182e-06,3.800000056624412537e+00
5.713999901607160216e-06,4.000000059604644775e+00
5.714499901593019250e-06,4.000000059604644775e+00
5.714999901578878284e-06,4.200000062584877014e+00
5.715499901564737319e-06,4.200000062584877014e+00
5.715999901550596353e-06,4.400000065565109253e+00
5.716499901536455387e-06,4.400000065565109253e+00
5.716999901522314421e-06,4.600000068545341492e+00
5.717499901508173456e-06,4.600000068545341492e+00
5.717999901494032490e-06,4.600000068545341492e+00
5.718499901479891524e-06,4.800000071525573730e+00
5.718999901465750559e-06,4.800000071525573730e+00
5.719499901451609593e-06,4.800000071525573730e+00
5.719999901437468627e-06,5.000000074505805969e+00
5.720499901423327661e-06,5.000000074505805969e+00
5.720999901409186696e-06,5.000000074505805969e+00
5.721499901395045730e-06,5.000000074505805969e+00
5.721999901380904764e-06,5.000000074505805969e+00
5.722499901366763798e-06,5.000000074505805969e+00
5.722999901352622833e-06,5.200000077486038208e+00
5.723499901338481867e-06,5.000000074505805969e+00
5.723999901324340901e-06,5.200000077486038208e+00
5.724499901310199935e-06,5.000000074505805969e+00
5.724999901296058970e-06,5.200000077486038208e+00
5.725499901281918004e-06,5.200000077486038208e+00
5.725999901267777038e-06,5.200000077486038208e+00
5.726499901253636073e-06,5.200000077486038208e+00
5.726999901239495107e-06,5.200000077486038208e+00
5.727499901225354141e-06,5.000000074505805969e+00
5.727999901211213175e-06,5.000000074505805969e+00
5.728499901197072210e-06,5.000000074505805969e+00
5.728999901182931244e-06,5.000000074505805969e+00
5.729499901168790278e-06,5.000000074505805969e+00
5.729999901154649312e-06,4.800000071525573730e+00
5.730499901140508347e-06,4.800000071525573730e+00
5.730999901126367381e-06,4.800000071525573730e+00
5.731499901112226415e-06,4.600000068545341492e+00
5.731999901098085450e-06,4.600000068545341492e+00
5.732499901083944484e-06,4.600000068545341492e+00
5.732999901069803518e-06,4.600000068545341492e+00
5.733499901055662552e-06,4.400000065565109253e+00
5.733999901041521587e-06,4.200000062584877014e+00
5.734499901027380621e-06,4.200000062584877014e+00
5.734999901013239655e-06,4.200000062584877014e+00
5.735499900999098689e-06,4.000000059604644775e+00
5.735999900984957724e-06,4.000000059604644775e+00
5.736499900970816758e-06,3.800000056624412537e+00
5.736999900956675792e-06,3.800000056624412537e+00
5.737499900942534826e-06,3.600000053644180298e+00
5.737999900928393861e-06,3.600000053644180298e+00
5.738499900914252895e-06,3.400000050663948059e+00
5.738999900900111929e-06,3.400000050663948059e+00
5.739499900885970964e-06,3.200000047683715820e+00
5.739999900871829998e-06,3.000000044703483582e+00
5.740499900857689032e-06,3.000000044703483582e+00
5.740999900843548066e-06,2.800000041723251343e+00
5.741499900829407101e-06,2.600000038743019104e+00
5.741999900815266135e-06,2.400000035762786865e+00
5.742499900801125169e-06,2.400000035762786865e+00
5.742999900786984203e-06,2.200000032782554626e+00
5.743499900772843238e-06,2.000000029802322388e+00
5.743999900758702272e-06,1.800000026822090149e+00
5.744499900744561306e-06,1.800000026822090149e+00
5.744999900730420340e-06,1.600000023841857910e+00
5.745499900716279375e-06,1.400000020861625671e+00
5.745999900702138409e-06,1.400000020861625671e+00
5.746499900687997443e-06,1.200000017881393433e+00
5.746999900673856478e-06,1.000000014901161194e+00
5.747499900659715512e-06,8.000000119209289551e-01
5.747999900645574546e-06,8.000000119209289551e-01
5.748499900631433580e-06,4.000000059604644775e-01
5.748999900617292615e-06,4.000000059604644775e-01
5.749499900603151649e-06,2.000000029802322388e-01
5.749999900589010683e-06,0.000000000000000000e+00
5.750499900574869717e-06,-2.000000029802322388e-01
5.750999900560728752e-06,-2.000000029802322388e-01
5.751499900546587786e-06,-4.000000059604644775e-01
5.751999900532446820e-06,-6.000000089406967163e-01
5.752499900518305855e-06,-8.000000119209289551e-01
5.752999900504164889e-06,-1.000000014901161194e+00
5.753499900490023923e-06,-1.200000017881393433e+00
5.753999900475882957e-06,-1.200000017881393433e+00
5.754499900461741992e-06,-1.400000020861625671e+00
5.754999900447601026e-06,-1.600000023841857910e+00
5.755499900433460060e-06,-1.800000026822090149e+00
5.755999900419319094e-06,-1.800000026822090149e+00
5.756499900405178129e-06,-2.000000029802322388e+00
5.756999900391037163e-06,-2.000000029802322388e+00
5.757499900376896197e-06,-2.200000032782554626e+00
5.757999900362755231e-06,-2.400000035762786865e+00
5.758499900348614266e-06,-2.600000038743019104e+00
5.758999900334473300e-06,-2.600000038743019104e+00
5.759499900320332334e-06,-2.800000041723251343e+00
5.759999900306191369e-06,-3.000000044703483582e+00
5.760499900292050403e-06,-3.200000047683715820e+00
5.760999900277909437e-06,-3.200000047683715820e+00
5.761499900263768471e-06,-3.400000050663948059e+00
5.761999900249627506e-06,-3.400000050663948059e+00
5.762499900235486540e-06,-3.600000053644180298e+00
5.762999900221345574e-06,-3.800000056624412537e+00
5.763499900207204608e-06,-3.800000056624412537e+00
5.763999900193063643e-06,-4.000000059604644775e+00
5.764499900178922677e-06,-4.000000059604644775e+00
5.764999900164781711e-06,-4.000000059604644775e+00
5.765499900150640745e-06,-4.200000062584877014e+00
5.765999900136499780e-06,-4.400000065565109253e+00
5.766499900122358814e-06,-4.400000065565109253e+00
5.766999900108217848e-06,-4.400000065565109253e+00
5.767499900094076883e-06,-4.400000065565109253e+00
5.767999900079935917e-06,-4.600000068545341492e+00
5.768499900065794951e-06,-4.600000068545341492e+00
5.768999900051653985e-06,-4.600000068545341492e+00
5.769499900037513020e-06,-4.800000071525573730e+00
5.769999900023372054e-06,-4.800000071525573730e+00
5.770499900009231088e-06,-4.800000071525573730e+00
5.770999899995090122e-06,-5.000000074505805969e+00
5.771499899980949157e-06,-5.000000074505805969e+00
5.771999899966808191e-06,-5.000000074505805969e+00
5.772499899952667225e-06,-5.000000074505805969e+00
5.772999899938526260e-06,-5.000000074505805969e+00
5.773499899924385294e-06,-5.000000074505805969e+00
5.773999899910244328e-06,-5.000000074505805969e+00
5.774499899896103362e-06,-5.000000074505805969e+00
5.774999899881962397e-06,-5.000000074505805969e+00
5.775499899867821431e-06,-5.000000074505805969e+00
5.775999899853680465e-06,-5.000000074505805969e+00
5.776499899839539499e-06,-5.000000074505805969e+00
5.776999899825398534e-06,-5.000000074505805969e+00
5.777499899811257568e-06,-5.000000074505805969e+00
5.777999899797116602e-06,-5.000000074505805969e+00
5.778499899782975636e-06,-5.000000074505805969e+00
5.778999899768834671e-06,-5.000000074505805969e+00
5.779499899754693705e-06,-4.800000071525573730e+00
5.779999899740552739e-06,-4.800000071525573730e+00
5.780499899726411774e-06,-4.800000071525573730e+00
5.780999899712270808e-06,-4.600000068545341492e+00
5.781499899698129842e-06,-4.600000068545341492e+00
5.781999899683988876e-06,-4.600000068545341492e+00
5.782499899669847911e-06,-4.600000068545341492e+00
5.782999899655706945e-06,-4.400000065565109253e+00
5.783499899641565979e-06,-4.400000065565109253e+00
5.783999899627425013e-06,-4.400000065565109253e+00
5.784499899613284048e-06,-4.200000062584877014e+00
5.784999899599143082e-06,-4.200000062584877014e+00
5.785499899585002116e-06,-4.000000059604644775e+00
5.785999899570861150e-06,-4.000000059604644775e+00
5.786499899556720185e-06,-3.800000056624412537e+00
5.786999899542579219e-06,-3.600000053644180298e+00
5.787499899528438253e-06,-3.600000053644180298e+00
5.787999899514297288e-06,-3.400000050663948059e+00
5.788499899500156322e-06,-3.400000050663948059e+00
5.788999899486015356e-06,-3.200000047683715820e+00
5.789499899471874390e-06,-3.200000047683715820e+00
5.789999899457733425e-06,-3.000000044703483582e+00
5.790499899443592459e-06,-2.800000041723251343e+00
5.790999899429451493e-06,-2.600000038743019104e+00
5.791499899415310527e-06,-2.600000038743019104e+00
5.791999899401169562e-06,-2.400000035762786865e+00
5.792499899387028596e-06,-2.400000035762786865e+00
5.792999899372887630e-06,-2.200000032782554626e+00
5.793499899358746665e-06,-2.000000029802322388e+00
5.793999899344605699e-06,-1.800000026822090149e+00
5.794499899330464733e-06,-1.800000026822090149e+00
5.794999899316323767e-06,-1.600000023841857910e+00
5.795499899302182802e-06,-1.400000020861625671e+00
5.795999899288041836e-06,-1.200000017881393433e+00
5.796499899273900870e-06,-1.200000017881393433e+00
5.796999899259759904e-06,-1.000000014901161194e+00
5.797499899245618939e-06,-8.000000119209289551e-01
5.797999899231477973e-06,-6.000000089406967163e-01
5.798499899217337007e-06,-4.000000059604644775e-01
5.798999899203196041e-06,-2.000000029802322388e-01
5.799499899189055076e-06,-2.000000029802322388e-01
5.799999899174914110e-06,0.000000000000000000e+00
5.800499899160773144e-06,2.000000029802322388e-01
5.800999899146632179e-06,4.000000059604644775e-01
5.801499899132491213e-06,4.000000059604644775e-01
5.801999899118350247e-06,6.000000089406967163e-01
5.802499899104209281e-06,8.000000119209289551e-01
5.802999899090068316e-06,1.000000014901161194e+00
5.803499899075927350e-06,1.200000017881393433e+00
5.803999899061786384e-06,1.200000017881393433e+00
5.804499899047645418e-06,1.400000020861625671e+00
5.804999899033504453e-06,1.600000023841857910e+00
5.805499899019363487e-06,1.600000023841857910e+00
5.805999899005222521e-06,1.800000026822090149e+00
5.806499898991081555e-06,2.000000029802322388e+00
5.806999898976940590e-06,2.200000032782554626e+00
5.807499898962799624e-06,2.400000035762786865e+00
5.807999898948658658e-06,2.400000035762786865e+00
5.808499898934517693e-06,2.600000038743019104e+00
5.808999898920376727e-06,2.800000041723251343e+00
5.809499898906235761e-06,2.800000041723251343e+00
5.809999898892094795e-06,3.000000044703483582e+00
5.810499898877953830e-06,3.000000044703483582e+00
5.810999898863812864e-06,3.200000047683715820e+00
5.811499898849671898e-06,3.400000050663948059e+00
5.811999898835530932e-06,3.400000050663948059e+00
5.812499898821389967e-06,3.600000053644180298e+00
5.812999898807249001e-06,3.600000053644180298e+00
5.813499898793108035e-06,3.800000056624412537e+00
5.813999898778967070e-06,4.000000059604644775e+00
5.814499898764826104e-06,4.000000059604644775e+00
5.814999898750685138e-06,4.200000062584877014e+00
5.815499898736544172e-06,4.200000062584877014e+00
5.815999898722403207e-06,4.200000062584877014e+00
5.816499898708262241e-06,4.400000065565109253e+00
5.816999898694121275e-06,4.400000065565109253e+00
5.817499898679980309e-06,4.600000068545341492e+00
5.817999898665839344e-06,4.600000068545341492e+00
5.818499898651698378e-06,4.600000068545341492e+00
5.818999898637557412e-06,4.800000071525573730e+00
5.819499898623416446e-06,4.800000071525573730e+00
5.819999898609275481e-06,4.800000071525573730e+00
5.820499898595134515e-06,4.800000071525573730e+00
5.820999898580993549e-06,5.000000074505805969e+00
5.821499898566852584e-06,4.800000071525573730e+00
5.821999898552711618e-06,5.000000074505805969e+00
5.822499898538570652e-06,5.000000074505805969e+00
5.822999898524429686e-06,5.000000074505805969e+00
5.823499898510288721e-06,5.000000074505805969e+00
5.823999898496147755e-06,5.000000074505805969e+00
5.824499898482006789e-06,5.000000074505805969e+00
5.824999898467865823e-06,5.000000074505805969e+00
5.825499898453724858e-06,5.000000074505805969e+00
5.825999898439583892e-06,5.000000074505805969e+00
5.826499898425442926e-06,5.000000074505805969e+00
5.826999898411301960e-06,5.000000074505805969e+00
5.827499898397160995e-06,5.000000074505805969e+00
5.827999898383020029e-06,5.000000074505805969e+00
5.828499898368879063e-06,5.000000074505805969e+00
5.828999898354738098e-06,5.000000074505805969e+00
5.829499898340597132e-06,4.800000071525573730e+00
5.829999898326456166e-06,4.800000071525573730e+00
5.830499898312315200e-06,4.800000071525573730e+00
5.830999898298174235e-06,4.800000071525573730e+00
5.831499898284033269e-06,4.600000068545341492e+00
5.831999898269892303e-06,4.600000068545341492e+00
5.832499898255751337e-06,4.400000065565109253e+00
5.832999898241610372e-06,4.400000065565109253e+00
5.833499898227469406e-06,4.400000065565109253e+00
5.833999898213328440e-06,4.200000062584877014e+00
5.834499898199187475e-06,4.200000062584877014e+00
5.834999898185046509e-06,4.200000062584877014e+00
5.835499898170905543e-06,4.000000059604644775e+00
5.835999898156764577e-06,3.800000056624412537e+00
5.836499898142623612e-06,3.800000056624412537e+00
5.836999898128482646e-06,3.800000056624412537e+00
5.837499898114341680e-06,3.600000053644180298e+00
5.837999898100200714e-06,3.400000050663948059e+00
5.838499898086059749e-06,3.400000050663948059e+00
5.838999898071918783e-06,3.200000047683715820e+00
5.839499898057777817e-06,3.200000047683715820e+00
5.839999898043636851e-06,3.000000044703483582e+00
5.840499898029495886e-06,2.800000041723251343e+00
5.840999898015354920e-06,2.800000041723251343e+00
5.841499898001213954e-06,2.600000038743019104e+00
5.841999897987072989e-06,2.400000035762786865e+00
5.842499897972932023e-06,2.200000032782554626e+00
5.842999897958791057e-06,2.200000032782554626e+00
5.843499897944650091e-06,2.000000029802322388e+00
5.843999897930509126e-06,1.800000026822090149e+00
5.844499897916368160e-06,1.800000026822090149e+00
5.844999897902227194e-06,1.600000023841857910e+00
5.845499897888086228e-06,1.400000020861625671e+00
5.845999897873945263e-06,1.200000017881393433e+00
5.846499897859804297e-06,1.000000014901161194e+00
5.846999897845663331e-06,1.000000014901161194e+00
5.847499897831522365e-06,8.000000119209289551e-01
5.847999897817381400e-06,6.000000089406967163e-01
5.848499897803240434e-06,4.000000059604644775e-01
5.848999897789099468e-06,4.000000059604644775e-01
5.849499897774958503e-06,2.000000029802322388e-01
5.849999897760817537e-06,0.000000000000000000e+00
5.850499897746676571e-06,-2.000000029802322388e-01
5.850999897732535605e-06,-2.000000029802322388e-01
5.851499897718394640e-06,-4.000000059604644775e-01
5.851999897704253674e-06,-6.000000089406967163e-01
5.852499897690112708e-06,-8.000000119209289551e-01
5.852999897675971742e-06,-1.000000014901161194e+00
5.853499897661830777e-06,-1.200000017881393433e+00
5.853999897647689811e-06,-1.200000017881393433e+00
5.854499897633548845e-06,-1.400000020861625671e+00
5.854999897619407880e-06,-1.600000023841857910e+00
5.855499897605266914e-06,-1.800000026822090149e+00
5.855999897591125948e-06,-1.800000026822090149e+00
5.856499897576984982e-06,-2.000000029802322388e+00
5.856999897562844017e-06,-2.200000032782554626e+00
5.857499897548703051e-06,-2.400000035762786865e+00
5.857999897534562085e-06,-2.400000035762786865e+00
5.858499897520421119e-06,-2.600000038743019104e+00
5.858999897506280154e-06,-2.800000041723251343e+00
5.859499897492139188e-06,-2.800000041723251343e+00
5.859999897477998222e-06,-3.000000044703483582e+00
5.860499897463857256e-06,-3.000000044703483582e+00
5.860999897449716291e-06,-3.200000047683715820e+00
5.861499897435575325e-06,-3.400000050663948059e+00
5.861999897421434359e-06,-3.600000053644180298e+00
5.862499897407293394e-06,-3.600000053644180298e+00
5.862999897393152428e-06,-3.800000056624412537e+00
5.863499897379011462e-06,-3.800000056624412537e+00
5.863999897364870496e-06,-4.000000059604644775e+00
5.864499897350729531e-06,-4.000000059604644775e+00
5.864999897336588565e-06,-4.200000062584877014e+00
5.865499897322447599e-06,-4.200000062584877014e+00
5.865999897308306633e-06,-4.400000065565109253e+00
5.866499897294165668e-06,-4.400000065565109253e+00
5.866999897280024702e-06,-4.400000065565109253e+00
5.867499897265883736e-06,-4.600000068545341492e+00
5.867999897251742770e-06,-4.600000068545341492e+00
5.868499897237601805e-06,-4.600000068545341492e+00
5.868999897223460839e-06,-4.800000071525573730e+00
5.869499897209319873e-06,-4.800000071525573730e+00
5.869999897195178908e-06,-4.800000071525573730e+00
5.870499897181037942e-06,-4.800000071525573730e+00
5.870999897166896976e-06,-5.000000074505805969e+00
5.871499897152756010e-06,-5.000000074505805969e+00
5.871999897138615045e-06,-5.000000074505805969e+00
5.872499897124474079e-06,-5.000000074505805969e+00
5.872999897110333113e-06,-5.000000074505805969e+00
5.873499897096192147e-06,-5.000000074505805969e+00
5.873999897082051182e-06,-5.000000074505805969e+00
5.874499897067910216e-06,-5.000000074505805969e+00
5.874999897053769250e-06,-5.000000074505805969e+00
5.875499897039628285e-06,-5.200000077486038208e+00
5.875999897025487319e-06,-5.000000074505805969e+00
5.876499897011346353e-06,-5.000000074505805969e+00
5.876999896997205387e-06,-5.000000074505805969e+00
5.877499896983064422e-06,-5.000000074505805969e+00
5.877999896968923456e-06,-5.000000074505805969e+00
5.878499896954782490e-06,-5.000000074505805969e+00
5.878999896940641524e-06,-5.000000074505805969e+00
5.879499896926500559e-06,-4.800000071525573730e+00
5.879999896912359593e-06,-4.800000071525573730e+00
5.880499896898218627e-06,-4.800000071525573730e+00
5.880999896884077661e-06,-4.800000071525573730e+00
5.881499896869936696e-06,-4.600000068545341492e+00
5.881999896855795730e-06,-4.600000068545341492e+00
5.882499896841654764e-06,-4.400000065565109253e+00
5.882999896827513799e-06,-4.200000062584877014e+00
5.883499896813372833e-06,-3.400000050663948059e+00
5.883999896799231867e-06,-1.600000023841857910e+00
5.884499896785090901e-06,0.000000000000000000e+00
5.884999896770949936e-06,1.000000014901161194e+00
5.885499896756808970e-06,1.200000017881393433e+00
5.885999896742668004e-06,1.000000014901161194e+00
5.886499896728527038e-06,8.000000119209289551e-01
5.886999896714386073e-06,6.000000089406967163e-01
5.887499896700245107e-06,6.000000089406967163e-01
5.887999896686104141e-06,6.000000089406967163e-01
5.888499896671963175e-06,6.000000089406967163e-01
5.888999896657822210e-06,8.000000119209289551e-01
5.889499896643681244e-06,6.000000089406967163e-01
5.889999896629540278e-06,6.000000089406967163e-01
5.890499896615399313e-06,6.000000089406967163e-01
5.890999896601258347e-06,8.000000119209289551e-01
5.891499896587117381e-06,6.000000089406967163e-01
5.891999896572976415e-06,6.000000089406967163e-01
5.892499896558835450e-06,6.000000089406967163e-01
5.892999896544694484e-06,6.000000089406967163e-01
5.893499896530553518e-06,6.000000089406967163e-01
5.893999896516412552e-06,6.000000089406967163e-01
5.894499896502271587e-06,6.000000089406967163e-01
5.894999896488130621e-06,6.000000089406967163e-01
5.895499896473989655e-06,6.000000089406967163e-01
5.895999896459848690e-06,6.000000089406967163e-01
5.896499896445707724e-06,6.000000089406967163e-01
5.896999896431566758e-06,6.000000089406967163e-01
5.897499896417425792e-06,6.000000089406967163e-01
5.897999896403284827e-06,6.000000089406967163e-01
5.898499896389143861e-06,4.000000059604644775e-01
5.898999896375002895e-06,6.000000089406967163e-01
5.899499896360861929e-06,4.000000059604644775e-01
5.899999896346720964e-06,4.000000059604644775e-01
5.900499896332579998e-06,4.000000059604644775e-01
5.900999896318439032e-06,6.000000089406967163e-01
5.901499896304298066e-06,4.000000059604644775e-01
5.901999896290157101e-06,4.000000059604644775e-01
5.902499896276016135e-06,4.000000059604644775e-01
5.902999896261875169e-06,4.000000059604644775e-01
5.903499896247734204e-06,4.000000059604644775e-01
5.903999896233593238e-06,4.000000059604644775e-01
5.904499896219452272e-06,4.000000059604644775e-01
5.904999896205311306e-06,4.000000059604644775e-01
5.905499896191170341e-06,4.000000059604644775e-01
5.905999896177029375e-06,4.000000059604644775e-01
5.906499896162888409e-06,4.000000059604644775e-01
5.906999896148747443e-06,4.000000059604644775e-01
5.907499896134606478e-06,4.000000059604644775e-01
5.907999896120465512e-06,4.000000059604644775e-01
5.908499896106324546e-06,4.000000059604644775e-01
5.908999896092183580e-06,4.000000059604644775e-01
5.909499896078042615e-06,4.000000059604644775e-01
5.909999896063901649e-06,4.000000059604644775e-01
5.910499896049760683e-06,4.000000059604644775e-01
5.910999896035619718e-06,4.000000059604644775e-01
5.911499896021478752e-06,4.000000059604644775e-01
5.911999896007337786e-06,4.000000059604644775e-01
5.912499895993196820e-06,4.000000059604644775e-01
5.912999895979055855e-06,4.000000059604644775e-01
5.913499895964914889e-06,2.000000029802322388e-01
5.913999895950773923e-06,2.000000029802322388e-01
5.914499895936632957e-06,4.000000059604644775e-01
5.914999895922491992e-06,4.000000059604644775e-01
5.915499895908351026e-06,4.000000059604644775e-01
5.915999895894210060e-06,4.000000059604644775e-01
5.916499895880069095e-06,4.000000059604644775e-01
5.916999895865928129e-06,4.000000059604644775e-01
5.917499895851787163e-06,4.000000059604644775e-01
5.917999895837646197e-06,4.000000059604644775e-01
5.918499895823505232e-06,4.000000059604644775e-01
5.918999895809364266e-06,4.000000059604644775e-01
5.919499895795223300e-06,2.000000029802322388e-01
5.919999895781082334e-06,2.000000029802322388e-01
5.920499895766941369e-06,2.000000029802322388e-01
5.920999895752800403e-06,4.000000059604644775e-01
5.921499895738659437e-06,2.000000029802322388e-01
5.921999895724518471e-06,4.000000059604644775e-01
5.922499895710377506e-06,4.000000059604644775e-01
5.922999895696236540e-06,4.000000059604644775e-01
5.923499895682095574e-06,2.000000029802322388e-01
5.923999895667954609e-06,2.000000029802322388e-01
5.924499895653813643e-06,4.000000059604644775e-01
5.924999895639672677e-06,4.000000059604644775e-01
5.925499895625531711e-06,4.000000059604644775e-01
5.925999895611390746e-06,4.000000059604644775e-01
5.926499895597249780e-06,4.000000059604644775e-01
5.926999895583108814e-06,4.000000059604644775e-01
5.927499895568967848e-06,2.000000029802322388e-01
5.927999895554826883e-06,4.000000059604644775e-01
5.928499895540685917e-06,4.000000059604644775e-01
5.928999895526544951e-06,4.000000059604644775e-01
5.929499895512403985e-06,4.000000059604644775e-01
5.929999895498263020e-06,4.000000059604644775e-01
5.930499895484122054e-06,4.000000059604644775e-01
5.930999895469981088e-06,4.000000059604644775e-01
5.931499895455840123e-06,2.000000029802322388e-01
5.931999895441699157e-06,4.000000059604644775e-01
5.932499895427558191e-06,4.000000059604644775e-01
5.932999895413417225e-06,4.000000059604644775e-01
5.933499895399276260e-06,4.000000059604644775e-01
5.933999895385135294e-06,2.000000029802322388e-01
5.934499895370994328e-06,2.000000029802322388e-01
5.934999895356853362e-06,4.000000059604644775e-01
5.935499895342712397e-06,2.000000029802322388e-01
5.935999895328571431e-06,2.000000029802322388e-01
5.936499895314430465e-06,2.000000029802322388e-01
5.936999895300289500e-06,4.000000059604644775e-01
5.937499895286148534e-06,2.000000029802322388e-01
5.937999895272007568e-06,2.000000029802322388e-01
5.938499895257866602e-06,4.000000059604644775e-01
5.938999895243725637e-06,2.000000029802322388e-01
5.939499895229584671e-06,2.000000029802322388e-01
5.939999895215443705e-06,2.000000029802322388e-01
5.940499895201302739e-06,4.000000059604644775e-01
5.940999895187161774e-06,2.000000029802322388e-01
5.941499895173020808e-06,2.000000029802322388e-01
5.941999895158879842e-06,2.000000029802322388e-01
5.942499895144738876e-06,2.000000029802322388e-01
5.942999895130597911e-06,4.000000059604644775e-01
5.943499895116456945e-06,2.000000029802322388e-01
5.943999895102315979e-06,2.000000029802322388e-01
5.944499895088175014e-06,2.000000029802322388e-01
5.944999895074034048e-06,4.000000059604644775e-01
5.945499895059893082e-06,2.000000029802322388e-01
5.945999895045752116e-06,2.000000029802322388e-01
5.946499895031611151e-06,2.000000029802322388e-01
5.946999895017470185e-06,2.000000029802322388e-01
5.947499895003329219e-06,2.000000029802322388e-01
5.947999894989188253e-06,2.000000029802322388e-01
5.948499894975047288e-06,2.000000029802322388e-01
5.948999894960906322e-06,2.000000029802322388e-01
5.949499894946765356e-06,2.000000029802322388e-01
5.949999894932624390e-06,2.000000029802322388e-01
5.950499894918483425e-06,2.000000029802322388e-01
5.950999894904342459e-06,2.000000029802322388e-01
5.951499894890201493e-06,2.000000029802322388e-01
5.951999894876060528e-06,2.000000029802322388e-01
5.952499894861919562e-06,2.000000029802322388e-01
5.952999894847778596e-06,2.000000029802322388e-01
5.953499894833637630e-06,2.000000029802322388e-01
5.953999894819496665e-06,2.000000029802322388e-01
5.954499894805355699e-06,2.000000029802322388e-01
5.954999894791214733e-06,2.000000029802322388e-01
5.955499894777073767e-06,2.000000029802322388e-01
5.955999894762932802e-06,2.000000029802322388e-01
5.956499894748791836e-06,2.000000029802322388e-01
5.956999894734650870e-06,2.000000029802322388e-01
5.957499894720509905e-06,2.000000029802322388e-01
5.957999894706368939e-06,4.000000059604644775e-01
5.958499894692227973e-06,4.000000059604644775e-01
5.958999894678087007e-06,4.000000059604644775e-01
5.959499894663946042e-06,2.000000029802322388e-01
5.959999894649805076e-06,2.000000029802322388e-01
5.960499894635664110e-06,2.000000029802322388e-01
5.960999894621523144e-06,2.000000029802322388e-01
5.961499894607382179e-06,2.000000029802322388e-01
5.961999894593241213e-06,2.000000029802322388e-01
5.962499894579100247e-06,2.000000029802322388e-01
5.962999894564959281e-06,2.000000029802322388e-01
5.963499894550818316e-06,2.000000029802322388e-01
5.963999894536677350e-06,2.000000029802322388e-01
5.964499894522536384e-06,2.000000029802322388e-01
5.964999894508395419e-06,2.000000029802322388e-01
5.965499894494254453e-06,2.000000029802322388e-01
5.965999894480113487e-06,2.000000029802322388e-01
5.966499894465972521e-06,2.000000029802322388e-01
5.966999894451831556e-06,2.000000029802322388e-01
5.967499894437690590e-06,2.000000029802322388e-01
5.967999894423549624e-06,2.000000029802322388e-01
5.968499894409408658e-06,2.000000029802322388e-01
5.968999894395267693e-06,2.000000029802322388e-01
5.969499894381126727e-06,2.000000029802322388e-01
5.969999894366985761e-06,2.000000029802322388e-01
5.970499894352844795e-06,2.000000029802322388e-01
5.970999894338703830e-06,2.000000029802322388e-01
5.971499894324562864e-06,2.000000029802322388e-01
5.971999894310421898e-06,2.000000029802322388e-01
5.972499894296280933e-06,2.000000029802322388e-01
5.972999894282139967e-06,2.000000029802322388e-01
5.973499894267999001e-06,2.000000029802322388e-01
5.973999894253858035e-06,2.000000029802322388e-01
5.974499894239717070e-06,2.000000029802322388e-01
5.974999894225576104e-06,2.000000029802322388e-01
5.975499894211435138e-06,2.000000029802322388e-01
5.975999894197294172e-06,2.000000029802322388e-01
5.976499894183153207e-06,2.000000029802322388e-01
5.976999894169012241e-06,2.000000029802322388e-01
5.977499894154871275e-06,2.000000029802322388e-01
5.977999894140730310e-06,2.000000029802322388e-01
5.978499894126589344e-06,2.000000029802322388e-01
5.978999894112448378e-06,2.000000029802322388e-01
5.979499894098307412e-06,2.000000029802322388e-01
5.979999894084166447e-06,2.000000029802322388e-01
5.980499894070025481e-06,2.000000029802322388e-01
5.980999894055884515e-06,2.000000029802322388e-01
5.981499894041743549e-06,2.000000029802322388e-01
5.981999894027602584e-06,2.000000029802322388e-01
5.982499894013461618e-06,2.000000029802322388e-01
5.982999893999320652e-06,2.000000029802322388e-01
5.983499893985179686e-06,2.000000029802322388e-01
5.983999893971038721e-06,2.000000029802322388e-01
5.984499893956897755e-06,2.000000029802322388e-01
5.984999893942756789e-06,2.000000029802322388e-01
5.985499893928615824e-06,2.000000029802322388e-01
5.985999893914474858e-06,2.000000029802322388e-01
5.986499893900333892e-06,2.000000029802322388e-01
5.986999893886192926e-06,2.000000029802322388e-01
5.987499893872051961e-06,2.000000029802322388e-01
5.987999893857910995e-06,2.000000029802322388e-01
5.988499893843770029e-06,2.000000029802322388e-01
5.988999893829629063e-06,2.000000029802322388e-01
5.989499893815488098e-06,2.000000029802322388e-01
5.989999893801347132e-06,2.000000029802322388e-01
5.990499893787206166e-06,2.000000029802322388e-01
5.990999893773065200e-06,2.000000029802322388e-01
5.991499893758924235e-06,2.000000029802322388e-01
5.991999893744783269e-06,2.000000029802322388e-01
5.992499893730642303e-06,2.000000029802322388e-01
5.992999893716501338e-06,2.000000029802322388e-01
5.993499893702360372e-06,2.000000029802322388e-01
5.993999893688219406e-06,2.000000029802322388e-01
5.994499893674078440e-06,2.000000029802322388e-01
5.994999893659937475e-06,2.000000029802322388e-01
5.995499893645796509e-06,2.000000029802322388e-01
5.995999893631655543e-06,2.000000029802322388e-01
5.996499893617514577e-06,2.000000029802322388e-01
5.996999893603373612e-06,2.000000029802322388e-01
5.997499893589232646e-06,0.000000000000000000e+00
5.997999893575091680e-06,2.000000029802322388e-01
5.998499893560950715e-06,0.000000000000000000e+00
5.998999893546809749e-06,2.000000029802322388e-01
5.999499893532668783e-06,2.000000029802322388e-01
5.999999893518527817e-06,2.000000029802322388e-01
6.000499893504386852e-06,2.000000029802322388e-01
6.000999893490245886e-06,2.000000029802322388e-01
6.001499893476104920e-06,2.000000029802322388e-01
6.001999893461963954e-06,2.000000029802322388e-01
6.002499893447822989e-06,2.000000029802322388e-01
6.002999893433682023e-06,2.000000029802322388e-01
6.003499893419541057e-06,2.000000029802322388e-01
6.003999893405400091e-06,2.000000029802322388e-01
6.004499893391259126e-06,2.000000029802322388e-01
6.004999893377118160e-06,2.000000029802322388e-01
6.005499893362977194e-06,2.000000029802322388e-01
6.005999893348836229e-06,2.000000029802322388e-01
6.006499893334695263e-06,2.000000029802322388e-01
6.006999893320554297e-06,2.000000029802322388e-01
6.007499893306413331e-06,2.000000029802322388e-01
6.007999893292272366e-06,2.000000029802322388e-01
6.008499893278131400e-06,2.000000029802322388e-01
6.008999893263990434e-06,2.000000029802322388e-01
6.009499893249849468e-06,2.000000029802322388e-01
6.009999893235708503e-06,2.000000029802322388e-01
6.010499893221567537e-06,2.000000029802322388e-01
6.010999893207426571e-06,2.000000029802322388e-01
6.011499893193285605e-06,2.000000029802322388e-01
6.011999893179144640e-06,2.000000029802322388e-01
6.012499893165003674e-06,2.000000029802322388e-01
6.012999893150862708e-06,2.000000029802322388e-01
6.013499893136721743e-06,0.000000000000000000e+00
6.013999893122580777e-06,2.000000029802322388e-01
6.014499893108439811e-06,2.000000029802322388e-01
6.014999893094298845e-06,2.000000029802322388e-01
6.015499893080157880e-06,0.000000000000000000e+00
6.015999893066016914e-06,2.000000029802322388e-01
6.016499893051875948e-06,2.000000029802322388e-01
6.016999893037734982e-06,2.000000029802322388e-01
6.017499893023594017e-06,2.000000029802322388e-01
6.017999893009453051e-06,2.000000029802322388e-01
6.018499892995312085e-06,2.000000029802322388e-01
6.018999892981171119e-06,0.000000000000000000e+00
6.019499892967030154e-06,0.000000000000000000e+00
6.019999892952889188e-06,0.000000000000000000e+00
6.020499892938748222e-06,0.000000000000000000e+00
6.020999892924607257e-06,0.000000000000000000e+00
6.021499892910466291e-06,0.000000000000000000e+00
6.021999892896325325e-06,0.000000000000000000e+00
6.022499892882184359e-06,0.000000000000000000e+00
6.022999892868043394e-06,0.000000000000000000e+00
6.023499892853902428e-06,0.000000000000000000e+00
6.023999892839761462e-06,0.000000000000000000e+00
6.024499892825620496e-06,0.000000000000000000e+00
6.024999892811479531e-06,2.000000029802322388e-01
6.025499892797338565e-06,2.000000029802322388e-01
6.025999892783197599e-06,2.000000029802322388e-01
6.026499892769056634e-06,2.000000029802322388e-01
6.026999892754915668e-06,2.000000029802322388e-01
6.027499892740774702e-06,2.000000029802322388e-01
6.027999892726633736e-06,2.000000029802322388e-01
6.028499892712492771e-06,2.000000029802322388e-01
6.028999892698351805e-06,0.000000000000000000e+00
6.029499892684210839e-06,0.000000000000000000e+00
6.029999892670069873e-06,0.000000000000000000e+00
6.030499892655928908e-06,0.000000000000000000e+00
6.030999892641787942e-06,0.000000000000000000e+00
6.031499892627646976e-06,0.000000000000000000e+00
6.031999892613506010e-06,0.000000000000000000e+00
6.032499892599365045e-06,2.000000029802322388e-01
6.032999892585224079e-06,2.000000029802322388e-01
6.033499892571083113e-06,0.000000000000000000e+00
6.033999892556942148e-06,2.000000029802322388e-01
6.034499892542801182e-06,2.000000029802322388e-01
6.034999892528660216e-06,2.000000029802322388e-01
6.035499892514519250e-06,0.000000000000000000e+00
6.035999892500378285e-06,0.000000000000000000e+00
6.036499892486237319e-06,0.000000000000000000e+00
6.036999892472096353e-06,2.000000029802322388e-01
6.037499892457955387e-06,0.000000000000000000e+00
6.037999892443814422e-06,0.000000000000000000e+00
6.038499892429673456e-06,0.000000000000000000e+00
6.038999892415532490e-06,0.000000000000000000e+00
6.039499892401391524e-06,0.000000000000000000e+00
6.039999892387250559e-06,0.000000000000000000e+00
6.040499892373109593e-06,0.000000000000000000e+00
6.040999892358968627e-06,0.000000000000000000e+00
6.041499892344827662e-06,0.000000000000000000e+00
6.041999892330686696e-06,0.000000000000000000e+00
6.042499892316545730e-06,0.000000000000000000e+00
6.042999892302404764e-06,2.000000029802322388e-01
6.043499892288263799e-06,2.000000029802322388e-01
6.043999892274122833e-06,0.000000000000000000e+00
6.044499892259981867e-06,2.000000029802322388e-01
6.044999892245840901e-06,0.000000000000000000e+00
6.045499892231699936e-06,0.000000000000000000e+00
6.045999892217558970e-06,2.000000029802322388e-01
6.046499892203418004e-06,0.000000000000000000e+00
6.046999892189277039e-06,0.000000000000000000e+00
6.047499892175136073e-06,0.000000000000000000e+00
6.047999892160995107e-06,0.000000000000000000e+00
6.048499892146854141e-06,0.000000000000000000e+00
6.048999892132713176e-06,2.000000029802322388e-01
6.049499892118572210e-06,0.000000000000000000e+00
6.049999892104431244e-06,0.000000000000000000e+00
6.050499892090290278e-06,0.000000000000000000e+00
6.050999892076149313e-06,0.000000000000000000e+00
6.051499892062008347e-06,0.000000000000000000e+00
6.051999892047867381e-06,0.000000000000000000e+00
6.052499892033726415e-06,0.000000000000000000e+00
6.052999892019585450e-06,0.000000000000000000e+00
6.053499892005444484e-06,0.000000000000000000e+00
6.053999891991303518e-06,0.000000000000000000e+00
6.054499891977162553e-06,0.000000000000000000e+00
6.054999891963021587e-06,0.000000000000000000e+00
6.055499891948880621e-06,0.000000000000000000e+00
6.055999891934739655e-06,0.000000000000000000e+00
6.056499891920598690e-06,0.000000000000000000e+00
6.056999891906457724e-06,0.000000000000000000e+00
6.057499891892316758e-06,0.000000000000000000e+00
6.057999891878175792e-06,0.000000000000000000e+00
6.058499891864034827e-06,0.000000000000000000e+00
6.058999891849893861e-06,0.000000000000000000e+00
6.059499891835752895e-06,0.000000000000000000e+00
6.059999891821611929e-06,0.000000000000000000e+00
6.060499891807470964e-06,0.000000000000000000e+00
6.060999891793329998e-06,2.000000029802322388e-01
6.061499891779189032e-06,0.000000000000000000e+00
6.061999891765048067e-06,0.000000000000000000e+00
6.062499891750907101e-06,0.000000000000000000e+00
6.062999891736766135e-06,0.000000000000000000e+00
6.063499891722625169e-06,0.000000000000000000e+00
6.063999891708484204e-06,0.000000000000000000e+00
6.064499891694343238e-06,0.000000000000000000e+00
6.064999891680202272e-06,0.000000000000000000e+00
6.065499891666061306e-06,0.000000000000000000e+00
6.065999891651920341e-06,0.000000000000000000e+00
6.066499891637779375e-06,0.000000000000000000e+00
6.066999891623638409e-06,0.000000000000000000e+00
6.067499891609497444e-06,0.000000000000000000e+00
6.067999891595356478e-06,0.000000000000000000e+00
6.068499891581215512e-06,0.000000000000000000e+00
6.068999891567074546e-06,0.000000000000000000e+00
6.069499891552933581e-06,0.000000000000000000e+00
6.069999891538792615e-06,0.000000000000000000e+00
6.070499891524651649e-06,0.000000000000000000e+00
6.070999891510510683e-06,0.000000000000000000e+00
6.071499891496369718e-06,0.000000000000000000e+00
6.071999891482228752e-06,0.000000000000000000e+00
6.072499891468087786e-06,0.000000000000000000e+00
6.072999891453946820e-06,0.000000000000000000e+00
6.073499891439805855e-06,0.000000000000000000e+00
6.073999891425664889e-06,0.000000000000000000e+00
6.074499891411523923e-06,0.000000000000000000e+00
6.074999891397382958e-06,0.000000000000000000e+00
6.075499891383241992e-06,0.000000000000000000e+00
6.075999891369101026e-06,0.000000000000000000e+00
6.076499891354960060e-06,0.000000000000000000e+00
6.076999891340819095e-06,0.000000000000000000e+00
6.077499891326678129e-06,0.000000000000000000e+00
6.077999891312537163e-06,0.000000000000000000e+00
6.078499891298396197e-06,0.000000000000000000e+00
6.078999891284255232e-06,0.000000000000000000e+00
6.079499891270114266e-06,0.000000000000000000e+00
6.079999891255973300e-06,0.000000000000000000e+00
6.080499891241832334e-06,0.000000000000000000e+00
6.080999891227691369e-06,0.000000000000000000e+00
6.081499891213550403e-06,0.000000000000000000e+00
6.081999891199409437e-06,0.000000000000000000e+00
6.082499891185268472e-06,0.000000000000000000e+00
6.082999891171127506e-06,0.000000000000000000e+00
6.083499891156986540e-06,0.000000000000000000e+00
6.083999891142845574e-06,0.000000000000000000e+00
6.084499891128704609e-06,0.000000000000000000e+00
6.084999891114563643e-06,0.000000000000000000e+00
6.085499891100422677e-06,0.000000000000000000e+00
6.085999891086281711e-06,0.000000000000000000e+00
6.086499891072140746e-06,0.000000000000000000e+00
6.086999891057999780e-06,0.000000000000000000e+00
6.087499891043858814e-06,0.000000000000000000e+00
6.087999891029717849e-06,0.000000000000000000e+00
6.088499891015576883e-06,0.000000000000000000e+00
6.088999891001435917e-06,0.000000000000000000e+00
6.089499890987294951e-06,0.000000000000000000e+00
6.089999890973153986e-06,0.000000000000000000e+00
6.090499890959013020e-06,0.000000000000000000e+00
6.090999890944872054e-06,0.000000000000000000e+00
6.091499890930731088e-06,0.000000000000000000e+00
6.091999890916590123e-06,0.000000000000000000e+00
6.092499890902449157e-06,0.000000000000000000e+00
6.092999890888308191e-06,0.000000000000000000e+00
6.093499890874167225e-06,0.000000000000000000e+00
6.093999890860026260e-06,0.000000000000000000e+00
6.094499890845885294e-06,0.000000000000000000e+00
6.094999890831744328e-06,0.000000000000000000e+00
6.095499890817603363e-06,0.000000000000000000e+00
6.095999890803462397e-06,0.000000000000000000e+00
6.096499890789321431e-06,0.000000000000000000e+00
6.096999890775180465e-06,0.000000000000000000e+00
6.097499890761039500e-06,0.000000000000000000e+00
6.097999890746898534e-06,0.000000000000000000e+00
6.098499890732757568e-06,0.000000000000000000e+00
6.098999890718616602e-06,0.000000000000000000e+00
6.099499890704475637e-06,0.000000000000000000e+00
6.099999890690334671e-06,0.000000000000000000e+00
6.100499890676193705e-06,0.000000000000000000e+00
6.100999890662052739e-06,0.000000000000000000e+00
6.101499890647911774e-06,0.000000000000000000e+00
6.101999890633770808e-06,0.000000000000000000e+00
6.102499890619629842e-06,0.000000000000000000e+00
6.102999890605488877e-06,0.000000000000000000e+00
6.103499890591347911e-06,0.000000000000000000e+00
6.103999890577206945e-06,0.000000000000000000e+00
6.104499890563065979e-06,0.000000000000000000e+00
6.104999890548925014e-06,0.000000000000000000e+00
6.105499890534784048e-06,0.000000000000000000e+00
6.105999890520643082e-06,0.000000000000000000e+00
6.106499890506502116e-06,0.000000000000000000e+00
6.106999890492361151e-06,0.000000000000000000e+00
6.107499890478220185e-06,0.000000000000000000e+00
6.107999890464079219e-06,0.000000000000000000e+00
6.108499890449938254e-06,0.000000000000000000e+00
6.108999890435797288e-06,0.000000000000000000e+00
6.109499890421656322e-06,0.000000000000000000e+00
6.109999890407515356e-06,0.000000000000000000e+00
6.110499890393374391e-06,0.000000000000000000e+00
6.110999890379233425e-06,0.000000000000000000e+00
6.111499890365092459e-06,0.000000000000000000e+00
6.111999890350951493e-06,0.000000000000000000e+00
6.112499890336810528e-06,0.000000000000000000e+00
6.112999890322669562e-06,0.000000000000000000e+00
6.113499890308528596e-06,0.000000000000000000e+00
6.113999890294387630e-06,0.000000000000000000e+00
6.114499890280246665e-06,0.000000000000000000e+00
6.114999890266105699e-06,0.000000000000000000e+00
6.115499890251964733e-06,0.000000000000000000e+00
6.115999890237823768e-06,0.000000000000000000e+00
6.116499890223682802e-06,0.000000000000000000e+00
6.116999890209541836e-06,0.000000000000000000e+00
6.117499890195400870e-06,0.000000000000000000e+00
6.117999890181259905e-06,0.000000000000000000e+00
6.118499890167118939e-06,0.000000000000000000e+00
6.118999890152977973e-06,0.000000000000000000e+00
6.119499890138837007e-06,0.000000000000000000e+00
6.119999890124696042e-06,0.000000000000000000e+00
6.120499890110555076e-06,0.000000000000000000e+00
6.120999890096414110e-06,4.000000059604644775e-01
6.121499890082273144e-06,1.000000014901161194e+00
6.121999890068132179e-06,1.800000026822090149e+00
6.122499890053991213e-06,2.000000029802322388e+00
6.122999890039850247e-06,2.000000029802322388e+00
6.123499890025709282e-06,1.800000026822090149e+00
6.123999890011568316e-06,1.600000023841857910e+00
6.124499889997427350e-06,1.400000020861625671e+00
6.124999889983286384e-06,1.200000017881393433e+00
6.125499889969145419e-06,1.000000014901161194e+00
6.125999889955004453e-06,8.000000119209289551e-01
6.126499889940863487e-06,6.000000089406967163e-01
6.126999889926722521e-06,6.000000089406967163e-01
6.127499889912581556e-06,4.000000059604644775e-01
6.127999889898440590e-06,2.000000029802322388e-01
6.128499889884299624e-06,0.000000000000000000e+00
6.128999889870158659e-06,-2.000000029802322388e-01
6.129499889856017693e-06,-4.000000059604644775e-01
6.129999889841876727e-06,-6.000000089406967163e-01
6.130499889827735761e-06,-8.000000119209289551e-01
6.130999889813594796e-06,-8.000000119209289551e-01
6.131499889799453830e-06,-1.000000014901161194e+00
6.131999889785312864e-06,-1.200000017881393433e+00
6.132499889771171898e-06,-1.400000020861625671e+00
6.132999889757030933e-06,-1.400000020861625671e+00
6.133499889742889967e-06,-1.600000023841857910e+00
6.133999889728749001e-06,-1.800000026822090149e+00
6.134499889714608035e-06,-2.000000029802322388e+00
6.134999889700467070e-06,-2.000000029802322388e+00
6.135499889686326104e-06,-2.200000032782554626e+00
6.135999889672185138e-06,-2.200000032782554626e+00
6.136499889658044173e-06,-2.400000035762786865e+00
6.136999889643903207e-06,-2.400000035762786865e+00
6.137499889629762241e-06,-2.600000038743019104e+00
6.137999889615621275e-06,-2.800000041723251343e+00
6.138499889601480310e-06,-3.000000044703483582e+00
6.138999889587339344e-06,-3.000000044703483582e+00
6.139499889573198378e-06,-3.200000047683715820e+00
6.139999889559057412e-06,-3.200000047683715820e+00
6.140499889544916447e-06,-3.400000050663948059e+00
6.140999889530775481e-06,-3.400000050663948059e+00
6.141499889516634515e-06,-3.600000053644180298e+00
6.141999889502493549e-06,-3.600000053644180298e+00
6.142499889488352584e-06,-3.800000056624412537e+00
6.142999889474211618e-06,-3.800000056624412537e+00
6.143499889460070652e-06,-3.800000056624412537e+00
6.143999889445929687e-06,-4.000000059604644775e+00
6.144499889431788721e-06,-4.000000059604644775e+00
6.144999889417647755e-06,-4.000000059604644775e+00
6.145499889403506789e-06,-4.000000059604644775e+00
6.145999889389365824e-06,-4.200000062584877014e+00
6.146499889375224858e-06,-4.200000062584877014e+00
6.146999889361083892e-06,-4.200000062584877014e+00
6.147499889346942926e-06,-4.200000062584877014e+00
6.147999889332801961e-06,-4.200000062584877014e+00
6.148499889318660995e-06,-4.200000062584877014e+00
6.148999889304520029e-06,-4.200000062584877014e+00
6.149499889290379064e-06,-4.200000062584877014e+00
6.149999889276238098e-06,-4.400000065565109253e+00
6.150499889262097132e-06,-4.400000065565109253e+00
6.150999889247956166e-06,-4.200000062584877014e+00
6.151499889233815201e-06,-4.400000065565109253e+00
6.151999889219674235e-06,-4.200000062584877014e+00
6.152499889205533269e-06,-4.200000062584877014e+00
6.152999889191392303e-06,-4.200000062584877014e+00
6.153499889177251338e-06,-4.200000062584877014e+00
6.153999889163110372e-06,-4.200000062584877014e+00
6.154499889148969406e-06,-4.200000062584877014e+00
6.154999889134828440e-06,-4.000000059604644775e+00
6.155499889120687475e-06,-4.000000059604644775e+00
6.155999889106546509e-06,-4.000000059604644775e+00
6.156499889092405543e-06,-4.000000059604644775e+00
6.156999889078264578e-06,-3.800000056624412537e+00
6.157499889064123612e-06,-3.800000056624412537e+00
6.157999889049982646e-06,-3.800000056624412537e+00
6.158499889035841680e-06,-3.800000056624412537e+00
6.158999889021700715e-06,-3.600000053644180298e+00
6.159499889007559749e-06,-3.400000050663948059e+00
6.159999888993418783e-06,-3.400000050663948059e+00
6.160499888979277817e-06,-3.400000050663948059e+00
6.160999888965136852e-06,-3.200000047683715820e+00
6.161499888950995886e-06,-3.200000047683715820e+00
6.161999888936854920e-06,-3.000000044703483582e+00
6.162499888922713954e-06,-3.000000044703483582e+00
6.162999888908572989e-06,-2.800000041723251343e+00
6.163499888894432023e-06,-2.800000041723251343e+00
6.163999888880291057e-06,-2.600000038743019104e+00
6.164499888866150092e-06,-2.400000035762786865e+00
6.164999888852009126e-06,-2.200000032782554626e+00
6.165499888837868160e-06,-2.200000032782554626e+00
6.165999888823727194e-06,-2.000000029802322388e+00
6.166499888809586229e-06,-2.000000029802322388e+00
6.166999888795445263e-06,-1.800000026822090149e+00
6.167499888781304297e-06,-1.600000023841857910e+00
6.167999888767163331e-06,-1.600000023841857910e+00
6.168499888753022366e-06,-1.400000020861625671e+00
6.168999888738881400e-06,-1.200000017881393433e+00
6.169499888724740434e-06,-1.000000014901161194e+00
6.169999888710599469e-06,-8.000000119209289551e-01
6.170499888696458503e-06,-8.000000119209289551e-01
6.170999888682317537e-06,-6.000000089406967163e-01
6.171499888668176571e-06,-6.000000089406967163e-01
6.171999888654035606e-06,-4.000000059604644775e-01
6.172499888639894640e-06,-2.000000029802322388e-01
6.172999888625753674e-06,0.000000000000000000e+00
6.173499888611612708e-06,0.000000000000000000e+00
6.173999888597471743e-06,2.000000029802322388e-01
6.174499888583330777e-06,4.000000059604644775e-01
6.174999888569189811e-06,6.000000089406967163e-01
6.175499888555048845e-06,8.000000119209289551e-01
6.175999888540907880e-06,1.000000014901161194e+00
6.176499888526766914e-06,1.000000014901161194e+00
6.176999888512625948e-06,1.200000017881393433e+00
6.177499888498484983e-06,1.400000020861625671e+00
6.177999888484344017e-06,1.600000023841857910e+00
6.178499888470203051e-06,1.600000023841857910e+00
6.178999888456062085e-06,1.800000026822090149e+00
6.179499888441921120e-06,2.000000029802322388e+00
6.179999888427780154e-06,2.200000032782554626e+00
6.180499888413639188e-06,2.200000032782554626e+00
6.180999888399498222e-06,2.400000035762786865e+00
6.181499888385357257e-06,2.600000038743019104e+00
6.181999888371216291e-06,2.800000041723251343e+00
6.182499888357075325e-06,2.800000041723251343e+00
6.182999888342934359e-06,3.000000044703483582e+00
6.183499888328793394e-06,3.200000047683715820e+00
6.183999888314652428e-06,3.400000050663948059e+00
6.184499888300511462e-06,3.400000050663948059e+00
6.184999888286370497e-06,3.600000053644180298e+00
6.185499888272229531e-06,3.600000053644180298e+00
6.185999888258088565e-06,3.800000056624412537e+00
6.186499888243947599e-06,4.000000059604644775e+00
6.186999888229806634e-06,4.000000059604644775e+00
6.187499888215665668e-06,4.000000059604644775e+00
6.187999888201524702e-06,4.200000062584877014e+00
6.188499888187383736e-06,4.400000065565109253e+00
6.188999888173242771e-06,4.400000065565109253e+00
6.189499888159101805e-06,4.600000068545341492e+00
6.189999888144960839e-06,4.600000068545341492e+00
6.190499888130819874e-06,4.800000071525573730e+00
6.190999888116678908e-06,4.800000071525573730e+00
6.191499888102537942e-06,4.800000071525573730e+00
6.191999888088396976e-06,5.000000074505805969e+00
6.192499888074256011e-06,5.000000074505805969e+00
6.192999888060115045e-06,5.000000074505805969e+00
6.193499888045974079e-06,5.000000074505805969e+00
6.193999888031833113e-06,5.200000077486038208e+00
6.194499888017692148e-06,5.200000077486038208e+00
6.194999888003551182e-06,5.400000080466270447e+00
6.195499887989410216e-06,5.400000080466270447e+00
6.195999887975269250e-06,5.400000080466270447e+00
6.196499887961128285e-06,5.400000080466270447e+00
6.196999887946987319e-06,5.600000083446502686e+00
6.197499887932846353e-06,5.600000083446502686e+00
6.197999887918705388e-06,5.600000083446502686e+00
6.198499887904564422e-06,5.400000080466270447e+00
6.198999887890423456e-06,5.600000083446502686e+00
6.199499887876282490e-06,5.600000083446502686e+00
6.199999887862141525e-06,5.600000083446502686e+00
6.200499887848000559e-06,5.600000083446502686e+00
6.200999887833859593e-06,5.600000083446502686e+00
6.201499887819718627e-06,5.600000083446502686e+00
6.201999887805577662e-06,5.600000083446502686e+00
6.202499887791436696e-06,5.400000080466270447e+00
6.202999887777295730e-06,5.400000080466270447e+00
6.203499887763154764e-06,5.400000080466270447e+00
6.203999887749013799e-06,5.400000080466270447e+00
6.204499887734872833e-06,5.200000077486038208e+00
6.204999887720731867e-06,5.400000080466270447e+00
6.205499887706590902e-06,5.200000077486038208e+00
6.205999887692449936e-06,5.200000077486038208e+00
6.206499887678308970e-06,5.000000074505805969e+00
6.206999887664168004e-06,5.000000074505805969e+00
6.207499887650027039e-06,5.000000074505805969e+00
6.207999887635886073e-06,5.000000074505805969e+00
6.208499887621745107e-06,4.800000071525573730e+00
6.208999887607604141e-06,4.800000071525573730e+00
6.209499887593463176e-06,4.600000068545341492e+00
6.209999887579322210e-06,4.600000068545341492e+00
6.210499887565181244e-06,4.400000065565109253e+00
6.210999887551040279e-06,4.200000062584877014e+00
6.211499887536899313e-06,4.200000062584877014e+00
6.211999887522758347e-06,4.000000059604644775e+00
6.212499887508617381e-06,4.000000059604644775e+00
6.212999887494476416e-06,4.000000059604644775e+00
6.213499887480335450e-06,3.800000056624412537e+00
6.213999887466194484e-06,3.600000053644180298e+00
6.214499887452053518e-06,3.600000053644180298e+00
6.214999887437912553e-06,3.400000050663948059e+00
6.215499887423771587e-06,3.200000047683715820e+00
6.215999887409630621e-06,3.200000047683715820e+00
6.216499887395489655e-06,3.000000044703483582e+00
6.216999887381348690e-06,2.800000041723251343e+00
6.217499887367207724e-06,2.600000038743019104e+00
6.217999887353066758e-06,2.600000038743019104e+00
6.218499887338925793e-06,2.400000035762786865e+00
6.218999887324784827e-06,2.200000032782554626e+00
6.219499887310643861e-06,2.200000032782554626e+00
6.219999887296502895e-06,2.000000029802322388e+00
6.220499887282361930e-06,1.800000026822090149e+00
6.220999887268220964e-06,1.600000023841857910e+00
6.221499887254079998e-06,1.400000020861625671e+00
6.221999887239939032e-06,1.200000017881393433e+00
6.222499887225798067e-06,1.200000017881393433e+00
6.222999887211657101e-06,1.000000014901161194e+00
6.223499887197516135e-06,8.000000119209289551e-01
6.223999887183375169e-06,6.000000089406967163e-01
6.224499887169234204e-06,6.000000089406967163e-01
6.224999887155093238e-06,4.000000059604644775e-01
6.225499887140952272e-06,2.000000029802322388e-01
6.225999887126811307e-06,0.000000000000000000e+00
6.226499887112670341e-06,-2.000000029802322388e-01
6.226999887098529375e-06,-4.000000059604644775e-01
6.227499887084388409e-06,-4.000000059604644775e-01
6.227999887070247444e-06,-6.000000089406967163e-01
6.228499887056106478e-06,-8.000000119209289551e-01
6.228999887041965512e-06,-1.000000014901161194e+00
6.229499887027824546e-06,-1.200000017881393433e+00
6.229999887013683581e-06,-1.200000017881393433e+00
6.230499886999542615e-06,-1.400000020861625671e+00
6.230999886985401649e-06,-1.600000023841857910e+00
6.231499886971260684e-06,-1.800000026822090149e+00
6.231999886957119718e-06,-2.000000029802322388e+00
6.232499886942978752e-06,-2.000000029802322388e+00
6.232999886928837786e-06,-2.200000032782554626e+00
6.233499886914696821e-06,-2.400000035762786865e+00
6.233999886900555855e-06,-2.400000035762786865e+00
6.234499886886414889e-06,-2.600000038743019104e+00
6.234999886872273923e-06,-2.800000041723251343e+00
6.235499886858132958e-06,-2.800000041723251343e+00
6.235999886843991992e-06,-3.000000044703483582e+00
6.236499886829851026e-06,-3.200000047683715820e+00
6.236999886815710060e-06,-3.200000047683715820e+00
6.237499886801569095e-06,-3.400000050663948059e+00
6.237999886787428129e-06,-3.400000050663948059e+00
6.238499886773287163e-06,-3.600000053644180298e+00
6.238999886759146198e-06,-3.600000053644180298e+00
6.239499886745005232e-06,-3.800000056624412537e+00
6.239999886730864266e-06,-4.000000059604644775e+00
6.240499886716723300e-06,-4.000000059604644775e+00
6.240999886702582335e-06,-4.200000062584877014e+00
6.241499886688441369e-06,-4.200000062584877014e+00
6.241999886674300403e-06,-4.200000062584877014e+00
6.242499886660159437e-06,-4.200000062584877014e+00
6.242999886646018472e-06,-4.400000065565109253e+00
6.243499886631877506e-06,-4.400000065565109253e+00
6.243999886617736540e-06,-4.400000065565109253e+00
6.244499886603595574e-06,-4.600000068545341492e+00
6.244999886589454609e-06,-4.600000068545341492e+00
6.245499886575313643e-06,-4.600000068545341492e+00
6.245999886561172677e-06,-4.600000068545341492e+00
6.246499886547031712e-06,-4.800000071525573730e+00
6.246999886532890746e-06,-4.800000071525573730e+00
6.247499886518749780e-06,-4.800000071525573730e+00
6.247999886504608814e-06,-4.800000071525573730e+00
6.248499886490467849e-06,-5.000000074505805969e+00
6.248999886476326883e-06,-4.800000071525573730e+00
6.249499886462185917e-06,-5.000000074505805969e+00
6.249999886448044951e-06,-4.800000071525573730e+00
6.250499886433903986e-06,-4.800000071525573730e+00
6.250999886419763020e-06,-4.800000071525573730e+00
6.251499886405622054e-06,-4.800000071525573730e+00
6.251999886391481089e-06,-4.800000071525573730e+00
6.252499886377340123e-06,-4.800000071525573730e+00
6.252999886363199157e-06,-4.800000071525573730e+00
6.253499886349058191e-06,-4.800000071525573730e+00
6.253999886334917226e-06,-4.800000071525573730e+00
6.254499886320776260e-06,-4.800000071525573730e+00
6.254999886306635294e-06,-4.600000068545341492e+00
6.255499886292494328e-06,-4.600000068545341492e+00
6.255999886278353363e-06,-4.600000068545341492e+00
6.256499886264212397e-06,-4.400000065565109253e+00
6.256999886250071431e-06,-4.400000065565109253e+00
6.257499886235930465e-06,-4.200000062584877014e+00
6.257999886221789500e-06,-4.200000062584877014e+00
6.258499886207648534e-06,-4.200000062584877014e+00
6.258999886193507568e-06,-4.200000062584877014e+00
6.259499886179366603e-06,-4.000000059604644775e+00
6.259999886165225637e-06,-3.800000056624412537e+00
6.260499886151084671e-06,-3.800000056624412537e+00
6.260999886136943705e-06,-3.800000056624412537e+00
6.261499886122802740e-06,-3.600000053644180298e+00
6.261999886108661774e-06,-3.600000053644180298e+00
6.262499886094520808e-06,-3.400000050663948059e+00
6.262999886080379842e-06,-3.400000050663948059e+00
6.263499886066238877e-06,-3.200000047683715820e+00
6.263999886052097911e-06,-3.200000047683715820e+00
6.264499886037956945e-06,-3.000000044703483582e+00
6.264999886023815979e-06,-2.800000041723251343e+00
6.265499886009675014e-06,-2.600000038743019104e+00
6.265999885995534048e-06,-2.600000038743019104e+00
6.266499885981393082e-06,-2.400000035762786865e+00
6.266999885967252117e-06,-2.400000035762786865e+00
6.267499885953111151e-06,-2.200000032782554626e+00
6.267999885938970185e-06,-2.000000029802322388e+00
6.268499885924829219e-06,-1.800000026822090149e+00
6.268999885910688254e-06,-1.600000023841857910e+00
6.269499885896547288e-06,-1.600000023841857910e+00
6.269999885882406322e-06,-1.400000020861625671e+00
6.270499885868265356e-06,-1.200000017881393433e+00
6.270999885854124391e-06,-1.200000017881393433e+00
6.271499885839983425e-06,-1.000000014901161194e+00
6.271999885825842459e-06,-8.000000119209289551e-01
6.272499885811701494e-06,-6.000000089406967163e-01
6.272999885797560528e-06,-4.000000059604644775e-01
6.273499885783419562e-06,-4.000000059604644775e-01
6.273999885769278596e-06,-2.000000029802322388e-01
6.274499885755137631e-06,0.000000000000000000e+00
6.274999885740996665e-06,2.000000029802322388e-01
6.275499885726855699e-06,2.000000029802322388e-01
6.275999885712714733e-06,4.000000059604644775e-01
6.276499885698573768e-06,6.000000089406967163e-01
6.276999885684432802e-06,8.000000119209289551e-01
6.277499885670291836e-06,1.000000014901161194e+00
6.277999885656150870e-06,1.000000014901161194e+00
6.278499885642009905e-06,1.200000017881393433e+00
6.278999885627868939e-06,1.400000020861625671e+00
6.279499885613727973e-06,1.600000023841857910e+00
6.279999885599587008e-06,1.600000023841857910e+00
6.280499885585446042e-06,1.800000026822090149e+00
6.280999885571305076e-06,2.000000029802322388e+00
6.281499885557164110e-06,2.200000032782554626e+00
6.281999885543023145e-06,2.200000032782554626e+00
6.282499885528882179e-06,2.400000035762786865e+00
6.282999885514741213e-06,2.600000038743019104e+00
6.283499885500600247e-06,2.800000041723251343e+00
6.283999885486459282e-06,2.800000041723251343e+00
6.284499885472318316e-06,3.000000044703483582e+00
6.284999885458177350e-06,3.000000044703483582e+00
6.285499885444036384e-06,3.200000047683715820e+00
6.285999885429895419e-06,3.400000050663948059e+00
6.286499885415754453e-06,3.400000050663948059e+00
6.286999885401613487e-06,3.600000053644180298e+00
6.287499885387472522e-06,3.800000056624412537e+00
6.287999885373331556e-06,3.800000056624412537e+00
6.288499885359190590e-06,3.800000056624412537e+00
6.288999885345049624e-06,4.000000059604644775e+00
6.289499885330908659e-06,4.000000059604644775e+00
6.289999885316767693e-06,4.200000062584877014e+00
6.290499885302626727e-06,4.200000062584877014e+00
6.290999885288485761e-06,4.400000065565109253e+00
6.291499885274344796e-06,4.400000065565109253e+00
6.291999885260203830e-06,4.600000068545341492e+00
6.292499885246062864e-06,4.600000068545341492e+00
6.292999885231921899e-06,4.600000068545341492e+00
6.293499885217780933e-06,4.600000068545341492e+00
6.293999885203639967e-06,4.800000071525573730e+00
6.294499885189499001e-06,4.800000071525573730e+00
6.294999885175358036e-06,5.000000074505805969e+00
6.295499885161217070e-06,5.000000074505805969e+00
6.295999885147076104e-06,5.000000074505805969e+00
6.296499885132935138e-06,5.000000074505805969e+00
6.296999885118794173e-06,5.000000074505805969e+00
6.297499885104653207e-06,5.200000077486038208e+00
6.297999885090512241e-06,5.200000077486038208e+00
6.298499885076371275e-06,5.200000077486038208e+00
6.298999885062230310e-06,5.200000077486038208e+00
6.299499885048089344e-06,5.200000077486038208e+00
6.299999885033948378e-06,5.200000077486038208e+00
6.300499885019807413e-06,5.200000077486038208e+00
6.300999885005666447e-06,5.200000077486038208e+00
6.301499884991525481e-06,5.200000077486038208e+00
6.301999884977384515e-06,5.200000077486038208e+00
6.302499884963243550e-06,5.000000074505805969e+00
6.302999884949102584e-06,5.000000074505805969e+00
6.303499884934961618e-06,5.000000074505805969e+00
6.303999884920820652e-06,5.000000074505805969e+00
6.304499884906679687e-06,4.800000071525573730e+00
6.304999884892538721e-06,4.800000071525573730e+00
6.305499884878397755e-06,4.800000071525573730e+00
6.305999884864256789e-06,4.800000071525573730e+00
6.306499884850115824e-06,4.800000071525573730e+00
6.306999884835974858e-06,4.600000068545341492e+00
6.307499884821833892e-06,4.600000068545341492e+00
6.307999884807692927e-06,4.600000068545341492e+00
6.308499884793551961e-06,4.400000065565109253e+00
6.308999884779410995e-06,4.400000065565109253e+00
6.309499884765270029e-06,4.200000062584877014e+00
6.309999884751129064e-06,4.200000062584877014e+00
6.310499884736988098e-06,4.000000059604644775e+00
6.310999884722847132e-06,4.000000059604644775e+00
6.311499884708706166e-06,3.800000056624412537e+00
6.311999884694565201e-06,3.800000056624412537e+00
6.312499884680424235e-06,3.600000053644180298e+00
6.312999884666283269e-06,3.600000053644180298e+00
6.313499884652142304e-06,3.400000050663948059e+00
6.313999884638001338e-06,3.400000050663948059e+00
6.314499884623860372e-06,3.200000047683715820e+00
6.314999884609719406e-06,3.000000044703483582e+00
6.315499884595578441e-06,2.800000041723251343e+00
6.315999884581437475e-06,2.800000041723251343e+00
6.316499884567296509e-06,2.600000038743019104e+00
6.316999884553155543e-06,2.400000035762786865e+00
6.317499884539014578e-06,2.400000035762786865e+00
6.317999884524873612e-06,2.200000032782554626e+00
6.318499884510732646e-06,2.000000029802322388e+00
6.318999884496591680e-06,2.000000029802322388e+00
6.319499884482450715e-06,1.800000026822090149e+00
6.319999884468309749e-06,1.600000023841857910e+00
6.320499884454168783e-06,1.400000020861625671e+00
6.320999884440027818e-06,1.200000017881393433e+00
6.321499884425886852e-06,1.000000014901161194e+00
6.321999884411745886e-06,1.000000014901161194e+00
6.322499884397604920e-06,8.000000119209289551e-01
6.322999884383463955e-06,6.000000089406967163e-01
6.323499884369322989e-06,4.000000059604644775e-01
6.323999884355182023e-06,4.000000059604644775e-01
6.324499884341041057e-06,2.000000029802322388e-01
6.324999884326900092e-06,0.000000000000000000e+00
6.325499884312759126e-06,-2.000000029802322388e-01
6.325999884298618160e-06,-4.000000059604644775e-01
6.326499884284477194e-06,-4.000000059604644775e-01
6.326999884270336229e-06,-6.000000089406967163e-01
6.327499884256195263e-06,-8.000000119209289551e-01
6.327999884242054297e-06,-8.000000119209289551e-01
6.328499884227913332e-06,-1.000000014901161194e+00
6.328999884213772366e-06,-1.200000017881393433e+00
6.329499884199631400e-06,-1.400000020861625671e+00
6.329999884185490434e-06,-1.600000023841857910e+00
6.330499884171349469e-06,-1.800000026822090149e+00
6.330999884157208503e-06,-1.800000026822090149e+00
6.331499884143067537e-06,-2.000000029802322388e+00
6.331999884128926571e-06,-2.200000032782554626e+00
6.332499884114785606e-06,-2.400000035762786865e+00
6.332999884100644640e-06,-2.400000035762786865e+00
6.333499884086503674e-06,-2.600000038743019104e+00
6.333999884072362709e-06,-2.800000041723251343e+00
6.334499884058221743e-06,-2.800000041723251343e+00
6.334999884044080777e-06,-3.000000044703483582e+00
6.335499884029939811e-06,-3.000000044703483582e+00
6.335999884015798846e-06,-3.200000047683715820e+00
6.336499884001657880e-06,-3.400000050663948059e+00
6.336999883987516914e-06,-3.400000050663948059e+00
6.337499883973375948e-06,-3.600000053644180298e+00
6.337999883959234983e-06,-3.800000056624412537e+00
6.338499883945094017e-06,-3.800000056624412537e+00
6.338999883930953051e-06,-4.000000059604644775e+00
6.339499883916812085e-06,-4.000000059604644775e+00
6.339999883902671120e-06,-4.200000062584877014e+00
6.340499883888530154e-06,-4.200000062584877014e+00
6.340999883874389188e-06,-4.200000062584877014e+00
6.341499883860248223e-06,-4.400000065565109253e+00
6.341999883846107257e-06,-4.400000065565109253e+00
6.342499883831966291e-06,-4.600000068545341492e+00
6.342999883817825325e-06,-4.600000068545341492e+00
6.343499883803684360e-06,-4.600000068545341492e+00
6.343999883789543394e-06,-4.800000071525573730e+00
6.344499883775402428e-06,-4.800000071525573730e+00
6.344999883761261462e-06,-4.800000071525573730e+00
6.345499883747120497e-06,-4.800000071525573730e+00
6.345999883732979531e-06,-4.800000071525573730e+00
6.346499883718838565e-06,-5.000000074505805969e+00
6.346999883704697599e-06,-5.000000074505805969e+00
6.347499883690556634e-06,-5.000000074505805969e+00
6.347999883676415668e-06,-5.000000074505805969e+00
6.348499883662274702e-06,-5.000000074505805969e+00
6.348999883648133737e-06,-5.000000074505805969e+00
6.349499883633992771e-06,-5.200000077486038208e+00
6.349999883619851805e-06,-5.000000074505805969e+00
6.350499883605710839e-06,-5.000000074505805969e+00
6.350999883591569874e-06,-5.000000074505805969e+00
6.351499883577428908e-06,-5.000000074505805969e+00
6.351999883563287942e-06,-5.000000074505805969e+00
6.352499883549146976e-06,-5.000000074505805969e+00
6.352999883535006011e-06,-5.000000074505805969e+00
6.353499883520865045e-06,-5.000000074505805969e+00
6.353999883506724079e-06,-4.800000071525573730e+00
6.354499883492583114e-06,-4.800000071525573730e+00
6.354999883478442148e-06,-4.800000071525573730e+00
6.355499883464301182e-06,-4.800000071525573730e+00
6.355999883450160216e-06,-4.800000071525573730e+00
6.356499883436019251e-06,-4.600000068545341492e+00
6.356999883421878285e-06,-4.600000068545341492e+00
6.357499883407737319e-06,-4.600000068545341492e+00
6.357999883393596353e-06,-4.400000065565109253e+00
6.358499883379455388e-06,-4.400000065565109253e+00
6.358999883365314422e-06,-4.400000065565109253e+00
6.359499883351173456e-06,-4.200000062584877014e+00
6.359999883337032490e-06,-4.000000059604644775e+00
6.360499883322891525e-06,-4.000000059604644775e+00
6.360999883308750559e-06,-3.800000056624412537e+00
6.361499883294609593e-06,-3.800000056624412537e+00
6.361999883280468628e-06,-3.800000056624412537e+00
6.362499883266327662e-06,-3.600000053644180298e+00
6.362999883252186696e-06,-3.600000053644180298e+00
6.363499883238045730e-06,-3.400000050663948059e+00
6.363999883223904765e-06,-3.200000047683715820e+00
6.364499883209763799e-06,-3.000000044703483582e+00
6.364999883195622833e-06,-3.000000044703483582e+00
6.365499883181481867e-06,-2.800000041723251343e+00
6.365999883167340902e-06,-2.600000038743019104e+00
6.366499883153199936e-06,-2.600000038743019104e+00
6.366999883139058970e-06,-2.400000035762786865e+00
6.367499883124918004e-06,-2.200000032782554626e+00
6.367999883110777039e-06,-2.200000032782554626e+00
6.368499883096636073e-06,-2.000000029802322388e+00
6.368999883082495107e-06,-1.800000026822090149e+00
6.369499883068354142e-06,-1.800000026822090149e+00
6.369999883054213176e-06,-1.600000023841857910e+00
6.370499883040072210e-06,-1.400000020861625671e+00
6.370999883025931244e-06,-1.200000017881393433e+00
6.371499883011790279e-06,-1.200000017881393433e+00
6.371999882997649313e-06,-1.000000014901161194e+00
6.372499882983508347e-06,-8.000000119209289551e-01
6.372999882969367381e-06,-6.000000089406967163e-01
6.373499882955226416e-06,-4.000000059604644775e-01
6.373999882941085450e-06,-4.000000059604644775e-01
6.374499882926944484e-06,-2.000000029802322388e-01
6.374999882912803519e-06,0.000000000000000000e+00
6.375499882898662553e-06,2.000000029802322388e-01
6.375999882884521587e-06,2.000000029802322388e-01
6.376499882870380621e-06,4.000000059604644775e-01
6.376999882856239656e-06,6.000000089406967163e-01
6.377499882842098690e-06,8.000000119209289551e-01
6.377999882827957724e-06,1.000000014901161194e+00
6.378499882813816758e-06,1.200000017881393433e+00
6.378999882799675793e-06,1.200000017881393433e+00
6.379499882785534827e-06,1.400000020861625671e+00
6.379999882771393861e-06,1.600000023841857910e+00
6.380499882757252895e-06,1.600000023841857910e+00
6.380999882743111930e-06,2.000000029802322388e+00
6.381499882728970964e-06,2.000000029802322388e+00
6.381999882714829998e-06,2.200000032782554626e+00
6.382499882700689033e-06,2.400000035762786865e+00
6.382999882686548067e-06,2.400000035762786865e+00
6.383499882672407101e-06,2.600000038743019104e+00
6.383999882658266135e-06,2.800000041723251343e+00
6.384499882644125170e-06,3.000000044703483582e+00
6.384999882629984204e-06,3.000000044703483582e+00
6.385499882615843238e-06,3.000000044703483582e+00
6.385999882601702272e-06,3.200000047683715820e+00
6.386499882587561307e-06,3.400000050663948059e+00
6.386999882573420341e-06,3.600000053644180298e+00
6.387499882559279375e-06,3.600000053644180298e+00
6.387999882545138409e-06,3.800000056624412537e+00
6.388499882530997444e-06,3.800000056624412537e+00
6.388999882516856478e-06,3.800000056624412537e+00
6.389499882502715512e-06,4.000000059604644775e+00
6.389999882488574547e-06,4.200000062584877014e+00
6.390499882474433581e-06,4.200000062584877014e+00
6.390999882460292615e-06,4.200000062584877014e+00
6.391499882446151649e-06,4.400000065565109253e+00
6.391999882432010684e-06,4.400000065565109253e+00
6.392499882417869718e-06,4.600000068545341492e+00
6.392999882403728752e-06,4.600000068545341492e+00
6.393499882389587786e-06,4.600000068545341492e+00
6.393999882375446821e-06,4.800000071525573730e+00
6.394499882361305855e-06,4.800000071525573730e+00
6.394999882347164889e-06,5.000000074505805969e+00
6.395499882333023924e-06,5.000000074505805969e+00
6.395999882318882958e-06,5.000000074505805969e+00
6.396499882304741992e-06,5.000000074505805969e+00
6.396999882290601026e-06,5.000000074505805969e+00
6.397499882276460061e-06,5.000000074505805969e+00
6.397999882262319095e-06,5.000000074505805969e+00
6.398499882248178129e-06,5.000000074505805969e+00
6.398999882234037163e-06,5.000000074505805969e+00
6.399499882219896198e-06,5.000000074505805969e+00
6.399999882205755232e-06,5.000000074505805969e+00
6.400499882191614266e-06,5.000000074505805969e+00
6.400999882177473300e-06,5.000000074505805969e+00
6.401499882163332335e-06,5.000000074505805969e+00
6.401999882149191369e-06,5.000000074505805969e+00
6.402499882135050403e-06,5.000000074505805969e+00
6.402999882120909438e-06,5.000000074505805969e+00
6.403499882106768472e-06,5.000000074505805969e+00
6.403999882092627506e-06,5.000000074505805969e+00
6.404499882078486540e-06,4.800000071525573730e+00
6.404999882064345575e-06,4.800000071525573730e+00
6.405499882050204609e-06,4.600000068545341492e+00
6.405999882036063643e-06,4.800000071525573730e+00
6.406499882021922677e-06,4.600000068545341492e+00
6.406999882007781712e-06,4.600000068545341492e+00
6.407499881993640746e-06,4.600000068545341492e+00
6.407999881979499780e-06,4.400000065565109253e+00
6.408499881965358814e-06,4.400000065565109253e+00
6.408999881951217849e-06,4.200000062584877014e+00
6.409499881937076883e-06,4.200000062584877014e+00
6.409999881922935917e-06,4.000000059604644775e+00
6.410499881908794952e-06,4.000000059604644775e+00
6.410999881894653986e-06,3.800000056624412537e+00
6.411499881880513020e-06,3.800000056624412537e+00
6.411999881866372054e-06,3.600000053644180298e+00
6.412499881852231089e-06,3.600000053644180298e+00
6.412999881838090123e-06,3.600000053644180298e+00
6.413499881823949157e-06,3.400000050663948059e+00
6.413999881809808191e-06,3.200000047683715820e+00
6.414499881795667226e-06,3.200000047683715820e+00
6.414999881781526260e-06,3.000000044703483582e+00
6.415499881767385294e-06,2.800000041723251343e+00
6.415999881753244329e-06,2.800000041723251343e+00
6.416499881739103363e-06,2.600000038743019104e+00
6.416999881724962397e-06,2.400000035762786865e+00
6.417499881710821431e-06,2.400000035762786865e+00
6.417999881696680466e-06,2.200000032782554626e+00
6.418499881682539500e-06,2.000000029802322388e+00
6.418999881668398534e-06,1.800000026822090149e+00
6.419499881654257568e-06,1.600000023841857910e+00
6.419999881640116603e-06,1.600000023841857910e+00
6.420499881625975637e-06,1.400000020861625671e+00
6.420999881611834671e-06,1.200000017881393433e+00
6.421499881597693705e-06,1.200000017881393433e+00
6.421999881583552740e-06,1.000000014901161194e+00
6.422499881569411774e-06,8.000000119209289551e-01
6.422999881555270808e-06,6.000000089406967163e-01
6.423499881541129843e-06,4.000000059604644775e-01
6.423999881526988877e-06,2.000000029802322388e-01
6.424499881512847911e-06,2.000000029802322388e-01
6.424999881498706945e-06,0.000000000000000000e+00
6.425499881484565980e-06,-2.000000029802322388e-01
6.425999881470425014e-06,-4.000000059604644775e-01
6.426499881456284048e-06,-4.000000059604644775e-01
6.426999881442143082e-06,-6.000000089406967163e-01
6.427499881428002117e-06,-8.000000119209289551e-01
6.427999881413861151e-06,-1.000000014901161194e+00
6.428499881399720185e-06,-1.200000017881393433e+00
6.428999881385579219e-06,-1.200000017881393433e+00
6.429499881371438254e-06,-1.400000020861625671e+00
6.429999881357297288e-06,-1.600000023841857910e+00
6.430499881343156322e-06,-1.800000026822090149e+00
6.430999881329015357e-06,-1.800000026822090149e+00
6.431499881314874391e-06,-2.000000029802322388e+00
6.431999881300733425e-06,-2.200000032782554626e+00
6.432499881286592459e-06,-2.400000035762786865e+00
6.432999881272451494e-06,-2.400000035762786865e+00
6.433499881258310528e-06,-2.600000038743019104e+00
6.433999881244169562e-06,-2.800000041723251343e+00
6.434499881230028596e-06,-2.800000041723251343e+00
6.434999881215887631e-06,-3.000000044703483582e+00
6.435499881201746665e-06,-3.000000044703483582e+00
6.435999881187605699e-06,-3.200000047683715820e+00
6.436499881173464734e-06,-3.400000050663948059e+00
6.436999881159323768e-06,-3.400000050663948059e+00
6.437499881145182802e-06,-3.600000053644180298e+00
6.437999881131041836e-06,-3.800000056624412537e+00
6.438499881116900871e-06,-3.800000056624412537e+00
6.438999881102759905e-06,-4.000000059604644775e+00
6.439499881088618939e-06,-4.000000059604644775e+00
6.439999881074477973e-06,-4.200000062584877014e+00
6.440499881060337008e-06,-4.200000062584877014e+00
6.440999881046196042e-06,-4.200000062584877014e+00
6.441499881032055076e-06,-4.400000065565109253e+00
6.441999881017914110e-06,-4.400000065565109253e+00
6.442499881003773145e-06,-4.600000068545341492e+00
6.442999880989632179e-06,-4.600000068545341492e+00
6.443499880975491213e-06,-4.600000068545341492e+00
6.443999880961350248e-06,-4.800000071525573730e+00
6.444499880947209282e-06,-4.800000071525573730e+00
6.444999880933068316e-06,-4.800000071525573730e+00
6.445499880918927350e-06,-4.800000071525573730e+00
6.445999880904786385e-06,-4.800000071525573730e+00
6.446499880890645419e-06,-4.200000062584877014e+00
6.446999880876504453e-06,-2.800000041723251343e+00
6.447499880862363487e-06,-1.200000017881393433e+00
6.447999880848222522e-06,-2.000000029802322388e-01
6.448499880834081556e-06,2.000000029802322388e-01
6.448999880819940590e-06,0.000000000000000000e+00
6.449499880805799624e-06,0.000000000000000000e+00
6.449999880791658659e-06,-2.000000029802322388e-01
6.450499880777517693e-06,-2.000000029802322388e-01
6.450999880763376727e-06,-2.000000029802322388e-01
6.451499880749235762e-06,-2.000000029802322388e-01
6.451999880735094796e-06,-2.000000029802322388e-01
6.452499880720953830e-06,-2.000000029802322388e-01
6.452999880706812864e-06,-2.000000029802322388e-01
6.453499880692671899e-06,-2.000000029802322388e-01
6.453999880678530933e-06,-2.000000029802322388e-01
6.454499880664389967e-06,-2.000000029802322388e-01
6.454999880650249001e-06,-2.000000029802322388e-01
6.455499880636108036e-06,-2.000000029802322388e-01
6.455999880621967070e-06,-2.000000029802322388e-01
6.456499880607826104e-06,-2.000000029802322388e-01
6.456999880593685139e-06,-2.000000029802322388e-01
6.457499880579544173e-06,-2.000000029802322388e-01
6.457999880565403207e-06,-2.000000029802322388e-01
6.458499880551262241e-06,-2.000000029802322388e-01
6.458999880537121276e-06,-2.000000029802322388e-01
6.459499880522980310e-06,-2.000000029802322388e-01
6.459999880508839344e-06,-2.000000029802322388e-01
6.460499880494698378e-06,-2.000000029802322388e-01
6.460999880480557413e-06,-2.000000029802322388e-01
6.461499880466416447e-06,-2.000000029802322388e-01
6.461999880452275481e-06,-2.000000029802322388e-01
6.462499880438134515e-06,-2.000000029802322388e-01
6.462999880423993550e-06,-2.000000029802322388e-01
6.463499880409852584e-06,-2.000000029802322388e-01
6.463999880395711618e-06,-2.000000029802322388e-01
6.464499880381570653e-06,-2.000000029802322388e-01
6.464999880367429687e-06,-2.000000029802322388e-01
6.465499880353288721e-06,-2.000000029802322388e-01
6.465999880339147755e-06,-2.000000029802322388e-01
6.466499880325006790e-06,-2.000000029802322388e-01
6.466999880310865824e-06,-2.000000029802322388e-01
6.467499880296724858e-06,-2.000000029802322388e-01
6.467999880282583892e-06,-2.000000029802322388e-01
6.468499880268442927e-06,-2.000000029802322388e-01
6.468999880254301961e-06,-2.000000029802322388e-01
6.469499880240160995e-06,-2.000000029802322388e-01
6.469999880226020029e-06,-2.000000029802322388e-01
6.470499880211879064e-06,-2.000000029802322388e-01
6.470999880197738098e-06,-2.000000029802322388e-01
6.471499880183597132e-06,-2.000000029802322388e-01
6.471999880169456167e-06,-2.000000029802322388e-01
6.472499880155315201e-06,-2.000000029802322388e-01
6.472999880141174235e-06,-2.000000029802322388e-01
6.473499880127033269e-06,-2.000000029802322388e-01
6.473999880112892304e-06,-2.000000029802322388e-01
6.474499880098751338e-06,-2.000000029802322388e-01
6.474999880084610372e-06,-2.000000029802322388e-01
6.475499880070469406e-06,-2.000000029802322388e-01
6.475999880056328441e-06,-2.000000029802322388e-01
6.476499880042187475e-06,-2.000000029802322388e-01
6.476999880028046509e-06,-2.000000029802322388e-01
6.477499880013905544e-06,-2.000000029802322388e-01
6.477999879999764578e-06,-2.000000029802322388e-01
6.478499879985623612e-06,-2.000000029802322388e-01
6.478999879971482646e-06,-2.000000029802322388e-01
6.479499879957341681e-06,-2.000000029802322388e-01
6.479999879943200715e-06,-2.000000029802322388e-01
6.480499879929059749e-06,-2.000000029802322388e-01
6.480999879914918783e-06,-2.000000029802322388e-01
6.481499879900777818e-06,-2.000000029802322388e-01
6.481999879886636852e-06,-2.000000029802322388e-01
6.482499879872495886e-06,-2.000000029802322388e-01
6.482999879858354920e-06,-2.000000029802322388e-01
6.483499879844213955e-06,-2.000000029802322388e-01
6.483999879830072989e-06,-2.000000029802322388e-01
6.484499879815932023e-06,-2.000000029802322388e-01
6.484999879801791058e-06,-2.000000029802322388e-01
6.485499879787650092e-06,-2.000000029802322388e-01
6.485999879773509126e-06,-2.000000029802322388e-01
6.486499879759368160e-06,-2.000000029802322388e-01
6.486999879745227195e-06,-2.000000029802322388e-01
6.487499879731086229e-06,-2.000000029802322388e-01
6.487999879716945263e-06,-2.000000029802322388e-01
6.488499879702804297e-06,-2.000000029802322388e-01
6.488999879688663332e-06,-2.000000029802322388e-01
6.489499879674522366e-06,-2.000000029802322388e-01
6.489999879660381400e-06,-2.000000029802322388e-01
6.490499879646240434e-06,-2.000000029802322388e-01
6.490999879632099469e-06,-2.000000029802322388e-01
6.491499879617958503e-06,-2.000000029802322388e-01
6.491999879603817537e-06,-2.000000029802322388e-01
6.492499879589676572e-06,-2.000000029802322388e-01
6.492999879575535606e-06,-2.000000029802322388e-01
6.493499879561394640e-06,-2.000000029802322388e-01
6.493999879547253674e-06,0.000000000000000000e+00
6.494499879533112709e-06,-2.000000029802322388e-01
6.494999879518971743e-06,0.000000000000000000e+00
6.495499879504830777e-06,-2.000000029802322388e-01
6.495999879490689811e-06,0.000000000000000000e+00
6.496499879476548846e-06,-2.000000029802322388e-01
6.496999879462407880e-06,-2.000000029802322388e-01
6.497499879448266914e-06,-2.000000029802322388e-01
6.497999879434125949e-06,-2.000000029802322388e-01
6.498499879419984983e-06,-2.000000029802322388e-01
6.498999879405844017e-06,-2.000000029802322388e-01
6.499499879391703051e-06,-2.000000029802322388e-01
6.499999879377562086e-06,-2.000000029802322388e-01
6.500499879363421120e-06,-2.000000029802322388e-01
6.500999879349280154e-06,-2.000000029802322388e-01
6.501499879335139188e-06,-2.000000029802322388e-01
6.501999879320998223e-06,-2.000000029802322388e-01
6.502499879306857257e-06,-2.000000029802322388e-01
6.502999879292716291e-06,-2.000000029802322388e-01
6.503499879278575325e-06,-2.000000029802322388e-01
6.503999879264434360e-06,-2.000000029802322388e-01
6.504499879250293394e-06,-2.000000029802322388e-01
6.504999879236152428e-06,0.000000000000000000e+00
6.505499879222011463e-06,0.000000000000000000e+00
6.505999879207870497e-06,-2.000000029802322388e-01
6.506499879193729531e-06,-2.000000029802322388e-01
6.506999879179588565e-06,-2.000000029802322388e-01
6.507499879165447600e-06,-2.000000029802322388e-01
6.507999879151306634e-06,-2.000000029802322388e-01
6.508499879137165668e-06,-2.000000029802322388e-01
6.508999879123024702e-06,-2.000000029802322388e-01
6.509499879108883737e-06,-2.000000029802322388e-01
6.509999879094742771e-06,-2.000000029802322388e-01
6.510499879080601805e-06,-2.000000029802322388e-01
6.510999879066460839e-06,-2.000000029802322388e-01
6.511499879052319874e-06,-2.000000029802322388e-01
6.511999879038178908e-06,-2.000000029802322388e-01
6.512499879024037942e-06,-2.000000029802322388e-01
6.512999879009896977e-06,-2.000000029802322388e-01
6.513499878995756011e-06,0.000000000000000000e+00
6.513999878981615045e-06,0.000000000000000000e+00
6.514499878967474079e-06,0.000000000000000000e+00
6.514999878953333114e-06,0.000000000000000000e+00
6.515499878939192148e-06,-2.000000029802322388e-01
6.515999878925051182e-06,-2.000000029802322388e-01
6.516499878910910216e-06,-2.000000029802322388e-01
6.516999878896769251e-06,-2.000000029802322388e-01
6.517499878882628285e-06,0.000000000000000000e+00
6.517999878868487319e-06,-2.000000029802322388e-01
6.518499878854346354e-06,0.000000000000000000e+00
6.518999878840205388e-06,0.000000000000000000e+00
6.519499878826064422e-06,0.000000000000000000e+00
6.519999878811923456e-06,-2.000000029802322388e-01
6.520499878797782491e-06,0.000000000000000000e+00
6.520999878783641525e-06,0.000000000000000000e+00
6.521499878769500559e-06,-2.000000029802322388e-01
6.521999878755359593e-06,-2.000000029802322388e-01
6.522499878741218628e-06,-2.000000029802322388e-01
6.522999878727077662e-06,-2.000000029802322388e-01
6.523499878712936696e-06,-2.000000029802322388e-01
6.523999878698795730e-06,-2.000000029802322388e-01
6.524499878684654765e-06,-2.000000029802322388e-01
6.524999878670513799e-06,0.000000000000000000e+00
6.525499878656372833e-06,-2.000000029802322388e-01
6.525999878642231868e-06,0.000000000000000000e+00
6.526499878628090902e-06,0.000000000000000000e+00
6.526999878613949936e-06,0.000000000000000000e+00
6.527499878599808970e-06,-2.000000029802322388e-01
6.527999878585668005e-06,0.000000000000000000e+00
6.528499878571527039e-06,0.000000000000000000e+00
6.528999878557386073e-06,0.000000000000000000e+00
6.529499878543245107e-06,0.000000000000000000e+00
6.529999878529104142e-06,0.000000000000000000e+00
6.530499878514963176e-06,-2.000000029802322388e-01
6.530999878500822210e-06,-2.000000029802322388e-01
6.531499878486681244e-06,-2.000000029802322388e-01
6.531999878472540279e-06,0.000000000000000000e+00
6.532499878458399313e-06,0.000000000000000000e+00
6.532999878444258347e-06,-2.000000029802322388e-01
6.533499878430117382e-06,0.000000000000000000e+00
6.533999878415976416e-06,0.000000000000000000e+00
6.534499878401835450e-06,0.000000000000000000e+00
6.534999878387694484e-06,0.000000000000000000e+00
6.535499878373553519e-06,0.000000000000000000e+00
6.535999878359412553e-06,0.000000000000000000e+00
6.536499878345271587e-06,-2.000000029802322388e-01
6.536999878331130621e-06,0.000000000000000000e+00
6.537499878316989656e-06,0.000000000000000000e+00
6.537999878302848690e-06,0.000000000000000000e+00
6.538499878288707724e-06,0.000000000000000000e+00
6.538999878274566759e-06,0.000000000000000000e+00
6.539499878260425793e-06,-2.000000029802322388e-01
6.539999878246284827e-06,0.000000000000000000e+00
6.540499878232143861e-06,0.000000000000000000e+00
6.540999878218002896e-06,0.000000000000000000e+00
6.541499878203861930e-06,0.000000000000000000e+00
6.541999878189720964e-06,0.000000000000000000e+00
6.542499878175579998e-06,0.000000000000000000e+00
6.542999878161439033e-06,0.000000000000000000e+00
6.543499878147298067e-06,0.000000000000000000e+00
6.543999878133157101e-06,0.000000000000000000e+00
6.544499878119016135e-06,0.000000000000000000e+00
6.544999878104875170e-06,0.000000000000000000e+00
6.545499878090734204e-06,0.000000000000000000e+00
6.545999878076593238e-06,0.000000000000000000e+00
6.546499878062452273e-06,0.000000000000000000e+00
6.546999878048311307e-06,0.000000000000000000e+00
6.547499878034170341e-06,0.000000000000000000e+00
6.547999878020029375e-06,0.000000000000000000e+00
6.548499878005888410e-06,0.000000000000000000e+00
6.548999877991747444e-06,0.000000000000000000e+00
6.549499877977606478e-06,0.000000000000000000e+00
6.549999877963465512e-06,0.000000000000000000e+00
6.550499877949324547e-06,0.000000000000000000e+00
6.550999877935183581e-06,0.000000000000000000e+00
6.551499877921042615e-06,0.000000000000000000e+00
6.551999877906901649e-06,0.000000000000000000e+00
6.552499877892760684e-06,0.000000000000000000e+00
6.552999877878619718e-06,0.000000000000000000e+00
6.553499877864478752e-06,0.000000000000000000e+00
6.553999877850337787e-06,0.000000000000000000e+00
6.554499877836196821e-06,0.000000000000000000e+00
6.554999877822055855e-06,0.000000000000000000e+00
6.555499877807914889e-06,0.000000000000000000e+00
6.555999877793773924e-06,-2.000000029802322388e-01
6.556499877779632958e-06,0.000000000000000000e+00
6.556999877765491992e-06,0.000000000000000000e+00
6.557499877751351026e-06,0.000000000000000000e+00
6.557999877737210061e-06,0.000000000000000000e+00
6.558499877723069095e-06,0.000000000000000000e+00
6.558999877708928129e-06,-2.000000029802322388e-01
6.559499877694787164e-06,-2.000000029802322388e-01
6.559999877680646198e-06,0.000000000000000000e+00
6.560499877666505232e-06,0.000000000000000000e+00
6.560999877652364266e-06,0.000000000000000000e+00
6.561499877638223301e-06,0.000000000000000000e+00
6.561999877624082335e-06,0.000000000000000000e+00
6.562499877609941369e-06,0.000000000000000000e+00
6.562999877595800403e-06,0.000000000000000000e+00
6.563499877581659438e-06,0.000000000000000000e+00
6.563999877567518472e-06,0.000000000000000000e+00
6.564499877553377506e-06,0.000000000000000000e+00
6.564999877539236540e-06,0.000000000000000000e+00
6.565499877525095575e-06,0.000000000000000000e+00
6.565999877510954609e-06,0.000000000000000000e+00
6.566499877496813643e-06,0.000000000000000000e+00
6.566999877482672678e-06,0.000000000000000000e+00
6.567499877468531712e-06,0.000000000000000000e+00
6.567999877454390746e-06,-2.000000029802322388e-01
6.568499877440249780e-06,0.000000000000000000e+00
6.568999877426108815e-06,0.000000000000000000e+00
6.569499877411967849e-06,0.000000000000000000e+00
6.569999877397826883e-06,0.000000000000000000e+00
6.570499877383685917e-06,0.000000000000000000e+00
6.570999877369544952e-06,0.000000000000000000e+00
6.571499877355403986e-06,0.000000000000000000e+00
6.571999877341263020e-06,0.000000000000000000e+00
6.572499877327122054e-06,0.000000000000000000e+00
6.572999877312981089e-06,0.000000000000000000e+00
6.573499877298840123e-06,0.000000000000000000e+00
6.573999877284699157e-06,0.000000000000000000e+00
6.574499877270558192e-06,0.000000000000000000e+00
6.574999877256417226e-06,0.000000000000000000e+00
6.575499877242276260e-06,0.000000000000000000e+00
6.575999877228135294e-06,0.000000000000000000e+00
6.576499877213994329e-06,0.000000000000000000e+00
6.576999877199853363e-06,0.000000000000000000e+00
6.577499877185712397e-06,0.000000000000000000e+00
6.577999877171571431e-06,0.000000000000000000e+00
6.578499877157430466e-06,0.000000000000000000e+00
6.578999877143289500e-06,0.000000000000000000e+00
6.579499877129148534e-06,0.000000000000000000e+00
6.579999877115007569e-06,0.000000000000000000e+00
6.580499877100866603e-06,0.000000000000000000e+00
6.580999877086725637e-06,0.000000000000000000e+00
6.581499877072584671e-06,0.000000000000000000e+00
6.581999877058443706e-06,0.000000000000000000e+00
6.582499877044302740e-06,0.000000000000000000e+00
6.582999877030161774e-06,0.000000000000000000e+00
6.583499877016020808e-06,0.000000000000000000e+00
6.583999877001879843e-06,0.000000000000000000e+00
6.584499876987738877e-06,0.000000000000000000e+00
6.584999876973597911e-06,0.000000000000000000e+00
6.585499876959456945e-06,0.000000000000000000e+00
6.585999876945315980e-06,0.000000000000000000e+00
6.586499876931175014e-06,0.000000000000000000e+00
6.586999876917034048e-06,0.000000000000000000e+00
6.587499876902893083e-06,0.000000000000000000e+00
6.587999876888752117e-06,0.000000000000000000e+00
6.588499876874611151e-06,0.000000000000000000e+00
6.588999876860470185e-06,0.000000000000000000e+00
6.589499876846329220e-06,0.000000000000000000e+00
6.589999876832188254e-06,0.000000000000000000e+00
6.590499876818047288e-06,0.000000000000000000e+00
6.590999876803906322e-06,0.000000000000000000e+00
6.591499876789765357e-06,0.000000000000000000e+00
6.591999876775624391e-06,0.000000000000000000e+00
6.592499876761483425e-06,0.000000000000000000e+00
6.592999876747342459e-06,0.000000000000000000e+00
6.593499876733201494e-06,0.000000000000000000e+00
6.593999876719060528e-06,0.000000000000000000e+00
6.594499876704919562e-06,0.000000000000000000e+00
6.594999876690778597e-06,0.000000000000000000e+00
6.595499876676637631e-06,0.000000000000000000e+00
6.595999876662496665e-06,0.000000000000000000e+00
6.596499876648355699e-06,0.000000000000000000e+00
6.596999876634214734e-06,0.000000000000000000e+00
6.597499876620073768e-06,0.000000000000000000e+00
6.597999876605932802e-06,0.000000000000000000e+00
6.598499876591791836e-06,0.000000000000000000e+00
6.598999876577650871e-06,0.000000000000000000e+00
6.599499876563509905e-06,0.000000000000000000e+00
6.599999876549368939e-06,0.000000000000000000e+00
6.600499876535227974e-06,0.000000000000000000e+00
6.600999876521087008e-06,0.000000000000000000e+00
6.601499876506946042e-06,0.000000000000000000e+00
6.601999876492805076e-06,0.000000000000000000e+00
6.602499876478664111e-06,0.000000000000000000e+00
6.602999876464523145e-06,0.000000000000000000e+00
6.603499876450382179e-06,0.000000000000000000e+00
6.603999876436241213e-06,0.000000000000000000e+00
6.604499876422100248e-06,0.000000000000000000e+00
6.604999876407959282e-06,0.000000000000000000e+00
6.605499876393818316e-06,0.000000000000000000e+00
6.605999876379677350e-06,0.000000000000000000e+00
6.606499876365536385e-06,0.000000000000000000e+00
6.606999876351395419e-06,0.000000000000000000e+00
6.607499876337254453e-06,0.000000000000000000e+00
6.607999876323113488e-06,0.000000000000000000e+00
6.608499876308972522e-06,0.000000000000000000e+00
6.608999876294831556e-06,0.000000000000000000e+00
6.609499876280690590e-06,0.000000000000000000e+00
6.609999876266549625e-06,0.000000000000000000e+00
6.610499876252408659e-06,0.000000000000000000e+00
6.610999876238267693e-06,0.000000000000000000e+00
6.611499876224126727e-06,0.000000000000000000e+00
6.611999876209985762e-06,0.000000000000000000e+00
6.612499876195844796e-06,0.000000000000000000e+00
6.612999876181703830e-06,0.000000000000000000e+00
6.613499876167562864e-06,0.000000000000000000e+00
6.613999876153421899e-06,0.000000000000000000e+00
6.614499876139280933e-06,0.000000000000000000e+00
6.614999876125139967e-06,0.000000000000000000e+00
6.615499876110999002e-06,0.000000000000000000e+00
6.615999876096858036e-06,0.000000000000000000e+00
6.616499876082717070e-06,0.000000000000000000e+00
6.616999876068576104e-06,0.000000000000000000e+00
6.617499876054435139e-06,0.000000000000000000e+00
6.617999876040294173e-06,0.000000000000000000e+00
6.618499876026153207e-06,0.000000000000000000e+00
6.618999876012012241e-06,0.000000000000000000e+00
6.619499875997871276e-06,0.000000000000000000e+00
6.619999875983730310e-06,0.000000000000000000e+00
6.620499875969589344e-06,0.000000000000000000e+00
6.620999875955448379e-06,0.000000000000000000e+00
6.621499875941307413e-06,0.000000000000000000e+00
6.621999875927166447e-06,0.000000000000000000e+00
6.622499875913025481e-06,0.000000000000000000e+00
6.622999875898884516e-06,0.000000000000000000e+00
6.623499875884743550e-06,0.000000000000000000e+00
6.623999875870602584e-06,0.000000000000000000e+00
6.624499875856461618e-06,0.000000000000000000e+00
6.624999875842320653e-06,0.000000000000000000e+00
6.625499875828179687e-06,0.000000000000000000e+00
6.625999875814038721e-06,0.000000000000000000e+00
6.626499875799897755e-06,0.000000000000000000e+00
6.626999875785756790e-06,0.000000000000000000e+00
6.627499875771615824e-06,0.000000000000000000e+00
6.627999875757474858e-06,0.000000000000000000e+00
6.628499875743333893e-06,0.000000000000000000e+00
6.628999875729192927e-06,0.000000000000000000e+00
6.629499875715051961e-06,0.000000000000000000e+00
6.629999875700910995e-06,0.000000000000000000e+00
6.630499875686770030e-06,0.000000000000000000e+00
6.630999875672629064e-06,0.000000000000000000e+00
6.631499875658488098e-06,0.000000000000000000e+00
6.631999875644347132e-06,0.000000000000000000e+00
6.632499875630206167e-06,0.000000000000000000e+00
6.632999875616065201e-06,0.000000000000000000e+00
6.633499875601924235e-06,0.000000000000000000e+00
6.633999875587783269e-06,0.000000000000000000e+00
6.634499875573642304e-06,0.000000000000000000e+00
6.634999875559501338e-06,0.000000000000000000e+00
6.635499875545360372e-06,0.000000000000000000e+00
6.635999875531219407e-06,0.000000000000000000e+00
6.636499875517078441e-06,0.000000000000000000e+00
6.636999875502937475e-06,0.000000000000000000e+00
6.637499875488796509e-06,0.000000000000000000e+00
6.637999875474655544e-06,0.000000000000000000e+00
6.638499875460514578e-06,0.000000000000000000e+00
6.638999875446373612e-06,0.000000000000000000e+00
6.639499875432232646e-06,0.000000000000000000e+00
6.639999875418091681e-06,0.000000000000000000e+00
6.640499875403950715e-06,0.000000000000000000e+00
6.640999875389809749e-06,0.000000000000000000e+00
6.641499875375668784e-06,0.000000000000000000e+00
6.641999875361527818e-06,0.000000000000000000e+00
6.642499875347386852e-06,0.000000000000000000e+00
6.642999875333245886e-06,0.000000000000000000e+00
6.643499875319104921e-06,0.000000000000000000e+00
6.643999875304963955e-06,0.000000000000000000e+00
6.644499875290822989e-06,0.000000000000000000e+00
6.644999875276682023e-06,0.000000000000000000e+00
6.645499875262541058e-06,0.000000000000000000e+00
6.645999875248400092e-06,0.000000000000000000e+00
6.646499875234259126e-06,0.000000000000000000e+00
6.646999875220118160e-06,0.000000000000000000e+00
6.647499875205977195e-06,0.000000000000000000e+00
6.647999875191836229e-06,0.000000000000000000e+00
6.648499875177695263e-06,0.000000000000000000e+00
6.648999875163554298e-06,0.000000000000000000e+00
6.649499875149413332e-06,0.000000000000000000e+00
6.649999875135272366e-06,0.000000000000000000e+00
6.650499875121131400e-06,0.000000000000000000e+00
6.650999875106990435e-06,0.000000000000000000e+00
6.651499875092849469e-06,0.000000000000000000e+00
6.651999875078708503e-06,0.000000000000000000e+00
6.652499875064567537e-06,0.000000000000000000e+00
6.652999875050426572e-06,0.000000000000000000e+00
6.653499875036285606e-06,0.000000000000000000e+00
6.653999875022144640e-06,0.000000000000000000e+00
6.654499875008003674e-06,0.000000000000000000e+00
6.654999874993862709e-06,0.000000000000000000e+00
6.655499874979721743e-06,0.000000000000000000e+00
6.655999874965580777e-06,0.000000000000000000e+00
6.656499874951439812e-06,0.000000000000000000e+00
6.656999874937298846e-06,0.000000000000000000e+00
6.657499874923157880e-06,0.000000000000000000e+00
6.657999874909016914e-06,0.000000000000000000e+00
6.658499874894875949e-06,0.000000000000000000e+00
6.658999874880734983e-06,0.000000000000000000e+00
6.659499874866594017e-06,0.000000000000000000e+00
6.659999874852453051e-06,0.000000000000000000e+00
6.660499874838312086e-06,0.000000000000000000e+00
6.660999874824171120e-06,0.000000000000000000e+00
6.661499874810030154e-06,0.000000000000000000e+00
6.661999874795889189e-06,0.000000000000000000e+00
6.662499874781748223e-06,0.000000000000000000e+00
6.662999874767607257e-06,0.000000000000000000e+00
6.663499874753466291e-06,0.000000000000000000e+00
6.663999874739325326e-06,0.000000000000000000e+00
6.664499874725184360e-06,0.000000000000000000e+00
6.664999874711043394e-06,0.000000000000000000e+00
6.665499874696902428e-06,0.000000000000000000e+00
6.665999874682761463e-06,0.000000000000000000e+00
6.666499874668620497e-06,0.000000000000000000e+00
6.666999874654479531e-06,0.000000000000000000e+00
6.667499874640338565e-06,0.000000000000000000e+00
6.667999874626197600e-06,0.000000000000000000e+00
6.668499874612056634e-06,0.000000000000000000e+00
6.668999874597915668e-06,0.000000000000000000e+00
6.669499874583774703e-06,0.000000000000000000e+00
6.669999874569633737e-06,0.000000000000000000e+00
6.670499874555492771e-06,0.000000000000000000e+00
6.670999874541351805e-06,0.000000000000000000e+00
6.671499874527210840e-06,0.000000000000000000e+00
6.671999874513069874e-06,0.000000000000000000e+00
6.672499874498928908e-06,0.000000000000000000e+00
6.672999874484787942e-06,0.000000000000000000e+00
6.673499874470646977e-06,0.000000000000000000e+00
6.673999874456506011e-06,0.000000000000000000e+00
6.674499874442365045e-06,0.000000000000000000e+00
6.674999874428224079e-06,0.000000000000000000e+00
6.675499874414083114e-06,0.000000000000000000e+00
6.675999874399942148e-06,0.000000000000000000e+00
6.676499874385801182e-06,0.000000000000000000e+00
6.676999874371660217e-06,0.000000000000000000e+00
6.677499874357519251e-06,0.000000000000000000e+00
6.677999874343378285e-06,0.000000000000000000e+00
6.678499874329237319e-06,0.000000000000000000e+00
6.678999874315096354e-06,0.000000000000000000e+00
6.679499874300955388e-06,0.000000000000000000e+00
6.679999874286814422e-06,0.000000000000000000e+00
6.680499874272673456e-06,0.000000000000000000e+00
6.680999874258532491e-06,0.000000000000000000e+00
6.681499874244391525e-06,0.000000000000000000e+00
6.681999874230250559e-06,0.000000000000000000e+00
6.682499874216109594e-06,0.000000000000000000e+00
6.682999874201968628e-06,0.000000000000000000e+00
6.683499874187827662e-06,0.000000000000000000e+00
6.683999874173686696e-06,-4.000000059604644775e-01
6.684499874159545731e-06,-1.800000026822090149e+00
6.684999874145404765e-06,-3.400000050663948059e+00
6.685499874131263799e-06,-4.600000068545341492e+00
6.685999874117122833e-06,-5.000000074505805969e+00
6.686499874102981868e-06,-4.800000071525573730e+00
6.686999874088840902e-06,-4.600000068545341492e+00
6.687499874074699936e-06,-4.400000065565109253e+00
6.687999874060558970e-06,-4.200000062584877014e+00
6.688499874046418005e-06,-4.000000059604644775e+00
6.688999874032277039e-06,-4.000000059604644775e+00
6.689499874018136073e-06,-3.800000056624412537e+00
6.689999874003995108e-06,-3.600000053644180298e+00
6.690499873989854142e-06,-3.600000053644180298e+00
6.690999873975713176e-06,-3.400000050663948059e+00
6.691499873961572210e-06,-3.200000047683715820e+00
6.691999873947431245e-06,-3.200000047683715820e+00
6.692499873933290279e-06,-3.000000044703483582e+00
6.692999873919149313e-06,-2.800000041723251343e+00
6.693499873905008347e-06,-2.600000038743019104e+00
6.693999873890867382e-06,-2.400000035762786865e+00
6.694499873876726416e-06,-2.400000035762786865e+00
6.694999873862585450e-06,-2.200000032782554626e+00
6.695499873848444484e-06,-2.000000029802322388e+00
6.695999873834303519e-06,-1.800000026822090149e+00
6.696499873820162553e-06,-1.600000023841857910e+00
6.696999873806021587e-06,-1.400000020861625671e+00
6.697499873791880622e-06,-1.400000020861625671e+00
6.697999873777739656e-06,-1.200000017881393433e+00
6.698499873763598690e-06,-1.000000014901161194e+00
6.698999873749457724e-06,-8.000000119209289551e-01
6.699499873735316759e-06,-8.000000119209289551e-01
6.699999873721175793e-06,-6.000000089406967163e-01
6.700499873707034827e-06,-4.000000059604644775e-01
6.700999873692893861e-06,-2.000000029802322388e-01
6.701499873678752896e-06,0.000000000000000000e+00
6.701999873664611930e-06,0.000000000000000000e+00
6.702499873650470964e-06,2.000000029802322388e-01
6.702999873636329999e-06,4.000000059604644775e-01
6.703499873622189033e-06,6.000000089406967163e-01
6.703999873608048067e-06,8.000000119209289551e-01
6.704499873593907101e-06,1.000000014901161194e+00
6.704999873579766136e-06,1.200000017881393433e+00
6.705499873565625170e-06,1.200000017881393433e+00
6.705999873551484204e-06,1.400000020861625671e+00
6.706499873537343238e-06,1.600000023841857910e+00
6.706999873523202273e-06,1.800000026822090149e+00
6.707499873509061307e-06,1.800000026822090149e+00
6.707999873494920341e-06,2.000000029802322388e+00
6.708499873480779375e-06,2.200000032782554626e+00
6.708999873466638410e-06,2.400000035762786865e+00
6.709499873452497444e-06,2.400000035762786865e+00
6.709999873438356478e-06,2.600000038743019104e+00
6.710499873424215513e-06,2.600000038743019104e+00
6.710999873410074547e-06,2.800000041723251343e+00
6.711499873395933581e-06,3.000000044703483582e+00
6.711999873381792615e-06,3.000000044703483582e+00
6.712499873367651650e-06,3.200000047683715820e+00
6.712999873353510684e-06,3.400000050663948059e+00
6.713499873339369718e-06,3.400000050663948059e+00
6.713999873325228752e-06,3.600000053644180298e+00
6.714499873311087787e-06,3.600000053644180298e+00
6.714999873296946821e-06,3.800000056624412537e+00
6.715499873282805855e-06,3.800000056624412537e+00
6.715999873268664889e-06,3.800000056624412537e+00
6.716499873254523924e-06,4.000000059604644775e+00
6.716999873240382958e-06,4.200000062584877014e+00
6.717499873226241992e-06,4.200000062584877014e+00
6.717999873212101027e-06,4.200000062584877014e+00
6.718499873197960061e-06,4.200000062584877014e+00
6.718999873183819095e-06,4.400000065565109253e+00
6.719499873169678129e-06,4.400000065565109253e+00
6.719999873155537164e-06,4.400000065565109253e+00
6.720499873141396198e-06,4.400000065565109253e+00
6.720999873127255232e-06,4.600000068545341492e+00
6.721499873113114266e-06,4.600000068545341492e+00
6.721999873098973301e-06,4.600000068545341492e+00
6.722499873084832335e-06,4.600000068545341492e+00
6.722999873070691369e-06,4.800000071525573730e+00
6.723499873056550404e-06,4.600000068545341492e+00
6.723999873042409438e-06,4.800000071525573730e+00
6.724499873028268472e-06,4.600000068545341492e+00
6.724999873014127506e-06,4.800000071525573730e+00
6.725499872999986541e-06,4.800000071525573730e+00
6.725999872985845575e-06,4.800000071525573730e+00
6.726499872971704609e-06,4.600000068545341492e+00
6.726999872957563643e-06,4.600000068545341492e+00
6.727499872943422678e-06,4.600000068545341492e+00
6.727999872929281712e-06,4.600000068545341492e+00
6.728499872915140746e-06,4.600000068545341492e+00
6.728999872900999780e-06,4.600000068545341492e+00
6.729499872886858815e-06,4.600000068545341492e+00
6.729999872872717849e-06,4.400000065565109253e+00
6.730499872858576883e-06,4.400000065565109253e+00
6.730999872844435918e-06,4.400000065565109253e+00
6.731499872830294952e-06,4.200000062584877014e+00
6.731999872816153986e-06,4.200000062584877014e+00
6.732499872802013020e-06,4.200000062584877014e+00
6.732999872787872055e-06,4.200000062584877014e+00
6.733499872773731089e-06,4.000000059604644775e+00
6.733999872759590123e-06,4.000000059604644775e+00
6.734499872745449157e-06,3.800000056624412537e+00
6.734999872731308192e-06,3.800000056624412537e+00
6.735499872717167226e-06,3.600000053644180298e+00
6.735999872703026260e-06,3.600000053644180298e+00
6.736499872688885294e-06,3.400000050663948059e+00
6.736999872674744329e-06,3.400000050663948059e+00
6.737499872660603363e-06,3.200000047683715820e+00
6.737999872646462397e-06,3.200000047683715820e+00
6.738499872632321432e-06,3.000000044703483582e+00
6.738999872618180466e-06,3.000000044703483582e+00
6.739499872604039500e-06,2.800000041723251343e+00
6.739999872589898534e-06,2.600000038743019104e+00
6.740499872575757569e-06,2.600000038743019104e+00
6.740999872561616603e-06,2.400000035762786865e+00
6.741499872547475637e-06,2.400000035762786865e+00
6.741999872533334671e-06,2.200000032782554626e+00
6.742499872519193706e-06,2.000000029802322388e+00
6.742999872505052740e-06,2.000000029802322388e+00
6.743499872490911774e-06,1.800000026822090149e+00
6.743999872476770809e-06,1.600000023841857910e+00
6.744499872462629843e-06,1.600000023841857910e+00
6.744999872448488877e-06,1.400000020861625671e+00
6.745499872434347911e-06,1.200000017881393433e+00
6.745999872420206946e-06,1.000000014901161194e+00
6.746499872406065980e-06,8.000000119209289551e-01
6.746999872391925014e-06,8.000000119209289551e-01
6.747499872377784048e-06,6.000000089406967163e-01
6.747999872363643083e-06,4.000000059604644775e-01
6.748499872349502117e-06,2.000000029802322388e-01
6.748999872335361151e-06,2.000000029802322388e-01
6.749499872321220185e-06,-2.000000029802322388e-01
6.749999872307079220e-06,-2.000000029802322388e-01
6.750499872292938254e-06,-4.000000059604644775e-01
6.750999872278797288e-06,-6.000000089406967163e-01
6.751499872264656323e-06,-8.000000119209289551e-01
6.751999872250515357e-06,-1.000000014901161194e+00
6.752499872236374391e-06,-1.200000017881393433e+00
6.752999872222233425e-06,-1.200000017881393433e+00
6.753499872208092460e-06,-1.400000020861625671e+00
6.753999872193951494e-06,-1.600000023841857910e+00
6.754499872179810528e-06,-1.600000023841857910e+00
6.754999872165669562e-06,-1.800000026822090149e+00
6.755499872151528597e-06,-2.000000029802322388e+00
6.755999872137387631e-06,-2.000000029802322388e+00
6.756499872123246665e-06,-2.200000032782554626e+00
6.756999872109105699e-06,-2.400000035762786865e+00
6.757499872094964734e-06,-2.600000038743019104e+00
6.757999872080823768e-06,-2.600000038743019104e+00
6.758499872066682802e-06,-2.800000041723251343e+00
6.758999872052541837e-06,-2.800000041723251343e+00
6.759499872038400871e-06,-3.200000047683715820e+00
6.759999872024259905e-06,-3.200000047683715820e+00
6.760499872010118939e-06,-3.400000050663948059e+00
6.760999871995977974e-06,-3.400000050663948059e+00
6.761499871981837008e-06,-3.600000053644180298e+00
6.761999871967696042e-06,-3.800000056624412537e+00
6.762499871953555076e-06,-3.800000056624412537e+00
6.762999871939414111e-06,-4.000000059604644775e+00
6.763499871925273145e-06,-4.200000062584877014e+00
6.763999871911132179e-06,-4.200000062584877014e+00
6.764499871896991214e-06,-4.400000065565109253e+00
6.764999871882850248e-06,-4.400000065565109253e+00
6.765499871868709282e-06,-4.400000065565109253e+00
6.765999871854568316e-06,-4.600000068545341492e+00
6.766499871840427351e-06,-4.600000068545341492e+00
6.766999871826286385e-06,-4.600000068545341492e+00
6.767499871812145419e-06,-4.800000071525573730e+00
6.767999871798004453e-06,-4.800000071525573730e+00
6.768499871783863488e-06,-5.000000074505805969e+00
6.768999871769722522e-06,-5.000000074505805969e+00
6.769499871755581556e-06,-5.000000074505805969e+00
6.769999871741440590e-06,-5.000000074505805969e+00
6.770499871727299625e-06,-5.200000077486038208e+00
6.770999871713158659e-06,-5.200000077486038208e+00
6.771499871699017693e-06,-5.200000077486038208e+00
6.771999871684876728e-06,-5.200000077486038208e+00
6.772499871670735762e-06,-5.200000077486038208e+00
6.772999871656594796e-06,-5.200000077486038208e+00
6.773499871642453830e-06,-5.400000080466270447e+00
6.773999871628312865e-06,-5.400000080466270447e+00
6.774499871614171899e-06,-5.400000080466270447e+00
6.774999871600030933e-06,-5.400000080466270447e+00
6.775499871585889967e-06,-5.400000080466270447e+00
6.775999871571749002e-06,-5.200000077486038208e+00
6.776499871557608036e-06,-5.400000080466270447e+00
6.776999871543467070e-06,-5.200000077486038208e+00
6.777499871529326104e-06,-5.200000077486038208e+00
6.777999871515185139e-06,-5.200000077486038208e+00
6.778499871501044173e-06,-5.200000077486038208e+00
6.778999871486903207e-06,-5.200000077486038208e+00
6.779499871472762242e-06,-5.200000077486038208e+00
6.779999871458621276e-06,-5.000000074505805969e+00
6.780499871444480310e-06,-5.000000074505805969e+00
6.780999871430339344e-06,-5.000000074505805969e+00
6.781499871416198379e-06,-4.800000071525573730e+00
6.781999871402057413e-06,-4.800000071525573730e+00
6.782499871387916447e-06,-4.800000071525573730e+00
6.782999871373775481e-06,-4.600000068545341492e+00
6.783499871359634516e-06,-4.600000068545341492e+00
6.783999871345493550e-06,-4.400000065565109253e+00
6.784499871331352584e-06,-4.400000065565109253e+00
6.784999871317211619e-06,-4.400000065565109253e+00
6.785499871303070653e-06,-4.200000062584877014e+00
6.785999871288929687e-06,-4.000000059604644775e+00
6.786499871274788721e-06,-4.000000059604644775e+00
6.786999871260647756e-06,-4.000000059604644775e+00
6.787499871246506790e-06,-3.800000056624412537e+00
6.787999871232365824e-06,-3.800000056624412537e+00
6.788499871218224858e-06,-3.600000053644180298e+00
6.788999871204083893e-06,-3.400000050663948059e+00
6.789499871189942927e-06,-3.200000047683715820e+00
6.789999871175801961e-06,-3.200000047683715820e+00
6.790499871161660995e-06,-3.000000044703483582e+00
6.790999871147520030e-06,-2.800000041723251343e+00
6.791499871133379064e-06,-2.800000041723251343e+00
6.791999871119238098e-06,-2.600000038743019104e+00
6.792499871105097133e-06,-2.400000035762786865e+00
6.792999871090956167e-06,-2.200000032782554626e+00
6.793499871076815201e-06,-2.200000032782554626e+00
6.793999871062674235e-06,-2.000000029802322388e+00
6.794499871048533270e-06,-2.000000029802322388e+00
6.794999871034392304e-06,-1.800000026822090149e+00
6.795499871020251338e-06,-1.600000023841857910e+00
6.795999871006110372e-06,-1.400000020861625671e+00
6.796499870991969407e-06,-1.400000020861625671e+00
6.796999870977828441e-06,-1.000000014901161194e+00
6.797499870963687475e-06,-1.000000014901161194e+00
6.797999870949546509e-06,-8.000000119209289551e-01
6.798499870935405544e-06,-6.000000089406967163e-01
6.798999870921264578e-06,-4.000000059604644775e-01
6.799499870907123612e-06,-4.000000059604644775e-01
6.799999870892982647e-06,-2.000000029802322388e-01
6.800499870878841681e-06,0.000000000000000000e+00
6.800999870864700715e-06,2.000000029802322388e-01
6.801499870850559749e-06,2.000000029802322388e-01
6.801999870836418784e-06,4.000000059604644775e-01
6.802499870822277818e-06,6.000000089406967163e-01
6.802999870808136852e-06,8.000000119209289551e-01
6.803499870793995886e-06,8.000000119209289551e-01
6.803999870779854921e-06,1.000000014901161194e+00
6.804499870765713955e-06,1.200000017881393433e+00
6.804999870751572989e-06,1.400000020861625671e+00
6.805499870737432024e-06,1.600000023841857910e+00
6.805999870723291058e-06,1.600000023841857910e+00
6.806499870709150092e-06,1.800000026822090149e+00
6.806999870695009126e-06,2.000000029802322388e+00
6.807499870680868161e-06,2.200000032782554626e+00
6.807999870666727195e-06,2.400000035762786865e+00
6.808499870652586229e-06,2.400000035762786865e+00
6.808999870638445263e-06,2.600000038743019104e+00
6.809499870624304298e-06,2.600000038743019104e+00
6.809999870610163332e-06,2.800000041723251343e+00
6.810499870596022366e-06,3.000000044703483582e+00
6.810999870581881400e-06,3.200000047683715820e+00
6.811499870567740435e-06,3.200000047683715820e+00
6.811999870553599469e-06,3.400000050663948059e+00
6.812499870539458503e-06,3.400000050663948059e+00
6.812999870525317538e-06,3.600000053644180298e+00
6.813499870511176572e-06,3.600000053644180298e+00
6.813999870497035606e-06,3.800000056624412537e+00
6.814499870482894640e-06,3.800000056624412537e+00
6.814999870468753675e-06,4.000000059604644775e+00
6.815499870454612709e-06,4.000000059604644775e+00
6.815999870440471743e-06,4.200000062584877014e+00
6.816499870426330777e-06,4.200000062584877014e+00
6.816999870412189812e-06,4.400000065565109253e+00
6.817499870398048846e-06,4.400000065565109253e+00
6.817999870383907880e-06,4.600000068545341492e+00
6.818499870369766914e-06,4.600000068545341492e+00
6.818999870355625949e-06,4.600000068545341492e+00
6.819499870341484983e-06,4.600000068545341492e+00
6.819999870327344017e-06,4.800000071525573730e+00
6.820499870313203052e-06,4.800000071525573730e+00
6.820999870299062086e-06,4.800000071525573730e+00
6.821499870284921120e-06,4.800000071525573730e+00
6.821999870270780154e-06,5.000000074505805969e+00
6.822499870256639189e-06,4.800000071525573730e+00
6.822999870242498223e-06,5.000000074505805969e+00
6.823499870228357257e-06,5.000000074505805969e+00
6.823999870214216291e-06,5.000000074505805969e+00
6.824499870200075326e-06,5.000000074505805969e+00
6.824999870185934360e-06,5.000000074505805969e+00
6.825499870171793394e-06,5.000000074505805969e+00
6.825999870157652429e-06,5.000000074505805969e+00
6.826499870143511463e-06,5.000000074505805969e+00
6.826999870129370497e-06,5.000000074505805969e+00
6.827499870115229531e-06,5.000000074505805969e+00
6.827999870101088566e-06,5.000000074505805969e+00
6.828499870086947600e-06,4.800000071525573730e+00
6.828999870072806634e-06,4.800000071525573730e+00
6.829499870058665668e-06,4.800000071525573730e+00
6.829999870044524703e-06,4.800000071525573730e+00
6.830499870030383737e-06,4.600000068545341492e+00
6.830999870016242771e-06,4.600000068545341492e+00
6.831499870002101805e-06,4.600000068545341492e+00
6.831999869987960840e-06,4.600000068545341492e+00
6.832499869973819874e-06,4.400000065565109253e+00
6.832999869959678908e-06,4.400000065565109253e+00
6.833499869945537943e-06,4.200000062584877014e+00
6.833999869931396977e-06,4.200000062584877014e+00
6.834499869917256011e-06,4.000000059604644775e+00
6.834999869903115045e-06,4.000000059604644775e+00
6.835499869888974080e-06,3.800000056624412537e+00
6.835999869874833114e-06,3.800000056624412537e+00
6.836499869860692148e-06,3.600000053644180298e+00
6.836999869846551182e-06,3.600000053644180298e+00
6.837499869832410217e-06,3.400000050663948059e+00
6.837999869818269251e-06,3.400000050663948059e+00
6.838499869804128285e-06,3.200000047683715820e+00
6.838999869789987319e-06,3.200000047683715820e+00
6.839499869775846354e-06,3.000000044703483582e+00
6.839999869761705388e-06,3.000000044703483582e+00
6.840499869747564422e-06,2.800000041723251343e+00
6.840999869733423457e-06,2.600000038743019104e+00
6.841499869719282491e-06,2.400000035762786865e+00
6.841999869705141525e-06,2.400000035762786865e+00
6.842499869691000559e-06,2.200000032782554626e+00
6.842999869676859594e-06,2.000000029802322388e+00
6.843499869662718628e-06,1.800000026822090149e+00
6.843999869648577662e-06,1.800000026822090149e+00
6.844499869634436696e-06,1.600000023841857910e+00
6.844999869620295731e-06,1.600000023841857910e+00
6.845499869606154765e-06,1.400000020861625671e+00
6.845999869592013799e-06,1.200000017881393433e+00
6.846499869577872834e-06,1.000000014901161194e+00
6.846999869563731868e-06,1.000000014901161194e+00
6.847499869549590902e-06,8.000000119209289551e-01
6.847999869535449936e-06,6.000000089406967163e-01
6.848499869521308971e-06,4.000000059604644775e-01
6.848999869507168005e-06,2.000000029802322388e-01
6.849499869493027039e-06,0.000000000000000000e+00
6.849999869478886073e-06,-2.000000029802322388e-01
6.850499869464745108e-06,-2.000000029802322388e-01
6.850999869450604142e-06,-4.000000059604644775e-01
6.851499869436463176e-06,-6.000000089406967163e-01
6.851999869422322210e-06,-6.000000089406967163e-01
6.852499869408181245e-06,-8.000000119209289551e-01
6.852999869394040279e-06,-1.000000014901161194e+00
6.853499869379899313e-06,-1.200000017881393433e+00
6.853999869365758348e-06,-1.400000020861625671e+00
6.854499869351617382e-06,-1.600000023841857910e+00
6.854999869337476416e-06,-1.600000023841857910e+00
6.855499869323335450e-06,-1.800000026822090149e+00
6.855999869309194485e-06,-1.800000026822090149e+00
6.856499869295053519e-06,-2.000000029802322388e+00
6.856999869280912553e-06,-2.200000032782554626e+00
6.857499869266771587e-06,-2.400000035762786865e+00
6.857999869252630622e-06,-2.600000038743019104e+00
6.858499869238489656e-06,-2.600000038743019104e+00
6.858999869224348690e-06,-2.800000041723251343e+00
6.859499869210207724e-06,-3.000000044703483582e+00
6.859999869196066759e-06,-3.000000044703483582e+00
6.860499869181925793e-06,-3.200000047683715820e+00
6.860999869167784827e-06,-3.200000047683715820e+00
6.861499869153643862e-06,-3.400000050663948059e+00
6.861999869139502896e-06,-3.600000053644180298e+00
6.862499869125361930e-06,-3.600000053644180298e+00
6.862999869111220964e-06,-3.800000056624412537e+00
6.863499869097079999e-06,-3.800000056624412537e+00
6.863999869082939033e-06,-4.000000059604644775e+00
6.864499869068798067e-06,-4.000000059604644775e+00
6.864999869054657101e-06,-4.200000062584877014e+00
6.865499869040516136e-06,-4.400000065565109253e+00
6.865999869026375170e-06,-4.400000065565109253e+00
6.866499869012234204e-06,-4.400000065565109253e+00
6.866999868998093239e-06,-4.400000065565109253e+00
6.867499868983952273e-06,-4.600000068545341492e+00
6.867999868969811307e-06,-4.600000068545341492e+00
6.868499868955670341e-06,-4.800000071525573730e+00
6.868999868941529376e-06,-4.800000071525573730e+00
6.869499868927388410e-06,-4.800000071525573730e+00
6.869999868913247444e-06,-4.800000071525573730e+00
6.870499868899106478e-06,-5.000000074505805969e+00
6.870999868884965513e-06,-5.000000074505805969e+00
6.871499868870824547e-06,-5.000000074505805969e+00
6.871999868856683581e-06,-5.000000074505805969e+00
6.872499868842542615e-06,-5.000000074505805969e+00
6.872999868828401650e-06,-5.000000074505805969e+00
6.873499868814260684e-06,-5.200000077486038208e+00
6.873999868800119718e-06,-5.200000077486038208e+00
6.874499868785978753e-06,-5.200000077486038208e+00
6.874999868771837787e-06,-5.000000074505805969e+00
6.875499868757696821e-06,-5.200000077486038208e+00
6.875999868743555855e-06,-5.000000074505805969e+00
6.876499868729414890e-06,-5.000000074505805969e+00
6.876999868715273924e-06,-5.000000074505805969e+00
6.877499868701132958e-06,-5.000000074505805969e+00
6.877999868686991992e-06,-5.000000074505805969e+00
6.878499868672851027e-06,-5.000000074505805969e+00
6.878999868658710061e-06,-5.000000074505805969e+00
6.879499868644569095e-06,-5.000000074505805969e+00
6.879999868630428129e-06,-4.800000071525573730e+00
6.880499868616287164e-06,-4.800000071525573730e+00
6.880999868602146198e-06,-4.800000071525573730e+00
6.881499868588005232e-06,-4.800000071525573730e+00
6.881999868573864267e-06,-4.600000068545341492e+00
6.882499868559723301e-06,-4.600000068545341492e+00
6.882999868545582335e-06,-4.400000065565109253e+00
6.883499868531441369e-06,-4.400000065565109253e+00
6.883999868517300404e-06,-4.400000065565109253e+00
6.884499868503159438e-06,-4.200000062584877014e+00
6.884999868489018472e-06,-4.200000062584877014e+00
6.885499868474877506e-06,-4.000000059604644775e+00
6.885999868460736541e-06,-4.000000059604644775e+00
6.886499868446595575e-06,-3.800000056624412537e+00
6.886999868432454609e-06,-3.800000056624412537e+00
6.887499868418313644e-06,-3.600000053644180298e+00
6.887999868404172678e-06,-3.600000053644180298e+00
6.888499868390031712e-06,-3.400000050663948059e+00
6.888999868375890746e-06,-3.200000047683715820e+00
6.889499868361749781e-06,-3.200000047683715820e+00
6.889999868347608815e-06,-3.000000044703483582e+00
6.890499868333467849e-06,-3.000000044703483582e+00
6.890999868319326883e-06,-2.800000041723251343e+00
6.891499868305185918e-06,-2.600000038743019104e+00
6.891999868291044952e-06,-2.600000038743019104e+00
6.892499868276903986e-06,-2.400000035762786865e+00
6.892999868262763020e-06,-2.200000032782554626e+00
6.893499868248622055e-06,-2.000000029802322388e+00
6.893999868234481089e-06,-1.800000026822090149e+00
6.894499868220340123e-06,-1.800000026822090149e+00
6.894999868206199158e-06,-1.600000023841857910e+00
6.895499868192058192e-06,-1.400000020861625671e+00
6.895999868177917226e-06,-1.400000020861625671e+00
6.896499868163776260e-06,-1.200000017881393433e+00
6.896999868149635295e-06,-1.000000014901161194e+00
6.897499868135494329e-06,-8.000000119209289551e-01
6.897999868121353363e-06,-6.000000089406967163e-01
6.898499868107212397e-06,-6.000000089406967163e-01
6.898999868093071432e-06,-4.000000059604644775e-01
6.899499868078930466e-06,-2.000000029802322388e-01
6.899999868064789500e-06,0.000000000000000000e+00
6.900499868050648534e-06,2.000000029802322388e-01
6.900999868036507569e-06,4.000000059604644775e-01
6.901499868022366603e-06,4.000000059604644775e-01
6.901999868008225637e-06,6.000000089406967163e-01
6.902499867994084672e-06,8.000000119209289551e-01
6.902999867979943706e-06,1.000000014901161194e+00
6.903499867965802740e-06,1.200000017881393433e+00
6.903999867951661774e-06,1.200000017881393433e+00
6.904499867937520809e-06,1.400000020861625671e+00
6.904999867923379843e-06,1.600000023841857910e+00
6.905499867909238877e-06,1.800000026822090149e+00
6.905999867895097911e-06,2.000000029802322388e+00
6.906499867880956946e-06,2.000000029802322388e+00
6.906999867866815980e-06,2.200000032782554626e+00
6.907499867852675014e-06,2.200000032782554626e+00
6.907999867838534049e-06,2.400000035762786865e+00
6.908499867824393083e-06,2.600000038743019104e+00
6.908999867810252117e-06,2.800000041723251343e+00
6.909499867796111151e-06,2.800000041723251343e+00
6.909999867781970186e-06,3.000000044703483582e+00
6.910499867767829220e-06,3.000000044703483582e+00
6.910999867753688254e-06,3.200000047683715820e+00
6.911499867739547288e-06,3.400000050663948059e+00
6.911999867725406323e-06,3.400000050663948059e+00
6.912499867711265357e-06,3.600000053644180298e+00
6.912999867697124391e-06,3.600000053644180298e+00
6.913499867682983425e-06,3.800000056624412537e+00
6.913999867668842460e-06,4.000000059604644775e+00
6.914499867654701494e-06,4.000000059604644775e+00
6.914999867640560528e-06,4.000000059604644775e+00
6.915499867626419563e-06,4.200000062584877014e+00
6.915999867612278597e-06,4.400000065565109253e+00
6.916499867598137631e-06,4.400000065565109253e+00
6.916999867583996665e-06,4.400000065565109253e+00
6.917499867569855700e-06,4.600000068545341492e+00
6.917999867555714734e-06,4.600000068545341492e+00
6.918499867541573768e-06,4.600000068545341492e+00
6.918999867527432802e-06,4.800000071525573730e+00
6.919499867513291837e-06,4.800000071525573730e+00
6.919999867499150871e-06,4.800000071525573730e+00
6.920499867485009905e-06,4.800000071525573730e+00
6.920999867470868939e-06,5.000000074505805969e+00
6.921499867456727974e-06,5.000000074505805969e+00
6.921999867442587008e-06,5.000000074505805969e+00
6.922499867428446042e-06,5.000000074505805969e+00
6.922999867414305077e-06,5.000000074505805969e+00
6.923499867400164111e-06,5.000000074505805969e+00
6.923999867386023145e-06,5.000000074505805969e+00
6.924499867371882179e-06,5.000000074505805969e+00
6.924999867357741214e-06,5.000000074505805969e+00
6.925499867343600248e-06,5.000000074505805969e+00
6.925999867329459282e-06,5.000000074505805969e+00
6.926499867315318316e-06,5.000000074505805969e+00
6.926999867301177351e-06,5.000000074505805969e+00
6.927499867287036385e-06,5.000000074505805969e+00
6.927999867272895419e-06,5.000000074505805969e+00
6.928499867258754454e-06,5.000000074505805969e+00
6.928999867244613488e-06,5.000000074505805969e+00
6.929499867230472522e-06,5.000000074505805969e+00
6.929999867216331556e-06,4.800000071525573730e+00
6.930499867202190591e-06,4.800000071525573730e+00
6.930999867188049625e-06,4.800000071525573730e+00
6.931499867173908659e-06,4.600000068545341492e+00
6.931999867159767693e-06,4.600000068545341492e+00
6.932499867145626728e-06,4.400000065565109253e+00
6.932999867131485762e-06,4.400000065565109253e+00
6.933499867117344796e-06,4.400000065565109253e+00
6.933999867103203830e-06,4.200000062584877014e+00
6.934499867089062865e-06,4.200000062584877014e+00
6.934999867074921899e-06,4.000000059604644775e+00
6.935499867060780933e-06,4.000000059604644775e+00
6.935999867046639968e-06,3.800000056624412537e+00
6.936499867032499002e-06,3.800000056624412537e+00
6.936999867018358036e-06,3.800000056624412537e+00
6.937499867004217070e-06,3.600000053644180298e+00
6.937999866990076105e-06,3.600000053644180298e+00
6.938499866975935139e-06,3.400000050663948059e+00
6.938999866961794173e-06,3.200000047683715820e+00
6.939499866947653207e-06,3.200000047683715820e+00
6.939999866933512242e-06,3.000000044703483582e+00
6.940499866919371276e-06,2.800000041723251343e+00
6.940999866905230310e-06,2.800000041723251343e+00
6.941499866891089344e-06,2.600000038743019104e+00
6.941999866876948379e-06,2.400000035762786865e+00
6.942499866862807413e-06,2.200000032782554626e+00
6.942999866848666447e-06,2.200000032782554626e+00
6.943499866834525482e-06,2.000000029802322388e+00
6.943999866820384516e-06,2.000000029802322388e+00
6.944499866806243550e-06,1.800000026822090149e+00
6.944999866792102584e-06,1.600000023841857910e+00
6.945499866777961619e-06,1.400000020861625671e+00
6.945999866763820653e-06,1.200000017881393433e+00
6.946499866749679687e-06,1.000000014901161194e+00
6.946999866735538721e-06,1.000000014901161194e+00
6.947499866721397756e-06,8.000000119209289551e-01
6.947999866707256790e-06,6.000000089406967163e-01
6.948499866693115824e-06,4.000000059604644775e-01
6.948999866678974859e-06,4.000000059604644775e-01
6.949499866664833893e-06,2.000000029802322388e-01
6.949999866650692927e-06,0.000000000000000000e+00
6.950499866636551961e-06,-2.000000029802322388e-01
6.950999866622410996e-06,-4.000000059604644775e-01
6.951499866608270030e-06,-4.000000059604644775e-01
6.951999866594129064e-06,-6.000000089406967163e-01
6.952499866579988098e-06,-8.000000119209289551e-01
6.952999866565847133e-06,-1.000000014901161194e+00
6.953499866551706167e-06,-1.200000017881393433e+00
6.953999866537565201e-06,-1.200000017881393433e+00
6.954499866523424235e-06,-1.400000020861625671e+00
6.954999866509283270e-06,-1.600000023841857910e+00
6.955499866495142304e-06,-1.800000026822090149e+00
6.955999866481001338e-06,-1.800000026822090149e+00
6.956499866466860373e-06,-2.000000029802322388e+00
6.956999866452719407e-06,-2.200000032782554626e+00
6.957499866438578441e-06,-2.400000035762786865e+00
6.957999866424437475e-06,-2.400000035762786865e+00
6.958499866410296510e-06,-2.600000038743019104e+00
6.958999866396155544e-06,-2.800000041723251343e+00
6.959499866382014578e-06,-2.800000041723251343e+00
6.959999866367873612e-06,-3.000000044703483582e+00
6.960499866353732647e-06,-3.000000044703483582e+00
6.960999866339591681e-06,-3.200000047683715820e+00
6.961499866325450715e-06,-3.400000050663948059e+00
6.961999866311309749e-06,-3.400000050663948059e+00
6.962499866297168784e-06,-3.600000053644180298e+00
6.962999866283027818e-06,-3.600000053644180298e+00
6.963499866268886852e-06,-3.800000056624412537e+00
6.963999866254745887e-06,-3.800000056624412537e+00
6.964499866240604921e-06,-4.000000059604644775e+00
6.964999866226463955e-06,-4.200000062584877014e+00
6.965499866212322989e-06,-4.200000062584877014e+00
6.965999866198182024e-06,-4.200000062584877014e+00
6.966499866184041058e-06,-4.400000065565109253e+00
6.966999866169900092e-06,-4.400000065565109253e+00
6.967499866155759126e-06,-4.400000065565109253e+00
6.967999866141618161e-06,-4.600000068545341492e+00
6.968499866127477195e-06,-4.600000068545341492e+00
6.968999866113336229e-06,-4.800000071525573730e+00
6.969499866099195264e-06,-4.800000071525573730e+00
6.969999866085054298e-06,-4.800000071525573730e+00
6.970499866070913332e-06,-5.000000074505805969e+00
6.970999866056772366e-06,-5.000000074505805969e+00
6.971499866042631401e-06,-5.000000074505805969e+00
6.971999866028490435e-06,-5.000000074505805969e+00
6.972499866014349469e-06,-5.000000074505805969e+00
6.972999866000208503e-06,-5.000000074505805969e+00
6.973499865986067538e-06,-5.200000077486038208e+00
6.973999865971926572e-06,-5.200000077486038208e+00
6.974499865957785606e-06,-5.200000077486038208e+00
6.974999865943644640e-06,-5.000000074505805969e+00
6.975499865929503675e-06,-5.200000077486038208e+00
6.975999865915362709e-06,-5.000000074505805969e+00
6.976499865901221743e-06,-5.000000074505805969e+00
6.976999865887080778e-06,-5.000000074505805969e+00
6.977499865872939812e-06,-5.000000074505805969e+00
6.977999865858798846e-06,-5.000000074505805969e+00
6.978499865844657880e-06,-5.000000074505805969e+00
6.978999865830516915e-06,-4.800000071525573730e+00
6.979499865816375949e-06,-4.800000071525573730e+00
6.979999865802234983e-06,-4.800000071525573730e+00
6.980499865788094017e-06,-4.800000071525573730e+00
6.980999865773953052e-06,-4.800000071525573730e+00
6.981499865759812086e-06,-4.800000071525573730e+00
6.981999865745671120e-06,-4.600000068545341492e+00
6.982499865731530154e-06,-4.600000068545341492e+00
6.982999865717389189e-06,-4.400000065565109253e+00
6.983499865703248223e-06,-4.400000065565109253e+00
6.983999865689107257e-06,-4.200000062584877014e+00
6.984499865674966292e-06,-4.200000062584877014e+00
6.984999865660825326e-06,-4.000000059604644775e+00
6.985499865646684360e-06,-4.000000059604644775e+00
6.985999865632543394e-06,-3.800000056624412537e+00
6.986499865618402429e-06,-3.800000056624412537e+00
6.986999865604261463e-06,-3.600000053644180298e+00
6.987499865590120497e-06,-3.600000053644180298e+00
6.987999865575979531e-06,-3.400000050663948059e+00
6.988499865561838566e-06,-3.400000050663948059e+00
6.988999865547697600e-06,-3.200000047683715820e+00
6.989499865533556634e-06,-3.200000047683715820e+00
6.989999865519415669e-06,-3.000000044703483582e+00
6.990499865505274703e-06,-2.800000041723251343e+00
6.990999865491133737e-06,-2.800000041723251343e+00
6.991499865476992771e-06,-2.600000038743019104e+00
6.991999865462851806e-06,-2.400000035762786865e+00
6.992499865448710840e-06,-2.400000035762786865e+00
6.992999865434569874e-06,-2.200000032782554626e+00
6.993499865420428908e-06,-2.000000029802322388e+00
6.993999865406287943e-06,-2.000000029802322388e+00
6.994499865392146977e-06,-1.800000026822090149e+00
6.994999865378006011e-06,-1.600000023841857910e+00
6.995499865363865045e-06,-1.400000020861625671e+00
6.995999865349724080e-06,-1.200000017881393433e+00
6.996499865335583114e-06,-1.000000014901161194e+00
6.996999865321442148e-06,-8.000000119209289551e-01
6.997499865307301183e-06,-8.000000119209289551e-01
6.997999865293160217e-06,-6.000000089406967163e-01
6.998499865279019251e-06,-4.000000059604644775e-01
6.998999865264878285e-06,-2.000000029802322388e-01
6.999499865250737320e-06,-2.000000029802322388e-01
6.999999865236596354e-06,0.000000000000000000e+00
7.000499865222455388e-06,2.000000029802322388e-01
7.000999865208314422e-06,4.000000059604644775e-01
7.001499865194173457e-06,4.000000059604644775e-01
7.001999865180032491e-06,6.000000089406967163e-01
7.002499865165891525e-06,8.000000119209289551e-01
7.002999865151750559e-06,1.000000014901161194e+00
7.003499865137609594e-06,1.200000017881393433e+00
7.003999865123468628e-06,1.400000020861625671e+00
7.004499865109327662e-06,1.400000020861625671e+00
7.004999865095186697e-06,1.600000023841857910e+00
7.005499865081045731e-06,1.800000026822090149e+00
7.005999865066904765e-06,1.800000026822090149e+00
7.006499865052763799e-06,2.000000029802322388e+00
7.006999865038622834e-06,2.200000032782554626e+00
7.007499865024481868e-06,2.400000035762786865e+00
7.007999865010340902e-06,2.400000035762786865e+00
7.008499864996199936e-06,2.600000038743019104e+00
7.008999864982058971e-06,2.800000041723251343e+00
7.009499864967918005e-06,2.600000038743019104e+00
7.009999864953777039e-06,2.200000032782554626e+00
7.010499864939636074e-06,1.600000023841857910e+00
7.010999864925495108e-06,1.200000017881393433e+00
7.011499864911354142e-06,8.000000119209289551e-01
7.011999864897213176e-06,8.000000119209289551e-01
7.012499864883072211e-06,8.000000119209289551e-01
7.012999864868931245e-06,1.000000014901161194e+00
7.013499864854790279e-06,8.000000119209289551e-01
7.013999864840649313e-06,1.000000014901161194e+00
7.014499864826508348e-06,8.000000119209289551e-01
7.014999864812367382e-06,1.000000014901161194e+00
7.015499864798226416e-06,8.000000119209289551e-01
7.015999864784085450e-06,1.000000014901161194e+00
7.016499864769944485e-06,8.000000119209289551e-01
7.016999864755803519e-06,1.000000014901161194e+00
7.017499864741662553e-06,8.000000119209289551e-01
7.017999864727521588e-06,8.000000119209289551e-01
7.018499864713380622e-06,8.000000119209289551e-01
7.018999864699239656e-06,8.000000119209289551e-01
7.019499864685098690e-06,8.000000119209289551e-01
7.019999864670957725e-06,8.000000119209289551e-01
7.020499864656816759e-06,8.000000119209289551e-01
7.020999864642675793e-06,8.000000119209289551e-01
7.021499864628534827e-06,8.000000119209289551e-01
7.021999864614393862e-06,8.000000119209289551e-01
7.022499864600252896e-06,8.000000119209289551e-01
7.022999864586111930e-06,8.000000119209289551e-01
7.023499864571970964e-06,8.000000119209289551e-01
7.023999864557829999e-06,8.000000119209289551e-01
7.024499864543689033e-06,8.000000119209289551e-01
7.024999864529548067e-06,8.000000119209289551e-01
7.025499864515407102e-06,8.000000119209289551e-01
7.025999864501266136e-06,8.000000119209289551e-01
7.026499864487125170e-06,8.000000119209289551e-01
7.026999864472984204e-06,8.000000119209289551e-01
7.027499864458843239e-06,8.000000119209289551e-01
7.027999864444702273e-06,8.000000119209289551e-01
7.028499864430561307e-06,8.000000119209289551e-01
7.028999864416420341e-06,8.000000119209289551e-01
7.029499864402279376e-06,8.000000119209289551e-01
7.029999864388138410e-06,8.000000119209289551e-01
7.030499864373997444e-06,8.000000119209289551e-01
7.030999864359856479e-06,8.000000119209289551e-01
7.031499864345715513e-06,8.000000119209289551e-01
7.031999864331574547e-06,8.000000119209289551e-01
7.032499864317433581e-06,6.000000089406967163e-01
7.032999864303292616e-06,8.000000119209289551e-01
7.033499864289151650e-06,6.000000089406967163e-01
7.033999864275010684e-06,8.000000119209289551e-01
7.034499864260869718e-06,8.000000119209289551e-01
7.034999864246728753e-06,8.000000119209289551e-01
7.035499864232587787e-06,6.000000089406967163e-01
7.035999864218446821e-06,8.000000119209289551e-01
7.036499864204305855e-06,8.000000119209289551e-01
7.036999864190164890e-06,8.000000119209289551e-01
7.037499864176023924e-06,6.000000089406967163e-01
7.037999864161882958e-06,6.000000089406967163e-01
7.038499864147741993e-06,6.000000089406967163e-01
7.038999864133601027e-06,8.000000119209289551e-01
7.039499864119460061e-06,6.000000089406967163e-01
7.039999864105319095e-06,6.000000089406967163e-01
7.040499864091178130e-06,6.000000089406967163e-01
7.040999864077037164e-06,6.000000089406967163e-01
7.041499864062896198e-06,6.000000089406967163e-01
7.041999864048755232e-06,8.000000119209289551e-01
7.042499864034614267e-06,6.000000089406967163e-01
7.042999864020473301e-06,8.000000119209289551e-01
7.043499864006332335e-06,6.000000089406967163e-01
7.043999863992191369e-06,8.000000119209289551e-01
7.044499863978050404e-06,6.000000089406967163e-01
7.044999863963909438e-06,6.000000089406967163e-01
7.045499863949768472e-06,6.000000089406967163e-01
7.045999863935627507e-06,6.000000089406967163e-01
7.046499863921486541e-06,6.000000089406967163e-01
7.046999863907345575e-06,6.000000089406967163e-01
7.047499863893204609e-06,6.000000089406967163e-01
7.047999863879063644e-06,6.000000089406967163e-01
7.048499863864922678e-06,6.000000089406967163e-01
7.048999863850781712e-06,6.000000089406967163e-01
7.049499863836640746e-06,6.000000089406967163e-01
7.049999863822499781e-06,6.000000089406967163e-01
7.050499863808358815e-06,6.000000089406967163e-01
7.050999863794217849e-06,6.000000089406967163e-01
7.051499863780076884e-06,6.000000089406967163e-01
7.051999863765935918e-06,6.000000089406967163e-01
7.052499863751794952e-06,6.000000089406967163e-01
7.052999863737653986e-06,6.000000089406967163e-01
7.053499863723513021e-06,6.000000089406967163e-01
7.053999863709372055e-06,6.000000089406967163e-01
7.054499863695231089e-06,6.000000089406967163e-01
7.054999863681090123e-06,6.000000089406967163e-01
7.055499863666949158e-06,4.000000059604644775e-01
7.055999863652808192e-06,6.000000089406967163e-01
7.056499863638667226e-06,6.000000089406967163e-01
7.056999863624526260e-06,6.000000089406967163e-01
7.057499863610385295e-06,6.000000089406967163e-01
7.057999863596244329e-06,6.000000089406967163e-01
7.058499863582103363e-06,6.000000089406967163e-01
7.058999863567962398e-06,6.000000089406967163e-01
7.059499863553821432e-06,4.000000059604644775e-01
7.059999863539680466e-06,6.000000089406967163e-01
7.060499863525539500e-06,4.000000059604644775e-01
7.060999863511398535e-06,6.000000089406967163e-01
7.061499863497257569e-06,6.000000089406967163e-01
7.061999863483116603e-06,6.000000089406967163e-01
7.062499863468975637e-06,6.000000089406967163e-01
7.062999863454834672e-06,6.000000089406967163e-01
7.063499863440693706e-06,6.000000089406967163e-01
7.063999863426552740e-06,6.000000089406967163e-01
7.064499863412411774e-06,6.000000089406967163e-01
7.064999863398270809e-06,6.000000089406967163e-01
7.065499863384129843e-06,4.000000059604644775e-01
7.065999863369988877e-06,4.000000059604644775e-01
7.066499863355847912e-06,4.000000059604644775e-01
7.066999863341706946e-06,6.000000089406967163e-01
7.067499863327565980e-06,4.000000059604644775e-01
7.067999863313425014e-06,4.000000059604644775e-01
7.068499863299284049e-06,4.000000059604644775e-01
7.068999863285143083e-06,6.000000089406967163e-01
7.069499863271002117e-06,4.000000059604644775e-01
7.069999863256861151e-06,6.000000089406967163e-01
7.070499863242720186e-06,4.000000059604644775e-01
7.070999863228579220e-06,6.000000089406967163e-01
7.071499863214438254e-06,4.000000059604644775e-01
7.071999863200297289e-06,6.000000089406967163e-01
7.072499863186156323e-06,4.000000059604644775e-01
7.072999863172015357e-06,4.000000059604644775e-01
7.073499863157874391e-06,4.000000059604644775e-01
7.073999863143733426e-06,4.000000059604644775e-01
7.074499863129592460e-06,4.000000059604644775e-01
7.074999863115451494e-06,4.000000059604644775e-01
7.075499863101310528e-06,4.000000059604644775e-01
7.075999863087169563e-06,4.000000059604644775e-01
7.076499863073028597e-06,4.000000059604644775e-01
7.076999863058887631e-06,4.000000059604644775e-01
7.077499863044746665e-06,4.000000059604644775e-01
7.077999863030605700e-06,4.000000059604644775e-01
7.078499863016464734e-06,4.000000059604644775e-01
7.078999863002323768e-06,4.000000059604644775e-01
7.079499862988182803e-06,4.000000059604644775e-01
7.079999862974041837e-06,4.000000059604644775e-01
7.080499862959900871e-06,4.000000059604644775e-01
7.080999862945759905e-06,4.000000059604644775e-01
7.081499862931618940e-06,4.000000059604644775e-01
7.081999862917477974e-06,4.000000059604644775e-01
7.082499862903337008e-06,4.000000059604644775e-01
7.082999862889196042e-06,4.000000059604644775e-01
7.083499862875055077e-06,4.000000059604644775e-01
7.083999862860914111e-06,4.000000059604644775e-01
7.084499862846773145e-06,4.000000059604644775e-01
7.084999862832632179e-06,4.000000059604644775e-01
7.085499862818491214e-06,4.000000059604644775e-01
7.085999862804350248e-06,4.000000059604644775e-01
7.086499862790209282e-06,4.000000059604644775e-01
7.086999862776068317e-06,4.000000059604644775e-01
7.087499862761927351e-06,4.000000059604644775e-01
7.087999862747786385e-06,4.000000059604644775e-01
7.088499862733645419e-06,4.000000059604644775e-01
7.088999862719504454e-06,4.000000059604644775e-01
7.089499862705363488e-06,4.000000059604644775e-01
7.089999862691222522e-06,4.000000059604644775e-01
7.090499862677081556e-06,4.000000059604644775e-01
7.090999862662940591e-06,4.000000059604644775e-01
7.091499862648799625e-06,4.000000059604644775e-01
7.091999862634658659e-06,4.000000059604644775e-01
7.092499862620517694e-06,4.000000059604644775e-01
7.092999862606376728e-06,4.000000059604644775e-01
7.093499862592235762e-06,4.000000059604644775e-01
7.093999862578094796e-06,4.000000059604644775e-01
7.094499862563953831e-06,4.000000059604644775e-01
7.094999862549812865e-06,4.000000059604644775e-01
7.095499862535671899e-06,2.000000029802322388e-01
7.095999862521530933e-06,4.000000059604644775e-01
7.096499862507389968e-06,4.000000059604644775e-01
7.096999862493249002e-06,4.000000059604644775e-01
7.097499862479108036e-06,4.000000059604644775e-01
7.097999862464967070e-06,4.000000059604644775e-01
7.098499862450826105e-06,2.000000029802322388e-01
7.098999862436685139e-06,2.000000029802322388e-01
7.099499862422544173e-06,2.000000029802322388e-01
7.099999862408403208e-06,4.000000059604644775e-01
7.100499862394262242e-06,4.000000059604644775e-01
7.100999862380121276e-06,4.000000059604644775e-01
7.101499862365980310e-06,2.000000029802322388e-01
7.101999862351839345e-06,2.000000029802322388e-01
7.102499862337698379e-06,2.000000029802322388e-01
7.102999862323557413e-06,2.000000029802322388e-01
7.103499862309416447e-06,2.000000029802322388e-01
7.103999862295275482e-06,4.000000059604644775e-01
7.104499862281134516e-06,2.000000029802322388e-01
7.104999862266993550e-06,2.000000029802322388e-01
7.105499862252852584e-06,2.000000029802322388e-01
7.105999862238711619e-06,2.000000029802322388e-01
7.106499862224570653e-06,2.000000029802322388e-01
7.106999862210429687e-06,2.000000029802322388e-01
7.107499862196288722e-06,2.000000029802322388e-01
7.107999862182147756e-06,2.000000029802322388e-01
7.108499862168006790e-06,2.000000029802322388e-01
7.108999862153865824e-06,4.000000059604644775e-01
7.109499862139724859e-06,2.000000029802322388e-01
7.109999862125583893e-06,2.000000029802322388e-01
7.110499862111442927e-06,2.000000029802322388e-01
7.110999862097301961e-06,2.000000029802322388e-01
7.111499862083160996e-06,2.000000029802322388e-01
7.111999862069020030e-06,2.000000029802322388e-01
7.112499862054879064e-06,2.000000029802322388e-01
7.112999862040738099e-06,2.000000029802322388e-01
7.113499862026597133e-06,2.000000029802322388e-01
7.113999862012456167e-06,2.000000029802322388e-01
7.114499861998315201e-06,2.000000029802322388e-01
7.114999861984174236e-06,2.000000029802322388e-01
7.115499861970033270e-06,2.000000029802322388e-01
7.115999861955892304e-06,2.000000029802322388e-01
7.116499861941751338e-06,2.000000029802322388e-01
7.116999861927610373e-06,2.000000029802322388e-01
7.117499861913469407e-06,2.000000029802322388e-01
7.117999861899328441e-06,2.000000029802322388e-01
7.118499861885187475e-06,2.000000029802322388e-01
7.118999861871046510e-06,2.000000029802322388e-01
7.119499861856905544e-06,2.000000029802322388e-01
7.119999861842764578e-06,2.000000029802322388e-01
7.120499861828623613e-06,2.000000029802322388e-01
7.120999861814482647e-06,2.000000029802322388e-01
7.121499861800341681e-06,2.000000029802322388e-01
7.121999861786200715e-06,2.000000029802322388e-01
7.122499861772059750e-06,2.000000029802322388e-01
7.122999861757918784e-06,2.000000029802322388e-01
7.123499861743777818e-06,2.000000029802322388e-01
7.123999861729636852e-06,2.000000029802322388e-01
7.124499861715495887e-06,2.000000029802322388e-01
7.124999861701354921e-06,2.000000029802322388e-01
7.125499861687213955e-06,2.000000029802322388e-01
7.125999861673072989e-06,2.000000029802322388e-01
7.126499861658932024e-06,2.000000029802322388e-01
7.126999861644791058e-06,2.000000029802322388e-01
7.127499861630650092e-06,2.000000029802322388e-01
7.127999861616509127e-06,2.000000029802322388e-01
7.128499861602368161e-06,2.000000029802322388e-01
7.128999861588227195e-06,2.000000029802322388e-01
7.129499861574086229e-06,2.000000029802322388e-01
7.129999861559945264e-06,2.000000029802322388e-01
7.130499861545804298e-06,2.000000029802322388e-01
7.130999861531663332e-06,2.000000029802322388e-01
7.131499861517522366e-06,6.000000089406967163e-01
7.131999861503381401e-06,1.800000026822090149e+00
7.132499861489240435e-06,3.400000050663948059e+00
7.132999861475099469e-06,5.000000074505805969e+00
7.133499861460958504e-06,5.600000083446502686e+00
7.133999861446817538e-06,5.400000080466270447e+00
7.134499861432676572e-06,5.000000074505805969e+00
7.134999861418535606e-06,4.800000071525573730e+00
7.135499861404394641e-06,4.600000068545341492e+00
7.135999861390253675e-06,4.600000068545341492e+00
7.136499861376112709e-06,4.400000065565109253e+00
7.136999861361971743e-06,4.400000065565109253e+00
7.137499861347830778e-06,4.200000062584877014e+00
7.137999861333689812e-06,4.200000062584877014e+00
7.138499861319548846e-06,4.000000059604644775e+00
7.138999861305407880e-06,4.000000059604644775e+00
7.139499861291266915e-06,3.800000056624412537e+00
7.139999861277125949e-06,3.600000053644180298e+00
7.140499861262984983e-06,3.400000050663948059e+00
7.140999861248844018e-06,3.400000050663948059e+00
7.141499861234703052e-06,3.200000047683715820e+00
7.141999861220562086e-06,3.000000044703483582e+00
7.142499861206421120e-06,2.800000041723251343e+00
7.142999861192280155e-06,2.800000041723251343e+00
7.143499861178139189e-06,2.600000038743019104e+00
7.143999861163998223e-06,2.400000035762786865e+00
7.144499861149857257e-06,2.200000032782554626e+00
7.144999861135716292e-06,2.200000032782554626e+00
7.145499861121575326e-06,2.000000029802322388e+00
7.145999861107434360e-06,1.800000026822090149e+00
7.146499861093293394e-06,1.600000023841857910e+00
7.146999861079152429e-06,1.400000020861625671e+00
7.147499861065011463e-06,1.200000017881393433e+00
7.147999861050870497e-06,1.200000017881393433e+00
7.148499861036729532e-06,1.000000014901161194e+00
7.148999861022588566e-06,8.000000119209289551e-01
7.149499861008447600e-06,6.000000089406967163e-01
7.149999860994306634e-06,6.000000089406967163e-01
7.150499860980165669e-06,4.000000059604644775e-01
7.150999860966024703e-06,2.000000029802322388e-01
7.151499860951883737e-06,0.000000000000000000e+00
7.151999860937742771e-06,-2.000000029802322388e-01
7.152499860923601806e-06,-4.000000059604644775e-01
7.152999860909460840e-06,-6.000000089406967163e-01
7.153499860895319874e-06,-8.000000119209289551e-01
7.153999860881178909e-06,-8.000000119209289551e-01
7.154499860867037943e-06,-1.000000014901161194e+00
7.154999860852896977e-06,-1.200000017881393433e+00
7.155499860838756011e-06,-1.200000017881393433e+00
7.155999860824615046e-06,-1.400000020861625671e+00
7.156499860810474080e-06,-1.600000023841857910e+00
7.156999860796333114e-06,-1.800000026822090149e+00
7.157499860782192148e-06,-2.000000029802322388e+00
7.157999860768051183e-06,-2.000000029802322388e+00
7.158499860753910217e-06,-2.200000032782554626e+00
7.158999860739769251e-06,-2.200000032782554626e+00
7.159499860725628285e-06,-2.400000035762786865e+00
7.159999860711487320e-06,-2.600000038743019104e+00
7.160499860697346354e-06,-2.800000041723251343e+00
7.160999860683205388e-06,-2.800000041723251343e+00
7.161499860669064423e-06,-3.000000044703483582e+00
7.161999860654923457e-06,-3.000000044703483582e+00
7.162499860640782491e-06,-3.200000047683715820e+00
7.162999860626641525e-06,-3.400000050663948059e+00
7.163499860612500560e-06,-3.400000050663948059e+00
7.163999860598359594e-06,-3.600000053644180298e+00
7.164499860584218628e-06,-3.800000056624412537e+00
7.164999860570077662e-06,-3.800000056624412537e+00
7.165499860555936697e-06,-3.800000056624412537e+00
7.165999860541795731e-06,-3.800000056624412537e+00
7.166499860527654765e-06,-4.000000059604644775e+00
7.166999860513513799e-06,-4.200000062584877014e+00
7.167499860499372834e-06,-4.200000062584877014e+00
7.167999860485231868e-06,-4.200000062584877014e+00
7.168499860471090902e-06,-4.400000065565109253e+00
7.168999860456949937e-06,-4.400000065565109253e+00
7.169499860442808971e-06,-4.400000065565109253e+00
7.169999860428668005e-06,-4.400000065565109253e+00
7.170499860414527039e-06,-4.600000068545341492e+00
7.170999860400386074e-06,-4.600000068545341492e+00
7.171499860386245108e-06,-4.600000068545341492e+00
7.171999860372104142e-06,-4.600000068545341492e+00
7.172499860357963176e-06,-4.800000071525573730e+00
7.172999860343822211e-06,-4.800000071525573730e+00
7.173499860329681245e-06,-4.800000071525573730e+00
7.173999860315540279e-06,-4.800000071525573730e+00
7.174499860301399314e-06,-4.800000071525573730e+00
7.174999860287258348e-06,-4.800000071525573730e+00
7.175499860273117382e-06,-4.800000071525573730e+00
7.175999860258976416e-06,-4.800000071525573730e+00
7.176499860244835451e-06,-4.800000071525573730e+00
7.176999860230694485e-06,-4.800000071525573730e+00
7.177499860216553519e-06,-4.800000071525573730e+00
7.177999860202412553e-06,-4.800000071525573730e+00
7.178499860188271588e-06,-4.600000068545341492e+00
7.178999860174130622e-06,-4.600000068545341492e+00
7.179499860159989656e-06,-4.600000068545341492e+00
7.179999860145848690e-06,-4.600000068545341492e+00
7.180499860131707725e-06,-4.400000065565109253e+00
7.180999860117566759e-06,-4.400000065565109253e+00
7.181499860103425793e-06,-4.400000065565109253e+00
7.181999860089284828e-06,-4.400000065565109253e+00
7.182499860075143862e-06,-4.200000062584877014e+00
7.182999860061002896e-06,-4.200000062584877014e+00
7.183499860046861930e-06,-4.000000059604644775e+00
7.183999860032720965e-06,-4.000000059604644775e+00
7.184499860018579999e-06,-3.800000056624412537e+00
7.184999860004439033e-06,-3.800000056624412537e+00
7.185499859990298067e-06,-3.800000056624412537e+00
7.185999859976157102e-06,-3.600000053644180298e+00
7.186499859962016136e-06,-3.600000053644180298e+00
7.186999859947875170e-06,-3.400000050663948059e+00
7.187499859933734204e-06,-3.400000050663948059e+00
7.187999859919593239e-06,-3.200000047683715820e+00
7.188499859905452273e-06,-3.000000044703483582e+00
7.188999859891311307e-06,-3.000000044703483582e+00
7.189499859877170342e-06,-2.800000041723251343e+00
7.189999859863029376e-06,-2.800000041723251343e+00
7.190499859848888410e-06,-2.600000038743019104e+00
7.190999859834747444e-06,-2.400000035762786865e+00
7.191499859820606479e-06,-2.400000035762786865e+00
7.191999859806465513e-06,-2.200000032782554626e+00
7.192499859792324547e-06,-2.000000029802322388e+00
7.192999859778183581e-06,-2.000000029802322388e+00
7.193499859764042616e-06,-1.800000026822090149e+00
7.193999859749901650e-06,-1.600000023841857910e+00
7.194499859735760684e-06,-1.600000023841857910e+00
7.194999859721619719e-06,-1.400000020861625671e+00
7.195499859707478753e-06,-1.200000017881393433e+00
7.195999859693337787e-06,-1.000000014901161194e+00
7.196499859679196821e-06,-8.000000119209289551e-01
7.196999859665055856e-06,-8.000000119209289551e-01
7.197499859650914890e-06,-6.000000089406967163e-01
7.197999859636773924e-06,-4.000000059604644775e-01
7.198499859622632958e-06,-2.000000029802322388e-01
7.198999859608491993e-06,0.000000000000000000e+00
7.199499859594351027e-06,0.000000000000000000e+00
7.199999859580210061e-06,2.000000029802322388e-01
7.200499859566069095e-06,4.000000059604644775e-01
7.200999859551928130e-06,6.000000089406967163e-01
7.201499859537787164e-06,8.000000119209289551e-01
7.201999859523646198e-06,1.000000014901161194e+00
7.202499859509505233e-06,1.000000014901161194e+00
7.202999859495364267e-06,1.200000017881393433e+00
7.203499859481223301e-06,1.400000020861625671e+00
7.203999859467082335e-06,1.600000023841857910e+00
7.204499859452941370e-06,1.600000023841857910e+00
7.204999859438800404e-06,1.800000026822090149e+00
7.205499859424659438e-06,1.800000026822090149e+00
7.205999859410518472e-06,2.000000029802322388e+00
7.206499859396377507e-06,2.200000032782554626e+00
7.206999859382236541e-06,2.400000035762786865e+00
7.207499859368095575e-06,2.400000035762786865e+00
7.207999859353954609e-06,2.600000038743019104e+00
7.208499859339813644e-06,2.800000041723251343e+00
7.208999859325672678e-06,3.000000044703483582e+00
7.209499859311531712e-06,3.000000044703483582e+00
7.209999859297390747e-06,3.200000047683715820e+00
7.210499859283249781e-06,3.200000047683715820e+00
7.210999859269108815e-06,3.400000050663948059e+00
7.211499859254967849e-06,3.600000053644180298e+00
7.211999859240826884e-06,3.600000053644180298e+00
7.212499859226685918e-06,3.800000056624412537e+00
7.212999859212544952e-06,3.800000056624412537e+00
7.213499859198403986e-06,4.000000059604644775e+00
7.213999859184263021e-06,4.000000059604644775e+00
7.214499859170122055e-06,4.200000062584877014e+00
7.214999859155981089e-06,4.400000065565109253e+00
7.215499859141840124e-06,4.400000065565109253e+00
7.215999859127699158e-06,4.400000065565109253e+00
7.216499859113558192e-06,4.600000068545341492e+00
7.216999859099417226e-06,4.800000071525573730e+00
7.217499859085276261e-06,4.800000071525573730e+00
7.217999859071135295e-06,4.800000071525573730e+00
7.218499859056994329e-06,4.800000071525573730e+00
7.218999859042853363e-06,5.000000074505805969e+00
7.219499859028712398e-06,5.000000074505805969e+00
7.219999859014571432e-06,5.000000074505805969e+00
7.220499859000430466e-06,5.000000074505805969e+00
7.220999858986289500e-06,5.000000074505805969e+00
7.221499858972148535e-06,5.000000074505805969e+00
7.221999858958007569e-06,5.200000077486038208e+00
7.222499858943866603e-06,5.200000077486038208e+00
7.222999858929725638e-06,5.200000077486038208e+00
7.223499858915584672e-06,5.200000077486038208e+00
7.223999858901443706e-06,5.200000077486038208e+00
7.224499858887302740e-06,5.200000077486038208e+00
7.224999858873161775e-06,5.200000077486038208e+00
7.225499858859020809e-06,5.200000077486038208e+00
7.225999858844879843e-06,5.200000077486038208e+00
7.226499858830738877e-06,5.200000077486038208e+00
7.226999858816597912e-06,5.200000077486038208e+00
7.227499858802456946e-06,5.200000077486038208e+00
7.227999858788315980e-06,5.200000077486038208e+00
7.228499858774175014e-06,5.200000077486038208e+00
7.228999858760034049e-06,5.200000077486038208e+00
7.229499858745893083e-06,5.200000077486038208e+00
7.229999858731752117e-06,5.000000074505805969e+00
7.230499858717611152e-06,5.000000074505805969e+00
7.230999858703470186e-06,4.800000071525573730e+00
7.231499858689329220e-06,4.800000071525573730e+00
7.231999858675188254e-06,4.800000071525573730e+00
7.232499858661047289e-06,4.600000068545341492e+00
7.232999858646906323e-06,4.600000068545341492e+00
7.233499858632765357e-06,4.400000065565109253e+00
7.233999858618624391e-06,4.400000065565109253e+00
7.234499858604483426e-06,4.400000065565109253e+00
