Time(s),Voltage(V)
0.000000000000000000e+00,-1.000000014901161194e-01
4.999999858590342683e-10,-1.000000014901161194e-01
9.999999717180685366e-10,0.000000000000000000e+00
1.499999957577102805e-09,-1.000000014901161194e-01
1.999999943436137073e-09,0.000000000000000000e+00
2.499999929295171341e-09,0.000000000000000000e+00
2.999999915154205610e-09,0.000000000000000000e+00
3.499999901013239878e-09,-1.000000014901161194e-01
3.999999886872274146e-09,0.000000000000000000e+00
4.499999872731308415e-09,0.000000000000000000e+00
4.999999858590342683e-09,0.000000000000000000e+00
5.499999844449376951e-09,-1.000000014901161194e-01
5.999999830308411219e-09,0.000000000000000000e+00
6.499999816167445488e-09,-1.000000014901161194e-01
6.999999802026479756e-09,-1.000000014901161194e-01
7.499999787885514024e-09,-1.000000014901161194e-01
7.999999773744548293e-09,-1.000000014901161194e-01
8.499999759603582561e-09,-1.000000014901161194e-01
8.999999745462616829e-09,0.000000000000000000e+00
9.499999731321651097e-09,-1.000000014901161194e-01
9.999999717180685366e-09,0.000000000000000000e+00
1.049999970303971963e-08,-1.000000014901161194e-01
1.099999968889875390e-08,0.000000000000000000e+00
1.149999967475778817e-08,-1.000000014901161194e-01
1.199999966061682244e-08,-1.000000014901161194e-01
1.249999964647585671e-08,-1.000000014901161194e-01
1.299999963233489098e-08,-1.000000014901161194e-01
1.349999961819392524e-08,-1.000000014901161194e-01
1.399999960405295951e-08,-1.000000014901161194e-01
1.449999958991199378e-08,-1.000000014901161194e-01
1.499999957577102805e-08,0.000000000000000000e+00
1.549999956163006232e-08,-1.000000014901161194e-01
1.599999954748909659e-08,0.000000000000000000e+00
1.649999953334813085e-08,-1.000000014901161194e-01
1.699999951920716512e-08,-1.000000014901161194e-01
1.749999950506619939e-08,0.000000000000000000e+00
1.799999949092523366e-08,-1.000000014901161194e-01
1.849999947678426793e-08,-1.000000014901161194e-01
1.899999946264330219e-08,0.000000000000000000e+00
1.949999944850233646e-08,-1.000000014901161194e-01
1.999999943436137073e-08,-1.000000014901161194e-01
2.049999942022040500e-08,-1.000000014901161194e-01
2.099999940607943927e-08,0.000000000000000000e+00
2.149999939193847354e-08,-1.000000014901161194e-01
2.199999937779750780e-08,0.000000000000000000e+00
2.249999936365654207e-08,-1.000000014901161194e-01
2.299999934951557634e-08,0.000000000000000000e+00
2.349999933537461061e-08,-1.000000014901161194e-01
2.399999932123364488e-08,-1.000000014901161194e-01
2.449999930709267915e-08,-1.000000014901161194e-01
2.499999929295171341e-08,0.000000000000000000e+00
2.549999927881074768e-08,-1.000000014901161194e-01
2.599999926466978195e-08,-1.000000014901161194e-01
2.649999925052881622e-08,-1.000000014901161194e-01
2.699999923638785049e-08,-1.000000014901161194e-01
2.749999922224688476e-08,-1.000000014901161194e-01
2.799999920810591902e-08,-1.000000014901161194e-01
2.849999919396495329e-08,-1.000000014901161194e-01
2.899999917982398756e-08,-1.000000014901161194e-01
2.949999916568302183e-08,-1.000000014901161194e-01
2.999999915154205610e-08,-1.000000014901161194e-01
3.049999913740109037e-08,-1.000000014901161194e-01
3.099999912326012463e-08,-1.000000014901161194e-01
3.149999910911915890e-08,-1.000000014901161194e-01
3.199999909497819317e-08,0.000000000000000000e+00
3.249999908083722744e-08,-1.000000014901161194e-01
3.299999906669626171e-08,-1.000000014901161194e-01
3.349999905255529598e-08,-1.000000014901161194e-01
3.399999903841433024e-08,-1.000000014901161194e-01
3.449999902427336451e-08,-1.000000014901161194e-01
3.499999901013239878e-08,-1.000000014901161194e-01
3.549999899599143305e-08,-1.000000014901161194e-01
3.599999898185046732e-08,-1.000000014901161194e-01
3.649999896770950158e-08,-1.000000014901161194e-01
3.699999895356853585e-08,-1.000000014901161194e-01
3.749999893942757012e-08,-1.000000014901161194e-01
3.799999892528660439e-08,0.000000000000000000e+00
3.849999891114563866e-08,-1.000000014901161194e-01
3.899999889700467293e-08,-1.000000014901161194e-01
3.949999888286370719e-08,-1.000000014901161194e-01
3.999999886872274146e-08,-1.000000014901161194e-01
4.049999885458177573e-08,-1.000000014901161194e-01
4.099999884044081000e-08,0.000000000000000000e+00
4.149999882629984427e-08,-1.000000014901161194e-01
4.199999881215887854e-08,-1.000000014901161194e-01
4.249999879801791280e-08,-1.000000014901161194e-01
4.299999878387694707e-08,0.000000000000000000e+00
4.349999876973598134e-08,-1.000000014901161194e-01
4.399999875559501561e-08,-1.000000014901161194e-01
4.449999874145404988e-08,-1.000000014901161194e-01
4.499999872731308415e-08,0.000000000000000000e+00
4.549999871317211841e-08,-1.000000014901161194e-01
4.599999869903115268e-08,0.000000000000000000e+00
4.649999868489018695e-08,-1.000000014901161194e-01
4.699999867074922122e-08,0.000000000000000000e+00
4.749999865660825549e-08,-1.000000014901161194e-01
4.799999864246728976e-08,-1.000000014901161194e-01
4.849999862832632402e-08,-1.000000014901161194e-01
4.899999861418535829e-08,0.000000000000000000e+00
4.949999860004439256e-08,-1.000000014901161194e-01
4.999999858590342683e-08,0.000000000000000000e+00
5.049999857176246110e-08,-1.000000014901161194e-01
5.099999855762149537e-08,0.000000000000000000e+00
5.149999854348052963e-08,-1.000000014901161194e-01
5.199999852933956390e-08,-1.000000014901161194e-01
5.249999851519859817e-08,-1.000000014901161194e-01
5.299999850105763244e-08,-1.000000014901161194e-01
5.349999848691666671e-08,-1.000000014901161194e-01
5.399999847277570098e-08,-1.000000014901161194e-01
5.449999845863473524e-08,-1.000000014901161194e-01
5.499999844449376951e-08,-1.000000014901161194e-01
5.549999843035280378e-08,-1.000000014901161194e-01
5.599999841621183805e-08,0.000000000000000000e+00
5.649999840207087232e-08,-1.000000014901161194e-01
5.699999838792990658e-08,0.000000000000000000e+00
5.749999837378894085e-08,-1.000000014901161194e-01
5.799999835964797512e-08,-1.000000014901161194e-01
5.849999834550700939e-08,-1.000000014901161194e-01
5.899999833136604366e-08,0.000000000000000000e+00
5.949999831722507793e-08,-1.000000014901161194e-01
5.999999830308411219e-08,0.000000000000000000e+00
6.049999828894314646e-08,-1.000000014901161194e-01
6.099999827480218073e-08,-1.000000014901161194e-01
6.149999826066121500e-08,-1.000000014901161194e-01
6.199999824652024927e-08,-1.000000014901161194e-01
6.249999823237928354e-08,-1.000000014901161194e-01
6.299999821823831780e-08,-1.000000014901161194e-01
6.349999820409735207e-08,-1.000000014901161194e-01
6.399999818995638634e-08,-1.000000014901161194e-01
6.449999817581542061e-08,-1.000000014901161194e-01
6.499999816167445488e-08,0.000000000000000000e+00
6.549999814753348915e-08,-1.000000014901161194e-01
6.599999813339252341e-08,0.000000000000000000e+00
6.649999811925155768e-08,-1.000000014901161194e-01
6.699999810511059195e-08,0.000000000000000000e+00
6.749999809096962622e-08,-1.000000014901161194e-01
6.799999807682866049e-08,0.000000000000000000e+00
6.849999806268769476e-08,0.000000000000000000e+00
6.899999804854672902e-08,0.000000000000000000e+00
6.949999803440576329e-08,-1.000000014901161194e-01
6.999999802026479756e-08,-1.000000014901161194e-01
7.049999800612383183e-08,-1.000000014901161194e-01
7.099999799198286610e-08,-1.000000014901161194e-01
7.149999797784190037e-08,-1.000000014901161194e-01
7.199999796370093463e-08,-1.000000014901161194e-01
7.249999794955996890e-08,-1.000000014901161194e-01
7.299999793541900317e-08,-1.000000014901161194e-01
7.349999792127803744e-08,-1.000000014901161194e-01
7.399999790713707171e-08,-1.000000014901161194e-01
7.449999789299610597e-08,-1.000000014901161194e-01
7.499999787885514024e-08,-1.000000014901161194e-01
7.549999786471417451e-08,-1.000000014901161194e-01
7.599999785057320878e-08,-1.000000014901161194e-01
7.649999783643224305e-08,-1.000000014901161194e-01
7.699999782229127732e-08,0.000000000000000000e+00
7.749999780815031158e-08,-1.000000014901161194e-01
7.799999779400934585e-08,-1.000000014901161194e-01
7.849999777986838012e-08,-1.000000014901161194e-01
7.899999776572741439e-08,-1.000000014901161194e-01
7.949999775158644866e-08,-1.000000014901161194e-01
7.999999773744548293e-08,0.000000000000000000e+00
8.049999772330451719e-08,0.000000000000000000e+00
8.099999770916355146e-08,-1.000000014901161194e-01
8.149999769502258573e-08,-1.000000014901161194e-01
8.199999768088162000e-08,-1.000000014901161194e-01
8.249999766674065427e-08,-1.000000014901161194e-01
8.299999765259968854e-08,-1.000000014901161194e-01
8.349999763845872280e-08,-1.000000014901161194e-01
8.399999762431775707e-08,0.000000000000000000e+00
8.449999761017679134e-08,-1.000000014901161194e-01
8.499999759603582561e-08,0.000000000000000000e+00
8.549999758189485988e-08,-1.000000014901161194e-01
8.599999756775389415e-08,0.000000000000000000e+00
8.649999755361292841e-08,-1.000000014901161194e-01
8.699999753947196268e-08,0.000000000000000000e+00
8.749999752533099695e-08,-1.000000014901161194e-01
8.799999751119003122e-08,0.000000000000000000e+00
8.849999749704906549e-08,-1.000000014901161194e-01
8.899999748290809976e-08,0.000000000000000000e+00
8.949999746876713402e-08,-1.000000014901161194e-01
8.999999745462616829e-08,0.000000000000000000e+00
9.049999744048520256e-08,-1.000000014901161194e-01
9.099999742634423683e-08,0.000000000000000000e+00
9.149999741220327110e-08,-1.000000014901161194e-01
9.199999739806230536e-08,0.000000000000000000e+00
9.249999738392133963e-08,-1.000000014901161194e-01
9.299999736978037390e-08,0.000000000000000000e+00
9.349999735563940817e-08,-1.000000014901161194e-01
9.399999734149844244e-08,0.000000000000000000e+00
9.449999732735747671e-08,0.000000000000000000e+00
9.499999731321651097e-08,0.000000000000000000e+00
9.549999729907554524e-08,-1.000000014901161194e-01
9.599999728493457951e-08,-1.000000014901161194e-01
9.649999727079361378e-08,-1.000000014901161194e-01
9.699999725665264805e-08,-1.000000014901161194e-01
9.749999724251168232e-08,-1.000000014901161194e-01
9.799999722837071658e-08,0.000000000000000000e+00
9.849999721422975085e-08,-1.000000014901161194e-01
9.899999720008878512e-08,-1.000000014901161194e-01
9.949999718594781939e-08,-1.000000014901161194e-01
9.999999717180685366e-08,-1.000000014901161194e-01
1.004999971576658879e-07,-1.000000014901161194e-01
1.009999971435249222e-07,0.000000000000000000e+00
1.014999971293839565e-07,-1.000000014901161194e-01
1.019999971152429907e-07,0.000000000000000000e+00
1.024999971011020250e-07,-1.000000014901161194e-01
1.029999970869610593e-07,0.000000000000000000e+00
1.034999970728200935e-07,-1.000000014901161194e-01
1.039999970586791278e-07,-1.000000014901161194e-01
1.044999970445381621e-07,-1.000000014901161194e-01
1.049999970303971963e-07,-1.000000014901161194e-01
1.054999970162562306e-07,-1.000000014901161194e-01
1.059999970021152649e-07,-1.000000014901161194e-01
1.064999969879742991e-07,-1.000000014901161194e-01
1.069999969738333334e-07,0.000000000000000000e+00
1.074999969596923677e-07,-1.000000014901161194e-01
1.079999969455514020e-07,0.000000000000000000e+00
1.084999969314104362e-07,-1.000000014901161194e-01
1.089999969172694705e-07,0.000000000000000000e+00
1.094999969031285048e-07,-1.000000014901161194e-01
1.099999968889875390e-07,-1.000000014901161194e-01
1.104999968748465733e-07,-1.000000014901161194e-01
1.109999968607056076e-07,-1.000000014901161194e-01
1.114999968465646418e-07,-1.000000014901161194e-01
1.119999968324236761e-07,-1.000000014901161194e-01
1.124999968182827104e-07,-1.000000014901161194e-01
1.129999968041417446e-07,-1.000000014901161194e-01
1.134999967900007789e-07,-1.000000014901161194e-01
1.139999967758598132e-07,-1.000000014901161194e-01
1.144999967617188474e-07,-1.000000014901161194e-01
1.149999967475778817e-07,-1.000000014901161194e-01
1.154999967334369160e-07,-1.000000014901161194e-01
1.159999967192959502e-07,-1.000000014901161194e-01
1.164999967051549845e-07,-1.000000014901161194e-01
1.169999966910140188e-07,-1.000000014901161194e-01
1.174999966768730530e-07,-1.000000014901161194e-01
1.179999966627320873e-07,-1.000000014901161194e-01
1.184999966485911216e-07,0.000000000000000000e+00
1.189999966344501559e-07,0.000000000000000000e+00
1.194999966203091901e-07,-1.000000014901161194e-01
1.199999966061682244e-07,0.000000000000000000e+00
1.204999965920272587e-07,-1.000000014901161194e-01
1.209999965778862929e-07,0.000000000000000000e+00
1.214999965637453272e-07,-1.000000014901161194e-01
1.219999965496043615e-07,-1.000000014901161194e-01
1.224999965354633957e-07,-1.000000014901161194e-01
1.229999965213224300e-07,0.000000000000000000e+00
1.234999965071814643e-07,-1.000000014901161194e-01
1.239999964930404985e-07,0.000000000000000000e+00
1.244999964788995328e-07,-1.000000014901161194e-01
1.249999964647585671e-07,-1.000000014901161194e-01
1.254999964506176013e-07,-1.000000014901161194e-01
1.259999964364766356e-07,0.000000000000000000e+00
1.264999964223356699e-07,0.000000000000000000e+00
1.269999964081947041e-07,0.000000000000000000e+00
1.274999963940537384e-07,-1.000000014901161194e-01
1.279999963799127727e-07,-1.000000014901161194e-01
1.284999963657718069e-07,-1.000000014901161194e-01
1.289999963516308412e-07,-1.000000014901161194e-01
1.294999963374898755e-07,-1.000000014901161194e-01
1.299999963233489098e-07,0.000000000000000000e+00
1.304999963092079440e-07,-1.000000014901161194e-01
1.309999962950669783e-07,-1.000000014901161194e-01
1.314999962809260126e-07,-1.000000014901161194e-01
1.319999962667850468e-07,-1.000000014901161194e-01
1.324999962526440811e-07,-1.000000014901161194e-01
1.329999962385031154e-07,-1.000000014901161194e-01
1.334999962243621496e-07,-1.000000014901161194e-01
1.339999962102211839e-07,0.000000000000000000e+00
1.344999961960802182e-07,-1.000000014901161194e-01
1.349999961819392524e-07,-1.000000014901161194e-01
1.354999961677982867e-07,-1.000000014901161194e-01
1.359999961536573210e-07,0.000000000000000000e+00
1.364999961395163552e-07,-1.000000014901161194e-01
1.369999961253753895e-07,0.000000000000000000e+00
1.374999961112344238e-07,-1.000000014901161194e-01
1.379999960970934580e-07,-1.000000014901161194e-01
1.384999960829524923e-07,-1.000000014901161194e-01
1.389999960688115266e-07,-1.000000014901161194e-01
1.394999960546705609e-07,-1.000000014901161194e-01
1.399999960405295951e-07,-1.000000014901161194e-01
1.404999960263886294e-07,-1.000000014901161194e-01
1.409999960122476637e-07,-1.000000014901161194e-01
1.414999959981066979e-07,-1.000000014901161194e-01
1.419999959839657322e-07,-1.000000014901161194e-01
1.424999959698247665e-07,-1.000000014901161194e-01
1.429999959556838007e-07,-1.000000014901161194e-01
1.434999959415428350e-07,-1.000000014901161194e-01
1.439999959274018693e-07,-1.000000014901161194e-01
1.444999959132609035e-07,-1.000000014901161194e-01
1.449999958991199378e-07,-1.000000014901161194e-01
1.454999958849789721e-07,-1.000000014901161194e-01
1.459999958708380063e-07,0.000000000000000000e+00
1.464999958566970406e-07,-1.000000014901161194e-01
1.469999958425560749e-07,-1.000000014901161194e-01
1.474999958284151091e-07,-1.000000014901161194e-01
1.479999958142741434e-07,0.000000000000000000e+00
1.484999958001331777e-07,0.000000000000000000e+00
1.489999957859922119e-07,0.000000000000000000e+00
1.494999957718512462e-07,-1.000000014901161194e-01
1.499999957577102805e-07,-1.000000014901161194e-01
1.504999957435693148e-07,-1.000000014901161194e-01
1.509999957294283490e-07,-1.000000014901161194e-01
1.514999957152873833e-07,-1.000000014901161194e-01
1.519999957011464176e-07,0.000000000000000000e+00
1.524999956870054518e-07,-1.000000014901161194e-01
1.529999956728644861e-07,0.000000000000000000e+00
1.534999956587235204e-07,-1.000000014901161194e-01
1.539999956445825546e-07,-1.000000014901161194e-01
1.544999956304415889e-07,-1.000000014901161194e-01
1.549999956163006232e-07,-1.000000014901161194e-01
1.554999956021596574e-07,-1.000000014901161194e-01
1.559999955880186917e-07,-1.000000014901161194e-01
1.564999955738777260e-07,-1.000000014901161194e-01
1.569999955597367602e-07,-1.000000014901161194e-01
1.574999955455957945e-07,-1.000000014901161194e-01
1.579999955314548288e-07,0.000000000000000000e+00
1.584999955173138630e-07,0.000000000000000000e+00
1.589999955031728973e-07,-1.000000014901161194e-01
1.594999954890319316e-07,-1.000000014901161194e-01
1.599999954748909659e-07,0.000000000000000000e+00
1.604999954607500001e-07,0.000000000000000000e+00
1.609999954466090344e-07,0.000000000000000000e+00
1.614999954324680687e-07,-1.000000014901161194e-01
1.619999954183271029e-07,-1.000000014901161194e-01
1.624999954041861372e-07,-1.000000014901161194e-01
1.629999953900451715e-07,-1.000000014901161194e-01
1.634999953759042057e-07,-1.000000014901161194e-01
1.639999953617632400e-07,0.000000000000000000e+00
1.644999953476222743e-07,-1.000000014901161194e-01
1.649999953334813085e-07,-1.000000014901161194e-01
1.654999953193403428e-07,-1.000000014901161194e-01
1.659999953051993771e-07,0.000000000000000000e+00
1.664999952910584113e-07,0.000000000000000000e+00
1.669999952769174456e-07,0.000000000000000000e+00
1.674999952627764799e-07,-1.000000014901161194e-01
1.679999952486355141e-07,-1.000000014901161194e-01
1.684999952344945484e-07,-1.000000014901161194e-01
1.689999952203535827e-07,0.000000000000000000e+00
1.694999952062126169e-07,-1.000000014901161194e-01
1.699999951920716512e-07,-1.000000014901161194e-01
1.704999951779306855e-07,-1.000000014901161194e-01
1.709999951637897198e-07,0.000000000000000000e+00
1.714999951496487540e-07,0.000000000000000000e+00
1.719999951355077883e-07,0.000000000000000000e+00
1.724999951213668226e-07,-1.000000014901161194e-01
1.729999951072258568e-07,-1.000000014901161194e-01
1.734999950930848911e-07,-1.000000014901161194e-01
1.739999950789439254e-07,-1.000000014901161194e-01
1.744999950648029596e-07,-1.000000014901161194e-01
1.749999950506619939e-07,0.000000000000000000e+00
1.754999950365210282e-07,-1.000000014901161194e-01
1.759999950223800624e-07,0.000000000000000000e+00
1.764999950082390967e-07,0.000000000000000000e+00
1.769999949940981310e-07,-1.000000014901161194e-01
1.774999949799571652e-07,-1.000000014901161194e-01
1.779999949658161995e-07,-1.000000014901161194e-01
1.784999949516752338e-07,-1.000000014901161194e-01
1.789999949375342680e-07,0.000000000000000000e+00
1.794999949233933023e-07,-1.000000014901161194e-01
1.799999949092523366e-07,0.000000000000000000e+00
1.804999948951113709e-07,-1.000000014901161194e-01
1.809999948809704051e-07,-1.000000014901161194e-01
1.814999948668294394e-07,-1.000000014901161194e-01
1.819999948526884737e-07,0.000000000000000000e+00
1.824999948385475079e-07,-1.000000014901161194e-01
1.829999948244065422e-07,0.000000000000000000e+00
1.834999948102655765e-07,-1.000000014901161194e-01
1.839999947961246107e-07,-1.000000014901161194e-01
1.844999947819836450e-07,-1.000000014901161194e-01
1.849999947678426793e-07,0.000000000000000000e+00
1.854999947537017135e-07,-1.000000014901161194e-01
1.859999947395607478e-07,-1.000000014901161194e-01
1.864999947254197821e-07,-1.000000014901161194e-01
1.869999947112788163e-07,-1.000000014901161194e-01
1.874999946971378506e-07,-1.000000014901161194e-01
1.879999946829968849e-07,0.000000000000000000e+00
1.884999946688559191e-07,-1.000000014901161194e-01
1.889999946547149534e-07,0.000000000000000000e+00
1.894999946405739877e-07,-1.000000014901161194e-01
1.899999946264330219e-07,0.000000000000000000e+00
1.904999946122920562e-07,-1.000000014901161194e-01
1.909999945981510905e-07,-1.000000014901161194e-01
1.914999945840101248e-07,-1.000000014901161194e-01
1.919999945698691590e-07,-1.000000014901161194e-01
1.924999945557281933e-07,-1.000000014901161194e-01
1.929999945415872276e-07,-1.000000014901161194e-01
1.934999945274462618e-07,-1.000000014901161194e-01
1.939999945133052961e-07,0.000000000000000000e+00
1.944999944991643304e-07,-1.000000014901161194e-01
1.949999944850233646e-07,-1.000000014901161194e-01
1.954999944708823989e-07,-1.000000014901161194e-01
1.959999944567414332e-07,-1.000000014901161194e-01
1.964999944426004674e-07,-1.000000014901161194e-01
1.969999944284595017e-07,-1.000000014901161194e-01
1.974999944143185360e-07,-1.000000014901161194e-01
1.979999944001775702e-07,-1.000000014901161194e-01
1.984999943860366045e-07,-1.000000014901161194e-01
1.989999943718956388e-07,-1.000000014901161194e-01
1.994999943577546730e-07,-1.000000014901161194e-01
1.999999943436137073e-07,-1.000000014901161194e-01
2.004999943294727416e-07,-1.000000014901161194e-01
2.009999943153317759e-07,-1.000000014901161194e-01
2.014999943011908101e-07,-1.000000014901161194e-01
2.019999942870498444e-07,-1.000000014901161194e-01
2.024999942729088787e-07,-1.000000014901161194e-01
2.029999942587679129e-07,0.000000000000000000e+00
2.034999942446269472e-07,-1.000000014901161194e-01
2.039999942304859815e-07,0.000000000000000000e+00
2.044999942163450157e-07,-1.000000014901161194e-01
2.049999942022040500e-07,-1.000000014901161194e-01
2.054999941880630843e-07,-1.000000014901161194e-01
2.059999941739221185e-07,0.000000000000000000e+00
2.064999941597811528e-07,0.000000000000000000e+00
2.069999941456401871e-07,-1.000000014901161194e-01
2.074999941314992213e-07,-1.000000014901161194e-01
2.079999941173582556e-07,0.000000000000000000e+00
2.084999941032172899e-07,0.000000000000000000e+00
2.089999940890763241e-07,-1.000000014901161194e-01
2.094999940749353584e-07,-1.000000014901161194e-01
2.099999940607943927e-07,-1.000000014901161194e-01
2.104999940466534269e-07,-1.000000014901161194e-01
2.109999940325124612e-07,-1.000000014901161194e-01
2.114999940183714955e-07,-1.000000014901161194e-01
2.119999940042305298e-07,0.000000000000000000e+00
2.124999939900895640e-07,-1.000000014901161194e-01
2.129999939759485983e-07,-1.000000014901161194e-01
2.134999939618076326e-07,-1.000000014901161194e-01
2.139999939476666668e-07,-1.000000014901161194e-01
2.144999939335257011e-07,-1.000000014901161194e-01
2.149999939193847354e-07,-1.000000014901161194e-01
2.154999939052437696e-07,-1.000000014901161194e-01
2.159999938911028039e-07,0.000000000000000000e+00
2.164999938769618382e-07,-1.000000014901161194e-01
2.169999938628208724e-07,0.000000000000000000e+00
2.174999938486799067e-07,-1.000000014901161194e-01
2.179999938345389410e-07,0.000000000000000000e+00
2.184999938203979752e-07,-1.000000014901161194e-01
2.189999938062570095e-07,-1.000000014901161194e-01
2.194999937921160438e-07,-1.000000014901161194e-01
2.199999937779750780e-07,0.000000000000000000e+00
2.204999937638341123e-07,-1.000000014901161194e-01
2.209999937496931466e-07,0.000000000000000000e+00
2.214999937355521809e-07,-1.000000014901161194e-01
2.219999937214112151e-07,0.000000000000000000e+00
2.224999937072702494e-07,-1.000000014901161194e-01
2.229999936931292837e-07,-1.000000014901161194e-01
2.234999936789883179e-07,-1.000000014901161194e-01
2.239999936648473522e-07,-1.000000014901161194e-01
2.244999936507063865e-07,-1.000000014901161194e-01
2.249999936365654207e-07,0.000000000000000000e+00
2.254999936224244550e-07,-1.000000014901161194e-01
2.259999936082834893e-07,0.000000000000000000e+00
2.264999935941425235e-07,-1.000000014901161194e-01
2.269999935800015578e-07,-1.000000014901161194e-01
2.274999935658605921e-07,0.000000000000000000e+00
2.279999935517196263e-07,0.000000000000000000e+00
2.284999935375786606e-07,0.000000000000000000e+00
2.289999935234376949e-07,0.000000000000000000e+00
2.294999935092967291e-07,-1.000000014901161194e-01
2.299999934951557634e-07,0.000000000000000000e+00
2.304999934810147977e-07,0.000000000000000000e+00
2.309999934668738319e-07,0.000000000000000000e+00
2.314999934527328662e-07,-1.000000014901161194e-01
2.319999934385919005e-07,-1.000000014901161194e-01
2.324999934244509348e-07,-1.000000014901161194e-01
2.329999934103099690e-07,0.000000000000000000e+00
2.334999933961690033e-07,-1.000000014901161194e-01
2.339999933820280376e-07,0.000000000000000000e+00
2.344999933678870718e-07,-1.000000014901161194e-01
2.349999933537461061e-07,-1.000000014901161194e-01
2.354999933396051404e-07,-1.000000014901161194e-01
2.359999933254641746e-07,0.000000000000000000e+00
2.364999933113232089e-07,-1.000000014901161194e-01
2.369999932971822432e-07,-1.000000014901161194e-01
2.374999932830412774e-07,-1.000000014901161194e-01
2.379999932689003117e-07,-1.000000014901161194e-01
2.384999932547593460e-07,0.000000000000000000e+00
2.389999932406183802e-07,0.000000000000000000e+00
2.394999932264774145e-07,-1.000000014901161194e-01
2.399999932123364488e-07,0.000000000000000000e+00
2.404999931981954830e-07,-1.000000014901161194e-01
2.409999931840545173e-07,0.000000000000000000e+00
2.414999931699135516e-07,-1.000000014901161194e-01
2.419999931557725859e-07,0.000000000000000000e+00
2.424999931416316201e-07,-1.000000014901161194e-01
2.429999931274906544e-07,0.000000000000000000e+00
2.434999931133496887e-07,-1.000000014901161194e-01
2.439999930992087229e-07,0.000000000000000000e+00
2.444999930850677572e-07,-1.000000014901161194e-01
2.449999930709267915e-07,-1.000000014901161194e-01
2.454999930567858257e-07,-1.000000014901161194e-01
2.459999930426448600e-07,0.000000000000000000e+00
2.464999930285038943e-07,-1.000000014901161194e-01
2.469999930143629285e-07,0.000000000000000000e+00
2.474999930002219628e-07,-1.000000014901161194e-01
2.479999929860809971e-07,0.000000000000000000e+00
2.484999929719400313e-07,-1.000000014901161194e-01
2.489999929577990656e-07,0.000000000000000000e+00
2.494999929436580999e-07,-1.000000014901161194e-01
2.499999929295171341e-07,0.000000000000000000e+00
2.504999929153761684e-07,-1.000000014901161194e-01
2.509999929012352027e-07,-1.000000014901161194e-01
2.514999928870942369e-07,-1.000000014901161194e-01
2.519999928729532712e-07,-1.000000014901161194e-01
2.524999928588123055e-07,-1.000000014901161194e-01
2.529999928446713398e-07,-1.000000014901161194e-01
2.534999928305303740e-07,-1.000000014901161194e-01
2.539999928163894083e-07,-1.000000014901161194e-01
2.544999928022484426e-07,-1.000000014901161194e-01
2.549999927881074768e-07,0.000000000000000000e+00
2.554999927739665111e-07,-1.000000014901161194e-01
2.559999927598255454e-07,-1.000000014901161194e-01
2.564999927456845796e-07,-1.000000014901161194e-01
2.569999927315436139e-07,0.000000000000000000e+00
2.574999927174026482e-07,-1.000000014901161194e-01
2.579999927032616824e-07,0.000000000000000000e+00
2.584999926891207167e-07,-1.000000014901161194e-01
2.589999926749797510e-07,0.000000000000000000e+00
2.594999926608387852e-07,-1.000000014901161194e-01
2.599999926466978195e-07,0.000000000000000000e+00
2.604999926325568538e-07,-1.000000014901161194e-01
2.609999926184158880e-07,0.000000000000000000e+00
2.614999926042749223e-07,-1.000000014901161194e-01
2.619999925901339566e-07,0.000000000000000000e+00
2.624999925759929909e-07,-1.000000014901161194e-01
2.629999925618520251e-07,0.000000000000000000e+00
2.634999925477110594e-07,-1.000000014901161194e-01
2.639999925335700937e-07,0.000000000000000000e+00
2.644999925194291279e-07,-1.000000014901161194e-01
2.649999925052881622e-07,0.000000000000000000e+00
2.654999924911471965e-07,-1.000000014901161194e-01
2.659999924770062307e-07,0.000000000000000000e+00
2.664999924628652650e-07,-1.000000014901161194e-01
2.669999924487242993e-07,0.000000000000000000e+00
2.674999924345833335e-07,-1.000000014901161194e-01
2.679999924204423678e-07,-1.000000014901161194e-01
2.684999924063014021e-07,-1.000000014901161194e-01
2.689999923921604363e-07,0.000000000000000000e+00
2.694999923780194706e-07,-1.000000014901161194e-01
2.699999923638785049e-07,0.000000000000000000e+00
2.704999923497375391e-07,-1.000000014901161194e-01
2.709999923355965734e-07,0.000000000000000000e+00
2.714999923214556077e-07,-1.000000014901161194e-01
2.719999923073146419e-07,-1.000000014901161194e-01
2.724999922931736762e-07,-1.000000014901161194e-01
2.729999922790327105e-07,-1.000000014901161194e-01
2.734999922648917448e-07,-1.000000014901161194e-01
2.739999922507507790e-07,-1.000000014901161194e-01
2.744999922366098133e-07,-1.000000014901161194e-01
2.749999922224688476e-07,0.000000000000000000e+00
2.754999922083278818e-07,-1.000000014901161194e-01
2.759999921941869161e-07,0.000000000000000000e+00
2.764999921800459504e-07,-1.000000014901161194e-01
2.769999921659049846e-07,-1.000000014901161194e-01
2.774999921517640189e-07,-1.000000014901161194e-01
2.779999921376230532e-07,0.000000000000000000e+00
2.784999921234820874e-07,-1.000000014901161194e-01
2.789999921093411217e-07,0.000000000000000000e+00
2.794999920952001560e-07,-1.000000014901161194e-01
2.799999920810591902e-07,-1.000000014901161194e-01
2.804999920669182245e-07,-1.000000014901161194e-01
2.809999920527772588e-07,0.000000000000000000e+00
2.814999920386362930e-07,-1.000000014901161194e-01
2.819999920244953273e-07,-1.000000014901161194e-01
2.824999920103543616e-07,-1.000000014901161194e-01
2.829999919962133959e-07,-1.000000014901161194e-01
2.834999919820724301e-07,-1.000000014901161194e-01
2.839999919679314644e-07,-1.000000014901161194e-01
2.844999919537904987e-07,-1.000000014901161194e-01
2.849999919396495329e-07,-1.000000014901161194e-01
2.854999919255085672e-07,-1.000000014901161194e-01
2.859999919113676015e-07,0.000000000000000000e+00
2.864999918972266357e-07,-1.000000014901161194e-01
2.869999918830856700e-07,0.000000000000000000e+00
2.874999918689447043e-07,-1.000000014901161194e-01
2.879999918548037385e-07,-1.000000014901161194e-01
2.884999918406627728e-07,-1.000000014901161194e-01
2.889999918265218071e-07,0.000000000000000000e+00
2.894999918123808413e-07,-1.000000014901161194e-01
2.899999917982398756e-07,0.000000000000000000e+00
2.904999917840989099e-07,-1.000000014901161194e-01
2.909999917699579441e-07,0.000000000000000000e+00
2.914999917558169784e-07,-1.000000014901161194e-01
2.919999917416760127e-07,-1.000000014901161194e-01
2.924999917275350469e-07,-1.000000014901161194e-01
2.929999917133940812e-07,0.000000000000000000e+00
2.934999916992531155e-07,-1.000000014901161194e-01
2.939999916851121498e-07,0.000000000000000000e+00
2.944999916709711840e-07,-1.000000014901161194e-01
2.949999916568302183e-07,-1.000000014901161194e-01
2.954999916426892526e-07,-1.000000014901161194e-01
2.959999916285482868e-07,-1.000000014901161194e-01
2.964999916144073211e-07,0.000000000000000000e+00
2.969999916002663554e-07,-1.000000014901161194e-01
2.974999915861253896e-07,-1.000000014901161194e-01
2.979999915719844239e-07,0.000000000000000000e+00
2.984999915578434582e-07,-1.000000014901161194e-01
2.989999915437024924e-07,0.000000000000000000e+00
2.994999915295615267e-07,-1.000000014901161194e-01
2.999999915154205610e-07,0.000000000000000000e+00
3.004999915012795952e-07,-1.000000014901161194e-01
3.009999914871386295e-07,0.000000000000000000e+00
3.014999914729976638e-07,-1.000000014901161194e-01
3.019999914588566980e-07,0.000000000000000000e+00
3.024999914447157323e-07,-1.000000014901161194e-01
3.029999914305747666e-07,-1.000000014901161194e-01
3.034999914164338009e-07,-1.000000014901161194e-01
3.039999914022928351e-07,0.000000000000000000e+00
3.044999913881518694e-07,-1.000000014901161194e-01
3.049999913740109037e-07,-1.000000014901161194e-01
3.054999913598699379e-07,-1.000000014901161194e-01
3.059999913457289722e-07,-1.000000014901161194e-01
3.064999913315880065e-07,-1.000000014901161194e-01
3.069999913174470407e-07,0.000000000000000000e+00
3.074999913033060750e-07,-1.000000014901161194e-01
3.079999912891651093e-07,0.000000000000000000e+00
3.084999912750241435e-07,-1.000000014901161194e-01
3.089999912608831778e-07,-1.000000014901161194e-01
3.094999912467422121e-07,-1.000000014901161194e-01
3.099999912326012463e-07,0.000000000000000000e+00
3.104999912184602806e-07,-1.000000014901161194e-01
3.109999912043193149e-07,0.000000000000000000e+00
3.114999911901783491e-07,-1.000000014901161194e-01
3.119999911760373834e-07,0.000000000000000000e+00
3.124999911618964177e-07,-1.000000014901161194e-01
3.129999911477554519e-07,0.000000000000000000e+00
3.134999911336144862e-07,-1.000000014901161194e-01
3.139999911194735205e-07,-1.000000014901161194e-01
3.144999911053325548e-07,-1.000000014901161194e-01
3.149999910911915890e-07,0.000000000000000000e+00
3.154999910770506233e-07,-1.000000014901161194e-01
3.159999910629096576e-07,0.000000000000000000e+00
3.164999910487686918e-07,-1.000000014901161194e-01
3.169999910346277261e-07,-1.000000014901161194e-01
3.174999910204867604e-07,-1.000000014901161194e-01
3.179999910063457946e-07,0.000000000000000000e+00
3.184999909922048289e-07,-1.000000014901161194e-01
3.189999909780638632e-07,0.000000000000000000e+00
3.194999909639228974e-07,-1.000000014901161194e-01
3.199999909497819317e-07,0.000000000000000000e+00
3.204999909356409660e-07,-1.000000014901161194e-01
3.209999909215000002e-07,0.000000000000000000e+00
3.214999909073590345e-07,-1.000000014901161194e-01
3.219999908932180688e-07,0.000000000000000000e+00
3.224999908790771030e-07,-1.000000014901161194e-01
3.229999908649361373e-07,0.000000000000000000e+00
3.234999908507951716e-07,-1.000000014901161194e-01
3.239999908366542059e-07,0.000000000000000000e+00
3.244999908225132401e-07,-1.000000014901161194e-01
3.249999908083722744e-07,0.000000000000000000e+00
3.254999907942313087e-07,0.000000000000000000e+00
3.259999907800903429e-07,0.000000000000000000e+00
3.264999907659493772e-07,-1.000000014901161194e-01
3.269999907518084115e-07,0.000000000000000000e+00
3.274999907376674457e-07,-1.000000014901161194e-01
3.279999907235264800e-07,-1.000000014901161194e-01
3.284999907093855143e-07,-1.000000014901161194e-01
3.289999906952445485e-07,-1.000000014901161194e-01
3.294999906811035828e-07,-1.000000014901161194e-01
3.299999906669626171e-07,0.000000000000000000e+00
3.304999906528216513e-07,-1.000000014901161194e-01
3.309999906386806856e-07,0.000000000000000000e+00
3.314999906245397199e-07,-1.000000014901161194e-01
3.319999906103987541e-07,0.000000000000000000e+00
3.324999905962577884e-07,-1.000000014901161194e-01
3.329999905821168227e-07,-1.000000014901161194e-01
3.334999905679758569e-07,-1.000000014901161194e-01
3.339999905538348912e-07,0.000000000000000000e+00
3.344999905396939255e-07,-1.000000014901161194e-01
3.349999905255529598e-07,0.000000000000000000e+00
3.354999905114119940e-07,-1.000000014901161194e-01
3.359999904972710283e-07,-1.000000014901161194e-01
3.364999904831300626e-07,-1.000000014901161194e-01
3.369999904689890968e-07,-1.000000014901161194e-01
3.374999904548481311e-07,-1.000000014901161194e-01
3.379999904407071654e-07,-1.000000014901161194e-01
3.384999904265661996e-07,-1.000000014901161194e-01
3.389999904124252339e-07,-1.000000014901161194e-01
3.394999903982842682e-07,-1.000000014901161194e-01
3.399999903841433024e-07,-1.000000014901161194e-01
3.404999903700023367e-07,-1.000000014901161194e-01
3.409999903558613710e-07,-1.000000014901161194e-01
3.414999903417204052e-07,-1.000000014901161194e-01
3.419999903275794395e-07,-1.000000014901161194e-01
3.424999903134384738e-07,-1.000000014901161194e-01
3.429999902992975080e-07,-1.000000014901161194e-01
3.434999902851565423e-07,-1.000000014901161194e-01
3.439999902710155766e-07,-1.000000014901161194e-01
3.444999902568746108e-07,-1.000000014901161194e-01
3.449999902427336451e-07,0.000000000000000000e+00
3.454999902285926794e-07,-1.000000014901161194e-01
3.459999902144517137e-07,0.000000000000000000e+00
3.464999902003107479e-07,-1.000000014901161194e-01
3.469999901861697822e-07,0.000000000000000000e+00
3.474999901720288165e-07,-1.000000014901161194e-01
3.479999901578878507e-07,-1.000000014901161194e-01
3.484999901437468850e-07,-1.000000014901161194e-01
3.489999901296059193e-07,0.000000000000000000e+00
3.494999901154649535e-07,-1.000000014901161194e-01
3.499999901013239878e-07,0.000000000000000000e+00
3.504999900871830221e-07,-1.000000014901161194e-01
3.509999900730420563e-07,-1.000000014901161194e-01
3.514999900589010906e-07,-1.000000014901161194e-01
3.519999900447601249e-07,0.000000000000000000e+00
3.524999900306191591e-07,-1.000000014901161194e-01
3.529999900164781934e-07,0.000000000000000000e+00
3.534999900023372277e-07,-1.000000014901161194e-01
3.539999899881962619e-07,0.000000000000000000e+00
3.544999899740552962e-07,-1.000000014901161194e-01
3.549999899599143305e-07,-1.000000014901161194e-01
3.554999899457733648e-07,-1.000000014901161194e-01
3.559999899316323990e-07,0.000000000000000000e+00
3.564999899174914333e-07,-1.000000014901161194e-01
3.569999899033504676e-07,-1.000000014901161194e-01
3.574999898892095018e-07,-1.000000014901161194e-01
3.579999898750685361e-07,-1.000000014901161194e-01
3.584999898609275704e-07,-1.000000014901161194e-01
3.589999898467866046e-07,-1.000000014901161194e-01
3.594999898326456389e-07,-1.000000014901161194e-01
3.599999898185046732e-07,-1.000000014901161194e-01
3.604999898043637074e-07,-1.000000014901161194e-01
3.609999897902227417e-07,-1.000000014901161194e-01
3.614999897760817760e-07,-1.000000014901161194e-01
3.619999897619408102e-07,-1.000000014901161194e-01
3.624999897477998445e-07,-1.000000014901161194e-01
3.629999897336588788e-07,0.000000000000000000e+00
3.634999897195179130e-07,-1.000000014901161194e-01
3.639999897053769473e-07,-1.000000014901161194e-01
3.644999896912359816e-07,-1.000000014901161194e-01
3.649999896770950158e-07,-1.000000014901161194e-01
3.654999896629540501e-07,-1.000000014901161194e-01
3.659999896488130844e-07,0.000000000000000000e+00
3.664999896346721187e-07,0.000000000000000000e+00
3.669999896205311529e-07,0.000000000000000000e+00
3.674999896063901872e-07,-1.000000014901161194e-01
3.679999895922492215e-07,0.000000000000000000e+00
3.684999895781082557e-07,-1.000000014901161194e-01
3.689999895639672900e-07,0.000000000000000000e+00
3.694999895498263243e-07,-1.000000014901161194e-01
3.699999895356853585e-07,0.000000000000000000e+00
3.704999895215443928e-07,-1.000000014901161194e-01
3.709999895074034271e-07,0.000000000000000000e+00
3.714999894932624613e-07,-1.000000014901161194e-01
3.719999894791214956e-07,0.000000000000000000e+00
3.724999894649805299e-07,-1.000000014901161194e-01
3.729999894508395641e-07,0.000000000000000000e+00
3.734999894366985984e-07,0.000000000000000000e+00
3.739999894225576327e-07,0.000000000000000000e+00
3.744999894084166669e-07,-1.000000014901161194e-01
3.749999893942757012e-07,-1.000000014901161194e-01
3.754999893801347355e-07,-1.000000014901161194e-01
3.759999893659937698e-07,0.000000000000000000e+00
3.764999893518528040e-07,-1.000000014901161194e-01
3.769999893377118383e-07,0.000000000000000000e+00
3.774999893235708726e-07,-1.000000014901161194e-01
3.779999893094299068e-07,0.000000000000000000e+00
3.784999892952889411e-07,-1.000000014901161194e-01
3.789999892811479754e-07,-1.000000014901161194e-01
3.794999892670070096e-07,-1.000000014901161194e-01
3.799999892528660439e-07,-1.000000014901161194e-01
3.804999892387250782e-07,-1.000000014901161194e-01
3.809999892245841124e-07,0.000000000000000000e+00
3.814999892104431467e-07,-1.000000014901161194e-01
3.819999891963021810e-07,0.000000000000000000e+00
3.824999891821612152e-07,-1.000000014901161194e-01
3.829999891680202495e-07,0.000000000000000000e+00
3.834999891538792838e-07,-1.000000014901161194e-01
3.839999891397383180e-07,0.000000000000000000e+00
3.844999891255973523e-07,-1.000000014901161194e-01
3.849999891114563866e-07,-1.000000014901161194e-01
3.854999890973154208e-07,-1.000000014901161194e-01
3.859999890831744551e-07,-1.000000014901161194e-01
3.864999890690334894e-07,-1.000000014901161194e-01
3.869999890548925237e-07,-1.000000014901161194e-01
3.874999890407515579e-07,-1.000000014901161194e-01
3.879999890266105922e-07,-1.000000014901161194e-01
3.884999890124696265e-07,-1.000000014901161194e-01
3.889999889983286607e-07,-1.000000014901161194e-01
3.894999889841876950e-07,-1.000000014901161194e-01
3.899999889700467293e-07,-1.000000014901161194e-01
3.904999889559057635e-07,-1.000000014901161194e-01
3.909999889417647978e-07,-1.000000014901161194e-01
3.914999889276238321e-07,-1.000000014901161194e-01
3.919999889134828663e-07,0.000000000000000000e+00
3.924999888993419006e-07,-1.000000014901161194e-01
3.929999888852009349e-07,-1.000000014901161194e-01
3.934999888710599691e-07,-1.000000014901161194e-01
3.939999888569190034e-07,-1.000000014901161194e-01
3.944999888427780377e-07,-1.000000014901161194e-01
3.949999888286370719e-07,-1.000000014901161194e-01
3.954999888144961062e-07,-1.000000014901161194e-01
3.959999888003551405e-07,-1.000000014901161194e-01
3.964999887862141748e-07,-1.000000014901161194e-01
3.969999887720732090e-07,0.000000000000000000e+00
3.974999887579322433e-07,-1.000000014901161194e-01
3.979999887437912776e-07,-1.000000014901161194e-01
3.984999887296503118e-07,-1.000000014901161194e-01
3.989999887155093461e-07,-1.000000014901161194e-01
3.994999887013683804e-07,-1.000000014901161194e-01
3.999999886872274146e-07,0.000000000000000000e+00
4.004999886730864489e-07,0.000000000000000000e+00
4.009999886589454832e-07,0.000000000000000000e+00
4.014999886448045174e-07,-1.000000014901161194e-01
4.019999886306635517e-07,-1.000000014901161194e-01
4.024999886165225860e-07,-1.000000014901161194e-01
4.029999886023816202e-07,0.000000000000000000e+00
4.034999885882406545e-07,-1.000000014901161194e-01
4.039999885740996888e-07,0.000000000000000000e+00
4.044999885599587230e-07,-1.000000014901161194e-01
4.049999885458177573e-07,-1.000000014901161194e-01
4.054999885316767916e-07,-1.000000014901161194e-01
4.059999885175358258e-07,-1.000000014901161194e-01
4.064999885033948601e-07,-1.000000014901161194e-01
4.069999884892538944e-07,0.000000000000000000e+00
4.074999884751129287e-07,-1.000000014901161194e-01
4.079999884609719629e-07,0.000000000000000000e+00
4.084999884468309972e-07,-1.000000014901161194e-01
4.089999884326900315e-07,0.000000000000000000e+00
4.094999884185490657e-07,-1.000000014901161194e-01
4.099999884044081000e-07,0.000000000000000000e+00
4.104999883902671343e-07,0.000000000000000000e+00
4.109999883761261685e-07,0.000000000000000000e+00
4.114999883619852028e-07,0.000000000000000000e+00
4.119999883478442371e-07,0.000000000000000000e+00
4.124999883337032713e-07,-1.000000014901161194e-01
4.129999883195623056e-07,0.000000000000000000e+00
4.134999883054213399e-07,-1.000000014901161194e-01
4.139999882912803741e-07,-1.000000014901161194e-01
4.144999882771394084e-07,-1.000000014901161194e-01
4.149999882629984427e-07,-1.000000014901161194e-01
4.154999882488574769e-07,-1.000000014901161194e-01
4.159999882347165112e-07,-1.000000014901161194e-01
4.164999882205755455e-07,-1.000000014901161194e-01
4.169999882064345798e-07,0.000000000000000000e+00
4.174999881922936140e-07,-1.000000014901161194e-01
4.179999881781526483e-07,0.000000000000000000e+00
4.184999881640116826e-07,0.000000000000000000e+00
4.189999881498707168e-07,0.000000000000000000e+00
4.194999881357297511e-07,-1.000000014901161194e-01
4.199999881215887854e-07,-1.000000014901161194e-01
4.204999881074478196e-07,-1.000000014901161194e-01
4.209999880933068539e-07,0.000000000000000000e+00
4.214999880791658882e-07,-1.000000014901161194e-01
4.219999880650249224e-07,-1.000000014901161194e-01
4.224999880508839567e-07,-1.000000014901161194e-01
4.229999880367429910e-07,-1.000000014901161194e-01
4.234999880226020252e-07,-1.000000014901161194e-01
4.239999880084610595e-07,0.000000000000000000e+00
4.244999879943200938e-07,-1.000000014901161194e-01
4.249999879801791280e-07,-1.000000014901161194e-01
4.254999879660381623e-07,-1.000000014901161194e-01
4.259999879518971966e-07,-1.000000014901161194e-01
4.264999879377562308e-07,-1.000000014901161194e-01
4.269999879236152651e-07,-1.000000014901161194e-01
4.274999879094742994e-07,-1.000000014901161194e-01
4.279999878953333337e-07,-1.000000014901161194e-01
4.284999878811923679e-07,-1.000000014901161194e-01
4.289999878670514022e-07,0.000000000000000000e+00
4.294999878529104365e-07,-1.000000014901161194e-01
4.299999878387694707e-07,0.000000000000000000e+00
4.304999878246285050e-07,-1.000000014901161194e-01
4.309999878104875393e-07,0.000000000000000000e+00
4.314999877963465735e-07,-1.000000014901161194e-01
4.319999877822056078e-07,0.000000000000000000e+00
4.324999877680646421e-07,-1.000000014901161194e-01
4.329999877539236763e-07,-1.000000014901161194e-01
4.334999877397827106e-07,-1.000000014901161194e-01
4.339999877256417449e-07,-1.000000014901161194e-01
4.344999877115007791e-07,-1.000000014901161194e-01
4.349999876973598134e-07,-1.000000014901161194e-01
4.354999876832188477e-07,-1.000000014901161194e-01
4.359999876690778819e-07,0.000000000000000000e+00
4.364999876549369162e-07,-1.000000014901161194e-01
4.369999876407959505e-07,-1.000000014901161194e-01
4.374999876266549848e-07,-1.000000014901161194e-01
4.379999876125140190e-07,0.000000000000000000e+00
4.384999875983730533e-07,-1.000000014901161194e-01
4.389999875842320876e-07,0.000000000000000000e+00
4.394999875700911218e-07,0.000000000000000000e+00
4.399999875559501561e-07,0.000000000000000000e+00
4.404999875418091904e-07,-1.000000014901161194e-01
4.409999875276682246e-07,0.000000000000000000e+00
4.414999875135272589e-07,-1.000000014901161194e-01
4.419999874993862932e-07,0.000000000000000000e+00
4.424999874852453274e-07,0.000000000000000000e+00
4.429999874711043617e-07,0.000000000000000000e+00
4.434999874569633960e-07,-1.000000014901161194e-01
4.439999874428224302e-07,-1.000000014901161194e-01
4.444999874286814645e-07,-1.000000014901161194e-01
4.449999874145404988e-07,0.000000000000000000e+00
4.454999874003995330e-07,-1.000000014901161194e-01
4.459999873862585673e-07,-1.000000014901161194e-01
4.464999873721176016e-07,-1.000000014901161194e-01
4.469999873579766358e-07,0.000000000000000000e+00
4.474999873438356701e-07,-1.000000014901161194e-01
4.479999873296947044e-07,-1.000000014901161194e-01
4.484999873155537387e-07,-1.000000014901161194e-01
4.489999873014127729e-07,-1.000000014901161194e-01
4.494999872872718072e-07,-1.000000014901161194e-01
4.499999872731308415e-07,-1.000000014901161194e-01
4.504999872589898757e-07,-1.000000014901161194e-01
4.509999872448489100e-07,-1.000000014901161194e-01
4.514999872307079443e-07,-1.000000014901161194e-01
4.519999872165669785e-07,-1.000000014901161194e-01
4.524999872024260128e-07,-1.000000014901161194e-01
4.529999871882850471e-07,0.000000000000000000e+00
4.534999871741440813e-07,-1.000000014901161194e-01
4.539999871600031156e-07,-1.000000014901161194e-01
4.544999871458621499e-07,-1.000000014901161194e-01
4.549999871317211841e-07,0.000000000000000000e+00
4.554999871175802184e-07,-1.000000014901161194e-01
4.559999871034392527e-07,-1.000000014901161194e-01
4.564999870892982869e-07,-1.000000014901161194e-01
4.569999870751573212e-07,-1.000000014901161194e-01
4.574999870610163555e-07,-1.000000014901161194e-01
4.579999870468753898e-07,-1.000000014901161194e-01
4.584999870327344240e-07,-1.000000014901161194e-01
4.589999870185934583e-07,-1.000000014901161194e-01
4.594999870044524926e-07,-1.000000014901161194e-01
4.599999869903115268e-07,0.000000000000000000e+00
4.604999869761705611e-07,0.000000000000000000e+00
4.609999869620295954e-07,-1.000000014901161194e-01
4.614999869478886296e-07,-1.000000014901161194e-01
4.619999869337476639e-07,0.000000000000000000e+00
4.624999869196066982e-07,0.000000000000000000e+00
4.629999869054657324e-07,0.000000000000000000e+00
4.634999868913247667e-07,0.000000000000000000e+00
4.639999868771838010e-07,0.000000000000000000e+00
4.644999868630428352e-07,-1.000000014901161194e-01
4.649999868489018695e-07,-1.000000014901161194e-01
4.654999868347609038e-07,-1.000000014901161194e-01
4.659999868206199380e-07,-1.000000014901161194e-01
4.664999868064789723e-07,0.000000000000000000e+00
4.669999867923380066e-07,-1.000000014901161194e-01
4.674999867781970408e-07,-1.000000014901161194e-01
4.679999867640560751e-07,-1.000000014901161194e-01
4.684999867499151094e-07,-1.000000014901161194e-01
4.689999867357741437e-07,-1.000000014901161194e-01
4.694999867216331779e-07,-1.000000014901161194e-01
4.699999867074922122e-07,0.000000000000000000e+00
4.704999866933512465e-07,-1.000000014901161194e-01
4.709999866792102807e-07,0.000000000000000000e+00
4.714999866650693150e-07,-1.000000014901161194e-01
4.719999866509283493e-07,0.000000000000000000e+00
4.724999866367873835e-07,0.000000000000000000e+00
4.729999866226464178e-07,-1.000000014901161194e-01
4.734999866085054521e-07,-1.000000014901161194e-01
4.739999865943644863e-07,-1.000000014901161194e-01
4.744999865802235206e-07,-1.000000014901161194e-01
4.749999865660825549e-07,0.000000000000000000e+00
4.754999865519415891e-07,-1.000000014901161194e-01
4.759999865378006234e-07,-1.000000014901161194e-01
4.764999865236596577e-07,0.000000000000000000e+00
4.769999865095186919e-07,-1.000000014901161194e-01
4.774999864953777262e-07,-1.000000014901161194e-01
4.779999864812367605e-07,-1.000000014901161194e-01
4.784999864670957948e-07,-1.000000014901161194e-01
4.789999864529548290e-07,-1.000000014901161194e-01
4.794999864388138633e-07,-1.000000014901161194e-01
4.799999864246728976e-07,0.000000000000000000e+00
4.804999864105319318e-07,-1.000000014901161194e-01
4.809999863963909661e-07,0.000000000000000000e+00
4.814999863822500004e-07,-1.000000014901161194e-01
4.819999863681090346e-07,0.000000000000000000e+00
4.824999863539680689e-07,-1.000000014901161194e-01
4.829999863398271032e-07,0.000000000000000000e+00
4.834999863256861374e-07,-1.000000014901161194e-01
4.839999863115451717e-07,0.000000000000000000e+00
4.844999862974042060e-07,0.000000000000000000e+00
4.849999862832632402e-07,-1.000000014901161194e-01
4.854999862691222745e-07,-1.000000014901161194e-01
4.859999862549813088e-07,-1.000000014901161194e-01
4.864999862408403430e-07,-1.000000014901161194e-01
4.869999862266993773e-07,-1.000000014901161194e-01
4.874999862125584116e-07,-1.000000014901161194e-01
4.879999861984174458e-07,-1.000000014901161194e-01
4.884999861842764801e-07,-1.000000014901161194e-01
4.889999861701355144e-07,0.000000000000000000e+00
4.894999861559945487e-07,-1.000000014901161194e-01
4.899999861418535829e-07,-1.000000014901161194e-01
4.904999861277126172e-07,-1.000000014901161194e-01
4.909999861135716515e-07,0.000000000000000000e+00
4.914999860994306857e-07,-1.000000014901161194e-01
4.919999860852897200e-07,0.000000000000000000e+00
4.924999860711487543e-07,-1.000000014901161194e-01
4.929999860570077885e-07,0.000000000000000000e+00
4.934999860428668228e-07,-1.000000014901161194e-01
4.939999860287258571e-07,-1.000000014901161194e-01
4.944999860145848913e-07,-1.000000014901161194e-01
4.949999860004439256e-07,0.000000000000000000e+00
4.954999859863029599e-07,-1.000000014901161194e-01
4.959999859721619941e-07,0.000000000000000000e+00
4.964999859580210284e-07,-1.000000014901161194e-01
4.969999859438800627e-07,-1.000000014901161194e-01
4.974999859297390969e-07,-1.000000014901161194e-01
4.979999859155981312e-07,0.000000000000000000e+00
4.984999859014571655e-07,-1.000000014901161194e-01
4.989999858873161998e-07,0.000000000000000000e+00
4.994999858731752340e-07,-1.000000014901161194e-01
4.999999858590342683e-07,-1.000000014901161194e-01
5.004999858448933026e-07,-1.000000014901161194e-01
5.009999858307523368e-07,0.000000000000000000e+00
5.014999858166113711e-07,-1.000000014901161194e-01
5.019999858024704054e-07,-1.000000014901161194e-01
5.024999857883294396e-07,-1.000000014901161194e-01
5.029999857741884739e-07,0.000000000000000000e+00
5.034999857600475082e-07,-1.000000014901161194e-01
5.039999857459065424e-07,0.000000000000000000e+00
5.044999857317655767e-07,-1.000000014901161194e-01
5.049999857176246110e-07,0.000000000000000000e+00
5.054999857034836452e-07,-1.000000014901161194e-01
5.059999856893426795e-07,0.000000000000000000e+00
5.064999856752017138e-07,-1.000000014901161194e-01
5.069999856610607480e-07,0.000000000000000000e+00
5.074999856469197823e-07,0.000000000000000000e+00
5.079999856327788166e-07,-1.000000014901161194e-01
5.084999856186378508e-07,-1.000000014901161194e-01
5.089999856044968851e-07,-1.000000014901161194e-01
5.094999855903559194e-07,-1.000000014901161194e-01
5.099999855762149537e-07,-1.000000014901161194e-01
5.104999855620739879e-07,-1.000000014901161194e-01
5.109999855479330222e-07,-1.000000014901161194e-01
5.114999855337920565e-07,-1.000000014901161194e-01
5.119999855196510907e-07,-1.000000014901161194e-01
5.124999855055101250e-07,-1.000000014901161194e-01
5.129999854913691593e-07,-1.000000014901161194e-01
5.134999854772281935e-07,-1.000000014901161194e-01
5.139999854630872278e-07,-1.000000014901161194e-01
5.144999854489462621e-07,-1.000000014901161194e-01
5.149999854348052963e-07,0.000000000000000000e+00
5.154999854206643306e-07,-1.000000014901161194e-01
5.159999854065233649e-07,-1.000000014901161194e-01
5.164999853923823991e-07,-1.000000014901161194e-01
5.169999853782414334e-07,-1.000000014901161194e-01
5.174999853641004677e-07,0.000000000000000000e+00
5.179999853499595019e-07,0.000000000000000000e+00
5.184999853358185362e-07,0.000000000000000000e+00
5.189999853216775705e-07,0.000000000000000000e+00
5.194999853075366048e-07,-1.000000014901161194e-01
5.199999852933956390e-07,0.000000000000000000e+00
5.204999852792546733e-07,-1.000000014901161194e-01
5.209999852651137076e-07,-1.000000014901161194e-01
5.214999852509727418e-07,-1.000000014901161194e-01
5.219999852368317761e-07,-1.000000014901161194e-01
5.224999852226908104e-07,-1.000000014901161194e-01
5.229999852085498446e-07,-1.000000014901161194e-01
5.234999851944088789e-07,-1.000000014901161194e-01
5.239999851802679132e-07,-1.000000014901161194e-01
5.244999851661269474e-07,-1.000000014901161194e-01
5.249999851519859817e-07,-1.000000014901161194e-01
5.254999851378450160e-07,-1.000000014901161194e-01
5.259999851237040502e-07,0.000000000000000000e+00
5.264999851095630845e-07,-1.000000014901161194e-01
5.269999850954221188e-07,0.000000000000000000e+00
5.274999850812811530e-07,-1.000000014901161194e-01
5.279999850671401873e-07,-1.000000014901161194e-01
5.284999850529992216e-07,-1.000000014901161194e-01
5.289999850388582558e-07,0.000000000000000000e+00
5.294999850247172901e-07,-1.000000014901161194e-01
5.299999850105763244e-07,-1.000000014901161194e-01
5.304999849964353587e-07,-1.000000014901161194e-01
5.309999849822943929e-07,-1.000000014901161194e-01
5.314999849681534272e-07,-1.000000014901161194e-01
5.319999849540124615e-07,-1.000000014901161194e-01
5.324999849398714957e-07,-1.000000014901161194e-01
5.329999849257305300e-07,0.000000000000000000e+00
5.334999849115895643e-07,-1.000000014901161194e-01
5.339999848974485985e-07,0.000000000000000000e+00
5.344999848833076328e-07,-1.000000014901161194e-01
5.349999848691666671e-07,0.000000000000000000e+00
5.354999848550257013e-07,-1.000000014901161194e-01
5.359999848408847356e-07,0.000000000000000000e+00
5.364999848267437699e-07,-1.000000014901161194e-01
5.369999848126028041e-07,0.000000000000000000e+00
5.374999847984618384e-07,-1.000000014901161194e-01
5.379999847843208727e-07,-1.000000014901161194e-01
5.384999847701799069e-07,-1.000000014901161194e-01
5.389999847560389412e-07,0.000000000000000000e+00
5.394999847418979755e-07,-1.000000014901161194e-01
5.399999847277570098e-07,0.000000000000000000e+00
5.404999847136160440e-07,-1.000000014901161194e-01
5.409999846994750783e-07,-1.000000014901161194e-01
5.414999846853341126e-07,-1.000000014901161194e-01
5.419999846711931468e-07,-1.000000014901161194e-01
5.424999846570521811e-07,-1.000000014901161194e-01
5.429999846429112154e-07,0.000000000000000000e+00
5.434999846287702496e-07,-1.000000014901161194e-01
5.439999846146292839e-07,-1.000000014901161194e-01
5.444999846004883182e-07,-1.000000014901161194e-01
5.449999845863473524e-07,-1.000000014901161194e-01
5.454999845722063867e-07,-1.000000014901161194e-01
5.459999845580654210e-07,-1.000000014901161194e-01
5.464999845439244552e-07,-1.000000014901161194e-01
5.469999845297834895e-07,0.000000000000000000e+00
5.474999845156425238e-07,-1.000000014901161194e-01
5.479999845015015580e-07,-1.000000014901161194e-01
5.484999844873605923e-07,-1.000000014901161194e-01
5.489999844732196266e-07,-1.000000014901161194e-01
5.494999844590786608e-07,-1.000000014901161194e-01
5.499999844449376951e-07,-1.000000014901161194e-01
5.504999844307967294e-07,-1.000000014901161194e-01
5.509999844166557637e-07,0.000000000000000000e+00
5.514999844025147979e-07,-1.000000014901161194e-01
5.519999843883738322e-07,-1.000000014901161194e-01
5.524999843742328665e-07,-1.000000014901161194e-01
5.529999843600919007e-07,0.000000000000000000e+00
5.534999843459509350e-07,-1.000000014901161194e-01
5.539999843318099693e-07,0.000000000000000000e+00
5.544999843176690035e-07,-1.000000014901161194e-01
5.549999843035280378e-07,0.000000000000000000e+00
5.554999842893870721e-07,-1.000000014901161194e-01
5.559999842752461063e-07,-1.000000014901161194e-01
5.564999842611051406e-07,-1.000000014901161194e-01
5.569999842469641749e-07,0.000000000000000000e+00
5.574999842328232091e-07,-1.000000014901161194e-01
5.579999842186822434e-07,0.000000000000000000e+00
5.584999842045412777e-07,-1.000000014901161194e-01
5.589999841904003119e-07,-1.000000014901161194e-01
5.594999841762593462e-07,-1.000000014901161194e-01
5.599999841621183805e-07,-1.000000014901161194e-01
5.604999841479774148e-07,-1.000000014901161194e-01
5.609999841338364490e-07,-1.000000014901161194e-01
5.614999841196954833e-07,-1.000000014901161194e-01
5.619999841055545176e-07,0.000000000000000000e+00
5.624999840914135518e-07,-1.000000014901161194e-01
5.629999840772725861e-07,0.000000000000000000e+00
5.634999840631316204e-07,-1.000000014901161194e-01
5.639999840489906546e-07,-1.000000014901161194e-01
5.644999840348496889e-07,-1.000000014901161194e-01
5.649999840207087232e-07,0.000000000000000000e+00
5.654999840065677574e-07,-1.000000014901161194e-01
5.659999839924267917e-07,0.000000000000000000e+00
5.664999839782858260e-07,0.000000000000000000e+00
5.669999839641448602e-07,0.000000000000000000e+00
5.674999839500038945e-07,-1.000000014901161194e-01
5.679999839358629288e-07,-1.000000014901161194e-01
5.684999839217219630e-07,-1.000000014901161194e-01
5.689999839075809973e-07,0.000000000000000000e+00
5.694999838934400316e-07,-1.000000014901161194e-01
5.699999838792990658e-07,-1.000000014901161194e-01
5.704999838651581001e-07,-1.000000014901161194e-01
5.709999838510171344e-07,0.000000000000000000e+00
5.714999838368761687e-07,-1.000000014901161194e-01
5.719999838227352029e-07,-1.000000014901161194e-01
5.724999838085942372e-07,-1.000000014901161194e-01
5.729999837944532715e-07,-1.000000014901161194e-01
5.734999837803123057e-07,-1.000000014901161194e-01
5.739999837661713400e-07,-1.000000014901161194e-01
5.744999837520303743e-07,-1.000000014901161194e-01
5.749999837378894085e-07,0.000000000000000000e+00
5.754999837237484428e-07,-1.000000014901161194e-01
5.759999837096074771e-07,0.000000000000000000e+00
5.764999836954665113e-07,-1.000000014901161194e-01
5.769999836813255456e-07,-1.000000014901161194e-01
5.774999836671845799e-07,-1.000000014901161194e-01
5.779999836530436141e-07,-1.000000014901161194e-01
5.784999836389026484e-07,-1.000000014901161194e-01
5.789999836247616827e-07,0.000000000000000000e+00
5.794999836106207169e-07,0.000000000000000000e+00
5.799999835964797512e-07,0.000000000000000000e+00
5.804999835823387855e-07,-1.000000014901161194e-01
5.809999835681978197e-07,-1.000000014901161194e-01
5.814999835540568540e-07,-1.000000014901161194e-01
5.819999835399158883e-07,-1.000000014901161194e-01
5.824999835257749226e-07,-1.000000014901161194e-01
5.829999835116339568e-07,-1.000000014901161194e-01
5.834999834974929911e-07,-1.000000014901161194e-01
5.839999834833520254e-07,-1.000000014901161194e-01
5.844999834692110596e-07,-1.000000014901161194e-01
5.849999834550700939e-07,-1.000000014901161194e-01
5.854999834409291282e-07,-1.000000014901161194e-01
5.859999834267881624e-07,-1.000000014901161194e-01
5.864999834126471967e-07,0.000000000000000000e+00
5.869999833985062310e-07,0.000000000000000000e+00
5.874999833843652652e-07,-1.000000014901161194e-01
5.879999833702242995e-07,-1.000000014901161194e-01
5.884999833560833338e-07,-1.000000014901161194e-01
5.889999833419423680e-07,-1.000000014901161194e-01
5.894999833278014023e-07,-1.000000014901161194e-01
5.899999833136604366e-07,0.000000000000000000e+00
5.904999832995194708e-07,0.000000000000000000e+00
5.909999832853785051e-07,0.000000000000000000e+00
5.914999832712375394e-07,-1.000000014901161194e-01
5.919999832570965737e-07,0.000000000000000000e+00
5.924999832429556079e-07,-1.000000014901161194e-01
5.929999832288146422e-07,0.000000000000000000e+00
5.934999832146736765e-07,-1.000000014901161194e-01
5.939999832005327107e-07,0.000000000000000000e+00
5.944999831863917450e-07,-1.000000014901161194e-01
5.949999831722507793e-07,0.000000000000000000e+00
5.954999831581098135e-07,-1.000000014901161194e-01
5.959999831439688478e-07,0.000000000000000000e+00
5.964999831298278821e-07,0.000000000000000000e+00
5.969999831156869163e-07,0.000000000000000000e+00
5.974999831015459506e-07,0.000000000000000000e+00
5.979999830874049849e-07,0.000000000000000000e+00
5.984999830732640191e-07,0.000000000000000000e+00
5.989999830591230534e-07,0.000000000000000000e+00
5.994999830449820877e-07,-1.000000014901161194e-01
5.999999830308411219e-07,0.000000000000000000e+00
6.004999830167001562e-07,-1.000000014901161194e-01
6.009999830025591905e-07,-1.000000014901161194e-01
6.014999829884182247e-07,-1.000000014901161194e-01
6.019999829742772590e-07,-1.000000014901161194e-01
6.024999829601362933e-07,-1.000000014901161194e-01
6.029999829459953276e-07,-1.000000014901161194e-01
6.034999829318543618e-07,-1.000000014901161194e-01
6.039999829177133961e-07,-1.000000014901161194e-01
6.044999829035724304e-07,-1.000000014901161194e-01
6.049999828894314646e-07,-1.000000014901161194e-01
6.054999828752904989e-07,-1.000000014901161194e-01
6.059999828611495332e-07,-1.000000014901161194e-01
6.064999828470085674e-07,-1.000000014901161194e-01
6.069999828328676017e-07,0.000000000000000000e+00
6.074999828187266360e-07,-1.000000014901161194e-01
6.079999828045856702e-07,-1.000000014901161194e-01
6.084999827904447045e-07,-1.000000014901161194e-01
6.089999827763037388e-07,0.000000000000000000e+00
6.094999827621627730e-07,-1.000000014901161194e-01
6.099999827480218073e-07,0.000000000000000000e+00
6.104999827338808416e-07,-1.000000014901161194e-01
6.109999827197398758e-07,-1.000000014901161194e-01
6.114999827055989101e-07,-1.000000014901161194e-01
6.119999826914579444e-07,-1.000000014901161194e-01
6.124999826773169787e-07,-1.000000014901161194e-01
6.129999826631760129e-07,-1.000000014901161194e-01
6.134999826490350472e-07,-1.000000014901161194e-01
6.139999826348940815e-07,0.000000000000000000e+00
6.144999826207531157e-07,0.000000000000000000e+00
6.149999826066121500e-07,-1.000000014901161194e-01
6.154999825924711843e-07,-1.000000014901161194e-01
6.159999825783302185e-07,-1.000000014901161194e-01
6.164999825641892528e-07,-1.000000014901161194e-01
6.169999825500482871e-07,-1.000000014901161194e-01
6.174999825359073213e-07,-1.000000014901161194e-01
6.179999825217663556e-07,-1.000000014901161194e-01
6.184999825076253899e-07,-1.000000014901161194e-01
6.189999824934844241e-07,0.000000000000000000e+00
6.194999824793434584e-07,-1.000000014901161194e-01
6.199999824652024927e-07,-1.000000014901161194e-01
6.204999824510615269e-07,-1.000000014901161194e-01
6.209999824369205612e-07,0.000000000000000000e+00
6.214999824227795955e-07,-1.000000014901161194e-01
6.219999824086386297e-07,-1.000000014901161194e-01
6.224999823944976640e-07,-1.000000014901161194e-01
6.229999823803566983e-07,0.000000000000000000e+00
6.234999823662157326e-07,-1.000000014901161194e-01
6.239999823520747668e-07,-1.000000014901161194e-01
6.244999823379338011e-07,-1.000000014901161194e-01
6.249999823237928354e-07,-1.000000014901161194e-01
6.254999823096518696e-07,-1.000000014901161194e-01
6.259999822955109039e-07,-1.000000014901161194e-01
6.264999822813699382e-07,-1.000000014901161194e-01
6.269999822672289724e-07,-1.000000014901161194e-01
6.274999822530880067e-07,-1.000000014901161194e-01
6.279999822389470410e-07,0.000000000000000000e+00
6.284999822248060752e-07,-1.000000014901161194e-01
6.289999822106651095e-07,-1.000000014901161194e-01
6.294999821965241438e-07,-1.000000014901161194e-01
6.299999821823831780e-07,-1.000000014901161194e-01
6.304999821682422123e-07,-1.000000014901161194e-01
6.309999821541012466e-07,-1.000000014901161194e-01
6.314999821399602808e-07,0.000000000000000000e+00
6.319999821258193151e-07,-1.000000014901161194e-01
6.324999821116783494e-07,-1.000000014901161194e-01
6.329999820975373837e-07,0.000000000000000000e+00
6.334999820833964179e-07,-1.000000014901161194e-01
6.339999820692554522e-07,-1.000000014901161194e-01
6.344999820551144865e-07,-1.000000014901161194e-01
6.349999820409735207e-07,-1.000000014901161194e-01
6.354999820268325550e-07,-1.000000014901161194e-01
6.359999820126915893e-07,0.000000000000000000e+00
6.364999819985506235e-07,-1.000000014901161194e-01
6.369999819844096578e-07,0.000000000000000000e+00
6.374999819702686921e-07,-1.000000014901161194e-01
6.379999819561277263e-07,-1.000000014901161194e-01
6.384999819419867606e-07,0.000000000000000000e+00
6.389999819278457949e-07,0.000000000000000000e+00
6.394999819137048291e-07,0.000000000000000000e+00
6.399999818995638634e-07,0.000000000000000000e+00
6.404999818854228977e-07,0.000000000000000000e+00
6.409999818712819319e-07,-1.000000014901161194e-01
6.414999818571409662e-07,-1.000000014901161194e-01
6.419999818430000005e-07,-1.000000014901161194e-01
6.424999818288590347e-07,-1.000000014901161194e-01
6.429999818147180690e-07,0.000000000000000000e+00
6.434999818005771033e-07,-1.000000014901161194e-01
6.439999817864361376e-07,-1.000000014901161194e-01
6.444999817722951718e-07,-1.000000014901161194e-01
6.449999817581542061e-07,-1.000000014901161194e-01
6.454999817440132404e-07,-1.000000014901161194e-01
6.459999817298722746e-07,-1.000000014901161194e-01
6.464999817157313089e-07,-1.000000014901161194e-01
6.469999817015903432e-07,-1.000000014901161194e-01
6.474999816874493774e-07,-1.000000014901161194e-01
6.479999816733084117e-07,0.000000000000000000e+00
6.484999816591674460e-07,-1.000000014901161194e-01
6.489999816450264802e-07,-1.000000014901161194e-01
6.494999816308855145e-07,-1.000000014901161194e-01
6.499999816167445488e-07,-1.000000014901161194e-01
6.504999816026035830e-07,-1.000000014901161194e-01
6.509999815884626173e-07,0.000000000000000000e+00
6.514999815743216516e-07,-1.000000014901161194e-01
6.519999815601806858e-07,0.000000000000000000e+00
6.524999815460397201e-07,-1.000000014901161194e-01
6.529999815318987544e-07,-1.000000014901161194e-01
6.534999815177577887e-07,-1.000000014901161194e-01
6.539999815036168229e-07,0.000000000000000000e+00
6.544999814894758572e-07,-1.000000014901161194e-01
6.549999814753348915e-07,0.000000000000000000e+00
6.554999814611939257e-07,0.000000000000000000e+00
6.559999814470529600e-07,0.000000000000000000e+00
6.564999814329119943e-07,-1.000000014901161194e-01
6.569999814187710285e-07,0.000000000000000000e+00
6.574999814046300628e-07,-1.000000014901161194e-01
6.579999813904890971e-07,0.000000000000000000e+00
6.584999813763481313e-07,-1.000000014901161194e-01
6.589999813622071656e-07,0.000000000000000000e+00
6.594999813480661999e-07,-1.000000014901161194e-01
6.599999813339252341e-07,0.000000000000000000e+00
6.604999813197842684e-07,-1.000000014901161194e-01
6.609999813056433027e-07,-1.000000014901161194e-01
6.614999812915023369e-07,-1.000000014901161194e-01
6.619999812773613712e-07,-1.000000014901161194e-01
6.624999812632204055e-07,-1.000000014901161194e-01
6.629999812490794397e-07,-1.000000014901161194e-01
6.634999812349384740e-07,-1.000000014901161194e-01
6.639999812207975083e-07,-1.000000014901161194e-01
6.644999812066565426e-07,-1.000000014901161194e-01
6.649999811925155768e-07,0.000000000000000000e+00
6.654999811783746111e-07,-1.000000014901161194e-01
6.659999811642336454e-07,0.000000000000000000e+00
6.664999811500926796e-07,-1.000000014901161194e-01
6.669999811359517139e-07,-1.000000014901161194e-01
6.674999811218107482e-07,-1.000000014901161194e-01
6.679999811076697824e-07,0.000000000000000000e+00
6.684999810935288167e-07,-1.000000014901161194e-01
6.689999810793878510e-07,0.000000000000000000e+00
6.694999810652468852e-07,-1.000000014901161194e-01
6.699999810511059195e-07,0.000000000000000000e+00
6.704999810369649538e-07,-1.000000014901161194e-01
6.709999810228239880e-07,0.000000000000000000e+00
6.714999810086830223e-07,-1.000000014901161194e-01
6.719999809945420566e-07,-1.000000014901161194e-01
6.724999809804010908e-07,-1.000000014901161194e-01
6.729999809662601251e-07,0.000000000000000000e+00
6.734999809521191594e-07,-1.000000014901161194e-01
6.739999809379781937e-07,0.000000000000000000e+00
6.744999809238372279e-07,-1.000000014901161194e-01
6.749999809096962622e-07,0.000000000000000000e+00
6.754999808955552965e-07,-1.000000014901161194e-01
6.759999808814143307e-07,0.000000000000000000e+00
6.764999808672733650e-07,-1.000000014901161194e-01
6.769999808531323993e-07,0.000000000000000000e+00
6.774999808389914335e-07,-1.000000014901161194e-01
6.779999808248504678e-07,-1.000000014901161194e-01
6.784999808107095021e-07,-1.000000014901161194e-01
6.789999807965685363e-07,0.000000000000000000e+00
6.794999807824275706e-07,-1.000000014901161194e-01
6.799999807682866049e-07,0.000000000000000000e+00
6.804999807541456391e-07,-1.000000014901161194e-01
6.809999807400046734e-07,-1.000000014901161194e-01
6.814999807258637077e-07,-1.000000014901161194e-01
6.819999807117227419e-07,0.000000000000000000e+00
6.824999806975817762e-07,-1.000000014901161194e-01
6.829999806834408105e-07,-1.000000014901161194e-01
6.834999806692998447e-07,-1.000000014901161194e-01
6.839999806551588790e-07,0.000000000000000000e+00
6.844999806410179133e-07,0.000000000000000000e+00
6.849999806268769476e-07,0.000000000000000000e+00
6.854999806127359818e-07,-1.000000014901161194e-01
6.859999805985950161e-07,0.000000000000000000e+00
6.864999805844540504e-07,-1.000000014901161194e-01
6.869999805703130846e-07,0.000000000000000000e+00
6.874999805561721189e-07,-1.000000014901161194e-01
6.879999805420311532e-07,0.000000000000000000e+00
6.884999805278901874e-07,-1.000000014901161194e-01
6.889999805137492217e-07,0.000000000000000000e+00
6.894999804996082560e-07,-1.000000014901161194e-01
6.899999804854672902e-07,-1.000000014901161194e-01
6.904999804713263245e-07,-1.000000014901161194e-01
6.909999804571853588e-07,-1.000000014901161194e-01
6.914999804430443930e-07,-1.000000014901161194e-01
6.919999804289034273e-07,0.000000000000000000e+00
6.924999804147624616e-07,-1.000000014901161194e-01
6.929999804006214958e-07,0.000000000000000000e+00
6.934999803864805301e-07,-1.000000014901161194e-01
6.939999803723395644e-07,0.000000000000000000e+00
6.944999803581985987e-07,-1.000000014901161194e-01
6.949999803440576329e-07,0.000000000000000000e+00
6.954999803299166672e-07,0.000000000000000000e+00
6.959999803157757015e-07,-1.000000014901161194e-01
6.964999803016347357e-07,0.000000000000000000e+00
6.969999802874937700e-07,0.000000000000000000e+00
6.974999802733528043e-07,-1.000000014901161194e-01
6.979999802592118385e-07,-1.000000014901161194e-01
6.984999802450708728e-07,-1.000000014901161194e-01
6.989999802309299071e-07,-1.000000014901161194e-01
6.994999802167889413e-07,-1.000000014901161194e-01
6.999999802026479756e-07,-1.000000014901161194e-01
7.004999801885070099e-07,-1.000000014901161194e-01
7.009999801743660441e-07,-1.000000014901161194e-01
7.014999801602250784e-07,-1.000000014901161194e-01
7.019999801460841127e-07,0.000000000000000000e+00
7.024999801319431469e-07,-1.000000014901161194e-01
7.029999801178021812e-07,0.000000000000000000e+00
7.034999801036612155e-07,-1.000000014901161194e-01
7.039999800895202497e-07,-1.000000014901161194e-01
7.044999800753792840e-07,-1.000000014901161194e-01
7.049999800612383183e-07,-1.000000014901161194e-01
7.054999800470973526e-07,-1.000000014901161194e-01
7.059999800329563868e-07,-1.000000014901161194e-01
7.064999800188154211e-07,-1.000000014901161194e-01
7.069999800046744554e-07,-1.000000014901161194e-01
7.074999799905334896e-07,-1.000000014901161194e-01
7.079999799763925239e-07,0.000000000000000000e+00
7.084999799622515582e-07,-1.000000014901161194e-01
7.089999799481105924e-07,0.000000000000000000e+00
7.094999799339696267e-07,-1.000000014901161194e-01
7.099999799198286610e-07,0.000000000000000000e+00
7.104999799056876952e-07,-1.000000014901161194e-01
7.109999798915467295e-07,0.000000000000000000e+00
7.114999798774057638e-07,-1.000000014901161194e-01
7.119999798632647980e-07,-1.000000014901161194e-01
7.124999798491238323e-07,-1.000000014901161194e-01
7.129999798349828666e-07,0.000000000000000000e+00
7.134999798208419008e-07,-1.000000014901161194e-01
7.139999798067009351e-07,0.000000000000000000e+00
7.144999797925599694e-07,-1.000000014901161194e-01
7.149999797784190037e-07,-1.000000014901161194e-01
7.154999797642780379e-07,-1.000000014901161194e-01
7.159999797501370722e-07,0.000000000000000000e+00
7.164999797359961065e-07,-1.000000014901161194e-01
7.169999797218551407e-07,-1.000000014901161194e-01
7.174999797077141750e-07,-1.000000014901161194e-01
7.179999796935732093e-07,-1.000000014901161194e-01
7.184999796794322435e-07,-1.000000014901161194e-01
7.189999796652912778e-07,-1.000000014901161194e-01
7.194999796511503121e-07,-1.000000014901161194e-01
7.199999796370093463e-07,-1.000000014901161194e-01
7.204999796228683806e-07,-1.000000014901161194e-01
7.209999796087274149e-07,-1.000000014901161194e-01
7.214999795945864491e-07,-1.000000014901161194e-01
7.219999795804454834e-07,-1.000000014901161194e-01
7.224999795663045177e-07,-1.000000014901161194e-01
7.229999795521635519e-07,-1.000000014901161194e-01
7.234999795380225862e-07,0.000000000000000000e+00
7.239999795238816205e-07,0.000000000000000000e+00
7.244999795097406547e-07,0.000000000000000000e+00
7.249999794955996890e-07,0.000000000000000000e+00
7.254999794814587233e-07,0.000000000000000000e+00
7.259999794673177576e-07,0.000000000000000000e+00
7.264999794531767918e-07,-1.000000014901161194e-01
7.269999794390358261e-07,0.000000000000000000e+00
7.274999794248948604e-07,-1.000000014901161194e-01
7.279999794107538946e-07,0.000000000000000000e+00
7.284999793966129289e-07,-1.000000014901161194e-01
7.289999793824719632e-07,-1.000000014901161194e-01
7.294999793683309974e-07,-1.000000014901161194e-01
7.299999793541900317e-07,-1.000000014901161194e-01
7.304999793400490660e-07,-1.000000014901161194e-01
7.309999793259081002e-07,0.000000000000000000e+00
7.314999793117671345e-07,-1.000000014901161194e-01
7.319999792976261688e-07,0.000000000000000000e+00
7.324999792834852030e-07,-1.000000014901161194e-01
7.329999792693442373e-07,-1.000000014901161194e-01
7.334999792552032716e-07,-1.000000014901161194e-01
7.339999792410623058e-07,0.000000000000000000e+00
7.344999792269213401e-07,-1.000000014901161194e-01
7.349999792127803744e-07,0.000000000000000000e+00
7.354999791986394087e-07,-1.000000014901161194e-01
7.359999791844984429e-07,-1.000000014901161194e-01
7.364999791703574772e-07,-1.000000014901161194e-01
7.369999791562165115e-07,-1.000000014901161194e-01
7.374999791420755457e-07,-1.000000014901161194e-01
7.379999791279345800e-07,-1.000000014901161194e-01
7.384999791137936143e-07,-1.000000014901161194e-01
7.389999790996526485e-07,0.000000000000000000e+00
7.394999790855116828e-07,-1.000000014901161194e-01
7.399999790713707171e-07,-1.000000014901161194e-01
7.404999790572297513e-07,-1.000000014901161194e-01
7.409999790430887856e-07,-1.000000014901161194e-01
7.414999790289478199e-07,-1.000000014901161194e-01
7.419999790148068541e-07,-1.000000014901161194e-01
7.424999790006658884e-07,-1.000000014901161194e-01
7.429999789865249227e-07,-1.000000014901161194e-01
7.434999789723839569e-07,-1.000000014901161194e-01
7.439999789582429912e-07,-1.000000014901161194e-01
7.444999789441020255e-07,-1.000000014901161194e-01
7.449999789299610597e-07,-1.000000014901161194e-01
7.454999789158200940e-07,-1.000000014901161194e-01
7.459999789016791283e-07,0.000000000000000000e+00
7.464999788875381626e-07,-1.000000014901161194e-01
7.469999788733971968e-07,0.000000000000000000e+00
7.474999788592562311e-07,-1.000000014901161194e-01
7.479999788451152654e-07,-1.000000014901161194e-01
7.484999788309742996e-07,-1.000000014901161194e-01
7.489999788168333339e-07,-1.000000014901161194e-01
7.494999788026923682e-07,-1.000000014901161194e-01
7.499999787885514024e-07,-1.000000014901161194e-01
7.504999787744104367e-07,-1.000000014901161194e-01
7.509999787602694710e-07,-1.000000014901161194e-01
7.514999787461285052e-07,-1.000000014901161194e-01
7.519999787319875395e-07,0.000000000000000000e+00
7.524999787178465738e-07,-1.000000014901161194e-01
7.529999787037056080e-07,-1.000000014901161194e-01
7.534999786895646423e-07,-1.000000014901161194e-01
7.539999786754236766e-07,-1.000000014901161194e-01
7.544999786612827108e-07,-1.000000014901161194e-01
7.549999786471417451e-07,-1.000000014901161194e-01
7.554999786330007794e-07,-1.000000014901161194e-01
7.559999786188598137e-07,-1.000000014901161194e-01
7.564999786047188479e-07,-1.000000014901161194e-01
7.569999785905778822e-07,-1.000000014901161194e-01
7.574999785764369165e-07,-1.000000014901161194e-01
7.579999785622959507e-07,0.000000000000000000e+00
7.584999785481549850e-07,0.000000000000000000e+00
7.589999785340140193e-07,0.000000000000000000e+00
7.594999785198730535e-07,-1.000000014901161194e-01
7.599999785057320878e-07,-1.000000014901161194e-01
7.604999784915911221e-07,-1.000000014901161194e-01
7.609999784774501563e-07,0.000000000000000000e+00
7.614999784633091906e-07,0.000000000000000000e+00
7.619999784491682249e-07,0.000000000000000000e+00
7.624999784350272591e-07,-1.000000014901161194e-01
7.629999784208862934e-07,-1.000000014901161194e-01
7.634999784067453277e-07,-1.000000014901161194e-01
7.639999783926043619e-07,0.000000000000000000e+00
7.644999783784633962e-07,-1.000000014901161194e-01
7.649999783643224305e-07,-1.000000014901161194e-01
7.654999783501814647e-07,-1.000000014901161194e-01
7.659999783360404990e-07,0.000000000000000000e+00
7.664999783218995333e-07,-1.000000014901161194e-01
7.669999783077585676e-07,-1.000000014901161194e-01
7.674999782936176018e-07,-1.000000014901161194e-01
7.679999782794766361e-07,0.000000000000000000e+00
7.684999782653356704e-07,-1.000000014901161194e-01
7.689999782511947046e-07,-1.000000014901161194e-01
7.694999782370537389e-07,-1.000000014901161194e-01
7.699999782229127732e-07,0.000000000000000000e+00
7.704999782087718074e-07,-1.000000014901161194e-01
7.709999781946308417e-07,0.000000000000000000e+00
7.714999781804898760e-07,-1.000000014901161194e-01
7.719999781663489102e-07,0.000000000000000000e+00
7.724999781522079445e-07,-1.000000014901161194e-01
7.729999781380669788e-07,-1.000000014901161194e-01
7.734999781239260130e-07,-1.000000014901161194e-01
7.739999781097850473e-07,-1.000000014901161194e-01
7.744999780956440816e-07,-1.000000014901161194e-01
7.749999780815031158e-07,-1.000000014901161194e-01
7.754999780673621501e-07,-1.000000014901161194e-01
7.759999780532211844e-07,-1.000000014901161194e-01
7.764999780390802187e-07,-1.000000014901161194e-01
7.769999780249392529e-07,-1.000000014901161194e-01
7.774999780107982872e-07,-1.000000014901161194e-01
7.779999779966573215e-07,0.000000000000000000e+00
7.784999779825163557e-07,-1.000000014901161194e-01
7.789999779683753900e-07,-1.000000014901161194e-01
7.794999779542344243e-07,-1.000000014901161194e-01
7.799999779400934585e-07,-1.000000014901161194e-01
7.804999779259524928e-07,-1.000000014901161194e-01
7.809999779118115271e-07,0.000000000000000000e+00
7.814999778976705613e-07,-1.000000014901161194e-01
7.819999778835295956e-07,0.000000000000000000e+00
7.824999778693886299e-07,-1.000000014901161194e-01
7.829999778552476641e-07,-1.000000014901161194e-01
7.834999778411066984e-07,-1.000000014901161194e-01
7.839999778269657327e-07,-1.000000014901161194e-01
7.844999778128247669e-07,-1.000000014901161194e-01
7.849999777986838012e-07,-1.000000014901161194e-01
7.854999777845428355e-07,-1.000000014901161194e-01
7.859999777704018697e-07,-1.000000014901161194e-01
7.864999777562609040e-07,-1.000000014901161194e-01
7.869999777421199383e-07,-1.000000014901161194e-01
7.874999777279789726e-07,-1.000000014901161194e-01
7.879999777138380068e-07,-1.000000014901161194e-01
7.884999776996970411e-07,-1.000000014901161194e-01
7.889999776855560754e-07,0.000000000000000000e+00
7.894999776714151096e-07,0.000000000000000000e+00
7.899999776572741439e-07,0.000000000000000000e+00
7.904999776431331782e-07,-1.000000014901161194e-01
7.909999776289922124e-07,0.000000000000000000e+00
7.914999776148512467e-07,-1.000000014901161194e-01
7.919999776007102810e-07,-1.000000014901161194e-01
7.924999775865693152e-07,-1.000000014901161194e-01
7.929999775724283495e-07,-1.000000014901161194e-01
7.934999775582873838e-07,-1.000000014901161194e-01
7.939999775441464180e-07,0.000000000000000000e+00
7.944999775300054523e-07,-1.000000014901161194e-01
7.949999775158644866e-07,-1.000000014901161194e-01
7.954999775017235208e-07,-1.000000014901161194e-01
7.959999774875825551e-07,-1.000000014901161194e-01
7.964999774734415894e-07,-1.000000014901161194e-01
7.969999774593006237e-07,-1.000000014901161194e-01
7.974999774451596579e-07,-1.000000014901161194e-01
7.979999774310186922e-07,-1.000000014901161194e-01
7.984999774168777265e-07,-1.000000014901161194e-01
7.989999774027367607e-07,0.000000000000000000e+00
7.994999773885957950e-07,-1.000000014901161194e-01
7.999999773744548293e-07,-1.000000014901161194e-01
8.004999773603138635e-07,0.000000000000000000e+00
8.009999773461728978e-07,0.000000000000000000e+00
8.014999773320319321e-07,-1.000000014901161194e-01
8.019999773178909663e-07,0.000000000000000000e+00
8.024999773037500006e-07,-1.000000014901161194e-01
8.029999772896090349e-07,0.000000000000000000e+00
8.034999772754680691e-07,-1.000000014901161194e-01
8.039999772613271034e-07,0.000000000000000000e+00
8.044999772471861377e-07,-1.000000014901161194e-01
8.049999772330451719e-07,0.000000000000000000e+00
8.054999772189042062e-07,-1.000000014901161194e-01
8.059999772047632405e-07,-1.000000014901161194e-01
8.064999771906222747e-07,-1.000000014901161194e-01
8.069999771764813090e-07,0.000000000000000000e+00
8.074999771623403433e-07,-1.000000014901161194e-01
8.079999771481993776e-07,0.000000000000000000e+00
8.084999771340584118e-07,-1.000000014901161194e-01
8.089999771199174461e-07,0.000000000000000000e+00
8.094999771057764804e-07,-1.000000014901161194e-01
8.099999770916355146e-07,0.000000000000000000e+00
8.104999770774945489e-07,-1.000000014901161194e-01
8.109999770633535832e-07,0.000000000000000000e+00
8.114999770492126174e-07,-1.000000014901161194e-01
8.119999770350716517e-07,-1.000000014901161194e-01
8.124999770209306860e-07,-1.000000014901161194e-01
8.129999770067897202e-07,0.000000000000000000e+00
8.134999769926487545e-07,-1.000000014901161194e-01
8.139999769785077888e-07,0.000000000000000000e+00
8.144999769643668230e-07,-1.000000014901161194e-01
8.149999769502258573e-07,-1.000000014901161194e-01
8.154999769360848916e-07,-1.000000014901161194e-01
8.159999769219439258e-07,-1.000000014901161194e-01
8.164999769078029601e-07,-1.000000014901161194e-01
8.169999768936619944e-07,-1.000000014901161194e-01
8.174999768795210286e-07,-1.000000014901161194e-01
8.179999768653800629e-07,0.000000000000000000e+00
8.184999768512390972e-07,-1.000000014901161194e-01
8.189999768370981315e-07,0.000000000000000000e+00
8.194999768229571657e-07,-1.000000014901161194e-01
8.199999768088162000e-07,0.000000000000000000e+00
8.204999767946752343e-07,-1.000000014901161194e-01
8.209999767805342685e-07,-1.000000014901161194e-01
8.214999767663933028e-07,-1.000000014901161194e-01
8.219999767522523371e-07,0.000000000000000000e+00
8.224999767381113713e-07,-1.000000014901161194e-01
8.229999767239704056e-07,0.000000000000000000e+00
8.234999767098294399e-07,-1.000000014901161194e-01
8.239999766956884741e-07,-1.000000014901161194e-01
8.244999766815475084e-07,-1.000000014901161194e-01
8.249999766674065427e-07,-1.000000014901161194e-01
8.254999766532655769e-07,-1.000000014901161194e-01
8.259999766391246112e-07,-1.000000014901161194e-01
8.264999766249836455e-07,-1.000000014901161194e-01
8.269999766108426797e-07,-1.000000014901161194e-01
8.274999765967017140e-07,-1.000000014901161194e-01
8.279999765825607483e-07,0.000000000000000000e+00
8.284999765684197826e-07,-1.000000014901161194e-01
8.289999765542788168e-07,-1.000000014901161194e-01
8.294999765401378511e-07,-1.000000014901161194e-01
8.299999765259968854e-07,-1.000000014901161194e-01
8.304999765118559196e-07,-1.000000014901161194e-01
8.309999764977149539e-07,-1.000000014901161194e-01
8.314999764835739882e-07,-1.000000014901161194e-01
8.319999764694330224e-07,-1.000000014901161194e-01
8.324999764552920567e-07,-1.000000014901161194e-01
8.329999764411510910e-07,-1.000000014901161194e-01
8.334999764270101252e-07,-1.000000014901161194e-01
8.339999764128691595e-07,0.000000000000000000e+00
8.344999763987281938e-07,-1.000000014901161194e-01
8.349999763845872280e-07,0.000000000000000000e+00
8.354999763704462623e-07,-1.000000014901161194e-01
8.359999763563052966e-07,-1.000000014901161194e-01
8.364999763421643308e-07,-1.000000014901161194e-01
8.369999763280233651e-07,0.000000000000000000e+00
8.374999763138823994e-07,-1.000000014901161194e-01
8.379999762997414336e-07,-1.000000014901161194e-01
8.384999762856004679e-07,-1.000000014901161194e-01
8.389999762714595022e-07,-1.000000014901161194e-01
8.394999762573185365e-07,-1.000000014901161194e-01
8.399999762431775707e-07,-1.000000014901161194e-01
8.404999762290366050e-07,-1.000000014901161194e-01
8.409999762148956393e-07,-1.000000014901161194e-01
8.414999762007546735e-07,-1.000000014901161194e-01
8.419999761866137078e-07,0.000000000000000000e+00
8.424999761724727421e-07,-1.000000014901161194e-01
8.429999761583317763e-07,-1.000000014901161194e-01
8.434999761441908106e-07,-1.000000014901161194e-01
8.439999761300498449e-07,0.000000000000000000e+00
8.444999761159088791e-07,-1.000000014901161194e-01
8.449999761017679134e-07,-1.000000014901161194e-01
8.454999760876269477e-07,-1.000000014901161194e-01
8.459999760734859819e-07,-1.000000014901161194e-01
8.464999760593450162e-07,-1.000000014901161194e-01
8.469999760452040505e-07,-1.000000014901161194e-01
8.474999760310630847e-07,-1.000000014901161194e-01
8.479999760169221190e-07,-1.000000014901161194e-01
8.484999760027811533e-07,-1.000000014901161194e-01
8.489999759886401876e-07,-1.000000014901161194e-01
8.494999759744992218e-07,-1.000000014901161194e-01
8.499999759603582561e-07,0.000000000000000000e+00
8.504999759462172904e-07,-1.000000014901161194e-01
8.509999759320763246e-07,0.000000000000000000e+00
8.514999759179353589e-07,-1.000000014901161194e-01
8.519999759037943932e-07,0.000000000000000000e+00
8.524999758896534274e-07,-1.000000014901161194e-01
8.529999758755124617e-07,0.000000000000000000e+00
8.534999758613714960e-07,-1.000000014901161194e-01
8.539999758472305302e-07,-1.000000014901161194e-01
8.544999758330895645e-07,-1.000000014901161194e-01
8.549999758189485988e-07,-1.000000014901161194e-01
8.554999758048076330e-07,-1.000000014901161194e-01
8.559999757906666673e-07,0.000000000000000000e+00
8.564999757765257016e-07,-1.000000014901161194e-01
8.569999757623847358e-07,0.000000000000000000e+00
8.574999757482437701e-07,-1.000000014901161194e-01
8.579999757341028044e-07,-1.000000014901161194e-01
8.584999757199618386e-07,-1.000000014901161194e-01
8.589999757058208729e-07,0.000000000000000000e+00
8.594999756916799072e-07,-1.000000014901161194e-01
8.599999756775389415e-07,0.000000000000000000e+00
8.604999756633979757e-07,-1.000000014901161194e-01
8.609999756492570100e-07,-1.000000014901161194e-01
8.614999756351160443e-07,-1.000000014901161194e-01
8.619999756209750785e-07,-1.000000014901161194e-01
8.624999756068341128e-07,-1.000000014901161194e-01
8.629999755926931471e-07,-1.000000014901161194e-01
8.634999755785521813e-07,-1.000000014901161194e-01
8.639999755644112156e-07,-1.000000014901161194e-01
8.644999755502702499e-07,-1.000000014901161194e-01
8.649999755361292841e-07,-1.000000014901161194e-01
8.654999755219883184e-07,-1.000000014901161194e-01
8.659999755078473527e-07,0.000000000000000000e+00
8.664999754937063869e-07,-1.000000014901161194e-01
8.669999754795654212e-07,-1.000000014901161194e-01
8.674999754654244555e-07,-1.000000014901161194e-01
8.679999754512834897e-07,-1.000000014901161194e-01
8.684999754371425240e-07,-1.000000014901161194e-01
8.689999754230015583e-07,0.000000000000000000e+00
8.694999754088605926e-07,-1.000000014901161194e-01
8.699999753947196268e-07,-1.000000014901161194e-01
8.704999753805786611e-07,-1.000000014901161194e-01
8.709999753664376954e-07,-1.000000014901161194e-01
8.714999753522967296e-07,-1.000000014901161194e-01
8.719999753381557639e-07,-1.000000014901161194e-01
8.724999753240147982e-07,-1.000000014901161194e-01
8.729999753098738324e-07,-1.000000014901161194e-01
8.734999752957328667e-07,-1.000000014901161194e-01
8.739999752815919010e-07,0.000000000000000000e+00
8.744999752674509352e-07,-1.000000014901161194e-01
8.749999752533099695e-07,-1.000000014901161194e-01
8.754999752391690038e-07,-1.000000014901161194e-01
8.759999752250280380e-07,-1.000000014901161194e-01
8.764999752108870723e-07,-1.000000014901161194e-01
8.769999751967461066e-07,-1.000000014901161194e-01
8.774999751826051408e-07,-1.000000014901161194e-01
8.779999751684641751e-07,-1.000000014901161194e-01
8.784999751543232094e-07,-1.000000014901161194e-01
8.789999751401822436e-07,-1.000000014901161194e-01
8.794999751260412779e-07,0.000000000000000000e+00
8.799999751119003122e-07,0.000000000000000000e+00
8.804999750977593465e-07,-1.000000014901161194e-01
8.809999750836183807e-07,0.000000000000000000e+00
8.814999750694774150e-07,-1.000000014901161194e-01
8.819999750553364493e-07,-1.000000014901161194e-01
8.824999750411954835e-07,-1.000000014901161194e-01
8.829999750270545178e-07,-1.000000014901161194e-01
8.834999750129135521e-07,0.000000000000000000e+00
8.839999749987725863e-07,-1.000000014901161194e-01
8.844999749846316206e-07,0.000000000000000000e+00
8.849999749704906549e-07,-1.000000014901161194e-01
8.854999749563496891e-07,-1.000000014901161194e-01
8.859999749422087234e-07,0.000000000000000000e+00
8.864999749280677577e-07,-1.000000014901161194e-01
8.869999749139267919e-07,0.000000000000000000e+00
8.874999748997858262e-07,-1.000000014901161194e-01
8.879999748856448605e-07,0.000000000000000000e+00
8.884999748715038947e-07,-1.000000014901161194e-01
8.889999748573629290e-07,-1.000000014901161194e-01
8.894999748432219633e-07,-1.000000014901161194e-01
8.899999748290809976e-07,0.000000000000000000e+00
8.904999748149400318e-07,0.000000000000000000e+00
8.909999748007990661e-07,0.000000000000000000e+00
8.914999747866581004e-07,0.000000000000000000e+00
8.919999747725171346e-07,0.000000000000000000e+00
8.924999747583761689e-07,0.000000000000000000e+00
8.929999747442352032e-07,0.000000000000000000e+00
8.934999747300942374e-07,-1.000000014901161194e-01
8.939999747159532717e-07,0.000000000000000000e+00
8.944999747018123060e-07,-1.000000014901161194e-01
8.949999746876713402e-07,0.000000000000000000e+00
8.954999746735303745e-07,-1.000000014901161194e-01
8.959999746593894088e-07,0.000000000000000000e+00
8.964999746452484430e-07,-1.000000014901161194e-01
8.969999746311074773e-07,0.000000000000000000e+00
8.974999746169665116e-07,-1.000000014901161194e-01
8.979999746028255458e-07,-1.000000014901161194e-01
8.984999745886845801e-07,-1.000000014901161194e-01
8.989999745745436144e-07,0.000000000000000000e+00
8.994999745604026486e-07,-1.000000014901161194e-01
8.999999745462616829e-07,0.000000000000000000e+00
9.004999745321207172e-07,-1.000000014901161194e-01
9.009999745179797515e-07,0.000000000000000000e+00
9.014999745038387857e-07,-1.000000014901161194e-01
9.019999744896978200e-07,0.000000000000000000e+00
9.024999744755568543e-07,-1.000000014901161194e-01
9.029999744614158885e-07,-1.000000014901161194e-01
9.034999744472749228e-07,-1.000000014901161194e-01
9.039999744331339571e-07,0.000000000000000000e+00
9.044999744189929913e-07,-1.000000014901161194e-01
9.049999744048520256e-07,-1.000000014901161194e-01
9.054999743907110599e-07,-1.000000014901161194e-01
9.059999743765700941e-07,-1.000000014901161194e-01
9.064999743624291284e-07,-1.000000014901161194e-01
9.069999743482881627e-07,-1.000000014901161194e-01
9.074999743341471969e-07,-1.000000014901161194e-01
9.079999743200062312e-07,-1.000000014901161194e-01
9.084999743058652655e-07,-1.000000014901161194e-01
9.089999742917242997e-07,-1.000000014901161194e-01
9.094999742775833340e-07,-1.000000014901161194e-01
9.099999742634423683e-07,-1.000000014901161194e-01
9.104999742493014026e-07,-1.000000014901161194e-01
9.109999742351604368e-07,-1.000000014901161194e-01
9.114999742210194711e-07,-1.000000014901161194e-01
9.119999742068785054e-07,-1.000000014901161194e-01
9.124999741927375396e-07,-1.000000014901161194e-01
9.129999741785965739e-07,-1.000000014901161194e-01
9.134999741644556082e-07,-1.000000014901161194e-01
9.139999741503146424e-07,0.000000000000000000e+00
9.144999741361736767e-07,-1.000000014901161194e-01
9.149999741220327110e-07,0.000000000000000000e+00
9.154999741078917452e-07,-1.000000014901161194e-01
9.159999740937507795e-07,0.000000000000000000e+00
9.164999740796098138e-07,-1.000000014901161194e-01
9.169999740654688480e-07,-1.000000014901161194e-01
9.174999740513278823e-07,-1.000000014901161194e-01
9.179999740371869166e-07,0.000000000000000000e+00
9.184999740230459508e-07,-1.000000014901161194e-01
9.189999740089049851e-07,-1.000000014901161194e-01
9.194999739947640194e-07,-1.000000014901161194e-01
9.199999739806230536e-07,-1.000000014901161194e-01
9.204999739664820879e-07,-1.000000014901161194e-01
9.209999739523411222e-07,-1.000000014901161194e-01
9.214999739382001565e-07,-1.000000014901161194e-01
9.219999739240591907e-07,-1.000000014901161194e-01
9.224999739099182250e-07,-1.000000014901161194e-01
9.229999738957772593e-07,0.000000000000000000e+00
9.234999738816362935e-07,-1.000000014901161194e-01
9.239999738674953278e-07,0.000000000000000000e+00
9.244999738533543621e-07,-1.000000014901161194e-01
9.249999738392133963e-07,0.000000000000000000e+00
9.254999738250724306e-07,-1.000000014901161194e-01
9.259999738109314649e-07,0.000000000000000000e+00
9.264999737967904991e-07,0.000000000000000000e+00
9.269999737826495334e-07,-1.000000014901161194e-01
9.274999737685085677e-07,-1.000000014901161194e-01
9.279999737543676019e-07,0.000000000000000000e+00
9.284999737402266362e-07,0.000000000000000000e+00
9.289999737260856705e-07,0.000000000000000000e+00
9.294999737119447047e-07,-1.000000014901161194e-01
9.299999736978037390e-07,-1.000000014901161194e-01
9.304999736836627733e-07,-1.000000014901161194e-01
9.309999736695218076e-07,0.000000000000000000e+00
9.314999736553808418e-07,-1.000000014901161194e-01
9.319999736412398761e-07,0.000000000000000000e+00
9.324999736270989104e-07,-1.000000014901161194e-01
9.329999736129579446e-07,0.000000000000000000e+00
9.334999735988169789e-07,-1.000000014901161194e-01
9.339999735846760132e-07,-1.000000014901161194e-01
9.344999735705350474e-07,-1.000000014901161194e-01
9.349999735563940817e-07,-1.000000014901161194e-01
9.354999735422531160e-07,-1.000000014901161194e-01
9.359999735281121502e-07,-1.000000014901161194e-01
9.364999735139711845e-07,-1.000000014901161194e-01
9.369999734998302188e-07,0.000000000000000000e+00
9.374999734856892530e-07,-1.000000014901161194e-01
9.379999734715482873e-07,-1.000000014901161194e-01
9.384999734574073216e-07,-1.000000014901161194e-01
9.389999734432663558e-07,0.000000000000000000e+00
9.394999734291253901e-07,-1.000000014901161194e-01
9.399999734149844244e-07,-1.000000014901161194e-01
9.404999734008434586e-07,-1.000000014901161194e-01
9.409999733867024929e-07,-1.000000014901161194e-01
9.414999733725615272e-07,-1.000000014901161194e-01
9.419999733584205615e-07,0.000000000000000000e+00
9.424999733442795957e-07,0.000000000000000000e+00
9.429999733301386300e-07,0.000000000000000000e+00
9.434999733159976643e-07,0.000000000000000000e+00
9.439999733018566985e-07,0.000000000000000000e+00
9.444999732877157328e-07,-1.000000014901161194e-01
9.449999732735747671e-07,0.000000000000000000e+00
9.454999732594338013e-07,-1.000000014901161194e-01
9.459999732452928356e-07,-1.000000014901161194e-01
9.464999732311518699e-07,-1.000000014901161194e-01
9.469999732170109041e-07,-1.000000014901161194e-01
9.474999732028699384e-07,-1.000000014901161194e-01
9.479999731887289727e-07,0.000000000000000000e+00
9.484999731745880069e-07,-1.000000014901161194e-01
9.489999731604470412e-07,-1.000000014901161194e-01
9.494999731463060755e-07,-1.000000014901161194e-01
9.499999731321651097e-07,-1.000000014901161194e-01
9.504999731180241440e-07,-1.000000014901161194e-01
9.509999731038831783e-07,-1.000000014901161194e-01
9.514999730897422126e-07,-1.000000014901161194e-01
9.519999730756012468e-07,-1.000000014901161194e-01
9.524999730614602811e-07,-1.000000014901161194e-01
9.529999730473193154e-07,-1.000000014901161194e-01
9.534999730331783496e-07,-1.000000014901161194e-01
9.539999730190373839e-07,0.000000000000000000e+00
9.544999730048964182e-07,-1.000000014901161194e-01
9.549999729907554524e-07,0.000000000000000000e+00
9.554999729766144867e-07,-1.000000014901161194e-01
9.559999729624735210e-07,-1.000000014901161194e-01
9.564999729483325552e-07,0.000000000000000000e+00
9.569999729341915895e-07,0.000000000000000000e+00
9.574999729200506238e-07,0.000000000000000000e+00
9.579999729059096580e-07,0.000000000000000000e+00
9.584999728917686923e-07,-1.000000014901161194e-01
9.589999728776277266e-07,-1.000000014901161194e-01
9.594999728634867608e-07,-1.000000014901161194e-01
9.599999728493457951e-07,-1.000000014901161194e-01
9.604999728352048294e-07,0.000000000000000000e+00
9.609999728210638636e-07,0.000000000000000000e+00
9.614999728069228979e-07,-1.000000014901161194e-01
9.619999727927819322e-07,0.000000000000000000e+00
9.624999727786409665e-07,-1.000000014901161194e-01
9.629999727645000007e-07,0.000000000000000000e+00
9.634999727503590350e-07,-1.000000014901161194e-01
9.639999727362180693e-07,0.000000000000000000e+00
9.644999727220771035e-07,-1.000000014901161194e-01
9.649999727079361378e-07,-1.000000014901161194e-01
9.654999726937951721e-07,-1.000000014901161194e-01
9.659999726796542063e-07,0.000000000000000000e+00
9.664999726655132406e-07,-1.000000014901161194e-01
9.669999726513722749e-07,0.000000000000000000e+00
9.674999726372313091e-07,0.000000000000000000e+00
9.679999726230903434e-07,0.000000000000000000e+00
9.684999726089493777e-07,-1.000000014901161194e-01
9.689999725948084119e-07,0.000000000000000000e+00
9.694999725806674462e-07,-1.000000014901161194e-01
9.699999725665264805e-07,-1.000000014901161194e-01
9.704999725523855147e-07,-1.000000014901161194e-01
9.709999725382445490e-07,-1.000000014901161194e-01
9.714999725241035833e-07,-1.000000014901161194e-01
9.719999725099626176e-07,-1.000000014901161194e-01
9.724999724958216518e-07,-1.000000014901161194e-01
9.729999724816806861e-07,-1.000000014901161194e-01
9.734999724675397204e-07,0.000000000000000000e+00
9.739999724533987546e-07,-1.000000014901161194e-01
9.744999724392577889e-07,-1.000000014901161194e-01
9.749999724251168232e-07,-1.000000014901161194e-01
9.754999724109758574e-07,-1.000000014901161194e-01
9.759999723968348917e-07,-1.000000014901161194e-01
9.764999723826939260e-07,-1.000000014901161194e-01
9.769999723685529602e-07,-1.000000014901161194e-01
9.774999723544119945e-07,-1.000000014901161194e-01
9.779999723402710288e-07,0.000000000000000000e+00
9.784999723261300630e-07,-1.000000014901161194e-01
9.789999723119890973e-07,-1.000000014901161194e-01
9.794999722978481316e-07,-1.000000014901161194e-01
9.799999722837071658e-07,-1.000000014901161194e-01
9.804999722695662001e-07,-1.000000014901161194e-01
9.809999722554252344e-07,-1.000000014901161194e-01
9.814999722412842686e-07,-1.000000014901161194e-01
9.819999722271433029e-07,0.000000000000000000e+00
9.824999722130023372e-07,-1.000000014901161194e-01
9.829999721988613715e-07,0.000000000000000000e+00
9.834999721847204057e-07,-1.000000014901161194e-01
9.839999721705794400e-07,-1.000000014901161194e-01
9.844999721564384743e-07,-1.000000014901161194e-01
9.849999721422975085e-07,-1.000000014901161194e-01
9.854999721281565428e-07,-1.000000014901161194e-01
9.859999721140155771e-07,-1.000000014901161194e-01
9.864999720998746113e-07,-1.000000014901161194e-01
9.869999720857336456e-07,-1.000000014901161194e-01
9.874999720715926799e-07,-1.000000014901161194e-01
9.879999720574517141e-07,-1.000000014901161194e-01
9.884999720433107484e-07,-1.000000014901161194e-01
9.889999720291697827e-07,-1.000000014901161194e-01
9.894999720150288169e-07,-1.000000014901161194e-01
9.899999720008878512e-07,-1.000000014901161194e-01
9.904999719867468855e-07,-1.000000014901161194e-01
9.909999719726059197e-07,0.000000000000000000e+00
9.914999719584649540e-07,-1.000000014901161194e-01
9.919999719443239883e-07,0.000000000000000000e+00
9.924999719301830226e-07,-1.000000014901161194e-01
9.929999719160420568e-07,-1.000000014901161194e-01
9.934999719019010911e-07,-1.000000014901161194e-01
9.939999718877601254e-07,-1.000000014901161194e-01
9.944999718736191596e-07,-1.000000014901161194e-01
9.949999718594781939e-07,0.000000000000000000e+00
9.954999718453372282e-07,-1.000000014901161194e-01
9.959999718311962624e-07,-1.000000014901161194e-01
9.964999718170552967e-07,-1.000000014901161194e-01
9.969999718029143310e-07,-1.000000014901161194e-01
9.974999717887733652e-07,-1.000000014901161194e-01
9.979999717746323995e-07,0.000000000000000000e+00
9.984999717604914338e-07,-1.000000014901161194e-01
9.989999717463504680e-07,-1.000000014901161194e-01
9.994999717322095023e-07,-1.000000014901161194e-01
9.999999717180685366e-07,-1.000000014901161194e-01
1.000499971703927571e-06,-1.000000014901161194e-01
1.000999971689786605e-06,-1.000000014901161194e-01
1.001499971675645639e-06,-1.000000014901161194e-01
1.001999971661504674e-06,-1.000000014901161194e-01
1.002499971647363708e-06,-1.000000014901161194e-01
1.002999971633222742e-06,0.000000000000000000e+00
1.003499971619081776e-06,-1.000000014901161194e-01
1.003999971604940811e-06,0.000000000000000000e+00
1.004499971590799845e-06,-1.000000014901161194e-01
1.004999971576658879e-06,0.000000000000000000e+00
1.005499971562517914e-06,-1.000000014901161194e-01
1.005999971548376948e-06,0.000000000000000000e+00
1.006499971534235982e-06,-1.000000014901161194e-01
1.006999971520095016e-06,0.000000000000000000e+00
1.007499971505954051e-06,-1.000000014901161194e-01
1.007999971491813085e-06,0.000000000000000000e+00
1.008499971477672119e-06,-1.000000014901161194e-01
1.008999971463531153e-06,0.000000000000000000e+00
1.009499971449390188e-06,0.000000000000000000e+00
1.009999971435249222e-06,-1.000000014901161194e-01
1.010499971421108256e-06,0.000000000000000000e+00
1.010999971406967290e-06,0.000000000000000000e+00
1.011499971392826325e-06,0.000000000000000000e+00
1.011999971378685359e-06,-1.000000014901161194e-01
1.012499971364544393e-06,-1.000000014901161194e-01
1.012999971350403428e-06,-1.000000014901161194e-01
1.013499971336262462e-06,-1.000000014901161194e-01
1.013999971322121496e-06,-1.000000014901161194e-01
1.014499971307980530e-06,-1.000000014901161194e-01
1.014999971293839565e-06,0.000000000000000000e+00
1.015499971279698599e-06,-1.000000014901161194e-01
1.015999971265557633e-06,-1.000000014901161194e-01
1.016499971251416667e-06,-1.000000014901161194e-01
1.016999971237275702e-06,-1.000000014901161194e-01
1.017499971223134736e-06,-1.000000014901161194e-01
1.017999971208993770e-06,-1.000000014901161194e-01
1.018499971194852805e-06,-1.000000014901161194e-01
1.018999971180711839e-06,0.000000000000000000e+00
1.019499971166570873e-06,0.000000000000000000e+00
1.019999971152429907e-06,-1.000000014901161194e-01
1.020499971138288942e-06,-1.000000014901161194e-01
1.020999971124147976e-06,-1.000000014901161194e-01
1.021499971110007010e-06,-1.000000014901161194e-01
1.021999971095866044e-06,-1.000000014901161194e-01
1.022499971081725079e-06,-1.000000014901161194e-01
1.022999971067584113e-06,0.000000000000000000e+00
1.023499971053443147e-06,0.000000000000000000e+00
1.023999971039302181e-06,-1.000000014901161194e-01
1.024499971025161216e-06,-1.000000014901161194e-01
1.024999971011020250e-06,-1.000000014901161194e-01
1.025499970996879284e-06,-1.000000014901161194e-01
1.025999970982738319e-06,-1.000000014901161194e-01
1.026499970968597353e-06,-1.000000014901161194e-01
1.026999970954456387e-06,0.000000000000000000e+00
1.027499970940315421e-06,-1.000000014901161194e-01
1.027999970926174456e-06,0.000000000000000000e+00
1.028499970912033490e-06,-1.000000014901161194e-01
1.028999970897892524e-06,-1.000000014901161194e-01
1.029499970883751558e-06,-1.000000014901161194e-01
1.029999970869610593e-06,-1.000000014901161194e-01
1.030499970855469627e-06,-1.000000014901161194e-01
1.030999970841328661e-06,-1.000000014901161194e-01
1.031499970827187695e-06,-1.000000014901161194e-01
1.031999970813046730e-06,0.000000000000000000e+00
1.032499970798905764e-06,-1.000000014901161194e-01
1.032999970784764798e-06,0.000000000000000000e+00
1.033499970770623833e-06,-1.000000014901161194e-01
1.033999970756482867e-06,-1.000000014901161194e-01
1.034499970742341901e-06,-1.000000014901161194e-01
1.034999970728200935e-06,0.000000000000000000e+00
1.035499970714059970e-06,-1.000000014901161194e-01
1.035999970699919004e-06,0.000000000000000000e+00
1.036499970685778038e-06,-1.000000014901161194e-01
1.036999970671637072e-06,0.000000000000000000e+00
1.037499970657496107e-06,-1.000000014901161194e-01
1.037999970643355141e-06,-1.000000014901161194e-01
1.038499970629214175e-06,0.000000000000000000e+00
1.038999970615073210e-06,-1.000000014901161194e-01
1.039499970600932244e-06,0.000000000000000000e+00
1.039999970586791278e-06,-1.000000014901161194e-01
1.040499970572650312e-06,-1.000000014901161194e-01
1.040999970558509347e-06,-1.000000014901161194e-01
1.041499970544368381e-06,-1.000000014901161194e-01
1.041999970530227415e-06,0.000000000000000000e+00
1.042499970516086449e-06,-1.000000014901161194e-01
1.042999970501945484e-06,0.000000000000000000e+00
1.043499970487804518e-06,-1.000000014901161194e-01
1.043999970473663552e-06,0.000000000000000000e+00
1.044499970459522586e-06,0.000000000000000000e+00
1.044999970445381621e-06,-1.000000014901161194e-01
1.045499970431240655e-06,-1.000000014901161194e-01
1.045999970417099689e-06,-1.000000014901161194e-01
1.046499970402958724e-06,-1.000000014901161194e-01
1.046999970388817758e-06,0.000000000000000000e+00
1.047499970374676792e-06,-1.000000014901161194e-01
1.047999970360535826e-06,-1.000000014901161194e-01
1.048499970346394861e-06,-1.000000014901161194e-01
1.048999970332253895e-06,-1.000000014901161194e-01
1.049499970318112929e-06,-1.000000014901161194e-01
1.049999970303971963e-06,-1.000000014901161194e-01
1.050499970289830998e-06,-1.000000014901161194e-01
1.050999970275690032e-06,0.000000000000000000e+00
1.051499970261549066e-06,-1.000000014901161194e-01
1.051999970247408100e-06,0.000000000000000000e+00
1.052499970233267135e-06,-1.000000014901161194e-01
1.052999970219126169e-06,0.000000000000000000e+00
1.053499970204985203e-06,-1.000000014901161194e-01
1.053999970190844238e-06,-1.000000014901161194e-01
1.054499970176703272e-06,-1.000000014901161194e-01
1.054999970162562306e-06,-1.000000014901161194e-01
1.055499970148421340e-06,-1.000000014901161194e-01
1.055999970134280375e-06,-1.000000014901161194e-01
1.056499970120139409e-06,-1.000000014901161194e-01
1.056999970105998443e-06,0.000000000000000000e+00
1.057499970091857477e-06,-1.000000014901161194e-01
1.057999970077716512e-06,-1.000000014901161194e-01
1.058499970063575546e-06,-1.000000014901161194e-01
1.058999970049434580e-06,-1.000000014901161194e-01
1.059499970035293615e-06,-1.000000014901161194e-01
1.059999970021152649e-06,-1.000000014901161194e-01
1.060499970007011683e-06,0.000000000000000000e+00
1.060999969992870717e-06,-1.000000014901161194e-01
1.061499969978729752e-06,-1.000000014901161194e-01
1.061999969964588786e-06,0.000000000000000000e+00
1.062499969950447820e-06,-1.000000014901161194e-01
1.062999969936306854e-06,0.000000000000000000e+00
1.063499969922165889e-06,-1.000000014901161194e-01
1.063999969908024923e-06,-1.000000014901161194e-01
1.064499969893883957e-06,-1.000000014901161194e-01
1.064999969879742991e-06,-1.000000014901161194e-01
1.065499969865602026e-06,-1.000000014901161194e-01
1.065999969851461060e-06,-1.000000014901161194e-01
1.066499969837320094e-06,-1.000000014901161194e-01
1.066999969823179129e-06,-1.000000014901161194e-01
1.067499969809038163e-06,-1.000000014901161194e-01
1.067999969794897197e-06,-1.000000014901161194e-01
1.068499969780756231e-06,0.000000000000000000e+00
1.068999969766615266e-06,-1.000000014901161194e-01
1.069499969752474300e-06,-1.000000014901161194e-01
1.069999969738333334e-06,0.000000000000000000e+00
1.070499969724192368e-06,-1.000000014901161194e-01
1.070999969710051403e-06,-1.000000014901161194e-01
1.071499969695910437e-06,-1.000000014901161194e-01
1.071999969681769471e-06,0.000000000000000000e+00
1.072499969667628505e-06,0.000000000000000000e+00
1.072999969653487540e-06,-1.000000014901161194e-01
1.073499969639346574e-06,-1.000000014901161194e-01
1.073999969625205608e-06,0.000000000000000000e+00
1.074499969611064643e-06,0.000000000000000000e+00
1.074999969596923677e-06,0.000000000000000000e+00
1.075499969582782711e-06,0.000000000000000000e+00
1.075999969568641745e-06,0.000000000000000000e+00
1.076499969554500780e-06,-1.000000014901161194e-01
1.076999969540359814e-06,-1.000000014901161194e-01
1.077499969526218848e-06,-1.000000014901161194e-01
1.077999969512077882e-06,0.000000000000000000e+00
1.078499969497936917e-06,-1.000000014901161194e-01
1.078999969483795951e-06,-1.000000014901161194e-01
1.079499969469654985e-06,-1.000000014901161194e-01
1.079999969455514020e-06,-1.000000014901161194e-01
1.080499969441373054e-06,-1.000000014901161194e-01
1.080999969427232088e-06,-1.000000014901161194e-01
1.081499969413091122e-06,-1.000000014901161194e-01
1.081999969398950157e-06,-1.000000014901161194e-01
1.082499969384809191e-06,-1.000000014901161194e-01
1.082999969370668225e-06,-1.000000014901161194e-01
1.083499969356527259e-06,-1.000000014901161194e-01
1.083999969342386294e-06,0.000000000000000000e+00
1.084499969328245328e-06,-1.000000014901161194e-01
1.084999969314104362e-06,-1.000000014901161194e-01
1.085499969299963396e-06,-1.000000014901161194e-01
1.085999969285822431e-06,0.000000000000000000e+00
1.086499969271681465e-06,-1.000000014901161194e-01
1.086999969257540499e-06,0.000000000000000000e+00
1.087499969243399534e-06,-1.000000014901161194e-01
1.087999969229258568e-06,-1.000000014901161194e-01
1.088499969215117602e-06,-1.000000014901161194e-01
1.088999969200976636e-06,-1.000000014901161194e-01
1.089499969186835671e-06,-1.000000014901161194e-01
1.089999969172694705e-06,-1.000000014901161194e-01
1.090499969158553739e-06,-1.000000014901161194e-01
1.090999969144412773e-06,-1.000000014901161194e-01
1.091499969130271808e-06,-1.000000014901161194e-01
1.091999969116130842e-06,-1.000000014901161194e-01
1.092499969101989876e-06,-1.000000014901161194e-01
1.092999969087848910e-06,-1.000000014901161194e-01
1.093499969073707945e-06,-1.000000014901161194e-01
1.093999969059566979e-06,0.000000000000000000e+00
1.094499969045426013e-06,0.000000000000000000e+00
1.094999969031285048e-06,-1.000000014901161194e-01
1.095499969017144082e-06,-1.000000014901161194e-01
1.095999969003003116e-06,-1.000000014901161194e-01
1.096499968988862150e-06,-1.000000014901161194e-01
1.096999968974721185e-06,0.000000000000000000e+00
1.097499968960580219e-06,-1.000000014901161194e-01
1.097999968946439253e-06,0.000000000000000000e+00
1.098499968932298287e-06,-1.000000014901161194e-01
1.098999968918157322e-06,0.000000000000000000e+00
1.099499968904016356e-06,-1.000000014901161194e-01
1.099999968889875390e-06,-1.000000014901161194e-01
1.100499968875734425e-06,-1.000000014901161194e-01
1.100999968861593459e-06,-1.000000014901161194e-01
1.101499968847452493e-06,-1.000000014901161194e-01
1.101999968833311527e-06,-1.000000014901161194e-01
1.102499968819170562e-06,-1.000000014901161194e-01
1.102999968805029596e-06,-1.000000014901161194e-01
1.103499968790888630e-06,-1.000000014901161194e-01
1.103999968776747664e-06,0.000000000000000000e+00
1.104499968762606699e-06,-1.000000014901161194e-01
1.104999968748465733e-06,0.000000000000000000e+00
1.105499968734324767e-06,-1.000000014901161194e-01
1.105999968720183801e-06,0.000000000000000000e+00
1.106499968706042836e-06,-1.000000014901161194e-01
1.106999968691901870e-06,-1.000000014901161194e-01
1.107499968677760904e-06,-1.000000014901161194e-01
1.107999968663619939e-06,-1.000000014901161194e-01
1.108499968649478973e-06,-1.000000014901161194e-01
1.108999968635338007e-06,-1.000000014901161194e-01
1.109499968621197041e-06,-1.000000014901161194e-01
1.109999968607056076e-06,-1.000000014901161194e-01
1.110499968592915110e-06,-1.000000014901161194e-01
1.110999968578774144e-06,0.000000000000000000e+00
1.111499968564633178e-06,-1.000000014901161194e-01
1.111999968550492213e-06,0.000000000000000000e+00
1.112499968536351247e-06,-1.000000014901161194e-01
1.112999968522210281e-06,-1.000000014901161194e-01
1.113499968508069315e-06,-1.000000014901161194e-01
1.113999968493928350e-06,-1.000000014901161194e-01
1.114499968479787384e-06,-1.000000014901161194e-01
1.114999968465646418e-06,0.000000000000000000e+00
1.115499968451505453e-06,-1.000000014901161194e-01
1.115999968437364487e-06,0.000000000000000000e+00
1.116499968423223521e-06,-1.000000014901161194e-01
1.116999968409082555e-06,-1.000000014901161194e-01
1.117499968394941590e-06,-1.000000014901161194e-01
1.117999968380800624e-06,-1.000000014901161194e-01
1.118499968366659658e-06,-1.000000014901161194e-01
1.118999968352518692e-06,0.000000000000000000e+00
1.119499968338377727e-06,-1.000000014901161194e-01
1.119999968324236761e-06,0.000000000000000000e+00
1.120499968310095795e-06,-1.000000014901161194e-01
1.120999968295954830e-06,0.000000000000000000e+00
1.121499968281813864e-06,-1.000000014901161194e-01
1.121999968267672898e-06,-1.000000014901161194e-01
1.122499968253531932e-06,-1.000000014901161194e-01
1.122999968239390967e-06,-1.000000014901161194e-01
1.123499968225250001e-06,-1.000000014901161194e-01
1.123999968211109035e-06,0.000000000000000000e+00
1.124499968196968069e-06,-1.000000014901161194e-01
1.124999968182827104e-06,0.000000000000000000e+00
1.125499968168686138e-06,-1.000000014901161194e-01
1.125999968154545172e-06,-1.000000014901161194e-01
1.126499968140404206e-06,-1.000000014901161194e-01
1.126999968126263241e-06,0.000000000000000000e+00
1.127499968112122275e-06,0.000000000000000000e+00
1.127999968097981309e-06,0.000000000000000000e+00
1.128499968083840344e-06,-1.000000014901161194e-01
1.128999968069699378e-06,0.000000000000000000e+00
1.129499968055558412e-06,-1.000000014901161194e-01
1.129999968041417446e-06,-1.000000014901161194e-01
1.130499968027276481e-06,-1.000000014901161194e-01
1.130999968013135515e-06,0.000000000000000000e+00
1.131499967998994549e-06,-1.000000014901161194e-01
1.131999967984853583e-06,0.000000000000000000e+00
1.132499967970712618e-06,-1.000000014901161194e-01
1.132999967956571652e-06,0.000000000000000000e+00
1.133499967942430686e-06,-1.000000014901161194e-01
1.133999967928289720e-06,-1.000000014901161194e-01
1.134499967914148755e-06,-1.000000014901161194e-01
1.134999967900007789e-06,-1.000000014901161194e-01
1.135499967885866823e-06,-1.000000014901161194e-01
1.135999967871725858e-06,-1.000000014901161194e-01
1.136499967857584892e-06,-1.000000014901161194e-01
1.136999967843443926e-06,-1.000000014901161194e-01
1.137499967829302960e-06,-1.000000014901161194e-01
1.137999967815161995e-06,0.000000000000000000e+00
1.138499967801021029e-06,-1.000000014901161194e-01
1.138999967786880063e-06,-1.000000014901161194e-01
1.139499967772739097e-06,-1.000000014901161194e-01
1.139999967758598132e-06,-1.000000014901161194e-01
1.140499967744457166e-06,-1.000000014901161194e-01
1.140999967730316200e-06,-1.000000014901161194e-01
1.141499967716175235e-06,-1.000000014901161194e-01
1.141999967702034269e-06,0.000000000000000000e+00
1.142499967687893303e-06,-1.000000014901161194e-01
1.142999967673752337e-06,0.000000000000000000e+00
1.143499967659611372e-06,-1.000000014901161194e-01
1.143999967645470406e-06,-1.000000014901161194e-01
1.144499967631329440e-06,-1.000000014901161194e-01
1.144999967617188474e-06,-1.000000014901161194e-01
1.145499967603047509e-06,-1.000000014901161194e-01
1.145999967588906543e-06,-1.000000014901161194e-01
1.146499967574765577e-06,-1.000000014901161194e-01
1.146999967560624611e-06,-1.000000014901161194e-01
1.147499967546483646e-06,-1.000000014901161194e-01
1.147999967532342680e-06,0.000000000000000000e+00
1.148499967518201714e-06,-1.000000014901161194e-01
1.148999967504060749e-06,-1.000000014901161194e-01
1.149499967489919783e-06,-1.000000014901161194e-01
1.149999967475778817e-06,-1.000000014901161194e-01
1.150499967461637851e-06,-1.000000014901161194e-01
1.150999967447496886e-06,-1.000000014901161194e-01
1.151499967433355920e-06,-1.000000014901161194e-01
1.151999967419214954e-06,0.000000000000000000e+00
1.152499967405073988e-06,-1.000000014901161194e-01
1.152999967390933023e-06,-1.000000014901161194e-01
1.153499967376792057e-06,-1.000000014901161194e-01
1.153999967362651091e-06,-1.000000014901161194e-01
1.154499967348510125e-06,-1.000000014901161194e-01
1.154999967334369160e-06,-1.000000014901161194e-01
1.155499967320228194e-06,-1.000000014901161194e-01
1.155999967306087228e-06,0.000000000000000000e+00
1.156499967291946263e-06,-1.000000014901161194e-01
1.156999967277805297e-06,-1.000000014901161194e-01
1.157499967263664331e-06,-1.000000014901161194e-01
1.157999967249523365e-06,-1.000000014901161194e-01
1.158499967235382400e-06,-1.000000014901161194e-01
1.158999967221241434e-06,-1.000000014901161194e-01
1.159499967207100468e-06,-1.000000014901161194e-01
1.159999967192959502e-06,-1.000000014901161194e-01
1.160499967178818537e-06,-1.000000014901161194e-01
1.160999967164677571e-06,0.000000000000000000e+00
1.161499967150536605e-06,-1.000000014901161194e-01
1.161999967136395639e-06,-1.000000014901161194e-01
1.162499967122254674e-06,-1.000000014901161194e-01
1.162999967108113708e-06,0.000000000000000000e+00
1.163499967093972742e-06,-1.000000014901161194e-01
1.163999967079831777e-06,-1.000000014901161194e-01
1.164499967065690811e-06,-1.000000014901161194e-01
1.164999967051549845e-06,0.000000000000000000e+00
1.165499967037408879e-06,0.000000000000000000e+00
1.165999967023267914e-06,0.000000000000000000e+00
1.166499967009126948e-06,-1.000000014901161194e-01
1.166999966994985982e-06,0.000000000000000000e+00
1.167499966980845016e-06,-1.000000014901161194e-01
1.167999966966704051e-06,0.000000000000000000e+00
1.168499966952563085e-06,-1.000000014901161194e-01
1.168999966938422119e-06,0.000000000000000000e+00
1.169499966924281154e-06,-1.000000014901161194e-01
1.169999966910140188e-06,0.000000000000000000e+00
1.170499966895999222e-06,-1.000000014901161194e-01
1.170999966881858256e-06,-1.000000014901161194e-01
1.171499966867717291e-06,-1.000000014901161194e-01
1.171999966853576325e-06,-1.000000014901161194e-01
1.172499966839435359e-06,-1.000000014901161194e-01
1.172999966825294393e-06,0.000000000000000000e+00
1.173499966811153428e-06,-1.000000014901161194e-01
1.173999966797012462e-06,-1.000000014901161194e-01
1.174499966782871496e-06,-1.000000014901161194e-01
1.174999966768730530e-06,-1.000000014901161194e-01
1.175499966754589565e-06,-1.000000014901161194e-01
1.175999966740448599e-06,-1.000000014901161194e-01
1.176499966726307633e-06,-1.000000014901161194e-01
1.176999966712166668e-06,-1.000000014901161194e-01
1.177499966698025702e-06,-1.000000014901161194e-01
1.177999966683884736e-06,-1.000000014901161194e-01
1.178499966669743770e-06,-1.000000014901161194e-01
1.178999966655602805e-06,0.000000000000000000e+00
1.179499966641461839e-06,-1.000000014901161194e-01
1.179999966627320873e-06,0.000000000000000000e+00
1.180499966613179907e-06,0.000000000000000000e+00
1.180999966599038942e-06,0.000000000000000000e+00
1.181499966584897976e-06,-1.000000014901161194e-01
1.181999966570757010e-06,-1.000000014901161194e-01
1.182499966556616044e-06,-1.000000014901161194e-01
1.182999966542475079e-06,-1.000000014901161194e-01
1.183499966528334113e-06,-1.000000014901161194e-01
1.183999966514193147e-06,-1.000000014901161194e-01
1.184499966500052182e-06,-1.000000014901161194e-01
1.184999966485911216e-06,-1.000000014901161194e-01
1.185499966471770250e-06,-1.000000014901161194e-01
1.185999966457629284e-06,-1.000000014901161194e-01
1.186499966443488319e-06,-1.000000014901161194e-01
1.186999966429347353e-06,-1.000000014901161194e-01
1.187499966415206387e-06,-1.000000014901161194e-01
1.187999966401065421e-06,0.000000000000000000e+00
1.188499966386924456e-06,-1.000000014901161194e-01
1.188999966372783490e-06,-1.000000014901161194e-01
1.189499966358642524e-06,-1.000000014901161194e-01
1.189999966344501559e-06,-1.000000014901161194e-01
1.190499966330360593e-06,-1.000000014901161194e-01
1.190999966316219627e-06,0.000000000000000000e+00
1.191499966302078661e-06,0.000000000000000000e+00
1.191999966287937696e-06,0.000000000000000000e+00
1.192499966273796730e-06,0.000000000000000000e+00
1.192999966259655764e-06,0.000000000000000000e+00
1.193499966245514798e-06,0.000000000000000000e+00
1.193999966231373833e-06,0.000000000000000000e+00
1.194499966217232867e-06,-1.000000014901161194e-01
1.194999966203091901e-06,0.000000000000000000e+00
1.195499966188950935e-06,-1.000000014901161194e-01
1.195999966174809970e-06,-1.000000014901161194e-01
1.196499966160669004e-06,-1.000000014901161194e-01
1.196999966146528038e-06,-1.000000014901161194e-01
1.197499966132387073e-06,-1.000000014901161194e-01
1.197999966118246107e-06,0.000000000000000000e+00
1.198499966104105141e-06,-1.000000014901161194e-01
1.198999966089964175e-06,0.000000000000000000e+00
1.199499966075823210e-06,-1.000000014901161194e-01
1.199999966061682244e-06,0.000000000000000000e+00
1.200499966047541278e-06,-1.000000014901161194e-01
1.200999966033400312e-06,-1.000000014901161194e-01
1.201499966019259347e-06,-1.000000014901161194e-01
1.201999966005118381e-06,0.000000000000000000e+00
1.202499965990977415e-06,-1.000000014901161194e-01
1.202999965976836449e-06,0.000000000000000000e+00
1.203499965962695484e-06,-1.000000014901161194e-01
1.203999965948554518e-06,0.000000000000000000e+00
1.204499965934413552e-06,-1.000000014901161194e-01
1.204999965920272587e-06,0.000000000000000000e+00
1.205499965906131621e-06,-1.000000014901161194e-01
1.205999965891990655e-06,-1.000000014901161194e-01
1.206499965877849689e-06,0.000000000000000000e+00
1.206999965863708724e-06,0.000000000000000000e+00
1.207499965849567758e-06,0.000000000000000000e+00
1.207999965835426792e-06,-1.000000014901161194e-01
1.208499965821285826e-06,-1.000000014901161194e-01
1.208999965807144861e-06,0.000000000000000000e+00
1.209499965793003895e-06,-1.000000014901161194e-01
1.209999965778862929e-06,-1.000000014901161194e-01
1.210499965764721964e-06,-1.000000014901161194e-01
1.210999965750580998e-06,0.000000000000000000e+00
1.211499965736440032e-06,-1.000000014901161194e-01
1.211999965722299066e-06,-1.000000014901161194e-01
1.212499965708158101e-06,-1.000000014901161194e-01
1.212999965694017135e-06,-1.000000014901161194e-01
1.213499965679876169e-06,-1.000000014901161194e-01
1.213999965665735203e-06,-1.000000014901161194e-01
1.214499965651594238e-06,-1.000000014901161194e-01
1.214999965637453272e-06,0.000000000000000000e+00
1.215499965623312306e-06,0.000000000000000000e+00
1.215999965609171340e-06,0.000000000000000000e+00
1.216499965595030375e-06,-1.000000014901161194e-01
1.216999965580889409e-06,0.000000000000000000e+00
1.217499965566748443e-06,-1.000000014901161194e-01
1.217999965552607478e-06,0.000000000000000000e+00
1.218499965538466512e-06,-1.000000014901161194e-01
1.218999965524325546e-06,-1.000000014901161194e-01
1.219499965510184580e-06,-1.000000014901161194e-01
1.219999965496043615e-06,0.000000000000000000e+00
1.220499965481902649e-06,-1.000000014901161194e-01
1.220999965467761683e-06,-1.000000014901161194e-01
1.221499965453620717e-06,-1.000000014901161194e-01
1.221999965439479752e-06,0.000000000000000000e+00
1.222499965425338786e-06,-1.000000014901161194e-01
1.222999965411197820e-06,-1.000000014901161194e-01
1.223499965397056854e-06,0.000000000000000000e+00
1.223999965382915889e-06,0.000000000000000000e+00
1.224499965368774923e-06,0.000000000000000000e+00
1.224999965354633957e-06,0.000000000000000000e+00
1.225499965340492992e-06,0.000000000000000000e+00
1.225999965326352026e-06,0.000000000000000000e+00
1.226499965312211060e-06,-1.000000014901161194e-01
1.226999965298070094e-06,0.000000000000000000e+00
1.227499965283929129e-06,-1.000000014901161194e-01
1.227999965269788163e-06,0.000000000000000000e+00
1.228499965255647197e-06,-1.000000014901161194e-01
1.228999965241506231e-06,-1.000000014901161194e-01
1.229499965227365266e-06,-1.000000014901161194e-01
1.229999965213224300e-06,-1.000000014901161194e-01
1.230499965199083334e-06,-1.000000014901161194e-01
1.230999965184942369e-06,0.000000000000000000e+00
1.231499965170801403e-06,-1.000000014901161194e-01
1.231999965156660437e-06,-1.000000014901161194e-01
1.232499965142519471e-06,0.000000000000000000e+00
1.232999965128378506e-06,0.000000000000000000e+00
1.233499965114237540e-06,-1.000000014901161194e-01
1.233999965100096574e-06,-1.000000014901161194e-01
1.234499965085955608e-06,-1.000000014901161194e-01
1.234999965071814643e-06,0.000000000000000000e+00
1.235499965057673677e-06,-1.000000014901161194e-01
1.235999965043532711e-06,-1.000000014901161194e-01
1.236499965029391745e-06,-1.000000014901161194e-01
1.236999965015250780e-06,0.000000000000000000e+00
1.237499965001109814e-06,-1.000000014901161194e-01
1.237999964986968848e-06,0.000000000000000000e+00
1.238499964972827883e-06,-1.000000014901161194e-01
1.238999964958686917e-06,0.000000000000000000e+00
1.239499964944545951e-06,-1.000000014901161194e-01
1.239999964930404985e-06,0.000000000000000000e+00
1.240499964916264020e-06,0.000000000000000000e+00
1.240999964902123054e-06,0.000000000000000000e+00
1.241499964887982088e-06,0.000000000000000000e+00
1.241999964873841122e-06,-1.000000014901161194e-01
1.242499964859700157e-06,-1.000000014901161194e-01
1.242999964845559191e-06,-1.000000014901161194e-01
1.243499964831418225e-06,0.000000000000000000e+00
1.243999964817277259e-06,0.000000000000000000e+00
1.244499964803136294e-06,-1.000000014901161194e-01
1.244999964788995328e-06,0.000000000000000000e+00
1.245499964774854362e-06,-1.000000014901161194e-01
1.245999964760713397e-06,-1.000000014901161194e-01
1.246499964746572431e-06,-1.000000014901161194e-01
1.246999964732431465e-06,-1.000000014901161194e-01
1.247499964718290499e-06,-1.000000014901161194e-01
1.247999964704149534e-06,0.000000000000000000e+00
1.248499964690008568e-06,-1.000000014901161194e-01
1.248999964675867602e-06,-1.000000014901161194e-01
1.249499964661726636e-06,-1.000000014901161194e-01
1.249999964647585671e-06,-1.000000014901161194e-01
1.250499964633444705e-06,-1.000000014901161194e-01
1.250999964619303739e-06,0.000000000000000000e+00
1.251499964605162774e-06,0.000000000000000000e+00
1.251999964591021808e-06,-1.000000014901161194e-01
1.252499964576880842e-06,-1.000000014901161194e-01
1.252999964562739876e-06,0.000000000000000000e+00
1.253499964548598911e-06,-1.000000014901161194e-01
1.253999964534457945e-06,-1.000000014901161194e-01
1.254499964520316979e-06,-1.000000014901161194e-01
1.254999964506176013e-06,-1.000000014901161194e-01
1.255499964492035048e-06,-1.000000014901161194e-01
1.255999964477894082e-06,0.000000000000000000e+00
1.256499964463753116e-06,-1.000000014901161194e-01
1.256999964449612150e-06,0.000000000000000000e+00
1.257499964435471185e-06,-1.000000014901161194e-01
1.257999964421330219e-06,-1.000000014901161194e-01
1.258499964407189253e-06,-1.000000014901161194e-01
1.258999964393048288e-06,0.000000000000000000e+00
1.259499964378907322e-06,-1.000000014901161194e-01
1.259999964364766356e-06,0.000000000000000000e+00
1.260499964350625390e-06,-1.000000014901161194e-01
1.260999964336484425e-06,0.000000000000000000e+00
1.261499964322343459e-06,-1.000000014901161194e-01
1.261999964308202493e-06,0.000000000000000000e+00
1.262499964294061527e-06,-1.000000014901161194e-01
1.262999964279920562e-06,0.000000000000000000e+00
1.263499964265779596e-06,-1.000000014901161194e-01
1.263999964251638630e-06,-1.000000014901161194e-01
1.264499964237497664e-06,-1.000000014901161194e-01
1.264999964223356699e-06,-1.000000014901161194e-01
1.265499964209215733e-06,-1.000000014901161194e-01
1.265999964195074767e-06,-1.000000014901161194e-01
1.266499964180933802e-06,-1.000000014901161194e-01
1.266999964166792836e-06,-1.000000014901161194e-01
1.267499964152651870e-06,-1.000000014901161194e-01
1.267999964138510904e-06,-1.000000014901161194e-01
1.268499964124369939e-06,-1.000000014901161194e-01
1.268999964110228973e-06,-1.000000014901161194e-01
1.269499964096088007e-06,-1.000000014901161194e-01
1.269999964081947041e-06,-1.000000014901161194e-01
1.270499964067806076e-06,-1.000000014901161194e-01
1.270999964053665110e-06,-1.000000014901161194e-01
1.271499964039524144e-06,-1.000000014901161194e-01
1.271999964025383179e-06,-1.000000014901161194e-01
1.272499964011242213e-06,-1.000000014901161194e-01
1.272999963997101247e-06,0.000000000000000000e+00
1.273499963982960281e-06,-1.000000014901161194e-01
1.273999963968819316e-06,-1.000000014901161194e-01
1.274499963954678350e-06,-1.000000014901161194e-01
1.274999963940537384e-06,-1.000000014901161194e-01
1.275499963926396418e-06,-1.000000014901161194e-01
1.275999963912255453e-06,-1.000000014901161194e-01
1.276499963898114487e-06,-1.000000014901161194e-01
1.276999963883973521e-06,0.000000000000000000e+00
1.277499963869832555e-06,-1.000000014901161194e-01
1.277999963855691590e-06,0.000000000000000000e+00
1.278499963841550624e-06,-1.000000014901161194e-01
1.278999963827409658e-06,-1.000000014901161194e-01
1.279499963813268693e-06,-1.000000014901161194e-01
1.279999963799127727e-06,-1.000000014901161194e-01
1.280499963784986761e-06,-1.000000014901161194e-01
1.280999963770845795e-06,0.000000000000000000e+00
1.281499963756704830e-06,-1.000000014901161194e-01
1.281999963742563864e-06,0.000000000000000000e+00
1.282499963728422898e-06,-1.000000014901161194e-01
1.282999963714281932e-06,-1.000000014901161194e-01
1.283499963700140967e-06,-1.000000014901161194e-01
1.283999963686000001e-06,-1.000000014901161194e-01
1.284499963671859035e-06,0.000000000000000000e+00
1.284999963657718069e-06,0.000000000000000000e+00
1.285499963643577104e-06,-1.000000014901161194e-01
1.285999963629436138e-06,0.000000000000000000e+00
1.286499963615295172e-06,-1.000000014901161194e-01
1.286999963601154207e-06,0.000000000000000000e+00
1.287499963587013241e-06,-1.000000014901161194e-01
1.287999963572872275e-06,-1.000000014901161194e-01
1.288499963558731309e-06,-1.000000014901161194e-01
1.288999963544590344e-06,-1.000000014901161194e-01
1.289499963530449378e-06,-1.000000014901161194e-01
1.289999963516308412e-06,-1.000000014901161194e-01
1.290499963502167446e-06,-1.000000014901161194e-01
1.290999963488026481e-06,-1.000000014901161194e-01
1.291499963473885515e-06,-1.000000014901161194e-01
1.291999963459744549e-06,-1.000000014901161194e-01
1.292499963445603584e-06,-1.000000014901161194e-01
1.292999963431462618e-06,0.000000000000000000e+00
1.293499963417321652e-06,0.000000000000000000e+00
1.293999963403180686e-06,-1.000000014901161194e-01
1.294499963389039721e-06,0.000000000000000000e+00
1.294999963374898755e-06,-1.000000014901161194e-01
1.295499963360757789e-06,-1.000000014901161194e-01
1.295999963346616823e-06,-1.000000014901161194e-01
1.296499963332475858e-06,-1.000000014901161194e-01
1.296999963318334892e-06,-1.000000014901161194e-01
1.297499963304193926e-06,-1.000000014901161194e-01
1.297999963290052960e-06,0.000000000000000000e+00
1.298499963275911995e-06,-1.000000014901161194e-01
1.298999963261771029e-06,-1.000000014901161194e-01
1.299499963247630063e-06,-1.000000014901161194e-01
1.299999963233489098e-06,-1.000000014901161194e-01
1.300499963219348132e-06,-1.000000014901161194e-01
1.300999963205207166e-06,0.000000000000000000e+00
1.301499963191066200e-06,-1.000000014901161194e-01
1.301999963176925235e-06,0.000000000000000000e+00
1.302499963162784269e-06,-1.000000014901161194e-01
1.302999963148643303e-06,0.000000000000000000e+00
1.303499963134502337e-06,-1.000000014901161194e-01
1.303999963120361372e-06,0.000000000000000000e+00
1.304499963106220406e-06,-1.000000014901161194e-01
1.304999963092079440e-06,0.000000000000000000e+00
1.305499963077938474e-06,-1.000000014901161194e-01
1.305999963063797509e-06,0.000000000000000000e+00
1.306499963049656543e-06,0.000000000000000000e+00
1.306999963035515577e-06,-1.000000014901161194e-01
1.307499963021374612e-06,-1.000000014901161194e-01
1.307999963007233646e-06,-1.000000014901161194e-01
1.308499962993092680e-06,-1.000000014901161194e-01
1.308999962978951714e-06,-1.000000014901161194e-01
1.309499962964810749e-06,-1.000000014901161194e-01
1.309999962950669783e-06,-1.000000014901161194e-01
1.310499962936528817e-06,-1.000000014901161194e-01
1.310999962922387851e-06,-1.000000014901161194e-01
1.311499962908246886e-06,-1.000000014901161194e-01
1.311999962894105920e-06,-1.000000014901161194e-01
1.312499962879964954e-06,-1.000000014901161194e-01
1.312999962865823989e-06,-1.000000014901161194e-01
1.313499962851683023e-06,-1.000000014901161194e-01
1.313999962837542057e-06,-1.000000014901161194e-01
1.314499962823401091e-06,-1.000000014901161194e-01
1.314999962809260126e-06,0.000000000000000000e+00
1.315499962795119160e-06,-1.000000014901161194e-01
1.315999962780978194e-06,0.000000000000000000e+00
1.316499962766837228e-06,-1.000000014901161194e-01
1.316999962752696263e-06,-1.000000014901161194e-01
1.317499962738555297e-06,-1.000000014901161194e-01
1.317999962724414331e-06,-1.000000014901161194e-01
1.318499962710273365e-06,-1.000000014901161194e-01
1.318999962696132400e-06,0.000000000000000000e+00
1.319499962681991434e-06,-1.000000014901161194e-01
1.319999962667850468e-06,-1.000000014901161194e-01
1.320499962653709503e-06,-1.000000014901161194e-01
1.320999962639568537e-06,0.000000000000000000e+00
1.321499962625427571e-06,-1.000000014901161194e-01
1.321999962611286605e-06,-1.000000014901161194e-01
1.322499962597145640e-06,-1.000000014901161194e-01
1.322999962583004674e-06,-1.000000014901161194e-01
1.323499962568863708e-06,-1.000000014901161194e-01
1.323999962554722742e-06,0.000000000000000000e+00
1.324499962540581777e-06,-1.000000014901161194e-01
1.324999962526440811e-06,0.000000000000000000e+00
1.325499962512299845e-06,-1.000000014901161194e-01
1.325999962498158879e-06,0.000000000000000000e+00
1.326499962484017914e-06,0.000000000000000000e+00
1.326999962469876948e-06,0.000000000000000000e+00
1.327499962455735982e-06,-1.000000014901161194e-01
1.327999962441595017e-06,0.000000000000000000e+00
1.328499962427454051e-06,-1.000000014901161194e-01
1.328999962413313085e-06,-1.000000014901161194e-01
1.329499962399172119e-06,-1.000000014901161194e-01
1.329999962385031154e-06,-1.000000014901161194e-01
1.330499962370890188e-06,-1.000000014901161194e-01
1.330999962356749222e-06,-1.000000014901161194e-01
1.331499962342608256e-06,-1.000000014901161194e-01
1.331999962328467291e-06,-1.000000014901161194e-01
1.332499962314326325e-06,-1.000000014901161194e-01
1.332999962300185359e-06,0.000000000000000000e+00
1.333499962286044394e-06,-1.000000014901161194e-01
1.333999962271903428e-06,0.000000000000000000e+00
1.334499962257762462e-06,-1.000000014901161194e-01
1.334999962243621496e-06,-1.000000014901161194e-01
1.335499962229480531e-06,-1.000000014901161194e-01
1.335999962215339565e-06,-1.000000014901161194e-01
1.336499962201198599e-06,-1.000000014901161194e-01
1.336999962187057633e-06,0.000000000000000000e+00
1.337499962172916668e-06,-1.000000014901161194e-01
1.337999962158775702e-06,-1.000000014901161194e-01
1.338499962144634736e-06,-1.000000014901161194e-01
1.338999962130493770e-06,0.000000000000000000e+00
1.339499962116352805e-06,-1.000000014901161194e-01
1.339999962102211839e-06,0.000000000000000000e+00
1.340499962088070873e-06,-1.000000014901161194e-01
1.340999962073929908e-06,-1.000000014901161194e-01
1.341499962059788942e-06,0.000000000000000000e+00
1.341999962045647976e-06,0.000000000000000000e+00
1.342499962031507010e-06,-1.000000014901161194e-01
1.342999962017366045e-06,-1.000000014901161194e-01
1.343499962003225079e-06,-1.000000014901161194e-01
1.343999961989084113e-06,0.000000000000000000e+00
1.344499961974943147e-06,-1.000000014901161194e-01
1.344999961960802182e-06,-1.000000014901161194e-01
1.345499961946661216e-06,-1.000000014901161194e-01
1.345999961932520250e-06,0.000000000000000000e+00
1.346499961918379284e-06,-1.000000014901161194e-01
1.346999961904238319e-06,-1.000000014901161194e-01
1.347499961890097353e-06,0.000000000000000000e+00
1.347999961875956387e-06,0.000000000000000000e+00
1.348499961861815422e-06,-1.000000014901161194e-01
1.348999961847674456e-06,0.000000000000000000e+00
1.349499961833533490e-06,-1.000000014901161194e-01
1.349999961819392524e-06,0.000000000000000000e+00
1.350499961805251559e-06,-1.000000014901161194e-01
1.350999961791110593e-06,-1.000000014901161194e-01
1.351499961776969627e-06,-1.000000014901161194e-01
1.351999961762828661e-06,0.000000000000000000e+00
1.352499961748687696e-06,-1.000000014901161194e-01
1.352999961734546730e-06,-1.000000014901161194e-01
1.353499961720405764e-06,-1.000000014901161194e-01
1.353999961706264799e-06,-1.000000014901161194e-01
1.354499961692123833e-06,-1.000000014901161194e-01
1.354999961677982867e-06,0.000000000000000000e+00
1.355499961663841901e-06,-1.000000014901161194e-01
1.355999961649700936e-06,0.000000000000000000e+00
1.356499961635559970e-06,-1.000000014901161194e-01
1.356999961621419004e-06,0.000000000000000000e+00
1.357499961607278038e-06,-1.000000014901161194e-01
1.357999961593137073e-06,-1.000000014901161194e-01
1.358499961578996107e-06,-1.000000014901161194e-01
1.358999961564855141e-06,0.000000000000000000e+00
1.359499961550714175e-06,-1.000000014901161194e-01
1.359999961536573210e-06,0.000000000000000000e+00
1.360499961522432244e-06,-1.000000014901161194e-01
1.360999961508291278e-06,-1.000000014901161194e-01
1.361499961494150313e-06,-1.000000014901161194e-01
1.361999961480009347e-06,-1.000000014901161194e-01
1.362499961465868381e-06,-1.000000014901161194e-01
1.362999961451727415e-06,-1.000000014901161194e-01
1.363499961437586450e-06,-1.000000014901161194e-01
1.363999961423445484e-06,-1.000000014901161194e-01
1.364499961409304518e-06,-1.000000014901161194e-01
1.364999961395163552e-06,-1.000000014901161194e-01
1.365499961381022587e-06,-1.000000014901161194e-01
1.365999961366881621e-06,0.000000000000000000e+00
1.366499961352740655e-06,-1.000000014901161194e-01
1.366999961338599689e-06,-1.000000014901161194e-01
1.367499961324458724e-06,-1.000000014901161194e-01
1.367999961310317758e-06,-1.000000014901161194e-01
1.368499961296176792e-06,-1.000000014901161194e-01
1.368999961282035827e-06,0.000000000000000000e+00
1.369499961267894861e-06,-1.000000014901161194e-01
1.369999961253753895e-06,-1.000000014901161194e-01
1.370499961239612929e-06,-1.000000014901161194e-01
1.370999961225471964e-06,0.000000000000000000e+00
1.371499961211330998e-06,-1.000000014901161194e-01
1.371999961197190032e-06,0.000000000000000000e+00
1.372499961183049066e-06,0.000000000000000000e+00
1.372999961168908101e-06,0.000000000000000000e+00
1.373499961154767135e-06,-1.000000014901161194e-01
1.373999961140626169e-06,-1.000000014901161194e-01
1.374499961126485204e-06,-1.000000014901161194e-01
1.374999961112344238e-06,0.000000000000000000e+00
1.375499961098203272e-06,-1.000000014901161194e-01
1.375999961084062306e-06,0.000000000000000000e+00
1.376499961069921341e-06,-1.000000014901161194e-01
1.376999961055780375e-06,-1.000000014901161194e-01
1.377499961041639409e-06,-1.000000014901161194e-01
1.377999961027498443e-06,0.000000000000000000e+00
1.378499961013357478e-06,0.000000000000000000e+00
1.378999960999216512e-06,0.000000000000000000e+00
1.379499960985075546e-06,0.000000000000000000e+00
1.379999960970934580e-06,-1.000000014901161194e-01
1.380499960956793615e-06,-1.000000014901161194e-01
1.380999960942652649e-06,0.000000000000000000e+00
1.381499960928511683e-06,-1.000000014901161194e-01
1.381999960914370718e-06,0.000000000000000000e+00
1.382499960900229752e-06,0.000000000000000000e+00
1.382999960886088786e-06,-1.000000014901161194e-01
1.383499960871947820e-06,-1.000000014901161194e-01
1.383999960857806855e-06,0.000000000000000000e+00
1.384499960843665889e-06,-1.000000014901161194e-01
1.384999960829524923e-06,-1.000000014901161194e-01
1.385499960815383957e-06,-1.000000014901161194e-01
1.385999960801242992e-06,-1.000000014901161194e-01
1.386499960787102026e-06,-1.000000014901161194e-01
1.386999960772961060e-06,0.000000000000000000e+00
1.387499960758820094e-06,-1.000000014901161194e-01
1.387999960744679129e-06,0.000000000000000000e+00
1.388499960730538163e-06,-1.000000014901161194e-01
1.388999960716397197e-06,0.000000000000000000e+00
1.389499960702256232e-06,-1.000000014901161194e-01
1.389999960688115266e-06,-1.000000014901161194e-01
1.390499960673974300e-06,-1.000000014901161194e-01
1.390999960659833334e-06,-1.000000014901161194e-01
1.391499960645692369e-06,0.000000000000000000e+00
1.391999960631551403e-06,0.000000000000000000e+00
1.392499960617410437e-06,-1.000000014901161194e-01
1.392999960603269471e-06,-1.000000014901161194e-01
1.393499960589128506e-06,-1.000000014901161194e-01
1.393999960574987540e-06,0.000000000000000000e+00
1.394499960560846574e-06,-1.000000014901161194e-01
1.394999960546705609e-06,-1.000000014901161194e-01
1.395499960532564643e-06,-1.000000014901161194e-01
1.395999960518423677e-06,0.000000000000000000e+00
1.396499960504282711e-06,-1.000000014901161194e-01
1.396999960490141746e-06,0.000000000000000000e+00
1.397499960476000780e-06,-1.000000014901161194e-01
1.397999960461859814e-06,0.000000000000000000e+00
1.398499960447718848e-06,0.000000000000000000e+00
1.398999960433577883e-06,0.000000000000000000e+00
1.399499960419436917e-06,-1.000000014901161194e-01
1.399999960405295951e-06,-1.000000014901161194e-01
1.400499960391154985e-06,-1.000000014901161194e-01
1.400999960377014020e-06,0.000000000000000000e+00
1.401499960362873054e-06,-1.000000014901161194e-01
1.401999960348732088e-06,0.000000000000000000e+00
1.402499960334591123e-06,-1.000000014901161194e-01
1.402999960320450157e-06,-1.000000014901161194e-01
1.403499960306309191e-06,-1.000000014901161194e-01
1.403999960292168225e-06,-1.000000014901161194e-01
1.404499960278027260e-06,-1.000000014901161194e-01
1.404999960263886294e-06,0.000000000000000000e+00
1.405499960249745328e-06,-1.000000014901161194e-01
1.405999960235604362e-06,-1.000000014901161194e-01
1.406499960221463397e-06,-1.000000014901161194e-01
1.406999960207322431e-06,0.000000000000000000e+00
1.407499960193181465e-06,-1.000000014901161194e-01
1.407999960179040499e-06,0.000000000000000000e+00
1.408499960164899534e-06,-1.000000014901161194e-01
1.408999960150758568e-06,0.000000000000000000e+00
1.409499960136617602e-06,-1.000000014901161194e-01
1.409999960122476637e-06,-1.000000014901161194e-01
1.410499960108335671e-06,-1.000000014901161194e-01
1.410999960094194705e-06,-1.000000014901161194e-01
1.411499960080053739e-06,-1.000000014901161194e-01
1.411999960065912774e-06,-1.000000014901161194e-01
1.412499960051771808e-06,-1.000000014901161194e-01
1.412999960037630842e-06,-1.000000014901161194e-01
1.413499960023489876e-06,-1.000000014901161194e-01
1.413999960009348911e-06,-1.000000014901161194e-01
1.414499959995207945e-06,-1.000000014901161194e-01
1.414999959981066979e-06,-1.000000014901161194e-01
1.415499959966926014e-06,-1.000000014901161194e-01
1.415999959952785048e-06,0.000000000000000000e+00
1.416499959938644082e-06,-1.000000014901161194e-01
1.416999959924503116e-06,-1.000000014901161194e-01
1.417499959910362151e-06,-1.000000014901161194e-01
1.417999959896221185e-06,-1.000000014901161194e-01
1.418499959882080219e-06,-1.000000014901161194e-01
1.418999959867939253e-06,-1.000000014901161194e-01
1.419499959853798288e-06,-1.000000014901161194e-01
1.419999959839657322e-06,0.000000000000000000e+00
1.420499959825516356e-06,-1.000000014901161194e-01
1.420999959811375390e-06,0.000000000000000000e+00
1.421499959797234425e-06,-1.000000014901161194e-01
1.421999959783093459e-06,0.000000000000000000e+00
1.422499959768952493e-06,-1.000000014901161194e-01
1.422999959754811528e-06,0.000000000000000000e+00
1.423499959740670562e-06,-1.000000014901161194e-01
1.423999959726529596e-06,0.000000000000000000e+00
1.424499959712388630e-06,-1.000000014901161194e-01
1.424999959698247665e-06,0.000000000000000000e+00
1.425499959684106699e-06,-1.000000014901161194e-01
1.425999959669965733e-06,-1.000000014901161194e-01
1.426499959655824767e-06,-1.000000014901161194e-01
1.426999959641683802e-06,-1.000000014901161194e-01
1.427499959627542836e-06,-1.000000014901161194e-01
1.427999959613401870e-06,-1.000000014901161194e-01
1.428499959599260904e-06,-1.000000014901161194e-01
1.428999959585119939e-06,0.000000000000000000e+00
1.429499959570978973e-06,0.000000000000000000e+00
1.429999959556838007e-06,-1.000000014901161194e-01
1.430499959542697042e-06,-1.000000014901161194e-01
1.430999959528556076e-06,-1.000000014901161194e-01
1.431499959514415110e-06,-1.000000014901161194e-01
1.431999959500274144e-06,-1.000000014901161194e-01
1.432499959486133179e-06,-1.000000014901161194e-01
1.432999959471992213e-06,-1.000000014901161194e-01
1.433499959457851247e-06,-1.000000014901161194e-01
1.433999959443710281e-06,-1.000000014901161194e-01
1.434499959429569316e-06,-1.000000014901161194e-01
1.434999959415428350e-06,0.000000000000000000e+00
1.435499959401287384e-06,-1.000000014901161194e-01
1.435999959387146419e-06,0.000000000000000000e+00
1.436499959373005453e-06,-1.000000014901161194e-01
1.436999959358864487e-06,0.000000000000000000e+00
1.437499959344723521e-06,-1.000000014901161194e-01
1.437999959330582556e-06,-1.000000014901161194e-01
1.438499959316441590e-06,-1.000000014901161194e-01
1.438999959302300624e-06,-1.000000014901161194e-01
1.439499959288159658e-06,-1.000000014901161194e-01
1.439999959274018693e-06,0.000000000000000000e+00
1.440499959259877727e-06,-1.000000014901161194e-01
1.440999959245736761e-06,-1.000000014901161194e-01
1.441499959231595795e-06,-1.000000014901161194e-01
1.441999959217454830e-06,-1.000000014901161194e-01
1.442499959203313864e-06,-1.000000014901161194e-01
1.442999959189172898e-06,0.000000000000000000e+00
1.443499959175031933e-06,-1.000000014901161194e-01
1.443999959160890967e-06,-1.000000014901161194e-01
1.444499959146750001e-06,-1.000000014901161194e-01
1.444999959132609035e-06,-1.000000014901161194e-01
1.445499959118468070e-06,-1.000000014901161194e-01
1.445999959104327104e-06,0.000000000000000000e+00
1.446499959090186138e-06,-1.000000014901161194e-01
1.446999959076045172e-06,-1.000000014901161194e-01
1.447499959061904207e-06,-1.000000014901161194e-01
1.447999959047763241e-06,-1.000000014901161194e-01
1.448499959033622275e-06,-1.000000014901161194e-01
1.448999959019481309e-06,-1.000000014901161194e-01
1.449499959005340344e-06,-1.000000014901161194e-01
1.449999958991199378e-06,-1.000000014901161194e-01
1.450499958977058412e-06,-1.000000014901161194e-01
1.450999958962917447e-06,-1.000000014901161194e-01
1.451499958948776481e-06,-1.000000014901161194e-01
1.451999958934635515e-06,0.000000000000000000e+00
1.452499958920494549e-06,-1.000000014901161194e-01
1.452999958906353584e-06,-1.000000014901161194e-01
1.453499958892212618e-06,-1.000000014901161194e-01
1.453999958878071652e-06,0.000000000000000000e+00
1.454499958863930686e-06,-1.000000014901161194e-01
1.454999958849789721e-06,0.000000000000000000e+00
1.455499958835648755e-06,-1.000000014901161194e-01
1.455999958821507789e-06,-1.000000014901161194e-01
1.456499958807366824e-06,-1.000000014901161194e-01
1.456999958793225858e-06,-1.000000014901161194e-01
1.457499958779084892e-06,-1.000000014901161194e-01
1.457999958764943926e-06,0.000000000000000000e+00
1.458499958750802961e-06,-1.000000014901161194e-01
1.458999958736661995e-06,-1.000000014901161194e-01
1.459499958722521029e-06,-1.000000014901161194e-01
1.459999958708380063e-06,-1.000000014901161194e-01
1.460499958694239098e-06,-1.000000014901161194e-01
1.460999958680098132e-06,0.000000000000000000e+00
1.461499958665957166e-06,-1.000000014901161194e-01
1.461999958651816200e-06,0.000000000000000000e+00
1.462499958637675235e-06,-1.000000014901161194e-01
1.462999958623534269e-06,0.000000000000000000e+00
1.463499958609393303e-06,-1.000000014901161194e-01
1.463999958595252338e-06,-1.000000014901161194e-01
1.464499958581111372e-06,-1.000000014901161194e-01
1.464999958566970406e-06,0.000000000000000000e+00
1.465499958552829440e-06,-1.000000014901161194e-01
1.465999958538688475e-06,0.000000000000000000e+00
1.466499958524547509e-06,-1.000000014901161194e-01
1.466999958510406543e-06,-1.000000014901161194e-01
1.467499958496265577e-06,-1.000000014901161194e-01
1.467999958482124612e-06,0.000000000000000000e+00
1.468499958467983646e-06,-1.000000014901161194e-01
1.468999958453842680e-06,-1.000000014901161194e-01
1.469499958439701714e-06,-1.000000014901161194e-01
1.469999958425560749e-06,-1.000000014901161194e-01
1.470499958411419783e-06,-1.000000014901161194e-01
1.470999958397278817e-06,-1.000000014901161194e-01
1.471499958383137852e-06,-1.000000014901161194e-01
1.471999958368996886e-06,-1.000000014901161194e-01
1.472499958354855920e-06,-1.000000014901161194e-01
1.472999958340714954e-06,0.000000000000000000e+00
1.473499958326573989e-06,-1.000000014901161194e-01
1.473999958312433023e-06,-1.000000014901161194e-01
1.474499958298292057e-06,-1.000000014901161194e-01
1.474999958284151091e-06,-1.000000014901161194e-01
1.475499958270010126e-06,-1.000000014901161194e-01
1.475999958255869160e-06,0.000000000000000000e+00
1.476499958241728194e-06,-1.000000014901161194e-01
1.476999958227587229e-06,0.000000000000000000e+00
1.477499958213446263e-06,-1.000000014901161194e-01
1.477999958199305297e-06,-1.000000014901161194e-01
1.478499958185164331e-06,-1.000000014901161194e-01
1.478999958171023366e-06,-1.000000014901161194e-01
1.479499958156882400e-06,-1.000000014901161194e-01
1.479999958142741434e-06,-1.000000014901161194e-01
1.480499958128600468e-06,-1.000000014901161194e-01
1.480999958114459503e-06,0.000000000000000000e+00
1.481499958100318537e-06,-1.000000014901161194e-01
1.481999958086177571e-06,-1.000000014901161194e-01
1.482499958072036605e-06,-1.000000014901161194e-01
1.482999958057895640e-06,0.000000000000000000e+00
1.483499958043754674e-06,0.000000000000000000e+00
1.483999958029613708e-06,0.000000000000000000e+00
1.484499958015472743e-06,-1.000000014901161194e-01
1.484999958001331777e-06,0.000000000000000000e+00
1.485499957987190811e-06,-1.000000014901161194e-01
1.485999957973049845e-06,0.000000000000000000e+00
1.486499957958908880e-06,-1.000000014901161194e-01
1.486999957944767914e-06,0.000000000000000000e+00
1.487499957930626948e-06,-1.000000014901161194e-01
1.487999957916485982e-06,-1.000000014901161194e-01
1.488499957902345017e-06,-1.000000014901161194e-01
1.488999957888204051e-06,-1.000000014901161194e-01
1.489499957874063085e-06,-1.000000014901161194e-01
1.489999957859922119e-06,0.000000000000000000e+00
1.490499957845781154e-06,-1.000000014901161194e-01
1.490999957831640188e-06,0.000000000000000000e+00
1.491499957817499222e-06,-1.000000014901161194e-01
1.491999957803358257e-06,0.000000000000000000e+00
1.492499957789217291e-06,0.000000000000000000e+00
1.492999957775076325e-06,0.000000000000000000e+00
1.493499957760935359e-06,0.000000000000000000e+00
1.493999957746794394e-06,0.000000000000000000e+00
1.494499957732653428e-06,-1.000000014901161194e-01
1.494999957718512462e-06,0.000000000000000000e+00
1.495499957704371496e-06,0.000000000000000000e+00
1.495999957690230531e-06,0.000000000000000000e+00
1.496499957676089565e-06,-1.000000014901161194e-01
1.496999957661948599e-06,0.000000000000000000e+00
1.497499957647807634e-06,-1.000000014901161194e-01
1.497999957633666668e-06,0.000000000000000000e+00
1.498499957619525702e-06,-1.000000014901161194e-01
1.498999957605384736e-06,0.000000000000000000e+00
1.499499957591243771e-06,-1.000000014901161194e-01
1.499999957577102805e-06,-1.000000014901161194e-01
1.500499957562961839e-06,-1.000000014901161194e-01
1.500999957548820873e-06,0.000000000000000000e+00
1.501499957534679908e-06,-1.000000014901161194e-01
1.501999957520538942e-06,0.000000000000000000e+00
1.502499957506397976e-06,-1.000000014901161194e-01
1.502999957492257010e-06,0.000000000000000000e+00
1.503499957478116045e-06,-1.000000014901161194e-01
1.503999957463975079e-06,0.000000000000000000e+00
1.504499957449834113e-06,-1.000000014901161194e-01
1.504999957435693148e-06,-1.000000014901161194e-01
1.505499957421552182e-06,-1.000000014901161194e-01
1.505999957407411216e-06,0.000000000000000000e+00
1.506499957393270250e-06,-1.000000014901161194e-01
1.506999957379129285e-06,-1.000000014901161194e-01
1.507499957364988319e-06,-1.000000014901161194e-01
1.507999957350847353e-06,0.000000000000000000e+00
1.508499957336706387e-06,-1.000000014901161194e-01
1.508999957322565422e-06,-1.000000014901161194e-01
1.509499957308424456e-06,-1.000000014901161194e-01
1.509999957294283490e-06,0.000000000000000000e+00
1.510499957280142524e-06,-1.000000014901161194e-01
1.510999957266001559e-06,0.000000000000000000e+00
1.511499957251860593e-06,0.000000000000000000e+00
1.511999957237719627e-06,0.000000000000000000e+00
1.512499957223578662e-06,-1.000000014901161194e-01
1.512999957209437696e-06,0.000000000000000000e+00
1.513499957195296730e-06,0.000000000000000000e+00
1.513999957181155764e-06,0.000000000000000000e+00
1.514499957167014799e-06,-1.000000014901161194e-01
1.514999957152873833e-06,0.000000000000000000e+00
1.515499957138732867e-06,-1.000000014901161194e-01
1.515999957124591901e-06,0.000000000000000000e+00
1.516499957110450936e-06,-1.000000014901161194e-01
1.516999957096309970e-06,-1.000000014901161194e-01
1.517499957082169004e-06,-1.000000014901161194e-01
1.517999957068028039e-06,0.000000000000000000e+00
1.518499957053887073e-06,-1.000000014901161194e-01
1.518999957039746107e-06,0.000000000000000000e+00
1.519499957025605141e-06,-1.000000014901161194e-01
1.519999957011464176e-06,0.000000000000000000e+00
1.520499956997323210e-06,-1.000000014901161194e-01
1.520999956983182244e-06,-1.000000014901161194e-01
1.521499956969041278e-06,0.000000000000000000e+00
1.521999956954900313e-06,0.000000000000000000e+00
1.522499956940759347e-06,-1.000000014901161194e-01
1.522999956926618381e-06,-1.000000014901161194e-01
1.523499956912477415e-06,-1.000000014901161194e-01
1.523999956898336450e-06,0.000000000000000000e+00
1.524499956884195484e-06,-1.000000014901161194e-01
1.524999956870054518e-06,-1.000000014901161194e-01
1.525499956855913553e-06,-1.000000014901161194e-01
1.525999956841772587e-06,-1.000000014901161194e-01
1.526499956827631621e-06,-1.000000014901161194e-01
1.526999956813490655e-06,-1.000000014901161194e-01
1.527499956799349690e-06,-1.000000014901161194e-01
1.527999956785208724e-06,0.000000000000000000e+00
1.528499956771067758e-06,-1.000000014901161194e-01
1.528999956756926792e-06,-1.000000014901161194e-01
1.529499956742785827e-06,-1.000000014901161194e-01
1.529999956728644861e-06,0.000000000000000000e+00
1.530499956714503895e-06,-1.000000014901161194e-01
1.530999956700362929e-06,-1.000000014901161194e-01
1.531499956686221964e-06,-1.000000014901161194e-01
1.531999956672080998e-06,0.000000000000000000e+00
1.532499956657940032e-06,-1.000000014901161194e-01
1.532999956643799067e-06,-1.000000014901161194e-01
1.533499956629658101e-06,-1.000000014901161194e-01
1.533999956615517135e-06,-1.000000014901161194e-01
1.534499956601376169e-06,-1.000000014901161194e-01
1.534999956587235204e-06,-1.000000014901161194e-01
1.535499956573094238e-06,-1.000000014901161194e-01
1.535999956558953272e-06,0.000000000000000000e+00
1.536499956544812306e-06,-1.000000014901161194e-01
1.536999956530671341e-06,0.000000000000000000e+00
1.537499956516530375e-06,0.000000000000000000e+00
1.537999956502389409e-06,-1.000000014901161194e-01
1.538499956488248444e-06,-1.000000014901161194e-01
1.538999956474107478e-06,-1.000000014901161194e-01
1.539499956459966512e-06,-1.000000014901161194e-01
1.539999956445825546e-06,0.000000000000000000e+00
1.540499956431684581e-06,-1.000000014901161194e-01
1.540999956417543615e-06,0.000000000000000000e+00
1.541499956403402649e-06,-1.000000014901161194e-01
1.541999956389261683e-06,0.000000000000000000e+00
1.542499956375120718e-06,-1.000000014901161194e-01
1.542999956360979752e-06,-1.000000014901161194e-01
1.543499956346838786e-06,-1.000000014901161194e-01
1.543999956332697820e-06,0.000000000000000000e+00
1.544499956318556855e-06,0.000000000000000000e+00
1.544999956304415889e-06,-1.000000014901161194e-01
1.545499956290274923e-06,-1.000000014901161194e-01
1.545999956276133958e-06,0.000000000000000000e+00
1.546499956261992992e-06,-1.000000014901161194e-01
1.546999956247852026e-06,-1.000000014901161194e-01
1.547499956233711060e-06,-1.000000014901161194e-01
1.547999956219570095e-06,0.000000000000000000e+00
1.548499956205429129e-06,-1.000000014901161194e-01
1.548999956191288163e-06,-1.000000014901161194e-01
1.549499956177147197e-06,-1.000000014901161194e-01
1.549999956163006232e-06,0.000000000000000000e+00
1.550499956148865266e-06,-1.000000014901161194e-01
1.550999956134724300e-06,-1.000000014901161194e-01
1.551499956120583334e-06,-1.000000014901161194e-01
1.551999956106442369e-06,-1.000000014901161194e-01
1.552499956092301403e-06,-1.000000014901161194e-01
1.552999956078160437e-06,-1.000000014901161194e-01
1.553499956064019472e-06,-1.000000014901161194e-01
1.553999956049878506e-06,-1.000000014901161194e-01
1.554499956035737540e-06,-1.000000014901161194e-01
1.554999956021596574e-06,-1.000000014901161194e-01
1.555499956007455609e-06,-1.000000014901161194e-01
1.555999955993314643e-06,0.000000000000000000e+00
1.556499955979173677e-06,-1.000000014901161194e-01
1.556999955965032711e-06,-1.000000014901161194e-01
1.557499955950891746e-06,-1.000000014901161194e-01
1.557999955936750780e-06,0.000000000000000000e+00
1.558499955922609814e-06,-1.000000014901161194e-01
1.558999955908468849e-06,0.000000000000000000e+00
1.559499955894327883e-06,-1.000000014901161194e-01
1.559999955880186917e-06,0.000000000000000000e+00
1.560499955866045951e-06,0.000000000000000000e+00
1.560999955851904986e-06,0.000000000000000000e+00
1.561499955837764020e-06,-1.000000014901161194e-01
1.561999955823623054e-06,0.000000000000000000e+00
1.562499955809482088e-06,-1.000000014901161194e-01
1.562999955795341123e-06,-1.000000014901161194e-01
1.563499955781200157e-06,-1.000000014901161194e-01
1.563999955767059191e-06,0.000000000000000000e+00
1.564499955752918225e-06,-1.000000014901161194e-01
1.564999955738777260e-06,0.000000000000000000e+00
1.565499955724636294e-06,-1.000000014901161194e-01
1.565999955710495328e-06,0.000000000000000000e+00
1.566499955696354363e-06,-1.000000014901161194e-01
1.566999955682213397e-06,-1.000000014901161194e-01
1.567499955668072431e-06,-1.000000014901161194e-01
1.567999955653931465e-06,0.000000000000000000e+00
1.568499955639790500e-06,-1.000000014901161194e-01
1.568999955625649534e-06,-1.000000014901161194e-01
1.569499955611508568e-06,-1.000000014901161194e-01
1.569999955597367602e-06,0.000000000000000000e+00
1.570499955583226637e-06,-1.000000014901161194e-01
1.570999955569085671e-06,-1.000000014901161194e-01
1.571499955554944705e-06,-1.000000014901161194e-01
1.571999955540803739e-06,0.000000000000000000e+00
1.572499955526662774e-06,-1.000000014901161194e-01
1.572999955512521808e-06,-1.000000014901161194e-01
1.573499955498380842e-06,-1.000000014901161194e-01
1.573999955484239877e-06,-1.000000014901161194e-01
1.574499955470098911e-06,-1.000000014901161194e-01
1.574999955455957945e-06,-1.000000014901161194e-01
1.575499955441816979e-06,-1.000000014901161194e-01
1.575999955427676014e-06,-1.000000014901161194e-01
1.576499955413535048e-06,-1.000000014901161194e-01
1.576999955399394082e-06,-1.000000014901161194e-01
1.577499955385253116e-06,-1.000000014901161194e-01
1.577999955371112151e-06,0.000000000000000000e+00
1.578499955356971185e-06,-1.000000014901161194e-01
1.578999955342830219e-06,0.000000000000000000e+00
1.579499955328689254e-06,-1.000000014901161194e-01
1.579999955314548288e-06,0.000000000000000000e+00
1.580499955300407322e-06,-1.000000014901161194e-01
1.580999955286266356e-06,0.000000000000000000e+00
1.581499955272125391e-06,-1.000000014901161194e-01
1.581999955257984425e-06,-1.000000014901161194e-01
1.582499955243843459e-06,-1.000000014901161194e-01
1.582999955229702493e-06,-1.000000014901161194e-01
1.583499955215561528e-06,-1.000000014901161194e-01
1.583999955201420562e-06,-1.000000014901161194e-01
1.584499955187279596e-06,-1.000000014901161194e-01
1.584999955173138630e-06,-1.000000014901161194e-01
1.585499955158997665e-06,-1.000000014901161194e-01
1.585999955144856699e-06,0.000000000000000000e+00
1.586499955130715733e-06,-1.000000014901161194e-01
1.586999955116574768e-06,-1.000000014901161194e-01
1.587499955102433802e-06,-1.000000014901161194e-01
1.587999955088292836e-06,-1.000000014901161194e-01
1.588499955074151870e-06,-1.000000014901161194e-01
1.588999955060010905e-06,0.000000000000000000e+00
1.589499955045869939e-06,-1.000000014901161194e-01
1.589999955031728973e-06,0.000000000000000000e+00
1.590499955017588007e-06,-1.000000014901161194e-01
1.590999955003447042e-06,0.000000000000000000e+00
1.591499954989306076e-06,-1.000000014901161194e-01
1.591999954975165110e-06,0.000000000000000000e+00
1.592499954961024144e-06,-1.000000014901161194e-01
1.592999954946883179e-06,-1.000000014901161194e-01
1.593499954932742213e-06,-1.000000014901161194e-01
1.593999954918601247e-06,-1.000000014901161194e-01
1.594499954904460282e-06,-1.000000014901161194e-01
1.594999954890319316e-06,-1.000000014901161194e-01
1.595499954876178350e-06,-1.000000014901161194e-01
1.595999954862037384e-06,-1.000000014901161194e-01
1.596499954847896419e-06,-1.000000014901161194e-01
1.596999954833755453e-06,-1.000000014901161194e-01
1.597499954819614487e-06,-1.000000014901161194e-01
1.597999954805473521e-06,0.000000000000000000e+00
1.598499954791332556e-06,-1.000000014901161194e-01
1.598999954777191590e-06,-1.000000014901161194e-01
1.599499954763050624e-06,-1.000000014901161194e-01
1.599999954748909659e-06,0.000000000000000000e+00
1.600499954734768693e-06,-1.000000014901161194e-01
1.600999954720627727e-06,0.000000000000000000e+00
1.601499954706486761e-06,0.000000000000000000e+00
1.601999954692345796e-06,0.000000000000000000e+00
1.602499954678204830e-06,-1.000000014901161194e-01
1.602999954664063864e-06,-1.000000014901161194e-01
1.603499954649922898e-06,-1.000000014901161194e-01
1.603999954635781933e-06,0.000000000000000000e+00
1.604499954621640967e-06,-1.000000014901161194e-01
1.604999954607500001e-06,0.000000000000000000e+00
1.605499954593359035e-06,-1.000000014901161194e-01
1.605999954579218070e-06,0.000000000000000000e+00
1.606499954565077104e-06,-1.000000014901161194e-01
1.606999954550936138e-06,0.000000000000000000e+00
1.607499954536795173e-06,-1.000000014901161194e-01
1.607999954522654207e-06,-1.000000014901161194e-01
1.608499954508513241e-06,-1.000000014901161194e-01
1.608999954494372275e-06,-1.000000014901161194e-01
1.609499954480231310e-06,-1.000000014901161194e-01
1.609999954466090344e-06,0.000000000000000000e+00
1.610499954451949378e-06,-1.000000014901161194e-01
1.610999954437808412e-06,-1.000000014901161194e-01
1.611499954423667447e-06,-1.000000014901161194e-01
1.611999954409526481e-06,-1.000000014901161194e-01
1.612499954395385515e-06,-1.000000014901161194e-01
1.612999954381244549e-06,-1.000000014901161194e-01
1.613499954367103584e-06,-1.000000014901161194e-01
1.613999954352962618e-06,-1.000000014901161194e-01
1.614499954338821652e-06,-1.000000014901161194e-01
1.614999954324680687e-06,0.000000000000000000e+00
1.615499954310539721e-06,-1.000000014901161194e-01
1.615999954296398755e-06,0.000000000000000000e+00
1.616499954282257789e-06,-1.000000014901161194e-01
1.616999954268116824e-06,-1.000000014901161194e-01
1.617499954253975858e-06,-1.000000014901161194e-01
1.617999954239834892e-06,-1.000000014901161194e-01
1.618499954225693926e-06,-1.000000014901161194e-01
1.618999954211552961e-06,-1.000000014901161194e-01
1.619499954197411995e-06,-1.000000014901161194e-01
1.619999954183271029e-06,-1.000000014901161194e-01
1.620499954169130064e-06,-1.000000014901161194e-01
1.620999954154989098e-06,-1.000000014901161194e-01
1.621499954140848132e-06,-1.000000014901161194e-01
1.621999954126707166e-06,0.000000000000000000e+00
1.622499954112566201e-06,-1.000000014901161194e-01
1.622999954098425235e-06,0.000000000000000000e+00
1.623499954084284269e-06,-1.000000014901161194e-01
1.623999954070143303e-06,0.000000000000000000e+00
1.624499954056002338e-06,-1.000000014901161194e-01
1.624999954041861372e-06,0.000000000000000000e+00
1.625499954027720406e-06,-1.000000014901161194e-01
1.625999954013579440e-06,-1.000000014901161194e-01
1.626499953999438475e-06,-1.000000014901161194e-01
1.626999953985297509e-06,-1.000000014901161194e-01
1.627499953971156543e-06,-1.000000014901161194e-01
1.627999953957015578e-06,-1.000000014901161194e-01
1.628499953942874612e-06,-1.000000014901161194e-01
1.628999953928733646e-06,0.000000000000000000e+00
1.629499953914592680e-06,-1.000000014901161194e-01
1.629999953900451715e-06,-1.000000014901161194e-01
1.630499953886310749e-06,-1.000000014901161194e-01
1.630999953872169783e-06,-1.000000014901161194e-01
1.631499953858028817e-06,-1.000000014901161194e-01
1.631999953843887852e-06,0.000000000000000000e+00
1.632499953829746886e-06,-1.000000014901161194e-01
1.632999953815605920e-06,-1.000000014901161194e-01
1.633499953801464954e-06,-1.000000014901161194e-01
1.633999953787323989e-06,-1.000000014901161194e-01
1.634499953773183023e-06,-1.000000014901161194e-01
1.634999953759042057e-06,0.000000000000000000e+00
1.635499953744901092e-06,-1.000000014901161194e-01
1.635999953730760126e-06,0.000000000000000000e+00
1.636499953716619160e-06,-1.000000014901161194e-01
1.636999953702478194e-06,-1.000000014901161194e-01
1.637499953688337229e-06,-1.000000014901161194e-01
1.637999953674196263e-06,-1.000000014901161194e-01
1.638499953660055297e-06,-1.000000014901161194e-01
1.638999953645914331e-06,0.000000000000000000e+00
1.639499953631773366e-06,-1.000000014901161194e-01
1.639999953617632400e-06,-1.000000014901161194e-01
1.640499953603491434e-06,-1.000000014901161194e-01
1.640999953589350469e-06,-1.000000014901161194e-01
1.641499953575209503e-06,-1.000000014901161194e-01
1.641999953561068537e-06,0.000000000000000000e+00
1.642499953546927571e-06,-1.000000014901161194e-01
1.642999953532786606e-06,-1.000000014901161194e-01
1.643499953518645640e-06,-1.000000014901161194e-01
1.643999953504504674e-06,-1.000000014901161194e-01
1.644499953490363708e-06,-1.000000014901161194e-01
1.644999953476222743e-06,-1.000000014901161194e-01
1.645499953462081777e-06,-1.000000014901161194e-01
1.645999953447940811e-06,-1.000000014901161194e-01
1.646499953433799845e-06,-1.000000014901161194e-01
1.646999953419658880e-06,0.000000000000000000e+00
1.647499953405517914e-06,-1.000000014901161194e-01
1.647999953391376948e-06,-1.000000014901161194e-01
1.648499953377235983e-06,-1.000000014901161194e-01
1.648999953363095017e-06,0.000000000000000000e+00
1.649499953348954051e-06,0.000000000000000000e+00
1.649999953334813085e-06,-1.000000014901161194e-01
1.650499953320672120e-06,-1.000000014901161194e-01
1.650999953306531154e-06,0.000000000000000000e+00
1.651499953292390188e-06,-1.000000014901161194e-01
1.651999953278249222e-06,0.000000000000000000e+00
1.652499953264108257e-06,-1.000000014901161194e-01
1.652999953249967291e-06,0.000000000000000000e+00
1.653499953235826325e-06,-1.000000014901161194e-01
1.653999953221685359e-06,0.000000000000000000e+00
1.654499953207544394e-06,-1.000000014901161194e-01
1.654999953193403428e-06,0.000000000000000000e+00
1.655499953179262462e-06,-1.000000014901161194e-01
1.655999953165121497e-06,-1.000000014901161194e-01
1.656499953150980531e-06,-1.000000014901161194e-01
1.656999953136839565e-06,0.000000000000000000e+00
1.657499953122698599e-06,-1.000000014901161194e-01
1.657999953108557634e-06,0.000000000000000000e+00
1.658499953094416668e-06,-1.000000014901161194e-01
1.658999953080275702e-06,0.000000000000000000e+00
1.659499953066134736e-06,-1.000000014901161194e-01
1.659999953051993771e-06,-1.000000014901161194e-01
1.660499953037852805e-06,-1.000000014901161194e-01
1.660999953023711839e-06,0.000000000000000000e+00
1.661499953009570874e-06,-1.000000014901161194e-01
1.661999952995429908e-06,-1.000000014901161194e-01
1.662499952981288942e-06,-1.000000014901161194e-01
1.662999952967147976e-06,0.000000000000000000e+00
1.663499952953007011e-06,-1.000000014901161194e-01
1.663999952938866045e-06,0.000000000000000000e+00
1.664499952924725079e-06,-1.000000014901161194e-01
1.664999952910584113e-06,-1.000000014901161194e-01
1.665499952896443148e-06,-1.000000014901161194e-01
1.665999952882302182e-06,-1.000000014901161194e-01
1.666499952868161216e-06,-1.000000014901161194e-01
1.666999952854020250e-06,-1.000000014901161194e-01
1.667499952839879285e-06,-1.000000014901161194e-01
1.667999952825738319e-06,0.000000000000000000e+00
1.668499952811597353e-06,-1.000000014901161194e-01
1.668999952797456388e-06,-1.000000014901161194e-01
1.669499952783315422e-06,-1.000000014901161194e-01
1.669999952769174456e-06,0.000000000000000000e+00
1.670499952755033490e-06,-1.000000014901161194e-01
1.670999952740892525e-06,0.000000000000000000e+00
1.671499952726751559e-06,-1.000000014901161194e-01
1.671999952712610593e-06,-1.000000014901161194e-01
1.672499952698469627e-06,-1.000000014901161194e-01
1.672999952684328662e-06,-1.000000014901161194e-01
1.673499952670187696e-06,-1.000000014901161194e-01
1.673999952656046730e-06,-1.000000014901161194e-01
1.674499952641905764e-06,-1.000000014901161194e-01
1.674999952627764799e-06,-1.000000014901161194e-01
1.675499952613623833e-06,-1.000000014901161194e-01
1.675999952599482867e-06,-1.000000014901161194e-01
1.676499952585341902e-06,-1.000000014901161194e-01
1.676999952571200936e-06,0.000000000000000000e+00
1.677499952557059970e-06,-1.000000014901161194e-01
1.677999952542919004e-06,0.000000000000000000e+00
1.678499952528778039e-06,-1.000000014901161194e-01
1.678999952514637073e-06,-1.000000014901161194e-01
1.679499952500496107e-06,-1.000000014901161194e-01
1.679999952486355141e-06,-1.000000014901161194e-01
1.680499952472214176e-06,-1.000000014901161194e-01
1.680999952458073210e-06,-1.000000014901161194e-01
1.681499952443932244e-06,-1.000000014901161194e-01
1.681999952429791279e-06,-1.000000014901161194e-01
1.682499952415650313e-06,-1.000000014901161194e-01
1.682999952401509347e-06,-1.000000014901161194e-01
1.683499952387368381e-06,-1.000000014901161194e-01
1.683999952373227416e-06,0.000000000000000000e+00
1.684499952359086450e-06,-1.000000014901161194e-01
1.684999952344945484e-06,-1.000000014901161194e-01
1.685499952330804518e-06,-1.000000014901161194e-01
1.685999952316663553e-06,0.000000000000000000e+00
1.686499952302522587e-06,-1.000000014901161194e-01
1.686999952288381621e-06,0.000000000000000000e+00
1.687499952274240655e-06,-1.000000014901161194e-01
1.687999952260099690e-06,0.000000000000000000e+00
1.688499952245958724e-06,-1.000000014901161194e-01
1.688999952231817758e-06,0.000000000000000000e+00
1.689499952217676793e-06,-1.000000014901161194e-01
1.689999952203535827e-06,0.000000000000000000e+00
1.690499952189394861e-06,-1.000000014901161194e-01
1.690999952175253895e-06,0.000000000000000000e+00
1.691499952161112930e-06,-1.000000014901161194e-01
1.691999952146971964e-06,-1.000000014901161194e-01
1.692499952132830998e-06,-1.000000014901161194e-01
1.692999952118690032e-06,0.000000000000000000e+00
1.693499952104549067e-06,-1.000000014901161194e-01
1.693999952090408101e-06,0.000000000000000000e+00
1.694499952076267135e-06,-1.000000014901161194e-01
1.694999952062126169e-06,-1.000000014901161194e-01
1.695499952047985204e-06,-1.000000014901161194e-01
1.695999952033844238e-06,0.000000000000000000e+00
1.696499952019703272e-06,-1.000000014901161194e-01
1.696999952005562307e-06,0.000000000000000000e+00
1.697499951991421341e-06,-1.000000014901161194e-01
1.697999951977280375e-06,0.000000000000000000e+00
1.698499951963139409e-06,-1.000000014901161194e-01
1.698999951948998444e-06,-1.000000014901161194e-01
1.699499951934857478e-06,-1.000000014901161194e-01
1.699999951920716512e-06,-1.000000014901161194e-01
1.700499951906575546e-06,-1.000000014901161194e-01
1.700999951892434581e-06,-1.000000014901161194e-01
1.701499951878293615e-06,-1.000000014901161194e-01
1.701999951864152649e-06,0.000000000000000000e+00
1.702499951850011684e-06,-1.000000014901161194e-01
1.702999951835870718e-06,0.000000000000000000e+00
1.703499951821729752e-06,-1.000000014901161194e-01
1.703999951807588786e-06,0.000000000000000000e+00
1.704499951793447821e-06,-1.000000014901161194e-01
1.704999951779306855e-06,-1.000000014901161194e-01
1.705499951765165889e-06,-1.000000014901161194e-01
1.705999951751024923e-06,-1.000000014901161194e-01
1.706499951736883958e-06,-1.000000014901161194e-01
1.706999951722742992e-06,-1.000000014901161194e-01
1.707499951708602026e-06,-1.000000014901161194e-01
1.707999951694461060e-06,-1.000000014901161194e-01
1.708499951680320095e-06,-1.000000014901161194e-01
1.708999951666179129e-06,-1.000000014901161194e-01
1.709499951652038163e-06,-1.000000014901161194e-01
1.709999951637897198e-06,0.000000000000000000e+00
1.710499951623756232e-06,-1.000000014901161194e-01
1.710999951609615266e-06,-1.000000014901161194e-01
1.711499951595474300e-06,-1.000000014901161194e-01
1.711999951581333335e-06,0.000000000000000000e+00
1.712499951567192369e-06,-1.000000014901161194e-01
1.712999951553051403e-06,0.000000000000000000e+00
1.713499951538910437e-06,-1.000000014901161194e-01
1.713999951524769472e-06,0.000000000000000000e+00
1.714499951510628506e-06,-1.000000014901161194e-01
1.714999951496487540e-06,-1.000000014901161194e-01
1.715499951482346574e-06,-1.000000014901161194e-01
1.715999951468205609e-06,0.000000000000000000e+00
1.716499951454064643e-06,-1.000000014901161194e-01
1.716999951439923677e-06,-1.000000014901161194e-01
1.717499951425782712e-06,-1.000000014901161194e-01
1.717999951411641746e-06,0.000000000000000000e+00
1.718499951397500780e-06,-1.000000014901161194e-01
1.718999951383359814e-06,-1.000000014901161194e-01
1.719499951369218849e-06,-1.000000014901161194e-01
1.719999951355077883e-06,-1.000000014901161194e-01
1.720499951340936917e-06,-1.000000014901161194e-01
1.720999951326795951e-06,-1.000000014901161194e-01
1.721499951312654986e-06,-1.000000014901161194e-01
1.721999951298514020e-06,-1.000000014901161194e-01
1.722499951284373054e-06,-1.000000014901161194e-01
1.722999951270232089e-06,-1.000000014901161194e-01
1.723499951256091123e-06,-1.000000014901161194e-01
1.723999951241950157e-06,0.000000000000000000e+00
1.724499951227809191e-06,-1.000000014901161194e-01
1.724999951213668226e-06,-1.000000014901161194e-01
1.725499951199527260e-06,-1.000000014901161194e-01
1.725999951185386294e-06,0.000000000000000000e+00
1.726499951171245328e-06,-1.000000014901161194e-01
1.726999951157104363e-06,-1.000000014901161194e-01
1.727499951142963397e-06,-1.000000014901161194e-01
1.727999951128822431e-06,0.000000000000000000e+00
1.728499951114681465e-06,0.000000000000000000e+00
1.728999951100540500e-06,-1.000000014901161194e-01
1.729499951086399534e-06,-1.000000014901161194e-01
1.729999951072258568e-06,-1.000000014901161194e-01
1.730499951058117603e-06,-1.000000014901161194e-01
1.730999951043976637e-06,-1.000000014901161194e-01
1.731499951029835671e-06,-1.000000014901161194e-01
1.731999951015694705e-06,-1.000000014901161194e-01
1.732499951001553740e-06,-1.000000014901161194e-01
1.732999950987412774e-06,-1.000000014901161194e-01
1.733499950973271808e-06,-1.000000014901161194e-01
1.733999950959130842e-06,0.000000000000000000e+00
1.734499950944989877e-06,-1.000000014901161194e-01
1.734999950930848911e-06,-1.000000014901161194e-01
1.735499950916707945e-06,-1.000000014901161194e-01
1.735999950902566979e-06,0.000000000000000000e+00
1.736499950888426014e-06,-1.000000014901161194e-01
1.736999950874285048e-06,0.000000000000000000e+00
1.737499950860144082e-06,0.000000000000000000e+00
1.737999950846003117e-06,0.000000000000000000e+00
1.738499950831862151e-06,-1.000000014901161194e-01
1.738999950817721185e-06,-1.000000014901161194e-01
1.739499950803580219e-06,-1.000000014901161194e-01
1.739999950789439254e-06,-1.000000014901161194e-01
1.740499950775298288e-06,-1.000000014901161194e-01
1.740999950761157322e-06,-1.000000014901161194e-01
1.741499950747016356e-06,-1.000000014901161194e-01
1.741999950732875391e-06,-1.000000014901161194e-01
1.742499950718734425e-06,-1.000000014901161194e-01
1.742999950704593459e-06,-1.000000014901161194e-01
1.743499950690452494e-06,-1.000000014901161194e-01
1.743999950676311528e-06,0.000000000000000000e+00
1.744499950662170562e-06,-1.000000014901161194e-01
1.744999950648029596e-06,0.000000000000000000e+00
1.745499950633888631e-06,0.000000000000000000e+00
1.745999950619747665e-06,0.000000000000000000e+00
1.746499950605606699e-06,-1.000000014901161194e-01
1.746999950591465733e-06,-1.000000014901161194e-01
1.747499950577324768e-06,0.000000000000000000e+00
1.747999950563183802e-06,0.000000000000000000e+00
1.748499950549042836e-06,-1.000000014901161194e-01
1.748999950534901870e-06,-1.000000014901161194e-01
1.749499950520760905e-06,-1.000000014901161194e-01
1.749999950506619939e-06,0.000000000000000000e+00
1.750499950492478973e-06,0.000000000000000000e+00
1.750999950478338008e-06,-1.000000014901161194e-01
1.751499950464197042e-06,-1.000000014901161194e-01
1.751999950450056076e-06,0.000000000000000000e+00
1.752499950435915110e-06,-1.000000014901161194e-01
1.752999950421774145e-06,0.000000000000000000e+00
1.753499950407633179e-06,-1.000000014901161194e-01
1.753999950393492213e-06,-1.000000014901161194e-01
1.754499950379351247e-06,-1.000000014901161194e-01
1.754999950365210282e-06,-1.000000014901161194e-01
1.755499950351069316e-06,-1.000000014901161194e-01
1.755999950336928350e-06,-1.000000014901161194e-01
1.756499950322787384e-06,-1.000000014901161194e-01
1.756999950308646419e-06,-1.000000014901161194e-01
1.757499950294505453e-06,-1.000000014901161194e-01
1.757999950280364487e-06,-1.000000014901161194e-01
1.758499950266223522e-06,-1.000000014901161194e-01
1.758999950252082556e-06,0.000000000000000000e+00
1.759499950237941590e-06,0.000000000000000000e+00
1.759999950223800624e-06,0.000000000000000000e+00
1.760499950209659659e-06,-1.000000014901161194e-01
1.760999950195518693e-06,-1.000000014901161194e-01
1.761499950181377727e-06,-1.000000014901161194e-01
1.761999950167236761e-06,-1.000000014901161194e-01
1.762499950153095796e-06,-1.000000014901161194e-01
1.762999950138954830e-06,-1.000000014901161194e-01
1.763499950124813864e-06,-1.000000014901161194e-01
1.763999950110672899e-06,0.000000000000000000e+00
1.764499950096531933e-06,-1.000000014901161194e-01
1.764999950082390967e-06,-1.000000014901161194e-01
1.765499950068250001e-06,-1.000000014901161194e-01
1.765999950054109036e-06,0.000000000000000000e+00
1.766499950039968070e-06,-1.000000014901161194e-01
1.766999950025827104e-06,0.000000000000000000e+00
1.767499950011686138e-06,-1.000000014901161194e-01
1.767999949997545173e-06,-1.000000014901161194e-01
1.768499949983404207e-06,-1.000000014901161194e-01
1.768999949969263241e-06,-1.000000014901161194e-01
1.769499949955122275e-06,-1.000000014901161194e-01
1.769999949940981310e-06,-1.000000014901161194e-01
1.770499949926840344e-06,-1.000000014901161194e-01
1.770999949912699378e-06,-1.000000014901161194e-01
1.771499949898558413e-06,-1.000000014901161194e-01
1.771999949884417447e-06,-1.000000014901161194e-01
1.772499949870276481e-06,-1.000000014901161194e-01
1.772999949856135515e-06,0.000000000000000000e+00
1.773499949841994550e-06,0.000000000000000000e+00
1.773999949827853584e-06,-1.000000014901161194e-01
1.774499949813712618e-06,-1.000000014901161194e-01
1.774999949799571652e-06,0.000000000000000000e+00
1.775499949785430687e-06,0.000000000000000000e+00
1.775999949771289721e-06,0.000000000000000000e+00
1.776499949757148755e-06,-1.000000014901161194e-01
1.776999949743007789e-06,-1.000000014901161194e-01
1.777499949728866824e-06,-1.000000014901161194e-01
1.777999949714725858e-06,-1.000000014901161194e-01
1.778499949700584892e-06,-1.000000014901161194e-01
1.778999949686443927e-06,-1.000000014901161194e-01
1.779499949672302961e-06,-1.000000014901161194e-01
1.779999949658161995e-06,-1.000000014901161194e-01
1.780499949644021029e-06,-1.000000014901161194e-01
1.780999949629880064e-06,0.000000000000000000e+00
1.781499949615739098e-06,-1.000000014901161194e-01
1.781999949601598132e-06,-1.000000014901161194e-01
1.782499949587457166e-06,-1.000000014901161194e-01
1.782999949573316201e-06,0.000000000000000000e+00
1.783499949559175235e-06,-1.000000014901161194e-01
1.783999949545034269e-06,-1.000000014901161194e-01
1.784499949530893304e-06,-1.000000014901161194e-01
1.784999949516752338e-06,-1.000000014901161194e-01
1.785499949502611372e-06,-1.000000014901161194e-01
1.785999949488470406e-06,0.000000000000000000e+00
1.786499949474329441e-06,-1.000000014901161194e-01
1.786999949460188475e-06,-1.000000014901161194e-01
1.787499949446047509e-06,-1.000000014901161194e-01
1.787999949431906543e-06,0.000000000000000000e+00
1.788499949417765578e-06,-1.000000014901161194e-01
1.788999949403624612e-06,-1.000000014901161194e-01
1.789499949389483646e-06,-1.000000014901161194e-01
1.789999949375342680e-06,-1.000000014901161194e-01
1.790499949361201715e-06,-1.000000014901161194e-01
1.790999949347060749e-06,-1.000000014901161194e-01
1.791499949332919783e-06,-1.000000014901161194e-01
1.791999949318778818e-06,-1.000000014901161194e-01
1.792499949304637852e-06,-1.000000014901161194e-01
1.792999949290496886e-06,-1.000000014901161194e-01
1.793499949276355920e-06,-1.000000014901161194e-01
1.793999949262214955e-06,0.000000000000000000e+00
1.794499949248073989e-06,-1.000000014901161194e-01
1.794999949233933023e-06,0.000000000000000000e+00
1.795499949219792057e-06,-1.000000014901161194e-01
1.795999949205651092e-06,0.000000000000000000e+00
1.796499949191510126e-06,-1.000000014901161194e-01
1.796999949177369160e-06,0.000000000000000000e+00
1.797499949163228194e-06,-1.000000014901161194e-01
1.797999949149087229e-06,-1.000000014901161194e-01
1.798499949134946263e-06,-1.000000014901161194e-01
1.798999949120805297e-06,0.000000000000000000e+00
1.799499949106664332e-06,-1.000000014901161194e-01
1.799999949092523366e-06,-1.000000014901161194e-01
1.800499949078382400e-06,-1.000000014901161194e-01
1.800999949064241434e-06,0.000000000000000000e+00
1.801499949050100469e-06,-1.000000014901161194e-01
1.801999949035959503e-06,-1.000000014901161194e-01
1.802499949021818537e-06,-1.000000014901161194e-01
1.802999949007677571e-06,-1.000000014901161194e-01
1.803499948993536606e-06,-1.000000014901161194e-01
1.803999948979395640e-06,-1.000000014901161194e-01
1.804499948965254674e-06,-1.000000014901161194e-01
1.804999948951113709e-06,0.000000000000000000e+00
1.805499948936972743e-06,-1.000000014901161194e-01
1.805999948922831777e-06,0.000000000000000000e+00
1.806499948908690811e-06,-1.000000014901161194e-01
1.806999948894549846e-06,0.000000000000000000e+00
1.807499948880408880e-06,-1.000000014901161194e-01
1.807999948866267914e-06,-1.000000014901161194e-01
1.808499948852126948e-06,-1.000000014901161194e-01
1.808999948837985983e-06,0.000000000000000000e+00
1.809499948823845017e-06,-1.000000014901161194e-01
1.809999948809704051e-06,-1.000000014901161194e-01
1.810499948795563085e-06,-1.000000014901161194e-01
1.810999948781422120e-06,-1.000000014901161194e-01
1.811499948767281154e-06,-1.000000014901161194e-01
1.811999948753140188e-06,-1.000000014901161194e-01
1.812499948738999223e-06,-1.000000014901161194e-01
1.812999948724858257e-06,-1.000000014901161194e-01
1.813499948710717291e-06,-1.000000014901161194e-01
1.813999948696576325e-06,-1.000000014901161194e-01
1.814499948682435360e-06,-1.000000014901161194e-01
1.814999948668294394e-06,-1.000000014901161194e-01
1.815499948654153428e-06,-1.000000014901161194e-01
1.815999948640012462e-06,-1.000000014901161194e-01
1.816499948625871497e-06,-1.000000014901161194e-01
1.816999948611730531e-06,0.000000000000000000e+00
1.817499948597589565e-06,-1.000000014901161194e-01
1.817999948583448599e-06,0.000000000000000000e+00
1.818499948569307634e-06,-1.000000014901161194e-01
1.818999948555166668e-06,0.000000000000000000e+00
1.819499948541025702e-06,0.000000000000000000e+00
1.819999948526884737e-06,-1.000000014901161194e-01
1.820499948512743771e-06,0.000000000000000000e+00
1.820999948498602805e-06,0.000000000000000000e+00
1.821499948484461839e-06,-1.000000014901161194e-01
1.821999948470320874e-06,-1.000000014901161194e-01
1.822499948456179908e-06,-1.000000014901161194e-01
1.822999948442038942e-06,0.000000000000000000e+00
1.823499948427897976e-06,-1.000000014901161194e-01
1.823999948413757011e-06,-1.000000014901161194e-01
1.824499948399616045e-06,-1.000000014901161194e-01
1.824999948385475079e-06,-1.000000014901161194e-01
1.825499948371334114e-06,-1.000000014901161194e-01
1.825999948357193148e-06,-1.000000014901161194e-01
1.826499948343052182e-06,-1.000000014901161194e-01
1.826999948328911216e-06,-1.000000014901161194e-01
1.827499948314770251e-06,-1.000000014901161194e-01
1.827999948300629285e-06,0.000000000000000000e+00
1.828499948286488319e-06,-1.000000014901161194e-01
1.828999948272347353e-06,0.000000000000000000e+00
1.829499948258206388e-06,-1.000000014901161194e-01
1.829999948244065422e-06,-1.000000014901161194e-01
1.830499948229924456e-06,-1.000000014901161194e-01
1.830999948215783490e-06,-1.000000014901161194e-01
1.831499948201642525e-06,-1.000000014901161194e-01
1.831999948187501559e-06,-1.000000014901161194e-01
1.832499948173360593e-06,-1.000000014901161194e-01
1.832999948159219628e-06,0.000000000000000000e+00
1.833499948145078662e-06,-1.000000014901161194e-01
1.833999948130937696e-06,-1.000000014901161194e-01
1.834499948116796730e-06,-1.000000014901161194e-01
1.834999948102655765e-06,0.000000000000000000e+00
1.835499948088514799e-06,-1.000000014901161194e-01
1.835999948074373833e-06,-1.000000014901161194e-01
1.836499948060232867e-06,-1.000000014901161194e-01
1.836999948046091902e-06,-1.000000014901161194e-01
1.837499948031950936e-06,-1.000000014901161194e-01
1.837999948017809970e-06,0.000000000000000000e+00
1.838499948003669004e-06,-1.000000014901161194e-01
1.838999947989528039e-06,0.000000000000000000e+00
1.839499947975387073e-06,-1.000000014901161194e-01
1.839999947961246107e-06,-1.000000014901161194e-01
1.840499947947105142e-06,-1.000000014901161194e-01
1.840999947932964176e-06,-1.000000014901161194e-01
1.841499947918823210e-06,-1.000000014901161194e-01
1.841999947904682244e-06,0.000000000000000000e+00
1.842499947890541279e-06,-1.000000014901161194e-01
1.842999947876400313e-06,0.000000000000000000e+00
1.843499947862259347e-06,-1.000000014901161194e-01
1.843999947848118381e-06,-1.000000014901161194e-01
1.844499947833977416e-06,-1.000000014901161194e-01
1.844999947819836450e-06,0.000000000000000000e+00
1.845499947805695484e-06,-1.000000014901161194e-01
1.845999947791554519e-06,0.000000000000000000e+00
1.846499947777413553e-06,-1.000000014901161194e-01
1.846999947763272587e-06,0.000000000000000000e+00
1.847499947749131621e-06,-1.000000014901161194e-01
1.847999947734990656e-06,0.000000000000000000e+00
1.848499947720849690e-06,-1.000000014901161194e-01
1.848999947706708724e-06,0.000000000000000000e+00
1.849499947692567758e-06,-1.000000014901161194e-01
1.849999947678426793e-06,-1.000000014901161194e-01
1.850499947664285827e-06,-1.000000014901161194e-01
1.850999947650144861e-06,0.000000000000000000e+00
1.851499947636003895e-06,-1.000000014901161194e-01
1.851999947621862930e-06,-1.000000014901161194e-01
1.852499947607721964e-06,-1.000000014901161194e-01
1.852999947593580998e-06,-1.000000014901161194e-01
1.853499947579440033e-06,-1.000000014901161194e-01
1.853999947565299067e-06,-1.000000014901161194e-01
1.854499947551158101e-06,-1.000000014901161194e-01
1.854999947537017135e-06,-1.000000014901161194e-01
1.855499947522876170e-06,-1.000000014901161194e-01
1.855999947508735204e-06,-1.000000014901161194e-01
1.856499947494594238e-06,-1.000000014901161194e-01
1.856999947480453272e-06,0.000000000000000000e+00
1.857499947466312307e-06,-1.000000014901161194e-01
1.857999947452171341e-06,-1.000000014901161194e-01
1.858499947438030375e-06,-1.000000014901161194e-01
1.858999947423889409e-06,-1.000000014901161194e-01
1.859499947409748444e-06,-1.000000014901161194e-01
1.859999947395607478e-06,-1.000000014901161194e-01
1.860499947381466512e-06,-1.000000014901161194e-01
1.860999947367325547e-06,-1.000000014901161194e-01
1.861499947353184581e-06,-1.000000014901161194e-01
1.861999947339043615e-06,-1.000000014901161194e-01
1.862499947324902649e-06,-1.000000014901161194e-01
1.862999947310761684e-06,-1.000000014901161194e-01
1.863499947296620718e-06,-1.000000014901161194e-01
1.863999947282479752e-06,-1.000000014901161194e-01
1.864499947268338786e-06,-1.000000014901161194e-01
1.864999947254197821e-06,-1.000000014901161194e-01
1.865499947240056855e-06,-1.000000014901161194e-01
1.865999947225915889e-06,0.000000000000000000e+00
1.866499947211774924e-06,-1.000000014901161194e-01
1.866999947197633958e-06,-1.000000014901161194e-01
1.867499947183492992e-06,-1.000000014901161194e-01
1.867999947169352026e-06,-1.000000014901161194e-01
1.868499947155211061e-06,-1.000000014901161194e-01
1.868999947141070095e-06,0.000000000000000000e+00
1.869499947126929129e-06,-1.000000014901161194e-01
1.869999947112788163e-06,0.000000000000000000e+00
1.870499947098647198e-06,-1.000000014901161194e-01
1.870999947084506232e-06,-1.000000014901161194e-01
1.871499947070365266e-06,-1.000000014901161194e-01
1.871999947056224300e-06,-1.000000014901161194e-01
1.872499947042083335e-06,-1.000000014901161194e-01
1.872999947027942369e-06,-1.000000014901161194e-01
1.873499947013801403e-06,-1.000000014901161194e-01
1.873999946999660438e-06,-1.000000014901161194e-01
1.874499946985519472e-06,-1.000000014901161194e-01
1.874999946971378506e-06,-1.000000014901161194e-01
1.875499946957237540e-06,-1.000000014901161194e-01
1.875999946943096575e-06,-1.000000014901161194e-01
1.876499946928955609e-06,-1.000000014901161194e-01
1.876999946914814643e-06,-1.000000014901161194e-01
1.877499946900673677e-06,-1.000000014901161194e-01
1.877999946886532712e-06,-1.000000014901161194e-01
1.878499946872391746e-06,-1.000000014901161194e-01
1.878999946858250780e-06,-1.000000014901161194e-01
1.879499946844109814e-06,-1.000000014901161194e-01
1.879999946829968849e-06,-1.000000014901161194e-01
1.880499946815827883e-06,-1.000000014901161194e-01
1.880999946801686917e-06,0.000000000000000000e+00
1.881499946787545952e-06,-1.000000014901161194e-01
1.881999946773404986e-06,-1.000000014901161194e-01
1.882499946759264020e-06,-1.000000014901161194e-01
1.882999946745123054e-06,-1.000000014901161194e-01
1.883499946730982089e-06,-1.000000014901161194e-01
1.883999946716841123e-06,-1.000000014901161194e-01
1.884499946702700157e-06,-1.000000014901161194e-01
1.884999946688559191e-06,-1.000000014901161194e-01
1.885499946674418226e-06,-1.000000014901161194e-01
1.885999946660277260e-06,-1.000000014901161194e-01
1.886499946646136294e-06,-1.000000014901161194e-01
1.886999946631995329e-06,-1.000000014901161194e-01
1.887499946617854363e-06,-1.000000014901161194e-01
1.887999946603713397e-06,0.000000000000000000e+00
1.888499946589572431e-06,-1.000000014901161194e-01
1.888999946575431466e-06,-1.000000014901161194e-01
1.889499946561290500e-06,-1.000000014901161194e-01
1.889999946547149534e-06,-1.000000014901161194e-01
1.890499946533008568e-06,-1.000000014901161194e-01
1.890999946518867603e-06,-1.000000014901161194e-01
1.891499946504726637e-06,-1.000000014901161194e-01
1.891999946490585671e-06,-1.000000014901161194e-01
1.892499946476444705e-06,-1.000000014901161194e-01
1.892999946462303740e-06,-1.000000014901161194e-01
1.893499946448162774e-06,-1.000000014901161194e-01
1.893999946434021808e-06,-1.000000014901161194e-01
1.894499946419880843e-06,-1.000000014901161194e-01
1.894999946405739877e-06,-1.000000014901161194e-01
1.895499946391598911e-06,-1.000000014901161194e-01
1.895999946377457945e-06,-1.000000014901161194e-01
1.896499946363316980e-06,-1.000000014901161194e-01
1.896999946349176014e-06,-1.000000014901161194e-01
1.897499946335035048e-06,-1.000000014901161194e-01
1.897999946320894082e-06,0.000000000000000000e+00
1.898499946306753117e-06,-1.000000014901161194e-01
1.898999946292612151e-06,0.000000000000000000e+00
1.899499946278471185e-06,-1.000000014901161194e-01
1.899999946264330219e-06,-1.000000014901161194e-01
1.900499946250189254e-06,-1.000000014901161194e-01
1.900999946236048288e-06,-1.000000014901161194e-01
1.901499946221907322e-06,-1.000000014901161194e-01
1.901999946207766357e-06,-1.000000014901161194e-01
1.902499946193625391e-06,-1.000000014901161194e-01
1.902999946179484425e-06,-1.000000014901161194e-01
1.903499946165343459e-06,-1.000000014901161194e-01
1.903999946151202494e-06,-1.000000014901161194e-01
1.904499946137061528e-06,-1.000000014901161194e-01
1.904999946122920562e-06,0.000000000000000000e+00
1.905499946108779596e-06,-1.000000014901161194e-01
1.905999946094638631e-06,0.000000000000000000e+00
1.906499946080497665e-06,-1.000000014901161194e-01
1.906999946066356699e-06,-1.000000014901161194e-01
1.907499946052215734e-06,-1.000000014901161194e-01
1.907999946038074768e-06,-1.000000014901161194e-01
1.908499946023933802e-06,-1.000000014901161194e-01
1.908999946009792836e-06,-1.000000014901161194e-01
1.909499945995651871e-06,-1.000000014901161194e-01
1.909999945981510905e-06,-1.000000014901161194e-01
1.910499945967369939e-06,-1.000000014901161194e-01
1.910999945953228973e-06,-1.000000014901161194e-01
1.911499945939088008e-06,-1.000000014901161194e-01
1.911999945924947042e-06,0.000000000000000000e+00
1.912499945910806076e-06,-1.000000014901161194e-01
1.912999945896665110e-06,0.000000000000000000e+00
1.913499945882524145e-06,-1.000000014901161194e-01
1.913999945868383179e-06,0.000000000000000000e+00
1.914499945854242213e-06,-1.000000014901161194e-01
1.914999945840101248e-06,0.000000000000000000e+00
1.915499945825960282e-06,-1.000000014901161194e-01
1.915999945811819316e-06,0.000000000000000000e+00
1.916499945797678350e-06,-1.000000014901161194e-01
1.916999945783537385e-06,-1.000000014901161194e-01
1.917499945769396419e-06,-1.000000014901161194e-01
1.917999945755255453e-06,-1.000000014901161194e-01
1.918499945741114487e-06,-1.000000014901161194e-01
1.918999945726973522e-06,-1.000000014901161194e-01
1.919499945712832556e-06,-1.000000014901161194e-01
1.919999945698691590e-06,-1.000000014901161194e-01
1.920499945684550624e-06,-1.000000014901161194e-01
1.920999945670409659e-06,0.000000000000000000e+00
1.921499945656268693e-06,-1.000000014901161194e-01
1.921999945642127727e-06,0.000000000000000000e+00
1.922499945627986762e-06,-1.000000014901161194e-01
1.922999945613845796e-06,-1.000000014901161194e-01
1.923499945599704830e-06,-1.000000014901161194e-01
1.923999945585563864e-06,0.000000000000000000e+00
1.924499945571422899e-06,-1.000000014901161194e-01
1.924999945557281933e-06,0.000000000000000000e+00
1.925499945543140967e-06,-1.000000014901161194e-01
1.925999945529000001e-06,-1.000000014901161194e-01
1.926499945514859036e-06,-1.000000014901161194e-01
1.926999945500718070e-06,-1.000000014901161194e-01
1.927499945486577104e-06,-1.000000014901161194e-01
1.927999945472436139e-06,-1.000000014901161194e-01
1.928499945458295173e-06,-1.000000014901161194e-01
1.928999945444154207e-06,-1.000000014901161194e-01
1.929499945430013241e-06,-1.000000014901161194e-01
1.929999945415872276e-06,-1.000000014901161194e-01
1.930499945401731310e-06,-1.000000014901161194e-01
1.930999945387590344e-06,-1.000000014901161194e-01
1.931499945373449378e-06,-1.000000014901161194e-01
1.931999945359308413e-06,-1.000000014901161194e-01
1.932499945345167447e-06,-1.000000014901161194e-01
1.932999945331026481e-06,-1.000000014901161194e-01
1.933499945316885515e-06,-1.000000014901161194e-01
1.933999945302744550e-06,-1.000000014901161194e-01
1.934499945288603584e-06,-1.000000014901161194e-01
1.934999945274462618e-06,-1.000000014901161194e-01
1.935499945260321653e-06,-1.000000014901161194e-01
1.935999945246180687e-06,0.000000000000000000e+00
1.936499945232039721e-06,0.000000000000000000e+00
1.936999945217898755e-06,-1.000000014901161194e-01
1.937499945203757790e-06,-1.000000014901161194e-01
1.937999945189616824e-06,-1.000000014901161194e-01
1.938499945175475858e-06,-1.000000014901161194e-01
1.938999945161334892e-06,-1.000000014901161194e-01
1.939499945147193927e-06,-1.000000014901161194e-01
1.939999945133052961e-06,-1.000000014901161194e-01
1.940499945118911995e-06,-1.000000014901161194e-01
1.940999945104771029e-06,-1.000000014901161194e-01
1.941499945090630064e-06,-1.000000014901161194e-01
1.941999945076489098e-06,-1.000000014901161194e-01
1.942499945062348132e-06,-1.000000014901161194e-01
1.942999945048207167e-06,-1.000000014901161194e-01
1.943499945034066201e-06,-1.000000014901161194e-01
1.943999945019925235e-06,-1.000000014901161194e-01
1.944499945005784269e-06,-1.000000014901161194e-01
1.944999944991643304e-06,-1.000000014901161194e-01
1.945499944977502338e-06,-1.000000014901161194e-01
1.945999944963361372e-06,0.000000000000000000e+00
1.946499944949220406e-06,-1.000000014901161194e-01
1.946999944935079441e-06,-1.000000014901161194e-01
1.947499944920938475e-06,-1.000000014901161194e-01
1.947999944906797509e-06,-1.000000014901161194e-01
1.948499944892656544e-06,-1.000000014901161194e-01
1.948999944878515578e-06,-1.000000014901161194e-01
1.949499944864374612e-06,-1.000000014901161194e-01
1.949999944850233646e-06,-1.000000014901161194e-01
1.950499944836092681e-06,-1.000000014901161194e-01
1.950999944821951715e-06,-1.000000014901161194e-01
1.951499944807810749e-06,-1.000000014901161194e-01
1.951999944793669783e-06,0.000000000000000000e+00
1.952499944779528818e-06,-1.000000014901161194e-01
1.952999944765387852e-06,-1.000000014901161194e-01
1.953499944751246886e-06,-1.000000014901161194e-01
1.953999944737105920e-06,-1.000000014901161194e-01
1.954499944722964955e-06,-1.000000014901161194e-01
1.954999944708823989e-06,-1.000000014901161194e-01
1.955499944694683023e-06,-1.000000014901161194e-01
1.955999944680542058e-06,-1.000000014901161194e-01
1.956499944666401092e-06,-1.000000014901161194e-01
1.956999944652260126e-06,-1.000000014901161194e-01
1.957499944638119160e-06,-1.000000014901161194e-01
1.957999944623978195e-06,-1.000000014901161194e-01
1.958499944609837229e-06,-1.000000014901161194e-01
1.958999944595696263e-06,-1.000000014901161194e-01
1.959499944581555297e-06,-1.000000014901161194e-01
1.959999944567414332e-06,-1.000000014901161194e-01
1.960499944553273366e-06,-1.000000014901161194e-01
1.960999944539132400e-06,0.000000000000000000e+00
1.961499944524991434e-06,-1.000000014901161194e-01
1.961999944510850469e-06,-1.000000014901161194e-01
1.962499944496709503e-06,-1.000000014901161194e-01
1.962999944482568537e-06,-1.000000014901161194e-01
1.963499944468427572e-06,-1.000000014901161194e-01
1.963999944454286606e-06,-1.000000014901161194e-01
1.964499944440145640e-06,-1.000000014901161194e-01
1.964999944426004674e-06,-1.000000014901161194e-01
1.965499944411863709e-06,-1.000000014901161194e-01
1.965999944397722743e-06,-1.000000014901161194e-01
1.966499944383581777e-06,-1.000000014901161194e-01
1.966999944369440811e-06,-1.000000014901161194e-01
1.967499944355299846e-06,-1.000000014901161194e-01
1.967999944341158880e-06,-1.000000014901161194e-01
1.968499944327017914e-06,-1.000000014901161194e-01
1.968999944312876949e-06,-1.000000014901161194e-01
1.969499944298735983e-06,-1.000000014901161194e-01
1.969999944284595017e-06,-1.000000014901161194e-01
1.970499944270454051e-06,-1.000000014901161194e-01
1.970999944256313086e-06,0.000000000000000000e+00
1.971499944242172120e-06,0.000000000000000000e+00
1.971999944228031154e-06,0.000000000000000000e+00
1.972499944213890188e-06,-1.000000014901161194e-01
1.972999944199749223e-06,0.000000000000000000e+00
1.973499944185608257e-06,-1.000000014901161194e-01
1.973999944171467291e-06,0.000000000000000000e+00
1.974499944157326325e-06,-1.000000014901161194e-01
1.974999944143185360e-06,0.000000000000000000e+00
1.975499944129044394e-06,-1.000000014901161194e-01
1.975999944114903428e-06,0.000000000000000000e+00
1.976499944100762463e-06,-1.000000014901161194e-01
1.976999944086621497e-06,-1.000000014901161194e-01
1.977499944072480531e-06,-1.000000014901161194e-01
1.977999944058339565e-06,-1.000000014901161194e-01
1.978499944044198600e-06,-1.000000014901161194e-01
1.978999944030057634e-06,-1.000000014901161194e-01
1.979499944015916668e-06,-1.000000014901161194e-01
1.979999944001775702e-06,-1.000000014901161194e-01
1.980499943987634737e-06,-1.000000014901161194e-01
1.980999943973493771e-06,0.000000000000000000e+00
1.981499943959352805e-06,-1.000000014901161194e-01
1.981999943945211839e-06,0.000000000000000000e+00
1.982499943931070874e-06,-1.000000014901161194e-01
1.982999943916929908e-06,0.000000000000000000e+00
1.983499943902788942e-06,-1.000000014901161194e-01
1.983999943888647977e-06,0.000000000000000000e+00
1.984499943874507011e-06,-1.000000014901161194e-01
1.984999943860366045e-06,0.000000000000000000e+00
1.985499943846225079e-06,-1.000000014901161194e-01
1.985999943832084114e-06,-1.000000014901161194e-01
1.986499943817943148e-06,-1.000000014901161194e-01
1.986999943803802182e-06,0.000000000000000000e+00
1.987499943789661216e-06,-1.000000014901161194e-01
1.987999943775520251e-06,0.000000000000000000e+00
1.988499943761379285e-06,-1.000000014901161194e-01
1.988999943747238319e-06,0.000000000000000000e+00
1.989499943733097354e-06,-1.000000014901161194e-01
1.989999943718956388e-06,-1.000000014901161194e-01
1.990499943704815422e-06,-1.000000014901161194e-01
1.990999943690674456e-06,-1.000000014901161194e-01
1.991499943676533491e-06,-1.000000014901161194e-01
1.991999943662392525e-06,0.000000000000000000e+00
1.992499943648251559e-06,-1.000000014901161194e-01
1.992999943634110593e-06,0.000000000000000000e+00
1.993499943619969628e-06,-1.000000014901161194e-01
1.993999943605828662e-06,0.000000000000000000e+00
1.994499943591687696e-06,-1.000000014901161194e-01
1.994999943577546730e-06,-1.000000014901161194e-01
1.995499943563405765e-06,-1.000000014901161194e-01
1.995999943549264799e-06,-1.000000014901161194e-01
1.996499943535123833e-06,-1.000000014901161194e-01
1.996999943520982868e-06,-1.000000014901161194e-01
1.997499943506841902e-06,-1.000000014901161194e-01
1.997999943492700936e-06,0.000000000000000000e+00
1.998499943478559970e-06,-1.000000014901161194e-01
1.998999943464419005e-06,0.000000000000000000e+00
1.999499943450278039e-06,0.000000000000000000e+00
1.999999943436137073e-06,0.000000000000000000e+00
2.000499943421996107e-06,-1.000000014901161194e-01
2.000999943407855142e-06,-1.000000014901161194e-01
2.001499943393714176e-06,-1.000000014901161194e-01
2.001999943379573210e-06,-1.000000014901161194e-01
2.002499943365432244e-06,-1.000000014901161194e-01
2.002999943351291279e-06,0.000000000000000000e+00
2.003499943337150313e-06,-1.000000014901161194e-01
2.003999943323009347e-06,0.000000000000000000e+00
2.004499943308868382e-06,-1.000000014901161194e-01
2.004999943294727416e-06,0.000000000000000000e+00
2.005499943280586450e-06,-1.000000014901161194e-01
2.005999943266445484e-06,-1.000000014901161194e-01
2.006499943252304519e-06,-1.000000014901161194e-01
2.006999943238163553e-06,-1.000000014901161194e-01
2.007499943224022587e-06,-1.000000014901161194e-01
2.007999943209881621e-06,-1.000000014901161194e-01
2.008499943195740656e-06,-1.000000014901161194e-01
2.008999943181599690e-06,0.000000000000000000e+00
2.009499943167458724e-06,-1.000000014901161194e-01
2.009999943153317759e-06,-1.000000014901161194e-01
2.010499943139176793e-06,-1.000000014901161194e-01
2.010999943125035827e-06,-1.000000014901161194e-01
2.011499943110894861e-06,-1.000000014901161194e-01
2.011999943096753896e-06,-1.000000014901161194e-01
2.012499943082612930e-06,-1.000000014901161194e-01
2.012999943068471964e-06,0.000000000000000000e+00
2.013499943054330998e-06,0.000000000000000000e+00
2.013999943040190033e-06,0.000000000000000000e+00
2.014499943026049067e-06,-1.000000014901161194e-01
2.014999943011908101e-06,-1.000000014901161194e-01
2.015499942997767135e-06,0.000000000000000000e+00
2.015999942983626170e-06,0.000000000000000000e+00
2.016499942969485204e-06,-1.000000014901161194e-01
2.016999942955344238e-06,-1.000000014901161194e-01
2.017499942941203273e-06,-1.000000014901161194e-01
2.017999942927062307e-06,0.000000000000000000e+00
2.018499942912921341e-06,-1.000000014901161194e-01
2.018999942898780375e-06,-1.000000014901161194e-01
2.019499942884639410e-06,-1.000000014901161194e-01
2.019999942870498444e-06,-1.000000014901161194e-01
2.020499942856357478e-06,-1.000000014901161194e-01
2.020999942842216512e-06,-1.000000014901161194e-01
2.021499942828075547e-06,-1.000000014901161194e-01
2.021999942813934581e-06,-1.000000014901161194e-01
2.022499942799793615e-06,-1.000000014901161194e-01
2.022999942785652649e-06,-1.000000014901161194e-01
2.023499942771511684e-06,-1.000000014901161194e-01
2.023999942757370718e-06,-1.000000014901161194e-01
2.024499942743229752e-06,-1.000000014901161194e-01
2.024999942729088787e-06,-1.000000014901161194e-01
2.025499942714947821e-06,-1.000000014901161194e-01
2.025999942700806855e-06,0.000000000000000000e+00
2.026499942686665889e-06,-1.000000014901161194e-01
2.026999942672524924e-06,-1.000000014901161194e-01
2.027499942658383958e-06,-1.000000014901161194e-01
2.027999942644242992e-06,-1.000000014901161194e-01
2.028499942630102026e-06,-1.000000014901161194e-01
2.028999942615961061e-06,-1.000000014901161194e-01
2.029499942601820095e-06,-1.000000014901161194e-01
2.029999942587679129e-06,-1.000000014901161194e-01
2.030499942573538164e-06,-1.000000014901161194e-01
2.030999942559397198e-06,-1.000000014901161194e-01
2.031499942545256232e-06,-1.000000014901161194e-01
2.031999942531115266e-06,0.000000000000000000e+00
2.032499942516974301e-06,-1.000000014901161194e-01
2.032999942502833335e-06,-1.000000014901161194e-01
2.033499942488692369e-06,-1.000000014901161194e-01
2.033999942474551403e-06,0.000000000000000000e+00
2.034499942460410438e-06,-1.000000014901161194e-01
2.034999942446269472e-06,0.000000000000000000e+00
2.035499942432128506e-06,0.000000000000000000e+00
2.035999942417987540e-06,-1.000000014901161194e-01
2.036499942403846575e-06,-1.000000014901161194e-01
2.036999942389705609e-06,0.000000000000000000e+00
2.037499942375564643e-06,-1.000000014901161194e-01
2.037999942361423678e-06,-1.000000014901161194e-01
2.038499942347282712e-06,-1.000000014901161194e-01
2.038999942333141746e-06,-1.000000014901161194e-01
2.039499942319000780e-06,-1.000000014901161194e-01
2.039999942304859815e-06,0.000000000000000000e+00
2.040499942290718849e-06,-1.000000014901161194e-01
2.040999942276577883e-06,0.000000000000000000e+00
2.041499942262436917e-06,-1.000000014901161194e-01
2.041999942248295952e-06,0.000000000000000000e+00
2.042499942234154986e-06,-1.000000014901161194e-01
2.042999942220014020e-06,0.000000000000000000e+00
2.043499942205873054e-06,-1.000000014901161194e-01
2.043999942191732089e-06,-1.000000014901161194e-01
2.044499942177591123e-06,-1.000000014901161194e-01
2.044999942163450157e-06,-1.000000014901161194e-01
2.045499942149309192e-06,-1.000000014901161194e-01
2.045999942135168226e-06,-1.000000014901161194e-01
2.046499942121027260e-06,-1.000000014901161194e-01
2.046999942106886294e-06,0.000000000000000000e+00
2.047499942092745329e-06,-1.000000014901161194e-01
2.047999942078604363e-06,-1.000000014901161194e-01
2.048499942064463397e-06,-1.000000014901161194e-01
2.048999942050322431e-06,-1.000000014901161194e-01
2.049499942036181466e-06,-1.000000014901161194e-01
2.049999942022040500e-06,-1.000000014901161194e-01
2.050499942007899534e-06,-1.000000014901161194e-01
2.050999941993758569e-06,0.000000000000000000e+00
2.051499941979617603e-06,-1.000000014901161194e-01
2.051999941965476637e-06,0.000000000000000000e+00
2.052499941951335671e-06,-1.000000014901161194e-01
2.052999941937194706e-06,-1.000000014901161194e-01
2.053499941923053740e-06,-1.000000014901161194e-01
2.053999941908912774e-06,-1.000000014901161194e-01
2.054499941894771808e-06,-1.000000014901161194e-01
2.054999941880630843e-06,0.000000000000000000e+00
2.055499941866489877e-06,-1.000000014901161194e-01
2.055999941852348911e-06,0.000000000000000000e+00
2.056499941838207945e-06,-1.000000014901161194e-01
2.056999941824066980e-06,-1.000000014901161194e-01
2.057499941809926014e-06,-1.000000014901161194e-01
2.057999941795785048e-06,-1.000000014901161194e-01
2.058499941781644083e-06,-1.000000014901161194e-01
2.058999941767503117e-06,-1.000000014901161194e-01
2.059499941753362151e-06,-1.000000014901161194e-01
2.059999941739221185e-06,-1.000000014901161194e-01
2.060499941725080220e-06,-1.000000014901161194e-01
2.060999941710939254e-06,-1.000000014901161194e-01
2.061499941696798288e-06,-1.000000014901161194e-01
2.061999941682657322e-06,-1.000000014901161194e-01
2.062499941668516357e-06,-1.000000014901161194e-01
2.062999941654375391e-06,0.000000000000000000e+00
2.063499941640234425e-06,-1.000000014901161194e-01
2.063999941626093459e-06,0.000000000000000000e+00
2.064499941611952494e-06,-1.000000014901161194e-01
2.064999941597811528e-06,-1.000000014901161194e-01
2.065499941583670562e-06,-1.000000014901161194e-01
2.065999941569529597e-06,0.000000000000000000e+00
2.066499941555388631e-06,-1.000000014901161194e-01
2.066999941541247665e-06,0.000000000000000000e+00
2.067499941527106699e-06,-1.000000014901161194e-01
2.067999941512965734e-06,0.000000000000000000e+00
2.068499941498824768e-06,-1.000000014901161194e-01
2.068999941484683802e-06,-1.000000014901161194e-01
2.069499941470542836e-06,-1.000000014901161194e-01
2.069999941456401871e-06,-1.000000014901161194e-01
2.070499941442260905e-06,-1.000000014901161194e-01
2.070999941428119939e-06,-1.000000014901161194e-01
2.071499941413978974e-06,-1.000000014901161194e-01
2.071999941399838008e-06,-1.000000014901161194e-01
2.072499941385697042e-06,-1.000000014901161194e-01
2.072999941371556076e-06,-1.000000014901161194e-01
2.073499941357415111e-06,-1.000000014901161194e-01
2.073999941343274145e-06,0.000000000000000000e+00
2.074499941329133179e-06,-1.000000014901161194e-01
2.074999941314992213e-06,0.000000000000000000e+00
2.075499941300851248e-06,-1.000000014901161194e-01
2.075999941286710282e-06,-1.000000014901161194e-01
2.076499941272569316e-06,-1.000000014901161194e-01
2.076999941258428350e-06,0.000000000000000000e+00
2.077499941244287385e-06,-1.000000014901161194e-01
2.077999941230146419e-06,-1.000000014901161194e-01
2.078499941216005453e-06,-1.000000014901161194e-01
2.078999941201864488e-06,0.000000000000000000e+00
2.079499941187723522e-06,-1.000000014901161194e-01
2.079999941173582556e-06,-1.000000014901161194e-01
2.080499941159441590e-06,-1.000000014901161194e-01
2.080999941145300625e-06,0.000000000000000000e+00
2.081499941131159659e-06,-1.000000014901161194e-01
2.081999941117018693e-06,0.000000000000000000e+00
2.082499941102877727e-06,-1.000000014901161194e-01
2.082999941088736762e-06,0.000000000000000000e+00
2.083499941074595796e-06,-1.000000014901161194e-01
2.083999941060454830e-06,0.000000000000000000e+00
2.084499941046313864e-06,-1.000000014901161194e-01
2.084999941032172899e-06,-1.000000014901161194e-01
2.085499941018031933e-06,-1.000000014901161194e-01
2.085999941003890967e-06,-1.000000014901161194e-01
2.086499940989750002e-06,-1.000000014901161194e-01
2.086999940975609036e-06,0.000000000000000000e+00
2.087499940961468070e-06,-1.000000014901161194e-01
2.087999940947327104e-06,-1.000000014901161194e-01
2.088499940933186139e-06,-1.000000014901161194e-01
2.088999940919045173e-06,0.000000000000000000e+00
2.089499940904904207e-06,-1.000000014901161194e-01
2.089999940890763241e-06,-1.000000014901161194e-01
2.090499940876622276e-06,-1.000000014901161194e-01
2.090999940862481310e-06,-1.000000014901161194e-01
2.091499940848340344e-06,-1.000000014901161194e-01
2.091999940834199379e-06,0.000000000000000000e+00
2.092499940820058413e-06,-1.000000014901161194e-01
2.092999940805917447e-06,-1.000000014901161194e-01
2.093499940791776481e-06,-1.000000014901161194e-01
2.093999940777635516e-06,-1.000000014901161194e-01
2.094499940763494550e-06,-1.000000014901161194e-01
2.094999940749353584e-06,-1.000000014901161194e-01
2.095499940735212618e-06,-1.000000014901161194e-01
2.095999940721071653e-06,0.000000000000000000e+00
2.096499940706930687e-06,-1.000000014901161194e-01
2.096999940692789721e-06,0.000000000000000000e+00
2.097499940678648755e-06,-1.000000014901161194e-01
2.097999940664507790e-06,0.000000000000000000e+00
2.098499940650366824e-06,-1.000000014901161194e-01
2.098999940636225858e-06,-1.000000014901161194e-01
2.099499940622084893e-06,-1.000000014901161194e-01
2.099999940607943927e-06,0.000000000000000000e+00
2.100499940593802961e-06,-1.000000014901161194e-01
2.100999940579661995e-06,-1.000000014901161194e-01
2.101499940565521030e-06,-1.000000014901161194e-01
2.101999940551380064e-06,0.000000000000000000e+00
2.102499940537239098e-06,-1.000000014901161194e-01
2.102999940523098132e-06,-1.000000014901161194e-01
2.103499940508957167e-06,-1.000000014901161194e-01
2.103999940494816201e-06,-1.000000014901161194e-01
2.104499940480675235e-06,-1.000000014901161194e-01
2.104999940466534269e-06,0.000000000000000000e+00
2.105499940452393304e-06,-1.000000014901161194e-01
2.105999940438252338e-06,0.000000000000000000e+00
2.106499940424111372e-06,-1.000000014901161194e-01
2.106999940409970407e-06,-1.000000014901161194e-01
2.107499940395829441e-06,-1.000000014901161194e-01
2.107999940381688475e-06,0.000000000000000000e+00
2.108499940367547509e-06,-1.000000014901161194e-01
2.108999940353406544e-06,-1.000000014901161194e-01
2.109499940339265578e-06,-1.000000014901161194e-01
2.109999940325124612e-06,-1.000000014901161194e-01
2.110499940310983646e-06,-1.000000014901161194e-01
2.110999940296842681e-06,-1.000000014901161194e-01
2.111499940282701715e-06,-1.000000014901161194e-01
2.111999940268560749e-06,-1.000000014901161194e-01
2.112499940254419784e-06,-1.000000014901161194e-01
2.112999940240278818e-06,-1.000000014901161194e-01
2.113499940226137852e-06,-1.000000014901161194e-01
2.113999940211996886e-06,-1.000000014901161194e-01
2.114499940197855921e-06,-1.000000014901161194e-01
2.114999940183714955e-06,0.000000000000000000e+00
2.115499940169573989e-06,-1.000000014901161194e-01
2.115999940155433023e-06,0.000000000000000000e+00
2.116499940141292058e-06,-1.000000014901161194e-01
2.116999940127151092e-06,0.000000000000000000e+00
2.117499940113010126e-06,0.000000000000000000e+00
2.117999940098869160e-06,-1.000000014901161194e-01
2.118499940084728195e-06,-1.000000014901161194e-01
2.118999940070587229e-06,0.000000000000000000e+00
2.119499940056446263e-06,-1.000000014901161194e-01
2.119999940042305298e-06,-1.000000014901161194e-01
2.120499940028164332e-06,-1.000000014901161194e-01
2.120999940014023366e-06,0.000000000000000000e+00
2.121499939999882400e-06,-1.000000014901161194e-01
2.121999939985741435e-06,-1.000000014901161194e-01
2.122499939971600469e-06,-1.000000014901161194e-01
2.122999939957459503e-06,0.000000000000000000e+00
2.123499939943318537e-06,-1.000000014901161194e-01
2.123999939929177572e-06,0.000000000000000000e+00
2.124499939915036606e-06,0.000000000000000000e+00
2.124999939900895640e-06,0.000000000000000000e+00
2.125499939886754674e-06,-1.000000014901161194e-01
2.125999939872613709e-06,-1.000000014901161194e-01
2.126499939858472743e-06,-1.000000014901161194e-01
2.126999939844331777e-06,-1.000000014901161194e-01
2.127499939830190812e-06,-1.000000014901161194e-01
2.127999939816049846e-06,-1.000000014901161194e-01
2.128499939801908880e-06,-1.000000014901161194e-01
2.128999939787767914e-06,-1.000000014901161194e-01
2.129499939773626949e-06,-1.000000014901161194e-01
2.129999939759485983e-06,0.000000000000000000e+00
2.130499939745345017e-06,-1.000000014901161194e-01
2.130999939731204051e-06,-1.000000014901161194e-01
2.131499939717063086e-06,-1.000000014901161194e-01
2.131999939702922120e-06,-1.000000014901161194e-01
2.132499939688781154e-06,-1.000000014901161194e-01
2.132999939674640189e-06,0.000000000000000000e+00
2.133499939660499223e-06,-1.000000014901161194e-01
2.133999939646358257e-06,0.000000000000000000e+00
2.134499939632217291e-06,-1.000000014901161194e-01
2.134999939618076326e-06,-1.000000014901161194e-01
2.135499939603935360e-06,-1.000000014901161194e-01
2.135999939589794394e-06,0.000000000000000000e+00
2.136499939575653428e-06,0.000000000000000000e+00
2.136999939561512463e-06,0.000000000000000000e+00
2.137499939547371497e-06,-1.000000014901161194e-01
2.137999939533230531e-06,0.000000000000000000e+00
2.138499939519089565e-06,0.000000000000000000e+00
2.138999939504948600e-06,-1.000000014901161194e-01
2.139499939490807634e-06,-1.000000014901161194e-01
2.139999939476666668e-06,-1.000000014901161194e-01
2.140499939462525703e-06,0.000000000000000000e+00
2.140999939448384737e-06,-1.000000014901161194e-01
2.141499939434243771e-06,-1.000000014901161194e-01
2.141999939420102805e-06,-1.000000014901161194e-01
2.142499939405961840e-06,-1.000000014901161194e-01
2.142999939391820874e-06,-1.000000014901161194e-01
2.143499939377679908e-06,-1.000000014901161194e-01
2.143999939363538942e-06,-1.000000014901161194e-01
2.144499939349397977e-06,0.000000000000000000e+00
2.144999939335257011e-06,-1.000000014901161194e-01
2.145499939321116045e-06,-1.000000014901161194e-01
2.145999939306975079e-06,-1.000000014901161194e-01
2.146499939292834114e-06,-1.000000014901161194e-01
2.146999939278693148e-06,-1.000000014901161194e-01
2.147499939264552182e-06,-1.000000014901161194e-01
2.147999939250411217e-06,-1.000000014901161194e-01
2.148499939236270251e-06,-1.000000014901161194e-01
2.148999939222129285e-06,0.000000000000000000e+00
2.149499939207988319e-06,0.000000000000000000e+00
2.149999939193847354e-06,0.000000000000000000e+00
2.150499939179706388e-06,-1.000000014901161194e-01
2.150999939165565422e-06,-1.000000014901161194e-01
2.151499939151424456e-06,-1.000000014901161194e-01
2.151999939137283491e-06,-1.000000014901161194e-01
2.152499939123142525e-06,-1.000000014901161194e-01
2.152999939109001559e-06,-1.000000014901161194e-01
2.153499939094860594e-06,-1.000000014901161194e-01
2.153999939080719628e-06,-1.000000014901161194e-01
2.154499939066578662e-06,-1.000000014901161194e-01
2.154999939052437696e-06,0.000000000000000000e+00
2.155499939038296731e-06,-1.000000014901161194e-01
2.155999939024155765e-06,0.000000000000000000e+00
2.156499939010014799e-06,-1.000000014901161194e-01
2.156999938995873833e-06,0.000000000000000000e+00
2.157499938981732868e-06,-1.000000014901161194e-01
2.157999938967591902e-06,0.000000000000000000e+00
2.158499938953450936e-06,-1.000000014901161194e-01
2.158999938939309970e-06,0.000000000000000000e+00
2.159499938925169005e-06,-1.000000014901161194e-01
2.159999938911028039e-06,0.000000000000000000e+00
2.160499938896887073e-06,-1.000000014901161194e-01
2.160999938882746108e-06,0.000000000000000000e+00
2.161499938868605142e-06,-1.000000014901161194e-01
2.161999938854464176e-06,0.000000000000000000e+00
2.162499938840323210e-06,-1.000000014901161194e-01
2.162999938826182245e-06,-1.000000014901161194e-01
2.163499938812041279e-06,-1.000000014901161194e-01
2.163999938797900313e-06,-1.000000014901161194e-01
2.164499938783759347e-06,-1.000000014901161194e-01
2.164999938769618382e-06,0.000000000000000000e+00
2.165499938755477416e-06,-1.000000014901161194e-01
2.165999938741336450e-06,0.000000000000000000e+00
2.166499938727195484e-06,-1.000000014901161194e-01
2.166999938713054519e-06,0.000000000000000000e+00
2.167499938698913553e-06,-1.000000014901161194e-01
2.167999938684772587e-06,0.000000000000000000e+00
2.168499938670631622e-06,-1.000000014901161194e-01
2.168999938656490656e-06,-1.000000014901161194e-01
2.169499938642349690e-06,-1.000000014901161194e-01
2.169999938628208724e-06,0.000000000000000000e+00
2.170499938614067759e-06,-1.000000014901161194e-01
2.170999938599926793e-06,0.000000000000000000e+00
2.171499938585785827e-06,0.000000000000000000e+00
2.171999938571644861e-06,0.000000000000000000e+00
2.172499938557503896e-06,-1.000000014901161194e-01
2.172999938543362930e-06,-1.000000014901161194e-01
2.173499938529221964e-06,-1.000000014901161194e-01
2.173999938515080999e-06,0.000000000000000000e+00
2.174499938500940033e-06,-1.000000014901161194e-01
2.174999938486799067e-06,-1.000000014901161194e-01
2.175499938472658101e-06,-1.000000014901161194e-01
2.175999938458517136e-06,-1.000000014901161194e-01
2.176499938444376170e-06,-1.000000014901161194e-01
2.176999938430235204e-06,-1.000000014901161194e-01
2.177499938416094238e-06,-1.000000014901161194e-01
2.177999938401953273e-06,0.000000000000000000e+00
2.178499938387812307e-06,-1.000000014901161194e-01
2.178999938373671341e-06,-1.000000014901161194e-01
2.179499938359530375e-06,-1.000000014901161194e-01
2.179999938345389410e-06,-1.000000014901161194e-01
2.180499938331248444e-06,-1.000000014901161194e-01
2.180999938317107478e-06,0.000000000000000000e+00
2.181499938302966513e-06,-1.000000014901161194e-01
2.181999938288825547e-06,0.000000000000000000e+00
2.182499938274684581e-06,-1.000000014901161194e-01
2.182999938260543615e-06,-1.000000014901161194e-01
2.183499938246402650e-06,-1.000000014901161194e-01
2.183999938232261684e-06,-1.000000014901161194e-01
2.184499938218120718e-06,-1.000000014901161194e-01
2.184999938203979752e-06,0.000000000000000000e+00
2.185499938189838787e-06,-1.000000014901161194e-01
2.185999938175697821e-06,0.000000000000000000e+00
2.186499938161556855e-06,-1.000000014901161194e-01
2.186999938147415889e-06,0.000000000000000000e+00
2.187499938133274924e-06,-1.000000014901161194e-01
2.187999938119133958e-06,0.000000000000000000e+00
2.188499938104992992e-06,-1.000000014901161194e-01
2.188999938090852027e-06,0.000000000000000000e+00
2.189499938076711061e-06,-1.000000014901161194e-01
2.189999938062570095e-06,-1.000000014901161194e-01
2.190499938048429129e-06,-1.000000014901161194e-01
2.190999938034288164e-06,-1.000000014901161194e-01
2.191499938020147198e-06,-1.000000014901161194e-01
2.191999938006006232e-06,0.000000000000000000e+00
2.192499937991865266e-06,-1.000000014901161194e-01
2.192999937977724301e-06,-1.000000014901161194e-01
2.193499937963583335e-06,-1.000000014901161194e-01
2.193999937949442369e-06,0.000000000000000000e+00
2.194499937935301404e-06,-1.000000014901161194e-01
2.194999937921160438e-06,0.000000000000000000e+00
2.195499937907019472e-06,-1.000000014901161194e-01
2.195999937892878506e-06,0.000000000000000000e+00
2.196499937878737541e-06,-1.000000014901161194e-01
2.196999937864596575e-06,0.000000000000000000e+00
2.197499937850455609e-06,-1.000000014901161194e-01
2.197999937836314643e-06,0.000000000000000000e+00
2.198499937822173678e-06,-1.000000014901161194e-01
2.198999937808032712e-06,0.000000000000000000e+00
2.199499937793891746e-06,-1.000000014901161194e-01
2.199999937779750780e-06,0.000000000000000000e+00
2.200499937765609815e-06,-1.000000014901161194e-01
2.200999937751468849e-06,0.000000000000000000e+00
2.201499937737327883e-06,-1.000000014901161194e-01
2.201999937723186918e-06,-1.000000014901161194e-01
2.202499937709045952e-06,-1.000000014901161194e-01
2.202999937694904986e-06,-1.000000014901161194e-01
2.203499937680764020e-06,-1.000000014901161194e-01
2.203999937666623055e-06,-1.000000014901161194e-01
2.204499937652482089e-06,-1.000000014901161194e-01
2.204999937638341123e-06,-1.000000014901161194e-01
2.205499937624200157e-06,-1.000000014901161194e-01
2.205999937610059192e-06,-1.000000014901161194e-01
2.206499937595918226e-06,-1.000000014901161194e-01
2.206999937581777260e-06,0.000000000000000000e+00
2.207499937567636294e-06,-1.000000014901161194e-01
2.207999937553495329e-06,0.000000000000000000e+00
2.208499937539354363e-06,-1.000000014901161194e-01
2.208999937525213397e-06,-1.000000014901161194e-01
2.209499937511072432e-06,-1.000000014901161194e-01
2.209999937496931466e-06,0.000000000000000000e+00
2.210499937482790500e-06,-1.000000014901161194e-01
2.210999937468649534e-06,0.000000000000000000e+00
2.211499937454508569e-06,-1.000000014901161194e-01
2.211999937440367603e-06,-1.000000014901161194e-01
2.212499937426226637e-06,-1.000000014901161194e-01
2.212999937412085671e-06,0.000000000000000000e+00
2.213499937397944706e-06,-1.000000014901161194e-01
2.213999937383803740e-06,0.000000000000000000e+00
2.214499937369662774e-06,-1.000000014901161194e-01
2.214999937355521809e-06,0.000000000000000000e+00
2.215499937341380843e-06,-1.000000014901161194e-01
2.215999937327239877e-06,-1.000000014901161194e-01
2.216499937313098911e-06,0.000000000000000000e+00
2.216999937298957946e-06,0.000000000000000000e+00
2.217499937284816980e-06,-1.000000014901161194e-01
2.217999937270676014e-06,0.000000000000000000e+00
2.218499937256535048e-06,-1.000000014901161194e-01
2.218999937242394083e-06,-1.000000014901161194e-01
2.219499937228253117e-06,-1.000000014901161194e-01
2.219999937214112151e-06,-1.000000014901161194e-01
2.220499937199971185e-06,-1.000000014901161194e-01
2.220999937185830220e-06,0.000000000000000000e+00
2.221499937171689254e-06,-1.000000014901161194e-01
2.221999937157548288e-06,-1.000000014901161194e-01
2.222499937143407323e-06,-1.000000014901161194e-01
2.222999937129266357e-06,-1.000000014901161194e-01
2.223499937115125391e-06,-1.000000014901161194e-01
2.223999937100984425e-06,0.000000000000000000e+00
2.224499937086843460e-06,-1.000000014901161194e-01
2.224999937072702494e-06,0.000000000000000000e+00
2.225499937058561528e-06,0.000000000000000000e+00
2.225999937044420562e-06,-1.000000014901161194e-01
2.226499937030279597e-06,-1.000000014901161194e-01
2.226999937016138631e-06,-1.000000014901161194e-01
2.227499937001997665e-06,-1.000000014901161194e-01
2.227999936987856699e-06,-1.000000014901161194e-01
2.228499936973715734e-06,-1.000000014901161194e-01
2.228999936959574768e-06,-1.000000014901161194e-01
2.229499936945433802e-06,-1.000000014901161194e-01
2.229999936931292837e-06,-1.000000014901161194e-01
2.230499936917151871e-06,-1.000000014901161194e-01
2.230999936903010905e-06,-1.000000014901161194e-01
2.231499936888869939e-06,-1.000000014901161194e-01
2.231999936874728974e-06,0.000000000000000000e+00
2.232499936860588008e-06,-1.000000014901161194e-01
2.232999936846447042e-06,-1.000000014901161194e-01
2.233499936832306076e-06,-1.000000014901161194e-01
2.233999936818165111e-06,-1.000000014901161194e-01
2.234499936804024145e-06,-1.000000014901161194e-01
2.234999936789883179e-06,-1.000000014901161194e-01
2.235499936775742214e-06,-1.000000014901161194e-01
2.235999936761601248e-06,-1.000000014901161194e-01
2.236499936747460282e-06,-1.000000014901161194e-01
2.236999936733319316e-06,-1.000000014901161194e-01
2.237499936719178351e-06,-1.000000014901161194e-01
2.237999936705037385e-06,-1.000000014901161194e-01
2.238499936690896419e-06,-1.000000014901161194e-01
2.238999936676755453e-06,-1.000000014901161194e-01
2.239499936662614488e-06,-1.000000014901161194e-01
2.239999936648473522e-06,0.000000000000000000e+00
2.240499936634332556e-06,-1.000000014901161194e-01
2.240999936620191590e-06,-1.000000014901161194e-01
2.241499936606050625e-06,-1.000000014901161194e-01
2.241999936591909659e-06,-1.000000014901161194e-01
2.242499936577768693e-06,-1.000000014901161194e-01
2.242999936563627728e-06,-1.000000014901161194e-01
2.243499936549486762e-06,-1.000000014901161194e-01
2.243999936535345796e-06,-1.000000014901161194e-01
2.244499936521204830e-06,-1.000000014901161194e-01
2.244999936507063865e-06,-1.000000014901161194e-01
2.245499936492922899e-06,-1.000000014901161194e-01
2.245999936478781933e-06,-1.000000014901161194e-01
2.246499936464640967e-06,-1.000000014901161194e-01
2.246999936450500002e-06,-1.000000014901161194e-01
2.247499936436359036e-06,-1.000000014901161194e-01
2.247999936422218070e-06,-1.000000014901161194e-01
2.248499936408077104e-06,-1.000000014901161194e-01
2.248999936393936139e-06,0.000000000000000000e+00
2.249499936379795173e-06,-1.000000014901161194e-01
2.249999936365654207e-06,0.000000000000000000e+00
2.250499936351513242e-06,-1.000000014901161194e-01
2.250999936337372276e-06,0.000000000000000000e+00
2.251499936323231310e-06,-1.000000014901161194e-01
2.251999936309090344e-06,-1.000000014901161194e-01
2.252499936294949379e-06,-1.000000014901161194e-01
2.252999936280808413e-06,-1.000000014901161194e-01
2.253499936266667447e-06,-1.000000014901161194e-01
2.253999936252526481e-06,0.000000000000000000e+00
2.254499936238385516e-06,-1.000000014901161194e-01
2.254999936224244550e-06,0.000000000000000000e+00
2.255499936210103584e-06,-1.000000014901161194e-01
2.255999936195962619e-06,-1.000000014901161194e-01
2.256499936181821653e-06,-1.000000014901161194e-01
2.256999936167680687e-06,-1.000000014901161194e-01
2.257499936153539721e-06,-1.000000014901161194e-01
2.257999936139398756e-06,0.000000000000000000e+00
2.258499936125257790e-06,-1.000000014901161194e-01
2.258999936111116824e-06,-1.000000014901161194e-01
2.259499936096975858e-06,-1.000000014901161194e-01
2.259999936082834893e-06,-1.000000014901161194e-01
2.260499936068693927e-06,-1.000000014901161194e-01
2.260999936054552961e-06,-1.000000014901161194e-01
2.261499936040411995e-06,-1.000000014901161194e-01
2.261999936026271030e-06,-1.000000014901161194e-01
2.262499936012130064e-06,-1.000000014901161194e-01
2.262999935997989098e-06,-1.000000014901161194e-01
2.263499935983848133e-06,-1.000000014901161194e-01
2.263999935969707167e-06,-1.000000014901161194e-01
2.264499935955566201e-06,-1.000000014901161194e-01
2.264999935941425235e-06,0.000000000000000000e+00
2.265499935927284270e-06,-1.000000014901161194e-01
2.265999935913143304e-06,0.000000000000000000e+00
2.266499935899002338e-06,-1.000000014901161194e-01
2.266999935884861372e-06,-1.000000014901161194e-01
2.267499935870720407e-06,-1.000000014901161194e-01
2.267999935856579441e-06,0.000000000000000000e+00
2.268499935842438475e-06,-1.000000014901161194e-01
2.268999935828297509e-06,-1.000000014901161194e-01
2.269499935814156544e-06,0.000000000000000000e+00
2.269999935800015578e-06,0.000000000000000000e+00
2.270499935785874612e-06,-1.000000014901161194e-01
2.270999935771733647e-06,0.000000000000000000e+00
2.271499935757592681e-06,-1.000000014901161194e-01
2.271999935743451715e-06,0.000000000000000000e+00
2.272499935729310749e-06,-1.000000014901161194e-01
2.272999935715169784e-06,-1.000000014901161194e-01
2.273499935701028818e-06,-1.000000014901161194e-01
2.273999935686887852e-06,0.000000000000000000e+00
2.274499935672746886e-06,-1.000000014901161194e-01
2.274999935658605921e-06,-1.000000014901161194e-01
2.275499935644464955e-06,-1.000000014901161194e-01
2.275999935630323989e-06,0.000000000000000000e+00
2.276499935616183024e-06,-1.000000014901161194e-01
2.276999935602042058e-06,-1.000000014901161194e-01
2.277499935587901092e-06,-1.000000014901161194e-01
2.277999935573760126e-06,-1.000000014901161194e-01
2.278499935559619161e-06,-1.000000014901161194e-01
2.278999935545478195e-06,0.000000000000000000e+00
2.279499935531337229e-06,-1.000000014901161194e-01
2.279999935517196263e-06,0.000000000000000000e+00
2.280499935503055298e-06,-1.000000014901161194e-01
2.280999935488914332e-06,0.000000000000000000e+00
2.281499935474773366e-06,-1.000000014901161194e-01
2.281999935460632400e-06,-1.000000014901161194e-01
2.282499935446491435e-06,-1.000000014901161194e-01
2.282999935432350469e-06,0.000000000000000000e+00
2.283499935418209503e-06,-1.000000014901161194e-01
2.283999935404068538e-06,-1.000000014901161194e-01
2.284499935389927572e-06,-1.000000014901161194e-01
2.284999935375786606e-06,-1.000000014901161194e-01
2.285499935361645640e-06,-1.000000014901161194e-01
2.285999935347504675e-06,0.000000000000000000e+00
2.286499935333363709e-06,-1.000000014901161194e-01
2.286999935319222743e-06,-1.000000014901161194e-01
2.287499935305081777e-06,-1.000000014901161194e-01
2.287999935290940812e-06,0.000000000000000000e+00
2.288499935276799846e-06,-1.000000014901161194e-01
2.288999935262658880e-06,0.000000000000000000e+00
2.289499935248517914e-06,-1.000000014901161194e-01
2.289999935234376949e-06,0.000000000000000000e+00
2.290499935220235983e-06,-1.000000014901161194e-01
2.290999935206095017e-06,0.000000000000000000e+00
2.291499935191954052e-06,-1.000000014901161194e-01
2.291999935177813086e-06,0.000000000000000000e+00
2.292499935163672120e-06,-1.000000014901161194e-01
2.292999935149531154e-06,-1.000000014901161194e-01
2.293499935135390189e-06,-1.000000014901161194e-01
2.293999935121249223e-06,-1.000000014901161194e-01
2.294499935107108257e-06,-1.000000014901161194e-01
2.294999935092967291e-06,-1.000000014901161194e-01
2.295499935078826326e-06,-1.000000014901161194e-01
2.295999935064685360e-06,-1.000000014901161194e-01
2.296499935050544394e-06,-1.000000014901161194e-01
2.296999935036403429e-06,0.000000000000000000e+00
2.297499935022262463e-06,-1.000000014901161194e-01
2.297999935008121497e-06,-1.000000014901161194e-01
2.298499934993980531e-06,-1.000000014901161194e-01
2.298999934979839566e-06,0.000000000000000000e+00
2.299499934965698600e-06,0.000000000000000000e+00
2.299999934951557634e-06,0.000000000000000000e+00
2.300499934937416668e-06,-1.000000014901161194e-01
2.300999934923275703e-06,0.000000000000000000e+00
2.301499934909134737e-06,-1.000000014901161194e-01
2.301999934894993771e-06,-1.000000014901161194e-01
2.302499934880852805e-06,-1.000000014901161194e-01
2.302999934866711840e-06,0.000000000000000000e+00
2.303499934852570874e-06,-1.000000014901161194e-01
2.303999934838429908e-06,-1.000000014901161194e-01
2.304499934824288943e-06,-1.000000014901161194e-01
2.304999934810147977e-06,-1.000000014901161194e-01
2.305499934796007011e-06,-1.000000014901161194e-01
2.305999934781866045e-06,0.000000000000000000e+00
2.306499934767725080e-06,-1.000000014901161194e-01
2.306999934753584114e-06,0.000000000000000000e+00
2.307499934739443148e-06,-1.000000014901161194e-01
2.307999934725302182e-06,-1.000000014901161194e-01
2.308499934711161217e-06,-1.000000014901161194e-01
2.308999934697020251e-06,0.000000000000000000e+00
2.309499934682879285e-06,-1.000000014901161194e-01
2.309999934668738319e-06,0.000000000000000000e+00
2.310499934654597354e-06,-1.000000014901161194e-01
2.310999934640456388e-06,0.000000000000000000e+00
2.311499934626315422e-06,-1.000000014901161194e-01
2.311999934612174457e-06,-1.000000014901161194e-01
2.312499934598033491e-06,-1.000000014901161194e-01
2.312999934583892525e-06,-1.000000014901161194e-01
2.313499934569751559e-06,-1.000000014901161194e-01
2.313999934555610594e-06,-1.000000014901161194e-01
2.314499934541469628e-06,-1.000000014901161194e-01
2.314999934527328662e-06,-1.000000014901161194e-01
2.315499934513187696e-06,-1.000000014901161194e-01
2.315999934499046731e-06,-1.000000014901161194e-01
2.316499934484905765e-06,-1.000000014901161194e-01
2.316999934470764799e-06,-1.000000014901161194e-01
2.317499934456623834e-06,-1.000000014901161194e-01
2.317999934442482868e-06,0.000000000000000000e+00
2.318499934428341902e-06,-1.000000014901161194e-01
2.318999934414200936e-06,0.000000000000000000e+00
2.319499934400059971e-06,0.000000000000000000e+00
2.319999934385919005e-06,0.000000000000000000e+00
2.320499934371778039e-06,-1.000000014901161194e-01
2.320999934357637073e-06,-1.000000014901161194e-01
2.321499934343496108e-06,-1.000000014901161194e-01
2.321999934329355142e-06,0.000000000000000000e+00
2.322499934315214176e-06,-1.000000014901161194e-01
2.322999934301073210e-06,0.000000000000000000e+00
2.323499934286932245e-06,0.000000000000000000e+00
2.323999934272791279e-06,0.000000000000000000e+00
2.324499934258650313e-06,-1.000000014901161194e-01
2.324999934244509348e-06,0.000000000000000000e+00
2.325499934230368382e-06,-1.000000014901161194e-01
2.325999934216227416e-06,0.000000000000000000e+00
2.326499934202086450e-06,-1.000000014901161194e-01
2.326999934187945485e-06,0.000000000000000000e+00
2.327499934173804519e-06,-1.000000014901161194e-01
2.327999934159663553e-06,-1.000000014901161194e-01
2.328499934145522587e-06,-1.000000014901161194e-01
2.328999934131381622e-06,-1.000000014901161194e-01
2.329499934117240656e-06,-1.000000014901161194e-01
2.329999934103099690e-06,-1.000000014901161194e-01
2.330499934088958724e-06,-1.000000014901161194e-01
2.330999934074817759e-06,0.000000000000000000e+00
2.331499934060676793e-06,-1.000000014901161194e-01
2.331999934046535827e-06,-1.000000014901161194e-01
2.332499934032394862e-06,-1.000000014901161194e-01
2.332999934018253896e-06,0.000000000000000000e+00
2.333499934004112930e-06,-1.000000014901161194e-01
2.333999933989971964e-06,-1.000000014901161194e-01
2.334499933975830999e-06,-1.000000014901161194e-01
2.334999933961690033e-06,0.000000000000000000e+00
2.335499933947549067e-06,0.000000000000000000e+00
2.335999933933408101e-06,0.000000000000000000e+00
2.336499933919267136e-06,-1.000000014901161194e-01
2.336999933905126170e-06,-1.000000014901161194e-01
2.337499933890985204e-06,-1.000000014901161194e-01
2.337999933876844239e-06,-1.000000014901161194e-01
2.338499933862703273e-06,-1.000000014901161194e-01
2.338999933848562307e-06,0.000000000000000000e+00
2.339499933834421341e-06,-1.000000014901161194e-01
2.339999933820280376e-06,0.000000000000000000e+00
2.340499933806139410e-06,-1.000000014901161194e-01
2.340999933791998444e-06,-1.000000014901161194e-01
2.341499933777857478e-06,-1.000000014901161194e-01
2.341999933763716513e-06,-1.000000014901161194e-01
2.342499933749575547e-06,-1.000000014901161194e-01
2.342999933735434581e-06,-1.000000014901161194e-01
2.343499933721293615e-06,-1.000000014901161194e-01
2.343999933707152650e-06,0.000000000000000000e+00
2.344499933693011684e-06,-1.000000014901161194e-01
2.344999933678870718e-06,-1.000000014901161194e-01
2.345499933664729753e-06,-1.000000014901161194e-01
2.345999933650588787e-06,0.000000000000000000e+00
2.346499933636447821e-06,-1.000000014901161194e-01
2.346999933622306855e-06,0.000000000000000000e+00
2.347499933608165890e-06,-1.000000014901161194e-01
2.347999933594024924e-06,-1.000000014901161194e-01
2.348499933579883958e-06,-1.000000014901161194e-01
2.348999933565742992e-06,-1.000000014901161194e-01
2.349499933551602027e-06,-1.000000014901161194e-01
2.349999933537461061e-06,0.000000000000000000e+00
2.350499933523320095e-06,0.000000000000000000e+00
2.350999933509179129e-06,0.000000000000000000e+00
2.351499933495038164e-06,-1.000000014901161194e-01
2.351999933480897198e-06,0.000000000000000000e+00
2.352499933466756232e-06,-1.000000014901161194e-01
2.352999933452615267e-06,0.000000000000000000e+00
2.353499933438474301e-06,-1.000000014901161194e-01
2.353999933424333335e-06,0.000000000000000000e+00
2.354499933410192369e-06,-1.000000014901161194e-01
2.354999933396051404e-06,-1.000000014901161194e-01
2.355499933381910438e-06,-1.000000014901161194e-01
2.355999933367769472e-06,-1.000000014901161194e-01
2.356499933353628506e-06,-1.000000014901161194e-01
2.356999933339487541e-06,0.000000000000000000e+00
2.357499933325346575e-06,-1.000000014901161194e-01
2.357999933311205609e-06,0.000000000000000000e+00
2.358499933297064644e-06,-1.000000014901161194e-01
2.358999933282923678e-06,-1.000000014901161194e-01
2.359499933268782712e-06,-1.000000014901161194e-01
2.359999933254641746e-06,-1.000000014901161194e-01
2.360499933240500781e-06,-1.000000014901161194e-01
2.360999933226359815e-06,0.000000000000000000e+00
2.361499933212218849e-06,-1.000000014901161194e-01
2.361999933198077883e-06,-1.000000014901161194e-01
2.362499933183936918e-06,-1.000000014901161194e-01
2.362999933169795952e-06,-1.000000014901161194e-01
2.363499933155654986e-06,-1.000000014901161194e-01
2.363999933141514020e-06,-1.000000014901161194e-01
2.364499933127373055e-06,-1.000000014901161194e-01
2.364999933113232089e-06,0.000000000000000000e+00
2.365499933099091123e-06,-1.000000014901161194e-01
2.365999933084950158e-06,0.000000000000000000e+00
2.366499933070809192e-06,-1.000000014901161194e-01
2.366999933056668226e-06,-1.000000014901161194e-01
2.367499933042527260e-06,-1.000000014901161194e-01
2.367999933028386295e-06,-1.000000014901161194e-01
2.368499933014245329e-06,-1.000000014901161194e-01
2.368999933000104363e-06,0.000000000000000000e+00
2.369499932985963397e-06,-1.000000014901161194e-01
2.369999932971822432e-06,-1.000000014901161194e-01
2.370499932957681466e-06,-1.000000014901161194e-01
2.370999932943540500e-06,-1.000000014901161194e-01
2.371499932929399534e-06,-1.000000014901161194e-01
2.371999932915258569e-06,-1.000000014901161194e-01
2.372499932901117603e-06,-1.000000014901161194e-01
2.372999932886976637e-06,-1.000000014901161194e-01
2.373499932872835672e-06,-1.000000014901161194e-01
2.373999932858694706e-06,-1.000000014901161194e-01
2.374499932844553740e-06,-1.000000014901161194e-01
2.374999932830412774e-06,-1.000000014901161194e-01
2.375499932816271809e-06,-1.000000014901161194e-01
2.375999932802130843e-06,0.000000000000000000e+00
2.376499932787989877e-06,-1.000000014901161194e-01
2.376999932773848911e-06,-1.000000014901161194e-01
2.377499932759707946e-06,-1.000000014901161194e-01
2.377999932745566980e-06,0.000000000000000000e+00
2.378499932731426014e-06,0.000000000000000000e+00
2.378999932717285049e-06,0.000000000000000000e+00
2.379499932703144083e-06,-1.000000014901161194e-01
2.379999932689003117e-06,-1.000000014901161194e-01
2.380499932674862151e-06,-1.000000014901161194e-01
2.380999932660721186e-06,-1.000000014901161194e-01
2.381499932646580220e-06,-1.000000014901161194e-01
2.381999932632439254e-06,-1.000000014901161194e-01
2.382499932618298288e-06,-1.000000014901161194e-01
2.382999932604157323e-06,-1.000000014901161194e-01
2.383499932590016357e-06,-1.000000014901161194e-01
2.383999932575875391e-06,-1.000000014901161194e-01
2.384499932561734425e-06,0.000000000000000000e+00
2.384999932547593460e-06,-1.000000014901161194e-01
2.385499932533452494e-06,-1.000000014901161194e-01
2.385999932519311528e-06,0.000000000000000000e+00
2.386499932505170563e-06,-1.000000014901161194e-01
2.386999932491029597e-06,-1.000000014901161194e-01
2.387499932476888631e-06,-1.000000014901161194e-01
2.387999932462747665e-06,-1.000000014901161194e-01
2.388499932448606700e-06,-1.000000014901161194e-01
2.388999932434465734e-06,-1.000000014901161194e-01
2.389499932420324768e-06,-1.000000014901161194e-01
2.389999932406183802e-06,-1.000000014901161194e-01
2.390499932392042837e-06,-1.000000014901161194e-01
2.390999932377901871e-06,0.000000000000000000e+00
2.391499932363760905e-06,0.000000000000000000e+00
2.391999932349619939e-06,0.000000000000000000e+00
2.392499932335478974e-06,-1.000000014901161194e-01
2.392999932321338008e-06,-1.000000014901161194e-01
2.393499932307197042e-06,0.000000000000000000e+00
2.393999932293056077e-06,0.000000000000000000e+00
2.394499932278915111e-06,-1.000000014901161194e-01
2.394999932264774145e-06,0.000000000000000000e+00
2.395499932250633179e-06,0.000000000000000000e+00
2.395999932236492214e-06,-1.000000014901161194e-01
2.396499932222351248e-06,-1.000000014901161194e-01
2.396999932208210282e-06,0.000000000000000000e+00
2.397499932194069316e-06,0.000000000000000000e+00
2.397999932179928351e-06,-1.000000014901161194e-01
2.398499932165787385e-06,0.000000000000000000e+00
2.398999932151646419e-06,-1.000000014901161194e-01
2.399499932137505454e-06,-1.000000014901161194e-01
2.399999932123364488e-06,-1.000000014901161194e-01
2.400499932109223522e-06,-1.000000014901161194e-01
2.400999932095082556e-06,0.000000000000000000e+00
2.401499932080941591e-06,-1.000000014901161194e-01
2.401999932066800625e-06,-1.000000014901161194e-01
2.402499932052659659e-06,-1.000000014901161194e-01
2.402999932038518693e-06,0.000000000000000000e+00
2.403499932024377728e-06,-1.000000014901161194e-01
2.403999932010236762e-06,-1.000000014901161194e-01
2.404499931996095796e-06,-1.000000014901161194e-01
2.404999931981954830e-06,-1.000000014901161194e-01
2.405499931967813865e-06,-1.000000014901161194e-01
2.405999931953672899e-06,-1.000000014901161194e-01
2.406499931939531933e-06,-1.000000014901161194e-01
2.406999931925390968e-06,-1.000000014901161194e-01
2.407499931911250002e-06,-1.000000014901161194e-01
2.407999931897109036e-06,0.000000000000000000e+00
2.408499931882968070e-06,-1.000000014901161194e-01
2.408999931868827105e-06,-1.000000014901161194e-01
2.409499931854686139e-06,-1.000000014901161194e-01
2.409999931840545173e-06,-1.000000014901161194e-01
2.410499931826404207e-06,-1.000000014901161194e-01
2.410999931812263242e-06,-1.000000014901161194e-01
2.411499931798122276e-06,-1.000000014901161194e-01
2.411999931783981310e-06,-1.000000014901161194e-01
2.412499931769840344e-06,-1.000000014901161194e-01
2.412999931755699379e-06,-1.000000014901161194e-01
2.413499931741558413e-06,-1.000000014901161194e-01
2.413999931727417447e-06,-1.000000014901161194e-01
2.414499931713276482e-06,-1.000000014901161194e-01
2.414999931699135516e-06,-1.000000014901161194e-01
2.415499931684994550e-06,-1.000000014901161194e-01
2.415999931670853584e-06,-1.000000014901161194e-01
2.416499931656712619e-06,-1.000000014901161194e-01
2.416999931642571653e-06,-1.000000014901161194e-01
2.417499931628430687e-06,-1.000000014901161194e-01
2.417999931614289721e-06,-1.000000014901161194e-01
2.418499931600148756e-06,-1.000000014901161194e-01
2.418999931586007790e-06,-1.000000014901161194e-01
2.419499931571866824e-06,-1.000000014901161194e-01
2.419999931557725859e-06,0.000000000000000000e+00
2.420499931543584893e-06,-1.000000014901161194e-01
2.420999931529443927e-06,-1.000000014901161194e-01
2.421499931515302961e-06,-1.000000014901161194e-01
2.421999931501161996e-06,-1.000000014901161194e-01
2.422499931487021030e-06,-1.000000014901161194e-01
2.422999931472880064e-06,0.000000000000000000e+00
2.423499931458739098e-06,0.000000000000000000e+00
2.423999931444598133e-06,0.000000000000000000e+00
2.424499931430457167e-06,-1.000000014901161194e-01
2.424999931416316201e-06,0.000000000000000000e+00
2.425499931402175235e-06,-1.000000014901161194e-01
2.425999931388034270e-06,-1.000000014901161194e-01
2.426499931373893304e-06,-1.000000014901161194e-01
2.426999931359752338e-06,-1.000000014901161194e-01
2.427499931345611373e-06,-1.000000014901161194e-01
2.427999931331470407e-06,0.000000000000000000e+00
2.428499931317329441e-06,-1.000000014901161194e-01
2.428999931303188475e-06,-1.000000014901161194e-01
2.429499931289047510e-06,-1.000000014901161194e-01
2.429999931274906544e-06,0.000000000000000000e+00
2.430499931260765578e-06,-1.000000014901161194e-01
2.430999931246624612e-06,-1.000000014901161194e-01
2.431499931232483647e-06,-1.000000014901161194e-01
2.431999931218342681e-06,0.000000000000000000e+00
2.432499931204201715e-06,-1.000000014901161194e-01
2.432999931190060749e-06,-1.000000014901161194e-01
2.433499931175919784e-06,-1.000000014901161194e-01
2.433999931161778818e-06,0.000000000000000000e+00
2.434499931147637852e-06,-1.000000014901161194e-01
2.434999931133496887e-06,-1.000000014901161194e-01
2.435499931119355921e-06,-1.000000014901161194e-01
2.435999931105214955e-06,0.000000000000000000e+00
2.436499931091073989e-06,-1.000000014901161194e-01
2.436999931076933024e-06,-1.000000014901161194e-01
2.437499931062792058e-06,-1.000000014901161194e-01
2.437999931048651092e-06,0.000000000000000000e+00
2.438499931034510126e-06,0.000000000000000000e+00
2.438999931020369161e-06,0.000000000000000000e+00
2.439499931006228195e-06,-1.000000014901161194e-01
2.439999930992087229e-06,-1.000000014901161194e-01
2.440499930977946264e-06,-1.000000014901161194e-01
2.440999930963805298e-06,-1.000000014901161194e-01
2.441499930949664332e-06,-1.000000014901161194e-01
2.441999930935523366e-06,-1.000000014901161194e-01
2.442499930921382401e-06,-1.000000014901161194e-01
2.442999930907241435e-06,0.000000000000000000e+00
2.443499930893100469e-06,-1.000000014901161194e-01
2.443999930878959503e-06,0.000000000000000000e+00
2.444499930864818538e-06,-1.000000014901161194e-01
2.444999930850677572e-06,-1.000000014901161194e-01
2.445499930836536606e-06,-1.000000014901161194e-01
2.445999930822395640e-06,0.000000000000000000e+00
2.446499930808254675e-06,-1.000000014901161194e-01
2.446999930794113709e-06,0.000000000000000000e+00
2.447499930779972743e-06,-1.000000014901161194e-01
2.447999930765831778e-06,0.000000000000000000e+00
2.448499930751690812e-06,-1.000000014901161194e-01
2.448999930737549846e-06,0.000000000000000000e+00
2.449499930723408880e-06,0.000000000000000000e+00
2.449999930709267915e-06,-1.000000014901161194e-01
2.450499930695126949e-06,-1.000000014901161194e-01
2.450999930680985983e-06,0.000000000000000000e+00
2.451499930666845017e-06,0.000000000000000000e+00
2.451999930652704052e-06,0.000000000000000000e+00
2.452499930638563086e-06,-1.000000014901161194e-01
2.452999930624422120e-06,-1.000000014901161194e-01
2.453499930610281154e-06,-1.000000014901161194e-01
2.453999930596140189e-06,-1.000000014901161194e-01
2.454499930581999223e-06,-1.000000014901161194e-01
2.454999930567858257e-06,-1.000000014901161194e-01
2.455499930553717292e-06,-1.000000014901161194e-01
2.455999930539576326e-06,0.000000000000000000e+00
2.456499930525435360e-06,-1.000000014901161194e-01
2.456999930511294394e-06,0.000000000000000000e+00
2.457499930497153429e-06,-1.000000014901161194e-01
2.457999930483012463e-06,-1.000000014901161194e-01
2.458499930468871497e-06,-1.000000014901161194e-01
2.458999930454730531e-06,-1.000000014901161194e-01
2.459499930440589566e-06,-1.000000014901161194e-01
2.459999930426448600e-06,-1.000000014901161194e-01
2.460499930412307634e-06,-1.000000014901161194e-01
2.460999930398166669e-06,0.000000000000000000e+00
2.461499930384025703e-06,-1.000000014901161194e-01
2.461999930369884737e-06,-1.000000014901161194e-01
2.462499930355743771e-06,-1.000000014901161194e-01
2.462999930341602806e-06,-1.000000014901161194e-01
2.463499930327461840e-06,-1.000000014901161194e-01
2.463999930313320874e-06,-1.000000014901161194e-01
2.464499930299179908e-06,-1.000000014901161194e-01
2.464999930285038943e-06,-1.000000014901161194e-01
2.465499930270897977e-06,-1.000000014901161194e-01
2.465999930256757011e-06,0.000000000000000000e+00
2.466499930242616045e-06,-1.000000014901161194e-01
2.466999930228475080e-06,0.000000000000000000e+00
2.467499930214334114e-06,-1.000000014901161194e-01
2.467999930200193148e-06,0.000000000000000000e+00
2.468499930186052183e-06,-1.000000014901161194e-01
2.468999930171911217e-06,-1.000000014901161194e-01
2.469499930157770251e-06,-1.000000014901161194e-01
2.469999930143629285e-06,-1.000000014901161194e-01
2.470499930129488320e-06,-1.000000014901161194e-01
2.470999930115347354e-06,0.000000000000000000e+00
2.471499930101206388e-06,-1.000000014901161194e-01
2.471999930087065422e-06,-1.000000014901161194e-01
2.472499930072924457e-06,-1.000000014901161194e-01
2.472999930058783491e-06,0.000000000000000000e+00
2.473499930044642525e-06,-1.000000014901161194e-01
2.473999930030501559e-06,0.000000000000000000e+00
2.474499930016360594e-06,-1.000000014901161194e-01
2.474999930002219628e-06,0.000000000000000000e+00
2.475499929988078662e-06,-1.000000014901161194e-01
2.475999929973937697e-06,0.000000000000000000e+00
2.476499929959796731e-06,-1.000000014901161194e-01
2.476999929945655765e-06,-1.000000014901161194e-01
2.477499929931514799e-06,-1.000000014901161194e-01
2.477999929917373834e-06,-2.000000029802322388e-01
2.478499929903232868e-06,-6.000000089406967163e-01
2.478999929889091902e-06,-1.200000017881393433e+00
2.479499929874950936e-06,-1.900000028312206268e+00
2.479999929860809971e-06,-2.400000035762786865e+00
2.480499929846669005e-06,-2.700000040233135223e+00
2.480999929832528039e-06,-3.000000044703483582e+00
2.481499929818387074e-06,-3.200000047683715820e+00
2.481999929804246108e-06,-3.400000050663948059e+00
2.482499929790105142e-06,-3.600000053644180298e+00
2.482999929775964176e-06,-3.800000056624412537e+00
2.483499929761823211e-06,-3.900000058114528656e+00
2.483999929747682245e-06,-4.100000061094760895e+00
2.484499929733541279e-06,-4.200000062584877014e+00
2.484999929719400313e-06,-4.400000065565109253e+00
2.485499929705259348e-06,-4.500000067055225372e+00
2.485999929691118382e-06,-4.600000068545341492e+00
2.486499929676977416e-06,-4.600000068545341492e+00
2.486999929662836450e-06,-4.700000070035457611e+00
2.487499929648695485e-06,-4.700000070035457611e+00
2.487999929634554519e-06,-4.600000068545341492e+00
2.488499929620413553e-06,-4.600000068545341492e+00
2.488999929606272588e-06,-4.600000068545341492e+00
2.489499929592131622e-06,-4.600000068545341492e+00
2.489999929577990656e-06,-4.500000067055225372e+00
2.490499929563849690e-06,-4.400000065565109253e+00
2.490999929549708725e-06,-4.200000062584877014e+00
2.491499929535567759e-06,-4.100000061094760895e+00
2.491999929521426793e-06,-4.000000059604644775e+00
2.492499929507285827e-06,-3.800000056624412537e+00
2.492999929493144862e-06,-3.600000053644180298e+00
2.493499929479003896e-06,-3.400000050663948059e+00
2.493999929464862930e-06,-3.200000047683715820e+00
2.494499929450721964e-06,-3.000000044703483582e+00
2.494999929436580999e-06,-2.700000040233135223e+00
2.495499929422440033e-06,-2.500000037252902985e+00
2.495999929408299067e-06,-2.200000032782554626e+00
2.496499929394158102e-06,-1.900000028312206268e+00
2.496999929380017136e-06,-1.600000023841857910e+00
2.497499929365876170e-06,-1.300000019371509552e+00
2.497999929351735204e-06,-1.100000016391277313e+00
2.498499929337594239e-06,-8.000000119209289551e-01
2.498999929323453273e-06,-4.000000059604644775e-01
2.499499929309312307e-06,-1.000000014901161194e-01
2.499999929295171341e-06,2.000000029802322388e-01
2.500499929281030376e-06,5.000000074505805969e-01
2.500999929266889410e-06,9.000000134110450745e-01
2.501499929252748444e-06,1.200000017881393433e+00
2.501999929238607479e-06,1.500000022351741791e+00
2.502499929224466513e-06,1.800000026822090149e+00
2.502999929210325547e-06,2.100000031292438507e+00
2.503499929196184581e-06,2.400000035762786865e+00
2.503999929182043616e-06,2.700000040233135223e+00
2.504499929167902650e-06,2.900000043213367462e+00
2.504999929153761684e-06,3.200000047683715820e+00
2.505499929139620718e-06,3.500000052154064178e+00
2.505999929125479753e-06,3.700000055134296417e+00
2.506499929111338787e-06,3.900000058114528656e+00
2.506999929097197821e-06,4.100000061094760895e+00
2.507499929083056855e-06,4.300000064074993134e+00
2.507999929068915890e-06,4.500000067055225372e+00
2.508499929054774924e-06,4.700000070035457611e+00
2.508999929040633958e-06,4.800000071525573730e+00
2.509499929026492993e-06,4.900000073015689850e+00
2.509999929012352027e-06,5.000000074505805969e+00
2.510499928998211061e-06,5.200000077486038208e+00
2.510999928984070095e-06,5.300000078976154327e+00
2.511499928969929130e-06,5.300000078976154327e+00
2.511999928955788164e-06,5.300000078976154327e+00
2.512499928941647198e-06,5.300000078976154327e+00
2.512999928927506232e-06,5.300000078976154327e+00
2.513499928913365267e-06,5.300000078976154327e+00
2.513999928899224301e-06,5.200000077486038208e+00
2.514499928885083335e-06,5.200000077486038208e+00
2.514999928870942369e-06,5.100000075995922089e+00
2.515499928856801404e-06,5.000000074505805969e+00
2.515999928842660438e-06,4.800000071525573730e+00
2.516499928828519472e-06,4.700000070035457611e+00
2.516999928814378507e-06,4.500000067055225372e+00
2.517499928800237541e-06,4.400000065565109253e+00
2.517999928786096575e-06,4.200000062584877014e+00
2.518499928771955609e-06,4.000000059604644775e+00
2.518999928757814644e-06,3.700000055134296417e+00
2.519499928743673678e-06,3.500000052154064178e+00
2.519999928729532712e-06,3.200000047683715820e+00
2.520499928715391746e-06,3.000000044703483582e+00
2.520999928701250781e-06,2.700000040233135223e+00
2.521499928687109815e-06,2.500000037252902985e+00
2.521999928672968849e-06,2.200000032782554626e+00
2.522499928658827884e-06,1.900000028312206268e+00
2.522999928644686918e-06,1.600000023841857910e+00
2.523499928630545952e-06,1.200000017881393433e+00
2.523999928616404986e-06,9.000000134110450745e-01
2.524499928602264021e-06,6.000000089406967163e-01
2.524999928588123055e-06,3.000000044703483582e-01
2.525499928573982089e-06,0.000000000000000000e+00
2.525999928559841123e-06,-3.000000044703483582e-01
2.526499928545700158e-06,-7.000000104308128357e-01
2.526999928531559192e-06,-9.000000134110450745e-01
2.527499928517418226e-06,-1.300000019371509552e+00
2.527999928503277260e-06,-1.600000023841857910e+00
2.528499928489136295e-06,-1.900000028312206268e+00
2.528999928474995329e-06,-2.200000032782554626e+00
2.529499928460854363e-06,-2.400000035762786865e+00
2.529999928446713398e-06,-2.700000040233135223e+00
2.530499928432572432e-06,-3.000000044703483582e+00
2.530999928418431466e-06,-3.200000047683715820e+00
2.531499928404290500e-06,-3.400000050663948059e+00
2.531999928390149535e-06,-3.600000053644180298e+00
2.532499928376008569e-06,-3.900000058114528656e+00
2.532999928361867603e-06,-4.000000059604644775e+00
2.533499928347726637e-06,-4.200000062584877014e+00
2.533999928333585672e-06,-4.300000064074993134e+00
2.534499928319444706e-06,-4.500000067055225372e+00
2.534999928305303740e-06,-4.600000068545341492e+00
2.535499928291162774e-06,-4.700000070035457611e+00
2.535999928277021809e-06,-4.700000070035457611e+00
2.536499928262880843e-06,-4.800000071525573730e+00
2.536999928248739877e-06,-4.800000071525573730e+00
2.537499928234598912e-06,-4.900000073015689850e+00
2.537999928220457946e-06,-4.800000071525573730e+00
2.538499928206316980e-06,-4.800000071525573730e+00
2.538999928192176014e-06,-4.800000071525573730e+00
2.539499928178035049e-06,-4.700000070035457611e+00
2.539999928163894083e-06,-4.600000068545341492e+00
2.540499928149753117e-06,-4.500000067055225372e+00
2.540999928135612151e-06,-4.400000065565109253e+00
2.541499928121471186e-06,-4.300000064074993134e+00
2.541999928107330220e-06,-4.100000061094760895e+00
2.542499928093189254e-06,-4.000000059604644775e+00
2.542999928079048289e-06,-3.700000055134296417e+00
2.543499928064907323e-06,-3.600000053644180298e+00
2.543999928050766357e-06,-3.300000049173831940e+00
2.544499928036625391e-06,-3.100000046193599701e+00
2.544999928022484426e-06,-2.900000043213367462e+00
2.545499928008343460e-06,-2.600000038743019104e+00
2.545999927994202494e-06,-2.300000034272670746e+00
2.546499927980061528e-06,-2.100000031292438507e+00
2.546999927965920563e-06,-1.800000026822090149e+00
2.547499927951779597e-06,-1.500000022351741791e+00
2.547999927937638631e-06,-1.200000017881393433e+00
2.548499927923497665e-06,-9.000000134110450745e-01
2.548999927909356700e-06,-5.000000074505805969e-01
2.549499927895215734e-06,-2.000000029802322388e-01
2.549999927881074768e-06,1.000000014901161194e-01
2.550499927866933803e-06,4.000000059604644775e-01
2.550999927852792837e-06,7.000000104308128357e-01
2.551499927838651871e-06,1.100000016391277313e+00
2.551999927824510905e-06,1.400000020861625671e+00
2.552499927810369940e-06,1.700000025331974030e+00
2.552999927796228974e-06,2.000000029802322388e+00
2.553499927782088008e-06,2.200000032782554626e+00
2.553999927767947042e-06,2.500000037252902985e+00
2.554499927753806077e-06,2.800000041723251343e+00
2.554999927739665111e-06,3.100000046193599701e+00
2.555499927725524145e-06,3.300000049173831940e+00
2.555999927711383179e-06,3.600000053644180298e+00
2.556499927697242214e-06,3.800000056624412537e+00
2.556999927683101248e-06,4.000000059604644775e+00
2.557499927668960282e-06,4.200000062584877014e+00
2.557999927654819317e-06,4.400000065565109253e+00
2.558499927640678351e-06,4.500000067055225372e+00
2.558999927626537385e-06,4.600000068545341492e+00
2.559499927612396419e-06,4.200000062584877014e+00
2.559999927598255454e-06,3.200000047683715820e+00
2.560499927584114488e-06,1.800000026822090149e+00
2.560999927569973522e-06,7.000000104308128357e-01
2.561499927555832556e-06,1.000000014901161194e-01
2.561999927541691591e-06,0.000000000000000000e+00
2.562499927527550625e-06,1.000000014901161194e-01
2.562999927513409659e-06,2.000000029802322388e-01
2.563499927499268694e-06,3.000000044703483582e-01
2.563999927485127728e-06,3.000000044703483582e-01
2.564499927470986762e-06,2.000000029802322388e-01
2.564999927456845796e-06,2.000000029802322388e-01
2.565499927442704831e-06,2.000000029802322388e-01
2.565999927428563865e-06,2.000000029802322388e-01
2.566499927414422899e-06,2.000000029802322388e-01
2.566999927400281933e-06,2.000000029802322388e-01
2.567499927386140968e-06,2.000000029802322388e-01
2.567999927372000002e-06,2.000000029802322388e-01
2.568499927357859036e-06,2.000000029802322388e-01
2.568999927343718070e-06,2.000000029802322388e-01
2.569499927329577105e-06,2.000000029802322388e-01
2.569999927315436139e-06,2.000000029802322388e-01
2.570499927301295173e-06,2.000000029802322388e-01
2.570999927287154208e-06,2.000000029802322388e-01
2.571499927273013242e-06,2.000000029802322388e-01
2.571999927258872276e-06,2.000000029802322388e-01
2.572499927244731310e-06,2.000000029802322388e-01
2.572999927230590345e-06,2.000000029802322388e-01
2.573499927216449379e-06,2.000000029802322388e-01
2.573999927202308413e-06,2.000000029802322388e-01
2.574499927188167447e-06,2.000000029802322388e-01
2.574999927174026482e-06,2.000000029802322388e-01
2.575499927159885516e-06,2.000000029802322388e-01
2.575999927145744550e-06,2.000000029802322388e-01
2.576499927131603584e-06,2.000000029802322388e-01
2.576999927117462619e-06,2.000000029802322388e-01
2.577499927103321653e-06,2.000000029802322388e-01
2.577999927089180687e-06,2.000000029802322388e-01
2.578499927075039722e-06,2.000000029802322388e-01
2.578999927060898756e-06,2.000000029802322388e-01
2.579499927046757790e-06,2.000000029802322388e-01
2.579999927032616824e-06,2.000000029802322388e-01
2.580499927018475859e-06,2.000000029802322388e-01
2.580999927004334893e-06,2.000000029802322388e-01
2.581499926990193927e-06,2.000000029802322388e-01
2.581999926976052961e-06,2.000000029802322388e-01
2.582499926961911996e-06,2.000000029802322388e-01
2.582999926947771030e-06,2.000000029802322388e-01
2.583499926933630064e-06,2.000000029802322388e-01
2.583999926919489099e-06,2.000000029802322388e-01
2.584499926905348133e-06,2.000000029802322388e-01
2.584999926891207167e-06,2.000000029802322388e-01
2.585499926877066201e-06,2.000000029802322388e-01
2.585999926862925236e-06,2.000000029802322388e-01
2.586499926848784270e-06,2.000000029802322388e-01
2.586999926834643304e-06,2.000000029802322388e-01
2.587499926820502338e-06,2.000000029802322388e-01
2.587999926806361373e-06,2.000000029802322388e-01
2.588499926792220407e-06,2.000000029802322388e-01
2.588999926778079441e-06,2.000000029802322388e-01
2.589499926763938475e-06,2.000000029802322388e-01
2.589999926749797510e-06,3.000000044703483582e-01
2.590499926735656544e-06,2.000000029802322388e-01
2.590999926721515578e-06,3.000000044703483582e-01
2.591499926707374613e-06,3.000000044703483582e-01
2.591999926693233647e-06,3.000000044703483582e-01
2.592499926679092681e-06,3.000000044703483582e-01
2.592999926664951715e-06,3.000000044703483582e-01
2.593499926650810750e-06,3.000000044703483582e-01
2.593999926636669784e-06,2.000000029802322388e-01
2.594499926622528818e-06,2.000000029802322388e-01
2.594999926608387852e-06,1.000000014901161194e-01
2.595499926594246887e-06,2.000000029802322388e-01
2.595999926580105921e-06,2.000000029802322388e-01
2.596499926565964955e-06,1.000000014901161194e-01
2.596999926551823989e-06,2.000000029802322388e-01
2.597499926537683024e-06,2.000000029802322388e-01
2.597999926523542058e-06,2.000000029802322388e-01
2.598499926509401092e-06,2.000000029802322388e-01
2.598999926495260127e-06,2.000000029802322388e-01
2.599499926481119161e-06,2.000000029802322388e-01
2.599999926466978195e-06,2.000000029802322388e-01
2.600499926452837229e-06,2.000000029802322388e-01
2.600999926438696264e-06,2.000000029802322388e-01
2.601499926424555298e-06,2.000000029802322388e-01
2.601999926410414332e-06,2.000000029802322388e-01
2.602499926396273366e-06,2.000000029802322388e-01
2.602999926382132401e-06,2.000000029802322388e-01
2.603499926367991435e-06,1.000000014901161194e-01
2.603999926353850469e-06,2.000000029802322388e-01
2.604499926339709504e-06,2.000000029802322388e-01
2.604999926325568538e-06,1.000000014901161194e-01
2.605499926311427572e-06,1.000000014901161194e-01
2.605999926297286606e-06,2.000000029802322388e-01
2.606499926283145641e-06,1.000000014901161194e-01
2.606999926269004675e-06,1.000000014901161194e-01
2.607499926254863709e-06,1.000000014901161194e-01
2.607999926240722743e-06,1.000000014901161194e-01
2.608499926226581778e-06,1.000000014901161194e-01
2.608999926212440812e-06,2.000000029802322388e-01
2.609499926198299846e-06,1.000000014901161194e-01
2.609999926184158880e-06,2.000000029802322388e-01
2.610499926170017915e-06,1.000000014901161194e-01
2.610999926155876949e-06,2.000000029802322388e-01
2.611499926141735983e-06,1.000000014901161194e-01
2.611999926127595018e-06,1.000000014901161194e-01
2.612499926113454052e-06,1.000000014901161194e-01
2.612999926099313086e-06,1.000000014901161194e-01
2.613499926085172120e-06,1.000000014901161194e-01
2.613999926071031155e-06,1.000000014901161194e-01
2.614499926056890189e-06,1.000000014901161194e-01
2.614999926042749223e-06,1.000000014901161194e-01
2.615499926028608257e-06,1.000000014901161194e-01
2.615999926014467292e-06,2.000000029802322388e-01
2.616499926000326326e-06,1.000000014901161194e-01
2.616999925986185360e-06,1.000000014901161194e-01
2.617499925972044394e-06,1.000000014901161194e-01
2.617999925957903429e-06,1.000000014901161194e-01
2.618499925943762463e-06,1.000000014901161194e-01
2.618999925929621497e-06,1.000000014901161194e-01
2.619499925915480532e-06,1.000000014901161194e-01
2.619999925901339566e-06,1.000000014901161194e-01
2.620499925887198600e-06,1.000000014901161194e-01
2.620999925873057634e-06,1.000000014901161194e-01
2.621499925858916669e-06,1.000000014901161194e-01
2.621999925844775703e-06,1.000000014901161194e-01
2.622499925830634737e-06,1.000000014901161194e-01
2.622999925816493771e-06,1.000000014901161194e-01
2.623499925802352806e-06,1.000000014901161194e-01
2.623999925788211840e-06,1.000000014901161194e-01
2.624499925774070874e-06,1.000000014901161194e-01
2.624999925759929909e-06,1.000000014901161194e-01
2.625499925745788943e-06,1.000000014901161194e-01
2.625999925731647977e-06,1.000000014901161194e-01
2.626499925717507011e-06,1.000000014901161194e-01
2.626999925703366046e-06,1.000000014901161194e-01
2.627499925689225080e-06,1.000000014901161194e-01
2.627999925675084114e-06,1.000000014901161194e-01
2.628499925660943148e-06,1.000000014901161194e-01
2.628999925646802183e-06,1.000000014901161194e-01
2.629499925632661217e-06,1.000000014901161194e-01
2.629999925618520251e-06,1.000000014901161194e-01
2.630499925604379285e-06,1.000000014901161194e-01
2.630999925590238320e-06,1.000000014901161194e-01
2.631499925576097354e-06,1.000000014901161194e-01
2.631999925561956388e-06,1.000000014901161194e-01
2.632499925547815423e-06,1.000000014901161194e-01
2.632999925533674457e-06,1.000000014901161194e-01
2.633499925519533491e-06,1.000000014901161194e-01
2.633999925505392525e-06,1.000000014901161194e-01
2.634499925491251560e-06,1.000000014901161194e-01
2.634999925477110594e-06,1.000000014901161194e-01
2.635499925462969628e-06,1.000000014901161194e-01
2.635999925448828662e-06,1.000000014901161194e-01
2.636499925434687697e-06,1.000000014901161194e-01
2.636999925420546731e-06,1.000000014901161194e-01
2.637499925406405765e-06,1.000000014901161194e-01
2.637999925392264799e-06,1.000000014901161194e-01
2.638499925378123834e-06,1.000000014901161194e-01
2.638999925363982868e-06,1.000000014901161194e-01
2.639499925349841902e-06,1.000000014901161194e-01
2.639999925335700937e-06,1.000000014901161194e-01
2.640499925321559971e-06,0.000000000000000000e+00
2.640999925307419005e-06,1.000000014901161194e-01
2.641499925293278039e-06,1.000000014901161194e-01
2.641999925279137074e-06,1.000000014901161194e-01
2.642499925264996108e-06,1.000000014901161194e-01
2.642999925250855142e-06,1.000000014901161194e-01
2.643499925236714176e-06,1.000000014901161194e-01
2.643999925222573211e-06,1.000000014901161194e-01
2.644499925208432245e-06,1.000000014901161194e-01
2.644999925194291279e-06,1.000000014901161194e-01
2.645499925180150314e-06,0.000000000000000000e+00
2.645999925166009348e-06,1.000000014901161194e-01
2.646499925151868382e-06,0.000000000000000000e+00
2.646999925137727416e-06,1.000000014901161194e-01
2.647499925123586451e-06,0.000000000000000000e+00
2.647999925109445485e-06,0.000000000000000000e+00
2.648499925095304519e-06,0.000000000000000000e+00
2.648999925081163553e-06,1.000000014901161194e-01
2.649499925067022588e-06,1.000000014901161194e-01
2.649999925052881622e-06,1.000000014901161194e-01
2.650499925038740656e-06,1.000000014901161194e-01
2.650999925024599690e-06,1.000000014901161194e-01
2.651499925010458725e-06,0.000000000000000000e+00
2.651999924996317759e-06,1.000000014901161194e-01
2.652499924982176793e-06,0.000000000000000000e+00
2.652999924968035828e-06,0.000000000000000000e+00
2.653499924953894862e-06,1.000000014901161194e-01
2.653999924939753896e-06,1.000000014901161194e-01
2.654499924925612930e-06,0.000000000000000000e+00
2.654999924911471965e-06,0.000000000000000000e+00
2.655499924897330999e-06,0.000000000000000000e+00
2.655999924883190033e-06,1.000000014901161194e-01
2.656499924869049067e-06,0.000000000000000000e+00
2.656999924854908102e-06,1.000000014901161194e-01
2.657499924840767136e-06,0.000000000000000000e+00
2.657999924826626170e-06,0.000000000000000000e+00
2.658499924812485204e-06,0.000000000000000000e+00
2.658999924798344239e-06,1.000000014901161194e-01
2.659499924784203273e-06,0.000000000000000000e+00
2.659999924770062307e-06,0.000000000000000000e+00
2.660499924755921342e-06,0.000000000000000000e+00
2.660999924741780376e-06,0.000000000000000000e+00
2.661499924727639410e-06,0.000000000000000000e+00
2.661999924713498444e-06,1.000000014901161194e-01
2.662499924699357479e-06,0.000000000000000000e+00
2.662999924685216513e-06,1.000000014901161194e-01
2.663499924671075547e-06,0.000000000000000000e+00
2.663999924656934581e-06,0.000000000000000000e+00
2.664499924642793616e-06,0.000000000000000000e+00
2.664999924628652650e-06,0.000000000000000000e+00
2.665499924614511684e-06,0.000000000000000000e+00
2.665999924600370719e-06,0.000000000000000000e+00
2.666499924586229753e-06,0.000000000000000000e+00
2.666999924572088787e-06,0.000000000000000000e+00
2.667499924557947821e-06,0.000000000000000000e+00
2.667999924543806856e-06,0.000000000000000000e+00
2.668499924529665890e-06,0.000000000000000000e+00
2.668999924515524924e-06,0.000000000000000000e+00
2.669499924501383958e-06,0.000000000000000000e+00
2.669999924487242993e-06,0.000000000000000000e+00
2.670499924473102027e-06,0.000000000000000000e+00
2.670999924458961061e-06,0.000000000000000000e+00
2.671499924444820095e-06,0.000000000000000000e+00
2.671999924430679130e-06,0.000000000000000000e+00
2.672499924416538164e-06,0.000000000000000000e+00
2.672999924402397198e-06,0.000000000000000000e+00
2.673499924388256233e-06,0.000000000000000000e+00
2.673999924374115267e-06,0.000000000000000000e+00
2.674499924359974301e-06,0.000000000000000000e+00
2.674999924345833335e-06,0.000000000000000000e+00
2.675499924331692370e-06,0.000000000000000000e+00
2.675999924317551404e-06,0.000000000000000000e+00
2.676499924303410438e-06,0.000000000000000000e+00
2.676999924289269472e-06,0.000000000000000000e+00
2.677499924275128507e-06,0.000000000000000000e+00
2.677999924260987541e-06,0.000000000000000000e+00
2.678499924246846575e-06,0.000000000000000000e+00
2.678999924232705609e-06,0.000000000000000000e+00
2.679499924218564644e-06,0.000000000000000000e+00
2.679999924204423678e-06,0.000000000000000000e+00
2.680499924190282712e-06,0.000000000000000000e+00
2.680999924176141747e-06,0.000000000000000000e+00
2.681499924162000781e-06,0.000000000000000000e+00
2.681999924147859815e-06,0.000000000000000000e+00
2.682499924133718849e-06,0.000000000000000000e+00
2.682999924119577884e-06,0.000000000000000000e+00
2.683499924105436918e-06,0.000000000000000000e+00
2.683999924091295952e-06,0.000000000000000000e+00
2.684499924077154986e-06,0.000000000000000000e+00
2.684999924063014021e-06,0.000000000000000000e+00
2.685499924048873055e-06,0.000000000000000000e+00
2.685999924034732089e-06,0.000000000000000000e+00
2.686499924020591124e-06,0.000000000000000000e+00
2.686999924006450158e-06,0.000000000000000000e+00
2.687499923992309192e-06,0.000000000000000000e+00
2.687999923978168226e-06,0.000000000000000000e+00
2.688499923964027261e-06,0.000000000000000000e+00
2.688999923949886295e-06,0.000000000000000000e+00
2.689499923935745329e-06,0.000000000000000000e+00
2.689999923921604363e-06,0.000000000000000000e+00
2.690499923907463398e-06,0.000000000000000000e+00
2.690999923893322432e-06,0.000000000000000000e+00
2.691499923879181466e-06,0.000000000000000000e+00
2.691999923865040500e-06,0.000000000000000000e+00
2.692499923850899535e-06,-1.000000014901161194e-01
2.692999923836758569e-06,-4.000000059604644775e-01
2.693499923822617603e-06,-1.300000019371509552e+00
2.693999923808476638e-06,-2.300000034272670746e+00
2.694499923794335672e-06,-3.200000047683715820e+00
2.694999923780194706e-06,-3.700000055134296417e+00
2.695499923766053740e-06,-3.900000058114528656e+00
2.695999923751912775e-06,-4.000000059604644775e+00
2.696499923737771809e-06,-4.100000061094760895e+00
2.696999923723630843e-06,-4.200000062584877014e+00
2.697499923709489877e-06,-4.400000065565109253e+00
2.697999923695348912e-06,-4.500000067055225372e+00
2.698499923681207946e-06,-4.600000068545341492e+00
2.698999923667066980e-06,-4.600000068545341492e+00
2.699499923652926014e-06,-4.700000070035457611e+00
2.699999923638785049e-06,-4.700000070035457611e+00
2.700499923624644083e-06,-4.700000070035457611e+00
2.700999923610503117e-06,-4.700000070035457611e+00
2.701499923596362152e-06,-4.600000068545341492e+00
2.701999923582221186e-06,-4.600000068545341492e+00
2.702499923568080220e-06,-4.500000067055225372e+00
2.702999923553939254e-06,-4.400000065565109253e+00
2.703499923539798289e-06,-4.300000064074993134e+00
2.703999923525657323e-06,-4.200000062584877014e+00
2.704499923511516357e-06,-4.000000059604644775e+00
2.704999923497375391e-06,-3.800000056624412537e+00
2.705499923483234426e-06,-3.700000055134296417e+00
2.705999923469093460e-06,-3.400000050663948059e+00
2.706499923454952494e-06,-3.200000047683715820e+00
2.706999923440811529e-06,-3.000000044703483582e+00
2.707499923426670563e-06,-2.800000041723251343e+00
2.707999923412529597e-06,-2.500000037252902985e+00
2.708499923398388631e-06,-2.200000032782554626e+00
2.708999923384247666e-06,-2.000000029802322388e+00
2.709499923370106700e-06,-1.700000025331974030e+00
2.709999923355965734e-06,-1.400000020861625671e+00
2.710499923341824768e-06,-1.100000016391277313e+00
2.710999923327683803e-06,-8.000000119209289551e-01
2.711499923313542837e-06,-5.000000074505805969e-01
2.711999923299401871e-06,-1.000000014901161194e-01
2.712499923285260905e-06,2.000000029802322388e-01
2.712999923271119940e-06,5.000000074505805969e-01
2.713499923256978974e-06,8.000000119209289551e-01
2.713999923242838008e-06,1.100000016391277313e+00
2.714499923228697043e-06,1.400000020861625671e+00
2.714999923214556077e-06,1.700000025331974030e+00
2.715499923200415111e-06,2.000000029802322388e+00
2.715999923186274145e-06,2.300000034272670746e+00
2.716499923172133180e-06,2.600000038743019104e+00
2.716999923157992214e-06,2.900000043213367462e+00
2.717499923143851248e-06,3.200000047683715820e+00
2.717999923129710282e-06,3.400000050663948059e+00
2.718499923115569317e-06,3.700000055134296417e+00
2.718999923101428351e-06,3.900000058114528656e+00
2.719499923087287385e-06,4.100000061094760895e+00
2.719999923073146419e-06,4.300000064074993134e+00
2.720499923059005454e-06,4.500000067055225372e+00
2.720999923044864488e-06,4.600000068545341492e+00
2.721499923030723522e-06,4.800000071525573730e+00
2.721999923016582557e-06,4.900000073015689850e+00
2.722499923002441591e-06,5.000000074505805969e+00
2.722999922988300625e-06,5.100000075995922089e+00
2.723499922974159659e-06,5.200000077486038208e+00
2.723999922960018694e-06,5.200000077486038208e+00
2.724499922945877728e-06,5.300000078976154327e+00
2.724999922931736762e-06,5.300000078976154327e+00
2.725499922917595796e-06,5.300000078976154327e+00
2.725999922903454831e-06,5.300000078976154327e+00
2.726499922889313865e-06,5.200000077486038208e+00
2.726999922875172899e-06,5.200000077486038208e+00
2.727499922861031934e-06,5.000000074505805969e+00
2.727999922846890968e-06,4.900000073015689850e+00
2.728499922832750002e-06,4.800000071525573730e+00
2.728999922818609036e-06,4.600000068545341492e+00
2.729499922804468071e-06,4.500000067055225372e+00
2.729999922790327105e-06,4.300000064074993134e+00
2.730499922776186139e-06,4.100000061094760895e+00
2.730999922762045173e-06,3.900000058114528656e+00
2.731499922747904208e-06,3.700000055134296417e+00
2.731999922733763242e-06,3.500000052154064178e+00
2.732499922719622276e-06,3.200000047683715820e+00
2.732999922705481310e-06,3.000000044703483582e+00
2.733499922691340345e-06,2.700000040233135223e+00
2.733999922677199379e-06,2.400000035762786865e+00
2.734499922663058413e-06,2.100000031292438507e+00
2.734999922648917448e-06,1.900000028312206268e+00
2.735499922634776482e-06,1.500000022351741791e+00
2.735999922620635516e-06,1.200000017881393433e+00
2.736499922606494550e-06,9.000000134110450745e-01
2.736999922592353585e-06,6.000000089406967163e-01
2.737499922578212619e-06,3.000000044703483582e-01
2.737999922564071653e-06,-1.000000014901161194e-01
2.738499922549930687e-06,-4.000000059604644775e-01
2.738999922535789722e-06,-7.000000104308128357e-01
2.739499922521648756e-06,-1.000000014901161194e+00
2.739999922507507790e-06,-1.300000019371509552e+00
2.740499922493366824e-06,-1.600000023841857910e+00
2.740999922479225859e-06,-1.900000028312206268e+00
2.741499922465084893e-06,-2.200000032782554626e+00
2.741999922450943927e-06,-2.500000037252902985e+00
2.742499922436802962e-06,-2.700000040233135223e+00
2.742999922422661996e-06,-3.000000044703483582e+00
2.743499922408521030e-06,-3.200000047683715820e+00
2.743999922394380064e-06,-3.400000050663948059e+00
2.744499922380239099e-06,-3.700000055134296417e+00
2.744999922366098133e-06,-3.800000056624412537e+00
2.745499922351957167e-06,-4.100000061094760895e+00
2.745999922337816201e-06,-4.200000062584877014e+00
2.746499922323675236e-06,-4.400000065565109253e+00
2.746999922309534270e-06,-4.500000067055225372e+00
2.747499922295393304e-06,-4.600000068545341492e+00
2.747999922281252339e-06,-4.700000070035457611e+00
2.748499922267111373e-06,-4.800000071525573730e+00
2.748999922252970407e-06,-4.800000071525573730e+00
2.749499922238829441e-06,-4.900000073015689850e+00
2.749999922224688476e-06,-4.900000073015689850e+00
2.750499922210547510e-06,-4.900000073015689850e+00
2.750999922196406544e-06,-4.900000073015689850e+00
2.751499922182265578e-06,-4.800000071525573730e+00
2.751999922168124613e-06,-4.800000071525573730e+00
2.752499922153983647e-06,-4.700000070035457611e+00
2.752999922139842681e-06,-4.600000068545341492e+00
2.753499922125701715e-06,-4.500000067055225372e+00
2.753999922111560750e-06,-4.300000064074993134e+00
2.754499922097419784e-06,-4.100000061094760895e+00
2.754999922083278818e-06,-4.000000059604644775e+00
2.755499922069137853e-06,-3.800000056624412537e+00
2.755999922054996887e-06,-3.600000053644180298e+00
2.756499922040855921e-06,-3.400000050663948059e+00
2.756999922026714955e-06,-3.100000046193599701e+00
2.757499922012573990e-06,-2.900000043213367462e+00
2.757999921998433024e-06,-2.600000038743019104e+00
2.758499921984292058e-06,-2.400000035762786865e+00
2.758999921970151092e-06,-2.100000031292438507e+00
2.759499921956010127e-06,-1.800000026822090149e+00
2.759999921941869161e-06,-1.500000022351741791e+00
2.760499921927728195e-06,-1.200000017881393433e+00
2.760999921913587229e-06,-9.000000134110450745e-01
2.761499921899446264e-06,-6.000000089406967163e-01
2.761999921885305298e-06,-3.000000044703483582e-01
2.762499921871164332e-06,0.000000000000000000e+00
2.762999921857023367e-06,4.000000059604644775e-01
2.763499921842882401e-06,7.000000104308128357e-01
2.763999921828741435e-06,1.000000014901161194e+00
2.764499921814600469e-06,1.300000019371509552e+00
2.764999921800459504e-06,1.600000023841857910e+00
2.765499921786318538e-06,1.900000028312206268e+00
2.765999921772177572e-06,2.200000032782554626e+00
2.766499921758036606e-06,2.500000037252902985e+00
2.766999921743895641e-06,2.800000041723251343e+00
2.767499921729754675e-06,3.000000044703483582e+00
2.767999921715613709e-06,3.300000049173831940e+00
2.768499921701472744e-06,3.500000052154064178e+00
2.768999921687331778e-06,3.700000055134296417e+00
2.769499921673190812e-06,3.900000058114528656e+00
2.769999921659049846e-06,4.200000062584877014e+00
2.770499921644908881e-06,4.300000064074993134e+00
2.770999921630767915e-06,4.500000067055225372e+00
2.771499921616626949e-06,4.600000068545341492e+00
2.771999921602485983e-06,4.700000070035457611e+00
2.772499921588345018e-06,4.900000073015689850e+00
2.772999921574204052e-06,5.000000074505805969e+00
2.773499921560063086e-06,5.000000074505805969e+00
2.773999921545922120e-06,4.900000073015689850e+00
2.774499921531781155e-06,4.200000062584877014e+00
2.774999921517640189e-06,2.800000041723251343e+00
2.775499921503499223e-06,1.300000019371509552e+00
2.775999921489358258e-06,2.000000029802322388e-01
2.776499921475217292e-06,-2.000000029802322388e-01
2.776999921461076326e-06,-2.000000029802322388e-01
2.777499921446935360e-06,0.000000000000000000e+00
2.777999921432794395e-06,1.000000014901161194e-01
2.778499921418653429e-06,0.000000000000000000e+00
2.778999921404512463e-06,0.000000000000000000e+00
2.779499921390371497e-06,0.000000000000000000e+00
2.779999921376230532e-06,0.000000000000000000e+00
2.780499921362089566e-06,0.000000000000000000e+00
2.780999921347948600e-06,0.000000000000000000e+00
2.781499921333807634e-06,0.000000000000000000e+00
2.781999921319666669e-06,0.000000000000000000e+00
2.782499921305525703e-06,0.000000000000000000e+00
2.782999921291384737e-06,0.000000000000000000e+00
2.783499921277243772e-06,0.000000000000000000e+00
2.783999921263102806e-06,0.000000000000000000e+00
2.784499921248961840e-06,0.000000000000000000e+00
2.784999921234820874e-06,0.000000000000000000e+00
2.785499921220679909e-06,0.000000000000000000e+00
2.785999921206538943e-06,0.000000000000000000e+00
2.786499921192397977e-06,0.000000000000000000e+00
2.786999921178257011e-06,1.000000014901161194e-01
2.787499921164116046e-06,0.000000000000000000e+00
2.787999921149975080e-06,1.000000014901161194e-01
2.788499921135834114e-06,0.000000000000000000e+00
2.788999921121693149e-06,0.000000000000000000e+00
2.789499921107552183e-06,0.000000000000000000e+00
2.789999921093411217e-06,1.000000014901161194e-01
2.790499921079270251e-06,0.000000000000000000e+00
2.790999921065129286e-06,1.000000014901161194e-01
2.791499921050988320e-06,0.000000000000000000e+00
2.791999921036847354e-06,1.000000014901161194e-01
2.792499921022706388e-06,0.000000000000000000e+00
2.792999921008565423e-06,0.000000000000000000e+00
2.793499920994424457e-06,0.000000000000000000e+00
2.793999920980283491e-06,1.000000014901161194e-01
2.794499920966142525e-06,1.000000014901161194e-01
2.794999920952001560e-06,1.000000014901161194e-01
2.795499920937860594e-06,1.000000014901161194e-01
2.795999920923719628e-06,1.000000014901161194e-01
2.796499920909578663e-06,1.000000014901161194e-01
2.796999920895437697e-06,1.000000014901161194e-01
2.797499920881296731e-06,1.000000014901161194e-01
2.797999920867155765e-06,1.000000014901161194e-01
2.798499920853014800e-06,1.000000014901161194e-01
2.798999920838873834e-06,1.000000014901161194e-01
2.799499920824732868e-06,1.000000014901161194e-01
2.799999920810591902e-06,1.000000014901161194e-01
2.800499920796450937e-06,1.000000014901161194e-01
2.800999920782309971e-06,1.000000014901161194e-01
2.801499920768169005e-06,1.000000014901161194e-01
2.801999920754028039e-06,1.000000014901161194e-01
2.802499920739887074e-06,1.000000014901161194e-01
2.802999920725746108e-06,1.000000014901161194e-01
2.803499920711605142e-06,1.000000014901161194e-01
2.803999920697464177e-06,1.000000014901161194e-01
2.804499920683323211e-06,1.000000014901161194e-01
2.804999920669182245e-06,1.000000014901161194e-01
2.805499920655041279e-06,1.000000014901161194e-01
2.805999920640900314e-06,1.000000014901161194e-01
2.806499920626759348e-06,2.000000029802322388e-01
2.806999920612618382e-06,2.000000029802322388e-01
2.807499920598477416e-06,2.000000029802322388e-01
2.807999920584336451e-06,2.000000029802322388e-01
2.808499920570195485e-06,1.000000014901161194e-01
2.808999920556054519e-06,1.000000014901161194e-01
2.809499920541913554e-06,0.000000000000000000e+00
2.809999920527772588e-06,0.000000000000000000e+00
2.810499920513631622e-06,0.000000000000000000e+00
2.810999920499490656e-06,1.000000014901161194e-01
2.811499920485349691e-06,1.000000014901161194e-01
2.811999920471208725e-06,1.000000014901161194e-01
2.812499920457067759e-06,1.000000014901161194e-01
2.812999920442926793e-06,1.000000014901161194e-01
2.813499920428785828e-06,1.000000014901161194e-01
2.813999920414644862e-06,0.000000000000000000e+00
2.814499920400503896e-06,0.000000000000000000e+00
2.814999920386362930e-06,1.000000014901161194e-01
2.815499920372221965e-06,1.000000014901161194e-01
2.815999920358080999e-06,1.000000014901161194e-01
2.816499920343940033e-06,0.000000000000000000e+00
2.816999920329799068e-06,0.000000000000000000e+00
2.817499920315658102e-06,0.000000000000000000e+00
2.817999920301517136e-06,1.000000014901161194e-01
2.818499920287376170e-06,0.000000000000000000e+00
2.818999920273235205e-06,0.000000000000000000e+00
2.819499920259094239e-06,0.000000000000000000e+00
2.819999920244953273e-06,0.000000000000000000e+00
2.820499920230812307e-06,0.000000000000000000e+00
2.820999920216671342e-06,0.000000000000000000e+00
2.821499920202530376e-06,0.000000000000000000e+00
2.821999920188389410e-06,0.000000000000000000e+00
2.822499920174248444e-06,0.000000000000000000e+00
2.822999920160107479e-06,0.000000000000000000e+00
2.823499920145966513e-06,0.000000000000000000e+00
2.823999920131825547e-06,0.000000000000000000e+00
2.824499920117684582e-06,0.000000000000000000e+00
2.824999920103543616e-06,0.000000000000000000e+00
2.825499920089402650e-06,0.000000000000000000e+00
2.825999920075261684e-06,0.000000000000000000e+00
2.826499920061120719e-06,0.000000000000000000e+00
2.826999920046979753e-06,1.000000014901161194e-01
2.827499920032838787e-06,0.000000000000000000e+00
2.827999920018697821e-06,0.000000000000000000e+00
2.828499920004556856e-06,0.000000000000000000e+00
2.828999919990415890e-06,1.000000014901161194e-01
2.829499919976274924e-06,1.000000014901161194e-01
2.829999919962133959e-06,0.000000000000000000e+00
2.830499919947992993e-06,0.000000000000000000e+00
2.830999919933852027e-06,0.000000000000000000e+00
2.831499919919711061e-06,0.000000000000000000e+00
2.831999919905570096e-06,0.000000000000000000e+00
2.832499919891429130e-06,0.000000000000000000e+00
2.832999919877288164e-06,0.000000000000000000e+00
2.833499919863147198e-06,0.000000000000000000e+00
2.833999919849006233e-06,0.000000000000000000e+00
2.834499919834865267e-06,0.000000000000000000e+00
2.834999919820724301e-06,0.000000000000000000e+00
2.835499919806583335e-06,0.000000000000000000e+00
2.835999919792442370e-06,0.000000000000000000e+00
2.836499919778301404e-06,0.000000000000000000e+00
2.836999919764160438e-06,0.000000000000000000e+00
2.837499919750019473e-06,0.000000000000000000e+00
2.837999919735878507e-06,0.000000000000000000e+00
2.838499919721737541e-06,0.000000000000000000e+00
2.838999919707596575e-06,0.000000000000000000e+00
2.839499919693455610e-06,0.000000000000000000e+00
2.839999919679314644e-06,0.000000000000000000e+00
2.840499919665173678e-06,0.000000000000000000e+00
2.840999919651032712e-06,0.000000000000000000e+00
2.841499919636891747e-06,0.000000000000000000e+00
2.841999919622750781e-06,0.000000000000000000e+00
2.842499919608609815e-06,0.000000000000000000e+00
2.842999919594468849e-06,0.000000000000000000e+00
2.843499919580327884e-06,0.000000000000000000e+00
2.843999919566186918e-06,0.000000000000000000e+00
2.844499919552045952e-06,0.000000000000000000e+00
2.844999919537904987e-06,0.000000000000000000e+00
2.845499919523764021e-06,0.000000000000000000e+00
2.845999919509623055e-06,0.000000000000000000e+00
2.846499919495482089e-06,0.000000000000000000e+00
2.846999919481341124e-06,0.000000000000000000e+00
2.847499919467200158e-06,0.000000000000000000e+00
2.847999919453059192e-06,0.000000000000000000e+00
2.848499919438918226e-06,0.000000000000000000e+00
2.848999919424777261e-06,0.000000000000000000e+00
2.849499919410636295e-06,0.000000000000000000e+00
2.849999919396495329e-06,0.000000000000000000e+00
2.850499919382354364e-06,0.000000000000000000e+00
2.850999919368213398e-06,0.000000000000000000e+00
2.851499919354072432e-06,0.000000000000000000e+00
2.851999919339931466e-06,0.000000000000000000e+00
2.852499919325790501e-06,0.000000000000000000e+00
2.852999919311649535e-06,0.000000000000000000e+00
2.853499919297508569e-06,0.000000000000000000e+00
2.853999919283367603e-06,0.000000000000000000e+00
2.854499919269226638e-06,0.000000000000000000e+00
2.854999919255085672e-06,0.000000000000000000e+00
2.855499919240944706e-06,0.000000000000000000e+00
2.855999919226803740e-06,0.000000000000000000e+00
2.856499919212662775e-06,0.000000000000000000e+00
2.856999919198521809e-06,0.000000000000000000e+00
2.857499919184380843e-06,0.000000000000000000e+00
2.857999919170239878e-06,0.000000000000000000e+00
2.858499919156098912e-06,0.000000000000000000e+00
2.858999919141957946e-06,0.000000000000000000e+00
2.859499919127816980e-06,0.000000000000000000e+00
2.859999919113676015e-06,0.000000000000000000e+00
2.860499919099535049e-06,0.000000000000000000e+00
2.860999919085394083e-06,0.000000000000000000e+00
2.861499919071253117e-06,0.000000000000000000e+00
2.861999919057112152e-06,0.000000000000000000e+00
2.862499919042971186e-06,0.000000000000000000e+00
2.862999919028830220e-06,0.000000000000000000e+00
2.863499919014689254e-06,0.000000000000000000e+00
2.863999919000548289e-06,0.000000000000000000e+00
2.864499918986407323e-06,0.000000000000000000e+00
2.864999918972266357e-06,0.000000000000000000e+00
2.865499918958125392e-06,0.000000000000000000e+00
2.865999918943984426e-06,0.000000000000000000e+00
2.866499918929843460e-06,0.000000000000000000e+00
2.866999918915702494e-06,0.000000000000000000e+00
2.867499918901561529e-06,0.000000000000000000e+00
2.867999918887420563e-06,0.000000000000000000e+00
2.868499918873279597e-06,0.000000000000000000e+00
2.868999918859138631e-06,0.000000000000000000e+00
2.869499918844997666e-06,-1.000000014901161194e-01
2.869999918830856700e-06,0.000000000000000000e+00
2.870499918816715734e-06,0.000000000000000000e+00
2.870999918802574769e-06,0.000000000000000000e+00
2.871499918788433803e-06,0.000000000000000000e+00
2.871999918774292837e-06,0.000000000000000000e+00
2.872499918760151871e-06,0.000000000000000000e+00
2.872999918746010906e-06,0.000000000000000000e+00
2.873499918731869940e-06,0.000000000000000000e+00
2.873999918717728974e-06,0.000000000000000000e+00
2.874499918703588008e-06,0.000000000000000000e+00
2.874999918689447043e-06,0.000000000000000000e+00
2.875499918675306077e-06,0.000000000000000000e+00
2.875999918661165111e-06,0.000000000000000000e+00
2.876499918647024145e-06,0.000000000000000000e+00
2.876999918632883180e-06,0.000000000000000000e+00
2.877499918618742214e-06,-1.000000014901161194e-01
2.877999918604601248e-06,0.000000000000000000e+00
2.878499918590460283e-06,-1.000000014901161194e-01
2.878999918576319317e-06,0.000000000000000000e+00
2.879499918562178351e-06,-1.000000014901161194e-01
2.879999918548037385e-06,0.000000000000000000e+00
2.880499918533896420e-06,0.000000000000000000e+00
2.880999918519755454e-06,0.000000000000000000e+00
2.881499918505614488e-06,0.000000000000000000e+00
2.881999918491473522e-06,0.000000000000000000e+00
2.882499918477332557e-06,0.000000000000000000e+00
2.882999918463191591e-06,0.000000000000000000e+00
2.883499918449050625e-06,0.000000000000000000e+00
2.883999918434909659e-06,0.000000000000000000e+00
2.884499918420768694e-06,0.000000000000000000e+00
2.884999918406627728e-06,0.000000000000000000e+00
2.885499918392486762e-06,0.000000000000000000e+00
2.885999918378345797e-06,0.000000000000000000e+00
2.886499918364204831e-06,0.000000000000000000e+00
2.886999918350063865e-06,0.000000000000000000e+00
2.887499918335922899e-06,-1.000000014901161194e-01
2.887999918321781934e-06,0.000000000000000000e+00
2.888499918307640968e-06,0.000000000000000000e+00
2.888999918293500002e-06,0.000000000000000000e+00
2.889499918279359036e-06,0.000000000000000000e+00
2.889999918265218071e-06,0.000000000000000000e+00
2.890499918251077105e-06,0.000000000000000000e+00
2.890999918236936139e-06,0.000000000000000000e+00
2.891499918222795174e-06,0.000000000000000000e+00
2.891999918208654208e-06,0.000000000000000000e+00
2.892499918194513242e-06,0.000000000000000000e+00
2.892999918180372276e-06,0.000000000000000000e+00
2.893499918166231311e-06,-1.000000014901161194e-01
2.893999918152090345e-06,0.000000000000000000e+00
2.894499918137949379e-06,-1.000000014901161194e-01
2.894999918123808413e-06,0.000000000000000000e+00
2.895499918109667448e-06,-1.000000014901161194e-01
2.895999918095526482e-06,0.000000000000000000e+00
2.896499918081385516e-06,0.000000000000000000e+00
2.896999918067244550e-06,0.000000000000000000e+00
2.897499918053103585e-06,-1.000000014901161194e-01
2.897999918038962619e-06,0.000000000000000000e+00
2.898499918024821653e-06,-1.000000014901161194e-01
2.898999918010680688e-06,0.000000000000000000e+00
2.899499917996539722e-06,-1.000000014901161194e-01
2.899999917982398756e-06,-1.000000014901161194e-01
2.900499917968257790e-06,-1.000000014901161194e-01
2.900999917954116825e-06,-1.000000014901161194e-01
2.901499917939975859e-06,-1.000000014901161194e-01
2.901999917925834893e-06,-1.000000014901161194e-01
2.902499917911693927e-06,0.000000000000000000e+00
2.902999917897552962e-06,0.000000000000000000e+00
2.903499917883411996e-06,-1.000000014901161194e-01
2.903999917869271030e-06,0.000000000000000000e+00
2.904499917855130064e-06,0.000000000000000000e+00
2.904999917840989099e-06,-1.000000014901161194e-01
2.905499917826848133e-06,-1.000000014901161194e-01
2.905999917812707167e-06,0.000000000000000000e+00
2.906499917798566202e-06,0.000000000000000000e+00
2.906999917784425236e-06,0.000000000000000000e+00
2.907499917770284270e-06,1.000000014901161194e-01
2.907999917756143304e-06,8.000000119209289551e-01
2.908499917742002339e-06,2.000000029802322388e+00
2.908999917727861373e-06,3.300000049173831940e+00
2.909499917713720407e-06,4.200000062584877014e+00
2.909999917699579441e-06,4.600000068545341492e+00
2.910499917685438476e-06,4.700000070035457611e+00
2.910999917671297510e-06,4.700000070035457611e+00
2.911499917657156544e-06,4.600000068545341492e+00
2.911999917643015579e-06,4.700000070035457611e+00
2.912499917628874613e-06,4.800000071525573730e+00
2.912999917614733647e-06,4.800000071525573730e+00
2.913499917600592681e-06,4.700000070035457611e+00
2.913999917586451716e-06,4.700000070035457611e+00
2.914499917572310750e-06,4.600000068545341492e+00
2.914999917558169784e-06,4.500000067055225372e+00
2.915499917544028818e-06,4.400000065565109253e+00
2.915999917529887853e-06,4.300000064074993134e+00
2.916499917515746887e-06,4.200000062584877014e+00
2.916999917501605921e-06,4.000000059604644775e+00
2.917499917487464955e-06,3.800000056624412537e+00
2.917999917473323990e-06,3.600000053644180298e+00
2.918499917459183024e-06,3.400000050663948059e+00
2.918999917445042058e-06,3.200000047683715820e+00
2.919499917430901093e-06,3.000000044703483582e+00
2.919999917416760127e-06,2.700000040233135223e+00
2.920499917402619161e-06,2.500000037252902985e+00
2.920999917388478195e-06,2.200000032782554626e+00
2.921499917374337230e-06,1.900000028312206268e+00
2.921999917360196264e-06,1.700000025331974030e+00
2.922499917346055298e-06,1.400000020861625671e+00
2.922999917331914332e-06,1.100000016391277313e+00
2.923499917317773367e-06,8.000000119209289551e-01
2.923999917303632401e-06,5.000000074505805969e-01
2.924499917289491435e-06,1.000000014901161194e-01
2.924999917275350469e-06,-2.000000029802322388e-01
2.925499917261209504e-06,-5.000000074505805969e-01
2.925999917247068538e-06,-8.000000119209289551e-01
2.926499917232927572e-06,-1.100000016391277313e+00
2.926999917218786607e-06,-1.400000020861625671e+00
2.927499917204645641e-06,-1.800000026822090149e+00
2.927999917190504675e-06,-2.000000029802322388e+00
2.928499917176363709e-06,-2.300000034272670746e+00
2.928999917162222744e-06,-2.600000038743019104e+00
2.929499917148081778e-06,-2.900000043213367462e+00
2.929999917133940812e-06,-3.200000047683715820e+00
2.930499917119799846e-06,-3.400000050663948059e+00
2.930999917105658881e-06,-3.600000053644180298e+00
2.931499917091517915e-06,-3.900000058114528656e+00
2.931999917077376949e-06,-4.100000061094760895e+00
2.932499917063235984e-06,-4.300000064074993134e+00
2.932999917049095018e-06,-4.500000067055225372e+00
2.933499917034954052e-06,-4.700000070035457611e+00
2.933999917020813086e-06,-4.800000071525573730e+00
2.934499917006672121e-06,-5.000000074505805969e+00
2.934999916992531155e-06,-5.100000075995922089e+00
2.935499916978390189e-06,-5.200000077486038208e+00
2.935999916964249223e-06,-5.200000077486038208e+00
2.936499916950108258e-06,-5.300000078976154327e+00
2.936999916935967292e-06,-5.300000078976154327e+00
2.937499916921826326e-06,-5.300000078976154327e+00
2.937999916907685360e-06,-5.300000078976154327e+00
2.938499916893544395e-06,-5.300000078976154327e+00
2.938999916879403429e-06,-5.200000077486038208e+00
2.939499916865262463e-06,-5.200000077486038208e+00
2.939999916851121498e-06,-5.200000077486038208e+00
2.940499916836980532e-06,-5.100000075995922089e+00
2.940999916822839566e-06,-5.000000074505805969e+00
2.941499916808698600e-06,-4.800000071525573730e+00
2.941999916794557635e-06,-4.600000068545341492e+00
2.942499916780416669e-06,-4.400000065565109253e+00
2.942999916766275703e-06,-4.200000062584877014e+00
2.943499916752134737e-06,-4.000000059604644775e+00
2.943999916737993772e-06,-3.800000056624412537e+00
2.944499916723852806e-06,-3.500000052154064178e+00
2.944999916709711840e-06,-3.300000049173831940e+00
2.945499916695570874e-06,-3.000000044703483582e+00
2.945999916681429909e-06,-2.700000040233135223e+00
2.946499916667288943e-06,-2.500000037252902985e+00
2.946999916653147977e-06,-2.200000032782554626e+00
2.947499916639007012e-06,-1.900000028312206268e+00
2.947999916624866046e-06,-1.600000023841857910e+00
2.948499916610725080e-06,-1.300000019371509552e+00
2.948999916596584114e-06,-1.000000014901161194e+00
2.949499916582443149e-06,-6.000000089406967163e-01
2.949999916568302183e-06,-3.000000044703483582e-01
2.950499916554161217e-06,0.000000000000000000e+00
2.950999916540020251e-06,3.000000044703483582e-01
2.951499916525879286e-06,6.000000089406967163e-01
2.951999916511738320e-06,9.000000134110450745e-01
2.952499916497597354e-06,1.200000017881393433e+00
2.952999916483456389e-06,1.500000022351741791e+00
2.953499916469315423e-06,1.800000026822090149e+00
2.953999916455174457e-06,2.100000031292438507e+00
2.954499916441033491e-06,2.400000035762786865e+00
2.954999916426892526e-06,2.700000040233135223e+00
2.955499916412751560e-06,2.900000043213367462e+00
2.955999916398610594e-06,3.200000047683715820e+00
2.956499916384469628e-06,3.400000050663948059e+00
2.956999916370328663e-06,3.600000053644180298e+00
2.957499916356187697e-06,3.800000056624412537e+00
2.957999916342046731e-06,4.000000059604644775e+00
2.958499916327905765e-06,4.200000062584877014e+00
2.958999916313764800e-06,4.300000064074993134e+00
2.959499916299623834e-06,4.400000065565109253e+00
2.959999916285482868e-06,4.500000067055225372e+00
2.960499916271341903e-06,4.600000068545341492e+00
2.960999916257200937e-06,4.700000070035457611e+00
2.961499916243059971e-06,4.800000071525573730e+00
2.961999916228919005e-06,4.800000071525573730e+00
2.962499916214778040e-06,4.800000071525573730e+00
2.962999916200637074e-06,4.800000071525573730e+00
2.963499916186496108e-06,4.800000071525573730e+00
2.963999916172355142e-06,4.800000071525573730e+00
2.964499916158214177e-06,4.700000070035457611e+00
2.964999916144073211e-06,4.600000068545341492e+00
2.965499916129932245e-06,4.500000067055225372e+00
2.965999916115791279e-06,4.400000065565109253e+00
2.966499916101650314e-06,4.200000062584877014e+00
2.966999916087509348e-06,4.100000061094760895e+00
2.967499916073368382e-06,3.900000058114528656e+00
2.967999916059227417e-06,3.700000055134296417e+00
2.968499916045086451e-06,3.500000052154064178e+00
2.968999916030945485e-06,3.300000049173831940e+00
2.969499916016804519e-06,3.000000044703483582e+00
2.969999916002663554e-06,2.800000041723251343e+00
2.970499915988522588e-06,2.500000037252902985e+00
2.970999915974381622e-06,2.300000034272670746e+00
2.971499915960240656e-06,2.000000029802322388e+00
2.971999915946099691e-06,1.700000025331974030e+00
2.972499915931958725e-06,1.400000020861625671e+00
2.972999915917817759e-06,1.100000016391277313e+00
2.973499915903676794e-06,8.000000119209289551e-01
2.973999915889535828e-06,5.000000074505805969e-01
2.974499915875394862e-06,2.000000029802322388e-01
2.974999915861253896e-06,-1.000000014901161194e-01
2.975499915847112931e-06,-5.000000074505805969e-01
2.975999915832971965e-06,-8.000000119209289551e-01
2.976499915818830999e-06,-1.100000016391277313e+00
2.976999915804690033e-06,-1.400000020861625671e+00
2.977499915790549068e-06,-1.700000025331974030e+00
2.977999915776408102e-06,-2.000000029802322388e+00
2.978499915762267136e-06,-2.300000034272670746e+00
2.978999915748126170e-06,-2.600000038743019104e+00
2.979499915733985205e-06,-2.900000043213367462e+00
2.979999915719844239e-06,-3.100000046193599701e+00
2.980499915705703273e-06,-3.400000050663948059e+00
2.980999915691562308e-06,-3.600000053644180298e+00
2.981499915677421342e-06,-3.800000056624412537e+00
2.981999915663280376e-06,-4.000000059604644775e+00
2.982499915649139410e-06,-4.200000062584877014e+00
2.982999915634998445e-06,-4.400000065565109253e+00
2.983499915620857479e-06,-4.600000068545341492e+00
2.983999915606716513e-06,-4.700000070035457611e+00
2.984499915592575547e-06,-4.800000071525573730e+00
2.984999915578434582e-06,-5.000000074505805969e+00
2.985499915564293616e-06,-5.100000075995922089e+00
2.985999915550152650e-06,-5.100000075995922089e+00
2.986499915536011684e-06,-5.200000077486038208e+00
2.986999915521870719e-06,-5.200000077486038208e+00
2.987499915507729753e-06,-5.200000077486038208e+00
2.987999915493588787e-06,-5.200000077486038208e+00
2.988499915479447822e-06,-5.200000077486038208e+00
2.988999915465306856e-06,-4.800000071525573730e+00
2.989499915451165890e-06,-3.800000056624412537e+00
2.989999915437024924e-06,-2.200000032782554626e+00
2.990499915422883959e-06,-8.000000119209289551e-01
2.990999915408742993e-06,1.000000014901161194e-01
2.991499915394602027e-06,3.000000044703483582e-01
2.991999915380461061e-06,2.000000029802322388e-01
2.992499915366320096e-06,1.000000014901161194e-01
2.992999915352179130e-06,0.000000000000000000e+00
2.993499915338038164e-06,0.000000000000000000e+00
2.993999915323897199e-06,1.000000014901161194e-01
2.994499915309756233e-06,1.000000014901161194e-01
2.994999915295615267e-06,1.000000014901161194e-01
2.995499915281474301e-06,1.000000014901161194e-01
2.995999915267333336e-06,1.000000014901161194e-01
2.996499915253192370e-06,1.000000014901161194e-01
2.996999915239051404e-06,1.000000014901161194e-01
2.997499915224910438e-06,0.000000000000000000e+00
2.997999915210769473e-06,1.000000014901161194e-01
2.998499915196628507e-06,0.000000000000000000e+00
2.998999915182487541e-06,1.000000014901161194e-01
2.999499915168346575e-06,0.000000000000000000e+00
2.999999915154205610e-06,0.000000000000000000e+00
3.000499915140064644e-06,0.000000000000000000e+00
3.000999915125923678e-06,0.000000000000000000e+00
3.001499915111782713e-06,0.000000000000000000e+00
3.001999915097641747e-06,0.000000000000000000e+00
3.002499915083500781e-06,0.000000000000000000e+00
3.002999915069359815e-06,0.000000000000000000e+00
3.003499915055218850e-06,0.000000000000000000e+00
3.003999915041077884e-06,0.000000000000000000e+00
3.004499915026936918e-06,0.000000000000000000e+00
3.004999915012795952e-06,0.000000000000000000e+00
3.005499914998654987e-06,0.000000000000000000e+00
3.005999914984514021e-06,0.000000000000000000e+00
3.006499914970373055e-06,0.000000000000000000e+00
3.006999914956232089e-06,0.000000000000000000e+00
3.007499914942091124e-06,0.000000000000000000e+00
3.007999914927950158e-06,0.000000000000000000e+00
3.008499914913809192e-06,-1.000000014901161194e-01
3.008999914899668227e-06,0.000000000000000000e+00
3.009499914885527261e-06,0.000000000000000000e+00
3.009999914871386295e-06,0.000000000000000000e+00
3.010499914857245329e-06,-1.000000014901161194e-01
3.010999914843104364e-06,0.000000000000000000e+00
3.011499914828963398e-06,0.000000000000000000e+00
3.011999914814822432e-06,-1.000000014901161194e-01
3.012499914800681466e-06,-1.000000014901161194e-01
3.012999914786540501e-06,-1.000000014901161194e-01
3.013499914772399535e-06,-1.000000014901161194e-01
3.013999914758258569e-06,-1.000000014901161194e-01
3.014499914744117604e-06,-1.000000014901161194e-01
3.014999914729976638e-06,0.000000000000000000e+00
3.015499914715835672e-06,-1.000000014901161194e-01
3.015999914701694706e-06,-1.000000014901161194e-01
3.016499914687553741e-06,-1.000000014901161194e-01
3.016999914673412775e-06,-1.000000014901161194e-01
3.017499914659271809e-06,-1.000000014901161194e-01
3.017999914645130843e-06,-1.000000014901161194e-01
3.018499914630989878e-06,-1.000000014901161194e-01
3.018999914616848912e-06,-1.000000014901161194e-01
3.019499914602707946e-06,-1.000000014901161194e-01
3.019999914588566980e-06,-1.000000014901161194e-01
3.020499914574426015e-06,-1.000000014901161194e-01
3.020999914560285049e-06,-1.000000014901161194e-01
3.021499914546144083e-06,-2.000000029802322388e-01
3.021999914532003118e-06,-2.000000029802322388e-01
3.022499914517862152e-06,-2.000000029802322388e-01
3.022999914503721186e-06,-1.000000014901161194e-01
3.023499914489580220e-06,-1.000000014901161194e-01
3.023999914475439255e-06,0.000000000000000000e+00
3.024499914461298289e-06,0.000000000000000000e+00
3.024999914447157323e-06,0.000000000000000000e+00
3.025499914433016357e-06,0.000000000000000000e+00
3.025999914418875392e-06,0.000000000000000000e+00
3.026499914404734426e-06,-1.000000014901161194e-01
3.026999914390593460e-06,0.000000000000000000e+00
3.027499914376452494e-06,0.000000000000000000e+00
3.027999914362311529e-06,0.000000000000000000e+00
3.028499914348170563e-06,-1.000000014901161194e-01
3.028999914334029597e-06,0.000000000000000000e+00
3.029499914319888632e-06,0.000000000000000000e+00
3.029999914305747666e-06,0.000000000000000000e+00
3.030499914291606700e-06,0.000000000000000000e+00
3.030999914277465734e-06,0.000000000000000000e+00
3.031499914263324769e-06,-1.000000014901161194e-01
3.031999914249183803e-06,0.000000000000000000e+00
3.032499914235042837e-06,0.000000000000000000e+00
3.032999914220901871e-06,0.000000000000000000e+00
3.033499914206760906e-06,-1.000000014901161194e-01
3.033999914192619940e-06,-1.000000014901161194e-01
3.034499914178478974e-06,-1.000000014901161194e-01
3.034999914164338009e-06,0.000000000000000000e+00
3.035499914150197043e-06,0.000000000000000000e+00
3.035999914136056077e-06,0.000000000000000000e+00
3.036499914121915111e-06,-1.000000014901161194e-01
3.036999914107774146e-06,0.000000000000000000e+00
3.037499914093633180e-06,-1.000000014901161194e-01
3.037999914079492214e-06,0.000000000000000000e+00
3.038499914065351248e-06,-1.000000014901161194e-01
3.038999914051210283e-06,0.000000000000000000e+00
3.039499914037069317e-06,0.000000000000000000e+00
3.039999914022928351e-06,0.000000000000000000e+00
3.040499914008787385e-06,0.000000000000000000e+00
3.040999913994646420e-06,0.000000000000000000e+00
3.041499913980505454e-06,0.000000000000000000e+00
3.041999913966364488e-06,0.000000000000000000e+00
3.042499913952223523e-06,0.000000000000000000e+00
3.042999913938082557e-06,0.000000000000000000e+00
3.043499913923941591e-06,0.000000000000000000e+00
3.043999913909800625e-06,0.000000000000000000e+00
3.044499913895659660e-06,-1.000000014901161194e-01
3.044999913881518694e-06,0.000000000000000000e+00
3.045499913867377728e-06,0.000000000000000000e+00
3.045999913853236762e-06,0.000000000000000000e+00
3.046499913839095797e-06,0.000000000000000000e+00
3.046999913824954831e-06,0.000000000000000000e+00
3.047499913810813865e-06,-1.000000014901161194e-01
3.047999913796672899e-06,0.000000000000000000e+00
3.048499913782531934e-06,0.000000000000000000e+00
3.048999913768390968e-06,0.000000000000000000e+00
3.049499913754250002e-06,0.000000000000000000e+00
3.049999913740109037e-06,0.000000000000000000e+00
3.050499913725968071e-06,0.000000000000000000e+00
3.050999913711827105e-06,0.000000000000000000e+00
3.051499913697686139e-06,0.000000000000000000e+00
3.051999913683545174e-06,0.000000000000000000e+00
3.052499913669404208e-06,0.000000000000000000e+00
3.052999913655263242e-06,0.000000000000000000e+00
3.053499913641122276e-06,0.000000000000000000e+00
3.053999913626981311e-06,0.000000000000000000e+00
3.054499913612840345e-06,0.000000000000000000e+00
3.054999913598699379e-06,0.000000000000000000e+00
3.055499913584558414e-06,-1.000000014901161194e-01
3.055999913570417448e-06,0.000000000000000000e+00
3.056499913556276482e-06,-1.000000014901161194e-01
3.056999913542135516e-06,0.000000000000000000e+00
3.057499913527994551e-06,0.000000000000000000e+00
3.057999913513853585e-06,0.000000000000000000e+00
3.058499913499712619e-06,0.000000000000000000e+00
3.058999913485571653e-06,0.000000000000000000e+00
3.059499913471430688e-06,0.000000000000000000e+00
3.059999913457289722e-06,0.000000000000000000e+00
3.060499913443148756e-06,0.000000000000000000e+00
3.060999913429007790e-06,0.000000000000000000e+00
3.061499913414866825e-06,0.000000000000000000e+00
3.061999913400725859e-06,0.000000000000000000e+00
3.062499913386584893e-06,0.000000000000000000e+00
3.062999913372443928e-06,0.000000000000000000e+00
3.063499913358302962e-06,0.000000000000000000e+00
3.063999913344161996e-06,0.000000000000000000e+00
3.064499913330021030e-06,-1.000000014901161194e-01
3.064999913315880065e-06,0.000000000000000000e+00
3.065499913301739099e-06,0.000000000000000000e+00
3.065999913287598133e-06,0.000000000000000000e+00
3.066499913273457167e-06,0.000000000000000000e+00
3.066999913259316202e-06,0.000000000000000000e+00
3.067499913245175236e-06,0.000000000000000000e+00
3.067999913231034270e-06,0.000000000000000000e+00
3.068499913216893304e-06,0.000000000000000000e+00
3.068999913202752339e-06,0.000000000000000000e+00
3.069499913188611373e-06,0.000000000000000000e+00
3.069999913174470407e-06,0.000000000000000000e+00
3.070499913160329442e-06,-1.000000014901161194e-01
3.070999913146188476e-06,0.000000000000000000e+00
3.071499913132047510e-06,0.000000000000000000e+00
3.071999913117906544e-06,0.000000000000000000e+00
3.072499913103765579e-06,0.000000000000000000e+00
3.072999913089624613e-06,0.000000000000000000e+00
3.073499913075483647e-06,-1.000000014901161194e-01
3.073999913061342681e-06,0.000000000000000000e+00
3.074499913047201716e-06,-1.000000014901161194e-01
3.074999913033060750e-06,0.000000000000000000e+00
3.075499913018919784e-06,0.000000000000000000e+00
3.075999913004778819e-06,0.000000000000000000e+00
3.076499912990637853e-06,-1.000000014901161194e-01
3.076999912976496887e-06,0.000000000000000000e+00
3.077499912962355921e-06,0.000000000000000000e+00
3.077999912948214956e-06,0.000000000000000000e+00
3.078499912934073990e-06,0.000000000000000000e+00
3.078999912919933024e-06,0.000000000000000000e+00
3.079499912905792058e-06,0.000000000000000000e+00
3.079999912891651093e-06,0.000000000000000000e+00
3.080499912877510127e-06,0.000000000000000000e+00
3.080999912863369161e-06,0.000000000000000000e+00
3.081499912849228195e-06,0.000000000000000000e+00
3.081999912835087230e-06,0.000000000000000000e+00
3.082499912820946264e-06,0.000000000000000000e+00
3.082999912806805298e-06,0.000000000000000000e+00
3.083499912792664333e-06,0.000000000000000000e+00
3.083999912778523367e-06,0.000000000000000000e+00
3.084499912764382401e-06,0.000000000000000000e+00
3.084999912750241435e-06,0.000000000000000000e+00
3.085499912736100470e-06,-1.000000014901161194e-01
3.085999912721959504e-06,0.000000000000000000e+00
3.086499912707818538e-06,-1.000000014901161194e-01
3.086999912693677572e-06,0.000000000000000000e+00
3.087499912679536607e-06,0.000000000000000000e+00
3.087999912665395641e-06,0.000000000000000000e+00
3.088499912651254675e-06,0.000000000000000000e+00
3.088999912637113709e-06,0.000000000000000000e+00
3.089499912622972744e-06,0.000000000000000000e+00
3.089999912608831778e-06,0.000000000000000000e+00
3.090499912594690812e-06,0.000000000000000000e+00
3.090999912580549847e-06,0.000000000000000000e+00
3.091499912566408881e-06,0.000000000000000000e+00
3.091999912552267915e-06,0.000000000000000000e+00
3.092499912538126949e-06,0.000000000000000000e+00
3.092999912523985984e-06,0.000000000000000000e+00
3.093499912509845018e-06,0.000000000000000000e+00
3.093999912495704052e-06,0.000000000000000000e+00
3.094499912481563086e-06,0.000000000000000000e+00
3.094999912467422121e-06,0.000000000000000000e+00
3.095499912453281155e-06,0.000000000000000000e+00
3.095999912439140189e-06,0.000000000000000000e+00
3.096499912424999224e-06,0.000000000000000000e+00
3.096999912410858258e-06,0.000000000000000000e+00
3.097499912396717292e-06,0.000000000000000000e+00
3.097999912382576326e-06,0.000000000000000000e+00
3.098499912368435361e-06,0.000000000000000000e+00
3.098999912354294395e-06,0.000000000000000000e+00
3.099499912340153429e-06,0.000000000000000000e+00
3.099999912326012463e-06,0.000000000000000000e+00
3.100499912311871498e-06,0.000000000000000000e+00
3.100999912297730532e-06,0.000000000000000000e+00
3.101499912283589566e-06,0.000000000000000000e+00
3.101999912269448600e-06,0.000000000000000000e+00
3.102499912255307635e-06,-1.000000014901161194e-01
3.102999912241166669e-06,0.000000000000000000e+00
3.103499912227025703e-06,0.000000000000000000e+00
3.103999912212884738e-06,0.000000000000000000e+00
3.104499912198743772e-06,0.000000000000000000e+00
3.104999912184602806e-06,0.000000000000000000e+00
3.105499912170461840e-06,0.000000000000000000e+00
3.105999912156320875e-06,0.000000000000000000e+00
3.106499912142179909e-06,-1.000000014901161194e-01
3.106999912128038943e-06,0.000000000000000000e+00
3.107499912113897977e-06,0.000000000000000000e+00
3.107999912099757012e-06,0.000000000000000000e+00
3.108499912085616046e-06,0.000000000000000000e+00
3.108999912071475080e-06,0.000000000000000000e+00
3.109499912057334114e-06,0.000000000000000000e+00
3.109999912043193149e-06,0.000000000000000000e+00
3.110499912029052183e-06,0.000000000000000000e+00
3.110999912014911217e-06,0.000000000000000000e+00
3.111499912000770252e-06,-1.000000014901161194e-01
3.111999911986629286e-06,0.000000000000000000e+00
3.112499911972488320e-06,0.000000000000000000e+00
3.112999911958347354e-06,0.000000000000000000e+00
3.113499911944206389e-06,0.000000000000000000e+00
3.113999911930065423e-06,0.000000000000000000e+00
3.114499911915924457e-06,0.000000000000000000e+00
3.114999911901783491e-06,0.000000000000000000e+00
3.115499911887642526e-06,0.000000000000000000e+00
3.115999911873501560e-06,0.000000000000000000e+00
3.116499911859360594e-06,0.000000000000000000e+00
3.116999911845219629e-06,0.000000000000000000e+00
3.117499911831078663e-06,0.000000000000000000e+00
3.117999911816937697e-06,0.000000000000000000e+00
3.118499911802796731e-06,0.000000000000000000e+00
3.118999911788655766e-06,0.000000000000000000e+00
3.119499911774514800e-06,0.000000000000000000e+00
3.119999911760373834e-06,0.000000000000000000e+00
3.120499911746232868e-06,-1.000000014901161194e-01
3.120999911732091903e-06,0.000000000000000000e+00
3.121499911717950937e-06,0.000000000000000000e+00
3.121999911703809971e-06,0.000000000000000000e+00
3.122499911689669005e-06,4.000000059604644775e-01
3.122999911675528040e-06,1.300000019371509552e+00
3.123499911661387074e-06,2.800000041723251343e+00
3.123999911647246108e-06,4.200000062584877014e+00
3.124499911633105143e-06,5.000000074505805969e+00
3.124999911618964177e-06,5.200000077486038208e+00
3.125499911604823211e-06,5.100000075995922089e+00
3.125999911590682245e-06,4.900000073015689850e+00
3.126499911576541280e-06,4.800000071525573730e+00
3.126999911562400314e-06,4.700000070035457611e+00
3.127499911548259348e-06,4.700000070035457611e+00
3.127999911534118382e-06,4.600000068545341492e+00
3.128499911519977417e-06,4.500000067055225372e+00
3.128999911505836451e-06,4.400000065565109253e+00
3.129499911491695485e-06,4.200000062584877014e+00
3.129999911477554519e-06,4.000000059604644775e+00
3.130499911463413554e-06,3.800000056624412537e+00
3.130999911449272588e-06,3.600000053644180298e+00
3.131499911435131622e-06,3.400000050663948059e+00
3.131999911420990657e-06,3.200000047683715820e+00
3.132499911406849691e-06,2.900000043213367462e+00
3.132999911392708725e-06,2.600000038743019104e+00
3.133499911378567759e-06,2.400000035762786865e+00
3.133999911364426794e-06,2.100000031292438507e+00
3.134499911350285828e-06,1.800000026822090149e+00
3.134999911336144862e-06,1.500000022351741791e+00
3.135499911322003896e-06,1.200000017881393433e+00
3.135999911307862931e-06,9.000000134110450745e-01
3.136499911293721965e-06,6.000000089406967163e-01
3.136999911279580999e-06,3.000000044703483582e-01
3.137499911265440034e-06,-1.000000014901161194e-01
3.137999911251299068e-06,-4.000000059604644775e-01
3.138499911237158102e-06,-7.000000104308128357e-01
3.138999911223017136e-06,-1.000000014901161194e+00
3.139499911208876171e-06,-1.300000019371509552e+00
3.139999911194735205e-06,-1.600000023841857910e+00
3.140499911180594239e-06,-1.900000028312206268e+00
3.140999911166453273e-06,-2.200000032782554626e+00
3.141499911152312308e-06,-2.500000037252902985e+00
3.141999911138171342e-06,-2.800000041723251343e+00
3.142499911124030376e-06,-3.000000044703483582e+00
3.142999911109889410e-06,-3.300000049173831940e+00
3.143499911095748445e-06,-3.500000052154064178e+00
3.143999911081607479e-06,-3.800000056624412537e+00
3.144499911067466513e-06,-4.000000059604644775e+00
3.144999911053325548e-06,-4.200000062584877014e+00
3.145499911039184582e-06,-4.400000065565109253e+00
3.145999911025043616e-06,-4.500000067055225372e+00
3.146499911010902650e-06,-4.700000070035457611e+00
3.146999910996761685e-06,-4.800000071525573730e+00
3.147499910982620719e-06,-5.000000074505805969e+00
3.147999910968479753e-06,-5.100000075995922089e+00
3.148499910954338787e-06,-5.100000075995922089e+00
3.148999910940197822e-06,-5.200000077486038208e+00
3.149499910926056856e-06,-5.200000077486038208e+00
3.149999910911915890e-06,-5.200000077486038208e+00
3.150499910897774924e-06,-5.200000077486038208e+00
3.150999910883633959e-06,-5.200000077486038208e+00
3.151499910869492993e-06,-5.200000077486038208e+00
3.151999910855352027e-06,-5.100000075995922089e+00
3.152499910841211062e-06,-5.000000074505805969e+00
3.152999910827070096e-06,-4.900000073015689850e+00
3.153499910812929130e-06,-4.800000071525573730e+00
3.153999910798788164e-06,-4.600000068545341492e+00
3.154499910784647199e-06,-4.500000067055225372e+00
3.154999910770506233e-06,-4.400000065565109253e+00
3.155499910756365267e-06,-4.200000062584877014e+00
3.155999910742224301e-06,-4.000000059604644775e+00
3.156499910728083336e-06,-3.700000055134296417e+00
3.156999910713942370e-06,-3.500000052154064178e+00
3.157499910699801404e-06,-3.200000047683715820e+00
3.157999910685660439e-06,-2.900000043213367462e+00
3.158499910671519473e-06,-2.600000038743019104e+00
3.158999910657378507e-06,-2.400000035762786865e+00
3.159499910643237541e-06,-2.100000031292438507e+00
3.159999910629096576e-06,-1.800000026822090149e+00
3.160499910614955610e-06,-1.400000020861625671e+00
3.160999910600814644e-06,-1.200000017881393433e+00
3.161499910586673678e-06,-9.000000134110450745e-01
3.161999910572532713e-06,-5.000000074505805969e-01
3.162499910558391747e-06,-2.000000029802322388e-01
3.162999910544250781e-06,1.000000014901161194e-01
3.163499910530109815e-06,4.000000059604644775e-01
3.163999910515968850e-06,8.000000119209289551e-01
3.164499910501827884e-06,1.000000014901161194e+00
3.164999910487686918e-06,1.400000020861625671e+00
3.165499910473545953e-06,1.700000025331974030e+00
3.165999910459404987e-06,1.900000028312206268e+00
3.166499910445264021e-06,2.300000034272670746e+00
3.166999910431123055e-06,2.500000037252902985e+00
3.167499910416982090e-06,2.800000041723251343e+00
3.167999910402841124e-06,3.000000044703483582e+00
3.168499910388700158e-06,3.300000049173831940e+00
3.168999910374559192e-06,3.500000052154064178e+00
3.169499910360418227e-06,3.700000055134296417e+00
3.169999910346277261e-06,3.900000058114528656e+00
3.170499910332136295e-06,4.100000061094760895e+00
3.170999910317995329e-06,4.200000062584877014e+00
3.171499910303854364e-06,4.400000065565109253e+00
3.171999910289713398e-06,4.500000067055225372e+00
3.172499910275572432e-06,4.600000068545341492e+00
3.172999910261431467e-06,4.700000070035457611e+00
3.173499910247290501e-06,4.800000071525573730e+00
3.173999910233149535e-06,4.900000073015689850e+00
3.174499910219008569e-06,4.900000073015689850e+00
3.174999910204867604e-06,4.900000073015689850e+00
3.175499910190726638e-06,4.900000073015689850e+00
3.175999910176585672e-06,4.900000073015689850e+00
3.176499910162444706e-06,4.800000071525573730e+00
3.176999910148303741e-06,4.700000070035457611e+00
3.177499910134162775e-06,4.700000070035457611e+00
3.177999910120021809e-06,4.600000068545341492e+00
3.178499910105880844e-06,4.500000067055225372e+00
3.178999910091739878e-06,4.300000064074993134e+00
3.179499910077598912e-06,4.100000061094760895e+00
3.179999910063457946e-06,4.000000059604644775e+00
3.180499910049316981e-06,3.800000056624412537e+00
3.180999910035176015e-06,3.600000053644180298e+00
3.181499910021035049e-06,3.400000050663948059e+00
3.181999910006894083e-06,3.100000046193599701e+00
3.182499909992753118e-06,2.900000043213367462e+00
3.182999909978612152e-06,2.600000038743019104e+00
3.183499909964471186e-06,2.400000035762786865e+00
3.183999909950330220e-06,2.100000031292438507e+00
3.184499909936189255e-06,1.800000026822090149e+00
3.184999909922048289e-06,1.500000022351741791e+00
3.185499909907907323e-06,1.200000017881393433e+00
3.185999909893766358e-06,9.000000134110450745e-01
3.186499909879625392e-06,6.000000089406967163e-01
3.186999909865484426e-06,2.000000029802322388e-01
3.187499909851343460e-06,-1.000000014901161194e-01
3.187999909837202495e-06,-4.000000059604644775e-01
3.188499909823061529e-06,-7.000000104308128357e-01
3.188999909808920563e-06,-1.000000014901161194e+00
3.189499909794779597e-06,-1.300000019371509552e+00
3.189999909780638632e-06,-1.600000023841857910e+00
3.190499909766497666e-06,-1.900000028312206268e+00
3.190999909752356700e-06,-2.200000032782554626e+00
3.191499909738215734e-06,-2.500000037252902985e+00
3.191999909724074769e-06,-2.800000041723251343e+00
3.192499909709933803e-06,-3.000000044703483582e+00
3.192999909695792837e-06,-3.300000049173831940e+00
3.193499909681651872e-06,-3.500000052154064178e+00
3.193999909667510906e-06,-3.800000056624412537e+00
3.194499909653369940e-06,-4.000000059604644775e+00
3.194999909639228974e-06,-4.200000062584877014e+00
3.195499909625088009e-06,-4.400000065565109253e+00
3.195999909610947043e-06,-4.500000067055225372e+00
3.196499909596806077e-06,-4.700000070035457611e+00
3.196999909582665111e-06,-4.800000071525573730e+00
3.197499909568524146e-06,-4.900000073015689850e+00
3.197999909554383180e-06,-5.000000074505805969e+00
3.198499909540242214e-06,-5.100000075995922089e+00
3.198999909526101249e-06,-5.100000075995922089e+00
3.199499909511960283e-06,-5.200000077486038208e+00
3.199999909497819317e-06,-5.200000077486038208e+00
3.200499909483678351e-06,-5.200000077486038208e+00
3.200999909469537386e-06,-5.100000075995922089e+00
3.201499909455396420e-06,-5.100000075995922089e+00
3.201999909441255454e-06,-5.000000074505805969e+00
3.202499909427114488e-06,-5.000000074505805969e+00
3.202999909412973523e-06,-4.800000071525573730e+00
3.203499909398832557e-06,-4.600000068545341492e+00
3.203999909384691591e-06,-4.100000061094760895e+00
3.204499909370550625e-06,-2.800000041723251343e+00
3.204999909356409660e-06,-1.300000019371509552e+00
3.205499909342268694e-06,-1.000000014901161194e-01
3.205999909328127728e-06,5.000000074505805969e-01
3.206499909313986763e-06,6.000000089406967163e-01
3.206999909299845797e-06,4.000000059604644775e-01
3.207499909285704831e-06,3.000000044703483582e-01
3.207999909271563865e-06,3.000000044703483582e-01
3.208499909257422900e-06,3.000000044703483582e-01
3.208999909243281934e-06,3.000000044703483582e-01
3.209499909229140968e-06,3.000000044703483582e-01
3.209999909215000002e-06,3.000000044703483582e-01
3.210499909200859037e-06,3.000000044703483582e-01
3.210999909186718071e-06,3.000000044703483582e-01
3.211499909172577105e-06,2.000000029802322388e-01
3.211999909158436139e-06,3.000000044703483582e-01
3.212499909144295174e-06,2.000000029802322388e-01
3.212999909130154208e-06,2.000000029802322388e-01
3.213499909116013242e-06,2.000000029802322388e-01
3.213999909101872277e-06,2.000000029802322388e-01
3.214499909087731311e-06,2.000000029802322388e-01
3.214999909073590345e-06,2.000000029802322388e-01
3.215499909059449379e-06,2.000000029802322388e-01
3.215999909045308414e-06,2.000000029802322388e-01
3.216499909031167448e-06,2.000000029802322388e-01
3.216999909017026482e-06,2.000000029802322388e-01
3.217499909002885516e-06,2.000000029802322388e-01
3.217999908988744551e-06,2.000000029802322388e-01
3.218499908974603585e-06,2.000000029802322388e-01
3.218999908960462619e-06,2.000000029802322388e-01
3.219499908946321654e-06,2.000000029802322388e-01
3.219999908932180688e-06,2.000000029802322388e-01
3.220499908918039722e-06,2.000000029802322388e-01
3.220999908903898756e-06,2.000000029802322388e-01
3.221499908889757791e-06,2.000000029802322388e-01
3.221999908875616825e-06,1.000000014901161194e-01
3.222499908861475859e-06,1.000000014901161194e-01
3.222999908847334893e-06,1.000000014901161194e-01
3.223499908833193928e-06,1.000000014901161194e-01
3.223999908819052962e-06,2.000000029802322388e-01
3.224499908804911996e-06,1.000000014901161194e-01
3.224999908790771030e-06,1.000000014901161194e-01
3.225499908776630065e-06,1.000000014901161194e-01
3.225999908762489099e-06,1.000000014901161194e-01
3.226499908748348133e-06,1.000000014901161194e-01
3.226999908734207168e-06,1.000000014901161194e-01
3.227499908720066202e-06,1.000000014901161194e-01
3.227999908705925236e-06,1.000000014901161194e-01
3.228499908691784270e-06,1.000000014901161194e-01
3.228999908677643305e-06,1.000000014901161194e-01
3.229499908663502339e-06,1.000000014901161194e-01
3.229999908649361373e-06,1.000000014901161194e-01
3.230499908635220407e-06,1.000000014901161194e-01
3.230999908621079442e-06,1.000000014901161194e-01
3.231499908606938476e-06,1.000000014901161194e-01
3.231999908592797510e-06,1.000000014901161194e-01
3.232499908578656544e-06,0.000000000000000000e+00
3.232999908564515579e-06,1.000000014901161194e-01
3.233499908550374613e-06,1.000000014901161194e-01
3.233999908536233647e-06,1.000000014901161194e-01
3.234499908522092682e-06,0.000000000000000000e+00
3.234999908507951716e-06,1.000000014901161194e-01
3.235499908493810750e-06,0.000000000000000000e+00
3.235999908479669784e-06,0.000000000000000000e+00
3.236499908465528819e-06,0.000000000000000000e+00
3.236999908451387853e-06,0.000000000000000000e+00
3.237499908437246887e-06,0.000000000000000000e+00
3.237999908423105921e-06,1.000000014901161194e-01
3.238499908408964956e-06,1.000000014901161194e-01
3.238999908394823990e-06,1.000000014901161194e-01
3.239499908380683024e-06,1.000000014901161194e-01
3.239999908366542059e-06,1.000000014901161194e-01
3.240499908352401093e-06,1.000000014901161194e-01
3.240999908338260127e-06,1.000000014901161194e-01
3.241499908324119161e-06,1.000000014901161194e-01
3.241999908309978196e-06,1.000000014901161194e-01
3.242499908295837230e-06,1.000000014901161194e-01
3.242999908281696264e-06,1.000000014901161194e-01
3.243499908267555298e-06,1.000000014901161194e-01
3.243999908253414333e-06,1.000000014901161194e-01
3.244499908239273367e-06,1.000000014901161194e-01
3.244999908225132401e-06,1.000000014901161194e-01
3.245499908210991435e-06,1.000000014901161194e-01
3.245999908196850470e-06,1.000000014901161194e-01
3.246499908182709504e-06,1.000000014901161194e-01
3.246999908168568538e-06,1.000000014901161194e-01
3.247499908154427573e-06,1.000000014901161194e-01
3.247999908140286607e-06,1.000000014901161194e-01
3.248499908126145641e-06,1.000000014901161194e-01
3.248999908112004675e-06,1.000000014901161194e-01
3.249499908097863710e-06,1.000000014901161194e-01
3.249999908083722744e-06,1.000000014901161194e-01
3.250499908069581778e-06,1.000000014901161194e-01
3.250999908055440812e-06,1.000000014901161194e-01
3.251499908041299847e-06,1.000000014901161194e-01
3.251999908027158881e-06,1.000000014901161194e-01
3.252499908013017915e-06,1.000000014901161194e-01
3.252999907998876949e-06,1.000000014901161194e-01
3.253499907984735984e-06,1.000000014901161194e-01
3.253999907970595018e-06,1.000000014901161194e-01
3.254499907956454052e-06,1.000000014901161194e-01
3.254999907942313087e-06,1.000000014901161194e-01
3.255499907928172121e-06,1.000000014901161194e-01
3.255999907914031155e-06,1.000000014901161194e-01
3.256499907899890189e-06,1.000000014901161194e-01
3.256999907885749224e-06,1.000000014901161194e-01
3.257499907871608258e-06,1.000000014901161194e-01
3.257999907857467292e-06,1.000000014901161194e-01
3.258499907843326326e-06,0.000000000000000000e+00
3.258999907829185361e-06,1.000000014901161194e-01
3.259499907815044395e-06,1.000000014901161194e-01
3.259999907800903429e-06,1.000000014901161194e-01
3.260499907786762464e-06,1.000000014901161194e-01
3.260999907772621498e-06,1.000000014901161194e-01
3.261499907758480532e-06,1.000000014901161194e-01
3.261999907744339566e-06,1.000000014901161194e-01
3.262499907730198601e-06,1.000000014901161194e-01
3.262999907716057635e-06,1.000000014901161194e-01
3.263499907701916669e-06,1.000000014901161194e-01
3.263999907687775703e-06,1.000000014901161194e-01
3.264499907673634738e-06,1.000000014901161194e-01
3.264999907659493772e-06,1.000000014901161194e-01
3.265499907645352806e-06,1.000000014901161194e-01
3.265999907631211840e-06,1.000000014901161194e-01
3.266499907617070875e-06,1.000000014901161194e-01
3.266999907602929909e-06,1.000000014901161194e-01
3.267499907588788943e-06,1.000000014901161194e-01
3.267999907574647978e-06,1.000000014901161194e-01
3.268499907560507012e-06,0.000000000000000000e+00
3.268999907546366046e-06,1.000000014901161194e-01
3.269499907532225080e-06,1.000000014901161194e-01
3.269999907518084115e-06,1.000000014901161194e-01
3.270499907503943149e-06,1.000000014901161194e-01
3.270999907489802183e-06,1.000000014901161194e-01
3.271499907475661217e-06,1.000000014901161194e-01
3.271999907461520252e-06,1.000000014901161194e-01
3.272499907447379286e-06,0.000000000000000000e+00
3.272999907433238320e-06,1.000000014901161194e-01
3.273499907419097354e-06,0.000000000000000000e+00
3.273999907404956389e-06,1.000000014901161194e-01
3.274499907390815423e-06,0.000000000000000000e+00
3.274999907376674457e-06,0.000000000000000000e+00
3.275499907362533492e-06,0.000000000000000000e+00
3.275999907348392526e-06,0.000000000000000000e+00
3.276499907334251560e-06,0.000000000000000000e+00
3.276999907320110594e-06,1.000000014901161194e-01
3.277499907305969629e-06,0.000000000000000000e+00
3.277999907291828663e-06,1.000000014901161194e-01
3.278499907277687697e-06,0.000000000000000000e+00
3.278999907263546731e-06,0.000000000000000000e+00
3.279499907249405766e-06,0.000000000000000000e+00
3.279999907235264800e-06,1.000000014901161194e-01
3.280499907221123834e-06,1.000000014901161194e-01
3.280999907206982869e-06,0.000000000000000000e+00
3.281499907192841903e-06,1.000000014901161194e-01
3.281999907178700937e-06,1.000000014901161194e-01
3.282499907164559971e-06,0.000000000000000000e+00
3.282999907150419006e-06,0.000000000000000000e+00
3.283499907136278040e-06,0.000000000000000000e+00
3.283999907122137074e-06,0.000000000000000000e+00
3.284499907107996108e-06,0.000000000000000000e+00
3.284999907093855143e-06,0.000000000000000000e+00
3.285499907079714177e-06,0.000000000000000000e+00
3.285999907065573211e-06,0.000000000000000000e+00
3.286499907051432245e-06,0.000000000000000000e+00
3.286999907037291280e-06,0.000000000000000000e+00
3.287499907023150314e-06,0.000000000000000000e+00
3.287999907009009348e-06,1.000000014901161194e-01
3.288499906994868383e-06,0.000000000000000000e+00
3.288999906980727417e-06,1.000000014901161194e-01
3.289499906966586451e-06,0.000000000000000000e+00
3.289999906952445485e-06,0.000000000000000000e+00
3.290499906938304520e-06,0.000000000000000000e+00
3.290999906924163554e-06,0.000000000000000000e+00
3.291499906910022588e-06,0.000000000000000000e+00
3.291999906895881622e-06,0.000000000000000000e+00
3.292499906881740657e-06,0.000000000000000000e+00
3.292999906867599691e-06,0.000000000000000000e+00
3.293499906853458725e-06,0.000000000000000000e+00
3.293999906839317759e-06,0.000000000000000000e+00
3.294499906825176794e-06,0.000000000000000000e+00
3.294999906811035828e-06,1.000000014901161194e-01
3.295499906796894862e-06,0.000000000000000000e+00
3.295999906782753897e-06,0.000000000000000000e+00
3.296499906768612931e-06,0.000000000000000000e+00
3.296999906754471965e-06,1.000000014901161194e-01
3.297499906740330999e-06,0.000000000000000000e+00
3.297999906726190034e-06,0.000000000000000000e+00
3.298499906712049068e-06,0.000000000000000000e+00
3.298999906697908102e-06,0.000000000000000000e+00
3.299499906683767136e-06,0.000000000000000000e+00
3.299999906669626171e-06,0.000000000000000000e+00
3.300499906655485205e-06,0.000000000000000000e+00
3.300999906641344239e-06,0.000000000000000000e+00
3.301499906627203274e-06,0.000000000000000000e+00
3.301999906613062308e-06,0.000000000000000000e+00
3.302499906598921342e-06,0.000000000000000000e+00
3.302999906584780376e-06,0.000000000000000000e+00
3.303499906570639411e-06,0.000000000000000000e+00
3.303999906556498445e-06,0.000000000000000000e+00
3.304499906542357479e-06,0.000000000000000000e+00
3.304999906528216513e-06,0.000000000000000000e+00
3.305499906514075548e-06,0.000000000000000000e+00
3.305999906499934582e-06,0.000000000000000000e+00
3.306499906485793616e-06,0.000000000000000000e+00
3.306999906471652650e-06,0.000000000000000000e+00
3.307499906457511685e-06,0.000000000000000000e+00
3.307999906443370719e-06,0.000000000000000000e+00
3.308499906429229753e-06,0.000000000000000000e+00
3.308999906415088788e-06,0.000000000000000000e+00
3.309499906400947822e-06,0.000000000000000000e+00
3.309999906386806856e-06,0.000000000000000000e+00
3.310499906372665890e-06,0.000000000000000000e+00
3.310999906358524925e-06,0.000000000000000000e+00
3.311499906344383959e-06,0.000000000000000000e+00
3.311999906330242993e-06,0.000000000000000000e+00
3.312499906316102027e-06,0.000000000000000000e+00
3.312999906301961062e-06,0.000000000000000000e+00
3.313499906287820096e-06,0.000000000000000000e+00
3.313999906273679130e-06,0.000000000000000000e+00
3.314499906259538164e-06,0.000000000000000000e+00
3.314999906245397199e-06,0.000000000000000000e+00
3.315499906231256233e-06,0.000000000000000000e+00
3.315999906217115267e-06,0.000000000000000000e+00
3.316499906202974302e-06,0.000000000000000000e+00
3.316999906188833336e-06,0.000000000000000000e+00
3.317499906174692370e-06,0.000000000000000000e+00
3.317999906160551404e-06,0.000000000000000000e+00
3.318499906146410439e-06,0.000000000000000000e+00
3.318999906132269473e-06,0.000000000000000000e+00
3.319499906118128507e-06,0.000000000000000000e+00
3.319999906103987541e-06,0.000000000000000000e+00
3.320499906089846576e-06,0.000000000000000000e+00
3.320999906075705610e-06,0.000000000000000000e+00
3.321499906061564644e-06,0.000000000000000000e+00
3.321999906047423679e-06,0.000000000000000000e+00
3.322499906033282713e-06,0.000000000000000000e+00
3.322999906019141747e-06,0.000000000000000000e+00
3.323499906005000781e-06,0.000000000000000000e+00
3.323999905990859816e-06,0.000000000000000000e+00
3.324499905976718850e-06,0.000000000000000000e+00
3.324999905962577884e-06,0.000000000000000000e+00
3.325499905948436918e-06,0.000000000000000000e+00
3.325999905934295953e-06,0.000000000000000000e+00
3.326499905920154987e-06,0.000000000000000000e+00
3.326999905906014021e-06,0.000000000000000000e+00
3.327499905891873055e-06,0.000000000000000000e+00
3.327999905877732090e-06,0.000000000000000000e+00
3.328499905863591124e-06,0.000000000000000000e+00
3.328999905849450158e-06,0.000000000000000000e+00
3.329499905835309193e-06,0.000000000000000000e+00
3.329999905821168227e-06,0.000000000000000000e+00
3.330499905807027261e-06,0.000000000000000000e+00
3.330999905792886295e-06,0.000000000000000000e+00
3.331499905778745330e-06,0.000000000000000000e+00
3.331999905764604364e-06,0.000000000000000000e+00
3.332499905750463398e-06,0.000000000000000000e+00
3.332999905736322432e-06,0.000000000000000000e+00
3.333499905722181467e-06,0.000000000000000000e+00
3.333999905708040501e-06,0.000000000000000000e+00
3.334499905693899535e-06,0.000000000000000000e+00
3.334999905679758569e-06,0.000000000000000000e+00
3.335499905665617604e-06,0.000000000000000000e+00
3.335999905651476638e-06,0.000000000000000000e+00
3.336499905637335672e-06,0.000000000000000000e+00
3.336999905623194707e-06,0.000000000000000000e+00
3.337499905609053741e-06,0.000000000000000000e+00
3.337999905594912775e-06,0.000000000000000000e+00
3.338499905580771809e-06,0.000000000000000000e+00
3.338999905566630844e-06,0.000000000000000000e+00
3.339499905552489878e-06,0.000000000000000000e+00
3.339999905538348912e-06,0.000000000000000000e+00
3.340499905524207946e-06,0.000000000000000000e+00
3.340999905510066981e-06,0.000000000000000000e+00
3.341499905495926015e-06,0.000000000000000000e+00
3.341999905481785049e-06,0.000000000000000000e+00
3.342499905467644084e-06,0.000000000000000000e+00
3.342999905453503118e-06,0.000000000000000000e+00
3.343499905439362152e-06,0.000000000000000000e+00
3.343999905425221186e-06,0.000000000000000000e+00
3.344499905411080221e-06,0.000000000000000000e+00
3.344999905396939255e-06,0.000000000000000000e+00
3.345499905382798289e-06,0.000000000000000000e+00
3.345999905368657323e-06,0.000000000000000000e+00
3.346499905354516358e-06,0.000000000000000000e+00
3.346999905340375392e-06,0.000000000000000000e+00
3.347499905326234426e-06,0.000000000000000000e+00
3.347999905312093460e-06,0.000000000000000000e+00
3.348499905297952495e-06,0.000000000000000000e+00
3.348999905283811529e-06,0.000000000000000000e+00
3.349499905269670563e-06,0.000000000000000000e+00
3.349999905255529598e-06,0.000000000000000000e+00
3.350499905241388632e-06,0.000000000000000000e+00
3.350999905227247666e-06,0.000000000000000000e+00
3.351499905213106700e-06,0.000000000000000000e+00
3.351999905198965735e-06,0.000000000000000000e+00
3.352499905184824769e-06,0.000000000000000000e+00
3.352999905170683803e-06,0.000000000000000000e+00
3.353499905156542837e-06,0.000000000000000000e+00
3.353999905142401872e-06,0.000000000000000000e+00
3.354499905128260906e-06,0.000000000000000000e+00
3.354999905114119940e-06,0.000000000000000000e+00
3.355499905099978974e-06,0.000000000000000000e+00
3.355999905085838009e-06,0.000000000000000000e+00
3.356499905071697043e-06,0.000000000000000000e+00
3.356999905057556077e-06,0.000000000000000000e+00
3.357499905043415112e-06,0.000000000000000000e+00
3.357999905029274146e-06,0.000000000000000000e+00
3.358499905015133180e-06,0.000000000000000000e+00
3.358999905000992214e-06,0.000000000000000000e+00
3.359499904986851249e-06,0.000000000000000000e+00
3.359999904972710283e-06,0.000000000000000000e+00
3.360499904958569317e-06,0.000000000000000000e+00
3.360999904944428351e-06,0.000000000000000000e+00
3.361499904930287386e-06,0.000000000000000000e+00
3.361999904916146420e-06,0.000000000000000000e+00
3.362499904902005454e-06,0.000000000000000000e+00
3.362999904887864489e-06,0.000000000000000000e+00
3.363499904873723523e-06,0.000000000000000000e+00
3.363999904859582557e-06,0.000000000000000000e+00
3.364499904845441591e-06,0.000000000000000000e+00
3.364999904831300626e-06,0.000000000000000000e+00
3.365499904817159660e-06,0.000000000000000000e+00
3.365999904803018694e-06,0.000000000000000000e+00
3.366499904788877728e-06,0.000000000000000000e+00
3.366999904774736763e-06,0.000000000000000000e+00
3.367499904760595797e-06,0.000000000000000000e+00
3.367999904746454831e-06,0.000000000000000000e+00
3.368499904732313865e-06,0.000000000000000000e+00
3.368999904718172900e-06,0.000000000000000000e+00
3.369499904704031934e-06,0.000000000000000000e+00
3.369999904689890968e-06,0.000000000000000000e+00
3.370499904675750003e-06,0.000000000000000000e+00
3.370999904661609037e-06,0.000000000000000000e+00
3.371499904647468071e-06,0.000000000000000000e+00
3.371999904633327105e-06,0.000000000000000000e+00
3.372499904619186140e-06,0.000000000000000000e+00
3.372999904605045174e-06,0.000000000000000000e+00
3.373499904590904208e-06,0.000000000000000000e+00
3.373999904576763242e-06,0.000000000000000000e+00
3.374499904562622277e-06,-1.000000014901161194e-01
3.374999904548481311e-06,0.000000000000000000e+00
3.375499904534340345e-06,0.000000000000000000e+00
3.375999904520199379e-06,0.000000000000000000e+00
3.376499904506058414e-06,0.000000000000000000e+00
3.376999904491917448e-06,0.000000000000000000e+00
3.377499904477776482e-06,0.000000000000000000e+00
3.377999904463635517e-06,0.000000000000000000e+00
3.378499904449494551e-06,0.000000000000000000e+00
3.378999904435353585e-06,0.000000000000000000e+00
3.379499904421212619e-06,-1.000000014901161194e-01
3.379999904407071654e-06,0.000000000000000000e+00
3.380499904392930688e-06,0.000000000000000000e+00
3.380999904378789722e-06,0.000000000000000000e+00
3.381499904364648756e-06,0.000000000000000000e+00
3.381999904350507791e-06,0.000000000000000000e+00
3.382499904336366825e-06,0.000000000000000000e+00
3.382999904322225859e-06,0.000000000000000000e+00
3.383499904308084894e-06,0.000000000000000000e+00
3.383999904293943928e-06,-1.000000014901161194e-01
3.384499904279802962e-06,0.000000000000000000e+00
3.384999904265661996e-06,0.000000000000000000e+00
3.385499904251521031e-06,0.000000000000000000e+00
3.385999904237380065e-06,0.000000000000000000e+00
3.386499904223239099e-06,-1.000000014901161194e-01
3.386999904209098133e-06,0.000000000000000000e+00
3.387499904194957168e-06,0.000000000000000000e+00
3.387999904180816202e-06,0.000000000000000000e+00
3.388499904166675236e-06,0.000000000000000000e+00
3.388999904152534270e-06,0.000000000000000000e+00
3.389499904138393305e-06,0.000000000000000000e+00
3.389999904124252339e-06,0.000000000000000000e+00
3.390499904110111373e-06,-1.000000014901161194e-01
3.390999904095970408e-06,0.000000000000000000e+00
3.391499904081829442e-06,0.000000000000000000e+00
3.391999904067688476e-06,0.000000000000000000e+00
3.392499904053547510e-06,0.000000000000000000e+00
3.392999904039406545e-06,0.000000000000000000e+00
3.393499904025265579e-06,-1.000000014901161194e-01
3.393999904011124613e-06,0.000000000000000000e+00
3.394499903996983647e-06,-1.000000014901161194e-01
3.394999903982842682e-06,-1.000000014901161194e-01
3.395499903968701716e-06,-1.000000014901161194e-01
3.395999903954560750e-06,0.000000000000000000e+00
3.396499903940419784e-06,-1.000000014901161194e-01
3.396999903926278819e-06,0.000000000000000000e+00
3.397499903912137853e-06,0.000000000000000000e+00
3.397999903897996887e-06,0.000000000000000000e+00
3.398499903883855922e-06,0.000000000000000000e+00
3.398999903869714956e-06,0.000000000000000000e+00
3.399499903855573990e-06,0.000000000000000000e+00
3.399999903841433024e-06,-1.000000014901161194e-01
3.400499903827292059e-06,0.000000000000000000e+00
3.400999903813151093e-06,0.000000000000000000e+00
3.401499903799010127e-06,0.000000000000000000e+00
3.401999903784869161e-06,0.000000000000000000e+00
3.402499903770728196e-06,0.000000000000000000e+00
3.402999903756587230e-06,-1.000000014901161194e-01
3.403499903742446264e-06,0.000000000000000000e+00
3.403999903728305299e-06,0.000000000000000000e+00
3.404499903714164333e-06,0.000000000000000000e+00
3.404999903700023367e-06,0.000000000000000000e+00
3.405499903685882401e-06,0.000000000000000000e+00
3.405999903671741436e-06,0.000000000000000000e+00
3.406499903657600470e-06,-1.000000014901161194e-01
3.406999903643459504e-06,0.000000000000000000e+00
3.407499903629318538e-06,-1.000000014901161194e-01
3.407999903615177573e-06,-1.000000014901161194e-01
3.408499903601036607e-06,-1.000000014901161194e-01
3.408999903586895641e-06,-1.000000014901161194e-01
3.409499903572754675e-06,-1.000000014901161194e-01
3.409999903558613710e-06,0.000000000000000000e+00
3.410499903544472744e-06,-1.000000014901161194e-01
3.410999903530331778e-06,0.000000000000000000e+00
3.411499903516190813e-06,-1.000000014901161194e-01
3.411999903502049847e-06,0.000000000000000000e+00
3.412499903487908881e-06,0.000000000000000000e+00
3.412999903473767915e-06,0.000000000000000000e+00
3.413499903459626950e-06,-1.000000014901161194e-01
3.413999903445485984e-06,0.000000000000000000e+00
3.414499903431345018e-06,-1.000000014901161194e-01
3.414999903417204052e-06,-1.000000014901161194e-01
3.415499903403063087e-06,0.000000000000000000e+00
3.415999903388922121e-06,-1.000000014901161194e-01
3.416499903374781155e-06,-1.000000014901161194e-01
3.416999903360640189e-06,-1.000000014901161194e-01
3.417499903346499224e-06,-1.000000014901161194e-01
3.417999903332358258e-06,0.000000000000000000e+00
3.418499903318217292e-06,-1.000000014901161194e-01
3.418999903304076327e-06,0.000000000000000000e+00
3.419499903289935361e-06,-1.000000014901161194e-01
3.419999903275794395e-06,-1.000000014901161194e-01
3.420499903261653429e-06,-1.000000014901161194e-01
3.420999903247512464e-06,-1.000000014901161194e-01
3.421499903233371498e-06,-1.000000014901161194e-01
3.421999903219230532e-06,-1.000000014901161194e-01
3.422499903205089566e-06,-1.000000014901161194e-01
3.422999903190948601e-06,0.000000000000000000e+00
3.423499903176807635e-06,-1.000000014901161194e-01
3.423999903162666669e-06,-1.000000014901161194e-01
3.424499903148525704e-06,-1.000000014901161194e-01
3.424999903134384738e-06,0.000000000000000000e+00
3.425499903120243772e-06,0.000000000000000000e+00
3.425999903106102806e-06,0.000000000000000000e+00
3.426499903091961841e-06,-1.000000014901161194e-01
3.426999903077820875e-06,-1.000000014901161194e-01
3.427499903063679909e-06,-1.000000014901161194e-01
3.427999903049538943e-06,0.000000000000000000e+00
3.428499903035397978e-06,-1.000000014901161194e-01
3.428999903021257012e-06,0.000000000000000000e+00
3.429499903007116046e-06,-1.000000014901161194e-01
3.429999902992975080e-06,-1.000000014901161194e-01
3.430499902978834115e-06,0.000000000000000000e+00
3.430999902964693149e-06,0.000000000000000000e+00
3.431499902950552183e-06,-1.000000014901161194e-01
3.431999902936411218e-06,-1.000000014901161194e-01
3.432499902922270252e-06,-1.000000014901161194e-01
3.432999902908129286e-06,-1.000000014901161194e-01
3.433499902893988320e-06,-1.000000014901161194e-01
3.433999902879847355e-06,0.000000000000000000e+00
3.434499902865706389e-06,-1.000000014901161194e-01
3.434999902851565423e-06,0.000000000000000000e+00
3.435499902837424457e-06,-1.000000014901161194e-01
3.435999902823283492e-06,0.000000000000000000e+00
3.436499902809142526e-06,-1.000000014901161194e-01
3.436999902795001560e-06,0.000000000000000000e+00
3.437499902780860594e-06,-1.000000014901161194e-01
3.437999902766719629e-06,0.000000000000000000e+00
3.438499902752578663e-06,0.000000000000000000e+00
3.438999902738437697e-06,0.000000000000000000e+00
3.439499902724296732e-06,-1.000000014901161194e-01
3.439999902710155766e-06,-1.000000014901161194e-01
3.440499902696014800e-06,-1.000000014901161194e-01
3.440999902681873834e-06,-1.000000014901161194e-01
3.441499902667732869e-06,-1.000000014901161194e-01
3.441999902653591903e-06,-1.000000014901161194e-01
3.442499902639450937e-06,-1.000000014901161194e-01
3.442999902625309971e-06,-1.000000014901161194e-01
3.443499902611169006e-06,-1.000000014901161194e-01
3.443999902597028040e-06,-1.000000014901161194e-01
3.444499902582887074e-06,-1.000000014901161194e-01
3.444999902568746108e-06,0.000000000000000000e+00
3.445499902554605143e-06,-1.000000014901161194e-01
3.445999902540464177e-06,-1.000000014901161194e-01
3.446499902526323211e-06,0.000000000000000000e+00
3.446999902512182246e-06,0.000000000000000000e+00
3.447499902498041280e-06,0.000000000000000000e+00
3.447999902483900314e-06,0.000000000000000000e+00
3.448499902469759348e-06,-1.000000014901161194e-01
3.448999902455618383e-06,-1.000000014901161194e-01
3.449499902441477417e-06,-1.000000014901161194e-01
3.449999902427336451e-06,-1.000000014901161194e-01
3.450499902413195485e-06,-1.000000014901161194e-01
3.450999902399054520e-06,0.000000000000000000e+00
3.451499902384913554e-06,-1.000000014901161194e-01
3.451999902370772588e-06,-1.000000014901161194e-01
3.452499902356631623e-06,-1.000000014901161194e-01
3.452999902342490657e-06,-1.000000014901161194e-01
3.453499902328349691e-06,-1.000000014901161194e-01
3.453999902314208725e-06,-1.000000014901161194e-01
3.454499902300067760e-06,-1.000000014901161194e-01
3.454999902285926794e-06,-1.000000014901161194e-01
3.455499902271785828e-06,-1.000000014901161194e-01
3.455999902257644862e-06,-1.000000014901161194e-01
3.456499902243503897e-06,-1.000000014901161194e-01
3.456999902229362931e-06,-1.000000014901161194e-01
3.457499902215221965e-06,-1.000000014901161194e-01
3.457999902201080999e-06,-1.000000014901161194e-01
3.458499902186940034e-06,-1.000000014901161194e-01
3.458999902172799068e-06,-1.000000014901161194e-01
3.459499902158658102e-06,-1.000000014901161194e-01
3.459999902144517137e-06,0.000000000000000000e+00
3.460499902130376171e-06,-1.000000014901161194e-01
3.460999902116235205e-06,-1.000000014901161194e-01
3.461499902102094239e-06,-1.000000014901161194e-01
3.461999902087953274e-06,0.000000000000000000e+00
3.462499902073812308e-06,-1.000000014901161194e-01
3.462999902059671342e-06,-1.000000014901161194e-01
3.463499902045530376e-06,-1.000000014901161194e-01
3.463999902031389411e-06,-1.000000014901161194e-01
3.464499902017248445e-06,-1.000000014901161194e-01
3.464999902003107479e-06,-1.000000014901161194e-01
3.465499901988966513e-06,-1.000000014901161194e-01
3.465999901974825548e-06,-1.000000014901161194e-01
3.466499901960684582e-06,-1.000000014901161194e-01
3.466999901946543616e-06,-1.000000014901161194e-01
3.467499901932402651e-06,-1.000000014901161194e-01
3.467999901918261685e-06,0.000000000000000000e+00
3.468499901904120719e-06,0.000000000000000000e+00
3.468999901889979753e-06,-1.000000014901161194e-01
3.469499901875838788e-06,-1.000000014901161194e-01
3.469999901861697822e-06,-1.000000014901161194e-01
3.470499901847556856e-06,-1.000000014901161194e-01
3.470999901833415890e-06,-1.000000014901161194e-01
3.471499901819274925e-06,-1.000000014901161194e-01
3.471999901805133959e-06,-1.000000014901161194e-01
3.472499901790992993e-06,-1.000000014901161194e-01
3.472999901776852028e-06,0.000000000000000000e+00
3.473499901762711062e-06,-1.000000014901161194e-01
3.473999901748570096e-06,-1.000000014901161194e-01
3.474499901734429130e-06,-1.000000014901161194e-01
3.474999901720288165e-06,-1.000000014901161194e-01
3.475499901706147199e-06,-1.000000014901161194e-01
3.475999901692006233e-06,-1.000000014901161194e-01
3.476499901677865267e-06,-1.000000014901161194e-01
3.476999901663724302e-06,-1.000000014901161194e-01
3.477499901649583336e-06,-1.000000014901161194e-01
3.477999901635442370e-06,-1.000000014901161194e-01
3.478499901621301404e-06,-1.000000014901161194e-01
3.478999901607160439e-06,-1.000000014901161194e-01
3.479499901593019473e-06,-1.000000014901161194e-01
3.479999901578878507e-06,-1.000000014901161194e-01
3.480499901564737542e-06,-1.000000014901161194e-01
3.480999901550596576e-06,-1.000000014901161194e-01
3.481499901536455610e-06,-1.000000014901161194e-01
3.481999901522314644e-06,-1.000000014901161194e-01
3.482499901508173679e-06,-1.000000014901161194e-01
3.482999901494032713e-06,0.000000000000000000e+00
3.483499901479891747e-06,-1.000000014901161194e-01
3.483999901465750781e-06,0.000000000000000000e+00
3.484499901451609816e-06,-1.000000014901161194e-01
3.484999901437468850e-06,-1.000000014901161194e-01
3.485499901423327884e-06,-1.000000014901161194e-01
3.485999901409186918e-06,-1.000000014901161194e-01
3.486499901395045953e-06,-1.000000014901161194e-01
3.486999901380904987e-06,-1.000000014901161194e-01
3.487499901366764021e-06,-1.000000014901161194e-01
3.487999901352623056e-06,-1.000000014901161194e-01
3.488499901338482090e-06,-1.000000014901161194e-01
3.488999901324341124e-06,-1.000000014901161194e-01
3.489499901310200158e-06,-1.000000014901161194e-01
3.489999901296059193e-06,0.000000000000000000e+00
3.490499901281918227e-06,-1.000000014901161194e-01
3.490999901267777261e-06,-1.000000014901161194e-01
3.491499901253636295e-06,-1.000000014901161194e-01
3.491999901239495330e-06,-1.000000014901161194e-01
3.492499901225354364e-06,-1.000000014901161194e-01
3.492999901211213398e-06,-1.000000014901161194e-01
3.493499901197072433e-06,-1.000000014901161194e-01
3.493999901182931467e-06,-1.000000014901161194e-01
3.494499901168790501e-06,-1.000000014901161194e-01
3.494999901154649535e-06,-1.000000014901161194e-01
3.495499901140508570e-06,-1.000000014901161194e-01
3.495999901126367604e-06,-1.000000014901161194e-01
3.496499901112226638e-06,-1.000000014901161194e-01
3.496999901098085672e-06,-1.000000014901161194e-01
3.497499901083944707e-06,-1.000000014901161194e-01
3.497999901069803741e-06,-1.000000014901161194e-01
3.498499901055662775e-06,0.000000000000000000e+00
3.498999901041521809e-06,-1.000000014901161194e-01
3.499499901027380844e-06,-1.000000014901161194e-01
3.499999901013239878e-06,0.000000000000000000e+00
3.500499900999098912e-06,-1.000000014901161194e-01
3.500999900984957947e-06,-1.000000014901161194e-01
3.501499900970816981e-06,-1.000000014901161194e-01
3.501999900956676015e-06,0.000000000000000000e+00
3.502499900942535049e-06,-1.000000014901161194e-01
3.502999900928394084e-06,-1.000000014901161194e-01
3.503499900914253118e-06,-1.000000014901161194e-01
3.503999900900112152e-06,-1.000000014901161194e-01
3.504499900885971186e-06,-1.000000014901161194e-01
3.504999900871830221e-06,0.000000000000000000e+00
3.505499900857689255e-06,-1.000000014901161194e-01
3.505999900843548289e-06,-1.000000014901161194e-01
3.506499900829407323e-06,-1.000000014901161194e-01
3.506999900815266358e-06,-1.000000014901161194e-01
3.507499900801125392e-06,-1.000000014901161194e-01
3.507999900786984426e-06,-1.000000014901161194e-01
3.508499900772843461e-06,-1.000000014901161194e-01
3.508999900758702495e-06,0.000000000000000000e+00
3.509499900744561529e-06,-1.000000014901161194e-01
3.509999900730420563e-06,-1.000000014901161194e-01
3.510499900716279598e-06,-1.000000014901161194e-01
3.510999900702138632e-06,0.000000000000000000e+00
3.511499900687997666e-06,-1.000000014901161194e-01
3.511999900673856700e-06,0.000000000000000000e+00
3.512499900659715735e-06,-1.000000014901161194e-01
3.512999900645574769e-06,-1.000000014901161194e-01
3.513499900631433803e-06,-1.000000014901161194e-01
3.513999900617292838e-06,-1.000000014901161194e-01
3.514499900603151872e-06,-1.000000014901161194e-01
3.514999900589010906e-06,-1.000000014901161194e-01
3.515499900574869940e-06,-1.000000014901161194e-01
3.515999900560728975e-06,0.000000000000000000e+00
3.516499900546588009e-06,-1.000000014901161194e-01
3.516999900532447043e-06,0.000000000000000000e+00
3.517499900518306077e-06,-1.000000014901161194e-01
3.517999900504165112e-06,-1.000000014901161194e-01
3.518499900490024146e-06,-1.000000014901161194e-01
3.518999900475883180e-06,-1.000000014901161194e-01
3.519499900461742214e-06,-1.000000014901161194e-01
3.519999900447601249e-06,-1.000000014901161194e-01
3.520499900433460283e-06,-1.000000014901161194e-01
3.520999900419319317e-06,-1.000000014901161194e-01
3.521499900405178352e-06,-1.000000014901161194e-01
3.521999900391037386e-06,-1.000000014901161194e-01
3.522499900376896420e-06,-1.000000014901161194e-01
3.522999900362755454e-06,-1.000000014901161194e-01
3.523499900348614489e-06,-1.000000014901161194e-01
3.523999900334473523e-06,-1.000000014901161194e-01
3.524499900320332557e-06,-1.000000014901161194e-01
3.524999900306191591e-06,0.000000000000000000e+00
3.525499900292050626e-06,-1.000000014901161194e-01
3.525999900277909660e-06,0.000000000000000000e+00
3.526499900263768694e-06,-1.000000014901161194e-01
3.526999900249627728e-06,-1.000000014901161194e-01
3.527499900235486763e-06,-1.000000014901161194e-01
3.527999900221345797e-06,-1.000000014901161194e-01
3.528499900207204831e-06,-1.000000014901161194e-01
3.528999900193063866e-06,-1.000000014901161194e-01
3.529499900178922900e-06,-1.000000014901161194e-01
3.529999900164781934e-06,-1.000000014901161194e-01
3.530499900150640968e-06,-1.000000014901161194e-01
3.530999900136500003e-06,-1.000000014901161194e-01
3.531499900122359037e-06,-1.000000014901161194e-01
3.531999900108218071e-06,0.000000000000000000e+00
3.532499900094077105e-06,-1.000000014901161194e-01
3.532999900079936140e-06,0.000000000000000000e+00
3.533499900065795174e-06,-1.000000014901161194e-01
3.533999900051654208e-06,-1.000000014901161194e-01
3.534499900037513243e-06,-1.000000014901161194e-01
3.534999900023372277e-06,-1.000000014901161194e-01
3.535499900009231311e-06,-1.000000014901161194e-01
3.535999899995090345e-06,-1.000000014901161194e-01
3.536499899980949380e-06,-1.000000014901161194e-01
3.536999899966808414e-06,-1.000000014901161194e-01
3.537499899952667448e-06,-1.000000014901161194e-01
3.537999899938526482e-06,-1.000000014901161194e-01
3.538499899924385517e-06,-1.000000014901161194e-01
3.538999899910244551e-06,-1.000000014901161194e-01
3.539499899896103585e-06,0.000000000000000000e+00
3.539999899881962619e-06,0.000000000000000000e+00
3.540499899867821654e-06,-1.000000014901161194e-01
3.540999899853680688e-06,-1.000000014901161194e-01
3.541499899839539722e-06,-1.000000014901161194e-01
3.541999899825398757e-06,0.000000000000000000e+00
3.542499899811257791e-06,-1.000000014901161194e-01
3.542999899797116825e-06,0.000000000000000000e+00
3.543499899782975859e-06,-1.000000014901161194e-01
3.543999899768834894e-06,-1.000000014901161194e-01
3.544499899754693928e-06,-1.000000014901161194e-01
3.544999899740552962e-06,-1.000000014901161194e-01
3.545499899726411996e-06,-1.000000014901161194e-01
3.545999899712271031e-06,-1.000000014901161194e-01
3.546499899698130065e-06,0.000000000000000000e+00
3.546999899683989099e-06,0.000000000000000000e+00
3.547499899669848133e-06,0.000000000000000000e+00
3.547999899655707168e-06,0.000000000000000000e+00
3.548499899641566202e-06,-1.000000014901161194e-01
3.548999899627425236e-06,-1.000000014901161194e-01
3.549499899613284271e-06,-1.000000014901161194e-01
3.549999899599143305e-06,0.000000000000000000e+00
3.550499899585002339e-06,-1.000000014901161194e-01
3.550999899570861373e-06,0.000000000000000000e+00
3.551499899556720408e-06,-1.000000014901161194e-01
3.551999899542579442e-06,-1.000000014901161194e-01
3.552499899528438476e-06,-1.000000014901161194e-01
3.552999899514297510e-06,-1.000000014901161194e-01
3.553499899500156545e-06,-1.000000014901161194e-01
3.553999899486015579e-06,-1.000000014901161194e-01
3.554499899471874613e-06,-1.000000014901161194e-01
3.554999899457733648e-06,-1.000000014901161194e-01
3.555499899443592682e-06,-1.000000014901161194e-01
3.555999899429451716e-06,-1.000000014901161194e-01
3.556499899415310750e-06,-1.000000014901161194e-01
3.556999899401169785e-06,-1.000000014901161194e-01
3.557499899387028819e-06,-1.000000014901161194e-01
3.557999899372887853e-06,-1.000000014901161194e-01
3.558499899358746887e-06,-1.000000014901161194e-01
3.558999899344605922e-06,-1.000000014901161194e-01
3.559499899330464956e-06,-1.000000014901161194e-01
3.559999899316323990e-06,-1.000000014901161194e-01
3.560499899302183024e-06,-1.000000014901161194e-01
3.560999899288042059e-06,-1.000000014901161194e-01
3.561499899273901093e-06,-1.000000014901161194e-01
3.561999899259760127e-06,-1.000000014901161194e-01
3.562499899245619162e-06,-1.000000014901161194e-01
3.562999899231478196e-06,-1.000000014901161194e-01
3.563499899217337230e-06,-1.000000014901161194e-01
3.563999899203196264e-06,-1.000000014901161194e-01
3.564499899189055299e-06,-1.000000014901161194e-01
3.564999899174914333e-06,0.000000000000000000e+00
3.565499899160773367e-06,-1.000000014901161194e-01
3.565999899146632401e-06,-1.000000014901161194e-01
3.566499899132491436e-06,-1.000000014901161194e-01
3.566999899118350470e-06,-1.000000014901161194e-01
3.567499899104209504e-06,-1.000000014901161194e-01
3.567999899090068538e-06,-1.000000014901161194e-01
3.568499899075927573e-06,-1.000000014901161194e-01
3.568999899061786607e-06,-1.000000014901161194e-01
3.569499899047645641e-06,-1.000000014901161194e-01
3.569999899033504676e-06,-1.000000014901161194e-01
3.570499899019363710e-06,-1.000000014901161194e-01
3.570999899005222744e-06,-1.000000014901161194e-01
3.571499898991081778e-06,-1.000000014901161194e-01
3.571999898976940813e-06,-1.000000014901161194e-01
3.572499898962799847e-06,-1.000000014901161194e-01
3.572999898948658881e-06,-1.000000014901161194e-01
3.573499898934517915e-06,0.000000000000000000e+00
3.573999898920376950e-06,0.000000000000000000e+00
3.574499898906235984e-06,0.000000000000000000e+00
3.574999898892095018e-06,-1.000000014901161194e-01
3.575499898877954053e-06,-1.000000014901161194e-01
3.575999898863813087e-06,-1.000000014901161194e-01
3.576499898849672121e-06,-1.000000014901161194e-01
3.576999898835531155e-06,-1.000000014901161194e-01
3.577499898821390190e-06,-1.000000014901161194e-01
3.577999898807249224e-06,0.000000000000000000e+00
3.578499898793108258e-06,-1.000000014901161194e-01
3.578999898778967292e-06,-1.000000014901161194e-01
3.579499898764826327e-06,-1.000000014901161194e-01
3.579999898750685361e-06,-1.000000014901161194e-01
3.580499898736544395e-06,-1.000000014901161194e-01
3.580999898722403429e-06,0.000000000000000000e+00
3.581499898708262464e-06,-1.000000014901161194e-01
3.581999898694121498e-06,0.000000000000000000e+00
3.582499898679980532e-06,-1.000000014901161194e-01
3.582999898665839567e-06,0.000000000000000000e+00
3.583499898651698601e-06,0.000000000000000000e+00
3.583999898637557635e-06,-1.000000014901161194e-01
3.584499898623416669e-06,-1.000000014901161194e-01
3.584999898609275704e-06,0.000000000000000000e+00
3.585499898595134738e-06,-1.000000014901161194e-01
3.585999898580993772e-06,0.000000000000000000e+00
3.586499898566852806e-06,-1.000000014901161194e-01
3.586999898552711841e-06,-1.000000014901161194e-01
3.587499898538570875e-06,-1.000000014901161194e-01
3.587999898524429909e-06,-1.000000014901161194e-01
3.588499898510288943e-06,-1.000000014901161194e-01
3.588999898496147978e-06,0.000000000000000000e+00
3.589499898482007012e-06,0.000000000000000000e+00
3.589999898467866046e-06,0.000000000000000000e+00
3.590499898453725081e-06,-1.000000014901161194e-01
3.590999898439584115e-06,-1.000000014901161194e-01
3.591499898425443149e-06,-1.000000014901161194e-01
3.591999898411302183e-06,-1.000000014901161194e-01
3.592499898397161218e-06,-1.000000014901161194e-01
3.592999898383020252e-06,-1.000000014901161194e-01
3.593499898368879286e-06,-1.000000014901161194e-01
3.593999898354738320e-06,-1.000000014901161194e-01
3.594499898340597355e-06,-1.000000014901161194e-01
3.594999898326456389e-06,-1.000000014901161194e-01
3.595499898312315423e-06,-1.000000014901161194e-01
3.595999898298174458e-06,-1.000000014901161194e-01
3.596499898284033492e-06,-1.000000014901161194e-01
3.596999898269892526e-06,-1.000000014901161194e-01
3.597499898255751560e-06,-1.000000014901161194e-01
3.597999898241610595e-06,-1.000000014901161194e-01
3.598499898227469629e-06,-1.000000014901161194e-01
3.598999898213328663e-06,-1.000000014901161194e-01
3.599499898199187697e-06,-1.000000014901161194e-01
3.599999898185046732e-06,0.000000000000000000e+00
3.600499898170905766e-06,-1.000000014901161194e-01
3.600999898156764800e-06,-1.000000014901161194e-01
3.601499898142623834e-06,-1.000000014901161194e-01
3.601999898128482869e-06,-1.000000014901161194e-01
3.602499898114341903e-06,-1.000000014901161194e-01
3.602999898100200937e-06,-1.000000014901161194e-01
3.603499898086059972e-06,-1.000000014901161194e-01
3.603999898071919006e-06,-1.000000014901161194e-01
3.604499898057778040e-06,-1.000000014901161194e-01
3.604999898043637074e-06,0.000000000000000000e+00
3.605499898029496109e-06,-1.000000014901161194e-01
3.605999898015355143e-06,-1.000000014901161194e-01
3.606499898001214177e-06,-1.000000014901161194e-01
3.606999897987073211e-06,0.000000000000000000e+00
3.607499897972932246e-06,-1.000000014901161194e-01
3.607999897958791280e-06,0.000000000000000000e+00
3.608499897944650314e-06,-1.000000014901161194e-01
3.608999897930509348e-06,-1.000000014901161194e-01
3.609499897916368383e-06,-1.000000014901161194e-01
3.609999897902227417e-06,-1.000000014901161194e-01
3.610499897888086451e-06,-1.000000014901161194e-01
3.610999897873945486e-06,-1.000000014901161194e-01
3.611499897859804520e-06,-1.000000014901161194e-01
3.611999897845663554e-06,-1.000000014901161194e-01
3.612499897831522588e-06,-1.000000014901161194e-01
3.612999897817381623e-06,-1.000000014901161194e-01
3.613499897803240657e-06,-1.000000014901161194e-01
3.613999897789099691e-06,-1.000000014901161194e-01
3.614499897774958725e-06,-1.000000014901161194e-01
3.614999897760817760e-06,0.000000000000000000e+00
3.615499897746676794e-06,-1.000000014901161194e-01
3.615999897732535828e-06,-1.000000014901161194e-01
3.616499897718394863e-06,-1.000000014901161194e-01
3.616999897704253897e-06,-1.000000014901161194e-01
3.617499897690112931e-06,-1.000000014901161194e-01
3.617999897675971965e-06,-1.000000014901161194e-01
3.618499897661831000e-06,-1.000000014901161194e-01
3.618999897647690034e-06,-1.000000014901161194e-01
3.619499897633549068e-06,-1.000000014901161194e-01
3.619999897619408102e-06,0.000000000000000000e+00
3.620499897605267137e-06,-1.000000014901161194e-01
3.620999897591126171e-06,-1.000000014901161194e-01
3.621499897576985205e-06,-1.000000014901161194e-01
3.621999897562844239e-06,-1.000000014901161194e-01
3.622499897548703274e-06,-1.000000014901161194e-01
3.622999897534562308e-06,0.000000000000000000e+00
3.623499897520421342e-06,-1.000000014901161194e-01
3.623999897506280377e-06,-1.000000014901161194e-01
3.624499897492139411e-06,-1.000000014901161194e-01
3.624999897477998445e-06,-1.000000014901161194e-01
3.625499897463857479e-06,-1.000000014901161194e-01
3.625999897449716514e-06,-1.000000014901161194e-01
3.626499897435575548e-06,-1.000000014901161194e-01
3.626999897421434582e-06,0.000000000000000000e+00
3.627499897407293616e-06,-1.000000014901161194e-01
3.627999897393152651e-06,-1.000000014901161194e-01
3.628499897379011685e-06,-1.000000014901161194e-01
3.628999897364870719e-06,-1.000000014901161194e-01
3.629499897350729753e-06,-1.000000014901161194e-01
3.629999897336588788e-06,-1.000000014901161194e-01
3.630499897322447822e-06,-1.000000014901161194e-01
3.630999897308306856e-06,0.000000000000000000e+00
3.631499897294165891e-06,-1.000000014901161194e-01
3.631999897280024925e-06,0.000000000000000000e+00
3.632499897265883959e-06,-1.000000014901161194e-01
3.632999897251742993e-06,0.000000000000000000e+00
3.633499897237602028e-06,-1.000000014901161194e-01
3.633999897223461062e-06,-1.000000014901161194e-01
3.634499897209320096e-06,-1.000000014901161194e-01
3.634999897195179130e-06,0.000000000000000000e+00
3.635499897181038165e-06,-1.000000014901161194e-01
3.635999897166897199e-06,-1.000000014901161194e-01
3.636499897152756233e-06,-1.000000014901161194e-01
3.636999897138615268e-06,-1.000000014901161194e-01
3.637499897124474302e-06,0.000000000000000000e+00
3.637999897110333336e-06,-1.000000014901161194e-01
3.638499897096192370e-06,-1.000000014901161194e-01
3.638999897082051405e-06,-1.000000014901161194e-01
3.639499897067910439e-06,-1.000000014901161194e-01
3.639999897053769473e-06,-1.000000014901161194e-01
3.640499897039628507e-06,-1.000000014901161194e-01
3.640999897025487542e-06,-1.000000014901161194e-01
3.641499897011346576e-06,-1.000000014901161194e-01
3.641999896997205610e-06,-1.000000014901161194e-01
3.642499896983064644e-06,-1.000000014901161194e-01
3.642999896968923679e-06,0.000000000000000000e+00
3.643499896954782713e-06,-1.000000014901161194e-01
3.643999896940641747e-06,-1.000000014901161194e-01
3.644499896926500782e-06,-1.000000014901161194e-01
3.644999896912359816e-06,-1.000000014901161194e-01
3.645499896898218850e-06,-1.000000014901161194e-01
3.645999896884077884e-06,-1.000000014901161194e-01
3.646499896869936919e-06,0.000000000000000000e+00
3.646999896855795953e-06,0.000000000000000000e+00
3.647499896841654987e-06,-1.000000014901161194e-01
3.647999896827514021e-06,-1.000000014901161194e-01
3.648499896813373056e-06,-1.000000014901161194e-01
3.648999896799232090e-06,-1.000000014901161194e-01
3.649499896785091124e-06,-1.000000014901161194e-01
3.649999896770950158e-06,-1.000000014901161194e-01
3.650499896756809193e-06,-1.000000014901161194e-01
3.650999896742668227e-06,-1.000000014901161194e-01
3.651499896728527261e-06,-1.000000014901161194e-01
3.651999896714386296e-06,-1.000000014901161194e-01
3.652499896700245330e-06,-1.000000014901161194e-01
3.652999896686104364e-06,-1.000000014901161194e-01
3.653499896671963398e-06,-1.000000014901161194e-01
3.653999896657822433e-06,0.000000000000000000e+00
3.654499896643681467e-06,-1.000000014901161194e-01
3.654999896629540501e-06,0.000000000000000000e+00
3.655499896615399535e-06,-1.000000014901161194e-01
3.655999896601258570e-06,-1.000000014901161194e-01
3.656499896587117604e-06,-1.000000014901161194e-01
3.656999896572976638e-06,-1.000000014901161194e-01
3.657499896558835673e-06,-1.000000014901161194e-01
3.657999896544694707e-06,-1.000000014901161194e-01
3.658499896530553741e-06,-1.000000014901161194e-01
3.658999896516412775e-06,-1.000000014901161194e-01
3.659499896502271810e-06,-1.000000014901161194e-01
3.659999896488130844e-06,-1.000000014901161194e-01
3.660499896473989878e-06,-1.000000014901161194e-01
3.660999896459848912e-06,-1.000000014901161194e-01
3.661499896445707947e-06,-1.000000014901161194e-01
3.661999896431566981e-06,-1.000000014901161194e-01
3.662499896417426015e-06,-1.000000014901161194e-01
3.662999896403285049e-06,0.000000000000000000e+00
3.663499896389144084e-06,-1.000000014901161194e-01
3.663999896375003118e-06,0.000000000000000000e+00
3.664499896360862152e-06,-1.000000014901161194e-01
3.664999896346721187e-06,-1.000000014901161194e-01
3.665499896332580221e-06,-1.000000014901161194e-01
3.665999896318439255e-06,-1.000000014901161194e-01
3.666499896304298289e-06,-1.000000014901161194e-01
3.666999896290157324e-06,-1.000000014901161194e-01
3.667499896276016358e-06,-1.000000014901161194e-01
3.667999896261875392e-06,-1.000000014901161194e-01
3.668499896247734426e-06,-1.000000014901161194e-01
3.668999896233593461e-06,-1.000000014901161194e-01
3.669499896219452495e-06,-1.000000014901161194e-01
3.669999896205311529e-06,0.000000000000000000e+00
3.670499896191170563e-06,-1.000000014901161194e-01
3.670999896177029598e-06,-1.000000014901161194e-01
3.671499896162888632e-06,-1.000000014901161194e-01
3.671999896148747666e-06,-1.000000014901161194e-01
3.672499896134606701e-06,-1.000000014901161194e-01
3.672999896120465735e-06,-1.000000014901161194e-01
3.673499896106324769e-06,-1.000000014901161194e-01
3.673999896092183803e-06,-1.000000014901161194e-01
3.674499896078042838e-06,-1.000000014901161194e-01
3.674999896063901872e-06,-1.000000014901161194e-01
3.675499896049760906e-06,-1.000000014901161194e-01
3.675999896035619940e-06,-1.000000014901161194e-01
3.676499896021478975e-06,-1.000000014901161194e-01
3.676999896007338009e-06,-1.000000014901161194e-01
3.677499895993197043e-06,-1.000000014901161194e-01
3.677999895979056078e-06,-1.000000014901161194e-01
3.678499895964915112e-06,-1.000000014901161194e-01
3.678999895950774146e-06,-1.000000014901161194e-01
3.679499895936633180e-06,-1.000000014901161194e-01
3.679999895922492215e-06,-1.000000014901161194e-01
3.680499895908351249e-06,-1.000000014901161194e-01
3.680999895894210283e-06,-1.000000014901161194e-01
3.681499895880069317e-06,-1.000000014901161194e-01
3.681999895865928352e-06,-1.000000014901161194e-01
3.682499895851787386e-06,-1.000000014901161194e-01
3.682999895837646420e-06,-1.000000014901161194e-01
3.683499895823505454e-06,-1.000000014901161194e-01
3.683999895809364489e-06,0.000000000000000000e+00
3.684499895795223523e-06,-1.000000014901161194e-01
3.684999895781082557e-06,0.000000000000000000e+00
3.685499895766941592e-06,-1.000000014901161194e-01
3.685999895752800626e-06,-1.000000014901161194e-01
3.686499895738659660e-06,-1.000000014901161194e-01
3.686999895724518694e-06,-1.000000014901161194e-01
3.687499895710377729e-06,-1.000000014901161194e-01
3.687999895696236763e-06,-1.000000014901161194e-01
3.688499895682095797e-06,-1.000000014901161194e-01
3.688999895667954831e-06,-1.000000014901161194e-01
3.689499895653813866e-06,-1.000000014901161194e-01
3.689999895639672900e-06,-1.000000014901161194e-01
3.690499895625531934e-06,-1.000000014901161194e-01
3.690999895611390968e-06,0.000000000000000000e+00
3.691499895597250003e-06,-1.000000014901161194e-01
3.691999895583109037e-06,-1.000000014901161194e-01
3.692499895568968071e-06,-1.000000014901161194e-01
3.692999895554827106e-06,0.000000000000000000e+00
3.693499895540686140e-06,-1.000000014901161194e-01
3.693999895526545174e-06,-1.000000014901161194e-01
3.694499895512404208e-06,-1.000000014901161194e-01
3.694999895498263243e-06,-1.000000014901161194e-01
3.695499895484122277e-06,-1.000000014901161194e-01
3.695999895469981311e-06,0.000000000000000000e+00
3.696499895455840345e-06,-1.000000014901161194e-01
3.696999895441699380e-06,0.000000000000000000e+00
3.697499895427558414e-06,0.000000000000000000e+00
3.697999895413417448e-06,0.000000000000000000e+00
3.698499895399276483e-06,-1.000000014901161194e-01
3.698999895385135517e-06,0.000000000000000000e+00
3.699499895370994551e-06,-1.000000014901161194e-01
3.699999895356853585e-06,-1.000000014901161194e-01
3.700499895342712620e-06,-1.000000014901161194e-01
3.700999895328571654e-06,-1.000000014901161194e-01
3.701499895314430688e-06,-1.000000014901161194e-01
3.701999895300289722e-06,-1.000000014901161194e-01
3.702499895286148757e-06,-1.000000014901161194e-01
3.702999895272007791e-06,0.000000000000000000e+00
3.703499895257866825e-06,-1.000000014901161194e-01
3.703999895243725859e-06,-1.000000014901161194e-01
3.704499895229584894e-06,-1.000000014901161194e-01
3.704999895215443928e-06,-1.000000014901161194e-01
3.705499895201302962e-06,-1.000000014901161194e-01
3.705999895187161997e-06,-1.000000014901161194e-01
3.706499895173021031e-06,-1.000000014901161194e-01
3.706999895158880065e-06,0.000000000000000000e+00
3.707499895144739099e-06,-1.000000014901161194e-01
3.707999895130598134e-06,0.000000000000000000e+00
3.708499895116457168e-06,-1.000000014901161194e-01
3.708999895102316202e-06,-1.000000014901161194e-01
3.709499895088175236e-06,-1.000000014901161194e-01
3.709999895074034271e-06,0.000000000000000000e+00
3.710499895059893305e-06,-1.000000014901161194e-01
3.710999895045752339e-06,-1.000000014901161194e-01
3.711499895031611373e-06,-1.000000014901161194e-01
3.711999895017470408e-06,-1.000000014901161194e-01
3.712499895003329442e-06,-1.000000014901161194e-01
3.712999894989188476e-06,-1.000000014901161194e-01
3.713499894975047511e-06,-1.000000014901161194e-01
3.713999894960906545e-06,-1.000000014901161194e-01
3.714499894946765579e-06,-1.000000014901161194e-01
3.714999894932624613e-06,0.000000000000000000e+00
3.715499894918483648e-06,-1.000000014901161194e-01
3.715999894904342682e-06,-1.000000014901161194e-01
3.716499894890201716e-06,-1.000000014901161194e-01
3.716999894876060750e-06,0.000000000000000000e+00
3.717499894861919785e-06,-1.000000014901161194e-01
3.717999894847778819e-06,-1.000000014901161194e-01
3.718499894833637853e-06,-1.000000014901161194e-01
3.718999894819496888e-06,0.000000000000000000e+00
3.719499894805355922e-06,-1.000000014901161194e-01
3.719999894791214956e-06,-1.000000014901161194e-01
3.720499894777073990e-06,-1.000000014901161194e-01
3.720999894762933025e-06,0.000000000000000000e+00
3.721499894748792059e-06,0.000000000000000000e+00
3.721999894734651093e-06,0.000000000000000000e+00
3.722499894720510127e-06,-1.000000014901161194e-01
3.722999894706369162e-06,0.000000000000000000e+00
3.723499894692228196e-06,-1.000000014901161194e-01
3.723999894678087230e-06,0.000000000000000000e+00
3.724499894663946264e-06,-1.000000014901161194e-01
3.724999894649805299e-06,0.000000000000000000e+00
3.725499894635664333e-06,0.000000000000000000e+00
3.725999894621523367e-06,0.000000000000000000e+00
3.726499894607382402e-06,-1.000000014901161194e-01
3.726999894593241436e-06,-1.000000014901161194e-01
3.727499894579100470e-06,-1.000000014901161194e-01
3.727999894564959504e-06,0.000000000000000000e+00
3.728499894550818539e-06,-1.000000014901161194e-01
3.728999894536677573e-06,-1.000000014901161194e-01
3.729499894522536607e-06,-1.000000014901161194e-01
3.729999894508395641e-06,-1.000000014901161194e-01
3.730499894494254676e-06,-1.000000014901161194e-01
3.730999894480113710e-06,0.000000000000000000e+00
3.731499894465972744e-06,0.000000000000000000e+00
3.731999894451831778e-06,-1.000000014901161194e-01
3.732499894437690813e-06,-1.000000014901161194e-01
3.732999894423549847e-06,0.000000000000000000e+00
3.733499894409408881e-06,-1.000000014901161194e-01
3.733999894395267916e-06,-1.000000014901161194e-01
3.734499894381126950e-06,-1.000000014901161194e-01
3.734999894366985984e-06,0.000000000000000000e+00
3.735499894352845018e-06,0.000000000000000000e+00
3.735999894338704053e-06,-1.000000014901161194e-01
3.736499894324563087e-06,-1.000000014901161194e-01
3.736999894310422121e-06,-1.000000014901161194e-01
3.737499894296281155e-06,-1.000000014901161194e-01
3.737999894282140190e-06,0.000000000000000000e+00
3.738499894267999224e-06,-1.000000014901161194e-01
3.738999894253858258e-06,0.000000000000000000e+00
3.739499894239717293e-06,-1.000000014901161194e-01
3.739999894225576327e-06,-1.000000014901161194e-01
3.740499894211435361e-06,-1.000000014901161194e-01
3.740999894197294395e-06,-1.000000014901161194e-01
3.741499894183153430e-06,-1.000000014901161194e-01
3.741999894169012464e-06,-1.000000014901161194e-01
3.742499894154871498e-06,-1.000000014901161194e-01
3.742999894140730532e-06,-1.000000014901161194e-01
3.743499894126589567e-06,-1.000000014901161194e-01
3.743999894112448601e-06,-1.000000014901161194e-01
3.744499894098307635e-06,-1.000000014901161194e-01
3.744999894084166669e-06,-1.000000014901161194e-01
3.745499894070025704e-06,-1.000000014901161194e-01
3.745999894055884738e-06,-1.000000014901161194e-01
3.746499894041743772e-06,-1.000000014901161194e-01
3.746999894027602807e-06,0.000000000000000000e+00
3.747499894013461841e-06,0.000000000000000000e+00
3.747999893999320875e-06,0.000000000000000000e+00
3.748499893985179909e-06,-1.000000014901161194e-01
3.748999893971038944e-06,0.000000000000000000e+00
3.749499893956897978e-06,0.000000000000000000e+00
3.749999893942757012e-06,0.000000000000000000e+00
3.750499893928616046e-06,-1.000000014901161194e-01
3.750999893914475081e-06,0.000000000000000000e+00
3.751499893900334115e-06,-1.000000014901161194e-01
3.751999893886193149e-06,0.000000000000000000e+00
3.752499893872052183e-06,-1.000000014901161194e-01
3.752999893857911218e-06,-1.000000014901161194e-01
3.753499893843770252e-06,-1.000000014901161194e-01
3.753999893829629286e-06,-1.000000014901161194e-01
3.754499893815488321e-06,-1.000000014901161194e-01
3.754999893801347355e-06,-1.000000014901161194e-01
3.755499893787206389e-06,-1.000000014901161194e-01
3.755999893773065423e-06,0.000000000000000000e+00
3.756499893758924458e-06,-1.000000014901161194e-01
3.756999893744783492e-06,-1.000000014901161194e-01
3.757499893730642526e-06,-1.000000014901161194e-01
3.757999893716501560e-06,-1.000000014901161194e-01
3.758499893702360595e-06,-1.000000014901161194e-01
3.758999893688219629e-06,-1.000000014901161194e-01
3.759499893674078663e-06,-1.000000014901161194e-01
3.759999893659937698e-06,0.000000000000000000e+00
3.760499893645796732e-06,-1.000000014901161194e-01
3.760999893631655766e-06,0.000000000000000000e+00
3.761499893617514800e-06,-1.000000014901161194e-01
3.761999893603373835e-06,-1.000000014901161194e-01
3.762499893589232869e-06,-1.000000014901161194e-01
3.762999893575091903e-06,-1.000000014901161194e-01
3.763499893560950937e-06,-1.000000014901161194e-01
3.763999893546809972e-06,0.000000000000000000e+00
3.764499893532669006e-06,-1.000000014901161194e-01
3.764999893518528040e-06,-1.000000014901161194e-01
3.765499893504387074e-06,-1.000000014901161194e-01
3.765999893490246109e-06,-1.000000014901161194e-01
3.766499893476105143e-06,-1.000000014901161194e-01
3.766999893461964177e-06,-1.000000014901161194e-01
3.767499893447823212e-06,-1.000000014901161194e-01
3.767999893433682246e-06,-1.000000014901161194e-01
3.768499893419541280e-06,-1.000000014901161194e-01
3.768999893405400314e-06,-1.000000014901161194e-01
3.769499893391259349e-06,-1.000000014901161194e-01
3.769999893377118383e-06,0.000000000000000000e+00
3.770499893362977417e-06,0.000000000000000000e+00
3.770999893348836451e-06,0.000000000000000000e+00
3.771499893334695486e-06,-1.000000014901161194e-01
3.771999893320554520e-06,0.000000000000000000e+00
3.772499893306413554e-06,-1.000000014901161194e-01
3.772999893292272588e-06,-1.000000014901161194e-01
3.773499893278131623e-06,-1.000000014901161194e-01
3.773999893263990657e-06,-1.000000014901161194e-01
3.774499893249849691e-06,-1.000000014901161194e-01
3.774999893235708726e-06,-1.000000014901161194e-01
3.775499893221567760e-06,-1.000000014901161194e-01
3.775999893207426794e-06,0.000000000000000000e+00
3.776499893193285828e-06,-1.000000014901161194e-01
3.776999893179144863e-06,0.000000000000000000e+00
3.777499893165003897e-06,0.000000000000000000e+00
3.777999893150862931e-06,0.000000000000000000e+00
3.778499893136721965e-06,-1.000000014901161194e-01
3.778999893122581000e-06,-1.000000014901161194e-01
3.779499893108440034e-06,-1.000000014901161194e-01
3.779999893094299068e-06,0.000000000000000000e+00
3.780499893080158103e-06,0.000000000000000000e+00
3.780999893066017137e-06,0.000000000000000000e+00
3.781499893051876171e-06,0.000000000000000000e+00
3.781999893037735205e-06,-1.000000014901161194e-01
3.782499893023594240e-06,-1.000000014901161194e-01
3.782999893009453274e-06,-1.000000014901161194e-01
3.783499892995312308e-06,-1.000000014901161194e-01
3.783999892981171342e-06,-1.000000014901161194e-01
3.784499892967030377e-06,-1.000000014901161194e-01
3.784999892952889411e-06,-1.000000014901161194e-01
3.785499892938748445e-06,-1.000000014901161194e-01
3.785999892924607479e-06,0.000000000000000000e+00
3.786499892910466514e-06,-1.000000014901161194e-01
3.786999892896325548e-06,-1.000000014901161194e-01
3.787499892882184582e-06,0.000000000000000000e+00
3.787999892868043617e-06,-1.000000014901161194e-01
3.788499892853902651e-06,-1.000000014901161194e-01
3.788999892839761685e-06,-1.000000014901161194e-01
3.789499892825620719e-06,-1.000000014901161194e-01
3.789999892811479754e-06,-1.000000014901161194e-01
3.790499892797338788e-06,-1.000000014901161194e-01
3.790999892783197822e-06,-1.000000014901161194e-01
3.791499892769056856e-06,-1.000000014901161194e-01
3.791999892754915891e-06,-1.000000014901161194e-01
3.792499892740774925e-06,-1.000000014901161194e-01
3.792999892726633959e-06,-1.000000014901161194e-01
3.793499892712492993e-06,-1.000000014901161194e-01
3.793999892698352028e-06,-1.000000014901161194e-01
3.794499892684211062e-06,-1.000000014901161194e-01
3.794999892670070096e-06,-1.000000014901161194e-01
3.795499892655929131e-06,-1.000000014901161194e-01
3.795999892641788165e-06,-1.000000014901161194e-01
3.796499892627647199e-06,-1.000000014901161194e-01
3.796999892613506233e-06,-1.000000014901161194e-01
3.797499892599365268e-06,-1.000000014901161194e-01
3.797999892585224302e-06,-1.000000014901161194e-01
3.798499892571083336e-06,-1.000000014901161194e-01
3.798999892556942370e-06,-1.000000014901161194e-01
3.799499892542801405e-06,-1.000000014901161194e-01
3.799999892528660439e-06,-1.000000014901161194e-01
3.800499892514519473e-06,0.000000000000000000e+00
3.800999892500378508e-06,0.000000000000000000e+00
3.801499892486237542e-06,0.000000000000000000e+00
3.801999892472096576e-06,-1.000000014901161194e-01
3.802499892457955610e-06,-1.000000014901161194e-01
3.802999892443814645e-06,-1.000000014901161194e-01
3.803499892429673679e-06,-1.000000014901161194e-01
3.803999892415532713e-06,-1.000000014901161194e-01
3.804499892401391747e-06,-1.000000014901161194e-01
3.804999892387250782e-06,0.000000000000000000e+00
3.805499892373109816e-06,0.000000000000000000e+00
3.805999892358968850e-06,-1.000000014901161194e-01
3.806499892344827884e-06,-1.000000014901161194e-01
3.806999892330686919e-06,0.000000000000000000e+00
3.807499892316545953e-06,-1.000000014901161194e-01
3.807999892302404987e-06,-1.000000014901161194e-01
3.808499892288264022e-06,-1.000000014901161194e-01
3.808999892274123056e-06,0.000000000000000000e+00
3.809499892259982090e-06,-1.000000014901161194e-01
3.809999892245841124e-06,-1.000000014901161194e-01
3.810499892231700159e-06,-1.000000014901161194e-01
3.810999892217559193e-06,-1.000000014901161194e-01
3.811499892203418227e-06,-1.000000014901161194e-01
3.811999892189277261e-06,0.000000000000000000e+00
3.812499892175136296e-06,-1.000000014901161194e-01
3.812999892160995330e-06,-1.000000014901161194e-01
3.813499892146854364e-06,-1.000000014901161194e-01
3.813999892132713398e-06,-1.000000014901161194e-01
3.814499892118572433e-06,-1.000000014901161194e-01
3.814999892104431467e-06,0.000000000000000000e+00
3.815499892090290501e-06,-1.000000014901161194e-01
3.815999892076149536e-06,-1.000000014901161194e-01
3.816499892062008570e-06,-1.000000014901161194e-01
3.816999892047867604e-06,-1.000000014901161194e-01
3.817499892033726638e-06,-1.000000014901161194e-01
3.817999892019585673e-06,-1.000000014901161194e-01
3.818499892005444707e-06,-1.000000014901161194e-01
3.818999891991303741e-06,-1.000000014901161194e-01
3.819499891977162775e-06,-1.000000014901161194e-01
3.819999891963021810e-06,-1.000000014901161194e-01
3.820499891948880844e-06,-1.000000014901161194e-01
3.820999891934739878e-06,-1.000000014901161194e-01
3.821499891920598913e-06,-1.000000014901161194e-01
3.821999891906457947e-06,-1.000000014901161194e-01
3.822499891892316981e-06,-1.000000014901161194e-01
3.822999891878176015e-06,0.000000000000000000e+00
3.823499891864035050e-06,0.000000000000000000e+00
3.823999891849894084e-06,0.000000000000000000e+00
3.824499891835753118e-06,-1.000000014901161194e-01
3.824999891821612152e-06,-1.000000014901161194e-01
3.825499891807471187e-06,-1.000000014901161194e-01
3.825999891793330221e-06,-1.000000014901161194e-01
3.826499891779189255e-06,-1.000000014901161194e-01
3.826999891765048289e-06,-1.000000014901161194e-01
3.827499891750907324e-06,-1.000000014901161194e-01
3.827999891736766358e-06,0.000000000000000000e+00
3.828499891722625392e-06,-1.000000014901161194e-01
3.828999891708484427e-06,-1.000000014901161194e-01
3.829499891694343461e-06,-1.000000014901161194e-01
3.829999891680202495e-06,0.000000000000000000e+00
3.830499891666061529e-06,-1.000000014901161194e-01
3.830999891651920564e-06,0.000000000000000000e+00
3.831499891637779598e-06,0.000000000000000000e+00
3.831999891623638632e-06,-1.000000014901161194e-01
3.832499891609497666e-06,-1.000000014901161194e-01
3.832999891595356701e-06,-1.000000014901161194e-01
3.833499891581215735e-06,-1.000000014901161194e-01
3.833999891567074769e-06,-1.000000014901161194e-01
3.834499891552933803e-06,0.000000000000000000e+00
3.834999891538792838e-06,0.000000000000000000e+00
3.835499891524651872e-06,-1.000000014901161194e-01
3.835999891510510906e-06,0.000000000000000000e+00
3.836499891496369941e-06,-1.000000014901161194e-01
3.836999891482228975e-06,-1.000000014901161194e-01
3.837499891468088009e-06,-1.000000014901161194e-01
3.837999891453947043e-06,-1.000000014901161194e-01
3.838499891439806078e-06,-1.000000014901161194e-01
3.838999891425665112e-06,-1.000000014901161194e-01
3.839499891411524146e-06,-1.000000014901161194e-01
3.839999891397383180e-06,-1.000000014901161194e-01
3.840499891383242215e-06,-1.000000014901161194e-01
3.840999891369101249e-06,0.000000000000000000e+00
3.841499891354960283e-06,-1.000000014901161194e-01
3.841999891340819318e-06,0.000000000000000000e+00
3.842499891326678352e-06,-1.000000014901161194e-01
3.842999891312537386e-06,0.000000000000000000e+00
3.843499891298396420e-06,-1.000000014901161194e-01
3.843999891284255455e-06,0.000000000000000000e+00
3.844499891270114489e-06,-1.000000014901161194e-01
3.844999891255973523e-06,-1.000000014901161194e-01
3.845499891241832557e-06,-1.000000014901161194e-01
3.845999891227691592e-06,-1.000000014901161194e-01
3.846499891213550626e-06,-1.000000014901161194e-01
3.846999891199409660e-06,-1.000000014901161194e-01
3.847499891185268694e-06,-1.000000014901161194e-01
3.847999891171127729e-06,0.000000000000000000e+00
3.848499891156986763e-06,-1.000000014901161194e-01
3.848999891142845797e-06,0.000000000000000000e+00
3.849499891128704832e-06,-1.000000014901161194e-01
3.849999891114563866e-06,0.000000000000000000e+00
3.850499891100422900e-06,-1.000000014901161194e-01
3.850999891086281934e-06,0.000000000000000000e+00
3.851499891072140969e-06,0.000000000000000000e+00
3.851999891058000003e-06,0.000000000000000000e+00
3.852499891043859037e-06,-1.000000014901161194e-01
3.852999891029718071e-06,-1.000000014901161194e-01
3.853499891015577106e-06,-1.000000014901161194e-01
3.853999891001436140e-06,-1.000000014901161194e-01
3.854499890987295174e-06,-1.000000014901161194e-01
3.854999890973154208e-06,0.000000000000000000e+00
3.855499890959013243e-06,0.000000000000000000e+00
3.855999890944872277e-06,0.000000000000000000e+00
3.856499890930731311e-06,-1.000000014901161194e-01
3.856999890916590346e-06,-1.000000014901161194e-01
3.857499890902449380e-06,-1.000000014901161194e-01
3.857999890888308414e-06,-1.000000014901161194e-01
3.858499890874167448e-06,-1.000000014901161194e-01
3.858999890860026483e-06,-1.000000014901161194e-01
3.859499890845885517e-06,-1.000000014901161194e-01
3.859999890831744551e-06,-1.000000014901161194e-01
3.860499890817603585e-06,-1.000000014901161194e-01
3.860999890803462620e-06,-1.000000014901161194e-01
3.861499890789321654e-06,-1.000000014901161194e-01
3.861999890775180688e-06,0.000000000000000000e+00
3.862499890761039723e-06,-1.000000014901161194e-01
3.862999890746898757e-06,-1.000000014901161194e-01
3.863499890732757791e-06,-1.000000014901161194e-01
3.863999890718616825e-06,-1.000000014901161194e-01
3.864499890704475860e-06,-1.000000014901161194e-01
3.864999890690334894e-06,0.000000000000000000e+00
3.865499890676193928e-06,-1.000000014901161194e-01
3.865999890662052962e-06,0.000000000000000000e+00
3.866499890647911997e-06,-1.000000014901161194e-01
3.866999890633771031e-06,0.000000000000000000e+00
3.867499890619630065e-06,-1.000000014901161194e-01
3.867999890605489099e-06,-1.000000014901161194e-01
3.868499890591348134e-06,-1.000000014901161194e-01
3.868999890577207168e-06,0.000000000000000000e+00
3.869499890563066202e-06,-1.000000014901161194e-01
3.869999890548925237e-06,-1.000000014901161194e-01
3.870499890534784271e-06,-1.000000014901161194e-01
3.870999890520643305e-06,-1.000000014901161194e-01
3.871499890506502339e-06,0.000000000000000000e+00
3.871999890492361374e-06,-1.000000014901161194e-01
3.872499890478220408e-06,-1.000000014901161194e-01
3.872999890464079442e-06,-1.000000014901161194e-01
3.873499890449938476e-06,-1.000000014901161194e-01
3.873999890435797511e-06,0.000000000000000000e+00
3.874499890421656545e-06,-1.000000014901161194e-01
3.874999890407515579e-06,-1.000000014901161194e-01
3.875499890393374613e-06,-1.000000014901161194e-01
3.875999890379233648e-06,-1.000000014901161194e-01
3.876499890365092682e-06,0.000000000000000000e+00
3.876999890350951716e-06,0.000000000000000000e+00
3.877499890336810751e-06,-1.000000014901161194e-01
3.877999890322669785e-06,0.000000000000000000e+00
3.878499890308528819e-06,-1.000000014901161194e-01
3.878999890294387853e-06,0.000000000000000000e+00
3.879499890280246888e-06,-1.000000014901161194e-01
3.879999890266105922e-06,-1.000000014901161194e-01
3.880499890251964956e-06,-1.000000014901161194e-01
3.880999890237823990e-06,-1.000000014901161194e-01
3.881499890223683025e-06,-1.000000014901161194e-01
3.881999890209542059e-06,0.000000000000000000e+00
3.882499890195401093e-06,-1.000000014901161194e-01
3.882999890181260128e-06,-1.000000014901161194e-01
3.883499890167119162e-06,-1.000000014901161194e-01
3.883999890152978196e-06,-1.000000014901161194e-01
3.884499890138837230e-06,-1.000000014901161194e-01
3.884999890124696265e-06,-1.000000014901161194e-01
3.885499890110555299e-06,-1.000000014901161194e-01
3.885999890096414333e-06,-1.000000014901161194e-01
3.886499890082273367e-06,-1.000000014901161194e-01
3.886999890068132402e-06,-1.000000014901161194e-01
3.887499890053991436e-06,-1.000000014901161194e-01
3.887999890039850470e-06,-1.000000014901161194e-01
3.888499890025709504e-06,0.000000000000000000e+00
3.888999890011568539e-06,-1.000000014901161194e-01
3.889499889997427573e-06,-1.000000014901161194e-01
3.889999889983286607e-06,-1.000000014901161194e-01
3.890499889969145642e-06,-1.000000014901161194e-01
3.890999889955004676e-06,0.000000000000000000e+00
3.891499889940863710e-06,-1.000000014901161194e-01
3.891999889926722744e-06,-1.000000014901161194e-01
3.892499889912581779e-06,-1.000000014901161194e-01
3.892999889898440813e-06,0.000000000000000000e+00
3.893499889884299847e-06,-1.000000014901161194e-01
3.893999889870158881e-06,-1.000000014901161194e-01
3.894499889856017916e-06,-1.000000014901161194e-01
3.894999889841876950e-06,0.000000000000000000e+00
3.895499889827735984e-06,-1.000000014901161194e-01
3.895999889813595018e-06,-1.000000014901161194e-01
3.896499889799454053e-06,-1.000000014901161194e-01
3.896999889785313087e-06,0.000000000000000000e+00
3.897499889771172121e-06,-1.000000014901161194e-01
3.897999889757031156e-06,-1.000000014901161194e-01
3.898499889742890190e-06,-1.000000014901161194e-01
3.898999889728749224e-06,-1.000000014901161194e-01
3.899499889714608258e-06,-1.000000014901161194e-01
3.899999889700467293e-06,-1.000000014901161194e-01
3.900499889686326327e-06,-1.000000014901161194e-01
3.900999889672185361e-06,-1.000000014901161194e-01
3.901499889658044395e-06,-1.000000014901161194e-01
3.901999889643903430e-06,-1.000000014901161194e-01
3.902499889629762464e-06,-1.000000014901161194e-01
3.902999889615621498e-06,-1.000000014901161194e-01
3.903499889601480533e-06,-1.000000014901161194e-01
3.903999889587339567e-06,-1.000000014901161194e-01
3.904499889573198601e-06,-1.000000014901161194e-01
3.904999889559057635e-06,0.000000000000000000e+00
3.905499889544916670e-06,-1.000000014901161194e-01
3.905999889530775704e-06,0.000000000000000000e+00
3.906499889516634738e-06,-1.000000014901161194e-01
3.906999889502493772e-06,-1.000000014901161194e-01
3.907499889488352807e-06,-1.000000014901161194e-01
3.907999889474211841e-06,0.000000000000000000e+00
3.908499889460070875e-06,-1.000000014901161194e-01
3.908999889445929909e-06,-1.000000014901161194e-01
3.909499889431788944e-06,-1.000000014901161194e-01
3.909999889417647978e-06,-1.000000014901161194e-01
3.910499889403507012e-06,-1.000000014901161194e-01
3.910999889389366047e-06,-1.000000014901161194e-01
3.911499889375225081e-06,-1.000000014901161194e-01
3.911999889361084115e-06,-1.000000014901161194e-01
3.912499889346943149e-06,-1.000000014901161194e-01
3.912999889332802184e-06,-1.000000014901161194e-01
3.913499889318661218e-06,-1.000000014901161194e-01
3.913999889304520252e-06,-1.000000014901161194e-01
3.914499889290379286e-06,-1.000000014901161194e-01
3.914999889276238321e-06,-1.000000014901161194e-01
3.915499889262097355e-06,-1.000000014901161194e-01
3.915999889247956389e-06,-1.000000014901161194e-01
3.916499889233815423e-06,-1.000000014901161194e-01
3.916999889219674458e-06,0.000000000000000000e+00
3.917499889205533492e-06,-1.000000014901161194e-01
3.917999889191392526e-06,-1.000000014901161194e-01
3.918499889177251561e-06,-1.000000014901161194e-01
3.918999889163110595e-06,-1.000000014901161194e-01
3.919499889148969629e-06,-1.000000014901161194e-01
3.919999889134828663e-06,-1.000000014901161194e-01
3.920499889120687698e-06,-1.000000014901161194e-01
3.920999889106546732e-06,0.000000000000000000e+00
3.921499889092405766e-06,-1.000000014901161194e-01
3.921999889078264800e-06,-1.000000014901161194e-01
3.922499889064123835e-06,-1.000000014901161194e-01
3.922999889049982869e-06,-1.000000014901161194e-01
3.923499889035841903e-06,-1.000000014901161194e-01
3.923999889021700938e-06,-1.000000014901161194e-01
3.924499889007559972e-06,0.000000000000000000e+00
3.924999888993419006e-06,0.000000000000000000e+00
3.925499888979278040e-06,-1.000000014901161194e-01
3.925999888965137075e-06,-1.000000014901161194e-01
3.926499888950996109e-06,-1.000000014901161194e-01
3.926999888936855143e-06,-1.000000014901161194e-01
3.927499888922714177e-06,-1.000000014901161194e-01
3.927999888908573212e-06,-1.000000014901161194e-01
3.928499888894432246e-06,-1.000000014901161194e-01
3.928999888880291280e-06,-1.000000014901161194e-01
3.929499888866150314e-06,-1.000000014901161194e-01
3.929999888852009349e-06,-1.000000014901161194e-01
3.930499888837868383e-06,-1.000000014901161194e-01
3.930999888823727417e-06,-1.000000014901161194e-01
3.931499888809586452e-06,-1.000000014901161194e-01
3.931999888795445486e-06,-1.000000014901161194e-01
3.932499888781304520e-06,-1.000000014901161194e-01
3.932999888767163554e-06,0.000000000000000000e+00
3.933499888753022589e-06,-1.000000014901161194e-01
3.933999888738881623e-06,0.000000000000000000e+00
3.934499888724740657e-06,-1.000000014901161194e-01
3.934999888710599691e-06,-1.000000014901161194e-01
3.935499888696458726e-06,-1.000000014901161194e-01
3.935999888682317760e-06,-1.000000014901161194e-01
3.936499888668176794e-06,-1.000000014901161194e-01
3.936999888654035828e-06,-1.000000014901161194e-01
3.937499888639894863e-06,-1.000000014901161194e-01
3.937999888625753897e-06,0.000000000000000000e+00
3.938499888611612931e-06,-1.000000014901161194e-01
3.938999888597471966e-06,0.000000000000000000e+00
3.939499888583331000e-06,-1.000000014901161194e-01
3.939999888569190034e-06,-1.000000014901161194e-01
3.940499888555049068e-06,-1.000000014901161194e-01
3.940999888540908103e-06,-1.000000014901161194e-01
3.941499888526767137e-06,-1.000000014901161194e-01
3.941999888512626171e-06,-1.000000014901161194e-01
3.942499888498485205e-06,-1.000000014901161194e-01
3.942999888484344240e-06,-1.000000014901161194e-01
3.943499888470203274e-06,-1.000000014901161194e-01
3.943999888456062308e-06,-1.000000014901161194e-01
3.944499888441921343e-06,-1.000000014901161194e-01
3.944999888427780377e-06,-1.000000014901161194e-01
3.945499888413639411e-06,-1.000000014901161194e-01
3.945999888399498445e-06,-1.000000014901161194e-01
3.946499888385357480e-06,-1.000000014901161194e-01
3.946999888371216514e-06,-1.000000014901161194e-01
3.947499888357075548e-06,-1.000000014901161194e-01
3.947999888342934582e-06,0.000000000000000000e+00
3.948499888328793617e-06,0.000000000000000000e+00
3.948999888314652651e-06,0.000000000000000000e+00
3.949499888300511685e-06,-1.000000014901161194e-01
3.949999888286370719e-06,0.000000000000000000e+00
3.950499888272229754e-06,0.000000000000000000e+00
3.950999888258088788e-06,0.000000000000000000e+00
3.951499888243947822e-06,-1.000000014901161194e-01
3.951999888229806857e-06,0.000000000000000000e+00
3.952499888215665891e-06,-1.000000014901161194e-01
3.952999888201524925e-06,0.000000000000000000e+00
3.953499888187383959e-06,-1.000000014901161194e-01
3.953999888173242994e-06,0.000000000000000000e+00
3.954499888159102028e-06,-1.000000014901161194e-01
3.954999888144961062e-06,-1.000000014901161194e-01
3.955499888130820096e-06,-1.000000014901161194e-01
3.955999888116679131e-06,0.000000000000000000e+00
3.956499888102538165e-06,-1.000000014901161194e-01
3.956999888088397199e-06,-1.000000014901161194e-01
3.957499888074256233e-06,-1.000000014901161194e-01
3.957999888060115268e-06,-1.000000014901161194e-01
3.958499888045974302e-06,-1.000000014901161194e-01
3.958999888031833336e-06,0.000000000000000000e+00
3.959499888017692371e-06,-1.000000014901161194e-01
3.959999888003551405e-06,-1.000000014901161194e-01
3.960499887989410439e-06,-1.000000014901161194e-01
3.960999887975269473e-06,-1.000000014901161194e-01
3.961499887961128508e-06,-1.000000014901161194e-01
3.961999887946987542e-06,0.000000000000000000e+00
3.962499887932846576e-06,0.000000000000000000e+00
3.962999887918705610e-06,-1.000000014901161194e-01
3.963499887904564645e-06,-1.000000014901161194e-01
3.963999887890423679e-06,0.000000000000000000e+00
3.964499887876282713e-06,-1.000000014901161194e-01
3.964999887862141748e-06,-1.000000014901161194e-01
3.965499887848000782e-06,-1.000000014901161194e-01
3.965999887833859816e-06,-1.000000014901161194e-01
3.966499887819718850e-06,-1.000000014901161194e-01
3.966999887805577885e-06,0.000000000000000000e+00
3.967499887791436919e-06,0.000000000000000000e+00
3.967999887777295953e-06,-1.000000014901161194e-01
3.968499887763154987e-06,-1.000000014901161194e-01
3.968999887749014022e-06,-1.000000014901161194e-01
3.969499887734873056e-06,-1.000000014901161194e-01
3.969999887720732090e-06,-1.000000014901161194e-01
3.970499887706591124e-06,-1.000000014901161194e-01
3.970999887692450159e-06,0.000000000000000000e+00
3.971499887678309193e-06,-1.000000014901161194e-01
3.971999887664168227e-06,-1.000000014901161194e-01
3.972499887650027262e-06,-1.000000014901161194e-01
3.972999887635886296e-06,0.000000000000000000e+00
3.973499887621745330e-06,-1.000000014901161194e-01
3.973999887607604364e-06,-1.000000014901161194e-01
3.974499887593463399e-06,0.000000000000000000e+00
3.974999887579322433e-06,0.000000000000000000e+00
3.975499887565181467e-06,-1.000000014901161194e-01
3.975999887551040501e-06,-1.000000014901161194e-01
3.976499887536899536e-06,-1.000000014901161194e-01
3.976999887522758570e-06,-1.000000014901161194e-01
3.977499887508617604e-06,-1.000000014901161194e-01
3.977999887494476638e-06,0.000000000000000000e+00
3.978499887480335673e-06,-1.000000014901161194e-01
3.978999887466194707e-06,-1.000000014901161194e-01
3.979499887452053741e-06,-1.000000014901161194e-01
3.979999887437912776e-06,-1.000000014901161194e-01
3.980499887423771810e-06,-1.000000014901161194e-01
3.980999887409630844e-06,-1.000000014901161194e-01
3.981499887395489878e-06,-1.000000014901161194e-01
3.981999887381348913e-06,0.000000000000000000e+00
3.982499887367207947e-06,-1.000000014901161194e-01
3.982999887353066981e-06,0.000000000000000000e+00
3.983499887338926015e-06,0.000000000000000000e+00
3.983999887324785050e-06,0.000000000000000000e+00
3.984499887310644084e-06,0.000000000000000000e+00
3.984999887296503118e-06,-1.000000014901161194e-01
3.985499887282362153e-06,-1.000000014901161194e-01
3.985999887268221187e-06,-1.000000014901161194e-01
3.986499887254080221e-06,-1.000000014901161194e-01
3.986999887239939255e-06,0.000000000000000000e+00
3.987499887225798290e-06,-1.000000014901161194e-01
3.987999887211657324e-06,-1.000000014901161194e-01
3.988499887197516358e-06,-1.000000014901161194e-01
3.988999887183375392e-06,-1.000000014901161194e-01
3.989499887169234427e-06,-1.000000014901161194e-01
3.989999887155093461e-06,-1.000000014901161194e-01
3.990499887140952495e-06,-1.000000014901161194e-01
3.990999887126811529e-06,-1.000000014901161194e-01
3.991499887112670564e-06,-1.000000014901161194e-01
3.991999887098529598e-06,-1.000000014901161194e-01
3.992499887084388632e-06,-1.000000014901161194e-01
3.992999887070247667e-06,-1.000000014901161194e-01
3.993499887056106701e-06,-1.000000014901161194e-01
3.993999887041965735e-06,-1.000000014901161194e-01
3.994499887027824769e-06,-1.000000014901161194e-01
3.994999887013683804e-06,-1.000000014901161194e-01
3.995499886999542838e-06,-1.000000014901161194e-01
3.995999886985401872e-06,-1.000000014901161194e-01
3.996499886971260906e-06,-1.000000014901161194e-01
3.996999886957119941e-06,0.000000000000000000e+00
3.997499886942978975e-06,-1.000000014901161194e-01
3.997999886928838009e-06,-1.000000014901161194e-01
3.998499886914697043e-06,-1.000000014901161194e-01
3.998999886900556078e-06,-1.000000014901161194e-01
3.999499886886415112e-06,-1.000000014901161194e-01
3.999999886872274146e-06,-1.000000014901161194e-01
4.000499886858133181e-06,-1.000000014901161194e-01
4.000999886843992215e-06,-1.000000014901161194e-01
4.001499886829851249e-06,-1.000000014901161194e-01
4.001999886815710283e-06,-1.000000014901161194e-01
4.002499886801569318e-06,-1.000000014901161194e-01
4.002999886787428352e-06,-1.000000014901161194e-01
4.003499886773287386e-06,-1.000000014901161194e-01
4.003999886759146420e-06,-1.000000014901161194e-01
4.004499886745005455e-06,-1.000000014901161194e-01
4.004999886730864489e-06,-1.000000014901161194e-01
4.005499886716723523e-06,-1.000000014901161194e-01
4.005999886702582558e-06,0.000000000000000000e+00
4.006499886688441592e-06,-1.000000014901161194e-01
4.006999886674300626e-06,0.000000000000000000e+00
4.007499886660159660e-06,-1.000000014901161194e-01
4.007999886646018695e-06,0.000000000000000000e+00
4.008499886631877729e-06,0.000000000000000000e+00
4.008999886617736763e-06,0.000000000000000000e+00
4.009499886603595797e-06,-1.000000014901161194e-01
4.009999886589454832e-06,0.000000000000000000e+00
4.010499886575313866e-06,-1.000000014901161194e-01
4.010999886561172900e-06,-1.000000014901161194e-01
4.011499886547031934e-06,-1.000000014901161194e-01
4.011999886532890969e-06,0.000000000000000000e+00
4.012499886518750003e-06,-1.000000014901161194e-01
4.012999886504609037e-06,-1.000000014901161194e-01
4.013499886490468072e-06,-1.000000014901161194e-01
4.013999886476327106e-06,-1.000000014901161194e-01
4.014499886462186140e-06,-1.000000014901161194e-01
4.014999886448045174e-06,0.000000000000000000e+00
4.015499886433904209e-06,-1.000000014901161194e-01
4.015999886419763243e-06,0.000000000000000000e+00
4.016499886405622277e-06,-1.000000014901161194e-01
4.016999886391481311e-06,0.000000000000000000e+00
4.017499886377340346e-06,-1.000000014901161194e-01
4.017999886363199380e-06,-1.000000014901161194e-01
4.018499886349058414e-06,-1.000000014901161194e-01
4.018999886334917448e-06,-1.000000014901161194e-01
4.019499886320776483e-06,-1.000000014901161194e-01
4.019999886306635517e-06,-1.000000014901161194e-01
4.020499886292494551e-06,-1.000000014901161194e-01
4.020999886278353586e-06,-1.000000014901161194e-01
4.021499886264212620e-06,-1.000000014901161194e-01
4.021999886250071654e-06,0.000000000000000000e+00
4.022499886235930688e-06,-1.000000014901161194e-01
4.022999886221789723e-06,-1.000000014901161194e-01
4.023499886207648757e-06,-1.000000014901161194e-01
4.023999886193507791e-06,-1.000000014901161194e-01
4.024499886179366825e-06,-1.000000014901161194e-01
4.024999886165225860e-06,-1.000000014901161194e-01
4.025499886151084894e-06,-1.000000014901161194e-01
4.025999886136943928e-06,0.000000000000000000e+00
4.026499886122802963e-06,-1.000000014901161194e-01
4.026999886108661997e-06,-1.000000014901161194e-01
4.027499886094521031e-06,-1.000000014901161194e-01
4.027999886080380065e-06,-1.000000014901161194e-01
4.028499886066239100e-06,-1.000000014901161194e-01
4.028999886052098134e-06,0.000000000000000000e+00
4.029499886037957168e-06,0.000000000000000000e+00
4.029999886023816202e-06,-1.000000014901161194e-01
4.030499886009675237e-06,-1.000000014901161194e-01
4.030999885995534271e-06,-1.000000014901161194e-01
4.031499885981393305e-06,-1.000000014901161194e-01
4.031999885967252339e-06,-1.000000014901161194e-01
4.032499885953111374e-06,-1.000000014901161194e-01
4.032999885938970408e-06,-1.000000014901161194e-01
4.033499885924829442e-06,-1.000000014901161194e-01
4.033999885910688477e-06,-1.000000014901161194e-01
4.034499885896547511e-06,-1.000000014901161194e-01
4.034999885882406545e-06,0.000000000000000000e+00
4.035499885868265579e-06,-1.000000014901161194e-01
4.035999885854124614e-06,0.000000000000000000e+00
4.036499885839983648e-06,0.000000000000000000e+00
4.036999885825842682e-06,0.000000000000000000e+00
4.037499885811701716e-06,-1.000000014901161194e-01
4.037999885797560751e-06,-1.000000014901161194e-01
4.038499885783419785e-06,-1.000000014901161194e-01
4.038999885769278819e-06,-1.000000014901161194e-01
4.039499885755137853e-06,-1.000000014901161194e-01
4.039999885740996888e-06,-1.000000014901161194e-01
4.040499885726855922e-06,-1.000000014901161194e-01
4.040999885712714956e-06,-1.000000014901161194e-01
4.041499885698573991e-06,-1.000000014901161194e-01
4.041999885684433025e-06,-1.000000014901161194e-01
4.042499885670292059e-06,-1.000000014901161194e-01
4.042999885656151093e-06,0.000000000000000000e+00
4.043499885642010128e-06,-1.000000014901161194e-01
4.043999885627869162e-06,0.000000000000000000e+00
4.044499885613728196e-06,-1.000000014901161194e-01
4.044999885599587230e-06,-1.000000014901161194e-01
4.045499885585446265e-06,-1.000000014901161194e-01
4.045999885571305299e-06,0.000000000000000000e+00
4.046499885557164333e-06,-1.000000014901161194e-01
4.046999885543023368e-06,-1.000000014901161194e-01
4.047499885528882402e-06,-1.000000014901161194e-01
4.047999885514741436e-06,-1.000000014901161194e-01
4.048499885500600470e-06,-1.000000014901161194e-01
4.048999885486459505e-06,-1.000000014901161194e-01
4.049499885472318539e-06,-1.000000014901161194e-01
4.049999885458177573e-06,0.000000000000000000e+00
4.050499885444036607e-06,-1.000000014901161194e-01
4.050999885429895642e-06,-1.000000014901161194e-01
4.051499885415754676e-06,-1.000000014901161194e-01
4.051999885401613710e-06,-1.000000014901161194e-01
4.052499885387472744e-06,-1.000000014901161194e-01
4.052999885373331779e-06,-1.000000014901161194e-01
4.053499885359190813e-06,-1.000000014901161194e-01
4.053999885345049847e-06,-1.000000014901161194e-01
4.054499885330908882e-06,-1.000000014901161194e-01
4.054999885316767916e-06,-1.000000014901161194e-01
4.055499885302626950e-06,-1.000000014901161194e-01
4.055999885288485984e-06,-1.000000014901161194e-01
4.056499885274345019e-06,-1.000000014901161194e-01
4.056999885260204053e-06,-1.000000014901161194e-01
4.057499885246063087e-06,-1.000000014901161194e-01
4.057999885231922121e-06,0.000000000000000000e+00
4.058499885217781156e-06,-1.000000014901161194e-01
4.058999885203640190e-06,-1.000000014901161194e-01
4.059499885189499224e-06,-1.000000014901161194e-01
4.059999885175358258e-06,0.000000000000000000e+00
4.060499885161217293e-06,0.000000000000000000e+00
4.060999885147076327e-06,0.000000000000000000e+00
4.061499885132935361e-06,-1.000000014901161194e-01
4.061999885118794396e-06,0.000000000000000000e+00
4.062499885104653430e-06,-1.000000014901161194e-01
4.062999885090512464e-06,-1.000000014901161194e-01
4.063499885076371498e-06,-1.000000014901161194e-01
4.063999885062230533e-06,0.000000000000000000e+00
4.064499885048089567e-06,-1.000000014901161194e-01
4.064999885033948601e-06,-1.000000014901161194e-01
4.065499885019807635e-06,-1.000000014901161194e-01
4.065999885005666670e-06,-1.000000014901161194e-01
4.066499884991525704e-06,-1.000000014901161194e-01
4.066999884977384738e-06,-1.000000014901161194e-01
4.067499884963243773e-06,-1.000000014901161194e-01
4.067999884949102807e-06,-1.000000014901161194e-01
4.068499884934961841e-06,-1.000000014901161194e-01
4.068999884920820875e-06,-1.000000014901161194e-01
4.069499884906679910e-06,-1.000000014901161194e-01
4.069999884892538944e-06,0.000000000000000000e+00
4.070499884878397978e-06,-1.000000014901161194e-01
4.070999884864257012e-06,0.000000000000000000e+00
4.071499884850116047e-06,-1.000000014901161194e-01
4.071999884835975081e-06,0.000000000000000000e+00
4.072499884821834115e-06,-1.000000014901161194e-01
4.072999884807693149e-06,-1.000000014901161194e-01
4.073499884793552184e-06,-1.000000014901161194e-01
4.073999884779411218e-06,0.000000000000000000e+00
4.074499884765270252e-06,-1.000000014901161194e-01
4.074999884751129287e-06,0.000000000000000000e+00
4.075499884736988321e-06,-1.000000014901161194e-01
4.075999884722847355e-06,0.000000000000000000e+00
4.076499884708706389e-06,-1.000000014901161194e-01
4.076999884694565424e-06,-1.000000014901161194e-01
4.077499884680424458e-06,0.000000000000000000e+00
4.077999884666283492e-06,0.000000000000000000e+00
4.078499884652142526e-06,-1.000000014901161194e-01
4.078999884638001561e-06,-1.000000014901161194e-01
4.079499884623860595e-06,0.000000000000000000e+00
4.079999884609719629e-06,0.000000000000000000e+00
4.080499884595578663e-06,-1.000000014901161194e-01
4.080999884581437698e-06,-1.000000014901161194e-01
4.081499884567296732e-06,-1.000000014901161194e-01
4.081999884553155766e-06,-1.000000014901161194e-01
4.082499884539014801e-06,-1.000000014901161194e-01
4.082999884524873835e-06,-1.000000014901161194e-01
4.083499884510732869e-06,-1.000000014901161194e-01
4.083999884496591903e-06,-1.000000014901161194e-01
4.084499884482450938e-06,-1.000000014901161194e-01
4.084999884468309972e-06,-1.000000014901161194e-01
4.085499884454169006e-06,-1.000000014901161194e-01
4.085999884440028040e-06,-1.000000014901161194e-01
4.086499884425887075e-06,-1.000000014901161194e-01
4.086999884411746109e-06,-1.000000014901161194e-01
4.087499884397605143e-06,-1.000000014901161194e-01
4.087999884383464178e-06,-1.000000014901161194e-01
4.088499884369323212e-06,-1.000000014901161194e-01
4.088999884355182246e-06,0.000000000000000000e+00
4.089499884341041280e-06,-1.000000014901161194e-01
4.089999884326900315e-06,0.000000000000000000e+00
4.090499884312759349e-06,-1.000000014901161194e-01
4.090999884298618383e-06,-1.000000014901161194e-01
4.091499884284477417e-06,-1.000000014901161194e-01
4.091999884270336452e-06,0.000000000000000000e+00
4.092499884256195486e-06,-1.000000014901161194e-01
4.092999884242054520e-06,0.000000000000000000e+00
4.093499884227913554e-06,-1.000000014901161194e-01
4.093999884213772589e-06,0.000000000000000000e+00
4.094499884199631623e-06,-1.000000014901161194e-01
4.094999884185490657e-06,0.000000000000000000e+00
4.095499884171349692e-06,-1.000000014901161194e-01
4.095999884157208726e-06,-1.000000014901161194e-01
4.096499884143067760e-06,-1.000000014901161194e-01
4.096999884128926794e-06,-1.000000014901161194e-01
4.097499884114785829e-06,-1.000000014901161194e-01
4.097999884100644863e-06,-1.000000014901161194e-01
4.098499884086503897e-06,-1.000000014901161194e-01
4.098999884072362931e-06,0.000000000000000000e+00
4.099499884058221966e-06,-1.000000014901161194e-01
4.099999884044081000e-06,0.000000000000000000e+00
4.100499884029940034e-06,-1.000000014901161194e-01
4.100999884015799068e-06,0.000000000000000000e+00
4.101499884001658103e-06,-1.000000014901161194e-01
4.101999883987517137e-06,-1.000000014901161194e-01
4.102499883973376171e-06,-1.000000014901161194e-01
4.102999883959235206e-06,0.000000000000000000e+00
4.103499883945094240e-06,-1.000000014901161194e-01
4.103999883930953274e-06,-1.000000014901161194e-01
4.104499883916812308e-06,-1.000000014901161194e-01
4.104999883902671343e-06,-1.000000014901161194e-01
4.105499883888530377e-06,-1.000000014901161194e-01
4.105999883874389411e-06,0.000000000000000000e+00
4.106499883860248445e-06,-1.000000014901161194e-01
4.106999883846107480e-06,0.000000000000000000e+00
4.107499883831966514e-06,-1.000000014901161194e-01
4.107999883817825548e-06,-1.000000014901161194e-01
4.108499883803684583e-06,-1.000000014901161194e-01
4.108999883789543617e-06,-1.000000014901161194e-01
4.109499883775402651e-06,-1.000000014901161194e-01
4.109999883761261685e-06,0.000000000000000000e+00
4.110499883747120720e-06,-1.000000014901161194e-01
4.110999883732979754e-06,-1.000000014901161194e-01
4.111499883718838788e-06,-1.000000014901161194e-01
4.111999883704697822e-06,0.000000000000000000e+00
4.112499883690556857e-06,-1.000000014901161194e-01
4.112999883676415891e-06,-1.000000014901161194e-01
4.113499883662274925e-06,-1.000000014901161194e-01
4.113999883648133959e-06,-1.000000014901161194e-01
4.114499883633992994e-06,-1.000000014901161194e-01
4.114999883619852028e-06,0.000000000000000000e+00
4.115499883605711062e-06,-1.000000014901161194e-01
4.115999883591570097e-06,-1.000000014901161194e-01
4.116499883577429131e-06,-1.000000014901161194e-01
4.116999883563288165e-06,-1.000000014901161194e-01
4.117499883549147199e-06,-1.000000014901161194e-01
4.117999883535006234e-06,0.000000000000000000e+00
4.118499883520865268e-06,-1.000000014901161194e-01
4.118999883506724302e-06,-1.000000014901161194e-01
4.119499883492583336e-06,-1.000000014901161194e-01
4.119999883478442371e-06,-1.000000014901161194e-01
4.120499883464301405e-06,-1.000000014901161194e-01
4.120999883450160439e-06,0.000000000000000000e+00
4.121499883436019473e-06,-1.000000014901161194e-01
4.121999883421878508e-06,-1.000000014901161194e-01
4.122499883407737542e-06,-1.000000014901161194e-01
4.122999883393596576e-06,-1.000000014901161194e-01
4.123499883379455611e-06,-1.000000014901161194e-01
4.123999883365314645e-06,-1.000000014901161194e-01
4.124499883351173679e-06,-1.000000014901161194e-01
4.124999883337032713e-06,-1.000000014901161194e-01
4.125499883322891748e-06,-1.000000014901161194e-01
4.125999883308750782e-06,-1.000000014901161194e-01
4.126499883294609816e-06,-1.000000014901161194e-01
4.126999883280468850e-06,-1.000000014901161194e-01
4.127499883266327885e-06,-1.000000014901161194e-01
4.127999883252186919e-06,-1.000000014901161194e-01
4.128499883238045953e-06,-1.000000014901161194e-01
4.128999883223904988e-06,-1.000000014901161194e-01
4.129499883209764022e-06,-1.000000014901161194e-01
4.129999883195623056e-06,-1.000000014901161194e-01
4.130499883181482090e-06,-1.000000014901161194e-01
4.130999883167341125e-06,-1.000000014901161194e-01
4.131499883153200159e-06,-1.000000014901161194e-01
4.131999883139059193e-06,-1.000000014901161194e-01
4.132499883124918227e-06,-1.000000014901161194e-01
4.132999883110777262e-06,-1.000000014901161194e-01
4.133499883096636296e-06,-1.000000014901161194e-01
4.133999883082495330e-06,0.000000000000000000e+00
4.134499883068354364e-06,-1.000000014901161194e-01
4.134999883054213399e-06,-1.000000014901161194e-01
4.135499883040072433e-06,-1.000000014901161194e-01
4.135999883025931467e-06,0.000000000000000000e+00
4.136499883011790502e-06,0.000000000000000000e+00
4.136999882997649536e-06,0.000000000000000000e+00
4.137499882983508570e-06,0.000000000000000000e+00
4.137999882969367604e-06,0.000000000000000000e+00
4.138499882955226639e-06,-1.000000014901161194e-01
4.138999882941085673e-06,0.000000000000000000e+00
4.139499882926944707e-06,-1.000000014901161194e-01
4.139999882912803741e-06,0.000000000000000000e+00
4.140499882898662776e-06,-1.000000014901161194e-01
4.140999882884521810e-06,-1.000000014901161194e-01
4.141499882870380844e-06,-1.000000014901161194e-01
4.141999882856239878e-06,-1.000000014901161194e-01
4.142499882842098913e-06,-1.000000014901161194e-01
4.142999882827957947e-06,-1.000000014901161194e-01
4.143499882813816981e-06,-1.000000014901161194e-01
4.143999882799676016e-06,-1.000000014901161194e-01
4.144499882785535050e-06,-1.000000014901161194e-01
4.144999882771394084e-06,-1.000000014901161194e-01
4.145499882757253118e-06,-1.000000014901161194e-01
4.145999882743112153e-06,0.000000000000000000e+00
4.146499882728971187e-06,-1.000000014901161194e-01
4.146999882714830221e-06,-1.000000014901161194e-01
4.147499882700689255e-06,-1.000000014901161194e-01
4.147999882686548290e-06,0.000000000000000000e+00
4.148499882672407324e-06,-1.000000014901161194e-01
4.148999882658266358e-06,0.000000000000000000e+00
4.149499882644125393e-06,-1.000000014901161194e-01
4.149999882629984427e-06,-1.000000014901161194e-01
4.150499882615843461e-06,-1.000000014901161194e-01
4.150999882601702495e-06,-1.000000014901161194e-01
4.151499882587561530e-06,-1.000000014901161194e-01
4.151999882573420564e-06,-1.000000014901161194e-01
4.152499882559279598e-06,-1.000000014901161194e-01
4.152999882545138632e-06,-1.000000014901161194e-01
4.153499882530997667e-06,-1.000000014901161194e-01
4.153999882516856701e-06,-1.000000014901161194e-01
4.154499882502715735e-06,-1.000000014901161194e-01
4.154999882488574769e-06,-1.000000014901161194e-01
4.155499882474433804e-06,-1.000000014901161194e-01
4.155999882460292838e-06,0.000000000000000000e+00
4.156499882446151872e-06,-1.000000014901161194e-01
4.156999882432010907e-06,-1.000000014901161194e-01
4.157499882417869941e-06,-1.000000014901161194e-01
4.157999882403728975e-06,-1.000000014901161194e-01
4.158499882389588009e-06,-1.000000014901161194e-01
4.158999882375447044e-06,-1.000000014901161194e-01
4.159499882361306078e-06,-1.000000014901161194e-01
4.159999882347165112e-06,0.000000000000000000e+00
4.160499882333024146e-06,-1.000000014901161194e-01
4.160999882318883181e-06,-1.000000014901161194e-01
4.161499882304742215e-06,-1.000000014901161194e-01
4.161999882290601249e-06,0.000000000000000000e+00
4.162499882276460283e-06,-1.000000014901161194e-01
4.162999882262319318e-06,-1.000000014901161194e-01
4.163499882248178352e-06,-1.000000014901161194e-01
4.163999882234037386e-06,-1.000000014901161194e-01
4.164499882219896421e-06,-1.000000014901161194e-01
4.164999882205755455e-06,-1.000000014901161194e-01
4.165499882191614489e-06,-1.000000014901161194e-01
4.165999882177473523e-06,-1.000000014901161194e-01
4.166499882163332558e-06,-1.000000014901161194e-01
4.166999882149191592e-06,-1.000000014901161194e-01
4.167499882135050626e-06,-1.000000014901161194e-01
4.167999882120909660e-06,-1.000000014901161194e-01
4.168499882106768695e-06,-1.000000014901161194e-01
4.168999882092627729e-06,-1.000000014901161194e-01
4.169499882078486763e-06,-1.000000014901161194e-01
4.169999882064345798e-06,-1.000000014901161194e-01
4.170499882050204832e-06,-1.000000014901161194e-01
4.170999882036063866e-06,-1.000000014901161194e-01
4.171499882021922900e-06,-1.000000014901161194e-01
4.171999882007781935e-06,-1.000000014901161194e-01
4.172499881993640969e-06,-1.000000014901161194e-01
4.172999881979500003e-06,-1.000000014901161194e-01
4.173499881965359037e-06,-1.000000014901161194e-01
4.173999881951218072e-06,0.000000000000000000e+00
4.174499881937077106e-06,-1.000000014901161194e-01
4.174999881922936140e-06,-1.000000014901161194e-01
4.175499881908795174e-06,-1.000000014901161194e-01
4.175999881894654209e-06,-1.000000014901161194e-01
4.176499881880513243e-06,-1.000000014901161194e-01
4.176999881866372277e-06,-1.000000014901161194e-01
4.177499881852231312e-06,-1.000000014901161194e-01
4.177999881838090346e-06,-1.000000014901161194e-01
4.178499881823949380e-06,-1.000000014901161194e-01
4.178999881809808414e-06,0.000000000000000000e+00
4.179499881795667449e-06,-1.000000014901161194e-01
4.179999881781526483e-06,0.000000000000000000e+00
4.180499881767385517e-06,-1.000000014901161194e-01
4.180999881753244551e-06,-1.000000014901161194e-01
4.181499881739103586e-06,-1.000000014901161194e-01
4.181999881724962620e-06,0.000000000000000000e+00
4.182499881710821654e-06,-1.000000014901161194e-01
4.182999881696680688e-06,-1.000000014901161194e-01
4.183499881682539723e-06,-1.000000014901161194e-01
4.183999881668398757e-06,0.000000000000000000e+00
4.184499881654257791e-06,-1.000000014901161194e-01
4.184999881640116826e-06,-1.000000014901161194e-01
4.185499881625975860e-06,-1.000000014901161194e-01
4.185999881611834894e-06,-1.000000014901161194e-01
4.186499881597693928e-06,-1.000000014901161194e-01
4.186999881583552963e-06,-1.000000014901161194e-01
4.187499881569411997e-06,-1.000000014901161194e-01
4.187999881555271031e-06,0.000000000000000000e+00
4.188499881541130065e-06,-1.000000014901161194e-01
4.188999881526989100e-06,-1.000000014901161194e-01
4.189499881512848134e-06,-1.000000014901161194e-01
4.189999881498707168e-06,-1.000000014901161194e-01
4.190499881484566203e-06,-1.000000014901161194e-01
4.190999881470425237e-06,-1.000000014901161194e-01
4.191499881456284271e-06,-1.000000014901161194e-01
4.191999881442143305e-06,0.000000000000000000e+00
4.192499881428002340e-06,-1.000000014901161194e-01
4.192999881413861374e-06,-1.000000014901161194e-01
4.193499881399720408e-06,-1.000000014901161194e-01
4.193999881385579442e-06,0.000000000000000000e+00
4.194499881371438477e-06,-1.000000014901161194e-01
4.194999881357297511e-06,-1.000000014901161194e-01
4.195499881343156545e-06,-1.000000014901161194e-01
4.195999881329015579e-06,-1.000000014901161194e-01
4.196499881314874614e-06,-1.000000014901161194e-01
4.196999881300733648e-06,-1.000000014901161194e-01
4.197499881286592682e-06,-1.000000014901161194e-01
4.197999881272451717e-06,0.000000000000000000e+00
4.198499881258310751e-06,0.000000000000000000e+00
4.198999881244169785e-06,0.000000000000000000e+00
4.199499881230028819e-06,-1.000000014901161194e-01
4.199999881215887854e-06,0.000000000000000000e+00
4.200499881201746888e-06,-1.000000014901161194e-01
4.200999881187605922e-06,-1.000000014901161194e-01
4.201499881173464956e-06,-1.000000014901161194e-01
4.201999881159323991e-06,0.000000000000000000e+00
4.202499881145183025e-06,0.000000000000000000e+00
4.202999881131042059e-06,-1.000000014901161194e-01
4.203499881116901093e-06,-1.000000014901161194e-01
4.203999881102760128e-06,-1.000000014901161194e-01
4.204499881088619162e-06,-1.000000014901161194e-01
4.204999881074478196e-06,-1.000000014901161194e-01
4.205499881060337231e-06,-1.000000014901161194e-01
4.205999881046196265e-06,-1.000000014901161194e-01
4.206499881032055299e-06,-1.000000014901161194e-01
4.206999881017914333e-06,0.000000000000000000e+00
4.207499881003773368e-06,-1.000000014901161194e-01
4.207999880989632402e-06,0.000000000000000000e+00
4.208499880975491436e-06,-1.000000014901161194e-01
4.208999880961350470e-06,-1.000000014901161194e-01
4.209499880947209505e-06,-1.000000014901161194e-01
4.209999880933068539e-06,-1.000000014901161194e-01
4.210499880918927573e-06,-1.000000014901161194e-01
4.210999880904786608e-06,0.000000000000000000e+00
4.211499880890645642e-06,-1.000000014901161194e-01
4.211999880876504676e-06,0.000000000000000000e+00
4.212499880862363710e-06,-1.000000014901161194e-01
4.212999880848222745e-06,0.000000000000000000e+00
4.213499880834081779e-06,-1.000000014901161194e-01
4.213999880819940813e-06,-1.000000014901161194e-01
4.214499880805799847e-06,-1.000000014901161194e-01
4.214999880791658882e-06,0.000000000000000000e+00
4.215499880777517916e-06,-1.000000014901161194e-01
4.215999880763376950e-06,-1.000000014901161194e-01
4.216499880749235984e-06,-1.000000014901161194e-01
4.216999880735095019e-06,-1.000000014901161194e-01
4.217499880720954053e-06,-1.000000014901161194e-01
4.217999880706813087e-06,-1.000000014901161194e-01
4.218499880692672122e-06,-1.000000014901161194e-01
4.218999880678531156e-06,0.000000000000000000e+00
4.219499880664390190e-06,-1.000000014901161194e-01
4.219999880650249224e-06,-1.000000014901161194e-01
4.220499880636108259e-06,-1.000000014901161194e-01
4.220999880621967293e-06,0.000000000000000000e+00
4.221499880607826327e-06,-1.000000014901161194e-01
4.221999880593685361e-06,-1.000000014901161194e-01
4.222499880579544396e-06,-1.000000014901161194e-01
4.222999880565403430e-06,0.000000000000000000e+00
4.223499880551262464e-06,-1.000000014901161194e-01
4.223999880537121498e-06,-1.000000014901161194e-01
4.224499880522980533e-06,-1.000000014901161194e-01
4.224999880508839567e-06,-1.000000014901161194e-01
4.225499880494698601e-06,-1.000000014901161194e-01
4.225999880480557636e-06,0.000000000000000000e+00
4.226499880466416670e-06,-1.000000014901161194e-01
4.226999880452275704e-06,-1.000000014901161194e-01
4.227499880438134738e-06,-1.000000014901161194e-01
4.227999880423993773e-06,-1.000000014901161194e-01
4.228499880409852807e-06,-1.000000014901161194e-01
4.228999880395711841e-06,-1.000000014901161194e-01
4.229499880381570875e-06,-1.000000014901161194e-01
4.229999880367429910e-06,0.000000000000000000e+00
4.230499880353288944e-06,-1.000000014901161194e-01
4.230999880339147978e-06,0.000000000000000000e+00
4.231499880325007013e-06,-1.000000014901161194e-01
4.231999880310866047e-06,0.000000000000000000e+00
4.232499880296725081e-06,0.000000000000000000e+00
4.232999880282584115e-06,-1.000000014901161194e-01
4.233499880268443150e-06,-1.000000014901161194e-01
4.233999880254302184e-06,-1.000000014901161194e-01
4.234499880240161218e-06,0.000000000000000000e+00
4.234999880226020252e-06,-1.000000014901161194e-01
4.235499880211879287e-06,-1.000000014901161194e-01
4.235999880197738321e-06,0.000000000000000000e+00
4.236499880183597355e-06,-1.000000014901161194e-01
4.236999880169456389e-06,0.000000000000000000e+00
4.237499880155315424e-06,-1.000000014901161194e-01
4.237999880141174458e-06,-1.000000014901161194e-01
4.238499880127033492e-06,-1.000000014901161194e-01
4.238999880112892527e-06,-1.000000014901161194e-01
4.239499880098751561e-06,-1.000000014901161194e-01
4.239999880084610595e-06,-1.000000014901161194e-01
4.240499880070469629e-06,-1.000000014901161194e-01
4.240999880056328664e-06,-1.000000014901161194e-01
4.241499880042187698e-06,-1.000000014901161194e-01
4.241999880028046732e-06,-1.000000014901161194e-01
4.242499880013905766e-06,-1.000000014901161194e-01
4.242999879999764801e-06,0.000000000000000000e+00
4.243499879985623835e-06,-1.000000014901161194e-01
4.243999879971482869e-06,0.000000000000000000e+00
4.244499879957341903e-06,-1.000000014901161194e-01
4.244999879943200938e-06,0.000000000000000000e+00
4.245499879929059972e-06,-1.000000014901161194e-01
4.245999879914919006e-06,0.000000000000000000e+00
4.246499879900778041e-06,0.000000000000000000e+00
4.246999879886637075e-06,0.000000000000000000e+00
4.247499879872496109e-06,-1.000000014901161194e-01
4.247999879858355143e-06,-1.000000014901161194e-01
4.248499879844214178e-06,0.000000000000000000e+00
4.248999879830073212e-06,-1.000000014901161194e-01
4.249499879815932246e-06,-1.000000014901161194e-01
4.249999879801791280e-06,-1.000000014901161194e-01
4.250499879787650315e-06,0.000000000000000000e+00
4.250999879773509349e-06,-1.000000014901161194e-01
4.251499879759368383e-06,-1.000000014901161194e-01
4.251999879745227418e-06,0.000000000000000000e+00
4.252499879731086452e-06,-1.000000014901161194e-01
4.252999879716945486e-06,0.000000000000000000e+00
4.253499879702804520e-06,-1.000000014901161194e-01
4.253999879688663555e-06,-1.000000014901161194e-01
4.254499879674522589e-06,-1.000000014901161194e-01
4.254999879660381623e-06,-1.000000014901161194e-01
4.255499879646240657e-06,-1.000000014901161194e-01
4.255999879632099692e-06,0.000000000000000000e+00
4.256499879617958726e-06,-1.000000014901161194e-01
4.256999879603817760e-06,-1.000000014901161194e-01
4.257499879589676794e-06,-1.000000014901161194e-01
4.257999879575535829e-06,-1.000000014901161194e-01
4.258499879561394863e-06,-1.000000014901161194e-01
4.258999879547253897e-06,-1.000000014901161194e-01
4.259499879533112932e-06,-1.000000014901161194e-01
4.259999879518971966e-06,-1.000000014901161194e-01
4.260499879504831000e-06,-1.000000014901161194e-01
4.260999879490690034e-06,-1.000000014901161194e-01
4.261499879476549069e-06,-1.000000014901161194e-01
4.261999879462408103e-06,-1.000000014901161194e-01
4.262499879448267137e-06,-1.000000014901161194e-01
4.262999879434126171e-06,0.000000000000000000e+00
4.263499879419985206e-06,-1.000000014901161194e-01
4.263999879405844240e-06,0.000000000000000000e+00
4.264499879391703274e-06,-1.000000014901161194e-01
4.264999879377562308e-06,0.000000000000000000e+00
4.265499879363421343e-06,0.000000000000000000e+00
4.265999879349280377e-06,0.000000000000000000e+00
4.266499879335139411e-06,0.000000000000000000e+00
4.266999879320998446e-06,0.000000000000000000e+00
4.267499879306857480e-06,0.000000000000000000e+00
4.267999879292716514e-06,0.000000000000000000e+00
4.268499879278575548e-06,0.000000000000000000e+00
4.268999879264434583e-06,0.000000000000000000e+00
4.269499879250293617e-06,-1.000000014901161194e-01
4.269999879236152651e-06,-1.000000014901161194e-01
4.270499879222011685e-06,-1.000000014901161194e-01
4.270999879207870720e-06,-1.000000014901161194e-01
4.271499879193729754e-06,-1.000000014901161194e-01
4.271999879179588788e-06,-1.000000014901161194e-01
4.272499879165447823e-06,-1.000000014901161194e-01
4.272999879151306857e-06,-1.000000014901161194e-01
4.273499879137165891e-06,-1.000000014901161194e-01
4.273999879123024925e-06,-1.000000014901161194e-01
4.274499879108883960e-06,-1.000000014901161194e-01
4.274999879094742994e-06,0.000000000000000000e+00
4.275499879080602028e-06,-1.000000014901161194e-01
4.275999879066461062e-06,-1.000000014901161194e-01
4.276499879052320097e-06,-1.000000014901161194e-01
4.276999879038179131e-06,-1.000000014901161194e-01
4.277499879024038165e-06,-1.000000014901161194e-01
4.277999879009897199e-06,0.000000000000000000e+00
4.278499878995756234e-06,-1.000000014901161194e-01
4.278999878981615268e-06,0.000000000000000000e+00
4.279499878967474302e-06,-1.000000014901161194e-01
4.279999878953333337e-06,-1.000000014901161194e-01
4.280499878939192371e-06,0.000000000000000000e+00
4.280999878925051405e-06,-1.000000014901161194e-01
4.281499878910910439e-06,-1.000000014901161194e-01
4.281999878896769474e-06,-1.000000014901161194e-01
4.282499878882628508e-06,-1.000000014901161194e-01
4.282999878868487542e-06,-1.000000014901161194e-01
4.283499878854346576e-06,-1.000000014901161194e-01
4.283999878840205611e-06,-1.000000014901161194e-01
4.284499878826064645e-06,-1.000000014901161194e-01
4.284999878811923679e-06,-1.000000014901161194e-01
4.285499878797782713e-06,-1.000000014901161194e-01
4.285999878783641748e-06,0.000000000000000000e+00
4.286499878769500782e-06,0.000000000000000000e+00
4.286999878755359816e-06,-1.000000014901161194e-01
4.287499878741218851e-06,-1.000000014901161194e-01
4.287999878727077885e-06,-1.000000014901161194e-01
4.288499878712936919e-06,-1.000000014901161194e-01
4.288999878698795953e-06,-1.000000014901161194e-01
4.289499878684654988e-06,-1.000000014901161194e-01
4.289999878670514022e-06,-1.000000014901161194e-01
4.290499878656373056e-06,-1.000000014901161194e-01
4.290999878642232090e-06,-1.000000014901161194e-01
4.291499878628091125e-06,-1.000000014901161194e-01
4.291999878613950159e-06,-1.000000014901161194e-01
4.292499878599809193e-06,-1.000000014901161194e-01
4.292999878585668228e-06,-1.000000014901161194e-01
4.293499878571527262e-06,-1.000000014901161194e-01
4.293999878557386296e-06,-1.000000014901161194e-01
4.294499878543245330e-06,-1.000000014901161194e-01
4.294999878529104365e-06,-1.000000014901161194e-01
4.295499878514963399e-06,-1.000000014901161194e-01
4.295999878500822433e-06,0.000000000000000000e+00
4.296499878486681467e-06,-1.000000014901161194e-01
4.296999878472540502e-06,-1.000000014901161194e-01
4.297499878458399536e-06,-1.000000014901161194e-01
4.297999878444258570e-06,-1.000000014901161194e-01
4.298499878430117604e-06,-1.000000014901161194e-01
4.298999878415976639e-06,-1.000000014901161194e-01
4.299499878401835673e-06,-1.000000014901161194e-01
4.299999878387694707e-06,-1.000000014901161194e-01
4.300499878373553742e-06,-1.000000014901161194e-01
4.300999878359412776e-06,-1.000000014901161194e-01
4.301499878345271810e-06,-1.000000014901161194e-01
4.301999878331130844e-06,-1.000000014901161194e-01
4.302499878316989879e-06,-1.000000014901161194e-01
4.302999878302848913e-06,-1.000000014901161194e-01
4.303499878288707947e-06,-1.000000014901161194e-01
4.303999878274566981e-06,0.000000000000000000e+00
4.304499878260426016e-06,-1.000000014901161194e-01
4.304999878246285050e-06,-1.000000014901161194e-01
4.305499878232144084e-06,-1.000000014901161194e-01
4.305999878218003118e-06,-1.000000014901161194e-01
4.306499878203862153e-06,-1.000000014901161194e-01
4.306999878189721187e-06,0.000000000000000000e+00
4.307499878175580221e-06,-1.000000014901161194e-01
4.307999878161439256e-06,0.000000000000000000e+00
4.308499878147298290e-06,-1.000000014901161194e-01
4.308999878133157324e-06,-1.000000014901161194e-01
4.309499878119016358e-06,-1.000000014901161194e-01
4.309999878104875393e-06,0.000000000000000000e+00
4.310499878090734427e-06,-1.000000014901161194e-01
4.310999878076593461e-06,-1.000000014901161194e-01
4.311499878062452495e-06,-1.000000014901161194e-01
4.311999878048311530e-06,-1.000000014901161194e-01
4.312499878034170564e-06,-1.000000014901161194e-01
4.312999878020029598e-06,0.000000000000000000e+00
4.313499878005888633e-06,-1.000000014901161194e-01
4.313999877991747667e-06,0.000000000000000000e+00
4.314499877977606701e-06,-1.000000014901161194e-01
4.314999877963465735e-06,0.000000000000000000e+00
4.315499877949324770e-06,-1.000000014901161194e-01
4.315999877935183804e-06,0.000000000000000000e+00
4.316499877921042838e-06,-1.000000014901161194e-01
4.316999877906901872e-06,-1.000000014901161194e-01
4.317499877892760907e-06,-1.000000014901161194e-01
4.317999877878619941e-06,0.000000000000000000e+00
4.318499877864478975e-06,-1.000000014901161194e-01
4.318999877850338009e-06,-1.000000014901161194e-01
4.319499877836197044e-06,0.000000000000000000e+00
4.319999877822056078e-06,0.000000000000000000e+00
4.320499877807915112e-06,-1.000000014901161194e-01
4.320999877793774147e-06,-1.000000014901161194e-01
4.321499877779633181e-06,0.000000000000000000e+00
4.321999877765492215e-06,0.000000000000000000e+00
4.322499877751351249e-06,-1.000000014901161194e-01
4.322999877737210284e-06,0.000000000000000000e+00
4.323499877723069318e-06,0.000000000000000000e+00
4.323999877708928352e-06,0.000000000000000000e+00
4.324499877694787386e-06,-1.000000014901161194e-01
4.324999877680646421e-06,-1.000000014901161194e-01
4.325499877666505455e-06,-1.000000014901161194e-01
4.325999877652364489e-06,-1.000000014901161194e-01
4.326499877638223523e-06,-1.000000014901161194e-01
4.326999877624082558e-06,0.000000000000000000e+00
4.327499877609941592e-06,0.000000000000000000e+00
4.327999877595800626e-06,0.000000000000000000e+00
4.328499877581659661e-06,-1.000000014901161194e-01
4.328999877567518695e-06,-1.000000014901161194e-01
4.329499877553377729e-06,-1.000000014901161194e-01
4.329999877539236763e-06,-1.000000014901161194e-01
4.330499877525095798e-06,-1.000000014901161194e-01
4.330999877510954832e-06,-1.000000014901161194e-01
4.331499877496813866e-06,0.000000000000000000e+00
4.331999877482672900e-06,0.000000000000000000e+00
4.332499877468531935e-06,-1.000000014901161194e-01
4.332999877454390969e-06,-1.000000014901161194e-01
4.333499877440250003e-06,-1.000000014901161194e-01
4.333999877426109038e-06,-1.000000014901161194e-01
4.334499877411968072e-06,-1.000000014901161194e-01
4.334999877397827106e-06,-1.000000014901161194e-01
4.335499877383686140e-06,-1.000000014901161194e-01
4.335999877369545175e-06,0.000000000000000000e+00
4.336499877355404209e-06,-1.000000014901161194e-01
4.336999877341263243e-06,0.000000000000000000e+00
4.337499877327122277e-06,-1.000000014901161194e-01
4.337999877312981312e-06,0.000000000000000000e+00
4.338499877298840346e-06,-1.000000014901161194e-01
4.338999877284699380e-06,0.000000000000000000e+00
4.339499877270558414e-06,-1.000000014901161194e-01
4.339999877256417449e-06,0.000000000000000000e+00
4.340499877242276483e-06,-1.000000014901161194e-01
4.340999877228135517e-06,0.000000000000000000e+00
4.341499877213994552e-06,-1.000000014901161194e-01
4.341999877199853586e-06,-1.000000014901161194e-01
4.342499877185712620e-06,-1.000000014901161194e-01
4.342999877171571654e-06,-1.000000014901161194e-01
4.343499877157430689e-06,-1.000000014901161194e-01
4.343999877143289723e-06,-1.000000014901161194e-01
4.344499877129148757e-06,0.000000000000000000e+00
4.344999877115007791e-06,-1.000000014901161194e-01
4.345499877100866826e-06,-1.000000014901161194e-01
4.345999877086725860e-06,0.000000000000000000e+00
4.346499877072584894e-06,-1.000000014901161194e-01
4.346999877058443928e-06,0.000000000000000000e+00
4.347499877044302963e-06,-1.000000014901161194e-01
4.347999877030161997e-06,-1.000000014901161194e-01
4.348499877016021031e-06,-1.000000014901161194e-01
4.348999877001880066e-06,-1.000000014901161194e-01
4.349499876987739100e-06,-1.000000014901161194e-01
4.349999876973598134e-06,-1.000000014901161194e-01
4.350499876959457168e-06,-1.000000014901161194e-01
4.350999876945316203e-06,-1.000000014901161194e-01
4.351499876931175237e-06,-1.000000014901161194e-01
4.351999876917034271e-06,-1.000000014901161194e-01
4.352499876902893305e-06,-1.000000014901161194e-01
4.352999876888752340e-06,-1.000000014901161194e-01
4.353499876874611374e-06,-1.000000014901161194e-01
4.353999876860470408e-06,-1.000000014901161194e-01
4.354499876846329443e-06,-1.000000014901161194e-01
4.354999876832188477e-06,-1.000000014901161194e-01
4.355499876818047511e-06,-1.000000014901161194e-01
4.355999876803906545e-06,-1.000000014901161194e-01
4.356499876789765580e-06,-1.000000014901161194e-01
4.356999876775624614e-06,-1.000000014901161194e-01
4.357499876761483648e-06,-1.000000014901161194e-01
4.357999876747342682e-06,-1.000000014901161194e-01
4.358499876733201717e-06,-1.000000014901161194e-01
4.358999876719060751e-06,0.000000000000000000e+00
4.359499876704919785e-06,-1.000000014901161194e-01
4.359999876690778819e-06,0.000000000000000000e+00
4.360499876676637854e-06,-1.000000014901161194e-01
4.360999876662496888e-06,-1.000000014901161194e-01
4.361499876648355922e-06,-1.000000014901161194e-01
4.361999876634214957e-06,0.000000000000000000e+00
4.362499876620073991e-06,-1.000000014901161194e-01
4.362999876605933025e-06,-1.000000014901161194e-01
4.363499876591792059e-06,-1.000000014901161194e-01
4.363999876577651094e-06,0.000000000000000000e+00
4.364499876563510128e-06,-1.000000014901161194e-01
4.364999876549369162e-06,0.000000000000000000e+00
4.365499876535228196e-06,-1.000000014901161194e-01
4.365999876521087231e-06,-1.000000014901161194e-01
4.366499876506946265e-06,-1.000000014901161194e-01
4.366999876492805299e-06,0.000000000000000000e+00
4.367499876478664333e-06,-1.000000014901161194e-01
4.367999876464523368e-06,-1.000000014901161194e-01
4.368499876450382402e-06,-1.000000014901161194e-01
4.368999876436241436e-06,-1.000000014901161194e-01
4.369499876422100471e-06,-1.000000014901161194e-01
4.369999876407959505e-06,-1.000000014901161194e-01
4.370499876393818539e-06,-1.000000014901161194e-01
4.370999876379677573e-06,-1.000000014901161194e-01
4.371499876365536608e-06,-1.000000014901161194e-01
4.371999876351395642e-06,-1.000000014901161194e-01
4.372499876337254676e-06,-1.000000014901161194e-01
4.372999876323113710e-06,-1.000000014901161194e-01
4.373499876308972745e-06,-1.000000014901161194e-01
4.373999876294831779e-06,0.000000000000000000e+00
4.374499876280690813e-06,-1.000000014901161194e-01
4.374999876266549848e-06,-1.000000014901161194e-01
4.375499876252408882e-06,-1.000000014901161194e-01
4.375999876238267916e-06,-1.000000014901161194e-01
4.376499876224126950e-06,-1.000000014901161194e-01
4.376999876209985985e-06,0.000000000000000000e+00
4.377499876195845019e-06,-1.000000014901161194e-01
4.377999876181704053e-06,0.000000000000000000e+00
4.378499876167563087e-06,-1.000000014901161194e-01
4.378999876153422122e-06,-1.000000014901161194e-01
4.379499876139281156e-06,-1.000000014901161194e-01
4.379999876125140190e-06,-1.000000014901161194e-01
4.380499876110999224e-06,-1.000000014901161194e-01
4.380999876096858259e-06,0.000000000000000000e+00
4.381499876082717293e-06,-1.000000014901161194e-01
4.381999876068576327e-06,0.000000000000000000e+00
4.382499876054435362e-06,-1.000000014901161194e-01
4.382999876040294396e-06,0.000000000000000000e+00
4.383499876026153430e-06,-1.000000014901161194e-01
4.383999876012012464e-06,0.000000000000000000e+00
4.384499875997871499e-06,-1.000000014901161194e-01
4.384999875983730533e-06,-1.000000014901161194e-01
4.385499875969589567e-06,-1.000000014901161194e-01
4.385999875955448601e-06,-1.000000014901161194e-01
4.386499875941307636e-06,-1.000000014901161194e-01
4.386999875927166670e-06,-1.000000014901161194e-01
4.387499875913025704e-06,-1.000000014901161194e-01
4.387999875898884738e-06,-1.000000014901161194e-01
4.388499875884743773e-06,-1.000000014901161194e-01
4.388999875870602807e-06,-1.000000014901161194e-01
4.389499875856461841e-06,-1.000000014901161194e-01
4.389999875842320876e-06,-1.000000014901161194e-01
4.390499875828179910e-06,-1.000000014901161194e-01
4.390999875814038944e-06,-1.000000014901161194e-01
4.391499875799897978e-06,-1.000000014901161194e-01
4.391999875785757013e-06,-1.000000014901161194e-01
4.392499875771616047e-06,-1.000000014901161194e-01
4.392999875757475081e-06,0.000000000000000000e+00
4.393499875743334115e-06,0.000000000000000000e+00
4.393999875729193150e-06,0.000000000000000000e+00
4.394499875715052184e-06,-1.000000014901161194e-01
4.394999875700911218e-06,-1.000000014901161194e-01
4.395499875686770253e-06,-1.000000014901161194e-01
4.395999875672629287e-06,-1.000000014901161194e-01
4.396499875658488321e-06,-1.000000014901161194e-01
4.396999875644347355e-06,0.000000000000000000e+00
4.397499875630206390e-06,0.000000000000000000e+00
4.397999875616065424e-06,0.000000000000000000e+00
4.398499875601924458e-06,0.000000000000000000e+00
4.398999875587783492e-06,0.000000000000000000e+00
4.399499875573642527e-06,-1.000000014901161194e-01
4.399999875559501561e-06,-1.000000014901161194e-01
4.400499875545360595e-06,-1.000000014901161194e-01
4.400999875531219629e-06,-1.000000014901161194e-01
4.401499875517078664e-06,-1.000000014901161194e-01
4.401999875502937698e-06,-1.000000014901161194e-01
4.402499875488796732e-06,-1.000000014901161194e-01
4.402999875474655767e-06,0.000000000000000000e+00
4.403499875460514801e-06,-1.000000014901161194e-01
4.403999875446373835e-06,-1.000000014901161194e-01
4.404499875432232869e-06,-1.000000014901161194e-01
4.404999875418091904e-06,0.000000000000000000e+00
4.405499875403950938e-06,-1.000000014901161194e-01
4.405999875389809972e-06,0.000000000000000000e+00
4.406499875375669006e-06,-1.000000014901161194e-01
4.406999875361528041e-06,0.000000000000000000e+00
4.407499875347387075e-06,-1.000000014901161194e-01
4.407999875333246109e-06,-1.000000014901161194e-01
4.408499875319105143e-06,-1.000000014901161194e-01
4.408999875304964178e-06,-1.000000014901161194e-01
4.409499875290823212e-06,-1.000000014901161194e-01
4.409999875276682246e-06,-1.000000014901161194e-01
4.410499875262541281e-06,-1.000000014901161194e-01
4.410999875248400315e-06,0.000000000000000000e+00
4.411499875234259349e-06,-1.000000014901161194e-01
4.411999875220118383e-06,0.000000000000000000e+00
4.412499875205977418e-06,-1.000000014901161194e-01
4.412999875191836452e-06,0.000000000000000000e+00
4.413499875177695486e-06,-1.000000014901161194e-01
4.413999875163554520e-06,-1.000000014901161194e-01
4.414499875149413555e-06,-1.000000014901161194e-01
4.414999875135272589e-06,0.000000000000000000e+00
4.415499875121131623e-06,-1.000000014901161194e-01
4.415999875106990658e-06,-1.000000014901161194e-01
4.416499875092849692e-06,-1.000000014901161194e-01
4.416999875078708726e-06,-1.000000014901161194e-01
4.417499875064567760e-06,-1.000000014901161194e-01
4.417999875050426795e-06,-1.000000014901161194e-01
4.418499875036285829e-06,-1.000000014901161194e-01
4.418999875022144863e-06,0.000000000000000000e+00
4.419499875008003897e-06,-1.000000014901161194e-01
4.419999874993862932e-06,0.000000000000000000e+00
4.420499874979721966e-06,-1.000000014901161194e-01
4.420999874965581000e-06,0.000000000000000000e+00
4.421499874951440034e-06,-1.000000014901161194e-01
4.421999874937299069e-06,-1.000000014901161194e-01
4.422499874923158103e-06,-1.000000014901161194e-01
4.422999874909017137e-06,0.000000000000000000e+00
4.423499874894876172e-06,-1.000000014901161194e-01
4.423999874880735206e-06,0.000000000000000000e+00
4.424499874866594240e-06,-1.000000014901161194e-01
4.424999874852453274e-06,0.000000000000000000e+00
4.425499874838312309e-06,-1.000000014901161194e-01
4.425999874824171343e-06,0.000000000000000000e+00
4.426499874810030377e-06,0.000000000000000000e+00
4.426999874795889411e-06,-1.000000014901161194e-01
4.427499874781748446e-06,-1.000000014901161194e-01
4.427999874767607480e-06,0.000000000000000000e+00
4.428499874753466514e-06,-1.000000014901161194e-01
4.428999874739325548e-06,0.000000000000000000e+00
4.429499874725184583e-06,0.000000000000000000e+00
4.429999874711043617e-06,-1.000000014901161194e-01
4.430499874696902651e-06,-1.000000014901161194e-01
4.430999874682761686e-06,-1.000000014901161194e-01
4.431499874668620720e-06,-1.000000014901161194e-01
4.431999874654479754e-06,0.000000000000000000e+00
4.432499874640338788e-06,-1.000000014901161194e-01
4.432999874626197823e-06,-1.000000014901161194e-01
4.433499874612056857e-06,-1.000000014901161194e-01
4.433999874597915891e-06,0.000000000000000000e+00
4.434499874583774925e-06,-1.000000014901161194e-01
4.434999874569633960e-06,0.000000000000000000e+00
4.435499874555492994e-06,-1.000000014901161194e-01
4.435999874541352028e-06,0.000000000000000000e+00
4.436499874527211063e-06,-1.000000014901161194e-01
4.436999874513070097e-06,0.000000000000000000e+00
4.437499874498929131e-06,-1.000000014901161194e-01
4.437999874484788165e-06,-1.000000014901161194e-01
4.438499874470647200e-06,-1.000000014901161194e-01
4.438999874456506234e-06,0.000000000000000000e+00
4.439499874442365268e-06,0.000000000000000000e+00
4.439999874428224302e-06,0.000000000000000000e+00
4.440499874414083337e-06,-1.000000014901161194e-01
4.440999874399942371e-06,-1.000000014901161194e-01
4.441499874385801405e-06,-1.000000014901161194e-01
4.441999874371660439e-06,0.000000000000000000e+00
4.442499874357519474e-06,-1.000000014901161194e-01
4.442999874343378508e-06,0.000000000000000000e+00
4.443499874329237542e-06,-1.000000014901161194e-01
4.443999874315096577e-06,0.000000000000000000e+00
4.444499874300955611e-06,-1.000000014901161194e-01
4.444999874286814645e-06,-1.000000014901161194e-01
4.445499874272673679e-06,-1.000000014901161194e-01
4.445999874258532714e-06,0.000000000000000000e+00
4.446499874244391748e-06,-1.000000014901161194e-01
4.446999874230250782e-06,-1.000000014901161194e-01
4.447499874216109816e-06,-1.000000014901161194e-01
4.447999874201968851e-06,-1.000000014901161194e-01
4.448499874187827885e-06,-1.000000014901161194e-01
4.448999874173686919e-06,-1.000000014901161194e-01
4.449499874159545953e-06,-1.000000014901161194e-01
4.449999874145404988e-06,-1.000000014901161194e-01
4.450499874131264022e-06,-1.000000014901161194e-01
4.450999874117123056e-06,0.000000000000000000e+00
4.451499874102982091e-06,-1.000000014901161194e-01
4.451999874088841125e-06,0.000000000000000000e+00
4.452499874074700159e-06,-1.000000014901161194e-01
4.452999874060559193e-06,-1.000000014901161194e-01
4.453499874046418228e-06,-1.000000014901161194e-01
4.453999874032277262e-06,-1.000000014901161194e-01
4.454499874018136296e-06,-1.000000014901161194e-01
4.454999874003995330e-06,0.000000000000000000e+00
4.455499873989854365e-06,0.000000000000000000e+00
4.455999873975713399e-06,-1.000000014901161194e-01
4.456499873961572433e-06,-1.000000014901161194e-01
4.456999873947431468e-06,0.000000000000000000e+00
4.457499873933290502e-06,0.000000000000000000e+00
4.457999873919149536e-06,0.000000000000000000e+00
4.458499873905008570e-06,-1.000000014901161194e-01
4.458999873890867605e-06,0.000000000000000000e+00
4.459499873876726639e-06,-1.000000014901161194e-01
4.459999873862585673e-06,0.000000000000000000e+00
4.460499873848444707e-06,-1.000000014901161194e-01
4.460999873834303742e-06,-1.000000014901161194e-01
4.461499873820162776e-06,-1.000000014901161194e-01
4.461999873806021810e-06,0.000000000000000000e+00
4.462499873791880844e-06,-1.000000014901161194e-01
4.462999873777739879e-06,-1.000000014901161194e-01
4.463499873763598913e-06,-1.000000014901161194e-01
4.463999873749457947e-06,-1.000000014901161194e-01
4.464499873735316982e-06,-1.000000014901161194e-01
4.464999873721176016e-06,-1.000000014901161194e-01
4.465499873707035050e-06,-1.000000014901161194e-01
4.465999873692894084e-06,0.000000000000000000e+00
4.466499873678753119e-06,-1.000000014901161194e-01
4.466999873664612153e-06,0.000000000000000000e+00
4.467499873650471187e-06,-1.000000014901161194e-01
4.467999873636330221e-06,0.000000000000000000e+00
4.468499873622189256e-06,-1.000000014901161194e-01
4.468999873608048290e-06,0.000000000000000000e+00
4.469499873593907324e-06,-1.000000014901161194e-01
4.469999873579766358e-06,-1.000000014901161194e-01
4.470499873565625393e-06,-1.000000014901161194e-01
4.470999873551484427e-06,-1.000000014901161194e-01
4.471499873537343461e-06,-1.000000014901161194e-01
4.471999873523202496e-06,-1.000000014901161194e-01
4.472499873509061530e-06,-1.000000014901161194e-01
4.472999873494920564e-06,-1.000000014901161194e-01
4.473499873480779598e-06,-1.000000014901161194e-01
4.473999873466638633e-06,-1.000000014901161194e-01
4.474499873452497667e-06,-1.000000014901161194e-01
4.474999873438356701e-06,0.000000000000000000e+00
4.475499873424215735e-06,-1.000000014901161194e-01
4.475999873410074770e-06,0.000000000000000000e+00
4.476499873395933804e-06,-1.000000014901161194e-01
4.476999873381792838e-06,0.000000000000000000e+00
4.477499873367651873e-06,-1.000000014901161194e-01
4.477999873353510907e-06,-1.000000014901161194e-01
4.478499873339369941e-06,-1.000000014901161194e-01
4.478999873325228975e-06,0.000000000000000000e+00
4.479499873311088010e-06,-1.000000014901161194e-01
4.479999873296947044e-06,0.000000000000000000e+00
4.480499873282806078e-06,-1.000000014901161194e-01
4.480999873268665112e-06,-1.000000014901161194e-01
4.481499873254524147e-06,-1.000000014901161194e-01
4.481999873240383181e-06,-1.000000014901161194e-01
4.482499873226242215e-06,-1.000000014901161194e-01
4.482999873212101249e-06,0.000000000000000000e+00
4.483499873197960284e-06,-1.000000014901161194e-01
4.483999873183819318e-06,-1.000000014901161194e-01
4.484499873169678352e-06,-1.000000014901161194e-01
4.484999873155537387e-06,0.000000000000000000e+00
4.485499873141396421e-06,-1.000000014901161194e-01
4.485999873127255455e-06,0.000000000000000000e+00
4.486499873113114489e-06,-1.000000014901161194e-01
4.486999873098973524e-06,-1.000000014901161194e-01
4.487499873084832558e-06,-1.000000014901161194e-01
4.487999873070691592e-06,0.000000000000000000e+00
4.488499873056550626e-06,-1.000000014901161194e-01
4.488999873042409661e-06,0.000000000000000000e+00
4.489499873028268695e-06,-1.000000014901161194e-01
4.489999873014127729e-06,-1.000000014901161194e-01
4.490499872999986763e-06,-1.000000014901161194e-01
4.490999872985845798e-06,0.000000000000000000e+00
4.491499872971704832e-06,-1.000000014901161194e-01
4.491999872957563866e-06,0.000000000000000000e+00
4.492499872943422901e-06,-1.000000014901161194e-01
4.492999872929281935e-06,-1.000000014901161194e-01
4.493499872915140969e-06,-1.000000014901161194e-01
4.493999872901000003e-06,-1.000000014901161194e-01
4.494499872886859038e-06,-1.000000014901161194e-01
4.494999872872718072e-06,-1.000000014901161194e-01
4.495499872858577106e-06,-1.000000014901161194e-01
4.495999872844436140e-06,-1.000000014901161194e-01
4.496499872830295175e-06,-1.000000014901161194e-01
4.496999872816154209e-06,-1.000000014901161194e-01
4.497499872802013243e-06,-1.000000014901161194e-01
4.497999872787872278e-06,-1.000000014901161194e-01
4.498499872773731312e-06,-1.000000014901161194e-01
4.498999872759590346e-06,-1.000000014901161194e-01
4.499499872745449380e-06,-1.000000014901161194e-01
4.499999872731308415e-06,-1.000000014901161194e-01
4.500499872717167449e-06,-1.000000014901161194e-01
4.500999872703026483e-06,0.000000000000000000e+00
4.501499872688885517e-06,0.000000000000000000e+00
4.501999872674744552e-06,0.000000000000000000e+00
4.502499872660603586e-06,-1.000000014901161194e-01
4.502999872646462620e-06,0.000000000000000000e+00
4.503499872632321654e-06,-1.000000014901161194e-01
4.503999872618180689e-06,0.000000000000000000e+00
4.504499872604039723e-06,-1.000000014901161194e-01
4.504999872589898757e-06,-1.000000014901161194e-01
4.505499872575757792e-06,-1.000000014901161194e-01
4.505999872561616826e-06,0.000000000000000000e+00
4.506499872547475860e-06,-1.000000014901161194e-01
4.506999872533334894e-06,0.000000000000000000e+00
4.507499872519193929e-06,-1.000000014901161194e-01
4.507999872505052963e-06,-1.000000014901161194e-01
4.508499872490911997e-06,-1.000000014901161194e-01
4.508999872476771031e-06,0.000000000000000000e+00
4.509499872462630066e-06,-1.000000014901161194e-01
4.509999872448489100e-06,0.000000000000000000e+00
4.510499872434348134e-06,-1.000000014901161194e-01
4.510999872420207168e-06,-1.000000014901161194e-01
4.511499872406066203e-06,-1.000000014901161194e-01
4.511999872391925237e-06,-1.000000014901161194e-01
4.512499872377784271e-06,-1.000000014901161194e-01
4.512999872363643306e-06,-1.000000014901161194e-01
4.513499872349502340e-06,0.000000000000000000e+00
4.513999872335361374e-06,-1.000000014901161194e-01
4.514499872321220408e-06,0.000000000000000000e+00
4.514999872307079443e-06,0.000000000000000000e+00
4.515499872292938477e-06,-1.000000014901161194e-01
4.515999872278797511e-06,0.000000000000000000e+00
4.516499872264656545e-06,-1.000000014901161194e-01
4.516999872250515580e-06,-1.000000014901161194e-01
4.517499872236374614e-06,-1.000000014901161194e-01
4.517999872222233648e-06,0.000000000000000000e+00
4.518499872208092683e-06,-1.000000014901161194e-01
4.518999872193951717e-06,0.000000000000000000e+00
4.519499872179810751e-06,-1.000000014901161194e-01
4.519999872165669785e-06,0.000000000000000000e+00
4.520499872151528820e-06,-1.000000014901161194e-01
4.520999872137387854e-06,0.000000000000000000e+00
4.521499872123246888e-06,-1.000000014901161194e-01
4.521999872109105922e-06,0.000000000000000000e+00
4.522499872094964957e-06,-1.000000014901161194e-01
4.522999872080823991e-06,0.000000000000000000e+00
4.523499872066683025e-06,-1.000000014901161194e-01
4.523999872052542059e-06,-1.000000014901161194e-01
4.524499872038401094e-06,-1.000000014901161194e-01
4.524999872024260128e-06,-1.000000014901161194e-01
4.525499872010119162e-06,-1.000000014901161194e-01
4.525999871995978197e-06,0.000000000000000000e+00
4.526499871981837231e-06,-1.000000014901161194e-01
4.526999871967696265e-06,-1.000000014901161194e-01
4.527499871953555299e-06,-1.000000014901161194e-01
4.527999871939414334e-06,0.000000000000000000e+00
4.528499871925273368e-06,-1.000000014901161194e-01
4.528999871911132402e-06,-1.000000014901161194e-01
4.529499871896991436e-06,-1.000000014901161194e-01
4.529999871882850471e-06,0.000000000000000000e+00
4.530499871868709505e-06,-1.000000014901161194e-01
4.530999871854568539e-06,-1.000000014901161194e-01
4.531499871840427573e-06,-1.000000014901161194e-01
4.531999871826286608e-06,-1.000000014901161194e-01
4.532499871812145642e-06,-1.000000014901161194e-01
4.532999871798004676e-06,0.000000000000000000e+00
4.533499871783863711e-06,0.000000000000000000e+00
4.533999871769722745e-06,-1.000000014901161194e-01
4.534499871755581779e-06,-1.000000014901161194e-01
4.534999871741440813e-06,0.000000000000000000e+00
4.535499871727299848e-06,-1.000000014901161194e-01
4.535999871713158882e-06,-1.000000014901161194e-01
4.536499871699017916e-06,-1.000000014901161194e-01
4.536999871684876950e-06,0.000000000000000000e+00
4.537499871670735985e-06,-1.000000014901161194e-01
4.537999871656595019e-06,0.000000000000000000e+00
4.538499871642454053e-06,-1.000000014901161194e-01
4.538999871628313088e-06,-1.000000014901161194e-01
4.539499871614172122e-06,-1.000000014901161194e-01
4.539999871600031156e-06,-1.000000014901161194e-01
4.540499871585890190e-06,-1.000000014901161194e-01
4.540999871571749225e-06,-1.000000014901161194e-01
4.541499871557608259e-06,-1.000000014901161194e-01
4.541999871543467293e-06,-1.000000014901161194e-01
4.542499871529326327e-06,-1.000000014901161194e-01
4.542999871515185362e-06,-1.000000014901161194e-01
4.543499871501044396e-06,-1.000000014901161194e-01
4.543999871486903430e-06,-1.000000014901161194e-01
4.544499871472762464e-06,-1.000000014901161194e-01
4.544999871458621499e-06,-1.000000014901161194e-01
4.545499871444480533e-06,0.000000000000000000e+00
4.545999871430339567e-06,0.000000000000000000e+00
4.546499871416198602e-06,-1.000000014901161194e-01
4.546999871402057636e-06,0.000000000000000000e+00
4.547499871387916670e-06,-1.000000014901161194e-01
4.547999871373775704e-06,-1.000000014901161194e-01
4.548499871359634739e-06,-1.000000014901161194e-01
4.548999871345493773e-06,-1.000000014901161194e-01
4.549499871331352807e-06,-1.000000014901161194e-01
4.549999871317211841e-06,-1.000000014901161194e-01
4.550499871303070876e-06,-1.000000014901161194e-01
4.550999871288929910e-06,0.000000000000000000e+00
4.551499871274788944e-06,-1.000000014901161194e-01
4.551999871260647978e-06,0.000000000000000000e+00
4.552499871246507013e-06,-1.000000014901161194e-01
4.552999871232366047e-06,0.000000000000000000e+00
4.553499871218225081e-06,-1.000000014901161194e-01
4.553999871204084116e-06,0.000000000000000000e+00
4.554499871189943150e-06,0.000000000000000000e+00
4.554999871175802184e-06,0.000000000000000000e+00
4.555499871161661218e-06,0.000000000000000000e+00
4.555999871147520253e-06,-1.000000014901161194e-01
4.556499871133379287e-06,-1.000000014901161194e-01
4.556999871119238321e-06,-1.000000014901161194e-01
4.557499871105097355e-06,-1.000000014901161194e-01
4.557999871090956390e-06,-1.000000014901161194e-01
4.558499871076815424e-06,0.000000000000000000e+00
4.558999871062674458e-06,0.000000000000000000e+00
4.559499871048533493e-06,-1.000000014901161194e-01
4.559999871034392527e-06,0.000000000000000000e+00
4.560499871020251561e-06,-1.000000014901161194e-01
4.560999871006110595e-06,-1.000000014901161194e-01
4.561499870991969630e-06,-1.000000014901161194e-01
4.561999870977828664e-06,0.000000000000000000e+00
4.562499870963687698e-06,-1.000000014901161194e-01
4.562999870949546732e-06,-1.000000014901161194e-01
4.563499870935405767e-06,-1.000000014901161194e-01
4.563999870921264801e-06,-1.000000014901161194e-01
4.564499870907123835e-06,-1.000000014901161194e-01
4.564999870892982869e-06,0.000000000000000000e+00
4.565499870878841904e-06,-1.000000014901161194e-01
4.565999870864700938e-06,-1.000000014901161194e-01
4.566499870850559972e-06,-1.000000014901161194e-01
4.566999870836419007e-06,-1.000000014901161194e-01
4.567499870822278041e-06,-1.000000014901161194e-01
4.567999870808137075e-06,0.000000000000000000e+00
4.568499870793996109e-06,-1.000000014901161194e-01
4.568999870779855144e-06,0.000000000000000000e+00
4.569499870765714178e-06,-1.000000014901161194e-01
4.569999870751573212e-06,-1.000000014901161194e-01
4.570499870737432246e-06,-1.000000014901161194e-01
4.570999870723291281e-06,-1.000000014901161194e-01
4.571499870709150315e-06,-1.000000014901161194e-01
4.571999870695009349e-06,0.000000000000000000e+00
4.572499870680868383e-06,-1.000000014901161194e-01
4.572999870666727418e-06,0.000000000000000000e+00
4.573499870652586452e-06,-1.000000014901161194e-01
4.573999870638445486e-06,0.000000000000000000e+00
4.574499870624304521e-06,-1.000000014901161194e-01
4.574999870610163555e-06,-1.000000014901161194e-01
4.575499870596022589e-06,-1.000000014901161194e-01
4.575999870581881623e-06,0.000000000000000000e+00
4.576499870567740658e-06,-1.000000014901161194e-01
4.576999870553599692e-06,0.000000000000000000e+00
4.577499870539458726e-06,-1.000000014901161194e-01
4.577999870525317760e-06,-1.000000014901161194e-01
4.578499870511176795e-06,-1.000000014901161194e-01
4.578999870497035829e-06,0.000000000000000000e+00
4.579499870482894863e-06,-1.000000014901161194e-01
4.579999870468753898e-06,0.000000000000000000e+00
4.580499870454612932e-06,-1.000000014901161194e-01
4.580999870440471966e-06,0.000000000000000000e+00
4.581499870426331000e-06,-1.000000014901161194e-01
4.581999870412190035e-06,-1.000000014901161194e-01
4.582499870398049069e-06,-1.000000014901161194e-01
4.582999870383908103e-06,-1.000000014901161194e-01
4.583499870369767137e-06,-1.000000014901161194e-01
4.583999870355626172e-06,0.000000000000000000e+00
4.584499870341485206e-06,-1.000000014901161194e-01
4.584999870327344240e-06,0.000000000000000000e+00
4.585499870313203274e-06,-1.000000014901161194e-01
4.585999870299062309e-06,-1.000000014901161194e-01
4.586499870284921343e-06,-1.000000014901161194e-01
4.586999870270780377e-06,0.000000000000000000e+00
4.587499870256639412e-06,-1.000000014901161194e-01
4.587999870242498446e-06,0.000000000000000000e+00
4.588499870228357480e-06,-1.000000014901161194e-01
4.588999870214216514e-06,-1.000000014901161194e-01
4.589499870200075549e-06,-1.000000014901161194e-01
4.589999870185934583e-06,-1.000000014901161194e-01
4.590499870171793617e-06,-1.000000014901161194e-01
4.590999870157652651e-06,-1.000000014901161194e-01
4.591499870143511686e-06,-1.000000014901161194e-01
4.591999870129370720e-06,-1.000000014901161194e-01
4.592499870115229754e-06,-1.000000014901161194e-01
4.592999870101088788e-06,-1.000000014901161194e-01
4.593499870086947823e-06,-1.000000014901161194e-01
4.593999870072806857e-06,0.000000000000000000e+00
4.594499870058665891e-06,-1.000000014901161194e-01
4.594999870044524926e-06,-1.000000014901161194e-01
4.595499870030383960e-06,-1.000000014901161194e-01
4.595999870016242994e-06,-1.000000014901161194e-01
4.596499870002102028e-06,-1.000000014901161194e-01
4.596999869987961063e-06,-1.000000014901161194e-01
4.597499869973820097e-06,-1.000000014901161194e-01
4.597999869959679131e-06,-1.000000014901161194e-01
4.598499869945538165e-06,-1.000000014901161194e-01
4.598999869931397200e-06,-1.000000014901161194e-01
4.599499869917256234e-06,-1.000000014901161194e-01
4.599999869903115268e-06,-1.000000014901161194e-01
4.600499869888974303e-06,-1.000000014901161194e-01
4.600999869874833337e-06,-1.000000014901161194e-01
4.601499869860692371e-06,-1.000000014901161194e-01
4.601999869846551405e-06,-1.000000014901161194e-01
4.602499869832410440e-06,-1.000000014901161194e-01
4.602999869818269474e-06,-1.000000014901161194e-01
4.603499869804128508e-06,-1.000000014901161194e-01
4.603999869789987542e-06,-1.000000014901161194e-01
4.604499869775846577e-06,-1.000000014901161194e-01
4.604999869761705611e-06,-1.000000014901161194e-01
4.605499869747564645e-06,-1.000000014901161194e-01
4.605999869733423679e-06,-1.000000014901161194e-01
4.606499869719282714e-06,-1.000000014901161194e-01
4.606999869705141748e-06,-1.000000014901161194e-01
4.607499869691000782e-06,-1.000000014901161194e-01
4.607999869676859817e-06,-1.000000014901161194e-01
4.608499869662718851e-06,-1.000000014901161194e-01
4.608999869648577885e-06,-1.000000014901161194e-01
4.609499869634436919e-06,-1.000000014901161194e-01
4.609999869620295954e-06,-1.000000014901161194e-01
4.610499869606154988e-06,-1.000000014901161194e-01
4.610999869592014022e-06,-1.000000014901161194e-01
4.611499869577873056e-06,-1.000000014901161194e-01
4.611999869563732091e-06,0.000000000000000000e+00
4.612499869549591125e-06,-1.000000014901161194e-01
4.612999869535450159e-06,-1.000000014901161194e-01
4.613499869521309193e-06,-1.000000014901161194e-01
4.613999869507168228e-06,-1.000000014901161194e-01
4.614499869493027262e-06,-1.000000014901161194e-01
4.614999869478886296e-06,0.000000000000000000e+00
4.615499869464745331e-06,-1.000000014901161194e-01
4.615999869450604365e-06,0.000000000000000000e+00
4.616499869436463399e-06,-1.000000014901161194e-01
4.616999869422322433e-06,0.000000000000000000e+00
4.617499869408181468e-06,0.000000000000000000e+00
4.617999869394040502e-06,0.000000000000000000e+00
4.618499869379899536e-06,-1.000000014901161194e-01
4.618999869365758570e-06,-1.000000014901161194e-01
4.619499869351617605e-06,-1.000000014901161194e-01
4.619999869337476639e-06,-1.000000014901161194e-01
4.620499869323335673e-06,-1.000000014901161194e-01
4.620999869309194708e-06,-1.000000014901161194e-01
4.621499869295053742e-06,-1.000000014901161194e-01
4.621999869280912776e-06,0.000000000000000000e+00
4.622499869266771810e-06,-1.000000014901161194e-01
4.622999869252630845e-06,-1.000000014901161194e-01
4.623499869238489879e-06,-1.000000014901161194e-01
4.623999869224348913e-06,0.000000000000000000e+00
4.624499869210207947e-06,-1.000000014901161194e-01
4.624999869196066982e-06,0.000000000000000000e+00
4.625499869181926016e-06,-1.000000014901161194e-01
4.625999869167785050e-06,0.000000000000000000e+00
4.626499869153644084e-06,-1.000000014901161194e-01
4.626999869139503119e-06,-1.000000014901161194e-01
4.627499869125362153e-06,-1.000000014901161194e-01
4.627999869111221187e-06,0.000000000000000000e+00
4.628499869097080222e-06,-1.000000014901161194e-01
4.628999869082939256e-06,0.000000000000000000e+00
4.629499869068798290e-06,-1.000000014901161194e-01
4.629999869054657324e-06,-1.000000014901161194e-01
4.630499869040516359e-06,-1.000000014901161194e-01
4.630999869026375393e-06,-1.000000014901161194e-01
4.631499869012234427e-06,-1.000000014901161194e-01
4.631999868998093461e-06,-1.000000014901161194e-01
4.632499868983952496e-06,-1.000000014901161194e-01
4.632999868969811530e-06,0.000000000000000000e+00
4.633499868955670564e-06,-1.000000014901161194e-01
4.633999868941529598e-06,0.000000000000000000e+00
4.634499868927388633e-06,-1.000000014901161194e-01
4.634999868913247667e-06,0.000000000000000000e+00
4.635499868899106701e-06,0.000000000000000000e+00
4.635999868884965736e-06,0.000000000000000000e+00
4.636499868870824770e-06,0.000000000000000000e+00
4.636999868856683804e-06,0.000000000000000000e+00
4.637499868842542838e-06,0.000000000000000000e+00
4.637999868828401873e-06,0.000000000000000000e+00
4.638499868814260907e-06,-1.000000014901161194e-01
4.638999868800119941e-06,-1.000000014901161194e-01
4.639499868785978975e-06,-1.000000014901161194e-01
4.639999868771838010e-06,-1.000000014901161194e-01
4.640499868757697044e-06,0.000000000000000000e+00
4.640999868743556078e-06,0.000000000000000000e+00
4.641499868729415113e-06,-1.000000014901161194e-01
4.641999868715274147e-06,-1.000000014901161194e-01
4.642499868701133181e-06,-1.000000014901161194e-01
4.642999868686992215e-06,0.000000000000000000e+00
4.643499868672851250e-06,-1.000000014901161194e-01
4.643999868658710284e-06,0.000000000000000000e+00
4.644499868644569318e-06,0.000000000000000000e+00
4.644999868630428352e-06,0.000000000000000000e+00
4.645499868616287387e-06,0.000000000000000000e+00
4.645999868602146421e-06,0.000000000000000000e+00
4.646499868588005455e-06,-1.000000014901161194e-01
4.646999868573864489e-06,0.000000000000000000e+00
4.647499868559723524e-06,-1.000000014901161194e-01
4.647999868545582558e-06,0.000000000000000000e+00
4.648499868531441592e-06,-1.000000014901161194e-01
4.648999868517300627e-06,0.000000000000000000e+00
4.649499868503159661e-06,-1.000000014901161194e-01
4.649999868489018695e-06,-1.000000014901161194e-01
4.650499868474877729e-06,-1.000000014901161194e-01
4.650999868460736764e-06,-1.000000014901161194e-01
4.651499868446595798e-06,-1.000000014901161194e-01
4.651999868432454832e-06,-1.000000014901161194e-01
4.652499868418313866e-06,-1.000000014901161194e-01
4.652999868404172901e-06,0.000000000000000000e+00
4.653499868390031935e-06,-1.000000014901161194e-01
4.653999868375890969e-06,0.000000000000000000e+00
4.654499868361750003e-06,-1.000000014901161194e-01
4.654999868347609038e-06,0.000000000000000000e+00
4.655499868333468072e-06,-1.000000014901161194e-01
4.655999868319327106e-06,-1.000000014901161194e-01
4.656499868305186141e-06,-1.000000014901161194e-01
4.656999868291045175e-06,0.000000000000000000e+00
4.657499868276904209e-06,-1.000000014901161194e-01
4.657999868262763243e-06,-1.000000014901161194e-01
4.658499868248622278e-06,-1.000000014901161194e-01
4.658999868234481312e-06,-1.000000014901161194e-01
4.659499868220340346e-06,-1.000000014901161194e-01
4.659999868206199380e-06,0.000000000000000000e+00
4.660499868192058415e-06,-1.000000014901161194e-01
4.660999868177917449e-06,-1.000000014901161194e-01
4.661499868163776483e-06,-1.000000014901161194e-01
4.661999868149635518e-06,0.000000000000000000e+00
4.662499868135494552e-06,-1.000000014901161194e-01
4.662999868121353586e-06,-1.000000014901161194e-01
4.663499868107212620e-06,-1.000000014901161194e-01
4.663999868093071655e-06,-1.000000014901161194e-01
4.664499868078930689e-06,-1.000000014901161194e-01
4.664999868064789723e-06,0.000000000000000000e+00
4.665499868050648757e-06,-1.000000014901161194e-01
4.665999868036507792e-06,-1.000000014901161194e-01
4.666499868022366826e-06,-1.000000014901161194e-01
4.666999868008225860e-06,0.000000000000000000e+00
4.667499867994084894e-06,-1.000000014901161194e-01
4.667999867979943929e-06,-1.000000014901161194e-01
4.668499867965802963e-06,-1.000000014901161194e-01
4.668999867951661997e-06,-1.000000014901161194e-01
4.669499867937521032e-06,-1.000000014901161194e-01
4.669999867923380066e-06,0.000000000000000000e+00
4.670499867909239100e-06,-1.000000014901161194e-01
4.670999867895098134e-06,0.000000000000000000e+00
4.671499867880957169e-06,-1.000000014901161194e-01
4.671999867866816203e-06,-1.000000014901161194e-01
4.672499867852675237e-06,-1.000000014901161194e-01
4.672999867838534271e-06,0.000000000000000000e+00
4.673499867824393306e-06,-1.000000014901161194e-01
4.673999867810252340e-06,0.000000000000000000e+00
4.674499867796111374e-06,-1.000000014901161194e-01
4.674999867781970408e-06,-1.000000014901161194e-01
4.675499867767829443e-06,-1.000000014901161194e-01
4.675999867753688477e-06,0.000000000000000000e+00
4.676499867739547511e-06,0.000000000000000000e+00
4.676999867725406546e-06,-1.000000014901161194e-01
4.677499867711265580e-06,-1.000000014901161194e-01
4.677999867697124614e-06,-1.000000014901161194e-01
4.678499867682983648e-06,-1.000000014901161194e-01
4.678999867668842683e-06,0.000000000000000000e+00
4.679499867654701717e-06,-1.000000014901161194e-01
4.679999867640560751e-06,0.000000000000000000e+00
4.680499867626419785e-06,-1.000000014901161194e-01
4.680999867612278820e-06,0.000000000000000000e+00
4.681499867598137854e-06,-1.000000014901161194e-01
4.681999867583996888e-06,-1.000000014901161194e-01
4.682499867569855923e-06,-1.000000014901161194e-01
4.682999867555714957e-06,-1.000000014901161194e-01
4.683499867541573991e-06,-1.000000014901161194e-01
4.683999867527433025e-06,-1.000000014901161194e-01
4.684499867513292060e-06,-1.000000014901161194e-01
4.684999867499151094e-06,0.000000000000000000e+00
4.685499867485010128e-06,-1.000000014901161194e-01
4.685999867470869162e-06,-1.000000014901161194e-01
4.686499867456728197e-06,-1.000000014901161194e-01
4.686999867442587231e-06,-1.000000014901161194e-01
4.687499867428446265e-06,-1.000000014901161194e-01
4.687999867414305299e-06,-1.000000014901161194e-01
4.688499867400164334e-06,-1.000000014901161194e-01
4.688999867386023368e-06,-1.000000014901161194e-01
4.689499867371882402e-06,-1.000000014901161194e-01
4.689999867357741437e-06,-1.000000014901161194e-01
4.690499867343600471e-06,-1.000000014901161194e-01
4.690999867329459505e-06,-1.000000014901161194e-01
4.691499867315318539e-06,-1.000000014901161194e-01
4.691999867301177574e-06,-1.000000014901161194e-01
4.692499867287036608e-06,-1.000000014901161194e-01
4.692999867272895642e-06,-1.000000014901161194e-01
4.693499867258754676e-06,-1.000000014901161194e-01
4.693999867244613711e-06,0.000000000000000000e+00
4.694499867230472745e-06,-1.000000014901161194e-01
4.694999867216331779e-06,0.000000000000000000e+00
4.695499867202190813e-06,-1.000000014901161194e-01
4.695999867188049848e-06,0.000000000000000000e+00
4.696499867173908882e-06,-1.000000014901161194e-01
4.696999867159767916e-06,0.000000000000000000e+00
4.697499867145626951e-06,-1.000000014901161194e-01
4.697999867131485985e-06,-1.000000014901161194e-01
4.698499867117345019e-06,-1.000000014901161194e-01
4.698999867103204053e-06,0.000000000000000000e+00
4.699499867089063088e-06,-1.000000014901161194e-01
4.699999867074922122e-06,0.000000000000000000e+00
4.700499867060781156e-06,-1.000000014901161194e-01
4.700999867046640190e-06,0.000000000000000000e+00
4.701499867032499225e-06,-1.000000014901161194e-01
4.701999867018358259e-06,0.000000000000000000e+00
4.702499867004217293e-06,-1.000000014901161194e-01
4.702999866990076328e-06,-1.000000014901161194e-01
4.703499866975935362e-06,-1.000000014901161194e-01
4.703999866961794396e-06,-1.000000014901161194e-01
4.704499866947653430e-06,-1.000000014901161194e-01
4.704999866933512465e-06,-1.000000014901161194e-01
4.705499866919371499e-06,-1.000000014901161194e-01
4.705999866905230533e-06,-1.000000014901161194e-01
4.706499866891089567e-06,-1.000000014901161194e-01
4.706999866876948602e-06,-1.000000014901161194e-01
4.707499866862807636e-06,-1.000000014901161194e-01
4.707999866848666670e-06,-1.000000014901161194e-01
4.708499866834525704e-06,0.000000000000000000e+00
4.708999866820384739e-06,0.000000000000000000e+00
4.709499866806243773e-06,-1.000000014901161194e-01
4.709999866792102807e-06,0.000000000000000000e+00
4.710499866777961842e-06,-1.000000014901161194e-01
4.710999866763820876e-06,0.000000000000000000e+00
4.711499866749679910e-06,-1.000000014901161194e-01
4.711999866735538944e-06,-1.000000014901161194e-01
4.712499866721397979e-06,-1.000000014901161194e-01
4.712999866707257013e-06,-1.000000014901161194e-01
4.713499866693116047e-06,-1.000000014901161194e-01
4.713999866678975081e-06,-1.000000014901161194e-01
4.714499866664834116e-06,-1.000000014901161194e-01
4.714999866650693150e-06,-1.000000014901161194e-01
4.715499866636552184e-06,-1.000000014901161194e-01
4.715999866622411218e-06,-1.000000014901161194e-01
4.716499866608270253e-06,-1.000000014901161194e-01
4.716999866594129287e-06,-1.000000014901161194e-01
4.717499866579988321e-06,-1.000000014901161194e-01
4.717999866565847356e-06,-1.000000014901161194e-01
4.718499866551706390e-06,-1.000000014901161194e-01
4.718999866537565424e-06,-1.000000014901161194e-01
4.719499866523424458e-06,-1.000000014901161194e-01
4.719999866509283493e-06,-1.000000014901161194e-01
4.720499866495142527e-06,-1.000000014901161194e-01
4.720999866481001561e-06,-1.000000014901161194e-01
4.721499866466860595e-06,-1.000000014901161194e-01
4.721999866452719630e-06,-1.000000014901161194e-01
4.722499866438578664e-06,-1.000000014901161194e-01
4.722999866424437698e-06,-1.000000014901161194e-01
4.723499866410296733e-06,-1.000000014901161194e-01
4.723999866396155767e-06,-1.000000014901161194e-01
4.724499866382014801e-06,-1.000000014901161194e-01
4.724999866367873835e-06,0.000000000000000000e+00
4.725499866353732870e-06,-1.000000014901161194e-01
4.725999866339591904e-06,-1.000000014901161194e-01
4.726499866325450938e-06,-1.000000014901161194e-01
4.726999866311309972e-06,0.000000000000000000e+00
4.727499866297169007e-06,-1.000000014901161194e-01
4.727999866283028041e-06,-1.000000014901161194e-01
4.728499866268887075e-06,-1.000000014901161194e-01
4.728999866254746109e-06,0.000000000000000000e+00
4.729499866240605144e-06,-1.000000014901161194e-01
4.729999866226464178e-06,0.000000000000000000e+00
4.730499866212323212e-06,-1.000000014901161194e-01
4.730999866198182247e-06,-1.000000014901161194e-01
4.731499866184041281e-06,-1.000000014901161194e-01
4.731999866169900315e-06,0.000000000000000000e+00
4.732499866155759349e-06,-1.000000014901161194e-01
4.732999866141618384e-06,0.000000000000000000e+00
4.733499866127477418e-06,-1.000000014901161194e-01
4.733999866113336452e-06,-1.000000014901161194e-01
4.734499866099195486e-06,-1.000000014901161194e-01
4.734999866085054521e-06,-1.000000014901161194e-01
4.735499866070913555e-06,-1.000000014901161194e-01
4.735999866056772589e-06,-1.000000014901161194e-01
4.736499866042631623e-06,-1.000000014901161194e-01
4.736999866028490658e-06,0.000000000000000000e+00
4.737499866014349692e-06,0.000000000000000000e+00
4.737999866000208726e-06,-1.000000014901161194e-01
4.738499865986067761e-06,-1.000000014901161194e-01
4.738999865971926795e-06,-1.000000014901161194e-01
4.739499865957785829e-06,-1.000000014901161194e-01
4.739999865943644863e-06,-1.000000014901161194e-01
4.740499865929503898e-06,-1.000000014901161194e-01
4.740999865915362932e-06,-1.000000014901161194e-01
4.741499865901221966e-06,-1.000000014901161194e-01
4.741999865887081000e-06,-1.000000014901161194e-01
4.742499865872940035e-06,-1.000000014901161194e-01
4.742999865858799069e-06,-1.000000014901161194e-01
4.743499865844658103e-06,0.000000000000000000e+00
4.743999865830517138e-06,0.000000000000000000e+00
4.744499865816376172e-06,-1.000000014901161194e-01
4.744999865802235206e-06,0.000000000000000000e+00
4.745499865788094240e-06,-1.000000014901161194e-01
4.745999865773953275e-06,0.000000000000000000e+00
4.746499865759812309e-06,-1.000000014901161194e-01
4.746999865745671343e-06,-1.000000014901161194e-01
4.747499865731530377e-06,-1.000000014901161194e-01
4.747999865717389412e-06,-1.000000014901161194e-01
4.748499865703248446e-06,-1.000000014901161194e-01
4.748999865689107480e-06,-1.000000014901161194e-01
4.749499865674966514e-06,-1.000000014901161194e-01
4.749999865660825549e-06,0.000000000000000000e+00
4.750499865646684583e-06,-1.000000014901161194e-01
4.750999865632543617e-06,0.000000000000000000e+00
4.751499865618402652e-06,-1.000000014901161194e-01
4.751999865604261686e-06,-1.000000014901161194e-01
4.752499865590120720e-06,-1.000000014901161194e-01
4.752999865575979754e-06,-1.000000014901161194e-01
4.753499865561838789e-06,-1.000000014901161194e-01
4.753999865547697823e-06,-1.000000014901161194e-01
4.754499865533556857e-06,-1.000000014901161194e-01
4.754999865519415891e-06,-1.000000014901161194e-01
4.755499865505274926e-06,-1.000000014901161194e-01
4.755999865491133960e-06,0.000000000000000000e+00
4.756499865476992994e-06,-1.000000014901161194e-01
4.756999865462852028e-06,-1.000000014901161194e-01
4.757499865448711063e-06,-1.000000014901161194e-01
4.757999865434570097e-06,-1.000000014901161194e-01
4.758499865420429131e-06,-1.000000014901161194e-01
4.758999865406288166e-06,-1.000000014901161194e-01
4.759499865392147200e-06,-1.000000014901161194e-01
4.759999865378006234e-06,0.000000000000000000e+00
4.760499865363865268e-06,-1.000000014901161194e-01
4.760999865349724303e-06,-1.000000014901161194e-01
4.761499865335583337e-06,-1.000000014901161194e-01
4.761999865321442371e-06,0.000000000000000000e+00
4.762499865307301405e-06,-1.000000014901161194e-01
4.762999865293160440e-06,-1.000000014901161194e-01
4.763499865279019474e-06,-1.000000014901161194e-01
4.763999865264878508e-06,0.000000000000000000e+00
4.764499865250737543e-06,-1.000000014901161194e-01
4.764999865236596577e-06,0.000000000000000000e+00
4.765499865222455611e-06,-1.000000014901161194e-01
4.765999865208314645e-06,0.000000000000000000e+00
4.766499865194173680e-06,-1.000000014901161194e-01
4.766999865180032714e-06,-1.000000014901161194e-01
4.767499865165891748e-06,-1.000000014901161194e-01
4.767999865151750782e-06,0.000000000000000000e+00
4.768499865137609817e-06,-1.000000014901161194e-01
4.768999865123468851e-06,-1.000000014901161194e-01
4.769499865109327885e-06,-1.000000014901161194e-01
4.769999865095186919e-06,-1.000000014901161194e-01
4.770499865081045954e-06,-1.000000014901161194e-01
4.770999865066904988e-06,-1.000000014901161194e-01
4.771499865052764022e-06,-1.000000014901161194e-01
4.771999865038623057e-06,0.000000000000000000e+00
4.772499865024482091e-06,0.000000000000000000e+00
4.772999865010341125e-06,0.000000000000000000e+00
4.773499864996200159e-06,-1.000000014901161194e-01
4.773999864982059194e-06,-1.000000014901161194e-01
4.774499864967918228e-06,-1.000000014901161194e-01
4.774999864953777262e-06,-1.000000014901161194e-01
4.775499864939636296e-06,-1.000000014901161194e-01
4.775999864925495331e-06,-1.000000014901161194e-01
4.776499864911354365e-06,-1.000000014901161194e-01
4.776999864897213399e-06,0.000000000000000000e+00
4.777499864883072433e-06,-1.000000014901161194e-01
4.777999864868931468e-06,-1.000000014901161194e-01
4.778499864854790502e-06,0.000000000000000000e+00
4.778999864840649536e-06,0.000000000000000000e+00
4.779499864826508571e-06,-1.000000014901161194e-01
4.779999864812367605e-06,-1.000000014901161194e-01
4.780499864798226639e-06,-1.000000014901161194e-01
4.780999864784085673e-06,-1.000000014901161194e-01
4.781499864769944708e-06,-1.000000014901161194e-01
4.781999864755803742e-06,-1.000000014901161194e-01
4.782499864741662776e-06,-1.000000014901161194e-01
4.782999864727521810e-06,-1.000000014901161194e-01
4.783499864713380845e-06,-1.000000014901161194e-01
4.783999864699239879e-06,0.000000000000000000e+00
4.784499864685098913e-06,-1.000000014901161194e-01
4.784999864670957948e-06,0.000000000000000000e+00
4.785499864656816982e-06,-1.000000014901161194e-01
4.785999864642676016e-06,-1.000000014901161194e-01
4.786499864628535050e-06,-1.000000014901161194e-01
4.786999864614394085e-06,-1.000000014901161194e-01
4.787499864600253119e-06,-1.000000014901161194e-01
4.787999864586112153e-06,-1.000000014901161194e-01
4.788499864571971187e-06,-1.000000014901161194e-01
4.788999864557830222e-06,-1.000000014901161194e-01
4.789499864543689256e-06,-1.000000014901161194e-01
4.789999864529548290e-06,-1.000000014901161194e-01
4.790499864515407324e-06,-1.000000014901161194e-01
4.790999864501266359e-06,-1.000000014901161194e-01
4.791499864487125393e-06,-1.000000014901161194e-01
4.791999864472984427e-06,0.000000000000000000e+00
4.792499864458843462e-06,-1.000000014901161194e-01
4.792999864444702496e-06,-1.000000014901161194e-01
4.793499864430561530e-06,-1.000000014901161194e-01
4.793999864416420564e-06,-1.000000014901161194e-01
4.794499864402279599e-06,-1.000000014901161194e-01
4.794999864388138633e-06,0.000000000000000000e+00
4.795499864373997667e-06,-1.000000014901161194e-01
4.795999864359856701e-06,-1.000000014901161194e-01
4.796499864345715736e-06,-1.000000014901161194e-01
4.796999864331574770e-06,0.000000000000000000e+00
4.797499864317433804e-06,-1.000000014901161194e-01
4.797999864303292838e-06,-1.000000014901161194e-01
4.798499864289151873e-06,-1.000000014901161194e-01
4.798999864275010907e-06,0.000000000000000000e+00
4.799499864260869941e-06,-1.000000014901161194e-01
4.799999864246728976e-06,-1.000000014901161194e-01
4.800499864232588010e-06,-1.000000014901161194e-01
4.800999864218447044e-06,-1.000000014901161194e-01
4.801499864204306078e-06,-1.000000014901161194e-01
4.801999864190165113e-06,-1.000000014901161194e-01
4.802499864176024147e-06,-1.000000014901161194e-01
4.802999864161883181e-06,-1.000000014901161194e-01
4.803499864147742215e-06,-1.000000014901161194e-01
4.803999864133601250e-06,0.000000000000000000e+00
4.804499864119460284e-06,-1.000000014901161194e-01
4.804999864105319318e-06,-1.000000014901161194e-01
4.805499864091178353e-06,-1.000000014901161194e-01
4.805999864077037387e-06,-1.000000014901161194e-01
4.806499864062896421e-06,-1.000000014901161194e-01
4.806999864048755455e-06,-1.000000014901161194e-01
4.807499864034614490e-06,-1.000000014901161194e-01
4.807999864020473524e-06,0.000000000000000000e+00
4.808499864006332558e-06,-1.000000014901161194e-01
4.808999863992191592e-06,-1.000000014901161194e-01
4.809499863978050627e-06,-1.000000014901161194e-01
4.809999863963909661e-06,-1.000000014901161194e-01
4.810499863949768695e-06,-1.000000014901161194e-01
4.810999863935627729e-06,0.000000000000000000e+00
4.811499863921486764e-06,-1.000000014901161194e-01
4.811999863907345798e-06,0.000000000000000000e+00
4.812499863893204832e-06,-1.000000014901161194e-01
4.812999863879063867e-06,0.000000000000000000e+00
4.813499863864922901e-06,-1.000000014901161194e-01
4.813999863850781935e-06,-1.000000014901161194e-01
4.814499863836640969e-06,-1.000000014901161194e-01
4.814999863822500004e-06,-1.000000014901161194e-01
4.815499863808359038e-06,-1.000000014901161194e-01
4.815999863794218072e-06,-1.000000014901161194e-01
4.816499863780077106e-06,-1.000000014901161194e-01
4.816999863765936141e-06,-1.000000014901161194e-01
4.817499863751795175e-06,-1.000000014901161194e-01
4.817999863737654209e-06,0.000000000000000000e+00
4.818499863723513243e-06,-1.000000014901161194e-01
4.818999863709372278e-06,-1.000000014901161194e-01
4.819499863695231312e-06,-1.000000014901161194e-01
4.819999863681090346e-06,-1.000000014901161194e-01
4.820499863666949381e-06,-1.000000014901161194e-01
4.820999863652808415e-06,-1.000000014901161194e-01
4.821499863638667449e-06,-1.000000014901161194e-01
4.821999863624526483e-06,-1.000000014901161194e-01
4.822499863610385518e-06,-1.000000014901161194e-01
4.822999863596244552e-06,0.000000000000000000e+00
4.823499863582103586e-06,-1.000000014901161194e-01
4.823999863567962620e-06,0.000000000000000000e+00
4.824499863553821655e-06,-1.000000014901161194e-01
4.824999863539680689e-06,-1.000000014901161194e-01
4.825499863525539723e-06,-1.000000014901161194e-01
4.825999863511398758e-06,-1.000000014901161194e-01
4.826499863497257792e-06,-1.000000014901161194e-01
4.826999863483116826e-06,-1.000000014901161194e-01
4.827499863468975860e-06,-1.000000014901161194e-01
4.827999863454834895e-06,-1.000000014901161194e-01
4.828499863440693929e-06,-1.000000014901161194e-01
4.828999863426552963e-06,-1.000000014901161194e-01
4.829499863412411997e-06,-1.000000014901161194e-01
4.829999863398271032e-06,-1.000000014901161194e-01
4.830499863384130066e-06,-1.000000014901161194e-01
4.830999863369989100e-06,-1.000000014901161194e-01
4.831499863355848134e-06,-1.000000014901161194e-01
4.831999863341707169e-06,0.000000000000000000e+00
4.832499863327566203e-06,-1.000000014901161194e-01
4.832999863313425237e-06,0.000000000000000000e+00
4.833499863299284272e-06,-1.000000014901161194e-01
4.833999863285143306e-06,0.000000000000000000e+00
4.834499863271002340e-06,0.000000000000000000e+00
4.834999863256861374e-06,0.000000000000000000e+00
4.835499863242720409e-06,-1.000000014901161194e-01
4.835999863228579443e-06,-1.000000014901161194e-01
4.836499863214438477e-06,-1.000000014901161194e-01
4.836999863200297511e-06,0.000000000000000000e+00
4.837499863186156546e-06,0.000000000000000000e+00
4.837999863172015580e-06,0.000000000000000000e+00
4.838499863157874614e-06,-1.000000014901161194e-01
4.838999863143733648e-06,0.000000000000000000e+00
4.839499863129592683e-06,-1.000000014901161194e-01
4.839999863115451717e-06,0.000000000000000000e+00
4.840499863101310751e-06,0.000000000000000000e+00
4.840999863087169786e-06,0.000000000000000000e+00
4.841499863073028820e-06,-1.000000014901161194e-01
4.841999863058887854e-06,0.000000000000000000e+00
4.842499863044746888e-06,-1.000000014901161194e-01
4.842999863030605923e-06,0.000000000000000000e+00
4.843499863016464957e-06,-1.000000014901161194e-01
4.843999863002323991e-06,-1.000000014901161194e-01
4.844499862988183025e-06,-1.000000014901161194e-01
4.844999862974042060e-06,-1.000000014901161194e-01
4.845499862959901094e-06,-1.000000014901161194e-01
4.845999862945760128e-06,0.000000000000000000e+00
4.846499862931619163e-06,-1.000000014901161194e-01
4.846999862917478197e-06,0.000000000000000000e+00
4.847499862903337231e-06,-1.000000014901161194e-01
4.847999862889196265e-06,0.000000000000000000e+00
4.848499862875055300e-06,-1.000000014901161194e-01
4.848999862860914334e-06,-1.000000014901161194e-01
4.849499862846773368e-06,-1.000000014901161194e-01
4.849999862832632402e-06,-1.000000014901161194e-01
4.850499862818491437e-06,0.000000000000000000e+00
4.850999862804350471e-06,0.000000000000000000e+00
4.851499862790209505e-06,0.000000000000000000e+00
4.851999862776068539e-06,0.000000000000000000e+00
4.852499862761927574e-06,-1.000000014901161194e-01
4.852999862747786608e-06,-1.000000014901161194e-01
4.853499862733645642e-06,-1.000000014901161194e-01
4.853999862719504677e-06,-1.000000014901161194e-01
4.854499862705363711e-06,-1.000000014901161194e-01
4.854999862691222745e-06,-1.000000014901161194e-01
4.855499862677081779e-06,-1.000000014901161194e-01
4.855999862662940814e-06,-1.000000014901161194e-01
4.856499862648799848e-06,-1.000000014901161194e-01
4.856999862634658882e-06,-1.000000014901161194e-01
4.857499862620517916e-06,-1.000000014901161194e-01
4.857999862606376951e-06,-1.000000014901161194e-01
4.858499862592235985e-06,-1.000000014901161194e-01
4.858999862578095019e-06,0.000000000000000000e+00
4.859499862563954053e-06,-1.000000014901161194e-01
4.859999862549813088e-06,-1.000000014901161194e-01
4.860499862535672122e-06,-1.000000014901161194e-01
4.860999862521531156e-06,-1.000000014901161194e-01
4.861499862507390191e-06,-1.000000014901161194e-01
4.861999862493249225e-06,0.000000000000000000e+00
4.862499862479108259e-06,-1.000000014901161194e-01
4.862999862464967293e-06,0.000000000000000000e+00
4.863499862450826328e-06,-1.000000014901161194e-01
4.863999862436685362e-06,-1.000000014901161194e-01
4.864499862422544396e-06,-1.000000014901161194e-01
4.864999862408403430e-06,-1.000000014901161194e-01
4.865499862394262465e-06,-1.000000014901161194e-01
4.865999862380121499e-06,0.000000000000000000e+00
4.866499862365980533e-06,0.000000000000000000e+00
4.866999862351839568e-06,0.000000000000000000e+00
4.867499862337698602e-06,-1.000000014901161194e-01
4.867999862323557636e-06,0.000000000000000000e+00
4.868499862309416670e-06,-1.000000014901161194e-01
4.868999862295275705e-06,-1.000000014901161194e-01
4.869499862281134739e-06,-1.000000014901161194e-01
4.869999862266993773e-06,0.000000000000000000e+00
4.870499862252852807e-06,-1.000000014901161194e-01
4.870999862238711842e-06,-1.000000014901161194e-01
4.871499862224570876e-06,-1.000000014901161194e-01
4.871999862210429910e-06,-1.000000014901161194e-01
4.872499862196288944e-06,-1.000000014901161194e-01
4.872999862182147979e-06,-1.000000014901161194e-01
4.873499862168007013e-06,-1.000000014901161194e-01
4.873999862153866047e-06,0.000000000000000000e+00
4.874499862139725082e-06,0.000000000000000000e+00
4.874999862125584116e-06,0.000000000000000000e+00
4.875499862111443150e-06,0.000000000000000000e+00
4.875999862097302184e-06,0.000000000000000000e+00
4.876499862083161219e-06,-1.000000014901161194e-01
4.876999862069020253e-06,-1.000000014901161194e-01
4.877499862054879287e-06,-1.000000014901161194e-01
4.877999862040738321e-06,-1.000000014901161194e-01
4.878499862026597356e-06,-1.000000014901161194e-01
4.878999862012456390e-06,-1.000000014901161194e-01
4.879499861998315424e-06,-1.000000014901161194e-01
4.879999861984174458e-06,-1.000000014901161194e-01
4.880499861970033493e-06,-1.000000014901161194e-01
4.880999861955892527e-06,-1.000000014901161194e-01
4.881499861941751561e-06,-1.000000014901161194e-01
4.881999861927610596e-06,-1.000000014901161194e-01
4.882499861913469630e-06,-1.000000014901161194e-01
4.882999861899328664e-06,-1.000000014901161194e-01
4.883499861885187698e-06,-1.000000014901161194e-01
4.883999861871046733e-06,-1.000000014901161194e-01
4.884499861856905767e-06,-1.000000014901161194e-01
4.884999861842764801e-06,0.000000000000000000e+00
4.885499861828623835e-06,-1.000000014901161194e-01
4.885999861814482870e-06,0.000000000000000000e+00
4.886499861800341904e-06,-1.000000014901161194e-01
4.886999861786200938e-06,0.000000000000000000e+00
4.887499861772059973e-06,-1.000000014901161194e-01
4.887999861757919007e-06,0.000000000000000000e+00
4.888499861743778041e-06,-1.000000014901161194e-01
4.888999861729637075e-06,-1.000000014901161194e-01
4.889499861715496110e-06,-1.000000014901161194e-01
4.889999861701355144e-06,-1.000000014901161194e-01
4.890499861687214178e-06,-1.000000014901161194e-01
4.890999861673073212e-06,-1.000000014901161194e-01
4.891499861658932247e-06,-1.000000014901161194e-01
4.891999861644791281e-06,0.000000000000000000e+00
4.892499861630650315e-06,-1.000000014901161194e-01
4.892999861616509349e-06,0.000000000000000000e+00
4.893499861602368384e-06,-1.000000014901161194e-01
4.893999861588227418e-06,0.000000000000000000e+00
4.894499861574086452e-06,-1.000000014901161194e-01
4.894999861559945487e-06,-1.000000014901161194e-01
4.895499861545804521e-06,-1.000000014901161194e-01
4.895999861531663555e-06,-1.000000014901161194e-01
4.896499861517522589e-06,-1.000000014901161194e-01
4.896999861503381624e-06,-1.000000014901161194e-01
4.897499861489240658e-06,-1.000000014901161194e-01
4.897999861475099692e-06,-1.000000014901161194e-01
4.898499861460958726e-06,-1.000000014901161194e-01
4.898999861446817761e-06,-1.000000014901161194e-01
4.899499861432676795e-06,-1.000000014901161194e-01
4.899999861418535829e-06,-1.000000014901161194e-01
4.900499861404394863e-06,-1.000000014901161194e-01
4.900999861390253898e-06,-1.000000014901161194e-01
4.901499861376112932e-06,-1.000000014901161194e-01
4.901999861361971966e-06,-1.000000014901161194e-01
4.902499861347831001e-06,-1.000000014901161194e-01
4.902999861333690035e-06,-1.000000014901161194e-01
4.903499861319549069e-06,-1.000000014901161194e-01
4.903999861305408103e-06,0.000000000000000000e+00
4.904499861291267138e-06,-1.000000014901161194e-01
4.904999861277126172e-06,-1.000000014901161194e-01
4.905499861262985206e-06,-1.000000014901161194e-01
4.905999861248844240e-06,0.000000000000000000e+00
4.906499861234703275e-06,0.000000000000000000e+00
4.906999861220562309e-06,0.000000000000000000e+00
4.907499861206421343e-06,-1.000000014901161194e-01
4.907999861192280378e-06,-1.000000014901161194e-01
4.908499861178139412e-06,-1.000000014901161194e-01
4.908999861163998446e-06,0.000000000000000000e+00
4.909499861149857480e-06,-1.000000014901161194e-01
4.909999861135716515e-06,0.000000000000000000e+00
4.910499861121575549e-06,-1.000000014901161194e-01
4.910999861107434583e-06,-1.000000014901161194e-01
4.911499861093293617e-06,-1.000000014901161194e-01
4.911999861079152652e-06,-1.000000014901161194e-01
4.912499861065011686e-06,-1.000000014901161194e-01
4.912999861050870720e-06,-1.000000014901161194e-01
4.913499861036729754e-06,-1.000000014901161194e-01
4.913999861022588789e-06,-1.000000014901161194e-01
4.914499861008447823e-06,-1.000000014901161194e-01
4.914999860994306857e-06,0.000000000000000000e+00
4.915499860980165892e-06,-1.000000014901161194e-01
4.915999860966024926e-06,0.000000000000000000e+00
4.916499860951883960e-06,-1.000000014901161194e-01
4.916999860937742994e-06,-1.000000014901161194e-01
4.917499860923602029e-06,-1.000000014901161194e-01
4.917999860909461063e-06,0.000000000000000000e+00
4.918499860895320097e-06,-1.000000014901161194e-01
4.918999860881179131e-06,0.000000000000000000e+00
4.919499860867038166e-06,-1.000000014901161194e-01
4.919999860852897200e-06,0.000000000000000000e+00
4.920499860838756234e-06,-1.000000014901161194e-01
4.920999860824615268e-06,-1.000000014901161194e-01
4.921499860810474303e-06,-1.000000014901161194e-01
4.921999860796333337e-06,-1.000000014901161194e-01
4.922499860782192371e-06,-1.000000014901161194e-01
4.922999860768051406e-06,-1.000000014901161194e-01
4.923499860753910440e-06,-1.000000014901161194e-01
4.923999860739769474e-06,0.000000000000000000e+00
4.924499860725628508e-06,-1.000000014901161194e-01
4.924999860711487543e-06,-1.000000014901161194e-01
4.925499860697346577e-06,-1.000000014901161194e-01
4.925999860683205611e-06,0.000000000000000000e+00
4.926499860669064645e-06,-1.000000014901161194e-01
4.926999860654923680e-06,-1.000000014901161194e-01
4.927499860640782714e-06,-1.000000014901161194e-01
4.927999860626641748e-06,0.000000000000000000e+00
4.928499860612500783e-06,-1.000000014901161194e-01
4.928999860598359817e-06,-1.000000014901161194e-01
4.929499860584218851e-06,-1.000000014901161194e-01
4.929999860570077885e-06,-1.000000014901161194e-01
4.930499860555936920e-06,-1.000000014901161194e-01
4.930999860541795954e-06,-1.000000014901161194e-01
4.931499860527654988e-06,-1.000000014901161194e-01
4.931999860513514022e-06,-1.000000014901161194e-01
4.932499860499373057e-06,-1.000000014901161194e-01
4.932999860485232091e-06,-1.000000014901161194e-01
4.933499860471091125e-06,-1.000000014901161194e-01
4.933999860456950159e-06,0.000000000000000000e+00
4.934499860442809194e-06,-1.000000014901161194e-01
4.934999860428668228e-06,-1.000000014901161194e-01
4.935499860414527262e-06,0.000000000000000000e+00
4.935999860400386297e-06,-1.000000014901161194e-01
4.936499860386245331e-06,-1.000000014901161194e-01
4.936999860372104365e-06,-1.000000014901161194e-01
4.937499860357963399e-06,-1.000000014901161194e-01
4.937999860343822434e-06,-1.000000014901161194e-01
4.938499860329681468e-06,-1.000000014901161194e-01
4.938999860315540502e-06,-1.000000014901161194e-01
4.939499860301399536e-06,-1.000000014901161194e-01
4.939999860287258571e-06,0.000000000000000000e+00
4.940499860273117605e-06,-1.000000014901161194e-01
4.940999860258976639e-06,0.000000000000000000e+00
4.941499860244835673e-06,-1.000000014901161194e-01
4.941999860230694708e-06,-1.000000014901161194e-01
4.942499860216553742e-06,-1.000000014901161194e-01
4.942999860202412776e-06,-1.000000014901161194e-01
4.943499860188271811e-06,-1.000000014901161194e-01
4.943999860174130845e-06,0.000000000000000000e+00
4.944499860159989879e-06,-1.000000014901161194e-01
4.944999860145848913e-06,-1.000000014901161194e-01
4.945499860131707948e-06,-1.000000014901161194e-01
4.945999860117566982e-06,0.000000000000000000e+00
4.946499860103426016e-06,-1.000000014901161194e-01
4.946999860089285050e-06,-1.000000014901161194e-01
4.947499860075144085e-06,-1.000000014901161194e-01
4.947999860061003119e-06,-1.000000014901161194e-01
4.948499860046862153e-06,-1.000000014901161194e-01
4.948999860032721188e-06,0.000000000000000000e+00
4.949499860018580222e-06,-1.000000014901161194e-01
4.949999860004439256e-06,0.000000000000000000e+00
4.950499859990298290e-06,-1.000000014901161194e-01
4.950999859976157325e-06,0.000000000000000000e+00
4.951499859962016359e-06,-1.000000014901161194e-01
4.951999859947875393e-06,-1.000000014901161194e-01
4.952499859933734427e-06,-1.000000014901161194e-01
4.952999859919593462e-06,-1.000000014901161194e-01
4.953499859905452496e-06,-1.000000014901161194e-01
4.953999859891311530e-06,0.000000000000000000e+00
4.954499859877170564e-06,-1.000000014901161194e-01
4.954999859863029599e-06,-1.000000014901161194e-01
4.955499859848888633e-06,-1.000000014901161194e-01
4.955999859834747667e-06,0.000000000000000000e+00
4.956499859820606702e-06,-1.000000014901161194e-01
4.956999859806465736e-06,0.000000000000000000e+00
4.957499859792324770e-06,-1.000000014901161194e-01
4.957999859778183804e-06,-1.000000014901161194e-01
4.958499859764042839e-06,-1.000000014901161194e-01
4.958999859749901873e-06,0.000000000000000000e+00
4.959499859735760907e-06,-1.000000014901161194e-01
4.959999859721619941e-06,-1.000000014901161194e-01
4.960499859707478976e-06,-1.000000014901161194e-01
4.960999859693338010e-06,-1.000000014901161194e-01
4.961499859679197044e-06,-1.000000014901161194e-01
4.961999859665056078e-06,0.000000000000000000e+00
4.962499859650915113e-06,-1.000000014901161194e-01
4.962999859636774147e-06,0.000000000000000000e+00
4.963499859622633181e-06,-1.000000014901161194e-01
4.963999859608492216e-06,-1.000000014901161194e-01
4.964499859594351250e-06,-1.000000014901161194e-01
4.964999859580210284e-06,-1.000000014901161194e-01
4.965499859566069318e-06,-1.000000014901161194e-01
4.965999859551928353e-06,-1.000000014901161194e-01
4.966499859537787387e-06,-1.000000014901161194e-01
4.966999859523646421e-06,-1.000000014901161194e-01
4.967499859509505455e-06,-1.000000014901161194e-01
4.967999859495364490e-06,0.000000000000000000e+00
4.968499859481223524e-06,-1.000000014901161194e-01
4.968999859467082558e-06,-1.000000014901161194e-01
4.969499859452941593e-06,-1.000000014901161194e-01
4.969999859438800627e-06,-1.000000014901161194e-01
4.970499859424659661e-06,-1.000000014901161194e-01
4.970999859410518695e-06,0.000000000000000000e+00
4.971499859396377730e-06,-1.000000014901161194e-01
4.971999859382236764e-06,-1.000000014901161194e-01
4.972499859368095798e-06,-1.000000014901161194e-01
4.972999859353954832e-06,0.000000000000000000e+00
4.973499859339813867e-06,-1.000000014901161194e-01
4.973999859325672901e-06,-1.000000014901161194e-01
4.974499859311531935e-06,-1.000000014901161194e-01
4.974999859297390969e-06,-1.000000014901161194e-01
4.975499859283250004e-06,-1.000000014901161194e-01
4.975999859269109038e-06,0.000000000000000000e+00
4.976499859254968072e-06,-1.000000014901161194e-01
4.976999859240827107e-06,0.000000000000000000e+00
4.977499859226686141e-06,0.000000000000000000e+00
4.977999859212545175e-06,-1.000000014901161194e-01
4.978499859198404209e-06,-1.000000014901161194e-01
4.978999859184263244e-06,-1.000000014901161194e-01
4.979499859170122278e-06,-1.000000014901161194e-01
4.979999859155981312e-06,-1.000000014901161194e-01
4.980499859141840346e-06,-1.000000014901161194e-01
4.980999859127699381e-06,-1.000000014901161194e-01
4.981499859113558415e-06,-1.000000014901161194e-01
4.981999859099417449e-06,-1.000000014901161194e-01
4.982499859085276483e-06,-1.000000014901161194e-01
4.982999859071135518e-06,-1.000000014901161194e-01
4.983499859056994552e-06,-1.000000014901161194e-01
4.983999859042853586e-06,0.000000000000000000e+00
4.984499859028712621e-06,-1.000000014901161194e-01
4.984999859014571655e-06,-1.000000014901161194e-01
4.985499859000430689e-06,0.000000000000000000e+00
4.985999858986289723e-06,0.000000000000000000e+00
4.986499858972148758e-06,-1.000000014901161194e-01
4.986999858958007792e-06,0.000000000000000000e+00
4.987499858943866826e-06,-1.000000014901161194e-01
4.987999858929725860e-06,-1.000000014901161194e-01
4.988499858915584895e-06,-1.000000014901161194e-01
4.988999858901443929e-06,-1.000000014901161194e-01
4.989499858887302963e-06,-1.000000014901161194e-01
4.989999858873161998e-06,0.000000000000000000e+00
4.990499858859021032e-06,-1.000000014901161194e-01
4.990999858844880066e-06,0.000000000000000000e+00
4.991499858830739100e-06,-1.000000014901161194e-01
4.991999858816598135e-06,-1.000000014901161194e-01
4.992499858802457169e-06,-1.000000014901161194e-01
4.992999858788316203e-06,0.000000000000000000e+00
4.993499858774175237e-06,-1.000000014901161194e-01
4.993999858760034272e-06,0.000000000000000000e+00
4.994499858745893306e-06,-1.000000014901161194e-01
4.994999858731752340e-06,0.000000000000000000e+00
4.995499858717611374e-06,-1.000000014901161194e-01
4.995999858703470409e-06,0.000000000000000000e+00
4.996499858689329443e-06,-1.000000014901161194e-01
4.996999858675188477e-06,0.000000000000000000e+00
4.997499858661047512e-06,0.000000000000000000e+00
4.997999858646906546e-06,0.000000000000000000e+00
4.998499858632765580e-06,-1.000000014901161194e-01
4.998999858618624614e-06,0.000000000000000000e+00
4.999499858604483649e-06,-1.000000014901161194e-01
