index,timestamp,cps_prior,frequency_MHz,signal,reference,ratio
0,2026-01-31 20:54:33,128577.27443350879,2000.0000003814696,134138,134702,0.9958129797627355
0,2026-01-31 20:54:33,128577.27443350879,2002.0000007629394,133506,134665,0.9913934578398248
0,2026-01-31 20:54:33,128577.27443350879,2004.000001144409,133982,134231,0.9981449888624834
0,2026-01-31 20:54:33,128577.27443350879,2006.0000015258788,134608,134567,1.0003046809396063
0,2026-01-31 20:54:33,128577.27443350879,2008.0000019073484,133806,134527,0.9946404810930148
0,2026-01-31 20:54:33,128577.27443350879,2010.0000022888182,133658,134322,0.9950566549038877
0,2026-01-31 20:54:33,128577.27443350879,2012.000002670288,133706,134980,0.9905615646762483
0,2026-01-31 20:54:33,128577.27443350879,2014.0000030517576,133020,134598,0.9882762002407168
0,2026-01-31 20:54:33,128577.27443350879,2016.0000034332274,133515,133793,0.9979221633418789
0,2026-01-31 20:54:33,128577.27443350879,2018.000003814697,133540,134049,0.996202881036039
0,2026-01-31 20:54:33,128577.27443350879,2020.0000041961669,133926,133723,1.0015180634595395
0,2026-01-31 20:54:33,128577.27443350879,2022.0000045776367,133792,134374,0.9956688049771533
0,2026-01-31 20:54:33,128577.27443350879,2024.0000049591063,133646,134146,0.9962727177850998
0,2026-01-31 20:54:33,128577.27443350879,2026.000005340576,134318,134526,0.9984538304863001
0,2026-01-31 20:54:33,128577.27443350879,2028.0000057220457,133400,134597,0.9911067854409831
0,2026-01-31 20:54:33,128577.27443350879,2030.0000061035155,134107,133584,1.003915139537669
0,2026-01-31 20:54:33,128577.27443350879,2032.0000064849853,134308,134638,0.9975489831993939
0,2026-01-31 20:54:33,128577.27443350879,2034.000006866455,132861,134552,0.9874323681550627
0,2026-01-31 20:54:33,128577.27443350879,2036.0000072479247,133341,133833,0.9963237766470153
0,2026-01-31 20:54:33,128577.27443350879,2038.0000076293943,133614,134224,0.995455358207176
0,2026-01-31 20:54:33,128577.27443350879,2040.0000080108641,133164,133540,0.9971843642354351
0,2026-01-31 20:54:33,128577.27443350879,2042.000008392334,133177,133057,1.000901869123759
0,2026-01-31 20:54:33,128577.27443350879,2044.0000087738035,132920,133557,0.9952305008348495
0,2026-01-31 20:54:33,128577.27443350879,2046.0000091552733,131715,132754,0.9921734938306944
0,2026-01-31 20:54:33,128577.27443350879,2048.000009536743,132168,132691,0.9960585118809867
0,2026-01-31 20:54:33,128577.27443350879,2050.0000099182125,131350,132691,0.9898938134462775
0,2026-01-31 20:54:33,128577.27443350879,2052.0000102996823,131967,132184,0.998358348968105
0,2026-01-31 20:54:33,128577.27443350879,2054.000010681152,131822,132199,0.9971482386402317
0,2026-01-31 20:54:33,128577.27443350879,2056.000011062622,131226,132156,0.9929628620720966
0,2026-01-31 20:54:33,128577.27443350879,2058.000011444092,130934,131875,0.9928644549763033
0,2026-01-31 20:54:33,128577.27443350879,2060.000011825561,130807,131500,0.9947300380228137
0,2026-01-31 20:54:33,128577.27443350879,2062.000012207031,130775,130766,1.0000688252297998
0,2026-01-31 20:54:33,128577.27443350879,2064.000012588501,130811,132435,0.9877373806018046
0,2026-01-31 20:54:33,128577.27443350879,2066.0000129699706,131459,132258,0.9939587775408671
0,2026-01-31 20:54:33,128577.27443350879,2068.0000133514404,131217,132607,0.9895178987534595
0,2026-01-31 20:54:33,128577.27443350879,2070.00001373291,130559,132147,0.987983079449401
0,2026-01-31 20:54:33,128577.27443350879,2072.0000141143796,131665,131940,0.9979157192663332
0,2026-01-31 20:54:33,128577.27443350879,2074.0000144958494,131427,132726,0.9902129198499163
0,2026-01-31 20:54:33,128577.27443350879,2076.0000148773192,131711,131712,0.9999924076773566
0,2026-01-31 20:54:33,128577.27443350879,2078.000015258789,131645,132632,0.992558356957597
0,2026-01-31 20:54:33,128577.27443350879,2080.0000156402584,131795,132358,0.9957463848048475
0,2026-01-31 20:54:33,128577.27443350879,2082.0000160217282,131711,132588,0.9933855250852264
0,2026-01-31 20:54:33,128577.27443350879,2084.000016403198,131518,132481,0.9927310331292789
0,2026-01-31 20:54:33,128577.27443350879,2086.000016784668,132156,132644,0.996320979463828
0,2026-01-31 20:54:33,128577.27443350879,2088.0000171661377,131536,132146,0.995383893572261
0,2026-01-31 20:54:33,128577.27443350879,2090.000017547607,131671,131879,0.9984227966545091
0,2026-01-31 20:54:33,128577.27443350879,2092.000017929077,131527,132171,0.995127524192145
0,2026-01-31 20:54:33,128577.27443350879,2094.0000183105467,131265,130890,1.0028650011460005
0,2026-01-31 20:54:33,128577.27443350879,2096.0000186920165,130844,131169,0.9975222804168667
0,2026-01-31 20:54:33,128577.27443350879,2098.0000190734863,131356,131187,1.001288237401572
0,2026-01-31 20:54:33,128577.27443350879,2100.0000194549557,130775,132052,0.9903295671402175
0,2026-01-31 20:54:33,128577.27443350879,2102.0000198364255,131201,132253,0.992045549061269
0,2026-01-31 20:54:33,128577.27443350879,2104.0000202178953,131791,132708,0.9930900925339844
0,2026-01-31 20:54:33,128577.27443350879,2106.000020599365,132276,132911,0.9952223668469878
0,2026-01-31 20:54:33,128577.27443350879,2108.000020980835,132542,133508,0.9927644785331217
0,2026-01-31 20:54:33,128577.27443350879,2110.0000213623043,132619,133397,0.9941677848827185
0,2026-01-31 20:54:33,128577.27443350879,2112.000021743774,132553,132982,0.9967739994886526
0,2026-01-31 20:54:33,128577.27443350879,2114.000022125244,132653,133135,0.9963796146768318
0,2026-01-31 20:54:33,128577.27443350879,2116.000022506714,133548,133644,0.9992816737002783
0,2026-01-31 20:54:33,128577.27443350879,2118.0000228881836,132644,133958,0.9901909553740724
0,2026-01-31 20:54:33,128577.27443350879,2120.000023269653,132976,134355,0.9897361467753341
0,2026-01-31 20:54:33,128577.27443350879,2122.000023651123,132270,133845,0.9882326571780792
0,2026-01-31 20:54:33,128577.27443350879,2124.0000240325926,132312,133494,0.9911456694682907
0,2026-01-31 20:54:33,128577.27443350879,2126.0000244140624,132505,133667,0.9913067548459978
0,2026-01-31 20:54:33,128577.27443350879,2128.000024795532,132350,133262,0.993156338641173
0,2026-01-31 20:54:33,128577.27443350879,2130.0000251770016,132710,132918,0.9984351254156698
0,2026-01-31 20:54:33,128577.27443350879,2132.0000255584714,132369,132472,0.9992224772027296
0,2026-01-31 20:54:33,128577.27443350879,2134.000025939941,133388,133386,1.0000149940773395
0,2026-01-31 20:54:33,128577.27443350879,2136.000026321411,132232,132615,0.9971119405798741
0,2026-01-31 20:54:33,128577.27443350879,2138.000026702881,131235,132467,0.9906995704590578
0,2026-01-31 20:54:33,128577.27443350879,2140.00002708435,132260,132393,0.9989954151654543
0,2026-01-31 20:54:33,128577.27443350879,2142.00002746582,131627,132984,0.9897957649040486
0,2026-01-31 20:54:33,128577.27443350879,2144.00002784729,131634,132832,0.9909810888942423
0,2026-01-31 20:54:33,128577.27443350879,2146.0000282287597,132141,132860,0.9945882884239049
0,2026-01-31 20:54:33,128577.27443350879,2148.0000286102295,132957,132991,0.9997443436021987
0,2026-01-31 20:54:33,128577.27443350879,2150.000028991699,132068,132725,0.9950499152382746
0,2026-01-31 20:54:33,128577.27443350879,2152.0000293731687,131983,133642,0.9875862378593556
0,2026-01-31 20:54:33,128577.27443350879,2154.0000297546385,133150,134145,0.9925826530992583
0,2026-01-31 20:54:33,128577.27443350879,2156.0000301361083,133272,133511,0.9982098853278007
0,2026-01-31 20:54:33,128577.27443350879,2158.000030517578,133019,134089,0.9920202253727002
0,2026-01-31 20:54:33,128577.27443350879,2160.0000308990475,133354,133785,0.9967784131255373
0,2026-01-31 20:54:33,128577.27443350879,2162.0000312805173,133434,134163,0.9945663111289998
0,2026-01-31 20:54:33,128577.27443350879,2164.000031661987,133812,134521,0.994729447446867
0,2026-01-31 20:54:33,128577.27443350879,2166.000032043457,133802,135723,0.9858461719826411
0,2026-01-31 20:54:33,128577.27443350879,2168.0000324249268,134427,135594,0.9913934244878092
0,2026-01-31 20:54:33,128577.27443350879,2170.000032806396,133954,135740,0.9868424930013261
0,2026-01-31 20:54:33,128577.27443350879,2172.000033187866,135250,135251,0.9999926063393246
0,2026-01-31 20:54:33,128577.27443350879,2174.0000335693358,134918,136257,0.9901729819385426
0,2026-01-31 20:54:33,128577.27443350879,2176.0000339508056,134510,135992,0.9891023001353021
0,2026-01-31 20:54:33,128577.27443350879,2178.0000343322754,134309,135113,0.9940494252958635
0,2026-01-31 20:54:33,128577.27443350879,2180.0000347137448,134887,135515,0.9953658266612552
0,2026-01-31 20:54:33,128577.27443350879,2182.0000350952146,135073,134889,1.0013640845435876
0,2026-01-31 20:54:33,128577.27443350879,2184.0000354766844,135373,134914,1.0034021673065805
0,2026-01-31 20:54:33,128577.27443350879,2186.000035858154,133921,135265,0.9900639485454478
0,2026-01-31 20:54:33,128577.27443350879,2188.000036239624,135076,134701,1.0027839436975226
0,2026-01-31 20:54:33,128577.27443350879,2190.0000366210934,134716,134446,1.002008241226961
0,2026-01-31 20:54:33,128577.27443350879,2192.000037002563,133993,135056,0.9921291908541642
0,2026-01-31 20:54:33,128577.27443350879,2194.000037384033,134136,134588,0.9966416025202841
0,2026-01-31 20:54:33,128577.27443350879,2196.000037765503,133981,134706,0.9946179086306475
0,2026-01-31 20:54:33,128577.27443350879,2198.0000381469727,134543,134271,1.0020257538857982
0,2026-01-31 20:54:33,128577.27443350879,2200.000038528442,133755,135299,0.9885882379027192
0,2026-01-31 20:54:33,128577.27443350879,2202.000038909912,134032,134993,0.9928811123539739
0,2026-01-31 20:54:33,128577.27443350879,2204.0000392913817,133768,135519,0.9870793025332242
0,2026-01-31 20:54:33,128577.27443350879,2206.0000396728515,134447,135517,0.9921043116361785
0,2026-01-31 20:54:33,128577.27443350879,2208.0000400543213,135091,134973,1.000874248923859
0,2026-01-31 20:54:33,128577.27443350879,2210.0000404357907,135117,136182,0.9921795832048288
0,2026-01-31 20:54:33,128577.27443350879,2212.0000408172605,135058,135088,0.9997779225393817
0,2026-01-31 20:54:33,128577.27443350879,2214.0000411987303,134005,135196,0.9911905677682772
0,2026-01-31 20:54:33,128577.27443350879,2216.0000415802,134543,135420,0.993523851720573
0,2026-01-31 20:54:33,128577.27443350879,2218.00004196167,133237,135565,0.9828274259580275
0,2026-01-31 20:54:33,128577.27443350879,2220.0000423431393,133756,134124,0.99725627031702
0,2026-01-31 20:54:33,128577.27443350879,2222.000042724609,132934,134483,0.9884818155454593
0,2026-01-31 20:54:33,128577.27443350879,2224.000043106079,133684,134154,0.9964965636507298
0,2026-01-31 20:54:33,128577.27443350879,2226.0000434875487,133802,133331,1.0035325618198319
0,2026-01-31 20:54:33,128577.27443350879,2228.0000438690186,133765,133342,1.003172293800903
0,2026-01-31 20:54:33,128577.27443350879,2230.000044250488,132653,132915,0.9980288154083437
0,2026-01-31 20:54:33,128577.27443350879,2232.0000446319577,132195,132915,0.994583004175601
0,2026-01-31 20:54:33,128577.27443350879,2234.0000450134276,132406,133178,0.9942032467825016
0,2026-01-31 20:54:33,128577.27443350879,2236.0000453948974,131954,133339,0.9896129414499883
0,2026-01-31 20:54:33,128577.27443350879,2238.000045776367,132160,132413,0.9980893114724385
0,2026-01-31 20:54:33,128577.27443350879,2240.0000461578366,132356,132795,0.9966941526412892
0,2026-01-31 20:54:33,128577.27443350879,2242.0000465393064,132196,132591,0.9970209139383518
0,2026-01-31 20:54:33,128577.27443350879,2244.000046920776,132545,133394,0.9936353958948678
0,2026-01-31 20:54:33,128577.27443350879,2246.000047302246,132421,133014,0.9955418226652833
0,2026-01-31 20:54:33,128577.27443350879,2248.000047683716,132890,133614,0.9945814061400752
0,2026-01-31 20:54:33,128577.27443350879,2250.000048065185,133098,133521,0.9968319590176826
0,2026-01-31 20:54:33,128577.27443350879,2252.000048446655,132456,133620,0.9912887292321508
0,2026-01-31 20:54:33,128577.27443350879,2254.000048828125,133144,133917,0.9942277679458171
0,2026-01-31 20:54:33,128577.27443350879,2256.0000492095946,133469,134401,0.9930655277862516
0,2026-01-31 20:54:33,128577.27443350879,2258.0000495910645,133690,134899,0.9910377393457327
0,2026-01-31 20:54:33,128577.27443350879,2260.000049972534,133516,135016,0.9888902056052616
0,2026-01-31 20:54:33,128577.27443350879,2262.0000503540036,133711,134754,0.9922599700194429
0,2026-01-31 20:54:33,128577.27443350879,2264.0000507354735,133774,134910,0.9915795715662293
0,2026-01-31 20:54:33,128577.27443350879,2266.0000511169433,134124,134665,0.9959826235473211
0,2026-01-31 20:54:33,128577.27443350879,2268.000051498413,134488,134803,0.9976632567524462
0,2026-01-31 20:54:33,128577.27443350879,2270.0000518798824,134889,135017,0.9990519712332521
0,2026-01-31 20:54:33,128577.27443350879,2272.0000522613523,135281,135341,0.9995566753607554
0,2026-01-31 20:54:33,128577.27443350879,2274.000052642822,134792,135443,0.9951935500542664
0,2026-01-31 20:54:33,128577.27443350879,2276.000053024292,134889,136594,0.9875177533420209
0,2026-01-31 20:54:33,128577.27443350879,2278.0000534057617,135136,136629,0.9890725980575135
0,2026-01-31 20:54:33,128577.27443350879,2280.000053787231,134863,136061,0.9911951257156717
0,2026-01-31 20:54:33,128577.27443350879,2282.000054168701,134918,135840,0.9932126030624264
0,2026-01-31 20:54:33,128577.27443350879,2284.0000545501707,133926,135794,0.9862438693904002
0,2026-01-31 20:54:33,128577.27443350879,2286.0000549316405,133651,135948,0.983103833818813
0,2026-01-31 20:54:33,128577.27443350879,2288.0000553131104,134253,135449,0.9911701083064475
0,2026-01-31 20:54:33,128577.27443350879,2290.0000556945797,133605,135845,0.9835106187198646
0,2026-01-31 20:54:33,128577.27443350879,2292.0000560760495,133443,135783,0.9827666202691059
0,2026-01-31 20:54:33,128577.27443350879,2294.0000564575193,132499,136049,0.9739064601724379
0,2026-01-31 20:54:33,128577.27443350879,2296.000056838989,131933,135450,0.9740346991509782
0,2026-01-31 20:54:33,128577.27443350879,2298.000057220459,130826,135227,0.9674547242784355
0,2026-01-31 20:54:33,128577.27443350879,2300.0000576019283,129220,135625,0.9527741935483871
0,2026-01-31 20:54:33,128577.27443350879,2302.000057983398,125689,135254,0.9292812042527393
0,2026-01-31 20:54:33,128577.27443350879,2304.000058364868,123188,135291,0.910540982031325
0,2026-01-31 20:54:33,128577.27443350879,2306.000058746338,122114,135109,0.9038183984782657
0,2026-01-31 20:54:33,128577.27443350879,2308.0000591278076,121339,135299,0.896821114716295
0,2026-01-31 20:54:33,128577.27443350879,2310.000059509277,122506,134811,0.908724065543613
0,2026-01-31 20:54:33,128577.27443350879,2312.000059890747,124779,134676,0.9265125189343313
0,2026-01-31 20:54:33,128577.27443350879,2314.0000602722166,127282,134582,0.9457579765496129
0,2026-01-31 20:54:33,128577.27443350879,2316.0000606536864,129339,134664,0.9604571377651042
0,2026-01-31 20:54:33,128577.27443350879,2318.0000610351562,131117,134320,0.9761539606908874
0,2026-01-31 20:54:33,128577.27443350879,2320.0000614166256,130942,134622,0.9726642005021467
0,2026-01-31 20:54:33,128577.27443350879,2322.0000617980954,131373,134564,0.9762863767426652
0,2026-01-31 20:54:33,128577.27443350879,2324.0000621795652,131668,134006,0.9825530200140292
0,2026-01-31 20:54:33,128577.27443350879,2326.000062561035,132319,134016,0.9873373328557784
0,2026-01-31 20:54:33,128577.27443350879,2328.000062942505,131735,134098,0.9823785589643396
0,2026-01-31 20:54:33,128577.27443350879,2330.0000633239742,132373,134028,0.9876518339451458
0,2026-01-31 20:54:33,128577.27443350879,2332.000063705444,132328,133038,0.9946631789413551
0,2026-01-31 20:54:33,128577.27443350879,2334.000064086914,131918,133966,0.9847125390024335
0,2026-01-31 20:54:33,128577.27443350879,2336.0000644683837,132651,133183,0.9960054961969621
0,2026-01-31 20:54:33,128577.27443350879,2338.0000648498535,132727,134123,0.989591643491422
0,2026-01-31 20:54:33,128577.27443350879,2340.000065231323,132254,134736,0.9815787911174445
0,2026-01-31 20:54:33,128577.27443350879,2342.0000656127927,132712,134340,0.9878814947149025
0,2026-01-31 20:54:33,128577.27443350879,2344.0000659942625,133451,134502,0.9921859897994082
0,2026-01-31 20:54:33,128577.27443350879,2346.0000663757323,133842,134999,0.9914295661449344
0,2026-01-31 20:54:33,128577.27443350879,2348.000066757202,133295,134985,0.9874800903804126
0,2026-01-31 20:54:33,128577.27443350879,2350.0000671386715,134135,135450,0.9902916205241786
0,2026-01-31 20:54:33,128577.27443350879,2352.0000675201413,134590,135605,0.9925150252571808
0,2026-01-31 20:54:33,128577.27443350879,2354.000067901611,135183,135299,0.9991426396351784
0,2026-01-31 20:54:33,128577.27443350879,2356.000068283081,134597,136021,0.9895310282971012
0,2026-01-31 20:54:33,128577.27443350879,2358.000068664551,134734,136007,0.990640187637401
0,2026-01-31 20:54:33,128577.27443350879,2360.00006904602,134777,135752,0.9928177853733279
0,2026-01-31 20:54:33,128577.27443350879,2362.00006942749,134692,135390,0.9948445232291897
0,2026-01-31 20:54:33,128577.27443350879,2364.00006980896,135009,135896,0.9934729499028669
0,2026-01-31 20:54:33,128577.27443350879,2366.0000701904296,134881,136516,0.9880233818746521
0,2026-01-31 20:54:33,128577.27443350879,2368.0000705718994,134937,135142,0.9984830770596854
0,2026-01-31 20:54:33,128577.27443350879,2370.000070953369,134140,136191,0.9849402677122571
0,2026-01-31 20:54:33,128577.27443350879,2372.0000713348386,135599,135163,1.0032257348534732
0,2026-01-31 20:54:33,128577.27443350879,2374.0000717163084,134394,135973,0.9883874004397932
0,2026-01-31 20:54:33,128577.27443350879,2376.0000720977782,135535,136192,0.9951759281015038
0,2026-01-31 20:54:33,128577.27443350879,2378.000072479248,135443,135685,0.9982164572355087
0,2026-01-31 20:54:33,128577.27443350879,2380.0000728607174,135783,135458,1.0023992676696836
0,2026-01-31 20:54:33,128577.27443350879,2382.000073242187,134807,136324,0.9888720988233913
0,2026-01-31 20:54:33,128577.27443350879,2384.000073623657,134900,136603,0.9875332166936305
0,2026-01-31 20:54:33,128577.27443350879,2386.000074005127,134972,135911,0.9930910669482235
0,2026-01-31 20:54:33,128577.27443350879,2388.0000743865967,134505,136235,0.9873013542775352
0,2026-01-31 20:54:33,128577.27443350879,2390.000074768066,135324,136618,0.9905283344800832
0,2026-01-31 20:54:33,128577.27443350879,2392.000075149536,135674,136112,0.9967820618314329
0,2026-01-31 20:54:33,128577.27443350879,2394.0000755310057,135581,136045,0.9965893638134441
0,2026-01-31 20:54:33,128577.27443350879,2396.0000759124755,135490,136150,0.9951524054351818
0,2026-01-31 20:54:33,128577.27443350879,2398.0000762939453,135324,136336,0.9925771623048938
0,2026-01-31 20:54:33,128577.27443350879,2400.0000766754147,135674,135928,0.9981313636631157
0,2026-01-31 20:54:33,128577.27443350879,2402.0000770568845,134867,135467,0.9955708770401648
0,2026-01-31 20:54:33,128577.27443350879,2404.0000774383543,134755,135630,0.9935486249354862
0,2026-01-31 20:54:33,128577.27443350879,2406.000077819824,134922,135870,0.9930227423272245
0,2026-01-31 20:54:33,128577.27443350879,2408.000078201294,134874,135318,0.9967188400656232
0,2026-01-31 20:54:33,128577.27443350879,2410.0000785827633,134843,135296,0.9966517857142857
0,2026-01-31 20:54:33,128577.27443350879,2412.000078964233,134138,135902,0.9870200585716178
0,2026-01-31 20:54:33,128577.27443350879,2414.000079345703,134276,134794,0.9961570989806668
0,2026-01-31 20:54:33,128577.27443350879,2416.0000797271728,134466,135285,0.9939461137598403
0,2026-01-31 20:54:33,128577.27443350879,2418.0000801086426,133930,134252,0.9976015254893782
0,2026-01-31 20:54:33,128577.27443350879,2420.000080490112,133868,133817,1.0003811174962822
0,2026-01-31 20:54:33,128577.27443350879,2422.0000808715818,133637,133848,0.9984235849620465
0,2026-01-31 20:54:33,128577.27443350879,2424.0000812530516,133368,133867,0.9962724196403894
0,2026-01-31 20:54:33,128577.27443350879,2426.0000816345214,133761,134132,0.9972340679330809
0,2026-01-31 20:54:33,128577.27443350879,2428.000082015991,133081,133475,0.9970481363551227
0,2026-01-31 20:54:33,128577.27443350879,2430.0000823974606,133113,134100,0.9926398210290828
0,2026-01-31 20:54:33,128577.27443350879,2432.0000827789304,133819,134491,0.9950033831260084
0,2026-01-31 20:54:33,128577.27443350879,2434.0000831604,132787,133985,0.9910587006008135
0,2026-01-31 20:54:33,128577.27443350879,2436.00008354187,133936,133786,1.001121193547905
0,2026-01-31 20:54:33,128577.27443350879,2438.00008392334,133615,134000,0.9971268656716418
0,2026-01-31 20:54:33,128577.27443350879,2440.000084304809,133996,134937,0.993026375271423
0,2026-01-31 20:54:33,128577.27443350879,2442.000084686279,134318,135055,0.9945429639776387
0,2026-01-31 20:54:33,128577.27443350879,2444.000085067749,133939,135229,0.9904606260491463
0,2026-01-31 20:54:33,128577.27443350879,2446.0000854492187,134075,135036,0.9928833792470156
0,2026-01-31 20:54:33,128577.27443350879,2448.0000858306885,134560,135087,0.9960988103962631
0,2026-01-31 20:54:33,128577.27443350879,2450.000086212158,134816,135759,0.9930538675152292
0,2026-01-31 20:54:33,128577.27443350879,2452.0000865936277,135113,136081,0.9928865896047208
0,2026-01-31 20:54:33,128577.27443350879,2454.0000869750975,135292,135649,0.9973682076535765
0,2026-01-31 20:54:33,128577.27443350879,2456.0000873565673,135328,136474,0.9916027961369931
0,2026-01-31 20:54:33,128577.27443350879,2458.000087738037,135163,136162,0.9926631512463095
0,2026-01-31 20:54:33,128577.27443350879,2460.0000881195065,135917,136767,0.9937850504873251
0,2026-01-31 20:54:33,128577.27443350879,2462.0000885009763,135145,135819,0.995037513160898
0,2026-01-31 20:54:33,128577.27443350879,2464.000088882446,135612,135830,0.9983950526393286
0,2026-01-31 20:54:33,128577.27443350879,2466.000089263916,135508,135326,1.0013449004625867
0,2026-01-31 20:54:33,128577.27443350879,2468.0000896453857,135097,135793,0.9948745517073782
0,2026-01-31 20:54:33,128577.27443350879,2470.000090026855,135616,135961,0.9974625076308647
0,2026-01-31 20:54:33,128577.27443350879,2472.000090408325,135523,135968,0.9967271710990822
0,2026-01-31 20:54:33,128577.27443350879,2474.0000907897947,135187,135516,0.9975722423920422
0,2026-01-31 20:54:33,128577.27443350879,2476.0000911712646,134654,136048,0.9897536163706927
0,2026-01-31 20:54:33,128577.27443350879,2478.0000915527344,135009,135832,0.9939410448200718
0,2026-01-31 20:54:33,128577.27443350879,2480.0000919342037,136155,135438,1.0052939352323573
0,2026-01-31 20:54:33,128577.27443350879,2482.0000923156736,135207,135095,1.0008290462267293
0,2026-01-31 20:54:33,128577.27443350879,2484.0000926971434,134556,135831,0.9906133356892021
0,2026-01-31 20:54:33,128577.27443350879,2486.000093078613,134808,135325,0.9961795677073711
0,2026-01-31 20:54:33,128577.27443350879,2488.000093460083,135134,135028,1.0007850223657315
0,2026-01-31 20:54:33,128577.27443350879,2490.0000938415524,134981,135854,0.9935739838355883
0,2026-01-31 20:54:33,128577.27443350879,2492.000094223022,134425,135719,0.9904655943530383
0,2026-01-31 20:54:33,128577.27443350879,2494.000094604492,134721,136006,0.9905518874167316
0,2026-01-31 20:54:33,128577.27443350879,2496.000094985962,134667,135623,0.9929510481260553
0,2026-01-31 20:54:33,128577.27443350879,2498.0000953674316,135017,135648,0.9953482543052606
0,2026-01-31 20:54:33,128577.27443350879,2500.000095748901,134820,135471,0.9951945434816307
0,2026-01-31 20:54:33,128577.27443350879,2502.000096130371,134618,135147,0.9960857436717057
0,2026-01-31 20:54:33,128577.27443350879,2504.0000965118406,134623,135112,0.9963807803896026
0,2026-01-31 20:54:33,128577.27443350879,2506.0000968933105,133731,135054,0.9902039184326269
0,2026-01-31 20:54:33,128577.27443350879,2508.0000972747803,134218,135190,0.9928101190916488
0,2026-01-31 20:54:33,128577.27443350879,2510.0000976562496,132968,134570,0.9880954150256372
0,2026-01-31 20:54:33,128577.27443350879,2512.0000980377195,133810,134838,0.9923760364288998
0,2026-01-31 20:54:33,128577.27443350879,2514.0000984191893,133620,134349,0.9945738338208695
0,2026-01-31 20:54:33,128577.27443350879,2516.000098800659,133074,133716,0.9951987795028269
0,2026-01-31 20:54:33,128577.27443350879,2518.000099182129,133612,134218,0.9954849573082597
0,2026-01-31 20:54:33,128577.27443350879,2520.0000995635983,133044,134307,0.9905961714579284
0,2026-01-31 20:54:33,128577.27443350879,2522.000099945068,133107,134405,0.9903426211822477
0,2026-01-31 20:54:33,128577.27443350879,2524.000100326538,133358,134761,0.9895889760390617
0,2026-01-31 20:54:33,128577.27443350879,2526.0001007080077,133461,134001,0.9959701793270199
0,2026-01-31 20:54:33,128577.27443350879,2528.0001010894775,133375,134182,0.9939857805070725
0,2026-01-31 20:54:33,128577.27443350879,2530.000101470947,134154,134993,0.9937848629188181
0,2026-01-31 20:54:33,128577.27443350879,2532.0001018524167,134129,134299,0.9987341677897825
0,2026-01-31 20:54:33,128577.27443350879,2534.0001022338865,134148,134367,0.9983701355243475
0,2026-01-31 20:54:33,128577.27443350879,2536.0001026153564,133842,135260,0.989516486766228
0,2026-01-31 20:54:33,128577.27443350879,2538.000102996826,133526,134481,0.9928986250845845
0,2026-01-31 20:54:33,128577.27443350879,2540.0001033782955,134098,135186,0.9919518293314397
0,2026-01-31 20:54:33,128577.27443350879,2542.0001037597654,134674,135033,0.9973413906230328
0,2026-01-31 20:54:33,128577.27443350879,2544.000104141235,135175,135465,0.9978592256302365
0,2026-01-31 20:54:33,128577.27443350879,2546.000104522705,135074,134884,1.0014086177752735
0,2026-01-31 20:54:33,128577.27443350879,2548.000104904175,135078,135735,0.9951596861531661
0,2026-01-31 20:54:33,128577.27443350879,2550.000105285644,135276,137023,0.98725031564044
0,2026-01-31 20:54:33,128577.27443350879,2552.000105667114,134924,135947,0.9924750086430741
0,2026-01-31 20:54:33,128577.27443350879,2554.000106048584,134827,135838,0.9925573109144716
0,2026-01-31 20:54:33,128577.27443350879,2556.0001064300536,134554,136014,0.9892658108724102
0,2026-01-31 20:54:33,128577.27443350879,2558.0001068115234,135205,136568,0.9900196239236131
0,2026-01-31 20:54:33,128577.27443350879,2560.000107192993,135128,135987,0.993683219719532
0,2026-01-31 20:54:33,128577.27443350879,2562.0001075744626,135402,136131,0.9946448641382198
0,2026-01-31 20:54:33,128577.27443350879,2564.0001079559324,135252,136143,0.993455410854763
0,2026-01-31 20:54:33,128577.27443350879,2566.0001083374023,134983,136850,0.9863573255389112
0,2026-01-31 20:54:33,128577.27443350879,2568.000108718872,135682,136537,0.9937379611387389
0,2026-01-31 20:54:33,128577.27443350879,2570.0001091003414,135861,136853,0.9927513463351187
0,2026-01-31 20:54:33,128577.27443350879,2572.0001094818113,136113,137021,0.9933732785485436
0,2026-01-31 20:54:33,128577.27443350879,2574.000109863281,135496,135499,0.9999778596152001
0,2026-01-31 20:54:33,128577.27443350879,2576.000110244751,135553,136522,0.9929022428619563
0,2026-01-31 20:54:33,128577.27443350879,2578.0001106262207,134934,136903,0.9856175540346085
0,2026-01-31 20:54:33,128577.27443350879,2580.00011100769,135489,136126,0.9953205118787006
0,2026-01-31 20:54:33,128577.27443350879,2582.00011138916,134456,136821,0.9827146417582097
0,2026-01-31 20:54:33,128577.27443350879,2584.0001117706297,134828,136302,0.9891857786386113
0,2026-01-31 20:54:33,128577.27443350879,2586.0001121520995,133332,135754,0.9821589050783034
0,2026-01-31 20:54:33,128577.27443350879,2588.0001125335693,133103,135445,0.982708848610137
0,2026-01-31 20:54:33,128577.27443350879,2590.0001129150387,133478,135233,0.9870223983790939
0,2026-01-31 20:54:33,128577.27443350879,2592.0001132965085,132933,135462,0.981330557647163
0,2026-01-31 20:54:33,128577.27443350879,2594.0001136779783,132482,135734,0.9760413750423622
0,2026-01-31 20:54:33,128577.27443350879,2596.000114059448,131289,135283,0.9704767043900564
0,2026-01-31 20:54:33,128577.27443350879,2598.000114440918,130038,135276,0.9612791626009048
0,2026-01-31 20:54:33,128577.27443350879,2600.0001148223873,128308,134577,0.9534170029053999
0,2026-01-31 20:54:33,128577.27443350879,2602.000115203857,125900,134369,0.9369720694505429
0,2026-01-31 20:54:33,128577.27443350879,2604.000115585327,122664,133719,0.9173266327148722
0,2026-01-31 20:54:33,128577.27443350879,2606.000115966797,121398,134688,0.9013275124732716
0,2026-01-31 20:54:33,128577.27443350879,2608.0001163482666,119881,134132,0.8937539140548116
0,2026-01-31 20:54:33,128577.27443350879,2610.000116729736,121880,134312,0.9074393948418608
0,2026-01-31 20:54:33,128577.27443350879,2612.000117111206,123951,134310,0.9228724592360956
0,2026-01-31 20:54:33,128577.27443350879,2614.0001174926756,126622,133930,0.9454341820353916
0,2026-01-31 20:54:33,128577.27443350879,2616.0001178741454,128274,134053,0.9568901852252467
0,2026-01-31 20:54:33,128577.27443350879,2618.0001182556152,129767,134044,0.9680925666199158
0,2026-01-31 20:54:33,128577.27443350879,2620.0001186370846,131159,134445,0.9755587786827327
0,2026-01-31 20:54:33,128577.27443350879,2622.0001190185544,131814,135080,0.9758217352679893
0,2026-01-31 20:54:33,128577.27443350879,2624.0001194000242,132169,134428,0.983195465230458
0,2026-01-31 20:54:33,128577.27443350879,2626.000119781494,133407,135572,0.9840306257929365
0,2026-01-31 20:54:33,128577.27443350879,2628.000120162964,133465,134659,0.9911331585709088
0,2026-01-31 20:54:33,128577.27443350879,2630.0001205444332,133499,134309,0.9939691308847508
0,2026-01-31 20:54:33,128577.27443350879,2632.000120925903,134389,135972,0.9883578972141324
0,2026-01-31 20:54:33,128577.27443350879,2634.000121307373,134049,135848,0.9867572581120075
0,2026-01-31 20:54:33,128577.27443350879,2636.0001216888427,134671,135077,0.9969943069508502
0,2026-01-31 20:54:33,128577.27443350879,2638.0001220703125,134609,135511,0.9933437137944521
0,2026-01-31 20:54:33,128577.27443350879,2640.000122451782,135229,136182,0.993002012013335
0,2026-01-31 20:54:33,128577.27443350879,2642.0001228332517,135511,136296,0.9942404766097318
0,2026-01-31 20:54:33,128577.27443350879,2644.0001232147215,135206,136331,0.9917480250273232
0,2026-01-31 20:54:33,128577.27443350879,2646.0001235961913,134802,135561,0.9944010445482108
0,2026-01-31 20:54:33,128577.27443350879,2648.000123977661,135264,135681,0.996926614632852
0,2026-01-31 20:54:33,128577.27443350879,2650.0001243591305,134669,136222,0.9885994920056966
0,2026-01-31 20:54:33,128577.27443350879,2652.0001247406003,135054,135997,0.9930660235152245
0,2026-01-31 20:54:33,128577.27443350879,2654.00012512207,134590,135545,0.992954369397617
0,2026-01-31 20:54:33,128577.27443350879,2656.00012550354,134346,135492,0.9915419360552653
0,2026-01-31 20:54:33,128577.27443350879,2658.0001258850098,134446,135870,0.9895193935379407
0,2026-01-31 20:54:33,128577.27443350879,2660.000126266479,134987,134878,1.0008081377244622
0,2026-01-31 20:54:33,128577.27443350879,2662.000126647949,135212,135100,1.0008290155440414
0,2026-01-31 20:54:33,128577.27443350879,2664.0001270294188,134596,135847,0.9907911105876464
0,2026-01-31 20:54:33,128577.27443350879,2666.0001274108886,135149,134980,1.001252037338865
0,2026-01-31 20:54:33,128577.27443350879,2668.0001277923584,134252,135972,0.987350336834054
0,2026-01-31 20:54:33,128577.27443350879,2670.0001281738278,135498,136533,0.9924194150864626
0,2026-01-31 20:54:33,128577.27443350879,2672.0001285552976,134698,136232,0.9887397968171941
0,2026-01-31 20:54:33,128577.27443350879,2674.0001289367674,135366,135773,0.9970023495098437
0,2026-01-31 20:54:33,128577.27443350879,2676.000129318237,134875,135714,0.9938178817218563
0,2026-01-31 20:54:33,128577.27443350879,2678.000129699707,135354,136029,0.9950378228171934
0,2026-01-31 20:54:33,128577.27443350879,2680.0001300811764,135170,135352,0.9986553578816715
0,2026-01-31 20:54:33,128577.27443350879,2682.000130462646,135440,135668,0.9983194268360999
0,2026-01-31 20:54:33,128577.27443350879,2684.000130844116,134880,134983,0.9992369409481194
0,2026-01-31 20:54:33,128577.27443350879,2686.000131225586,134968,134894,1.0005485788841608
0,2026-01-31 20:54:33,128577.27443350879,2688.0001316070557,134154,135397,0.9908195897988877
0,2026-01-31 20:54:33,128577.27443350879,2690.000131988525,134133,134837,0.994778881167632
0,2026-01-31 20:54:33,128577.27443350879,2692.000132369995,133665,134619,0.9929133331847659
0,2026-01-31 20:54:33,128577.27443350879,2694.0001327514647,133650,134471,0.993894594373508
0,2026-01-31 20:54:33,128577.27443350879,2696.0001331329345,133651,134242,0.9955975030169396
0,2026-01-31 20:54:33,128577.27443350879,2698.0001335144043,133090,134237,0.991455410952271
0,2026-01-31 20:54:33,128577.27443350879,2700.0001338958737,133496,133322,1.0013051109344295
0,2026-01-31 20:54:33,128577.27443350879,2702.0001342773435,133163,133529,0.9972590223846505
0,2026-01-31 20:54:33,128577.27443350879,2704.0001346588133,133259,133622,0.9972833814790978
0,2026-01-31 20:54:33,128577.27443350879,2706.000135040283,133344,133268,1.000570279436924
0,2026-01-31 20:54:33,128577.27443350879,2708.000135421753,131806,133549,0.9869486106223184
0,2026-01-31 20:54:33,128577.27443350879,2710.0001358032223,133073,133834,0.9943138514876638
0,2026-01-31 20:54:33,128577.27443350879,2712.000136184692,132769,133628,0.9935717065285719
0,2026-01-31 20:54:33,128577.27443350879,2714.000136566162,132685,134009,0.9901200665626936
0,2026-01-31 20:54:33,128577.27443350879,2716.0001369476317,133487,134011,0.9960898732193626
0,2026-01-31 20:54:33,128577.27443350879,2718.0001373291016,133227,133458,0.99826911837432
0,2026-01-31 20:54:33,128577.27443350879,2720.000137710571,132852,133942,0.991862149288498
0,2026-01-31 20:54:33,128577.27443350879,2722.0001380920407,132854,134460,0.9880559274133571
0,2026-01-31 20:54:33,128577.27443350879,2724.0001384735106,134270,134304,0.9997468429830831
0,2026-01-31 20:54:33,128577.27443350879,2726.0001388549804,134143,134169,0.9998062145503059
0,2026-01-31 20:54:33,128577.27443350879,2728.00013923645,134163,134941,0.9942345173075641
0,2026-01-31 20:54:33,128577.27443350879,2730.0001396179196,133571,134612,0.9922666627046622
0,2026-01-31 20:54:33,128577.27443350879,2732.0001399993894,133575,134630,0.9921637079402807
0,2026-01-31 20:54:33,128577.27443350879,2734.000140380859,134267,134866,0.9955585544169768
0,2026-01-31 20:54:33,128577.27443350879,2736.000140762329,134149,135009,0.9936300542926768
0,2026-01-31 20:54:33,128577.27443350879,2738.000141143799,134536,135133,0.9955821301976572
0,2026-01-31 20:54:33,128577.27443350879,2740.000141525268,135307,135091,1.001598922207993
0,2026-01-31 20:54:33,128577.27443350879,2742.000141906738,135222,135708,0.996418781501459
0,2026-01-31 20:54:33,128577.27443350879,2744.000142288208,134932,135829,0.9933961083421066
0,2026-01-31 20:54:33,128577.27443350879,2746.0001426696776,134341,135142,0.9940729010966243
0,2026-01-31 20:54:33,128577.27443350879,2748.0001430511475,134534,135595,0.9921752277001364
0,2026-01-31 20:54:33,128577.27443350879,2750.000143432617,134874,135221,0.9974338305440723
0,2026-01-31 20:54:33,128577.27443350879,2752.0001438140866,134096,135327,0.9909035151891344
0,2026-01-31 20:54:33,128577.27443350879,2754.0001441955565,134340,135396,0.9922006558539396
0,2026-01-31 20:54:33,128577.27443350879,2756.0001445770263,134366,135190,0.9939048746209039
0,2026-01-31 20:54:33,128577.27443350879,2758.000144958496,134659,135066,0.9969866583744244
0,2026-01-31 20:54:33,128577.27443350879,2760.0001453399655,134739,135363,0.9953901730901354
0,2026-01-31 20:54:33,128577.27443350879,2762.0001457214353,134728,135167,0.996752165839295
0,2026-01-31 20:54:33,128577.27443350879,2764.000146102905,133851,135976,0.9843722421603812
0,2026-01-31 20:54:33,128577.27443350879,2766.000146484375,134722,134487,1.0017473807877342
0,2026-01-31 20:54:33,128577.27443350879,2768.0001468658447,134303,134932,0.9953383926718643
0,2026-01-31 20:54:33,128577.27443350879,2770.000147247314,134592,134587,1.0000371506906314
0,2026-01-31 20:54:33,128577.27443350879,2772.000147628784,134232,134898,0.9950629364408664
0,2026-01-31 20:54:33,128577.27443350879,2774.0001480102537,134903,135155,0.9981354740853094
0,2026-01-31 20:54:33,128577.27443350879,2776.0001483917235,134269,135366,0.9918960447970687
0,2026-01-31 20:54:33,128577.27443350879,2778.0001487731934,133925,135265,0.9900935201271578
0,2026-01-31 20:54:33,128577.27443350879,2780.0001491546627,134284,135456,0.9913477439168439
0,2026-01-31 20:54:33,128577.27443350879,2782.0001495361325,134291,135633,0.9901056527541232
0,2026-01-31 20:54:33,128577.27443350879,2784.0001499176024,134629,134490,1.001033534091754
0,2026-01-31 20:54:33,128577.27443350879,2786.000150299072,132974,134446,0.9890513663478274
0,2026-01-31 20:54:33,128577.27443350879,2788.000150680542,134427,135444,0.9924913617435989
0,2026-01-31 20:54:33,128577.27443350879,2790.0001510620114,133663,133994,0.9975297401376181
0,2026-01-31 20:54:33,128577.27443350879,2792.000151443481,132774,134161,0.9896616751514971
0,2026-01-31 20:54:33,128577.27443350879,2794.000151824951,133770,133406,1.0027285129604366
0,2026-01-31 20:54:33,128577.27443350879,2796.000152206421,132796,133722,0.9930751858332959
0,2026-01-31 20:54:33,128577.27443350879,2798.0001525878906,133020,134092,0.9920054887689049
0,2026-01-31 20:54:33,128577.27443350879,2800.00015296936,132880,134071,0.9911166471496445
0,2026-01-31 20:54:33,128577.27443350879,2802.00015335083,133017,134206,0.9911404855222569
0,2026-01-31 20:54:33,128577.27443350879,2804.0001537322996,132950,133390,0.9967014019041908
0,2026-01-31 20:54:33,128577.27443350879,2806.0001541137694,133382,134000,0.9953880597014926
0,2026-01-31 20:54:33,128577.27443350879,2808.0001544952393,133271,133890,0.9953768018522667
0,2026-01-31 20:54:33,128577.27443350879,2810.0001548767086,133044,133996,0.9928953103077703
0,2026-01-31 20:54:33,128577.27443350879,2812.0001552581784,133356,134601,0.9907504401898946
0,2026-01-31 20:54:33,128577.27443350879,2814.0001556396483,133165,134490,0.9901479663915532
0,2026-01-31 20:54:33,128577.27443350879,2816.000156021118,133778,134541,0.9943288662935462
0,2026-01-31 20:54:33,128577.27443350879,2818.000156402588,133956,134707,0.9944249370856748
0,2026-01-31 20:54:33,128577.27443350879,2820.0001567840573,134129,134503,0.9972193928759954
0,2026-01-31 20:54:33,128577.27443350879,2822.000157165527,134976,134654,1.0023913140344884
0,2026-01-31 20:54:33,128577.27443350879,2824.000157546997,134675,135142,0.9965443755457223
0,2026-01-31 20:54:33,128577.27443350879,2826.0001579284667,134271,135037,0.9943274806164236
0,2026-01-31 20:54:33,128577.27443350879,2828.0001583099365,133846,135379,0.9886762348665598
0,2026-01-31 20:54:33,128577.27443350879,2830.000158691406,134061,135808,0.9871362511781339
0,2026-01-31 20:54:33,128577.27443350879,2832.0001590728757,134271,135186,0.9932315476454663
0,2026-01-31 20:54:33,128577.27443350879,2834.0001594543455,134308,135409,0.9918690781262693
0,2026-01-31 20:54:33,128577.27443350879,2836.0001598358153,133740,134746,0.9925341011978092
0,2026-01-31 20:54:33,128577.27443350879,2838.000160217285,134019,134997,0.9927553945643236
0,2026-01-31 20:54:33,128577.27443350879,2840.0001605987545,133771,134293,0.9961129768491284
0,2026-01-31 20:54:33,128577.27443350879,2842.0001609802243,133307,134232,0.993108945705942
0,2026-01-31 20:54:33,128577.27443350879,2844.000161361694,132158,133918,0.9868576292955391
0,2026-01-31 20:54:33,128577.27443350879,2846.000161743164,133366,133456,0.9993256204292051
0,2026-01-31 20:54:33,128577.27443350879,2848.000162124634,132929,133504,0.9956930129434324
0,2026-01-31 20:54:33,128577.27443350879,2850.000162506103,132628,133006,0.9971580229463333
0,2026-01-31 20:54:33,128577.27443350879,2852.000162887573,132391,132911,0.996087607496746
0,2026-01-31 20:54:33,128577.27443350879,2854.000163269043,131391,132865,0.9889060324389418
0,2026-01-31 20:54:33,128577.27443350879,2856.0001636505126,131779,132973,0.9910207335323712
0,2026-01-31 20:54:33,128577.27443350879,2858.0001640319824,132003,131729,1.0020800279361417
0,2026-01-31 20:54:33,128577.27443350879,2860.000164413452,132070,132030,1.0003029614481558
0,2026-01-31 20:54:33,128577.27443350879,2862.0001647949216,131477,133181,0.9872053821491054
0,2026-01-31 20:54:33,128577.27443350879,2864.0001651763914,132496,133059,0.9957687942942605
0,2026-01-31 20:54:33,128577.27443350879,2866.0001655578612,131057,132747,0.987269015495642
0,2026-01-31 20:54:33,128577.27443350879,2868.000165939331,130927,132483,0.9882550968803545
0,2026-01-31 20:54:33,128577.27443350879,2870.0001663208004,132096,131803,1.0022230146506528
0,2026-01-31 20:54:33,128577.27443350879,2872.0001667022702,131557,131956,0.9969762648155446
0,2026-01-31 20:54:33,128577.27443350879,2874.00016708374,131387,132448,0.9919893090118386
0,2026-01-31 20:54:33,128577.27443350879,2876.00016746521,131611,132023,0.9968793316316097
0,2026-01-31 20:54:33,128577.27443350879,2878.0001678466797,130121,130869,0.9942843606965744
0,2026-01-31 20:54:33,128577.27443350879,2880.000168228149,130546,131825,0.9902977432201783
0,2026-01-31 20:54:33,128577.27443350879,2882.000168609619,131039,130738,1.0023023145527696
0,2026-01-31 20:54:33,128577.27443350879,2884.0001689910887,130268,131371,0.991603930852319
0,2026-01-31 20:54:33,128577.27443350879,2886.0001693725585,130760,130359,1.0030761205593783
0,2026-01-31 20:54:33,128577.27443350879,2888.0001697540283,130021,130028,0.9999461654412896
0,2026-01-31 20:54:33,128577.27443350879,2890.0001701354977,129521,130636,0.991464833583392
0,2026-01-31 20:54:33,128577.27443350879,2892.0001705169675,129557,129790,0.9982047923568842
0,2026-01-31 20:54:33,128577.27443350879,2894.0001708984373,129911,131006,0.9916416042013343
0,2026-01-31 20:54:33,128577.27443350879,2896.000171279907,130085,130711,0.9952108085777019
0,2026-01-31 20:54:33,128577.27443350879,2898.000171661377,130289,130937,0.9950510550875612
0,2026-01-31 20:54:33,128577.27443350879,2900.0001720428463,130579,131152,0.9956310235451995
0,2026-01-31 20:54:33,128577.27443350879,2902.000172424316,130533,131657,0.9914626643475091
0,2026-01-31 20:54:33,128577.27443350879,2904.000172805786,130888,131038,0.9988552938842168
0,2026-01-31 20:54:33,128577.27443350879,2906.0001731872558,131905,131243,1.0050440785413317
0,2026-01-31 20:54:33,128577.27443350879,2908.0001735687256,131117,133098,0.9851162301462081
0,2026-01-31 20:54:33,128577.27443350879,2910.000173950195,131697,132699,0.99244907648136
0,2026-01-31 20:54:33,128577.27443350879,2912.0001743316648,131777,132724,0.9928648925589946
0,2026-01-31 20:54:33,128577.27443350879,2914.0001747131346,131691,133072,0.9896221594324877
0,2026-01-31 20:54:33,128577.27443350879,2916.0001750946044,133100,133360,0.9980503899220156
0,2026-01-31 20:54:33,128577.27443350879,2918.000175476074,133082,134336,0.9906651977131967
0,2026-01-31 20:54:33,128577.27443350879,2920.0001758575436,133649,134102,0.9966219743180564
0,2026-01-31 20:54:33,128577.27443350879,2922.0001762390134,134026,134236,0.998435591048601
0,2026-01-31 20:54:33,128577.27443350879,2924.000176620483,133716,133684,1.0002393704557015
0,2026-01-31 20:54:33,128577.27443350879,2926.000177001953,133070,134444,0.989780131504567
0,2026-01-31 20:54:33,128577.27443350879,2928.000177383423,133670,133613,1.0004266051956021
0,2026-01-31 20:54:33,128577.27443350879,2930.000177764892,133189,133758,0.9957460488344623
0,2026-01-31 20:54:33,128577.27443350879,2932.000178146362,133284,134639,0.9899360512184434
0,2026-01-31 20:54:33,128577.27443350879,2934.000178527832,132868,134028,0.9913450920703136
0,2026-01-31 20:54:33,128577.27443350879,2936.0001789093017,133219,133640,0.9968497455851542
0,2026-01-31 20:54:33,128577.27443350879,2938.0001792907715,133386,133885,0.9962729207902304
0,2026-01-31 20:54:33,128577.27443350879,2940.000179672241,132972,134245,0.9905173377034526
0,2026-01-31 20:54:33,128577.27443350879,2942.0001800537107,132762,133230,0.9964872776401711
0,2026-01-31 20:54:33,128577.27443350879,2944.0001804351805,132802,133338,0.9959801406950757
0,2026-01-31 20:54:33,128577.27443350879,2946.0001808166503,132791,133538,0.9944060866569815
0,2026-01-31 20:54:33,128577.27443350879,2948.00018119812,133475,134031,0.9958517059486238
0,2026-01-31 20:54:33,128577.27443350879,2950.0001815795895,133012,134065,0.9921456010144333
0,2026-01-31 20:54:33,128577.27443350879,2952.0001819610593,133355,134326,0.992771317540908
0,2026-01-31 20:54:33,128577.27443350879,2954.000182342529,133054,134078,0.992362654574203
0,2026-01-31 20:54:33,128577.27443350879,2956.000182723999,132886,134387,0.9888307648805316
0,2026-01-31 20:54:33,128577.27443350879,2958.0001831054688,132648,134444,0.9866412781529856
0,2026-01-31 20:54:33,128577.27443350879,2960.000183486938,133257,134438,0.9912152813936536
0,2026-01-31 20:54:33,128577.27443350879,2962.000183868408,132715,133897,0.9911723190213373
0,2026-01-31 20:54:33,128577.27443350879,2964.0001842498777,132931,134507,0.9882831376805669
0,2026-01-31 20:54:33,128577.27443350879,2966.0001846313476,132444,133906,0.9890818932684121
0,2026-01-31 20:54:33,128577.27443350879,2968.0001850128174,132411,133781,0.9897593828720073
0,2026-01-31 20:54:33,128577.27443350879,2970.0001853942867,131726,133911,0.9836831925681983
0,2026-01-31 20:54:33,128577.27443350879,2972.0001857757566,132009,133252,0.9906718098039804
0,2026-01-31 20:54:33,128577.27443350879,2974.0001861572264,132032,132503,0.9964453635012037
0,2026-01-31 20:54:33,128577.27443350879,2976.000186538696,131352,132440,0.9917849592268196
0,2026-01-31 20:54:33,128577.27443350879,2978.000186920166,130701,131924,0.9907295109305357
0,2026-01-31 20:54:33,128577.27443350879,2980.0001873016354,129689,132176,0.981184178670863
0,2026-01-31 20:54:33,128577.27443350879,2982.000187683105,130386,131279,0.993197693462016
0,2026-01-31 20:54:33,128577.27443350879,2984.000188064575,129251,131397,0.9836678158557653
0,2026-01-31 20:54:33,128577.27443350879,2986.000188446045,129297,131296,0.98477485985864
0,2026-01-31 20:54:33,128577.27443350879,2988.0001888275146,129702,131457,0.986649626874187
0,2026-01-31 20:54:33,128577.27443350879,2990.000189208984,129723,131112,0.9894060040270913
0,2026-01-31 20:54:33,128577.27443350879,2992.000189590454,128838,131650,0.9786403342195215
0,2026-01-31 20:54:33,128577.27443350879,2994.0001899719236,129297,131509,0.9831798584127323
0,2026-01-31 20:54:33,128577.27443350879,2996.0001903533935,129641,132141,0.9810808151898351
0,2026-01-31 20:54:33,128577.27443350879,2998.0001907348633,129381,131856,0.9812295231161267
0,2026-01-31 20:54:33,128577.27443350879,3000.0001911163326,130115,132856,0.9793686397302342
0,2026-01-31 20:54:33,128577.27443350879,3002.0001914978025,130262,133258,0.9775172972729592
0,2026-01-31 20:54:33,128577.27443350879,3004.0001918792723,130400,133336,0.9779804403911921
0,2026-01-31 20:54:33,128577.27443350879,3006.000192260742,130937,133593,0.9801187187951464
0,2026-01-31 20:54:33,128577.27443350879,3008.000192642212,131378,133704,0.9826033626518279
0,2026-01-31 20:54:33,128577.27443350879,3010.0001930236813,131845,134268,0.9819540024428755
0,2026-01-31 20:54:33,128577.27443350879,3012.000193405151,132482,134397,0.985751170040998
0,2026-01-31 20:54:33,128577.27443350879,3014.000193786621,131622,135273,0.9730101350602116
0,2026-01-31 20:54:33,128577.27443350879,3016.0001941680907,133488,134642,0.9914291231562217
0,2026-01-31 20:54:33,128577.27443350879,3018.0001945495605,132873,134316,0.9892566782810686
0,2026-01-31 20:54:33,128577.27443350879,3020.00019493103,132670,135600,0.9783923303834808
0,2026-01-31 20:54:33,128577.27443350879,3022.0001953124997,133694,135224,0.9886854404543572
0,2026-01-31 20:54:33,128577.27443350879,3024.0001956939695,133210,134793,0.9882560667096956
0,2026-01-31 20:54:33,128577.27443350879,3026.0001960754394,133678,135913,0.9835556569275934
0,2026-01-31 20:54:33,128577.27443350879,3028.000196456909,134031,135615,0.9883198761198982
0,2026-01-31 20:54:33,128577.27443350879,3030.0001968383785,133548,135728,0.9839384651656253
0,2026-01-31 20:54:33,128577.27443350879,3032.0001972198484,133329,135045,0.9872931245140508
0,2026-01-31 20:54:33,128577.27443350879,3034.000197601318,133744,135640,0.9860218224712474
0,2026-01-31 20:54:33,128577.27443350879,3036.000197982788,133612,135964,0.982701303286164
0,2026-01-31 20:54:33,128577.27443350879,3038.000198364258,133611,135653,0.9849468865413961
0,2026-01-31 20:54:33,128577.27443350879,3040.000198745727,133370,135771,0.9823158111820639
0,2026-01-31 20:54:33,128577.27443350879,3042.000199127197,133393,135837,0.9820078476409225
0,2026-01-31 20:54:33,128577.27443350879,3044.000199508667,132875,135429,0.981141409890053
0,2026-01-31 20:54:33,128577.27443350879,3046.0001998901366,133569,135365,0.9867321685812434
0,2026-01-31 20:54:33,128577.27443350879,3048.0002002716064,133347,135397,0.9848593395717778
0,2026-01-31 20:54:33,128577.27443350879,3050.000200653076,133666,135041,0.9898179071541235
0,2026-01-31 20:54:33,128577.27443350879,3052.0002010345456,133002,135196,0.9837717092221664
0,2026-01-31 20:54:33,128577.27443350879,3054.0002014160154,133061,135981,0.9785264117781161
0,2026-01-31 20:54:33,128577.27443350879,3056.0002017974853,133033,134938,0.9858824052527828
0,2026-01-31 20:54:33,128577.27443350879,3058.000202178955,133042,135917,0.9788473848010183
0,2026-01-31 20:54:33,128577.27443350879,3060.0002025604244,133268,135181,0.9858486029841472
0,2026-01-31 20:54:33,128577.27443350879,3062.0002029418943,132941,134737,0.9866703281207092
0,2026-01-31 20:54:33,128577.27443350879,3064.000203323364,132549,134279,0.9871163770954505
0,2026-01-31 20:54:33,128577.27443350879,3066.000203704834,132861,135086,0.9835290111484536
0,2026-01-31 20:54:33,128577.27443350879,3068.0002040863037,131605,134215,0.9805535893901576
0,2026-01-31 20:54:33,128577.27443350879,3070.000204467773,131834,134681,0.9788611608170418
0,2026-01-31 20:54:33,128577.27443350879,3072.000204849243,132227,134285,0.984674386565886
0,2026-01-31 20:54:33,128577.27443350879,3074.0002052307127,131656,132728,0.9919233319269484
0,2026-01-31 20:54:33,128577.27443350879,3076.0002056121825,131967,134128,0.9838885243946082
0,2026-01-31 20:54:33,128577.27443350879,3078.0002059936523,132009,133591,0.988157884887455
0,2026-01-31 20:54:33,128577.27443350879,3080.0002063751217,131398,133362,0.9852731662692521
0,2026-01-31 20:54:33,128577.27443350879,3082.0002067565915,131060,133371,0.9826723950483989
0,2026-01-31 20:54:33,128577.27443350879,3084.0002071380613,131280,133819,0.9810266105709952
0,2026-01-31 20:54:33,128577.27443350879,3086.000207519531,131176,133146,0.9852042119177444
0,2026-01-31 20:54:33,128577.27443350879,3088.000207901001,130680,133172,0.9812873577028204
0,2026-01-31 20:54:33,128577.27443350879,3090.0002082824703,131948,133792,0.9862174121023679
0,2026-01-31 20:54:33,128577.27443350879,3092.00020866394,131108,133729,0.9804006610383686
0,2026-01-31 20:54:33,128577.27443350879,3094.00020904541,131253,134240,0.9777488081048867
0,2026-01-31 20:54:33,128577.27443350879,3096.00020942688,131574,134735,0.9765391323709504
0,2026-01-31 20:54:33,128577.27443350879,3098.0002098083496,131709,134670,0.9780129204722655
0,2026-01-31 20:54:33,128577.27443350879,3100.000210189819,132172,135035,0.9787980893842337
0,2026-01-31 20:54:33,128577.27443350879,3102.000210571289,133156,134905,0.9870353211519217
0,2026-01-31 20:54:33,128577.27443350879,3104.0002109527586,133023,135170,0.9841162979951172
0,2026-01-31 20:54:33,128577.27443350879,3106.0002113342284,134029,135516,0.9890271259482275
0,2026-01-31 20:54:33,128577.27443350879,3108.0002117156982,133616,135747,0.9843016788584646
0,2026-01-31 20:54:33,128577.27443350879,3110.0002120971676,133765,135514,0.9870935844267013
0,2026-01-31 20:54:33,128577.27443350879,3112.0002124786374,133971,135785,0.9866406451375336
0,2026-01-31 20:54:33,128577.27443350879,3114.0002128601072,134256,136134,0.986204768830711
0,2026-01-31 20:54:33,128577.27443350879,3116.000213241577,133674,136378,0.980172755136459
0,2026-01-31 20:54:33,128577.27443350879,3118.000213623047,133734,135484,0.987083345634909
0,2026-01-31 20:54:33,128577.27443350879,3120.0002140045162,133692,135510,0.9865840159397831
0,2026-01-31 20:54:33,128577.27443350879,3122.000214385986,134178,135178,0.9926023465356789
0,2026-01-31 20:54:33,128577.27443350879,3124.000214767456,134204,136100,0.986069066862601
0,2026-01-31 20:54:33,128577.27443350879,3126.0002151489257,134140,135623,0.9890652765386402
0,2026-01-31 20:54:33,128577.27443350879,3128.0002155303955,134285,135710,0.9894996684105813
0,2026-01-31 20:54:33,128577.27443350879,3130.000215911865,134511,136225,0.9874178748394201
0,2026-01-31 20:54:33,128577.27443350879,3132.0002162933347,134762,135657,0.9934024783092653
0,2026-01-31 20:54:33,128577.27443350879,3134.0002166748045,133614,135525,0.9858992805755395
0,2026-01-31 20:54:33,128577.27443350879,3136.0002170562743,134072,136150,0.9847374219610724
0,2026-01-31 20:54:33,128577.27443350879,3138.000217437744,134734,136806,0.984854465447422
0,2026-01-31 20:54:33,128577.27443350879,3140.0002178192135,134400,135942,0.988656927218961
0,2026-01-31 20:54:33,128577.27443350879,3142.0002182006833,134702,136883,0.9840666846869224
0,2026-01-31 20:54:33,128577.27443350879,3144.000218582153,135292,135702,0.9969786738588967
0,2026-01-31 20:54:33,128577.27443350879,3146.000218963623,134830,135830,0.992637856143709
0,2026-01-31 20:54:33,128577.27443350879,3148.000219345093,134887,136548,0.9878357793596391
0,2026-01-31 20:54:33,128577.27443350879,3150.000219726562,135448,135698,0.998157673657681
0,2026-01-31 20:54:33,128577.27443350879,3152.000220108032,134036,136341,0.9830938602474677
0,2026-01-31 20:54:33,128577.27443350879,3154.0002204895018,135085,135295,0.9984478362097639
0,2026-01-31 20:54:33,128577.27443350879,3156.0002208709716,134280,134874,0.9955958894968637
0,2026-01-31 20:54:33,128577.27443350879,3158.0002212524414,132889,134604,0.9872589224688717
0,2026-01-31 20:54:33,128577.27443350879,3160.0002216339108,134438,134463,0.9998140752474658
0,2026-01-31 20:54:33,128577.27443350879,3162.0002220153806,132560,134735,0.9838572011726723
0,2026-01-31 20:54:33,128577.27443350879,3164.0002223968504,132877,134267,0.9896474934272755
0,2026-01-31 20:54:33,128577.27443350879,3166.00022277832,132497,133197,0.994744626380474
0,2026-01-31 20:54:33,128577.27443350879,3168.00022315979,132839,134085,0.9907073871051945
0,2026-01-31 20:54:33,128577.27443350879,3170.0002235412594,132196,133186,0.9925667862988602
0,2026-01-31 20:54:33,128577.27443350879,3172.000223922729,132066,132922,0.9935601330103369
0,2026-01-31 20:54:33,128577.27443350879,3174.000224304199,131967,133031,0.992001864227135
0,2026-01-31 20:54:33,128577.27443350879,3176.000224685669,131332,133091,0.9867834789730335
0,2026-01-31 20:54:33,128577.27443350879,3178.0002250671387,131316,133335,0.9848576892788841
0,2026-01-31 20:54:33,128577.27443350879,3180.000225448608,131488,132198,0.9946292682188838
0,2026-01-31 20:54:33,128577.27443350879,3182.000225830078,132396,133181,0.9941057658374693
0,2026-01-31 20:54:33,128577.27443350879,3184.0002262115477,132669,133706,0.9922441775238209
0,2026-01-31 20:54:33,128577.27443350879,3186.0002265930175,132819,133230,0.9969151092096374
0,2026-01-31 20:54:33,128577.27443350879,3188.0002269744873,132595,134724,0.9841973219322466
0,2026-01-31 20:54:33,128577.27443350879,3190.0002273559567,132974,133848,0.9934702050086666
0,2026-01-31 20:54:33,128577.27443350879,3192.0002277374265,134075,133825,1.0018681113394359
0,2026-01-31 20:54:33,128577.27443350879,3194.0002281188963,132948,134653,0.9873378238880679
0,2026-01-31 20:54:33,128577.27443350879,3196.000228500366,133837,135072,0.9908567282634447
0,2026-01-31 20:54:33,128577.27443350879,3198.000228881836,134135,135740,0.988175924561662
0,2026-01-31 20:54:33,128577.27443350879,3200.0002292633053,134438,135825,0.9897883305724278
0,2026-01-31 20:54:33,128577.27443350879,3202.000229644775,134045,135655,0.9881316575135454
0,2026-01-31 20:54:33,128577.27443350879,3204.000230026245,135069,136276,0.9911429745516452
0,2026-01-31 20:54:33,128577.27443350879,3206.0002304077148,135257,134952,1.002260062837157
0,2026-01-31 20:54:33,128577.27443350879,3208.0002307891846,134509,135786,0.9905954958537699
0,2026-01-31 20:54:33,128577.27443350879,3210.000231170654,135264,136176,0.9933027846316531
0,2026-01-31 20:54:33,128577.27443350879,3212.0002315521238,135154,136336,0.9913302429292337
0,2026-01-31 20:54:33,128577.27443350879,3214.0002319335936,134436,136370,0.9858179951602258
0,2026-01-31 20:54:33,128577.27443350879,3216.0002323150634,134885,135594,0.9947711550658583
0,2026-01-31 20:54:33,128577.27443350879,3218.000232696533,134999,136134,0.9916626265297428
0,2026-01-31 20:54:33,128577.27443350879,3220.0002330780026,134826,135150,0.9976026637069922
0,2026-01-31 20:54:33,128577.27443350879,3222.0002334594724,134556,135401,0.9937592779964698
0,2026-01-31 20:54:33,128577.27443350879,3224.000233840942,134578,135316,0.9945460995004286
0,2026-01-31 20:54:33,128577.27443350879,3226.000234222412,134760,135679,0.9932266599842274
0,2026-01-31 20:54:33,128577.27443350879,3228.000234603882,134641,135127,0.9964033834836857
0,2026-01-31 20:54:33,128577.27443350879,3230.000234985351,134515,135152,0.9952867882088315
0,2026-01-31 20:54:33,128577.27443350879,3232.000235366821,134793,135499,0.9947896294437597
0,2026-01-31 20:54:33,128577.27443350879,3234.000235748291,134934,135674,0.9945457493698129
0,2026-01-31 20:54:33,128577.27443350879,3236.0002361297607,134817,135451,0.9953193405733438
0,2026-01-31 20:54:33,128577.27443350879,3238.0002365112305,134719,135568,0.9937374601675911
0,2026-01-31 20:54:33,128577.27443350879,3240.0002368927,135067,135536,0.9965396647385196
0,2026-01-31 20:54:33,128577.27443350879,3242.0002372741696,134438,135750,0.9903351749539595
0,2026-01-31 20:54:33,128577.27443350879,3244.0002376556395,134550,135593,0.9923078625002766
0,2026-01-31 20:54:33,128577.27443350879,3246.0002380371093,134078,135231,0.9914738484519082
0,2026-01-31 20:54:33,128577.27443350879,3248.000238418579,134155,134853,0.9948239935336997
0,2026-01-31 20:54:33,128577.27443350879,3250.0002388000485,133397,135863,0.9818493629612183
0,2026-01-31 20:54:33,128577.27443350879,3252.0002391815183,133562,135333,0.9869137608713322
0,2026-01-31 20:54:33,128577.27443350879,3254.000239562988,132539,134718,0.9838254724684155
0,2026-01-31 20:54:33,128577.27443350879,3256.000239944458,132115,134295,0.9837670799359619
0,2026-01-31 20:54:33,128577.27443350879,3258.0002403259277,130785,134559,0.971952823668428
0,2026-01-31 20:54:33,128577.27443350879,3260.000240707397,129642,133463,0.9713703423420723
0,2026-01-31 20:54:33,128577.27443350879,3262.000241088867,126987,133999,0.9476712512779946
0,2026-01-31 20:54:33,128577.27443350879,3264.0002414703367,124565,133262,0.9347375846077651
0,2026-01-31 20:54:33,128577.27443350879,3266.0002418518065,123892,133714,0.9265447148391343
0,2026-01-31 20:54:33,128577.27443350879,3268.0002422332764,124491,133720,0.9309826503140891
0,2026-01-31 20:54:33,128577.27443350879,3270.0002426147457,126528,133371,0.9486919945115505
0,2026-01-31 20:54:33,128577.27443350879,3272.0002429962155,128909,134243,0.9602660846375602
0,2026-01-31 20:54:33,128577.27443350879,3274.0002433776854,130150,134005,0.9712324167008693
0,2026-01-31 20:54:33,128577.27443350879,3276.000243759155,130912,132542,0.9877020114378838
0,2026-01-31 20:54:33,128577.27443350879,3278.000244140625,131520,133333,0.986402466006165
0,2026-01-31 20:54:33,128577.27443350879,3280.0002445220944,132229,134364,0.9841103271709685
0,2026-01-31 20:54:33,128577.27443350879,3282.000244903564,131937,134290,0.9824782187802517
0,2026-01-31 20:54:33,128577.27443350879,3284.000245285034,133161,133738,0.9956855942215377
0,2026-01-31 20:54:33,128577.27443350879,3286.000245666504,133006,134261,0.9906525349878222
0,2026-01-31 20:54:33,128577.27443350879,3288.0002460479736,133416,134400,0.9926785714285714
0,2026-01-31 20:54:33,128577.27443350879,3290.000246429443,133537,134414,0.9934753820286577
0,2026-01-31 20:54:33,128577.27443350879,3292.000246810913,133584,135153,0.9883909347184302
0,2026-01-31 20:54:33,128577.27443350879,3294.0002471923826,134536,135455,0.9932154590085268
0,2026-01-31 20:54:33,128577.27443350879,3296.0002475738524,134699,135457,0.9944041282473405
0,2026-01-31 20:54:33,128577.27443350879,3298.0002479553223,135048,135628,0.9957235968973959
0,2026-01-31 20:54:33,128577.27443350879,3300.0002483367916,135314,136356,0.9923582387280354
0,2026-01-31 20:54:33,128577.27443350879,3302.0002487182614,134951,136639,0.9876462796127021
0,2026-01-31 20:54:33,128577.27443350879,3304.0002490997313,135274,136069,0.9941573760371576
0,2026-01-31 20:54:33,128577.27443350879,3306.000249481201,135945,136326,0.9972052286431055
0,2026-01-31 20:54:33,128577.27443350879,3308.000249862671,134714,135887,0.991367827680352
0,2026-01-31 20:54:33,128577.27443350879,3310.0002502441403,135254,137141,0.986240438672607
0,2026-01-31 20:54:33,128577.27443350879,3312.00025062561,135970,135631,1.0024994285967073
0,2026-01-31 20:54:33,128577.27443350879,3314.00025100708,135954,136348,0.9971103353184498
0,2026-01-31 20:54:33,128577.27443350879,3316.0002513885497,135693,135896,0.9985062106316595
0,2026-01-31 20:54:33,128577.27443350879,3318.0002517700195,135618,136944,0.990317209954434
0,2026-01-31 20:54:33,128577.27443350879,3320.000252151489,135490,137385,0.9862066455581031
0,2026-01-31 20:54:33,128577.27443350879,3322.0002525329587,135573,136796,0.9910596801076055
0,2026-01-31 20:54:33,128577.27443350879,3324.0002529144285,135492,135704,0.9984377763367329
0,2026-01-31 20:54:33,128577.27443350879,3326.0002532958983,136304,136665,0.9973585043720046
0,2026-01-31 20:54:33,128577.27443350879,3328.000253677368,135870,136701,0.9939210393486514
0,2026-01-31 20:54:33,128577.27443350879,3330.0002540588375,136618,136325,1.0021492756280945
0,2026-01-31 20:54:33,128577.27443350879,3332.0002544403073,135125,136588,0.9892889565701233
0,2026-01-31 20:54:33,128577.27443350879,3334.000254821777,135186,136010,0.9939416219395633
0,2026-01-31 20:54:33,128577.27443350879,3336.000255203247,135338,135942,0.9955569286901766
0,2026-01-31 20:54:33,128577.27443350879,3338.000255584717,135189,136453,0.9907367371915604
0,2026-01-31 20:54:33,128577.27443350879,3340.000255966186,134643,136226,0.9883796044807893
0,2026-01-31 20:54:33,128577.27443350879,3342.000256347656,134982,135784,0.9940935603605727
0,2026-01-31 20:54:33,128577.27443350879,3344.000256729126,134849,135915,0.9921568627450981
0,2026-01-31 20:54:33,128577.27443350879,3346.0002571105956,134963,135413,0.9966768330957885
0,2026-01-31 20:54:33,128577.27443350879,3348.0002574920654,134270,135077,0.9940256298259511
0,2026-01-31 20:54:33,128577.27443350879,3350.000257873535,134129,134921,0.9941298982367459
0,2026-01-31 20:54:33,128577.27443350879,3352.0002582550046,133562,133929,0.9972597421021586
0,2026-01-31 20:54:33,128577.27443350879,3354.0002586364744,133106,134131,0.992358216966995
0,2026-01-31 20:54:33,128577.27443350879,3356.0002590179442,132920,133836,0.9931558026241071
0,2026-01-31 20:54:33,128577.27443350879,3358.000259399414,132572,132461,1.0008379825005096
0,2026-01-31 20:54:33,128577.27443350879,3360.0002597808834,132927,133804,0.9934456369017368
0,2026-01-31 20:54:33,128577.27443350879,3362.0002601623532,132514,133739,0.9908403681798129
0,2026-01-31 20:54:33,128577.27443350879,3364.000260543823,132871,133659,0.9941044000029927
0,2026-01-31 20:54:33,128577.27443350879,3366.000260925293,132961,133640,0.9949191858724933
0,2026-01-31 20:54:33,128577.27443350879,3368.0002613067627,132990,133797,0.993968474629476
0,2026-01-31 20:54:33,128577.27443350879,3370.000261688232,132653,133280,0.995295618247299
0,2026-01-31 20:54:33,128577.27443350879,3372.000262069702,132925,133075,0.9988728160811572
0,2026-01-31 20:54:33,128577.27443350879,3374.0002624511717,133185,133971,0.9941330586470206
0,2026-01-31 20:54:33,128577.27443350879,3376.0002628326415,133082,133913,0.9937944785047008
0,2026-01-31 20:54:33,128577.27443350879,3378.0002632141113,134087,134060,1.0002014023571535
0,2026-01-31 20:54:33,128577.27443350879,3380.0002635955807,134049,135448,0.9896713129761975
0,2026-01-31 20:54:33,128577.27443350879,3382.0002639770505,134135,135216,0.9920053839782275
0,2026-01-31 20:54:33,128577.27443350879,3384.0002643585203,133991,135850,0.9863157894736843
0,2026-01-31 20:54:33,128577.27443350879,3386.00026473999,134052,135067,0.992485211043408
0,2026-01-31 20:54:33,128577.27443350879,3388.00026512146,135028,135985,0.9929624590947531
0,2026-01-31 20:54:33,128577.27443350879,3390.0002655029293,135366,136165,0.9941321191201851
0,2026-01-31 20:54:33,128577.27443350879,3392.000265884399,135406,135704,0.9978040440959736
0,2026-01-31 20:54:33,128577.27443350879,3394.000266265869,135114,135848,0.9945969024203521
0,2026-01-31 20:54:33,128577.27443350879,3396.000266647339,135455,135584,0.9990485603021005
0,2026-01-31 20:54:33,128577.27443350879,3398.0002670288086,134686,136213,0.988789616262765
0,2026-01-31 20:54:33,128577.27443350879,3400.000267410278,134883,135451,0.9958066016493049
0,2026-01-31 20:54:33,128577.27443350879,3402.000267791748,134189,135034,0.9937423167498556
0,2026-01-31 20:54:33,128577.27443350879,3404.0002681732176,134750,135504,0.9944355886173102
0,2026-01-31 20:54:33,128577.27443350879,3406.0002685546874,134770,135279,0.9962374056579366
0,2026-01-31 20:54:33,128577.27443350879,3408.000268936157,134983,135214,0.9982915970239769
0,2026-01-31 20:54:33,128577.27443350879,3410.0002693176266,134508,135421,0.9932580618958655
0,2026-01-31 20:54:33,128577.27443350879,3412.0002696990964,134394,135427,0.9923722743618333
0,2026-01-31 20:54:33,128577.27443350879,3414.000270080566,134192,135274,0.9920014193414847
0,2026-01-31 20:54:33,128577.27443350879,3416.000270462036,134681,135735,0.9922348694146683
0,2026-01-31 20:54:33,128577.27443350879,3418.000270843506,134131,135885,0.9870920263458071
0,2026-01-31 20:54:33,128577.27443350879,3420.000271224975,135102,135148,0.9996596324029953
0,2026-01-31 20:54:33,128577.27443350879,3422.000271606445,134534,135330,0.9941180817261509
0,2026-01-31 20:54:33,128577.27443350879,3424.000271987915,134435,134761,0.9975809024866245
0,2026-01-31 20:54:33,128577.27443350879,3426.0002723693847,134505,135402,0.9933752824921346
0,2026-01-31 20:54:33,128577.27443350879,3428.0002727508545,134539,134810,0.9979897633706698
0,2026-01-31 20:54:33,128577.27443350879,3430.000273132324,134259,134381,0.999092133560548
0,2026-01-31 20:54:33,128577.27443350879,3432.0002735137937,133652,134750,0.9918515769944342
0,2026-01-31 20:54:33,128577.27443350879,3434.0002738952635,134122,134966,0.9937465732110309
0,2026-01-31 20:54:33,128577.27443350879,3436.0002742767333,133603,134699,0.9918633397426856
0,2026-01-31 20:54:33,128577.27443350879,3438.000274658203,133319,134533,0.9909761917150439
0,2026-01-31 20:54:33,128577.27443350879,3440.0002750396725,133251,133708,0.9965821042869537
0,2026-01-31 20:54:33,128577.27443350879,3442.0002754211423,133199,133592,0.9970582070782682
0,2026-01-31 20:54:33,128577.27443350879,3444.000275802612,132694,133976,0.9904311219919986
0,2026-01-31 20:54:33,128577.27443350879,3446.000276184082,132335,132545,0.998415632426723
0,2026-01-31 20:54:33,128577.27443350879,3448.0002765655518,131646,132438,0.9940198432474063
0,2026-01-31 20:54:33,128577.27443350879,3450.000276947021,131835,131892,0.9995678282230916
0,2026-01-31 20:54:33,128577.27443350879,3452.000277328491,130365,130811,0.9965905007988625
0,2026-01-31 20:54:33,128577.27443350879,3454.0002777099608,131534,130716,1.0062578414272163
0,2026-01-31 20:54:33,128577.27443350879,3456.0002780914306,130045,131316,0.9903210576015109
0,2026-01-31 20:54:33,128577.27443350879,3458.0002784729004,130338,130203,1.0010368424690674
0,2026-01-31 20:54:33,128577.27443350879,3460.0002788543698,129858,130738,0.9932689807095106
0,2026-01-31 20:54:33,128577.27443350879,3462.0002792358396,129857,130482,0.9952100672889748
0,2026-01-31 20:54:33,128577.27443350879,3464.0002796173094,130559,130549,1.0000765995909582
0,2026-01-31 20:54:33,128577.27443350879,3466.000279998779,130427,130873,0.9965921160208752
0,2026-01-31 20:54:33,128577.27443350879,3468.000280380249,129522,130464,0.9927796173657101
0,2026-01-31 20:54:33,128577.27443350879,3470.0002807617184,130728,131443,0.9945603797843933
0,2026-01-31 20:54:33,128577.27443350879,3472.000281143188,130925,130882,1.0003285402117938
0,2026-01-31 20:54:33,128577.27443350879,3474.000281524658,131301,131392,0.9993074159766195
0,2026-01-31 20:54:33,128577.27443350879,3476.000281906128,131383,131242,1.0010743511985492
0,2026-01-31 20:54:33,128577.27443350879,3478.0002822875977,131713,131663,1.0003797574109659
0,2026-01-31 20:54:33,128577.27443350879,3480.000282669067,132104,131973,1.0009926272798224
0,2026-01-31 20:54:33,128577.27443350879,3482.000283050537,132402,133556,0.9913594297523136
0,2026-01-31 20:54:33,128577.27443350879,3484.0002834320067,132402,133342,0.9929504582202157
0,2026-01-31 20:54:33,128577.27443350879,3486.0002838134765,133229,133840,0.9954348475791991
0,2026-01-31 20:54:33,128577.27443350879,3488.0002841949463,133043,133797,0.9943645971135376
0,2026-01-31 20:54:33,128577.27443350879,3490.0002845764157,132855,133567,0.9946693419781832
0,2026-01-31 20:54:33,128577.27443350879,3492.0002849578855,133360,133769,0.9969424904125769
0,2026-01-31 20:54:33,128577.27443350879,3494.0002853393553,133826,134489,0.9950702287919458
0,2026-01-31 20:54:33,128577.27443350879,3496.000285720825,133421,134853,0.9893810297138366
0,2026-01-31 20:54:33,128577.27443350879,3498.000286102295,133359,135214,0.9862810064046622
0,2026-01-31 20:54:33,128577.27443350879,3500.0002864837643,133710,133902,0.9985661155173187
1,2026-01-31 21:26:28,120277.92904554818,2000.0000003814696,126743,126125,1.0048999008919723
1,2026-01-31 21:26:28,120277.92904554818,2002.0000007629394,124974,125697,0.9942480727463663
1,2026-01-31 21:26:28,120277.92904554818,2004.000001144409,125233,125369,0.9989152023227432
1,2026-01-31 21:26:28,120277.92904554818,2006.0000015258788,125418,126008,0.9953177576026919
1,2026-01-31 21:26:28,120277.92904554818,2008.0000019073484,125615,125454,1.0012833389130678
1,2026-01-31 21:26:28,120277.92904554818,2010.0000022888182,124801,126289,0.9882175011283643
1,2026-01-31 21:26:28,120277.92904554818,2012.000002670288,125181,125398,0.9982695098805403
1,2026-01-31 21:26:28,120277.92904554818,2014.0000030517576,125047,125590,0.9956764073572737
1,2026-01-31 21:26:28,120277.92904554818,2016.0000034332274,125042,125804,0.9939429588884297
1,2026-01-31 21:26:28,120277.92904554818,2018.000003814697,124844,126116,0.9899140473849471
1,2026-01-31 21:26:28,120277.92904554818,2020.0000041961669,124679,126126,0.9885273456702028
1,2026-01-31 21:26:28,120277.92904554818,2022.0000045776367,125529,126399,0.9931170341537512
1,2026-01-31 21:26:28,120277.92904554818,2024.0000049591063,125428,126325,0.9928992677617257
1,2026-01-31 21:26:28,120277.92904554818,2026.000005340576,126398,126801,0.996821791626249
1,2026-01-31 21:26:28,120277.92904554818,2028.0000057220457,126146,126951,0.9936589707840032
1,2026-01-31 21:26:28,120277.92904554818,2030.0000061035155,126976,128208,0.9903906152502184
1,2026-01-31 21:26:28,120277.92904554818,2032.0000064849853,127887,127783,1.0008138797805655
1,2026-01-31 21:26:28,120277.92904554818,2034.000006866455,127748,129060,0.9898341856500852
1,2026-01-31 21:26:28,120277.92904554818,2036.0000072479247,128742,130151,0.9891741131455002
1,2026-01-31 21:26:28,120277.92904554818,2038.0000076293943,129112,130670,0.988076834774623
1,2026-01-31 21:26:28,120277.92904554818,2040.0000080108641,130538,130897,0.9972573855779735
1,2026-01-31 21:26:28,120277.92904554818,2042.000008392334,130367,130657,0.9977804480433502
1,2026-01-31 21:26:28,120277.92904554818,2044.0000087738035,131123,131426,0.9976945201101761
1,2026-01-31 21:26:28,120277.92904554818,2046.0000091552733,131134,131797,0.9949695364841384
1,2026-01-31 21:26:28,120277.92904554818,2048.000009536743,131404,131963,0.9957639641414638
1,2026-01-31 21:26:28,120277.92904554818,2050.0000099182125,131326,131697,0.9971829274774672
1,2026-01-31 21:26:28,120277.92904554818,2052.0000102996823,131550,131441,1.0008292694060452
1,2026-01-31 21:26:28,120277.92904554818,2054.000010681152,130721,132094,0.9896058867170349
1,2026-01-31 21:26:28,120277.92904554818,2056.000011062622,130595,130588,1.0000536037001868
1,2026-01-31 21:26:28,120277.92904554818,2058.000011444092,130639,131474,0.9936489343900695
1,2026-01-31 21:26:28,120277.92904554818,2060.000011825561,130703,131163,0.9964929133978332
1,2026-01-31 21:26:28,120277.92904554818,2062.000012207031,129903,130863,0.9926640838128424
1,2026-01-31 21:26:28,120277.92904554818,2064.000012588501,129875,131103,0.9906333188409113
1,2026-01-31 21:26:28,120277.92904554818,2066.0000129699706,129330,130220,0.9931654123790509
1,2026-01-31 21:26:28,120277.92904554818,2068.0000133514404,129525,130129,0.9953584519976331
1,2026-01-31 21:26:28,120277.92904554818,2070.00001373291,129172,130703,0.9882864203576046
1,2026-01-31 21:26:28,120277.92904554818,2072.0000141143796,128444,129081,0.9950651141531287
1,2026-01-31 21:26:28,120277.92904554818,2074.0000144958494,128992,129260,0.9979266594460777
1,2026-01-31 21:26:28,120277.92904554818,2076.0000148773192,128055,128462,0.9968317479098877
1,2026-01-31 21:26:28,120277.92904554818,2078.000015258789,128320,127221,1.0086385109376597
1,2026-01-31 21:26:28,120277.92904554818,2080.0000156402584,127035,127095,0.9995279121916677
1,2026-01-31 21:26:28,120277.92904554818,2082.0000160217282,126169,126532,0.9971311604969494
1,2026-01-31 21:26:28,120277.92904554818,2084.000016403198,125602,125392,1.0016747479903023
1,2026-01-31 21:26:28,120277.92904554818,2086.000016784668,123794,124679,0.9929017717498536
1,2026-01-31 21:26:28,120277.92904554818,2088.0000171661377,122710,123153,0.9964028484892775
1,2026-01-31 21:26:28,120277.92904554818,2090.000017547607,122545,122735,0.9984519493217093
1,2026-01-31 21:26:28,120277.92904554818,2092.000017929077,121598,122063,0.9961904917952205
1,2026-01-31 21:26:28,120277.92904554818,2094.0000183105467,121253,121417,0.9986492830493259
1,2026-01-31 21:26:28,120277.92904554818,2096.0000186920165,121584,121990,0.996671858349045
1,2026-01-31 21:26:28,120277.92904554818,2098.0000190734863,121190,122224,0.9915401230527556
1,2026-01-31 21:26:28,120277.92904554818,2100.0000194549557,121636,122303,0.9945463316517175
1,2026-01-31 21:26:28,120277.92904554818,2102.0000198364255,121908,123445,0.9875491109400948
1,2026-01-31 21:26:28,120277.92904554818,2104.0000202178953,122462,123443,0.9920530123214764
1,2026-01-31 21:26:28,120277.92904554818,2106.000020599365,123171,124879,0.9863227604320983
1,2026-01-31 21:26:28,120277.92904554818,2108.000020980835,124054,125427,0.989053393607437
1,2026-01-31 21:26:28,120277.92904554818,2110.0000213623043,125283,126341,0.9916258380098305
1,2026-01-31 21:26:28,120277.92904554818,2112.000021743774,125770,126256,0.9961506779875808
1,2026-01-31 21:26:28,120277.92904554818,2114.000022125244,125761,126817,0.9916730406806659
1,2026-01-31 21:26:28,120277.92904554818,2116.000022506714,126400,127687,0.9899206653770548
1,2026-01-31 21:26:28,120277.92904554818,2118.0000228881836,126938,127626,0.9946092488991272
1,2026-01-31 21:26:28,120277.92904554818,2120.000023269653,126385,127973,0.9875911325045127
1,2026-01-31 21:26:28,120277.92904554818,2122.000023651123,127494,128204,0.9944619512651711
1,2026-01-31 21:26:28,120277.92904554818,2124.0000240325926,127352,127377,0.9998037322279533
1,2026-01-31 21:26:28,120277.92904554818,2126.0000244140624,127109,127997,0.9930623373985328
1,2026-01-31 21:26:28,120277.92904554818,2128.000024795532,127955,128590,0.9950618244031417
1,2026-01-31 21:26:28,120277.92904554818,2130.0000251770016,128001,128949,0.9926482562873694
1,2026-01-31 21:26:28,120277.92904554818,2132.0000255584714,128413,129097,0.9947016584428763
1,2026-01-31 21:26:28,120277.92904554818,2134.000025939941,128353,129166,0.993705773965285
1,2026-01-31 21:26:28,120277.92904554818,2136.000026321411,129295,129874,0.9955418328533809
1,2026-01-31 21:26:28,120277.92904554818,2138.000026702881,128842,130034,0.990833166710245
1,2026-01-31 21:26:28,120277.92904554818,2140.00002708435,129348,130528,0.9909597940671733
1,2026-01-31 21:26:28,120277.92904554818,2142.00002746582,130473,130377,1.0007363261925033
1,2026-01-31 21:26:28,120277.92904554818,2144.00002784729,130581,130519,1.0004750266244762
1,2026-01-31 21:26:28,120277.92904554818,2146.0000282287597,129904,130845,0.9928082846115633
1,2026-01-31 21:26:28,120277.92904554818,2148.0000286102295,129893,130763,0.9933467418153453
1,2026-01-31 21:26:28,120277.92904554818,2150.000028991699,130071,130784,0.9945482627844384
1,2026-01-31 21:26:28,120277.92904554818,2152.0000293731687,130017,130514,0.9961919794045083
1,2026-01-31 21:26:28,120277.92904554818,2154.0000297546385,130552,130765,0.9983711237716514
1,2026-01-31 21:26:28,120277.92904554818,2156.0000301361083,130190,130961,0.9941127511243806
1,2026-01-31 21:26:28,120277.92904554818,2158.000030517578,130367,130674,0.997650642055803
1,2026-01-31 21:26:28,120277.92904554818,2160.0000308990475,130090,131117,0.9921673009602111
1,2026-01-31 21:26:28,120277.92904554818,2162.0000312805173,130733,130680,1.0004055708601163
1,2026-01-31 21:26:28,120277.92904554818,2164.000031661987,130854,130412,1.0033892586571789
1,2026-01-31 21:26:28,120277.92904554818,2166.000032043457,129963,130900,0.9928418640183346
1,2026-01-31 21:26:28,120277.92904554818,2168.0000324249268,129713,130694,0.9924939170887722
1,2026-01-31 21:26:28,120277.92904554818,2170.000032806396,130265,130804,0.9958793309073117
1,2026-01-31 21:26:28,120277.92904554818,2172.000033187866,129526,130092,0.995649232850598
1,2026-01-31 21:26:28,120277.92904554818,2174.0000335693358,128823,129395,0.9955794273349048
1,2026-01-31 21:26:28,120277.92904554818,2176.0000339508056,129037,129112,0.9994191089906438
1,2026-01-31 21:26:28,120277.92904554818,2178.0000343322754,128005,128746,0.9942444813819459
1,2026-01-31 21:26:28,120277.92904554818,2180.0000347137448,127391,127857,0.9963553031902829
1,2026-01-31 21:26:28,120277.92904554818,2182.0000350952146,127340,127571,0.9981892436368767
1,2026-01-31 21:26:28,120277.92904554818,2184.0000354766844,126052,126868,0.9935681180439512
1,2026-01-31 21:26:28,120277.92904554818,2186.000035858154,124960,125615,0.994785654579469
1,2026-01-31 21:26:28,120277.92904554818,2188.000036239624,125015,125132,0.9990649873733337
1,2026-01-31 21:26:28,120277.92904554818,2190.0000366210934,124076,125062,0.9921159105083879
1,2026-01-31 21:26:28,120277.92904554818,2192.000037002563,124119,124767,0.9948063189785761
1,2026-01-31 21:26:28,120277.92904554818,2194.000037384033,123813,124765,0.9923696549513085
1,2026-01-31 21:26:28,120277.92904554818,2196.000037765503,124222,125157,0.9925293830948329
1,2026-01-31 21:26:28,120277.92904554818,2198.0000381469727,124800,125696,0.9928716904276986
1,2026-01-31 21:26:28,120277.92904554818,2200.000038528442,125184,125506,0.9974343856070627
1,2026-01-31 21:26:28,120277.92904554818,2202.000038909912,125835,126459,0.995065594382369
1,2026-01-31 21:26:28,120277.92904554818,2204.0000392913817,126025,127694,0.9869296912932479
1,2026-01-31 21:26:28,120277.92904554818,2206.0000396728515,126681,127779,0.9914070387152819
1,2026-01-31 21:26:28,120277.92904554818,2208.0000400543213,127945,127876,1.0005395852231849
1,2026-01-31 21:26:28,120277.92904554818,2210.0000404357907,128838,129424,0.9954722462603536
1,2026-01-31 21:26:28,120277.92904554818,2212.0000408172605,128753,128851,0.9992394315915282
1,2026-01-31 21:26:28,120277.92904554818,2214.0000411987303,129430,130437,0.9922797979101022
1,2026-01-31 21:26:28,120277.92904554818,2216.0000415802,130647,130575,1.00055140723722
1,2026-01-31 21:26:28,120277.92904554818,2218.00004196167,130457,130699,0.9981484173559094
1,2026-01-31 21:26:28,120277.92904554818,2220.0000423431393,130316,130780,0.9964520568894326
1,2026-01-31 21:26:28,120277.92904554818,2222.000042724609,131122,131601,0.9963602100287992
1,2026-01-31 21:26:28,120277.92904554818,2224.000043106079,130583,131799,0.9907738298469639
1,2026-01-31 21:26:28,120277.92904554818,2226.0000434875487,130779,131495,0.9945549260428154
1,2026-01-31 21:26:28,120277.92904554818,2228.0000438690186,130992,131683,0.9947525496837101
1,2026-01-31 21:26:28,120277.92904554818,2230.000044250488,130788,131780,0.9924723023220519
1,2026-01-31 21:26:28,120277.92904554818,2232.0000446319577,130995,131281,0.9978214669297156
1,2026-01-31 21:26:28,120277.92904554818,2234.0000450134276,130604,131992,0.989484211164313
1,2026-01-31 21:26:28,120277.92904554818,2236.0000453948974,131101,131918,0.9938067587440683
1,2026-01-31 21:26:28,120277.92904554818,2238.000045776367,131069,132225,0.9912573265267537
1,2026-01-31 21:26:28,120277.92904554818,2240.0000461578366,130656,131348,0.9947315528215123
1,2026-01-31 21:26:28,120277.92904554818,2242.0000465393064,131196,132094,0.9932018108316805
1,2026-01-31 21:26:28,120277.92904554818,2244.000046920776,130809,131197,0.9970426153037036
1,2026-01-31 21:26:28,120277.92904554818,2246.000047302246,130722,131630,0.9931018764719289
1,2026-01-31 21:26:28,120277.92904554818,2248.000047683716,130862,131377,0.996079983558766
1,2026-01-31 21:26:28,120277.92904554818,2250.000048065185,130704,130829,0.9990445543419273
1,2026-01-31 21:26:28,120277.92904554818,2252.000048446655,129940,131089,0.9912349625063888
1,2026-01-31 21:26:28,120277.92904554818,2254.000048828125,129946,130428,0.9963044744993407
1,2026-01-31 21:26:28,120277.92904554818,2256.0000492095946,129579,130727,0.9912183405111415
1,2026-01-31 21:26:28,120277.92904554818,2258.0000495910645,128942,129822,0.9932214878834096
1,2026-01-31 21:26:28,120277.92904554818,2260.000049972534,129348,129851,0.9961263294083218
1,2026-01-31 21:26:28,120277.92904554818,2262.0000503540036,128417,129918,0.9884465585985006
1,2026-01-31 21:26:28,120277.92904554818,2264.0000507354735,128629,129421,0.993880436714289
1,2026-01-31 21:26:28,120277.92904554818,2266.0000511169433,128766,129328,0.995654459977731
1,2026-01-31 21:26:28,120277.92904554818,2268.000051498413,127918,129994,0.9840300321553302
1,2026-01-31 21:26:28,120277.92904554818,2270.0000518798824,128642,128705,0.9995105085272522
1,2026-01-31 21:26:28,120277.92904554818,2272.0000522613523,127352,129553,0.9830108141069678
1,2026-01-31 21:26:28,120277.92904554818,2274.000052642822,128423,129007,0.9954731138620385
1,2026-01-31 21:26:28,120277.92904554818,2276.000053024292,127853,129006,0.9910624312047501
1,2026-01-31 21:26:28,120277.92904554818,2278.0000534057617,126976,128516,0.9880170562420243
1,2026-01-31 21:26:28,120277.92904554818,2280.000053787231,127663,128051,0.9969699572826451
1,2026-01-31 21:26:28,120277.92904554818,2282.000054168701,126786,128235,0.9887004327991578
1,2026-01-31 21:26:28,120277.92904554818,2284.0000545501707,126894,127840,0.9926001251564456
1,2026-01-31 21:26:28,120277.92904554818,2286.0000549316405,126097,127889,0.9859878488376639
1,2026-01-31 21:26:28,120277.92904554818,2288.0000553131104,126394,127014,0.9951186483379785
1,2026-01-31 21:26:28,120277.92904554818,2290.0000556945797,125981,127341,0.989320014763509
1,2026-01-31 21:26:28,120277.92904554818,2292.0000560760495,125571,126752,0.9906825927796011
1,2026-01-31 21:26:28,120277.92904554818,2294.0000564575193,124933,127053,0.9833140500421084
1,2026-01-31 21:26:28,120277.92904554818,2296.000056838989,124073,128450,0.9659244842351109
1,2026-01-31 21:26:28,120277.92904554818,2298.000057220459,122962,127560,0.9639542176230793
1,2026-01-31 21:26:28,120277.92904554818,2300.0000576019283,122248,127948,0.9554506518273048
1,2026-01-31 21:26:28,120277.92904554818,2302.000057983398,120130,128355,0.9359199096256476
1,2026-01-31 21:26:28,120277.92904554818,2304.000058364868,118225,128764,0.9181525892330155
1,2026-01-31 21:26:28,120277.92904554818,2306.000058746338,116643,129343,0.9018114625453252
1,2026-01-31 21:26:28,120277.92904554818,2308.0000591278076,116038,129444,0.8964339791724607
1,2026-01-31 21:26:28,120277.92904554818,2310.000059509277,117009,129318,0.9048160348907345
1,2026-01-31 21:26:28,120277.92904554818,2312.000059890747,120340,129714,0.9277333209985044
1,2026-01-31 21:26:28,120277.92904554818,2314.0000602722166,122531,130204,0.9410693987895917
1,2026-01-31 21:26:28,120277.92904554818,2316.0000606536864,125208,130687,0.9580754015319045
1,2026-01-31 21:26:28,120277.92904554818,2318.0000610351562,126894,131457,0.9652890298728862
1,2026-01-31 21:26:28,120277.92904554818,2320.0000614166256,128189,131756,0.9729272291204955
1,2026-01-31 21:26:28,120277.92904554818,2322.0000617980954,129124,132468,0.9747561675272519
1,2026-01-31 21:26:28,120277.92904554818,2324.0000621795652,130135,132808,0.9798732004096139
1,2026-01-31 21:26:28,120277.92904554818,2326.000062561035,130077,132734,0.9799825214338451
1,2026-01-31 21:26:28,120277.92904554818,2328.000062942505,131370,133152,0.9866167988464312
1,2026-01-31 21:26:28,120277.92904554818,2330.0000633239742,130618,132799,0.9835766835593641
1,2026-01-31 21:26:28,120277.92904554818,2332.000063705444,131731,133270,0.9884520147069858
1,2026-01-31 21:26:28,120277.92904554818,2334.000064086914,131491,133601,0.9842067050396329
1,2026-01-31 21:26:28,120277.92904554818,2336.0000644683837,132869,133120,0.9981144831730769
1,2026-01-31 21:26:28,120277.92904554818,2338.0000648498535,132130,133859,0.9870834236024474
1,2026-01-31 21:26:28,120277.92904554818,2340.000065231323,131582,132927,0.9898816643721742
1,2026-01-31 21:26:28,120277.92904554818,2342.0000656127927,132803,132804,0.9999924701063221
1,2026-01-31 21:26:28,120277.92904554818,2344.0000659942625,132001,132786,0.9940882321931529
1,2026-01-31 21:26:28,120277.92904554818,2346.0000663757323,131836,133499,0.9875429778500213
1,2026-01-31 21:26:28,120277.92904554818,2348.000066757202,131622,132958,0.9899517140751215
1,2026-01-31 21:26:28,120277.92904554818,2350.0000671386715,131714,132546,0.9937229339248261
1,2026-01-31 21:26:28,120277.92904554818,2352.0000675201413,130672,131215,0.9958617536104866
1,2026-01-31 21:26:28,120277.92904554818,2354.000067901611,130300,131583,0.9902495003153903
1,2026-01-31 21:26:28,120277.92904554818,2356.000068283081,130454,130621,0.9987214919499927
1,2026-01-31 21:26:28,120277.92904554818,2358.000068664551,129468,129498,0.9997683361905203
1,2026-01-31 21:26:28,120277.92904554818,2360.00006904602,128616,129964,0.9896278969560801
1,2026-01-31 21:26:28,120277.92904554818,2362.00006942749,128263,129123,0.9933396838673203
1,2026-01-31 21:26:28,120277.92904554818,2364.00006980896,128727,127953,1.0060490961524935
1,2026-01-31 21:26:28,120277.92904554818,2366.0000701904296,127775,127376,1.0031324582338903
1,2026-01-31 21:26:28,120277.92904554818,2368.0000705718994,126871,128094,0.9904523240745078
1,2026-01-31 21:26:28,120277.92904554818,2370.000070953369,126718,127580,0.9932434550870042
1,2026-01-31 21:26:28,120277.92904554818,2372.0000713348386,126381,126540,0.9987434803224277
1,2026-01-31 21:26:28,120277.92904554818,2374.0000717163084,125880,126829,0.9925174841716011
1,2026-01-31 21:26:28,120277.92904554818,2376.0000720977782,126183,126677,0.9961003181319419
1,2026-01-31 21:26:28,120277.92904554818,2378.000072479248,125501,126974,0.988399199836187
1,2026-01-31 21:26:28,120277.92904554818,2380.0000728607174,126499,127772,0.9900369408008014
1,2026-01-31 21:26:28,120277.92904554818,2382.000073242187,126585,127042,0.9964027644401064
1,2026-01-31 21:26:28,120277.92904554818,2384.000073623657,126789,127489,0.9945093302167246
1,2026-01-31 21:26:28,120277.92904554818,2386.000074005127,128037,128537,0.9961100694741591
1,2026-01-31 21:26:28,120277.92904554818,2388.0000743865967,128188,129490,0.9899451695111592
1,2026-01-31 21:26:28,120277.92904554818,2390.000074768066,127595,128375,0.9939240506329113
1,2026-01-31 21:26:28,120277.92904554818,2392.000075149536,128370,130020,0.9873096446700508
1,2026-01-31 21:26:28,120277.92904554818,2394.0000755310057,129433,130407,0.992531075785809
1,2026-01-31 21:26:28,120277.92904554818,2396.0000759124755,129876,131258,0.9894711179509058
1,2026-01-31 21:26:28,120277.92904554818,2398.0000762939453,130464,131348,0.9932697871303712
1,2026-01-31 21:26:28,120277.92904554818,2400.0000766754147,131060,131336,0.9978985198270086
1,2026-01-31 21:26:28,120277.92904554818,2402.0000770568845,130913,132472,0.9882314753306359
1,2026-01-31 21:26:28,120277.92904554818,2404.0000774383543,130997,131776,0.9940884531325886
1,2026-01-31 21:26:28,120277.92904554818,2406.000077819824,130787,131613,0.9937240242225313
1,2026-01-31 21:26:28,120277.92904554818,2408.000078201294,131322,132502,0.9910944740456747
1,2026-01-31 21:26:28,120277.92904554818,2410.0000785827633,131659,132736,0.991886149951784
1,2026-01-31 21:26:28,120277.92904554818,2412.000078964233,131523,132454,0.9929711446992918
1,2026-01-31 21:26:28,120277.92904554818,2414.000079345703,131124,132488,0.9897047279753638
1,2026-01-31 21:26:28,120277.92904554818,2416.0000797271728,131719,131918,0.998491487135948
1,2026-01-31 21:26:28,120277.92904554818,2418.0000801086426,131325,132186,0.9934864509100813
1,2026-01-31 21:26:28,120277.92904554818,2420.000080490112,131552,131944,0.9970290426241436
1,2026-01-31 21:26:28,120277.92904554818,2422.0000808715818,131199,131915,0.9945722624417238
1,2026-01-31 21:26:28,120277.92904554818,2424.0000812530516,130935,131980,0.9920821336566147
1,2026-01-31 21:26:28,120277.92904554818,2426.0000816345214,131257,132047,0.9940172817254462
1,2026-01-31 21:26:28,120277.92904554818,2428.000082015991,130787,131658,0.9933843746676997
1,2026-01-31 21:26:28,120277.92904554818,2430.0000823974606,130643,131990,0.9897946814152587
1,2026-01-31 21:26:28,120277.92904554818,2432.0000827789304,131884,131709,1.00132868672604
1,2026-01-31 21:26:28,120277.92904554818,2434.0000831604,130784,131578,0.9939655565520071
1,2026-01-31 21:26:28,120277.92904554818,2436.00008354187,130967,131748,0.9940720162734918
1,2026-01-31 21:26:28,120277.92904554818,2438.00008392334,132066,132456,0.9970556260192064
1,2026-01-31 21:26:28,120277.92904554818,2440.000084304809,131330,131606,0.9979028311779098
1,2026-01-31 21:26:28,120277.92904554818,2442.000084686279,131559,132546,0.9925535285863021
1,2026-01-31 21:26:28,120277.92904554818,2444.000085067749,130948,132109,0.9912118023753113
1,2026-01-31 21:26:28,120277.92904554818,2446.0000854492187,132316,131668,1.0049214691496795
1,2026-01-31 21:26:28,120277.92904554818,2448.0000858306885,131449,131771,0.9975563667271251
1,2026-01-31 21:26:28,120277.92904554818,2450.000086212158,131119,131938,0.9937925389197957
1,2026-01-31 21:26:28,120277.92904554818,2452.0000865936277,131025,131370,0.9973738296414707
1,2026-01-31 21:26:28,120277.92904554818,2454.0000869750975,130564,130874,0.9976313095037975
1,2026-01-31 21:26:28,120277.92904554818,2456.0000873565673,129540,130648,0.9915191966199253
1,2026-01-31 21:26:28,120277.92904554818,2458.000087738037,129452,130232,0.994010688617237
1,2026-01-31 21:26:28,120277.92904554818,2460.0000881195065,129534,129976,0.9965993721917893
1,2026-01-31 21:26:28,120277.92904554818,2462.0000885009763,129017,129320,0.9976569749458707
1,2026-01-31 21:26:28,120277.92904554818,2464.000088882446,128594,128864,0.9979047678172337
1,2026-01-31 21:26:28,120277.92904554818,2466.000089263916,127957,128703,0.9942037093152452
1,2026-01-31 21:26:28,120277.92904554818,2468.0000896453857,128131,127766,1.0028567850601882
1,2026-01-31 21:26:28,120277.92904554818,2470.000090026855,127011,127902,0.9930337289487263
1,2026-01-31 21:26:28,120277.92904554818,2472.000090408325,127430,127165,1.0020839067353438
1,2026-01-31 21:26:28,120277.92904554818,2474.0000907897947,127254,127480,0.9982271728898651
1,2026-01-31 21:26:28,120277.92904554818,2476.0000911712646,126510,127242,0.994247182534069
1,2026-01-31 21:26:28,120277.92904554818,2478.0000915527344,126534,127245,0.9944123541200047
1,2026-01-31 21:26:28,120277.92904554818,2480.0000919342037,126866,127962,0.9914349572529345
1,2026-01-31 21:26:28,120277.92904554818,2482.0000923156736,127264,127622,0.997194841014872
1,2026-01-31 21:26:28,120277.92904554818,2484.0000926971434,127237,127722,0.9962026902178168
1,2026-01-31 21:26:28,120277.92904554818,2486.000093078613,127785,128914,0.9912422234978358
1,2026-01-31 21:26:28,120277.92904554818,2488.000093460083,127116,127913,0.9937692025048275
1,2026-01-31 21:26:28,120277.92904554818,2490.0000938415524,128616,129487,0.9932734560226123
1,2026-01-31 21:26:28,120277.92904554818,2492.000094223022,128488,129351,0.9933282309375265
1,2026-01-31 21:26:28,120277.92904554818,2494.000094604492,129133,130720,0.987859547123623
1,2026-01-31 21:26:28,120277.92904554818,2496.000094985962,129956,130841,0.9932360651477747
1,2026-01-31 21:26:28,120277.92904554818,2498.0000953674316,130501,131559,0.9919579808298938
1,2026-01-31 21:26:28,120277.92904554818,2500.000095748901,130618,131788,0.9911221051992594
1,2026-01-31 21:26:28,120277.92904554818,2502.000096130371,131445,132002,0.9957803669641369
1,2026-01-31 21:26:28,120277.92904554818,2504.0000965118406,131845,132035,0.9985609876169198
1,2026-01-31 21:26:28,120277.92904554818,2506.0000968933105,131911,132238,0.9975271858316066
1,2026-01-31 21:26:28,120277.92904554818,2508.0000972747803,132245,133090,0.9936509129160719
1,2026-01-31 21:26:28,120277.92904554818,2510.0000976562496,131793,132989,0.9910067749964283
1,2026-01-31 21:26:28,120277.92904554818,2512.0000980377195,132426,132401,1.0001888203261304
1,2026-01-31 21:26:28,120277.92904554818,2514.0000984191893,131763,132837,0.9919149032272635
1,2026-01-31 21:26:28,120277.92904554818,2516.000098800659,132226,132797,0.9957002040708751
1,2026-01-31 21:26:28,120277.92904554818,2518.000099182129,132168,133263,0.9917831656198645
1,2026-01-31 21:26:28,120277.92904554818,2520.0000995635983,132442,132988,0.9958943664089993
1,2026-01-31 21:26:28,120277.92904554818,2522.000099945068,132479,132385,1.000710050232277
1,2026-01-31 21:26:28,120277.92904554818,2524.000100326538,132128,132221,0.9992966321537426
1,2026-01-31 21:26:28,120277.92904554818,2526.0001007080077,132058,131792,1.00201833191696
1,2026-01-31 21:26:28,120277.92904554818,2528.0001010894775,130766,132117,0.9897742152788817
1,2026-01-31 21:26:28,120277.92904554818,2530.000101470947,130344,131566,0.9907118860495873
1,2026-01-31 21:26:28,120277.92904554818,2532.0001018524167,131079,131624,0.9958594177353675
1,2026-01-31 21:26:28,120277.92904554818,2534.0001022338865,130673,131654,0.9925486502498975
1,2026-01-31 21:26:28,120277.92904554818,2536.0001026153564,130419,131085,0.9949193271541367
1,2026-01-31 21:26:28,120277.92904554818,2538.000102996826,130613,131093,0.9963384772642323
1,2026-01-31 21:26:28,120277.92904554818,2540.0001033782955,130528,130997,0.9964197653381375
1,2026-01-31 21:26:28,120277.92904554818,2542.0001037597654,130003,130227,0.9982799265897241
1,2026-01-31 21:26:28,120277.92904554818,2544.000104141235,129460,129640,0.9986115396482567
1,2026-01-31 21:26:28,120277.92904554818,2546.000104522705,129878,130386,0.9961038761830258
1,2026-01-31 21:26:28,120277.92904554818,2548.000104904175,129680,129820,0.9989215837313203
1,2026-01-31 21:26:28,120277.92904554818,2550.000105285644,129496,130703,0.9907653229076608
1,2026-01-31 21:26:28,120277.92904554818,2552.000105667114,129149,129526,0.9970893874588885
1,2026-01-31 21:26:28,120277.92904554818,2554.000106048584,128857,130058,0.9907656583985607
1,2026-01-31 21:26:28,120277.92904554818,2556.0001064300536,128788,129783,0.9923333564488416
1,2026-01-31 21:26:28,120277.92904554818,2558.0001068115234,128820,129056,0.9981713364740887
1,2026-01-31 21:26:28,120277.92904554818,2560.000107192993,128452,128985,0.9958677365585146
1,2026-01-31 21:26:28,120277.92904554818,2562.0001075744626,128322,129872,0.9880651718615252
1,2026-01-31 21:26:28,120277.92904554818,2564.0001079559324,128283,129235,0.992633574496073
1,2026-01-31 21:26:28,120277.92904554818,2566.0001083374023,128428,129636,0.9906816007899041
1,2026-01-31 21:26:28,120277.92904554818,2568.000108718872,129104,128989,1.000891548891766
1,2026-01-31 21:26:28,120277.92904554818,2570.0001091003414,128122,129387,0.9902231290624252
1,2026-01-31 21:26:28,120277.92904554818,2572.0001094818113,128717,129238,0.9959686779430199
1,2026-01-31 21:26:28,120277.92904554818,2574.000109863281,128469,129808,0.9896847651916677
1,2026-01-31 21:26:28,120277.92904554818,2576.000110244751,128338,129364,0.9920688908815436
1,2026-01-31 21:26:28,120277.92904554818,2578.0001106262207,127577,130135,0.9803434894532601
1,2026-01-31 21:26:28,120277.92904554818,2580.00011100769,128113,129536,0.9890146368577075
1,2026-01-31 21:26:28,120277.92904554818,2582.00011138916,128009,129711,0.986878522253317
1,2026-01-31 21:26:28,120277.92904554818,2584.0001117706297,128219,129896,0.9870896717373899
1,2026-01-31 21:26:28,120277.92904554818,2586.0001121520995,127977,129399,0.9890107342406046
1,2026-01-31 21:26:28,120277.92904554818,2588.0001125335693,128244,129673,0.9889799727005621
1,2026-01-31 21:26:28,120277.92904554818,2590.0001129150387,127641,129039,0.9891660660730477
1,2026-01-31 21:26:28,120277.92904554818,2592.0001132965085,127760,129778,0.9844503690918337
1,2026-01-31 21:26:28,120277.92904554818,2594.0001136779783,126989,129649,0.9794830658161652
1,2026-01-31 21:26:28,120277.92904554818,2596.000114059448,126296,130551,0.9674073733636663
1,2026-01-31 21:26:28,120277.92904554818,2598.000114440918,125251,130890,0.956918022767209
1,2026-01-31 21:26:28,120277.92904554818,2600.0001148223873,124933,131202,0.952218716178107
1,2026-01-31 21:26:28,120277.92904554818,2602.000115203857,122765,131481,0.9337090530190674
1,2026-01-31 21:26:28,120277.92904554818,2604.000115585327,119834,131545,0.9109734311452354
1,2026-01-31 21:26:28,120277.92904554818,2606.000115966797,119470,132458,0.9019462773105437
1,2026-01-31 21:26:28,120277.92904554818,2608.0001163482666,118464,132735,0.8924850265566731
1,2026-01-31 21:26:28,120277.92904554818,2610.000116729736,119928,133298,0.8996984200813215
1,2026-01-31 21:26:28,120277.92904554818,2612.000117111206,122540,132942,0.9217553519579967
1,2026-01-31 21:26:28,120277.92904554818,2614.0001174926756,125332,132246,0.9477186455544969
1,2026-01-31 21:26:28,120277.92904554818,2616.0001178741454,127335,133681,0.9525287812030131
1,2026-01-31 21:26:28,120277.92904554818,2618.0001182556152,129328,133390,0.969547942124597
1,2026-01-31 21:26:28,120277.92904554818,2620.0001186370846,129101,133555,0.9666504436374528
1,2026-01-31 21:26:28,120277.92904554818,2622.0001190185544,130141,133526,0.9746491320042538
1,2026-01-31 21:26:28,120277.92904554818,2624.0001194000242,131102,133561,0.9815889368902598
1,2026-01-31 21:26:28,120277.92904554818,2626.000119781494,131244,133305,0.9845392145830989
1,2026-01-31 21:26:28,120277.92904554818,2628.000120162964,131396,133255,0.98604930396608
1,2026-01-31 21:26:28,120277.92904554818,2630.0001205444332,130813,132110,0.9901824237377943
1,2026-01-31 21:26:28,120277.92904554818,2632.000120925903,131219,132279,0.9919866343108128
1,2026-01-31 21:26:28,120277.92904554818,2634.000121307373,131364,131733,0.9971988795518207
1,2026-01-31 21:26:28,120277.92904554818,2636.0001216888427,130771,132205,0.9891532090314284
1,2026-01-31 21:26:28,120277.92904554818,2638.0001220703125,130264,131738,0.9888111251119647
1,2026-01-31 21:26:28,120277.92904554818,2640.000122451782,129822,131208,0.9894366197183099
1,2026-01-31 21:26:28,120277.92904554818,2642.0001228332517,129319,130573,0.9903961768512632
1,2026-01-31 21:26:28,120277.92904554818,2644.0001232147215,128849,130202,0.9896084545552296
1,2026-01-31 21:26:28,120277.92904554818,2646.0001235961913,128678,129266,0.9954512400785976
1,2026-01-31 21:26:28,120277.92904554818,2648.000123977661,127712,128479,0.9940301527876151
1,2026-01-31 21:26:28,120277.92904554818,2650.0001243591305,127943,128031,0.9993126664635908
1,2026-01-31 21:26:28,120277.92904554818,2652.0001247406003,127787,127634,1.0011987401476097
1,2026-01-31 21:26:28,120277.92904554818,2654.00012512207,126812,127698,0.9930617550783881
1,2026-01-31 21:26:28,120277.92904554818,2656.00012550354,126159,126719,0.9955807732068592
1,2026-01-31 21:26:28,120277.92904554818,2658.0001258850098,126356,127131,0.9939039258717386
1,2026-01-31 21:26:28,120277.92904554818,2660.000126266479,126485,127454,0.9923972570496022
1,2026-01-31 21:26:28,120277.92904554818,2662.000126647949,126961,127008,0.9996299445704208
1,2026-01-31 21:26:28,120277.92904554818,2664.0001270294188,126613,127409,0.9937524036763494
1,2026-01-31 21:26:28,120277.92904554818,2666.0001274108886,126335,128288,0.984776440508855
1,2026-01-31 21:26:28,120277.92904554818,2668.0001277923584,127541,128347,0.9937201492828036
1,2026-01-31 21:26:28,120277.92904554818,2670.0001281738278,127623,128713,0.9915315469299916
1,2026-01-31 21:26:28,120277.92904554818,2672.0001285552976,128526,129417,0.9931152785182781
1,2026-01-31 21:26:28,120277.92904554818,2674.0001289367674,128839,129461,0.9951954642710932
1,2026-01-31 21:26:28,120277.92904554818,2676.000129318237,128507,129254,0.9942206817583982
1,2026-01-31 21:26:28,120277.92904554818,2678.000129699707,129559,129100,1.0035553834237025
1,2026-01-31 21:26:28,120277.92904554818,2680.0001300811764,129466,129544,0.999397887976286
1,2026-01-31 21:26:28,120277.92904554818,2682.000130462646,129950,130471,0.9960067754520161
1,2026-01-31 21:26:28,120277.92904554818,2684.000130844116,130322,130934,0.9953258893793819
1,2026-01-31 21:26:28,120277.92904554818,2686.000131225586,130436,131523,0.9917352858435406
1,2026-01-31 21:26:28,120277.92904554818,2688.0001316070557,129796,131217,0.9891706105154058
1,2026-01-31 21:26:28,120277.92904554818,2690.000131988525,130379,130912,0.9959285626986067
1,2026-01-31 21:26:28,120277.92904554818,2692.000132369995,130930,130821,1.0008331995627613
1,2026-01-31 21:26:28,120277.92904554818,2694.0001327514647,131472,130939,1.0040705977592619
1,2026-01-31 21:26:28,120277.92904554818,2696.0001331329345,130691,131304,0.9953314445866082
1,2026-01-31 21:26:28,120277.92904554818,2698.0001335144043,130786,131937,0.9912761393695476
1,2026-01-31 21:26:28,120277.92904554818,2700.0001338958737,130322,131083,0.9941945179771595
1,2026-01-31 21:26:28,120277.92904554818,2702.0001342773435,131182,131830,0.9950845786239855
1,2026-01-31 21:26:28,120277.92904554818,2704.0001346588133,131496,131174,1.0024547547532285
1,2026-01-31 21:26:28,120277.92904554818,2706.000135040283,130501,131406,0.9931129476584022
1,2026-01-31 21:26:28,120277.92904554818,2708.000135421753,131116,131482,0.9972163490059476
1,2026-01-31 21:26:28,120277.92904554818,2710.0001358032223,130761,131541,0.994070289871599
1,2026-01-31 21:26:28,120277.92904554818,2712.000136184692,131126,131246,0.9990856864209195
1,2026-01-31 21:26:28,120277.92904554818,2714.000136566162,131094,131496,0.9969428727870049
1,2026-01-31 21:26:28,120277.92904554818,2716.0001369476317,131293,131542,0.9981070684648249
1,2026-01-31 21:26:28,120277.92904554818,2718.0001373291016,130376,131308,0.9929021841776586
1,2026-01-31 21:26:28,120277.92904554818,2720.000137710571,131199,131104,1.0007246155723701
1,2026-01-31 21:26:28,120277.92904554818,2722.0001380920407,129893,130852,0.9926711093449088
1,2026-01-31 21:26:28,120277.92904554818,2724.0001384735106,129997,131090,0.99166221679762
1,2026-01-31 21:26:28,120277.92904554818,2726.0001388549804,130368,131127,0.994211718410396
1,2026-01-31 21:26:28,120277.92904554818,2728.00013923645,130202,131279,0.9917960983858805
1,2026-01-31 21:26:28,120277.92904554818,2730.0001396179196,130587,130603,0.9998774913286831
1,2026-01-31 21:26:28,120277.92904554818,2732.0001399993894,130889,130204,1.0052609750852508
1,2026-01-31 21:26:28,120277.92904554818,2734.000140380859,129665,130540,0.993297073693887
1,2026-01-31 21:26:28,120277.92904554818,2736.000140762329,129594,130422,0.9936513778350279
1,2026-01-31 21:26:28,120277.92904554818,2738.000141143799,129271,129906,0.9951118501070004
1,2026-01-31 21:26:28,120277.92904554818,2740.000141525268,128807,129850,0.991967654986523
1,2026-01-31 21:26:28,120277.92904554818,2742.000141906738,128056,128724,0.9948106025294429
1,2026-01-31 21:26:28,120277.92904554818,2744.000142288208,127807,129165,0.989486315952464
1,2026-01-31 21:26:28,120277.92904554818,2746.0001426696776,127447,128396,0.9926088040125861
1,2026-01-31 21:26:28,120277.92904554818,2748.0001430511475,127327,128532,0.9906249027479538
1,2026-01-31 21:26:28,120277.92904554818,2750.000143432617,126958,127147,0.9985135315815552
1,2026-01-31 21:26:28,120277.92904554818,2752.0001438140866,127312,127574,0.9979462899963942
1,2026-01-31 21:26:28,120277.92904554818,2754.0001441955565,126573,126602,0.9997709356882197
1,2026-01-31 21:26:28,120277.92904554818,2756.0001445770263,125926,126760,0.9934206374250553
1,2026-01-31 21:26:28,120277.92904554818,2758.000144958496,125737,126685,0.9925168725579192
1,2026-01-31 21:26:28,120277.92904554818,2760.0001453399655,125358,126191,0.9933988953253402
1,2026-01-31 21:26:28,120277.92904554818,2762.0001457214353,125684,126496,0.9935808246901088
1,2026-01-31 21:26:28,120277.92904554818,2764.000146102905,126348,126644,0.9976627396481476
1,2026-01-31 21:26:28,120277.92904554818,2766.000146484375,126069,126849,0.9938509566492444
1,2026-01-31 21:26:28,120277.92904554818,2768.0001468658447,126764,127829,0.991668557213152
1,2026-01-31 21:26:28,120277.92904554818,2770.000147247314,126939,127407,0.9963267324401328
1,2026-01-31 21:26:28,120277.92904554818,2772.000147628784,127552,128505,0.9925839461499553
1,2026-01-31 21:26:28,120277.92904554818,2774.0001480102537,127228,128486,0.990209050013231
1,2026-01-31 21:26:28,120277.92904554818,2776.0001483917235,128600,129812,0.9906634209472159
1,2026-01-31 21:26:28,120277.92904554818,2778.0001487731934,129214,130116,0.9930677241845738
1,2026-01-31 21:26:28,120277.92904554818,2780.0001491546627,129017,130306,0.9901078998664682
1,2026-01-31 21:26:28,120277.92904554818,2782.0001495361325,129635,130672,0.9920640994245132
1,2026-01-31 21:26:28,120277.92904554818,2784.0001499176024,129954,130853,0.9931296951541042
1,2026-01-31 21:26:28,120277.92904554818,2786.000150299072,130614,131448,0.9936552857403688
1,2026-01-31 21:26:28,120277.92904554818,2788.000150680542,130885,131696,0.9938418782650954
1,2026-01-31 21:26:28,120277.92904554818,2790.0001510620114,130740,131710,0.9926353352061347
1,2026-01-31 21:26:28,120277.92904554818,2792.000151443481,130788,132096,0.9900981104651163
1,2026-01-31 21:26:28,120277.92904554818,2794.000151824951,131319,132258,0.9929002404391417
1,2026-01-31 21:26:28,120277.92904554818,2796.000152206421,131627,132474,0.9936062925555204
1,2026-01-31 21:26:28,120277.92904554818,2798.0001525878906,131617,131963,0.9973780529390814
1,2026-01-31 21:26:28,120277.92904554818,2800.00015296936,130948,132051,0.9916471666250161
1,2026-01-31 21:26:28,120277.92904554818,2802.00015335083,131726,131770,0.9996660848448053
1,2026-01-31 21:26:28,120277.92904554818,2804.0001537322996,131355,131966,0.9953700195504903
1,2026-01-31 21:26:28,120277.92904554818,2806.0001541137694,131310,131806,0.9962368936163756
1,2026-01-31 21:26:28,120277.92904554818,2808.0001544952393,131338,131435,0.9992619926199262
1,2026-01-31 21:26:28,120277.92904554818,2810.0001548767086,130403,131586,0.9910096818810512
1,2026-01-31 21:26:28,120277.92904554818,2812.0001552581784,131316,131379,0.9995204713082
1,2026-01-31 21:26:28,120277.92904554818,2814.0001556396483,131094,131127,0.9997483355830606
1,2026-01-31 21:26:28,120277.92904554818,2816.000156021118,130456,130916,0.9964862965565706
1,2026-01-31 21:26:28,120277.92904554818,2818.000156402588,130316,131164,0.9935348113811716
1,2026-01-31 21:26:28,120277.92904554818,2820.0001567840573,129718,131051,0.9898283874216908
1,2026-01-31 21:26:28,120277.92904554818,2822.000157165527,129673,130387,0.9945239939564527
1,2026-01-31 21:26:28,120277.92904554818,2824.000157546997,129903,129747,1.0012023399384957
1,2026-01-31 21:26:28,120277.92904554818,2826.0001579284667,129169,129518,0.9973053938448709
1,2026-01-31 21:26:28,120277.92904554818,2828.0001583099365,128114,129276,0.9910114793155729
1,2026-01-31 21:26:28,120277.92904554818,2830.000158691406,128482,128770,0.9977634542207036
1,2026-01-31 21:26:28,120277.92904554818,2832.0001590728757,127733,127969,0.998155803358626
1,2026-01-31 21:26:28,120277.92904554818,2834.0001594543455,126641,127377,0.9942218767909434
1,2026-01-31 21:26:28,120277.92904554818,2836.0001598358153,126670,126278,1.0031042620250559
1,2026-01-31 21:26:28,120277.92904554818,2838.000160217285,126401,126051,1.0027766538940588
1,2026-01-31 21:26:28,120277.92904554818,2840.0001605987545,125132,125890,0.9939788704424497
1,2026-01-31 21:26:28,120277.92904554818,2842.0001609802243,124507,125041,0.9957294007565518
1,2026-01-31 21:26:28,120277.92904554818,2844.000161361694,123845,124879,0.9917199849454271
1,2026-01-31 21:26:28,120277.92904554818,2846.000161743164,123227,124084,0.9930933883498275
1,2026-01-31 21:26:28,120277.92904554818,2848.000162124634,123199,122994,1.0016667479714458
1,2026-01-31 21:26:28,120277.92904554818,2850.000162506103,122453,123503,0.9914981822303912
1,2026-01-31 21:26:28,120277.92904554818,2852.000162887573,122668,122976,0.9974954462659381
1,2026-01-31 21:26:28,120277.92904554818,2854.000163269043,122532,123187,0.994682880498754
1,2026-01-31 21:26:28,120277.92904554818,2856.0001636505126,122275,123644,0.9889278897479862
1,2026-01-31 21:26:28,120277.92904554818,2858.0001640319824,122526,123465,0.9923946057587171
1,2026-01-31 21:26:28,120277.92904554818,2860.000164413452,122628,124062,0.9884412632393481
1,2026-01-31 21:26:28,120277.92904554818,2862.0001647949216,122770,124219,0.988335117816115
1,2026-01-31 21:26:28,120277.92904554818,2864.0001651763914,123888,124826,0.9924855398715011
1,2026-01-31 21:26:28,120277.92904554818,2866.0001655578612,125104,124948,1.0012485193840637
1,2026-01-31 21:26:28,120277.92904554818,2868.000165939331,124846,125728,0.9929848561975058
1,2026-01-31 21:26:28,120277.92904554818,2870.0001663208004,126077,126757,0.9946354047508225
1,2026-01-31 21:26:28,120277.92904554818,2872.0001667022702,126634,127065,0.9966080352575454
1,2026-01-31 21:26:28,120277.92904554818,2874.00016708374,127638,128193,0.9956705904378554
1,2026-01-31 21:26:28,120277.92904554818,2876.00016746521,127326,128338,0.9921145724571054
1,2026-01-31 21:26:28,120277.92904554818,2878.0001678466797,127618,128106,0.9961906546141477
1,2026-01-31 21:26:28,120277.92904554818,2880.000168228149,127567,128909,0.9895895554228177
1,2026-01-31 21:26:28,120277.92904554818,2882.000168609619,127916,128267,0.9972635206249464
1,2026-01-31 21:26:28,120277.92904554818,2884.0001689910887,128618,129773,0.9910998435730083
1,2026-01-31 21:26:28,120277.92904554818,2886.0001693725585,128999,128661,1.002627058704658
1,2026-01-31 21:26:28,120277.92904554818,2888.0001697540283,127940,129048,0.9914140474862067
1,2026-01-31 21:26:28,120277.92904554818,2890.0001701354977,128723,128921,0.9984641757355279
1,2026-01-31 21:26:28,120277.92904554818,2892.0001705169675,128549,128575,0.9997977833949057
1,2026-01-31 21:26:28,120277.92904554818,2894.0001708984373,128515,129430,0.9929305416055011
1,2026-01-31 21:26:28,120277.92904554818,2896.000171279907,129148,129045,1.000798171180596
1,2026-01-31 21:26:28,120277.92904554818,2898.000171661377,128757,129997,0.9904613183381155
1,2026-01-31 21:26:28,120277.92904554818,2900.0001720428463,128661,129632,0.992509565539373
1,2026-01-31 21:26:28,120277.92904554818,2902.000172424316,128527,129443,0.9929235261852707
1,2026-01-31 21:26:28,120277.92904554818,2904.000172805786,128735,128893,0.9987741770305603
1,2026-01-31 21:26:28,120277.92904554818,2906.0001731872558,128977,130128,0.9911548629042174
1,2026-01-31 21:26:28,120277.92904554818,2908.0001735687256,129000,129611,0.9952858939441869
1,2026-01-31 21:26:28,120277.92904554818,2910.000173950195,128322,129349,0.9920602401255518
1,2026-01-31 21:26:28,120277.92904554818,2912.0001743316648,128309,129355,0.9919137257933593
1,2026-01-31 21:26:28,120277.92904554818,2914.0001747131346,128358,129570,0.9906459828664043
1,2026-01-31 21:26:28,120277.92904554818,2916.0001750946044,127772,129057,0.9900431592242187
1,2026-01-31 21:26:28,120277.92904554818,2918.000175476074,128228,128215,1.0001013921928013
1,2026-01-31 21:26:28,120277.92904554818,2920.0001758575436,128094,127981,1.000882943561935
1,2026-01-31 21:26:28,120277.92904554818,2922.0001762390134,126914,128106,0.990695205532918
1,2026-01-31 21:26:28,120277.92904554818,2924.000176620483,126606,128087,0.9884375463552116
1,2026-01-31 21:26:28,120277.92904554818,2926.000177001953,126808,127278,0.9963072958406008
1,2026-01-31 21:26:28,120277.92904554818,2928.000177383423,126624,125722,1.007174559742925
1,2026-01-31 21:26:28,120277.92904554818,2930.000177764892,124903,126125,0.9903111992071357
1,2026-01-31 21:26:28,120277.92904554818,2932.000178146362,124541,125327,0.9937284064886257
1,2026-01-31 21:26:28,120277.92904554818,2934.000178527832,124029,124876,0.9932172715333611
1,2026-01-31 21:26:28,120277.92904554818,2936.0001789093017,124614,124340,1.0022036351938235
1,2026-01-31 21:26:28,120277.92904554818,2938.0001792907715,123066,124092,0.9917319408181027
1,2026-01-31 21:26:28,120277.92904554818,2940.000179672241,122586,124354,0.9857825240844685
1,2026-01-31 21:26:28,120277.92904554818,2942.0001800537107,123406,123943,0.9956673632234172
1,2026-01-31 21:26:28,120277.92904554818,2944.0001804351805,123119,123367,0.9979897379364011
1,2026-01-31 21:26:28,120277.92904554818,2946.0001808166503,122777,123874,0.9911442271986051
1,2026-01-31 21:26:28,120277.92904554818,2948.00018119812,123232,125023,0.9856746358670004
1,2026-01-31 21:26:28,120277.92904554818,2950.0001815795895,123462,124147,0.9944823475396103
1,2026-01-31 21:26:28,120277.92904554818,2952.0001819610593,123993,125403,0.988756249850482
1,2026-01-31 21:26:28,120277.92904554818,2954.000182342529,123960,125767,0.9856321610597375
1,2026-01-31 21:26:28,120277.92904554818,2956.000182723999,125164,126708,0.9878145026359819
1,2026-01-31 21:26:28,120277.92904554818,2958.0001831054688,125164,127114,0.9846594395581919
1,2026-01-31 21:26:28,120277.92904554818,2960.000183486938,126459,128163,0.9867044310760515
1,2026-01-31 21:26:28,120277.92904554818,2962.000183868408,126340,128668,0.9819069232443187
1,2026-01-31 21:26:28,120277.92904554818,2964.0001842498777,127194,129127,0.9850302415451455
1,2026-01-31 21:26:28,120277.92904554818,2966.0001846313476,127844,128765,0.9928474352502621
1,2026-01-31 21:26:28,120277.92904554818,2968.0001850128174,128955,129301,0.9973240732863629
1,2026-01-31 21:26:28,120277.92904554818,2970.0001853942867,128817,129675,0.9933834586466166
1,2026-01-31 21:26:28,120277.92904554818,2972.0001857757566,129330,131421,0.9840893007966763
1,2026-01-31 21:26:28,120277.92904554818,2974.0001861572264,128882,130474,0.9877983353005196
1,2026-01-31 21:26:28,120277.92904554818,2976.000186538696,129606,131369,0.9865797867076708
1,2026-01-31 21:26:28,120277.92904554818,2978.000186920166,129632,130973,0.9897612485015995
1,2026-01-31 21:26:28,120277.92904554818,2980.0001873016354,129760,130755,0.9923903483614394
1,2026-01-31 21:26:28,120277.92904554818,2982.000187683105,130060,130189,0.9990091328760494
1,2026-01-31 21:26:28,120277.92904554818,2984.000188064575,128413,130964,0.9805213646498274
1,2026-01-31 21:26:28,120277.92904554818,2986.000188446045,129086,130209,0.9913754041579307
1,2026-01-31 21:26:28,120277.92904554818,2988.0001888275146,128463,131047,0.9802818835990141
1,2026-01-31 21:26:28,120277.92904554818,2990.000189208984,128761,131216,0.981290391415681
1,2026-01-31 21:26:28,120277.92904554818,2992.000189590454,128442,130835,0.9817097871364696
1,2026-01-31 21:26:28,120277.92904554818,2994.0001899719236,128485,130781,0.9824439329872077
1,2026-01-31 21:26:28,120277.92904554818,2996.0001903533935,128338,131027,0.9794775122684638
1,2026-01-31 21:26:28,120277.92904554818,2998.0001907348633,129046,130974,0.9852795211263304
1,2026-01-31 21:26:28,120277.92904554818,3000.0001911163326,128644,131498,0.9782962478516783
1,2026-01-31 21:26:28,120277.92904554818,3002.0001914978025,128708,130927,0.9830516241875243
1,2026-01-31 21:26:28,120277.92904554818,3004.0001918792723,128199,130706,0.9808195492173274
1,2026-01-31 21:26:28,120277.92904554818,3006.000192260742,128729,130391,0.9872537214991832
1,2026-01-31 21:26:28,120277.92904554818,3008.000192642212,127565,130406,0.9782141925985001
1,2026-01-31 21:26:28,120277.92904554818,3010.0001930236813,128494,130078,0.9878226910007841
1,2026-01-31 21:26:28,120277.92904554818,3012.000193405151,128148,129341,0.9907763199604147
1,2026-01-31 21:26:28,120277.92904554818,3014.000193786621,126632,129378,0.9787753713923542
1,2026-01-31 21:26:28,120277.92904554818,3016.0001941680907,126786,128004,0.990484672353989
1,2026-01-31 21:26:28,120277.92904554818,3018.0001945495605,126628,128113,0.9884086704706002
1,2026-01-31 21:26:28,120277.92904554818,3020.00019493103,126510,128340,0.9857410004675082
1,2026-01-31 21:26:28,120277.92904554818,3022.0001953124997,125485,127792,0.9819472267434581
1,2026-01-31 21:26:28,120277.92904554818,3024.0001956939695,125920,127039,0.9911916812947206
1,2026-01-31 21:26:28,120277.92904554818,3026.0001960754394,125358,126912,0.9877552950075643
1,2026-01-31 21:26:28,120277.92904554818,3028.000196456909,125525,127035,0.9881135120242452
1,2026-01-31 21:26:28,120277.92904554818,3030.0001968383785,125692,127312,0.987275355033304
1,2026-01-31 21:26:28,120277.92904554818,3032.0001972198484,124657,126790,0.9831769066961117
1,2026-01-31 21:26:28,120277.92904554818,3034.000197601318,124532,126515,0.9843259692526578
1,2026-01-31 21:26:28,120277.92904554818,3036.000197982788,124375,126623,0.9822465112973157
1,2026-01-31 21:26:28,120277.92904554818,3038.000198364258,124742,126216,0.9883216074031819
1,2026-01-31 21:26:28,120277.92904554818,3040.000198745727,124280,126682,0.9810391373675819
1,2026-01-31 21:26:28,120277.92904554818,3042.000199127197,125039,127193,0.9830651057841233
1,2026-01-31 21:26:28,120277.92904554818,3044.000199508667,124913,126916,0.9842179079075924
1,2026-01-31 21:26:28,120277.92904554818,3046.0001998901366,125508,127784,0.9821886934201465
1,2026-01-31 21:26:28,120277.92904554818,3048.0002002716064,126414,128679,0.9823980602895578
1,2026-01-31 21:26:28,120277.92904554818,3050.000200653076,125961,128106,0.9832560535806285
1,2026-01-31 21:26:28,120277.92904554818,3052.0002010345456,126408,128646,0.9826034233477916
1,2026-01-31 21:26:28,120277.92904554818,3054.0002014160154,126967,128478,0.9882392316194212
1,2026-01-31 21:26:28,120277.92904554818,3056.0002017974853,126536,128769,0.9826588697590258
1,2026-01-31 21:26:28,120277.92904554818,3058.000202178955,126975,129414,0.9811535073485095
1,2026-01-31 21:26:28,120277.92904554818,3060.0002025604244,127985,129885,0.985371674943219
1,2026-01-31 21:26:28,120277.92904554818,3062.0002029418943,128146,129956,0.9860722090553726
1,2026-01-31 21:26:28,120277.92904554818,3064.000203323364,128679,131157,0.9811066126855601
1,2026-01-31 21:26:28,120277.92904554818,3066.000203704834,128855,130893,0.9844300306357101
1,2026-01-31 21:26:28,120277.92904554818,3068.0002040863037,129261,131182,0.985356222652498
1,2026-01-31 21:26:28,120277.92904554818,3070.000204467773,129386,131980,0.9803455068949841
1,2026-01-31 21:26:28,120277.92904554818,3072.000204849243,129665,132190,0.9808987064074438
1,2026-01-31 21:26:28,120277.92904554818,3074.0002052307127,130393,132520,0.9839495925143374
1,2026-01-31 21:26:28,120277.92904554818,3076.0002056121825,130868,132591,0.9870051511791902
1,2026-01-31 21:26:28,120277.92904554818,3078.0002059936523,130791,132631,0.9861269235699045
1,2026-01-31 21:26:28,120277.92904554818,3080.0002063751217,130795,132683,0.9857705960823918
1,2026-01-31 21:26:28,120277.92904554818,3082.0002067565915,130386,132714,0.9824585198245852
1,2026-01-31 21:26:28,120277.92904554818,3084.0002071380613,130961,132763,0.986426941241159
1,2026-01-31 21:26:28,120277.92904554818,3086.000207519531,131368,133333,0.9852624631561578
1,2026-01-31 21:26:28,120277.92904554818,3088.000207901001,130816,133287,0.9814610577175569
1,2026-01-31 21:26:28,120277.92904554818,3090.0002082824703,130708,133334,0.9803050984745076
1,2026-01-31 21:26:28,120277.92904554818,3092.00020866394,131410,133793,0.982188903754307
1,2026-01-31 21:26:28,120277.92904554818,3094.00020904541,130368,132464,0.9841768329508395
1,2026-01-31 21:26:28,120277.92904554818,3096.00020942688,130682,132861,0.9835994008776089
1,2026-01-31 21:26:28,120277.92904554818,3098.0002098083496,130284,132462,0.9835575485799701
1,2026-01-31 21:26:28,120277.92904554818,3100.000210189819,129896,131969,0.9842917654903803
1,2026-01-31 21:26:28,120277.92904554818,3102.000210571289,129674,132750,0.9768286252354049
1,2026-01-31 21:26:28,120277.92904554818,3104.0002109527586,129908,131377,0.9888184385394704
1,2026-01-31 21:26:28,120277.92904554818,3106.0002113342284,129198,131266,0.9842457300443375
1,2026-01-31 21:26:28,120277.92904554818,3108.0002117156982,128628,130489,0.985738261462652
1,2026-01-31 21:26:28,120277.92904554818,3110.0002120971676,127939,129674,0.9866202939679504
1,2026-01-31 21:26:28,120277.92904554818,3112.0002124786374,127798,129452,0.9872230633748417
1,2026-01-31 21:26:28,120277.92904554818,3114.0002128601072,126465,129243,0.9785056057194587
1,2026-01-31 21:26:28,120277.92904554818,3116.000213241577,126240,128714,0.9807790916295042
1,2026-01-31 21:26:28,120277.92904554818,3118.000213623047,126155,127537,0.9891639288990646
1,2026-01-31 21:26:28,120277.92904554818,3120.0002140045162,125195,126567,0.989159891598916
1,2026-01-31 21:26:28,120277.92904554818,3122.000214385986,125477,127319,0.9855324028621023
1,2026-01-31 21:26:28,120277.92904554818,3124.000214767456,124717,126920,0.9826426095178065
1,2026-01-31 21:26:28,120277.92904554818,3126.0002151489257,124106,126486,0.9811836883133311
1,2026-01-31 21:26:28,120277.92904554818,3128.0002155303955,124606,126369,0.9860487936123574
1,2026-01-31 21:26:28,120277.92904554818,3130.000215911865,123856,125858,0.9840931843823992
1,2026-01-31 21:26:28,120277.92904554818,3132.0002162933347,124050,125986,0.9846332132141666
1,2026-01-31 21:26:28,120277.92904554818,3134.0002166748045,124648,126621,0.9844180665134535
1,2026-01-31 21:26:28,120277.92904554818,3136.0002170562743,125204,126615,0.9888559807289815
1,2026-01-31 21:26:28,120277.92904554818,3138.000217437744,125540,127276,0.9863603507338383
1,2026-01-31 21:26:28,120277.92904554818,3140.0002178192135,125792,127574,0.9860316365403609
1,2026-01-31 21:26:28,120277.92904554818,3142.0002182006833,127527,128872,0.9895632876032032
1,2026-01-31 21:26:28,120277.92904554818,3144.000218582153,127290,128902,0.98749437557214
1,2026-01-31 21:26:28,120277.92904554818,3146.000218963623,127738,129556,0.9859674580876223
1,2026-01-31 21:26:28,120277.92904554818,3148.000219345093,128183,130983,0.9786231801073422
1,2026-01-31 21:26:28,120277.92904554818,3150.000219726562,128870,130797,0.9852672461906619
1,2026-01-31 21:26:28,120277.92904554818,3152.000220108032,129527,130426,0.9931072025516384
1,2026-01-31 21:26:28,120277.92904554818,3154.0002204895018,130364,131118,0.9942494546896689
1,2026-01-31 21:26:28,120277.92904554818,3156.0002208709716,130617,132214,0.9879210976144736
1,2026-01-31 21:26:28,120277.92904554818,3158.0002212524414,131001,131343,0.9973961307416459
1,2026-01-31 21:26:28,120277.92904554818,3160.0002216339108,130395,132502,0.984098353232404
1,2026-01-31 21:26:28,120277.92904554818,3162.0002220153806,131126,131788,0.9949767808905211
1,2026-01-31 21:26:28,120277.92904554818,3164.0002223968504,131494,131661,0.998731590979865
1,2026-01-31 21:26:28,120277.92904554818,3166.00022277832,130306,132055,0.9867555185339442
1,2026-01-31 21:26:28,120277.92904554818,3168.00022315979,131138,131745,0.9953926145204751
1,2026-01-31 21:26:28,120277.92904554818,3170.0002235412594,131339,131978,0.995158283956417
1,2026-01-31 21:26:28,120277.92904554818,3172.000223922729,130732,132198,0.988910573533639
1,2026-01-31 21:26:28,120277.92904554818,3174.000224304199,131255,131744,0.9962882560116589
1,2026-01-31 21:26:28,120277.92904554818,3176.000224685669,131080,132564,0.9888054071995414
1,2026-01-31 21:26:28,120277.92904554818,3178.0002250671387,130240,132391,0.9837526720094266
1,2026-01-31 21:26:28,120277.92904554818,3180.000225448608,130827,131959,0.9914215779143521
1,2026-01-31 21:26:28,120277.92904554818,3182.000225830078,131725,131920,0.9985218314129776
1,2026-01-31 21:26:28,120277.92904554818,3184.0002262115477,130836,131610,0.9941189879188511
1,2026-01-31 21:26:28,120277.92904554818,3186.0002265930175,130717,131553,0.9936451468229535
1,2026-01-31 21:26:28,120277.92904554818,3188.0002269744873,130904,132580,0.9873585759541409
1,2026-01-31 21:26:28,120277.92904554818,3190.0002273559567,130823,132161,0.9898759845945475
1,2026-01-31 21:26:28,120277.92904554818,3192.0002277374265,131141,131917,0.9941175132848685
1,2026-01-31 21:26:28,120277.92904554818,3194.0002281188963,130259,131877,0.9877309917574709
1,2026-01-31 21:26:28,120277.92904554818,3196.000228500366,130904,132346,0.9891043174708718
1,2026-01-31 21:26:28,120277.92904554818,3198.000228881836,131106,131895,0.9940179688388491
1,2026-01-31 21:26:28,120277.92904554818,3200.0002292633053,130189,131971,0.9864970334391646
1,2026-01-31 21:26:28,120277.92904554818,3202.000229644775,129305,131272,0.98501584496313
1,2026-01-31 21:26:28,120277.92904554818,3204.000230026245,130161,130711,0.9957922439580449
1,2026-01-31 21:26:28,120277.92904554818,3206.0002304077148,129287,130496,0.9907353482099068
1,2026-01-31 21:26:28,120277.92904554818,3208.0002307891846,129423,130148,0.9944294188155024
1,2026-01-31 21:26:28,120277.92904554818,3210.000231170654,129004,129311,0.997625878695548
1,2026-01-31 21:26:28,120277.92904554818,3212.0002315521238,127533,128085,0.9956903618690713
1,2026-01-31 21:26:28,120277.92904554818,3214.0002319335936,127708,128054,0.9972980148999641
1,2026-01-31 21:26:28,120277.92904554818,3216.0002323150634,127521,128155,0.9950528656704771
1,2026-01-31 21:26:28,120277.92904554818,3218.000232696533,126672,126973,0.997629417277689
1,2026-01-31 21:26:28,120277.92904554818,3220.0002330780026,125973,126323,0.9972293248260412
1,2026-01-31 21:26:28,120277.92904554818,3222.0002334594724,126117,126335,0.9982744290972415
1,2026-01-31 21:26:28,120277.92904554818,3224.000233840942,125487,125719,0.9981546146564958
1,2026-01-31 21:26:28,120277.92904554818,3226.000234222412,125073,125328,0.9979653389505937
1,2026-01-31 21:26:28,120277.92904554818,3228.000234603882,124597,126174,0.9875013869735445
1,2026-01-31 21:26:28,120277.92904554818,3230.000234985351,125744,125942,0.9984278477394356
1,2026-01-31 21:26:28,120277.92904554818,3232.000235366821,125308,126374,0.9915647205912609
1,2026-01-31 21:26:28,120277.92904554818,3234.000235748291,126512,127151,0.9949744791625705
1,2026-01-31 21:26:28,120277.92904554818,3236.0002361297607,126328,127942,0.987384908786794
1,2026-01-31 21:26:28,120277.92904554818,3238.0002365112305,126225,128605,0.9814937210839392
1,2026-01-31 21:26:28,120277.92904554818,3240.0002368927,127430,128756,0.989701450806176
1,2026-01-31 21:26:28,120277.92904554818,3242.0002372741696,127783,130267,0.9809314715161936
1,2026-01-31 21:26:28,120277.92904554818,3244.0002376556395,128987,130312,0.9898320952790226
1,2026-01-31 21:26:28,120277.92904554818,3246.0002380371093,128453,130547,0.9839597999188032
1,2026-01-31 21:26:28,120277.92904554818,3248.000238418579,129702,130788,0.9916964859161391
1,2026-01-31 21:26:28,120277.92904554818,3250.0002388000485,130041,130871,0.993657876840553
1,2026-01-31 21:26:28,120277.92904554818,3252.0002391815183,130044,131469,0.9891609428838738
1,2026-01-31 21:26:28,120277.92904554818,3254.000239562988,129780,132096,0.9824672965116279
1,2026-01-31 21:26:28,120277.92904554818,3256.000239944458,129668,132711,0.9770704764488249
1,2026-01-31 21:26:28,120277.92904554818,3258.0002403259277,129678,133152,0.9739095169430425
1,2026-01-31 21:26:28,120277.92904554818,3260.000240707397,128145,132790,0.9650199563220122
1,2026-01-31 21:26:28,120277.92904554818,3262.000241088867,126439,132985,0.9507764033537617
1,2026-01-31 21:26:28,120277.92904554818,3264.0002414703367,124168,133619,0.9292690410794872
1,2026-01-31 21:26:28,120277.92904554818,3266.0002418518065,123828,133617,0.9267383641303127
1,2026-01-31 21:26:28,120277.92904554818,3268.0002422332764,125043,133467,0.9368832745172964
1,2026-01-31 21:26:28,120277.92904554818,3270.0002426147457,127640,132830,0.9609275013174735
1,2026-01-31 21:26:28,120277.92904554818,3272.0002429962155,128417,132801,0.9669882003900573
1,2026-01-31 21:26:28,120277.92904554818,3274.0002433776854,129899,133477,0.9731938835904314
1,2026-01-31 21:26:28,120277.92904554818,3276.000243759155,131073,133643,0.9807696624589392
1,2026-01-31 21:26:28,120277.92904554818,3278.000244140625,130787,133286,0.9812508440496376
1,2026-01-31 21:26:28,120277.92904554818,3280.0002445220944,131714,132861,0.9913669173045514
1,2026-01-31 21:26:28,120277.92904554818,3282.000244903564,131500,131846,0.9973757262260516
1,2026-01-31 21:26:28,120277.92904554818,3284.000245285034,130553,133526,0.9777346733969414
1,2026-01-31 21:26:28,120277.92904554818,3286.000245666504,130948,132509,0.988219668098016
1,2026-01-31 21:26:28,120277.92904554818,3288.0002460479736,130571,131687,0.9915253593748814
1,2026-01-31 21:26:28,120277.92904554818,3290.000246429443,130670,131668,0.9924203299207096
1,2026-01-31 21:26:28,120277.92904554818,3292.000246810913,130748,131845,0.991679623800675
1,2026-01-31 21:26:28,120277.92904554818,3294.0002471923826,130769,131153,0.997072121872927
1,2026-01-31 21:26:28,120277.92904554818,3296.0002475738524,130077,130547,0.9963997640696454
1,2026-01-31 21:26:28,120277.92904554818,3298.0002479553223,130930,129354,1.012183620143173
1,2026-01-31 21:26:28,120277.92904554818,3300.0002483367916,129244,130201,0.9926498260382025
1,2026-01-31 21:26:28,120277.92904554818,3302.0002487182614,129251,129288,0.9997138172142813
1,2026-01-31 21:26:28,120277.92904554818,3304.0002490997313,129035,129232,0.9984756097560976
1,2026-01-31 21:26:28,120277.92904554818,3306.000249481201,128291,129028,0.9942880615060297
1,2026-01-31 21:26:28,120277.92904554818,3308.000249862671,128256,128442,0.9985518755547251
1,2026-01-31 21:26:28,120277.92904554818,3310.0002502441403,127975,129037,0.9917698024597597
1,2026-01-31 21:26:28,120277.92904554818,3312.00025062561,127881,128241,0.9971927854586287
1,2026-01-31 21:26:28,120277.92904554818,3314.00025100708,127851,128886,0.9919696475955495
1,2026-01-31 21:26:28,120277.92904554818,3316.0002513885497,127479,128665,0.990782264018964
1,2026-01-31 21:26:28,120277.92904554818,3318.0002517700195,127318,127817,0.9960959809727971
1,2026-01-31 21:26:28,120277.92904554818,3320.000252151489,127445,128387,0.9926628085398055
1,2026-01-31 21:26:28,120277.92904554818,3322.0002525329587,126607,128018,0.9889781124529363
1,2026-01-31 21:26:28,120277.92904554818,3324.0002529144285,127203,128866,0.9870951220647805
1,2026-01-31 21:26:28,120277.92904554818,3326.0002532958983,127471,127920,0.9964899937460913
1,2026-01-31 21:26:28,120277.92904554818,3328.000253677368,127958,128287,0.997435437729466
1,2026-01-31 21:26:28,120277.92904554818,3330.0002540588375,127839,128566,0.994345316802265
1,2026-01-31 21:26:28,120277.92904554818,3332.0002544403073,128605,128628,0.9998211897876046
1,2026-01-31 21:26:28,120277.92904554818,3334.000254821777,128108,129581,0.9886325927412197
1,2026-01-31 21:26:28,120277.92904554818,3336.000255203247,128166,130006,0.9858468070704429
1,2026-01-31 21:26:28,120277.92904554818,3338.000255584717,129030,129719,0.9946885190295948
1,2026-01-31 21:26:28,120277.92904554818,3340.000255966186,129479,130374,0.9931351343059199
1,2026-01-31 21:26:28,120277.92904554818,3342.000256347656,130517,131019,0.9961684946458147
1,2026-01-31 21:26:28,120277.92904554818,3344.000256729126,130940,132039,0.9916767015805936
1,2026-01-31 21:26:28,120277.92904554818,3346.0002571105956,131312,131432,0.9990869803396433
1,2026-01-31 21:26:28,120277.92904554818,3348.0002574920654,130951,131909,0.9927374174620383
1,2026-01-31 21:26:28,120277.92904554818,3350.000257873535,130775,131565,0.9939953635085319
1,2026-01-31 21:26:28,120277.92904554818,3352.0002582550046,131576,131614,0.9997112769158296
1,2026-01-31 21:26:28,120277.92904554818,3354.0002586364744,131810,131872,0.9995298471244843
1,2026-01-31 21:26:28,120277.92904554818,3356.0002590179442,131759,132355,0.9954969589361943
1,2026-01-31 21:26:28,120277.92904554818,3358.000259399414,132034,132692,0.9950411479215024
1,2026-01-31 21:26:28,120277.92904554818,3360.0002597808834,131887,132850,0.9927512231840422
1,2026-01-31 21:26:28,120277.92904554818,3362.0002601623532,131868,132923,0.9920630741105753
1,2026-01-31 21:26:28,120277.92904554818,3364.000260543823,132435,132990,0.9958267538912701
1,2026-01-31 21:26:28,120277.92904554818,3366.000260925293,132515,133002,0.9963384009263019
1,2026-01-31 21:26:28,120277.92904554818,3368.0002613067627,132595,133057,0.9965278038735279
1,2026-01-31 21:26:28,120277.92904554818,3370.000261688232,132519,133755,0.9907592239542446
1,2026-01-31 21:26:28,120277.92904554818,3372.000262069702,132685,133685,0.9925197292141975
1,2026-01-31 21:26:28,120277.92904554818,3374.0002624511717,132988,133202,0.9983934175162535
1,2026-01-31 21:26:28,120277.92904554818,3376.0002628326415,131705,133691,0.9851448489427111
1,2026-01-31 21:26:28,120277.92904554818,3378.0002632141113,132573,133482,0.9931900930462534
1,2026-01-31 21:26:28,120277.92904554818,3380.0002635955807,132170,133385,0.9908910297259812
1,2026-01-31 21:26:28,120277.92904554818,3382.0002639770505,132315,132551,0.9982195532285686
1,2026-01-31 21:26:28,120277.92904554818,3384.0002643585203,131786,132622,0.9936963701346685
1,2026-01-31 21:26:28,120277.92904554818,3386.00026473999,131898,132203,0.9976929419150852
1,2026-01-31 21:26:28,120277.92904554818,3388.00026512146,132101,132040,1.0004619812178128
1,2026-01-31 21:26:28,120277.92904554818,3390.0002655029293,130522,131785,0.9904162082179307
1,2026-01-31 21:26:28,120277.92904554818,3392.000265884399,131197,130729,1.0035799248827728
1,2026-01-31 21:26:28,120277.92904554818,3394.000266265869,130089,130558,0.9964077268340508
1,2026-01-31 21:26:28,120277.92904554818,3396.000266647339,129586,129589,0.9999768498869502
1,2026-01-31 21:26:28,120277.92904554818,3398.0002670288086,128100,128348,0.9980677532957273
1,2026-01-31 21:26:28,120277.92904554818,3400.000267410278,127707,128101,0.9969243019180178
1,2026-01-31 21:26:28,120277.92904554818,3402.000267791748,127339,128446,0.9913815922644535
1,2026-01-31 21:26:28,120277.92904554818,3404.0002681732176,127436,127811,0.9970659802364429
1,2026-01-31 21:26:28,120277.92904554818,3406.0002685546874,126857,127335,0.9962461224329524
1,2026-01-31 21:26:28,120277.92904554818,3408.000268936157,126319,126727,0.9967804808762142
1,2026-01-31 21:26:28,120277.92904554818,3410.0002693176266,125991,126614,0.9950795330690129
1,2026-01-31 21:26:28,120277.92904554818,3412.0002696990964,125544,126118,0.9954487067666788
1,2026-01-31 21:26:28,120277.92904554818,3414.000270080566,125836,125834,1.0000158939555288
1,2026-01-31 21:26:28,120277.92904554818,3416.000270462036,124980,126091,0.9911889032524129
1,2026-01-31 21:26:28,120277.92904554818,3418.000270843506,125135,126645,0.9880769078921394
1,2026-01-31 21:26:28,120277.92904554818,3420.000271224975,126004,126241,0.998122638445513
1,2026-01-31 21:26:28,120277.92904554818,3422.000271606445,125933,126348,0.9967154209010036
1,2026-01-31 21:26:28,120277.92904554818,3424.000271987915,125741,126820,0.9914918782526415
1,2026-01-31 21:26:28,120277.92904554818,3426.0002723693847,125524,127307,0.9859944857706174
1,2026-01-31 21:26:28,120277.92904554818,3428.0002727508545,126616,128143,0.9880836253248324
1,2026-01-31 21:26:28,120277.92904554818,3430.000273132324,127335,128548,0.9905638360767962
1,2026-01-31 21:26:28,120277.92904554818,3432.0002735137937,128300,128380,0.9993768499766319
1,2026-01-31 21:26:28,120277.92904554818,3434.0002738952635,127823,128774,0.9926149688601736
1,2026-01-31 21:26:28,120277.92904554818,3436.0002742767333,128055,129730,0.9870885685654821
1,2026-01-31 21:26:28,120277.92904554818,3438.000274658203,129160,129597,0.9966280083643911
1,2026-01-31 21:26:28,120277.92904554818,3440.0002750396725,129252,130409,0.9911279129507933
1,2026-01-31 21:26:28,120277.92904554818,3442.0002754211423,129430,130071,0.9950719222578438
1,2026-01-31 21:26:28,120277.92904554818,3444.000275802612,129675,130205,0.9959294957950924
1,2026-01-31 21:26:28,120277.92904554818,3446.000276184082,130002,130864,0.9934130089252965
1,2026-01-31 21:26:28,120277.92904554818,3448.0002765655518,130883,130560,1.0024739583333333
1,2026-01-31 21:26:28,120277.92904554818,3450.000276947021,130246,130715,0.9964120414642543
1,2026-01-31 21:26:28,120277.92904554818,3452.000277328491,129587,130594,0.992289079130741
1,2026-01-31 21:26:28,120277.92904554818,3454.0002777099608,130220,130166,1.0004148548776177
1,2026-01-31 21:26:28,120277.92904554818,3456.0002780914306,130278,130402,0.9990490943390439
1,2026-01-31 21:26:28,120277.92904554818,3458.0002784729004,130409,130048,1.0027758981299213
1,2026-01-31 21:26:28,120277.92904554818,3460.0002788543698,129555,131454,0.9855538819663152
1,2026-01-31 21:26:28,120277.92904554818,3462.0002792358396,130125,130386,0.9979982513460034
1,2026-01-31 21:26:28,120277.92904554818,3464.0002796173094,129777,130823,0.992004464046842
1,2026-01-31 21:26:28,120277.92904554818,3466.000279998779,130611,130771,0.9987764871416446
1,2026-01-31 21:26:28,120277.92904554818,3468.000280380249,130019,130724,0.9946069581714145
1,2026-01-31 21:26:28,120277.92904554818,3470.0002807617184,129718,131343,0.987627814196417
1,2026-01-31 21:26:28,120277.92904554818,3472.000281143188,129929,129859,1.000539046196259
1,2026-01-31 21:26:28,120277.92904554818,3474.000281524658,129699,130806,0.9915370854547957
1,2026-01-31 21:26:28,120277.92904554818,3476.000281906128,129373,130761,0.9893852142458378
1,2026-01-31 21:26:28,120277.92904554818,3478.0002822875977,129293,130464,0.9910243438803041
1,2026-01-31 21:26:28,120277.92904554818,3480.000282669067,129516,130490,0.992535826500115
1,2026-01-31 21:26:28,120277.92904554818,3482.000283050537,129579,130731,0.991188012024692
1,2026-01-31 21:26:28,120277.92904554818,3484.0002834320067,129580,130362,0.9940013194028935
1,2026-01-31 21:26:28,120277.92904554818,3486.0002838134765,129233,130070,0.9935650034596756
1,2026-01-31 21:26:28,120277.92904554818,3488.0002841949463,128922,129834,0.9929756458246685
1,2026-01-31 21:26:28,120277.92904554818,3490.0002845764157,128798,129326,0.9959172942795725
1,2026-01-31 21:26:28,120277.92904554818,3492.0002849578855,128534,128643,0.9991526938892905
1,2026-01-31 21:26:28,120277.92904554818,3494.0002853393553,127742,128914,0.9909086677940332
1,2026-01-31 21:26:28,120277.92904554818,3496.000285720825,127530,127664,0.9989503697205163
1,2026-01-31 21:26:28,120277.92904554818,3498.000286102295,126976,127573,0.9953203264013545
1,2026-01-31 21:26:28,120277.92904554818,3500.0002864837643,126238,126909,0.9947127469289018
2,2026-01-31 21:58:23,123153.75417715726,2000.0000003814696,122847,123648,0.9935219332298136
2,2026-01-31 21:58:23,123153.75417715726,2002.0000007629394,122966,123349,0.9968949890149089
2,2026-01-31 21:58:23,123153.75417715726,2004.000001144409,122823,122821,1.000016283860252
2,2026-01-31 21:58:23,123153.75417715726,2006.0000015258788,122617,123507,0.992793930708381
2,2026-01-31 21:58:23,123153.75417715726,2008.0000019073484,121803,122769,0.9921315641570755
2,2026-01-31 21:58:23,123153.75417715726,2010.0000022888182,122011,123059,0.9914837598225241
2,2026-01-31 21:58:23,123153.75417715726,2012.000002670288,121767,123203,0.9883444396646186
2,2026-01-31 21:58:23,123153.75417715726,2014.0000030517576,121899,123612,0.9861421221240656
2,2026-01-31 21:58:23,123153.75417715726,2016.0000034332274,122280,122617,0.9972516045899019
2,2026-01-31 21:58:23,123153.75417715726,2018.000003814697,122068,123472,0.9886290009070883
2,2026-01-31 21:58:23,123153.75417715726,2020.0000041961669,123281,123269,1.0000973480761586
2,2026-01-31 21:58:23,123153.75417715726,2022.0000045776367,122947,123661,0.9942261505244175
2,2026-01-31 21:58:23,123153.75417715726,2024.0000049591063,123280,124491,0.990272389168695
2,2026-01-31 21:58:23,123153.75417715726,2026.000005340576,123943,124187,0.9980352210778906
2,2026-01-31 21:58:23,123153.75417715726,2028.0000057220457,123686,125032,0.989234755902489
2,2026-01-31 21:58:23,123153.75417715726,2030.0000061035155,123936,125316,0.988987838743656
2,2026-01-31 21:58:23,123153.75417715726,2032.0000064849853,125060,126168,0.9912180584617336
2,2026-01-31 21:58:23,123153.75417715726,2034.000006866455,126173,126422,0.9980304061002041
2,2026-01-31 21:58:23,123153.75417715726,2036.0000072479247,126514,126706,0.9984846810727195
2,2026-01-31 21:58:23,123153.75417715726,2038.0000076293943,126880,128332,0.9886855967334726
2,2026-01-31 21:58:23,123153.75417715726,2040.0000080108641,126955,128871,0.9851324192409464
2,2026-01-31 21:58:23,123153.75417715726,2042.000008392334,126828,128601,0.9862131709706767
2,2026-01-31 21:58:23,123153.75417715726,2044.0000087738035,128392,129201,0.9937384385569771
2,2026-01-31 21:58:23,123153.75417715726,2046.0000091552733,128829,129448,0.9952181570978308
2,2026-01-31 21:58:23,123153.75417715726,2048.000009536743,128634,129895,0.9902921590515417
2,2026-01-31 21:58:23,123153.75417715726,2050.0000099182125,128222,129671,0.9888255662407169
2,2026-01-31 21:58:23,123153.75417715726,2052.0000102996823,129338,129778,0.9966095948465842
2,2026-01-31 21:58:23,123153.75417715726,2054.000010681152,128264,128705,0.9965735596907657
2,2026-01-31 21:58:23,123153.75417715726,2056.000011062622,128560,129078,0.9959869226359256
2,2026-01-31 21:58:23,123153.75417715726,2058.000011444092,128975,129189,0.9983435122185326
2,2026-01-31 21:58:23,123153.75417715726,2060.000011825561,128214,128763,0.995736352834277
2,2026-01-31 21:58:23,123153.75417715726,2062.000012207031,128234,128502,0.9979144293474032
2,2026-01-31 21:58:23,123153.75417715726,2064.000012588501,127379,128422,0.9918783386024201
2,2026-01-31 21:58:23,123153.75417715726,2066.0000129699706,127336,128189,0.9933457628969724
2,2026-01-31 21:58:23,123153.75417715726,2068.0000133514404,127533,128105,0.9955349127668709
2,2026-01-31 21:58:23,123153.75417715726,2070.00001373291,127120,126921,1.001567904444497
2,2026-01-31 21:58:23,123153.75417715726,2072.0000141143796,126571,126623,0.9995893321118596
2,2026-01-31 21:58:23,123153.75417715726,2074.0000144958494,126834,126639,1.001539810011134
2,2026-01-31 21:58:23,123153.75417715726,2076.0000148773192,126490,126341,1.0011793479551372
2,2026-01-31 21:58:23,123153.75417715726,2078.000015258789,125448,126228,0.9938207053902463
2,2026-01-31 21:58:23,123153.75417715726,2080.0000156402584,125095,124687,1.003272193572706
2,2026-01-31 21:58:23,123153.75417715726,2082.0000160217282,124884,124737,1.001178479520912
2,2026-01-31 21:58:23,123153.75417715726,2084.000016403198,123291,123247,1.0003570066614198
2,2026-01-31 21:58:23,123153.75417715726,2086.000016784668,122742,122241,1.0040984612364101
2,2026-01-31 21:58:23,123153.75417715726,2088.0000171661377,122210,122094,1.0009500876373942
2,2026-01-31 21:58:23,123153.75417715726,2090.000017547607,120981,120828,1.0012662627867712
2,2026-01-31 21:58:23,123153.75417715726,2092.000017929077,119955,120094,0.9988425733175679
2,2026-01-31 21:58:23,123153.75417715726,2094.0000183105467,119206,120420,0.9899186181697393
2,2026-01-31 21:58:23,123153.75417715726,2096.0000186920165,119734,120305,0.9952537301026557
2,2026-01-31 21:58:23,123153.75417715726,2098.0000190734863,119902,120008,0.9991167255516299
2,2026-01-31 21:58:23,123153.75417715726,2100.0000194549557,119197,120393,0.990065867616888
2,2026-01-31 21:58:23,123153.75417715726,2102.0000198364255,120404,121215,0.9933094089015386
2,2026-01-31 21:58:23,123153.75417715726,2104.0000202178953,121308,122277,0.9920753698569641
2,2026-01-31 21:58:23,123153.75417715726,2106.000020599365,121941,122506,0.9953879809968491
2,2026-01-31 21:58:23,123153.75417715726,2108.000020980835,122539,123763,0.9901101298449456
2,2026-01-31 21:58:23,123153.75417715726,2110.0000213623043,123158,124292,0.990876323496283
2,2026-01-31 21:58:23,123153.75417715726,2112.000021743774,123426,124945,0.9878426507663371
2,2026-01-31 21:58:23,123153.75417715726,2114.000022125244,124467,125859,0.9889400042905155
2,2026-01-31 21:58:23,123153.75417715726,2116.000022506714,125584,125982,0.9968408185296312
2,2026-01-31 21:58:23,123153.75417715726,2118.0000228881836,124694,125972,0.9898548883878957
2,2026-01-31 21:58:23,123153.75417715726,2120.000023269653,125539,125831,0.9976794271681859
2,2026-01-31 21:58:23,123153.75417715726,2122.000023651123,125935,126643,0.9944094817715942
2,2026-01-31 21:58:23,123153.75417715726,2124.0000240325926,126189,126760,0.9954954244241085
2,2026-01-31 21:58:23,123153.75417715726,2126.0000244140624,126085,126801,0.9943533568347253
2,2026-01-31 21:58:23,123153.75417715726,2128.000024795532,125932,127083,0.9909429270634152
2,2026-01-31 21:58:23,123153.75417715726,2130.0000251770016,126245,126599,0.9972037693820647
2,2026-01-31 21:58:23,123153.75417715726,2132.0000255584714,126537,126543,0.9999525852872146
2,2026-01-31 21:58:23,123153.75417715726,2134.000025939941,126945,126936,1.0000709018718095
2,2026-01-31 21:58:23,123153.75417715726,2136.000026321411,126789,127773,0.9922988424784579
2,2026-01-31 21:58:23,123153.75417715726,2138.000026702881,127034,127634,0.9952990582446684
2,2026-01-31 21:58:23,123153.75417715726,2140.00002708435,126548,127916,0.9893054817223803
2,2026-01-31 21:58:23,123153.75417715726,2142.00002746582,128113,128284,0.9986670200492657
2,2026-01-31 21:58:23,123153.75417715726,2144.00002784729,127473,128101,0.9950976182855715
2,2026-01-31 21:58:23,123153.75417715726,2146.0000282287597,127649,128316,0.9948018953209264
2,2026-01-31 21:58:23,123153.75417715726,2148.0000286102295,127637,128838,0.9906782160542698
2,2026-01-31 21:58:23,123153.75417715726,2150.000028991699,128141,128421,0.9978196712375702
2,2026-01-31 21:58:23,123153.75417715726,2152.0000293731687,128166,128882,0.9944445306559488
2,2026-01-31 21:58:23,123153.75417715726,2154.0000297546385,127875,128973,0.9914865902165569
2,2026-01-31 21:58:23,123153.75417715726,2156.0000301361083,127888,128722,0.9935209210546759
2,2026-01-31 21:58:23,123153.75417715726,2158.000030517578,128922,129023,0.9992171938336576
2,2026-01-31 21:58:23,123153.75417715726,2160.0000308990475,128506,129041,0.9958540308894073
2,2026-01-31 21:58:23,123153.75417715726,2162.0000312805173,127902,129227,0.9897467247556625
2,2026-01-31 21:58:23,123153.75417715726,2164.000031661987,128657,129163,0.9960824694378421
2,2026-01-31 21:58:23,123153.75417715726,2166.000032043457,128536,128450,1.0006695212144803
2,2026-01-31 21:58:23,123153.75417715726,2168.0000324249268,128073,128736,0.9948499254287845
2,2026-01-31 21:58:23,123153.75417715726,2170.000032806396,128301,128773,0.9963346353661093
2,2026-01-31 21:58:23,123153.75417715726,2172.000033187866,127990,129144,0.9910642383695719
2,2026-01-31 21:58:23,123153.75417715726,2174.0000335693358,127545,127999,0.9964530972898226
2,2026-01-31 21:58:23,123153.75417715726,2176.0000339508056,127218,128017,0.993758641430435
2,2026-01-31 21:58:23,123153.75417715726,2178.0000343322754,126482,127410,0.9927164272820029
2,2026-01-31 21:58:23,123153.75417715726,2180.0000347137448,125477,125986,0.9959598685568237
2,2026-01-31 21:58:23,123153.75417715726,2182.0000350952146,125592,125255,1.002690511356832
2,2026-01-31 21:58:23,123153.75417715726,2184.0000354766844,124428,124628,0.9983952241871811
2,2026-01-31 21:58:23,123153.75417715726,2186.000035858154,124391,124753,0.9970982661739597
2,2026-01-31 21:58:23,123153.75417715726,2188.000036239624,123895,123723,1.001390202306766
2,2026-01-31 21:58:23,123153.75417715726,2190.0000366210934,123343,123117,1.001835652265731
2,2026-01-31 21:58:23,123153.75417715726,2192.000037002563,123263,123110,1.0012427909999189
2,2026-01-31 21:58:23,123153.75417715726,2194.000037384033,122487,122936,0.9963476931086094
2,2026-01-31 21:58:23,123153.75417715726,2196.000037765503,122577,123614,0.9916109825747893
2,2026-01-31 21:58:23,123153.75417715726,2198.0000381469727,123162,123346,0.998508261313703
2,2026-01-31 21:58:23,123153.75417715726,2200.000038528442,123238,123582,0.9972164231036882
2,2026-01-31 21:58:23,123153.75417715726,2202.000038909912,123413,124706,0.9896316135550816
2,2026-01-31 21:58:23,123153.75417715726,2204.0000392913817,124039,125449,0.988760372741114
2,2026-01-31 21:58:23,123153.75417715726,2206.0000396728515,124519,126472,0.9845578467961288
2,2026-01-31 21:58:23,123153.75417715726,2208.0000400543213,126100,126425,0.9974293059125964
2,2026-01-31 21:58:23,123153.75417715726,2210.0000404357907,126627,127119,0.9961296108370896
2,2026-01-31 21:58:23,123153.75417715726,2212.0000408172605,126484,127657,0.9908113146948464
2,2026-01-31 21:58:23,123153.75417715726,2214.0000411987303,127232,128180,0.992604150413481
2,2026-01-31 21:58:23,123153.75417715726,2216.0000415802,128243,128175,1.0005305246732983
2,2026-01-31 21:58:23,123153.75417715726,2218.00004196167,128467,128825,0.9972210362895401
2,2026-01-31 21:58:23,123153.75417715726,2220.0000423431393,128513,129584,0.9917350907519447
2,2026-01-31 21:58:23,123153.75417715726,2222.000042724609,128530,129414,0.9931692088954828
2,2026-01-31 21:58:23,123153.75417715726,2224.000043106079,128565,128888,0.9974939482341257
2,2026-01-31 21:58:23,123153.75417715726,2226.0000434875487,128587,129706,0.9913727969407737
2,2026-01-31 21:58:23,123153.75417715726,2228.0000438690186,129216,129901,0.9947267534507047
2,2026-01-31 21:58:23,123153.75417715726,2230.000044250488,129570,129163,1.003151057191301
2,2026-01-31 21:58:23,123153.75417715726,2232.0000446319577,128448,129799,0.989591599318947
2,2026-01-31 21:58:23,123153.75417715726,2234.0000450134276,129190,129927,0.9943275839509879
2,2026-01-31 21:58:23,123153.75417715726,2236.0000453948974,129138,129827,0.9946929375245519
2,2026-01-31 21:58:23,123153.75417715726,2238.000045776367,128219,128828,0.9952727667898283
2,2026-01-31 21:58:23,123153.75417715726,2240.0000461578366,129028,129537,0.996070620749284
2,2026-01-31 21:58:23,123153.75417715726,2242.0000465393064,128751,129296,0.9957848657344388
2,2026-01-31 21:58:23,123153.75417715726,2244.000046920776,128504,128949,0.9965490232572567
2,2026-01-31 21:58:23,123153.75417715726,2246.000047302246,128280,128754,0.9963185609767463
2,2026-01-31 21:58:23,123153.75417715726,2248.000047683716,127771,128693,0.9928356631673828
2,2026-01-31 21:58:23,123153.75417715726,2250.000048065185,127812,128707,0.9930462212622468
2,2026-01-31 21:58:23,123153.75417715726,2252.000048446655,127507,129064,0.9879362176904481
2,2026-01-31 21:58:23,123153.75417715726,2254.000048828125,127314,127942,0.9950915258476497
2,2026-01-31 21:58:23,123153.75417715726,2256.0000492095946,127432,127938,0.9960449592771499
2,2026-01-31 21:58:23,123153.75417715726,2258.0000495910645,127607,126901,1.0055633919354456
2,2026-01-31 21:58:23,123153.75417715726,2260.000049972534,127045,127817,0.993960114851702
2,2026-01-31 21:58:23,123153.75417715726,2262.0000503540036,126935,127718,0.9938693058143723
2,2026-01-31 21:58:23,123153.75417715726,2264.0000507354735,125840,127281,0.9886785930343099
2,2026-01-31 21:58:23,123153.75417715726,2266.0000511169433,126377,127540,0.9908812921436412
2,2026-01-31 21:58:23,123153.75417715726,2268.000051498413,125930,127330,0.9890049477735019
2,2026-01-31 21:58:23,123153.75417715726,2270.0000518798824,125900,126473,0.9954693887232848
2,2026-01-31 21:58:23,123153.75417715726,2272.0000522613523,126035,127212,0.990747728201742
2,2026-01-31 21:58:23,123153.75417715726,2274.000052642822,125840,127153,0.9896738574787854
2,2026-01-31 21:58:23,123153.75417715726,2276.000053024292,126545,127119,0.9954845459766046
2,2026-01-31 21:58:23,123153.75417715726,2278.0000534057617,125925,126629,0.994440452029156
2,2026-01-31 21:58:23,123153.75417715726,2280.000053787231,125429,126687,0.9900700150765271
2,2026-01-31 21:58:23,123153.75417715726,2282.000054168701,125614,126264,0.9948520560096307
2,2026-01-31 21:58:23,123153.75417715726,2284.0000545501707,125693,126645,0.9924829247108058
2,2026-01-31 21:58:23,123153.75417715726,2286.0000549316405,125312,126561,0.9901312410616224
2,2026-01-31 21:58:23,123153.75417715726,2288.0000553131104,123899,126118,0.9824053664028926
2,2026-01-31 21:58:23,123153.75417715726,2290.0000556945797,124776,125679,0.9928150287637553
2,2026-01-31 21:58:23,123153.75417715726,2292.0000560760495,122748,125590,0.9773708097778485
2,2026-01-31 21:58:23,123153.75417715726,2294.0000564575193,123622,126053,0.9807144613773572
2,2026-01-31 21:58:23,123153.75417715726,2296.000056838989,122014,125892,0.9691958186381978
2,2026-01-31 21:58:23,123153.75417715726,2298.000057220459,121528,126214,0.9628725814885829
2,2026-01-31 21:58:23,123153.75417715726,2300.0000576019283,119800,125684,0.9531841761878999
2,2026-01-31 21:58:23,123153.75417715726,2302.000057983398,117972,126445,0.9329906283364309
2,2026-01-31 21:58:23,123153.75417715726,2304.000058364868,115402,126913,0.9093000717026625
2,2026-01-31 21:58:23,123153.75417715726,2306.000058746338,113531,127258,0.8921325181913907
2,2026-01-31 21:58:23,123153.75417715726,2308.0000591278076,113312,127412,0.8893353844221894
2,2026-01-31 21:58:23,123153.75417715726,2310.000059509277,115501,127532,0.9056628924505222
2,2026-01-31 21:58:23,123153.75417715726,2312.000059890747,118461,128097,0.9247757558725028
2,2026-01-31 21:58:23,123153.75417715726,2314.0000602722166,120594,127499,0.9458427124918627
2,2026-01-31 21:58:23,123153.75417715726,2316.0000606536864,122341,129012,0.9482916317861905
2,2026-01-31 21:58:23,123153.75417715726,2318.0000610351562,124371,128589,0.9671978162984393
2,2026-01-31 21:58:23,123153.75417715726,2320.0000614166256,126377,129544,0.9755527079602297
2,2026-01-31 21:58:23,123153.75417715726,2322.0000617980954,127551,129813,0.9825749347137805
2,2026-01-31 21:58:23,123153.75417715726,2324.0000621795652,127696,130318,0.9798799858806918
2,2026-01-31 21:58:23,123153.75417715726,2326.000062561035,128620,130350,0.9867280398925968
2,2026-01-31 21:58:23,123153.75417715726,2328.000062942505,128946,130740,0.9862781092244148
2,2026-01-31 21:58:23,123153.75417715726,2330.0000633239742,129079,130207,0.991336871289562
2,2026-01-31 21:58:23,123153.75417715726,2332.000063705444,130316,130918,0.9954017018286255
2,2026-01-31 21:58:23,123153.75417715726,2334.000064086914,130165,130976,0.9938080258978744
2,2026-01-31 21:58:23,123153.75417715726,2336.0000644683837,130016,130888,0.9933378155369477
2,2026-01-31 21:58:23,123153.75417715726,2338.0000648498535,130203,131234,0.992143804197083
2,2026-01-31 21:58:23,123153.75417715726,2340.000065231323,130574,131379,0.9938726889381103
2,2026-01-31 21:58:23,123153.75417715726,2342.0000656127927,130630,131419,0.9939963019045952
2,2026-01-31 21:58:23,123153.75417715726,2344.0000659942625,130356,131855,0.9886314512153502
2,2026-01-31 21:58:23,123153.75417715726,2346.0000663757323,129934,130807,0.9933260452422271
2,2026-01-31 21:58:23,123153.75417715726,2348.000066757202,130166,129711,1.003507798105018
2,2026-01-31 21:58:23,123153.75417715726,2350.0000671386715,129343,129973,0.9951528394358828
2,2026-01-31 21:58:23,123153.75417715726,2352.0000675201413,129110,130106,0.9923447035494135
2,2026-01-31 21:58:23,123153.75417715726,2354.000067901611,128445,129431,0.9923820413965743
2,2026-01-31 21:58:23,123153.75417715726,2356.000068283081,128359,129306,0.9926762872565852
2,2026-01-31 21:58:23,123153.75417715726,2358.000068664551,127796,127984,0.9985310663832979
2,2026-01-31 21:58:23,123153.75417715726,2360.00006904602,126692,127456,0.9940057745418026
2,2026-01-31 21:58:23,123153.75417715726,2362.00006942749,126575,126267,1.0024392755034965
2,2026-01-31 21:58:23,123153.75417715726,2364.00006980896,125848,126263,0.9967132097288992
2,2026-01-31 21:58:23,123153.75417715726,2366.0000701904296,125189,125454,0.9978876719753854
2,2026-01-31 21:58:23,123153.75417715726,2368.0000705718994,124874,125183,0.9975316137175175
2,2026-01-31 21:58:23,123153.75417715726,2370.000070953369,124279,125044,0.9938821534819744
2,2026-01-31 21:58:23,123153.75417715726,2372.0000713348386,123515,124055,0.9956470920156383
2,2026-01-31 21:58:23,123153.75417715726,2374.0000717163084,123761,124278,0.9958399716764029
2,2026-01-31 21:58:23,123153.75417715726,2376.0000720977782,123881,124465,0.9953079178885631
2,2026-01-31 21:58:23,123153.75417715726,2378.000072479248,124681,125100,0.9966506794564348
2,2026-01-31 21:58:23,123153.75417715726,2380.0000728607174,124393,125074,0.9945552233078018
2,2026-01-31 21:58:23,123153.75417715726,2382.000073242187,125106,125208,0.9991853555683343
2,2026-01-31 21:58:23,123153.75417715726,2384.000073623657,125051,126092,0.9917441233385147
2,2026-01-31 21:58:23,123153.75417715726,2386.000074005127,126176,126501,0.9974308503490091
2,2026-01-31 21:58:23,123153.75417715726,2388.0000743865967,125774,127608,0.9856278603222368
2,2026-01-31 21:58:23,123153.75417715726,2390.000074768066,127042,127194,0.9988049750774407
2,2026-01-31 21:58:23,123153.75417715726,2392.000075149536,127227,128240,0.9921007485963818
2,2026-01-31 21:58:23,123153.75417715726,2394.0000755310057,127458,128509,0.9918215844804644
2,2026-01-31 21:58:23,123153.75417715726,2396.0000759124755,128573,128959,0.997006800611047
2,2026-01-31 21:58:23,123153.75417715726,2398.0000762939453,128963,129106,0.9988923830031137
2,2026-01-31 21:58:23,123153.75417715726,2400.0000766754147,129390,130108,0.9944815076705507
2,2026-01-31 21:58:23,123153.75417715726,2402.0000770568845,128965,129797,0.9935899905236639
2,2026-01-31 21:58:23,123153.75417715726,2404.0000774383543,129317,129908,0.9954506265972842
2,2026-01-31 21:58:23,123153.75417715726,2406.000077819824,129165,130598,0.9890273970504908
2,2026-01-31 21:58:23,123153.75417715726,2408.000078201294,129430,130980,0.9881661322339288
2,2026-01-31 21:58:23,123153.75417715726,2410.0000785827633,129080,130264,0.9909107658293926
2,2026-01-31 21:58:23,123153.75417715726,2412.000078964233,129590,129911,0.9975290775992796
2,2026-01-31 21:58:23,123153.75417715726,2414.000079345703,129362,130898,0.9882656725083653
2,2026-01-31 21:58:23,123153.75417715726,2416.0000797271728,128967,129792,0.993643676035503
2,2026-01-31 21:58:23,123153.75417715726,2418.0000801086426,129922,129434,1.003770261291469
2,2026-01-31 21:58:23,123153.75417715726,2420.000080490112,129202,130139,0.9928000061472733
2,2026-01-31 21:58:23,123153.75417715726,2422.0000808715818,129539,129882,0.9973591413744783
2,2026-01-31 21:58:23,123153.75417715726,2424.0000812530516,128845,129608,0.9941130177149559
2,2026-01-31 21:58:23,123153.75417715726,2426.0000816345214,128718,130029,0.9899176337586231
2,2026-01-31 21:58:23,123153.75417715726,2428.000082015991,128165,129255,0.9915670573672198
2,2026-01-31 21:58:23,123153.75417715726,2430.0000823974606,129108,130030,0.9929093286164731
2,2026-01-31 21:58:23,123153.75417715726,2432.0000827789304,128448,129318,0.9932723982740221
2,2026-01-31 21:58:23,123153.75417715726,2434.0000831604,129073,129037,1.0002789897471267
2,2026-01-31 21:58:23,123153.75417715726,2436.00008354187,129209,129897,0.9947034958467094
2,2026-01-31 21:58:23,123153.75417715726,2438.00008392334,129241,129648,0.9968607305936074
2,2026-01-31 21:58:23,123153.75417715726,2440.000084304809,129150,129522,0.9971279010515588
2,2026-01-31 21:58:23,123153.75417715726,2442.000084686279,129414,129749,0.9974180918542724
2,2026-01-31 21:58:23,123153.75417715726,2444.000085067749,128778,130090,0.9899146744561458
2,2026-01-31 21:58:23,123153.75417715726,2446.0000854492187,128424,129261,0.9935247290366004
2,2026-01-31 21:58:23,123153.75417715726,2448.0000858306885,129099,129633,0.9958806785309297
2,2026-01-31 21:58:23,123153.75417715726,2450.000086212158,128697,130345,0.9873566304806475
2,2026-01-31 21:58:23,123153.75417715726,2452.0000865936277,129319,128993,1.0025272689215694
2,2026-01-31 21:58:23,123153.75417715726,2454.0000869750975,128226,129122,0.9930608261953812
2,2026-01-31 21:58:23,123153.75417715726,2456.0000873565673,127933,128927,0.9922902107394107
2,2026-01-31 21:58:23,123153.75417715726,2458.000087738037,128060,127669,1.0030626072108342
2,2026-01-31 21:58:23,123153.75417715726,2460.0000881195065,127612,128314,0.9945290459341927
2,2026-01-31 21:58:23,123153.75417715726,2462.0000885009763,127120,127069,1.0004013567431869
2,2026-01-31 21:58:23,123153.75417715726,2464.000088882446,125907,127638,0.9864382080571616
2,2026-01-31 21:58:23,123153.75417715726,2466.000089263916,126345,126763,0.9967025078295717
2,2026-01-31 21:58:23,123153.75417715726,2468.0000896453857,126125,125597,1.0042039220682022
2,2026-01-31 21:58:23,123153.75417715726,2470.000090026855,125563,126244,0.9946056842305376
2,2026-01-31 21:58:23,123153.75417715726,2472.000090408325,125536,125911,0.9970217058080708
2,2026-01-31 21:58:23,123153.75417715726,2474.0000907897947,125081,125816,0.9941581356902143
2,2026-01-31 21:58:23,123153.75417715726,2476.0000911712646,124779,124788,0.9999278776805463
2,2026-01-31 21:58:23,123153.75417715726,2478.0000915527344,125168,125288,0.999042206755635
2,2026-01-31 21:58:23,123153.75417715726,2480.0000919342037,125040,125354,0.997495093894092
2,2026-01-31 21:58:23,123153.75417715726,2482.0000923156736,125296,125867,0.9954634654039581
2,2026-01-31 21:58:23,123153.75417715726,2484.0000926971434,124984,126365,0.9890713409567523
2,2026-01-31 21:58:23,123153.75417715726,2486.000093078613,126145,126715,0.9955017164503018
2,2026-01-31 21:58:23,123153.75417715726,2488.000093460083,126174,127214,0.9918247991573255
2,2026-01-31 21:58:23,123153.75417715726,2490.0000938415524,126588,126871,0.9977693878033593
2,2026-01-31 21:58:23,123153.75417715726,2492.000094223022,126965,127932,0.9924412969389989
2,2026-01-31 21:58:23,123153.75417715726,2494.000094604492,127431,128805,0.9893327122394316
2,2026-01-31 21:58:23,123153.75417715726,2496.000094985962,128281,128953,0.9947887990197979
2,2026-01-31 21:58:23,123153.75417715726,2498.0000953674316,128608,128791,0.9985790932596221
2,2026-01-31 21:58:23,123153.75417715726,2500.000095748901,128468,129960,0.9885195444752232
2,2026-01-31 21:58:23,123153.75417715726,2502.000096130371,129241,129848,0.9953253034317048
2,2026-01-31 21:58:23,123153.75417715726,2504.0000965118406,128995,130894,0.9854920775589409
2,2026-01-31 21:58:23,123153.75417715726,2506.0000968933105,129850,130038,0.9985542687522109
2,2026-01-31 21:58:23,123153.75417715726,2508.0000972747803,130493,130719,0.9982711006051148
2,2026-01-31 21:58:23,123153.75417715726,2510.0000976562496,129889,130798,0.9930503524518723
2,2026-01-31 21:58:23,123153.75417715726,2512.0000980377195,129834,130757,0.9929411044915377
2,2026-01-31 21:58:23,123153.75417715726,2514.0000984191893,130124,130669,0.9958291561120082
2,2026-01-31 21:58:23,123153.75417715726,2516.000098800659,130297,130992,0.9946943324783193
2,2026-01-31 21:58:23,123153.75417715726,2518.000099182129,129602,130402,0.993865124768025
2,2026-01-31 21:58:23,123153.75417715726,2520.0000995635983,130028,129863,1.0012705697542794
2,2026-01-31 21:58:23,123153.75417715726,2522.000099945068,129500,130166,0.9948834565093804
2,2026-01-31 21:58:23,123153.75417715726,2524.000100326538,129398,129945,0.9957905267613221
2,2026-01-31 21:58:23,123153.75417715726,2526.0001007080077,128884,129711,0.9936242878398902
2,2026-01-31 21:58:23,123153.75417715726,2528.0001010894775,128938,128682,1.001989400226916
2,2026-01-31 21:58:23,123153.75417715726,2530.000101470947,128698,128420,1.002164771842392
2,2026-01-31 21:58:23,123153.75417715726,2532.0001018524167,128116,129280,0.9909962871287129
2,2026-01-31 21:58:23,123153.75417715726,2534.0001022338865,127798,128552,0.9941346692389073
2,2026-01-31 21:58:23,123153.75417715726,2536.0001026153564,128144,128567,0.9967098866738743
2,2026-01-31 21:58:23,123153.75417715726,2538.000102996826,128004,128187,0.9985723981370966
2,2026-01-31 21:58:23,123153.75417715726,2540.0001033782955,128273,128705,0.9966434870440154
2,2026-01-31 21:58:23,123153.75417715726,2542.0001037597654,126841,128218,0.9892604782479839
2,2026-01-31 21:58:23,123153.75417715726,2544.000104141235,127333,128342,0.9921381932648704
2,2026-01-31 21:58:23,123153.75417715726,2546.000104522705,127213,127260,0.9996306773534497
2,2026-01-31 21:58:23,123153.75417715726,2548.000104904175,127180,127198,0.9998584883410117
2,2026-01-31 21:58:23,123153.75417715726,2550.000105285644,127288,128299,0.9921199697581431
2,2026-01-31 21:58:23,123153.75417715726,2552.000105667114,126976,127861,0.993078421097911
2,2026-01-31 21:58:23,123153.75417715726,2554.000106048584,127166,127031,1.001062732718785
2,2026-01-31 21:58:23,123153.75417715726,2556.0001064300536,126353,127435,0.9915093969474634
2,2026-01-31 21:58:23,123153.75417715726,2558.0001068115234,126653,128432,0.9861483119471782
2,2026-01-31 21:58:23,123153.75417715726,2560.000107192993,126516,128197,0.986887368659173
2,2026-01-31 21:58:23,123153.75417715726,2562.0001075744626,127314,127060,1.0019990555643004
2,2026-01-31 21:58:23,123153.75417715726,2564.0001079559324,126709,127431,0.9943341886981975
2,2026-01-31 21:58:23,123153.75417715726,2566.0001083374023,127389,127378,1.0000863571417355
2,2026-01-31 21:58:23,123153.75417715726,2568.000108718872,127613,127220,1.003089136928156
2,2026-01-31 21:58:23,123153.75417715726,2570.0001091003414,126511,127633,0.9912091700422304
2,2026-01-31 21:58:23,123153.75417715726,2572.0001094818113,126501,127099,0.9952950062549666
2,2026-01-31 21:58:23,123153.75417715726,2574.000109863281,126888,128254,0.9893492600620644
2,2026-01-31 21:58:23,123153.75417715726,2576.000110244751,126261,127424,0.9908729909593169
2,2026-01-31 21:58:23,123153.75417715726,2578.0001106262207,125920,128522,0.9797544389287437
2,2026-01-31 21:58:23,123153.75417715726,2580.00011100769,126041,128057,0.9842570105499895
2,2026-01-31 21:58:23,123153.75417715726,2582.00011138916,126343,127014,0.9947171177980381
2,2026-01-31 21:58:23,123153.75417715726,2584.0001117706297,125864,127500,0.9871686274509804
2,2026-01-31 21:58:23,123153.75417715726,2586.0001121520995,126304,127444,0.9910548946988481
2,2026-01-31 21:58:23,123153.75417715726,2588.0001125335693,125185,127721,0.9801442206058518
2,2026-01-31 21:58:23,123153.75417715726,2590.0001129150387,125066,127792,0.9786684612495304
2,2026-01-31 21:58:23,123153.75417715726,2592.0001132965085,125560,127810,0.982395743682028
2,2026-01-31 21:58:23,123153.75417715726,2594.0001136779783,124598,128207,0.9718502109869196
2,2026-01-31 21:58:23,123153.75417715726,2596.000114059448,125430,128360,0.9771735743222187
2,2026-01-31 21:58:23,123153.75417715726,2598.000114440918,123337,128749,0.9579647220560936
2,2026-01-31 21:58:23,123153.75417715726,2600.0001148223873,122085,128512,0.9499891060756972
2,2026-01-31 21:58:23,123153.75417715726,2602.000115203857,120644,129146,0.9341675313211404
2,2026-01-31 21:58:23,123153.75417715726,2604.000115585327,118844,129262,0.9194040011759063
2,2026-01-31 21:58:23,123153.75417715726,2606.000115966797,117036,130510,0.8967588690521799
2,2026-01-31 21:58:23,123153.75417715726,2608.0001163482666,116631,130412,0.8943272091525319
2,2026-01-31 21:58:23,123153.75417715726,2610.000116729736,118447,129973,0.9113200433936279
2,2026-01-31 21:58:23,123153.75417715726,2612.000117111206,119990,131005,0.9159192397236746
2,2026-01-31 21:58:23,123153.75417715726,2614.0001174926756,123034,131298,0.9370592088226782
2,2026-01-31 21:58:23,123153.75417715726,2616.0001178741454,125074,130841,0.9559236019290589
2,2026-01-31 21:58:23,123153.75417715726,2618.0001182556152,126302,131023,0.9639681582622899
2,2026-01-31 21:58:23,123153.75417715726,2620.0001186370846,127379,131303,0.9701149250207535
2,2026-01-31 21:58:23,123153.75417715726,2622.0001190185544,129031,131303,0.9826965111231274
2,2026-01-31 21:58:23,123153.75417715726,2624.0001194000242,128842,130745,0.9854449500936938
2,2026-01-31 21:58:23,123153.75417715726,2626.000119781494,128418,131000,0.9802900763358778
2,2026-01-31 21:58:23,123153.75417715726,2628.000120162964,129262,130663,0.9892777603453158
2,2026-01-31 21:58:23,123153.75417715726,2630.0001205444332,129336,131013,0.9871997435369009
2,2026-01-31 21:58:23,123153.75417715726,2632.000120925903,128557,130403,0.9858438839597249
2,2026-01-31 21:58:23,123153.75417715726,2634.000121307373,129802,129788,1.0001078682158597
2,2026-01-31 21:58:23,123153.75417715726,2636.0001216888427,128582,129647,0.9917853864724984
2,2026-01-31 21:58:23,123153.75417715726,2638.0001220703125,128700,129638,0.9927644672086888
2,2026-01-31 21:58:23,123153.75417715726,2640.000122451782,128010,128738,0.9943451040096941
2,2026-01-31 21:58:23,123153.75417715726,2642.0001228332517,128402,128624,0.9982740390595846
2,2026-01-31 21:58:23,123153.75417715726,2644.0001232147215,127623,128395,0.9939873048015888
2,2026-01-31 21:58:23,123153.75417715726,2646.0001235961913,126936,127084,0.998835415945359
2,2026-01-31 21:58:23,123153.75417715726,2648.000123977661,126676,126620,1.0004422682040752
2,2026-01-31 21:58:23,123153.75417715726,2650.0001243591305,125999,126472,0.9962600417483711
2,2026-01-31 21:58:23,123153.75417715726,2652.0001247406003,124798,125593,0.9936700293806183
2,2026-01-31 21:58:23,123153.75417715726,2654.00012512207,125142,125666,0.9958302166059236
2,2026-01-31 21:58:23,123153.75417715726,2656.00012550354,124107,125142,0.9917293954068178
2,2026-01-31 21:58:23,123153.75417715726,2658.0001258850098,124201,125542,0.989318315782766
2,2026-01-31 21:58:23,123153.75417715726,2660.000126266479,124009,125741,0.986225654321184
2,2026-01-31 21:58:23,123153.75417715726,2662.000126647949,124134,125351,0.9902912621359223
2,2026-01-31 21:58:23,123153.75417715726,2664.0001270294188,124456,125501,0.9916733731205329
2,2026-01-31 21:58:23,123153.75417715726,2666.0001274108886,125413,126451,0.9917912867434817
2,2026-01-31 21:58:23,123153.75417715726,2668.0001277923584,125265,126379,0.9911852443839562
2,2026-01-31 21:58:23,123153.75417715726,2670.0001281738278,125120,126933,0.9857168742564976
2,2026-01-31 21:58:23,123153.75417715726,2672.0001285552976,125888,126531,0.9949182413795828
2,2026-01-31 21:58:23,123153.75417715726,2674.0001289367674,126867,127539,0.9947310234516501
2,2026-01-31 21:58:23,123153.75417715726,2676.000129318237,126823,128077,0.9902090148894805
2,2026-01-31 21:58:23,123153.75417715726,2678.000129699707,127347,127762,0.9967517728276013
2,2026-01-31 21:58:23,123153.75417715726,2680.0001300811764,127502,128201,0.9945476244335067
2,2026-01-31 21:58:23,123153.75417715726,2682.000130462646,128111,129046,0.992754521643445
2,2026-01-31 21:58:23,123153.75417715726,2684.000130844116,127877,128924,0.9918789364276628
2,2026-01-31 21:58:23,123153.75417715726,2686.000131225586,127264,129465,0.982999266210945
2,2026-01-31 21:58:23,123153.75417715726,2688.0001316070557,128449,129013,0.9956283475308689
2,2026-01-31 21:58:23,123153.75417715726,2690.000131988525,127753,129258,0.9883566200931471
2,2026-01-31 21:58:23,123153.75417715726,2692.000132369995,128607,129850,0.9904274162495187
2,2026-01-31 21:58:23,123153.75417715726,2694.0001327514647,128193,129327,0.9912315293790159
2,2026-01-31 21:58:23,123153.75417715726,2696.0001331329345,128245,129058,0.9937005067489036
2,2026-01-31 21:58:23,123153.75417715726,2698.0001335144043,128918,129011,0.9992791312368713
2,2026-01-31 21:58:23,123153.75417715726,2700.0001338958737,128439,128975,0.9958441558441559
2,2026-01-31 21:58:23,123153.75417715726,2702.0001342773435,128189,128957,0.9940445264700637
2,2026-01-31 21:58:23,123153.75417715726,2704.0001346588133,128814,129005,0.998519437231115
2,2026-01-31 21:58:23,123153.75417715726,2706.000135040283,129075,129735,0.9949127066712915
2,2026-01-31 21:58:23,123153.75417715726,2708.000135421753,128442,129299,0.9933719518325741
2,2026-01-31 21:58:23,123153.75417715726,2710.0001358032223,128689,129269,0.9955132320974093
2,2026-01-31 21:58:23,123153.75417715726,2712.000136184692,128728,129475,0.9942305464375362
2,2026-01-31 21:58:23,123153.75417715726,2714.000136566162,128401,128644,0.9981110661981903
2,2026-01-31 21:58:23,123153.75417715726,2716.0001369476317,128571,129065,0.996172471235424
2,2026-01-31 21:58:23,123153.75417715726,2718.0001373291016,129041,128570,1.0036633740374894
2,2026-01-31 21:58:23,123153.75417715726,2720.000137710571,128489,128487,1.0000155657770826
2,2026-01-31 21:58:23,123153.75417715726,2722.0001380920407,128347,128659,0.9975749850379686
2,2026-01-31 21:58:23,123153.75417715726,2724.0001384735106,128378,129886,0.988389818764147
2,2026-01-31 21:58:23,123153.75417715726,2726.0001388549804,128666,129127,0.9964298713669488
2,2026-01-31 21:58:23,123153.75417715726,2728.00013923645,128069,128753,0.9946875024271279
2,2026-01-31 21:58:23,123153.75417715726,2730.0001396179196,127876,128760,0.993134513824169
2,2026-01-31 21:58:23,123153.75417715726,2732.0001399993894,128256,129068,0.9937087426782781
2,2026-01-31 21:58:23,123153.75417715726,2734.000140380859,127648,128636,0.9923194129170683
2,2026-01-31 21:58:23,123153.75417715726,2736.000140762329,127539,127852,0.9975518568344649
2,2026-01-31 21:58:23,123153.75417715726,2738.000141143799,127543,128046,0.996071724224107
2,2026-01-31 21:58:23,123153.75417715726,2740.000141525268,126750,127678,0.9927317157223641
2,2026-01-31 21:58:23,123153.75417715726,2742.000141906738,126690,127044,0.9972135638046661
2,2026-01-31 21:58:23,123153.75417715726,2744.000142288208,126223,126228,0.9999603891371169
2,2026-01-31 21:58:23,123153.75417715726,2746.0001426696776,125549,126239,0.9945341772352443
2,2026-01-31 21:58:23,123153.75417715726,2748.0001430511475,126170,125718,1.0035953483192541
2,2026-01-31 21:58:23,123153.75417715726,2750.000143432617,125460,125741,0.9977652476121551
2,2026-01-31 21:58:23,123153.75417715726,2752.0001438140866,124882,124087,1.0064067952323772
2,2026-01-31 21:58:23,123153.75417715726,2754.0001441955565,124321,125016,0.9944407115889167
2,2026-01-31 21:58:23,123153.75417715726,2756.0001445770263,123967,124710,0.9940421778526181
2,2026-01-31 21:58:23,123153.75417715726,2758.000144958496,123968,124233,0.997866911368155
2,2026-01-31 21:58:23,123153.75417715726,2760.0001453399655,124248,124062,1.0014992503748126
2,2026-01-31 21:58:23,123153.75417715726,2762.0001457214353,124049,124877,0.9933694755639549
2,2026-01-31 21:58:23,123153.75417715726,2764.000146102905,124209,124868,0.9947224268827882
2,2026-01-31 21:58:23,123153.75417715726,2766.000146484375,124883,125285,0.996791315799976
2,2026-01-31 21:58:23,123153.75417715726,2768.0001468658447,124596,126064,0.9883551212082752
2,2026-01-31 21:58:23,123153.75417715726,2770.000147247314,125199,126377,0.9906786836212286
2,2026-01-31 21:58:23,123153.75417715726,2772.000147628784,125803,126147,0.9972730227433074
2,2026-01-31 21:58:23,123153.75417715726,2774.0001480102537,125692,126989,0.9897865169424124
2,2026-01-31 21:58:23,123153.75417715726,2776.0001483917235,127341,127580,0.9981266656215708
2,2026-01-31 21:58:23,123153.75417715726,2778.0001487731934,127001,128130,0.9911886365410131
2,2026-01-31 21:58:23,123153.75417715726,2780.0001491546627,127243,128497,0.9902410173000148
2,2026-01-31 21:58:23,123153.75417715726,2782.0001495361325,128045,129588,0.988093033305553
2,2026-01-31 21:58:23,123153.75417715726,2784.0001499176024,128378,129010,0.9951011549492288
2,2026-01-31 21:58:23,123153.75417715726,2786.000150299072,128961,129696,0.9943329015544041
2,2026-01-31 21:58:23,123153.75417715726,2788.000150680542,128378,129186,0.9937454522935922
2,2026-01-31 21:58:23,123153.75417715726,2790.0001510620114,128887,129937,0.9919191608240917
2,2026-01-31 21:58:23,123153.75417715726,2792.000151443481,129616,130138,0.9959888733498287
2,2026-01-31 21:58:23,123153.75417715726,2794.000151824951,130032,129938,1.0007234219396943
2,2026-01-31 21:58:23,123153.75417715726,2796.000152206421,129170,129813,0.9950467210525911
2,2026-01-31 21:58:23,123153.75417715726,2798.0001525878906,129013,130027,0.9922016196636083
2,2026-01-31 21:58:23,123153.75417715726,2800.00015296936,129040,130124,0.9916694844917155
2,2026-01-31 21:58:23,123153.75417715726,2802.00015335083,129727,130355,0.9951823865597791
2,2026-01-31 21:58:23,123153.75417715726,2804.0001537322996,129242,130605,0.9895639523754833
2,2026-01-31 21:58:23,123153.75417715726,2806.0001541137694,129037,129853,0.9937159711365929
2,2026-01-31 21:58:23,123153.75417715726,2808.0001544952393,129180,130122,0.9927606400147554
2,2026-01-31 21:58:23,123153.75417715726,2810.0001548767086,129265,130294,0.9921024759390302
2,2026-01-31 21:58:23,123153.75417715726,2812.0001552581784,129027,129927,0.9930730333187098
2,2026-01-31 21:58:23,123153.75417715726,2814.0001556396483,128616,129278,0.9948792524636829
2,2026-01-31 21:58:23,123153.75417715726,2816.000156021118,128561,129117,0.9956938280784096
2,2026-01-31 21:58:23,123153.75417715726,2818.000156402588,129204,128758,1.0034638624396155
2,2026-01-31 21:58:23,123153.75417715726,2820.0001567840573,128636,128709,0.9994328290950905
2,2026-01-31 21:58:23,123153.75417715726,2822.000157165527,127681,128551,0.9932322580143289
2,2026-01-31 21:58:23,123153.75417715726,2824.000157546997,127467,127803,0.9973709537334804
2,2026-01-31 21:58:23,123153.75417715726,2826.0001579284667,127419,127117,1.0023757640598818
2,2026-01-31 21:58:23,123153.75417715726,2828.0001583099365,126964,126841,1.0009697179933934
2,2026-01-31 21:58:23,123153.75417715726,2830.000158691406,126581,126579,1.0000158004092305
2,2026-01-31 21:58:23,123153.75417715726,2832.0001590728757,125018,125657,0.9949147281886405
2,2026-01-31 21:58:23,123153.75417715726,2834.0001594543455,124315,125330,0.9919013803558605
2,2026-01-31 21:58:23,123153.75417715726,2836.0001598358153,124454,125606,0.9908284636084264
2,2026-01-31 21:58:23,123153.75417715726,2838.000160217285,123779,123952,0.998604298438105
2,2026-01-31 21:58:23,123153.75417715726,2840.0001605987545,123777,123989,0.9982901709022575
2,2026-01-31 21:58:23,123153.75417715726,2842.0001609802243,122346,124035,0.9863828758011851
2,2026-01-31 21:58:23,123153.75417715726,2844.000161361694,122213,122113,1.0008189136291796
2,2026-01-31 21:58:23,123153.75417715726,2846.000161743164,122124,122202,0.9993617125742623
2,2026-01-31 21:58:23,123153.75417715726,2848.000162124634,122238,122121,1.0009580661802637
2,2026-01-31 21:58:23,123153.75417715726,2850.000162506103,120580,122096,0.9875835408203381
2,2026-01-31 21:58:23,123153.75417715726,2852.000162887573,120668,121512,0.9930541839489104
2,2026-01-31 21:58:23,123153.75417715726,2854.000163269043,120632,121373,0.993894853056281
2,2026-01-31 21:58:23,123153.75417715726,2856.0001636505126,121150,122048,0.9926422391190352
2,2026-01-31 21:58:23,123153.75417715726,2858.0001640319824,121047,121772,0.9940462503695431
2,2026-01-31 21:58:23,123153.75417715726,2860.000164413452,121334,123138,0.9853497701765499
2,2026-01-31 21:58:23,123153.75417715726,2862.0001647949216,121758,123368,0.9869496141625057
2,2026-01-31 21:58:23,123153.75417715726,2864.0001651763914,122164,123781,0.9869366057795623
2,2026-01-31 21:58:23,123153.75417715726,2866.0001655578612,123266,124194,0.9925278193793581
2,2026-01-31 21:58:23,123153.75417715726,2868.000165939331,124345,124832,0.9960987567290438
2,2026-01-31 21:58:23,123153.75417715726,2870.0001663208004,124275,125848,0.98750079460937
2,2026-01-31 21:58:23,123153.75417715726,2872.0001667022702,124551,126071,0.987943301790261
2,2026-01-31 21:58:23,123153.75417715726,2874.00016708374,125771,125534,1.001887934742779
2,2026-01-31 21:58:23,123153.75417715726,2876.00016746521,125452,126008,0.9955875817408418
2,2026-01-31 21:58:23,123153.75417715726,2878.0001678466797,126117,126803,0.9945900333588322
2,2026-01-31 21:58:23,123153.75417715726,2880.000168228149,126270,126788,0.995914439852352
2,2026-01-31 21:58:23,123153.75417715726,2882.000168609619,126301,127713,0.9889439602859537
2,2026-01-31 21:58:23,123153.75417715726,2884.0001689910887,125851,126649,0.993699121193219
2,2026-01-31 21:58:23,123153.75417715726,2886.0001693725585,126354,127762,0.9889795087741269
2,2026-01-31 21:58:23,123153.75417715726,2888.0001697540283,126072,126391,0.9974760861137264
2,2026-01-31 21:58:23,123153.75417715726,2890.0001701354977,125984,126657,0.9946864365964772
2,2026-01-31 21:58:23,123153.75417715726,2892.0001705169675,126250,127025,0.9938988388112576
2,2026-01-31 21:58:23,123153.75417715726,2894.0001708984373,126096,126736,0.9949501325590203
2,2026-01-31 21:58:23,123153.75417715726,2896.000171279907,125786,126858,0.9915496066468019
2,2026-01-31 21:58:23,123153.75417715726,2898.000171661377,126376,127542,0.9908579134716408
2,2026-01-31 21:58:23,123153.75417715726,2900.0001720428463,126671,126659,1.0000947425765243
2,2026-01-31 21:58:23,123153.75417715726,2902.000172424316,126200,127627,0.9888189803098091
2,2026-01-31 21:58:23,123153.75417715726,2904.000172805786,126780,127409,0.99506314310606
2,2026-01-31 21:58:23,123153.75417715726,2906.0001731872558,126931,127904,0.9923927320490368
2,2026-01-31 21:58:23,123153.75417715726,2908.0001735687256,127837,127964,0.9990075333687599
2,2026-01-31 21:58:23,123153.75417715726,2910.000173950195,126419,127858,0.9887453268469708
2,2026-01-31 21:58:23,123153.75417715726,2912.0001743316648,126681,127341,0.9948170659881734
2,2026-01-31 21:58:23,123153.75417715726,2914.0001747131346,127021,127098,0.9993941682795953
2,2026-01-31 21:58:23,123153.75417715726,2916.0001750946044,126264,126958,0.9945336252934042
2,2026-01-31 21:58:23,123153.75417715726,2918.000175476074,126062,127117,0.991700559327234
2,2026-01-31 21:58:23,123153.75417715726,2920.0001758575436,125450,127008,0.9877330561854372
2,2026-01-31 21:58:23,123153.75417715726,2922.0001762390134,124424,125536,0.9911419831761407
2,2026-01-31 21:58:23,123153.75417715726,2924.000176620483,125463,125246,1.0017325902623637
2,2026-01-31 21:58:23,123153.75417715726,2926.000177001953,123892,124527,0.9949007042649385
2,2026-01-31 21:58:23,123153.75417715726,2928.000177383423,123813,124481,0.9946337192021273
2,2026-01-31 21:58:23,123153.75417715726,2930.000177764892,124113,124082,1.0002498347866733
2,2026-01-31 21:58:23,123153.75417715726,2932.000178146362,122911,123613,0.9943209856568483
2,2026-01-31 21:58:23,123153.75417715726,2934.000178527832,122276,123148,0.992919089225972
2,2026-01-31 21:58:23,123153.75417715726,2936.0001789093017,121934,122448,0.9958022997517314
2,2026-01-31 21:58:23,123153.75417715726,2938.0001792907715,121670,123053,0.9887609404077917
2,2026-01-31 21:58:23,123153.75417715726,2940.000179672241,121638,123004,0.9888946700920296
2,2026-01-31 21:58:23,123153.75417715726,2942.0001800537107,120984,121757,0.9936512890429298
2,2026-01-31 21:58:23,123153.75417715726,2944.0001804351805,121132,122586,0.9881389391937089
2,2026-01-31 21:58:23,123153.75417715726,2946.0001808166503,121437,121839,0.996700563858863
2,2026-01-31 21:58:23,123153.75417715726,2948.00018119812,121716,122150,0.9964469914040115
2,2026-01-31 21:58:23,123153.75417715726,2950.0001815795895,121040,123115,0.9831458392559802
2,2026-01-31 21:58:23,123153.75417715726,2952.0001819610593,121972,123098,0.9908528164551821
2,2026-01-31 21:58:23,123153.75417715726,2954.000182342529,122496,124428,0.9844729482110136
2,2026-01-31 21:58:23,123153.75417715726,2956.000182723999,123277,124473,0.9903914905240494
2,2026-01-31 21:58:23,123153.75417715726,2958.0001831054688,123166,125392,0.9822476713027944
2,2026-01-31 21:58:23,123153.75417715726,2960.000183486938,123669,125305,0.9869438569889469
2,2026-01-31 21:58:23,123153.75417715726,2962.000183868408,125294,127370,0.9837010284996467
2,2026-01-31 21:58:23,123153.75417715726,2964.0001842498777,124962,127246,0.9820505163227135
2,2026-01-31 21:58:23,123153.75417715726,2966.0001846313476,126589,128010,0.9888993047418171
2,2026-01-31 21:58:23,123153.75417715726,2968.0001850128174,126279,127523,0.9902448969989728
2,2026-01-31 21:58:23,123153.75417715726,2970.0001853942867,126786,128474,0.9868611547861824
2,2026-01-31 21:58:23,123153.75417715726,2972.0001857757566,127178,127925,0.9941606410005863
2,2026-01-31 21:58:23,123153.75417715726,2974.0001861572264,127580,128860,0.9900667390966941
2,2026-01-31 21:58:23,123153.75417715726,2976.000186538696,127304,128731,0.9889148689903753
2,2026-01-31 21:58:23,123153.75417715726,2978.000186920166,126957,128750,0.986073786407767
2,2026-01-31 21:58:23,123153.75417715726,2980.0001873016354,127122,128822,0.9868034962972163
2,2026-01-31 21:58:23,123153.75417715726,2982.000187683105,127280,129056,0.9862385321100917
2,2026-01-31 21:58:23,123153.75417715726,2984.000188064575,127148,128591,0.9887783748473843
2,2026-01-31 21:58:23,123153.75417715726,2986.000188446045,126510,128240,0.9865096693699313
2,2026-01-31 21:58:23,123153.75417715726,2988.0001888275146,126158,128088,0.9849322340890637
2,2026-01-31 21:58:23,123153.75417715726,2990.000189208984,125770,129303,0.9726765813631547
2,2026-01-31 21:58:23,123153.75417715726,2992.000189590454,126364,128367,0.9843963012300669
2,2026-01-31 21:58:23,123153.75417715726,2994.0001899719236,126149,128947,0.9783011624931174
2,2026-01-31 21:58:23,123153.75417715726,2996.0001903533935,126231,128656,0.9811512871533391
2,2026-01-31 21:58:23,123153.75417715726,2998.0001907348633,126167,128460,0.982150085629768
2,2026-01-31 21:58:23,123153.75417715726,3000.0001911163326,126318,128204,0.9852890705438208
2,2026-01-31 21:58:23,123153.75417715726,3002.0001914978025,125592,127822,0.9825538639670792
2,2026-01-31 21:58:23,123153.75417715726,3004.0001918792723,126875,128338,0.9886004145303807
2,2026-01-31 21:58:23,123153.75417715726,3006.000192260742,126062,127961,0.9851595407975867
2,2026-01-31 21:58:23,123153.75417715726,3008.000192642212,125442,127807,0.9814955362382343
2,2026-01-31 21:58:23,123153.75417715726,3010.0001930236813,125973,127459,0.9883413489828101
2,2026-01-31 21:58:23,123153.75417715726,3012.000193405151,125826,127089,0.9900620824776338
2,2026-01-31 21:58:23,123153.75417715726,3014.000193786621,124635,127100,0.9806058221872541
2,2026-01-31 21:58:23,123153.75417715726,3016.0001941680907,125239,127002,0.986118328845215
2,2026-01-31 21:58:23,123153.75417715726,3018.0001945495605,124770,126236,0.9883868310149244
2,2026-01-31 21:58:23,123153.75417715726,3020.00019493103,124277,126480,0.9825822264389626
2,2026-01-31 21:58:23,123153.75417715726,3022.0001953124997,124207,125445,0.9901311331659293
2,2026-01-31 21:58:23,123153.75417715726,3024.0001956939695,123661,125174,0.9879128253471168
2,2026-01-31 21:58:23,123153.75417715726,3026.0001960754394,124043,125601,0.9875956401621007
2,2026-01-31 21:58:23,123153.75417715726,3028.000196456909,123344,125601,0.9820303978471508
2,2026-01-31 21:58:23,123153.75417715726,3030.0001968383785,123230,125983,0.9781478453442131
2,2026-01-31 21:58:23,123153.75417715726,3032.0001972198484,123575,125214,0.9869104093791429
2,2026-01-31 21:58:23,123153.75417715726,3034.000197601318,122882,124759,0.9849549932269416
2,2026-01-31 21:58:23,123153.75417715726,3036.000197982788,122874,125364,0.9801378386139562
2,2026-01-31 21:58:23,123153.75417715726,3038.000198364258,122803,125265,0.9803456671855666
2,2026-01-31 21:58:23,123153.75417715726,3040.000198745727,123672,125124,0.9883955116524408
2,2026-01-31 21:58:23,123153.75417715726,3042.000199127197,123067,125188,0.9830574815477522
2,2026-01-31 21:58:23,123153.75417715726,3044.000199508667,123181,125446,0.9819444223012292
2,2026-01-31 21:58:23,123153.75417715726,3046.0001998901366,123760,125867,0.9832601078916634
2,2026-01-31 21:58:23,123153.75417715726,3048.0002002716064,123735,126041,0.9817043660396221
2,2026-01-31 21:58:23,123153.75417715726,3050.000200653076,124535,125968,0.9886240950082561
2,2026-01-31 21:58:23,123153.75417715726,3052.0002010345456,124375,126519,0.9830539286589366
2,2026-01-31 21:58:23,123153.75417715726,3054.0002014160154,124737,127772,0.9762467520270481
2,2026-01-31 21:58:23,123153.75417715726,3056.0002017974853,124954,126944,0.984323796319637
2,2026-01-31 21:58:23,123153.75417715726,3058.000202178955,125845,127360,0.9881045854271356
2,2026-01-31 21:58:23,123153.75417715726,3060.0002025604244,126021,127229,0.990505309324132
2,2026-01-31 21:58:23,123153.75417715726,3062.0002029418943,125743,128179,0.9809953268476116
2,2026-01-31 21:58:23,123153.75417715726,3064.000203323364,125577,128012,0.9809783457800831
2,2026-01-31 21:58:23,123153.75417715726,3066.000203704834,126424,128901,0.9807837022210844
2,2026-01-31 21:58:23,123153.75417715726,3068.0002040863037,126581,129892,0.9745095925846088
2,2026-01-31 21:58:23,123153.75417715726,3070.000204467773,127596,129416,0.9859368238857638
2,2026-01-31 21:58:23,123153.75417715726,3072.000204849243,127593,129797,0.9830196383583596
2,2026-01-31 21:58:23,123153.75417715726,3074.0002052307127,128116,130545,0.9813933892527481
2,2026-01-31 21:58:23,123153.75417715726,3076.0002056121825,128062,130666,0.9800713268945249
2,2026-01-31 21:58:23,123153.75417715726,3078.0002059936523,128059,130670,0.9800183668783959
2,2026-01-31 21:58:23,123153.75417715726,3080.0002063751217,129624,131003,0.9894735235070953
2,2026-01-31 21:58:23,123153.75417715726,3082.0002067565915,128636,130852,0.9830648366092991
2,2026-01-31 21:58:23,123153.75417715726,3084.0002071380613,128709,130803,0.983991192862549
2,2026-01-31 21:58:23,123153.75417715726,3086.000207519531,128354,131101,0.9790466891938276
2,2026-01-31 21:58:23,123153.75417715726,3088.000207901001,129060,130841,0.9863880587889118
2,2026-01-31 21:58:23,123153.75417715726,3090.0002082824703,129064,131313,0.9828729828729829
2,2026-01-31 21:58:23,123153.75417715726,3092.00020866394,128632,131228,0.9802176364800195
2,2026-01-31 21:58:23,123153.75417715726,3094.00020904541,128646,131150,0.9809073579870378
2,2026-01-31 21:58:23,123153.75417715726,3096.00020942688,128864,130515,0.9873501130138298
2,2026-01-31 21:58:23,123153.75417715726,3098.0002098083496,128760,131076,0.9823308614849401
2,2026-01-31 21:58:23,123153.75417715726,3100.000210189819,127486,130157,0.9794786296549551
2,2026-01-31 21:58:23,123153.75417715726,3102.000210571289,127973,129566,0.9877051078214963
2,2026-01-31 21:58:23,123153.75417715726,3104.0002109527586,126795,129181,0.9815297915328105
2,2026-01-31 21:58:23,123153.75417715726,3106.0002113342284,127265,129700,0.9812259059367772
2,2026-01-31 21:58:23,123153.75417715726,3108.0002117156982,126447,128239,0.9860260919065182
2,2026-01-31 21:58:23,123153.75417715726,3110.0002120971676,126270,127503,0.9903296393026046
2,2026-01-31 21:58:23,123153.75417715726,3112.0002124786374,126507,127562,0.9917295119236136
2,2026-01-31 21:58:23,123153.75417715726,3114.0002128601072,124932,126841,0.984949661387091
2,2026-01-31 21:58:23,123153.75417715726,3116.000213241577,124778,126294,0.9879962626886472
2,2026-01-31 21:58:23,123153.75417715726,3118.000213623047,124170,125373,0.990404632576392
2,2026-01-31 21:58:23,123153.75417715726,3120.0002140045162,122617,125642,0.9759236561022588
2,2026-01-31 21:58:23,123153.75417715726,3122.000214385986,122992,124245,0.9899150871262425
2,2026-01-31 21:58:23,123153.75417715726,3124.000214767456,122457,124438,0.9840804255934682
2,2026-01-31 21:58:23,123153.75417715726,3126.0002151489257,122702,124281,0.9872949203820375
2,2026-01-31 21:58:23,123153.75417715726,3128.0002155303955,122450,124156,0.9862592222687586
2,2026-01-31 21:58:23,123153.75417715726,3130.000215911865,122804,124067,0.9898200166039317
2,2026-01-31 21:58:23,123153.75417715726,3132.0002162933347,122879,125210,0.9813832760961585
2,2026-01-31 21:58:23,123153.75417715726,3134.0002166748045,123542,125438,0.9848849630893349
2,2026-01-31 21:58:23,123153.75417715726,3136.0002170562743,124116,125241,0.9910173186097204
2,2026-01-31 21:58:23,123153.75417715726,3138.000217437744,124479,125760,0.9898139312977099
2,2026-01-31 21:58:23,123153.75417715726,3140.0002178192135,125545,126362,0.9935344486475365
2,2026-01-31 21:58:23,123153.75417715726,3142.0002182006833,125676,127221,0.9878557785271299
2,2026-01-31 21:58:23,123153.75417715726,3144.000218582153,125569,127686,0.9834202653384083
2,2026-01-31 21:58:23,123153.75417715726,3146.000218963623,126754,128494,0.9864585116814792
2,2026-01-31 21:58:23,123153.75417715726,3148.000219345093,126853,128537,0.9868987139889681
2,2026-01-31 21:58:23,123153.75417715726,3150.000219726562,127622,128778,0.9910233114351831
2,2026-01-31 21:58:23,123153.75417715726,3152.000220108032,127584,128669,0.9915675104337486
2,2026-01-31 21:58:23,123153.75417715726,3154.0002204895018,128288,129765,0.9886178861788618
2,2026-01-31 21:58:23,123153.75417715726,3156.0002208709716,127822,129502,0.9870272273787277
2,2026-01-31 21:58:23,123153.75417715726,3158.0002212524414,128560,130058,0.9884820618493287
2,2026-01-31 21:58:23,123153.75417715726,3160.0002216339108,129483,129367,1.000896673803984
2,2026-01-31 21:58:23,123153.75417715726,3162.0002220153806,129205,129643,0.9966214913261804
2,2026-01-31 21:58:23,123153.75417715726,3164.0002223968504,128981,130419,0.9889739991872349
2,2026-01-31 21:58:23,123153.75417715726,3166.00022277832,128602,129646,0.9919473026549218
2,2026-01-31 21:58:23,123153.75417715726,3168.00022315979,128999,129347,0.9973095626493077
2,2026-01-31 21:58:23,123153.75417715726,3170.0002235412594,128952,130223,0.9902398193867443
2,2026-01-31 21:58:23,123153.75417715726,3172.000223922729,128634,129234,0.9953572589256697
2,2026-01-31 21:58:23,123153.75417715726,3174.000224304199,129066,129803,0.9943221651271542
2,2026-01-31 21:58:23,123153.75417715726,3176.000224685669,128509,130033,0.9882798981796929
2,2026-01-31 21:58:23,123153.75417715726,3178.0002250671387,128895,129474,0.9955280596876593
2,2026-01-31 21:58:23,123153.75417715726,3180.000225448608,128847,129586,0.9942972234654979
2,2026-01-31 21:58:23,123153.75417715726,3182.000225830078,129215,129046,1.001309610526479
2,2026-01-31 21:58:23,123153.75417715726,3184.0002262115477,128721,129917,0.9907941224012254
2,2026-01-31 21:58:23,123153.75417715726,3186.0002265930175,128386,129544,0.9910609522633237
2,2026-01-31 21:58:23,123153.75417715726,3188.0002269744873,129248,129991,0.9942842196767468
2,2026-01-31 21:58:23,123153.75417715726,3190.0002273559567,129005,129899,0.9931177299286369
2,2026-01-31 21:58:23,123153.75417715726,3192.0002277374265,129439,129678,0.9981569734264871
2,2026-01-31 21:58:23,123153.75417715726,3194.0002281188963,129283,130305,0.9921568627450981
2,2026-01-31 21:58:23,123153.75417715726,3196.000228500366,128549,130106,0.9880328347654989
2,2026-01-31 21:58:23,123153.75417715726,3198.000228881836,128684,129180,0.9961603963461836
2,2026-01-31 21:58:23,123153.75417715726,3200.0002292633053,128511,129725,0.9906417421468491
2,2026-01-31 21:58:23,123153.75417715726,3202.000229644775,128438,128934,0.9961530705632339
2,2026-01-31 21:58:23,123153.75417715726,3204.000230026245,127882,128559,0.9947339353915323
2,2026-01-31 21:58:23,123153.75417715726,3206.0002304077148,127382,127585,0.9984089038680095
2,2026-01-31 21:58:23,123153.75417715726,3208.0002307891846,126714,127371,0.9948418399792731
2,2026-01-31 21:58:23,123153.75417715726,3210.000231170654,126974,127139,0.9987022078197878
2,2026-01-31 21:58:23,123153.75417715726,3212.0002315521238,126184,126446,0.9979279692516964
2,2026-01-31 21:58:23,123153.75417715726,3214.0002319335936,125510,125805,0.997655101148603
2,2026-01-31 21:58:23,123153.75417715726,3216.0002323150634,125125,125252,0.9989860441350238
2,2026-01-31 21:58:23,123153.75417715726,3218.000232696533,123912,124832,0.992630094847475
2,2026-01-31 21:58:23,123153.75417715726,3220.0002330780026,124531,125192,0.9947201099111764
2,2026-01-31 21:58:23,123153.75417715726,3222.0002334594724,123550,124627,0.9913582129073154
2,2026-01-31 21:58:23,123153.75417715726,3224.000233840942,123300,123527,0.9981623450743562
2,2026-01-31 21:58:23,123153.75417715726,3226.000234222412,123242,123631,0.9968535399697487
2,2026-01-31 21:58:23,123153.75417715726,3228.000234603882,122179,123752,0.9872890943176676
2,2026-01-31 21:58:23,123153.75417715726,3230.000234985351,123204,123531,0.9973528911771135
2,2026-01-31 21:58:23,123153.75417715726,3232.000235366821,123890,124455,0.9954602065003415
2,2026-01-31 21:58:23,123153.75417715726,3234.000235748291,124235,124850,0.995074088906688
2,2026-01-31 21:58:23,123153.75417715726,3236.0002361297607,124538,125101,0.9954996362938745
2,2026-01-31 21:58:23,123153.75417715726,3238.0002365112305,124941,125534,0.9952761801583635
2,2026-01-31 21:58:23,123153.75417715726,3240.0002368927,125181,126593,0.9888461447315412
2,2026-01-31 21:58:23,123153.75417715726,3242.0002372741696,126304,126601,0.9976540469664537
2,2026-01-31 21:58:23,123153.75417715726,3244.0002376556395,126470,127793,0.9896473202757584
2,2026-01-31 21:58:23,123153.75417715726,3246.0002380371093,126791,128161,0.9893103206123548
2,2026-01-31 21:58:23,123153.75417715726,3248.000238418579,127530,128884,0.9894944290990348
2,2026-01-31 21:58:23,123153.75417715726,3250.0002388000485,127178,129651,0.9809257159605402
2,2026-01-31 21:58:23,123153.75417715726,3252.0002391815183,127823,129599,0.9862961905570259
2,2026-01-31 21:58:23,123153.75417715726,3254.000239562988,127850,129807,0.9849237714452995
2,2026-01-31 21:58:23,123153.75417715726,3256.000239944458,127963,130880,0.9777124083129585
2,2026-01-31 21:58:23,123153.75417715726,3258.0002403259277,126520,129919,0.9738375449318422
2,2026-01-31 21:58:23,123153.75417715726,3260.000240707397,125307,130623,0.9593027261661422
2,2026-01-31 21:58:23,123153.75417715726,3262.000241088867,123854,131034,0.9452050612818047
2,2026-01-31 21:58:23,123153.75417715726,3264.0002414703367,122251,131156,0.9321037543078472
2,2026-01-31 21:58:23,123153.75417715726,3266.0002418518065,120966,131318,0.9211684612924351
2,2026-01-31 21:58:23,123153.75417715726,3268.0002422332764,122538,131155,0.9342991117380199
2,2026-01-31 21:58:23,123153.75417715726,3270.0002426147457,124739,131147,0.9511387984475436
2,2026-01-31 21:58:23,123153.75417715726,3272.0002429962155,126049,130764,0.963942675354073
2,2026-01-31 21:58:23,123153.75417715726,3274.0002433776854,127682,131094,0.9739728744259845
2,2026-01-31 21:58:23,123153.75417715726,3276.000243759155,128426,130730,0.9823758892373594
2,2026-01-31 21:58:23,123153.75417715726,3278.000244140625,128333,130709,0.9818222157617302
2,2026-01-31 21:58:23,123153.75417715726,3280.0002445220944,129173,130864,0.987078188042548
2,2026-01-31 21:58:23,123153.75417715726,3282.000244903564,128271,130104,0.9859112709832134
2,2026-01-31 21:58:23,123153.75417715726,3284.000245285034,129388,129757,0.9971562227856686
2,2026-01-31 21:58:23,123153.75417715726,3286.000245666504,129397,130050,0.9949788542868128
2,2026-01-31 21:58:23,123153.75417715726,3288.0002460479736,128315,130253,0.9851212640015969
2,2026-01-31 21:58:23,123153.75417715726,3290.000246429443,128722,129150,0.9966860240030971
2,2026-01-31 21:58:23,123153.75417715726,3292.000246810913,128379,128440,0.9995250700716288
2,2026-01-31 21:58:23,123153.75417715726,3294.0002471923826,128027,129066,0.991949855112888
2,2026-01-31 21:58:23,123153.75417715726,3296.0002475738524,127650,127618,1.0002507483270384
2,2026-01-31 21:58:23,123153.75417715726,3298.0002479553223,127747,127665,1.000642306035327
2,2026-01-31 21:58:23,123153.75417715726,3300.0002483367916,126912,127692,0.9938915515459074
2,2026-01-31 21:58:23,123153.75417715726,3302.0002487182614,127088,128038,0.9925803277152095
2,2026-01-31 21:58:23,123153.75417715726,3304.0002490997313,126756,127133,0.9970346015589973
2,2026-01-31 21:58:23,123153.75417715726,3306.000249481201,125814,126813,0.9921222587589601
2,2026-01-31 21:58:23,123153.75417715726,3308.000249862671,125632,126591,0.9924244219573272
2,2026-01-31 21:58:23,123153.75417715726,3310.0002502441403,125321,126939,0.9872537202908483
2,2026-01-31 21:58:23,123153.75417715726,3312.00025062561,125830,126376,0.9956795594100145
2,2026-01-31 21:58:23,123153.75417715726,3314.00025100708,126397,126771,0.9970497984554827
2,2026-01-31 21:58:23,123153.75417715726,3316.0002513885497,125582,126231,0.994858632190191
2,2026-01-31 21:58:23,123153.75417715726,3318.0002517700195,125807,125822,0.9998807839646485
2,2026-01-31 21:58:23,123153.75417715726,3320.000252151489,124966,126740,0.9860028404607859
2,2026-01-31 21:58:23,123153.75417715726,3322.0002525329587,125176,126344,0.990755397961122
2,2026-01-31 21:58:23,123153.75417715726,3324.0002529144285,125535,126721,0.9906408566851588
2,2026-01-31 21:58:23,123153.75417715726,3326.0002532958983,126274,126467,0.9984739101900101
2,2026-01-31 21:58:23,123153.75417715726,3328.000253677368,126049,126058,0.9999286042932618
2,2026-01-31 21:58:23,123153.75417715726,3330.0002540588375,126501,127012,0.9959767581015967
2,2026-01-31 21:58:23,123153.75417715726,3332.0002544403073,126028,127256,0.9903501603067831
2,2026-01-31 21:58:23,123153.75417715726,3334.000254821777,126860,127300,0.9965435978004713
2,2026-01-31 21:58:23,123153.75417715726,3336.000255203247,126899,127862,0.992468442539613
2,2026-01-31 21:58:23,123153.75417715726,3338.000255584717,127345,127239,1.0008330779085028
2,2026-01-31 21:58:23,123153.75417715726,3340.000255966186,127989,128245,0.9980038208117276
2,2026-01-31 21:58:23,123153.75417715726,3342.000256347656,128176,128492,0.9975407029231392
2,2026-01-31 21:58:23,123153.75417715726,3344.000256729126,128541,129858,0.9898581527514669
2,2026-01-31 21:58:23,123153.75417715726,3346.0002571105956,129311,129013,1.0023098447443282
2,2026-01-31 21:58:23,123153.75417715726,3348.0002574920654,128134,130089,0.9849718269799906
2,2026-01-31 21:58:23,123153.75417715726,3350.000257873535,128939,129335,0.9969381837862914
2,2026-01-31 21:58:23,123153.75417715726,3352.0002582550046,129127,130064,0.9927958543486284
2,2026-01-31 21:58:23,123153.75417715726,3354.0002586364744,129308,129582,0.9978855087898011
2,2026-01-31 21:58:23,123153.75417715726,3356.0002590179442,129907,129845,1.0004774923947783
2,2026-01-31 21:58:23,123153.75417715726,3358.000259399414,129555,129746,0.9985278929600913
2,2026-01-31 21:58:23,123153.75417715726,3360.0002597808834,129765,130306,0.9958482341565239
2,2026-01-31 21:58:23,123153.75417715726,3362.0002601623532,129422,130564,0.9912533316993964
2,2026-01-31 21:58:23,123153.75417715726,3364.000260543823,129810,130336,0.9959642769457402
2,2026-01-31 21:58:23,123153.75417715726,3366.000260925293,130277,130597,0.9975497140056816
2,2026-01-31 21:58:23,123153.75417715726,3368.0002613067627,130118,131401,0.9902359951598542
2,2026-01-31 21:58:23,123153.75417715726,3370.000261688232,130840,131558,0.9945423311391174
2,2026-01-31 21:58:23,123153.75417715726,3372.000262069702,130610,131139,0.9959661122930631
2,2026-01-31 21:58:23,123153.75417715726,3374.0002624511717,130404,131242,0.9936148489050761
2,2026-01-31 21:58:23,123153.75417715726,3376.0002628326415,130233,130394,0.9987652806110711
2,2026-01-31 21:58:23,123153.75417715726,3378.0002632141113,130140,131198,0.9919358526806811
2,2026-01-31 21:58:23,123153.75417715726,3380.0002635955807,130135,130700,0.9956771231828615
2,2026-01-31 21:58:23,123153.75417715726,3382.0002639770505,129572,129939,0.997175597780497
2,2026-01-31 21:58:23,123153.75417715726,3384.0002643585203,129709,130565,0.9934438785279363
2,2026-01-31 21:58:23,123153.75417715726,3386.00026473999,129255,130163,0.993024131281547
2,2026-01-31 21:58:23,123153.75417715726,3388.00026512146,128915,129107,0.9985128614250196
2,2026-01-31 21:58:23,123153.75417715726,3390.0002655029293,129024,128648,1.002922703811952
2,2026-01-31 21:58:23,123153.75417715726,3392.000265884399,127749,129181,0.9889147784890967
2,2026-01-31 21:58:23,123153.75417715726,3394.000266265869,128251,127944,1.0023994872756832
2,2026-01-31 21:58:23,123153.75417715726,3396.000266647339,127140,127296,0.9987745098039216
2,2026-01-31 21:58:23,123153.75417715726,3398.0002670288086,126138,126742,0.9952344132174022
2,2026-01-31 21:58:23,123153.75417715726,3400.000267410278,125541,126544,0.992073903148312
2,2026-01-31 21:58:23,123153.75417715726,3402.000267791748,125360,125896,0.9957425176336023
2,2026-01-31 21:58:23,123153.75417715726,3404.0002681732176,124548,125132,0.9953329284275805
2,2026-01-31 21:58:23,123153.75417715726,3406.0002685546874,124072,125307,0.9901442058304804
2,2026-01-31 21:58:23,123153.75417715726,3408.000268936157,124087,124742,0.9947491622709272
2,2026-01-31 21:58:23,123153.75417715726,3410.0002693176266,123706,124691,0.9921004723676929
2,2026-01-31 21:58:23,123153.75417715726,3412.0002696990964,123864,125125,0.9899220779220779
2,2026-01-31 21:58:23,123153.75417715726,3414.000270080566,123076,124919,0.985246439692921
2,2026-01-31 21:58:23,123153.75417715726,3416.000270462036,124341,124300,1.0003298471440065
2,2026-01-31 21:58:23,123153.75417715726,3418.000270843506,123964,124595,0.9949355913158634
2,2026-01-31 21:58:23,123153.75417715726,3420.000271224975,124215,124625,0.9967101303911735
2,2026-01-31 21:58:23,123153.75417715726,3422.000271606445,123916,124770,0.9931554059469424
2,2026-01-31 21:58:23,123153.75417715726,3424.000271987915,124544,124985,0.9964715765891907
2,2026-01-31 21:58:23,123153.75417715726,3426.0002723693847,124622,124954,0.9973430222321814
2,2026-01-31 21:58:23,123153.75417715726,3428.0002727508545,125044,125561,0.9958824794323078
2,2026-01-31 21:58:23,123153.75417715726,3430.000273132324,126538,125943,1.0047243594324418
2,2026-01-31 21:58:23,123153.75417715726,3432.0002735137937,125702,126773,0.9915518288594575
2,2026-01-31 21:58:23,123153.75417715726,3434.0002738952635,125513,126759,0.990170323211764
2,2026-01-31 21:58:23,123153.75417715726,3436.0002742767333,126330,127661,0.9895739497575611
2,2026-01-31 21:58:23,123153.75417715726,3438.000274658203,126966,126261,1.0055836719176943
2,2026-01-31 21:58:23,123153.75417715726,3440.0002750396725,126697,127908,0.9905322575601213
2,2026-01-31 21:58:23,123153.75417715726,3442.0002754211423,126890,128155,0.9901291404939331
2,2026-01-31 21:58:23,123153.75417715726,3444.000275802612,127734,127454,1.0021968710279787
2,2026-01-31 21:58:23,123153.75417715726,3446.000276184082,127272,128160,0.9930711610486891
2,2026-01-31 21:58:23,123153.75417715726,3448.0002765655518,127250,127684,0.9966009836784562
2,2026-01-31 21:58:23,123153.75417715726,3450.000276947021,126798,127268,0.9963070056887827
2,2026-01-31 21:58:23,123153.75417715726,3452.000277328491,127042,127975,0.9927095135768704
2,2026-01-31 21:58:23,123153.75417715726,3454.0002777099608,128209,128647,0.9965953345200432
2,2026-01-31 21:58:23,123153.75417715726,3456.0002780914306,126844,128028,0.9907520229949699
2,2026-01-31 21:58:23,123153.75417715726,3458.0002784729004,127257,127310,0.9995836933469484
2,2026-01-31 21:58:23,123153.75417715726,3460.0002788543698,126707,127490,0.9938583418307319
2,2026-01-31 21:58:23,123153.75417715726,3462.0002792358396,127705,127688,1.0001331370214899
2,2026-01-31 21:58:23,123153.75417715726,3464.0002796173094,127211,127922,0.9944419255483811
2,2026-01-31 21:58:23,123153.75417715726,3466.000279998779,126790,127833,0.9918409174469817
2,2026-01-31 21:58:23,123153.75417715726,3468.000280380249,127288,127537,0.9980476253949834
2,2026-01-31 21:58:23,123153.75417715726,3470.0002807617184,127037,127434,0.9968846618641807
2,2026-01-31 21:58:23,123153.75417715726,3472.000281143188,127549,127725,0.99862203953807
2,2026-01-31 21:58:23,123153.75417715726,3474.000281524658,126905,127541,0.9950133682502097
2,2026-01-31 21:58:23,123153.75417715726,3476.000281906128,127085,127312,0.9982169787608395
2,2026-01-31 21:58:23,123153.75417715726,3478.0002822875977,126778,127585,0.9936748050319395
2,2026-01-31 21:58:23,123153.75417715726,3480.000282669067,126152,127126,0.9923383100231267
2,2026-01-31 21:58:23,123153.75417715726,3482.000283050537,126637,127480,0.9933871979918418
2,2026-01-31 21:58:23,123153.75417715726,3484.0002834320067,126026,126785,0.994013487399929
2,2026-01-31 21:58:23,123153.75417715726,3486.0002838134765,126627,126685,0.9995421715278052
2,2026-01-31 21:58:23,123153.75417715726,3488.0002841949463,125672,126556,0.9930149499036
2,2026-01-31 21:58:23,123153.75417715726,3490.0002845764157,125847,125873,0.9997934425969033
2,2026-01-31 21:58:23,123153.75417715726,3492.0002849578855,124831,125946,0.9911469995077256
2,2026-01-31 21:58:23,123153.75417715726,3494.0002853393553,125158,125348,0.9984842199317101
2,2026-01-31 21:58:23,123153.75417715726,3496.000285720825,123551,124409,0.993103392841354
2,2026-01-31 21:58:23,123153.75417715726,3498.000286102295,123795,124210,0.9966588841478142
2,2026-01-31 21:58:23,123153.75417715726,3500.0002864837643,123671,123640,1.000250727919767
3,2026-01-31 22:30:19,118123.98992904555,2000.0000003814696,110982,111415,0.9961136292240722
3,2026-01-31 22:30:19,118123.98992904555,2002.0000007629394,109837,111097,0.9886585596370739
3,2026-01-31 22:30:19,118123.98992904555,2004.000001144409,109813,110658,0.9923638598203474
3,2026-01-31 22:30:19,118123.98992904555,2006.0000015258788,109895,110075,0.9983647513059277
3,2026-01-31 22:30:19,118123.98992904555,2008.0000019073484,109825,110068,0.997792273867064
3,2026-01-31 22:30:19,118123.98992904555,2010.0000022888182,109216,110375,0.9894994337485844
3,2026-01-31 22:30:19,118123.98992904555,2012.000002670288,110066,110505,0.9960273290801321
3,2026-01-31 22:30:19,118123.98992904555,2014.0000030517576,109820,110328,0.9953955478210427
3,2026-01-31 22:30:19,118123.98992904555,2016.0000034332274,110033,110273,0.997823583288747
3,2026-01-31 22:30:19,118123.98992904555,2018.000003814697,110385,110907,0.995293353891098
3,2026-01-31 22:30:19,118123.98992904555,2020.0000041961669,109561,110966,0.9873384640340285
3,2026-01-31 22:30:19,118123.98992904555,2022.0000045776367,110551,110963,0.9962870506385011
3,2026-01-31 22:30:19,118123.98992904555,2024.0000049591063,110928,111805,0.9921559858682527
3,2026-01-31 22:30:19,118123.98992904555,2026.000005340576,111067,112185,0.9900343183135
3,2026-01-31 22:30:19,118123.98992904555,2028.0000057220457,111366,113517,0.9810512962816142
3,2026-01-31 22:30:19,118123.98992904555,2030.0000061035155,112932,113171,0.9978881515582614
3,2026-01-31 22:30:19,118123.98992904555,2032.0000064849853,113521,114884,0.9881358587792904
3,2026-01-31 22:30:19,118123.98992904555,2034.000006866455,114096,115612,0.9868871743417639
3,2026-01-31 22:30:19,118123.98992904555,2036.0000072479247,114865,116229,0.9882645467138149
3,2026-01-31 22:30:19,118123.98992904555,2038.0000076293943,116108,117693,0.986532758957627
3,2026-01-31 22:30:19,118123.98992904555,2040.0000080108641,116633,117808,0.9900261442346869
3,2026-01-31 22:30:19,118123.98992904555,2042.000008392334,117847,118601,0.9936425493882851
3,2026-01-31 22:30:19,118123.98992904555,2044.0000087738035,118237,118814,0.995143669937886
3,2026-01-31 22:30:19,118123.98992904555,2046.0000091552733,118619,119147,0.9955684994166869
3,2026-01-31 22:30:19,118123.98992904555,2048.000009536743,119301,119958,0.9945230830790777
3,2026-01-31 22:30:19,118123.98992904555,2050.0000099182125,119426,119757,0.997236069707825
3,2026-01-31 22:30:19,118123.98992904555,2052.0000102996823,119801,120069,0.9977679500953618
3,2026-01-31 22:30:19,118123.98992904555,2054.000010681152,118868,119689,0.9931405559408133
3,2026-01-31 22:30:19,118123.98992904555,2056.000011062622,118529,119501,0.9918661768520766
3,2026-01-31 22:30:19,118123.98992904555,2058.000011444092,118021,118868,0.9928744489686039
3,2026-01-31 22:30:19,118123.98992904555,2060.000011825561,117942,118209,0.9977412887343603
3,2026-01-31 22:30:19,118123.98992904555,2062.000012207031,117471,117502,0.9997361747034093
3,2026-01-31 22:30:19,118123.98992904555,2064.000012588501,117396,117521,0.9989363603100723
3,2026-01-31 22:30:19,118123.98992904555,2066.0000129699706,116378,116752,0.9967966287515417
3,2026-01-31 22:30:19,118123.98992904555,2068.0000133514404,116262,116235,1.0002322880371661
3,2026-01-31 22:30:19,118123.98992904555,2070.00001373291,115560,115295,1.0022984517975628
3,2026-01-31 22:30:19,118123.98992904555,2072.0000141143796,115399,116367,0.9916814904569164
3,2026-01-31 22:30:19,118123.98992904555,2074.0000144958494,114808,115731,0.9920246087910759
3,2026-01-31 22:30:19,118123.98992904555,2076.0000148773192,114347,114857,0.9955596959697711
3,2026-01-31 22:30:19,118123.98992904555,2078.000015258789,113729,114464,0.9935787671232876
3,2026-01-31 22:30:19,118123.98992904555,2080.0000156402584,113190,113500,0.9972687224669603
3,2026-01-31 22:30:19,118123.98992904555,2082.0000160217282,112550,113036,0.9957004848013022
3,2026-01-31 22:30:19,118123.98992904555,2084.000016403198,112126,111852,1.002449665629582
3,2026-01-31 22:30:19,118123.98992904555,2086.000016784668,111817,111442,1.0033649790922632
3,2026-01-31 22:30:19,118123.98992904555,2088.0000171661377,110972,111231,0.9976715124380793
3,2026-01-31 22:30:19,118123.98992904555,2090.000017547607,110410,110488,0.9992940409818261
3,2026-01-31 22:30:19,118123.98992904555,2092.000017929077,109580,109734,0.9985966063389652
3,2026-01-31 22:30:19,118123.98992904555,2094.0000183105467,109742,110019,0.9974822530653796
3,2026-01-31 22:30:19,118123.98992904555,2096.0000186920165,109587,111197,0.9855211921184924
3,2026-01-31 22:30:19,118123.98992904555,2098.0000190734863,109956,110593,0.9942401417811254
3,2026-01-31 22:30:19,118123.98992904555,2100.0000194549557,110610,111360,0.9932650862068966
3,2026-01-31 22:30:19,118123.98992904555,2102.0000198364255,111063,110779,1.0025636627880736
3,2026-01-31 22:30:19,118123.98992904555,2104.0000202178953,111680,112654,0.9913540575567668
3,2026-01-31 22:30:19,118123.98992904555,2106.000020599365,112216,113730,0.9866877692781149
3,2026-01-31 22:30:19,118123.98992904555,2108.000020980835,113154,114104,0.991674262076702
3,2026-01-31 22:30:19,118123.98992904555,2110.0000213623043,113411,114530,0.9902296341569894
3,2026-01-31 22:30:19,118123.98992904555,2112.000021743774,114603,115278,0.9941445896007911
3,2026-01-31 22:30:19,118123.98992904555,2114.000022125244,115546,115512,1.0002943417134151
3,2026-01-31 22:30:19,118123.98992904555,2116.000022506714,114790,115899,0.9904313238250546
3,2026-01-31 22:30:19,118123.98992904555,2118.0000228881836,114741,115932,0.9897267363626954
3,2026-01-31 22:30:19,118123.98992904555,2120.000023269653,115347,116010,0.9942849754331523
3,2026-01-31 22:30:19,118123.98992904555,2122.000023651123,115540,116410,0.9925264152564213
3,2026-01-31 22:30:19,118123.98992904555,2124.0000240325926,115940,115914,1.0002243042255465
3,2026-01-31 22:30:19,118123.98992904555,2126.0000244140624,115170,116001,0.9928362686528565
3,2026-01-31 22:30:19,118123.98992904555,2128.000024795532,115543,116569,0.9911983460439739
3,2026-01-31 22:30:19,118123.98992904555,2130.0000251770016,115860,116300,0.9962166809974204
3,2026-01-31 22:30:19,118123.98992904555,2132.0000255584714,115522,115887,0.9968503801116605
3,2026-01-31 22:30:19,118123.98992904555,2134.000025939941,115201,116912,0.9853650609005064
3,2026-01-31 22:30:19,118123.98992904555,2136.000026321411,116059,116104,0.9996124164542135
3,2026-01-31 22:30:19,118123.98992904555,2138.000026702881,115368,116448,0.9907254740313273
3,2026-01-31 22:30:19,118123.98992904555,2140.00002708435,116732,117461,0.9937936847123726
3,2026-01-31 22:30:19,118123.98992904555,2142.00002746582,117293,117103,1.0016225032663553
3,2026-01-31 22:30:19,118123.98992904555,2144.00002784729,117036,118502,0.987628900778046
3,2026-01-31 22:30:19,118123.98992904555,2146.0000282287597,117425,118188,0.9935441838426913
3,2026-01-31 22:30:19,118123.98992904555,2148.0000286102295,118492,118628,0.9988535590248508
3,2026-01-31 22:30:19,118123.98992904555,2150.000028991699,117533,118817,0.9891934655815245
3,2026-01-31 22:30:19,118123.98992904555,2152.0000293731687,117983,118565,0.99509130013073
3,2026-01-31 22:30:19,118123.98992904555,2154.0000297546385,118108,118724,0.9948114955695563
3,2026-01-31 22:30:19,118123.98992904555,2156.0000301361083,118173,119180,0.9915505957375399
3,2026-01-31 22:30:19,118123.98992904555,2158.000030517578,118811,119160,0.9970711648204096
3,2026-01-31 22:30:19,118123.98992904555,2160.0000308990475,118668,118609,1.0004974327411917
3,2026-01-31 22:30:19,118123.98992904555,2162.0000312805173,119184,119695,0.9957308158235515
3,2026-01-31 22:30:19,118123.98992904555,2164.000031661987,118429,119137,0.9940572618078347
3,2026-01-31 22:30:19,118123.98992904555,2166.000032043457,118994,118702,1.0024599417027513
3,2026-01-31 22:30:19,118123.98992904555,2168.0000324249268,117768,119310,0.9870756851898416
3,2026-01-31 22:30:19,118123.98992904555,2170.000032806396,118128,118207,0.9993316808649234
3,2026-01-31 22:30:19,118123.98992904555,2172.000033187866,118217,118706,0.995880578909238
3,2026-01-31 22:30:19,118123.98992904555,2174.0000335693358,117823,117740,1.000704943094955
3,2026-01-31 22:30:19,118123.98992904555,2176.0000339508056,117289,117364,0.9993609624757166
3,2026-01-31 22:30:19,118123.98992904555,2178.0000343322754,116454,116840,0.9966963368709346
3,2026-01-31 22:30:19,118123.98992904555,2180.0000347137448,115989,115519,1.0040685947766168
3,2026-01-31 22:30:19,118123.98992904555,2182.0000350952146,115377,115470,0.9991945959989608
3,2026-01-31 22:30:19,118123.98992904555,2184.0000354766844,114406,114610,0.9982200506064043
3,2026-01-31 22:30:19,118123.98992904555,2186.000035858154,113571,114469,0.9921550812883837
3,2026-01-31 22:30:19,118123.98992904555,2188.000036239624,113375,113084,1.0025733083371653
3,2026-01-31 22:30:19,118123.98992904555,2190.0000366210934,112611,112405,1.00183265868956
3,2026-01-31 22:30:19,118123.98992904555,2192.000037002563,112310,112771,0.9959120695923598
3,2026-01-31 22:30:19,118123.98992904555,2194.000037384033,111735,113050,0.9883679787704556
3,2026-01-31 22:30:19,118123.98992904555,2196.000037765503,111423,113129,0.9849198702366325
3,2026-01-31 22:30:19,118123.98992904555,2198.0000381469727,112895,113611,0.9936977933474752
3,2026-01-31 22:30:19,118123.98992904555,2200.000038528442,112453,113664,0.9893457911036037
3,2026-01-31 22:30:19,118123.98992904555,2202.000038909912,114075,114698,0.9945683446965073
3,2026-01-31 22:30:19,118123.98992904555,2204.0000392913817,113773,115869,0.9819106059429183
3,2026-01-31 22:30:19,118123.98992904555,2206.0000396728515,115297,115332,0.9996965282835639
3,2026-01-31 22:30:19,118123.98992904555,2208.0000400543213,115463,116090,0.9945990180032733
3,2026-01-31 22:30:19,118123.98992904555,2210.0000404357907,116528,117105,0.9950727979163998
3,2026-01-31 22:30:19,118123.98992904555,2212.0000408172605,117009,118825,0.9847170208289502
3,2026-01-31 22:30:19,118123.98992904555,2214.0000411987303,117891,118180,0.9975545777627348
3,2026-01-31 22:30:19,118123.98992904555,2216.0000415802,118859,118329,1.0044790372605195
3,2026-01-31 22:30:19,118123.98992904555,2218.00004196167,118303,119032,0.993875596478258
3,2026-01-31 22:30:19,118123.98992904555,2220.0000423431393,119218,119406,0.9984255397551212
3,2026-01-31 22:30:19,118123.98992904555,2222.000042724609,118730,119219,0.9958983048004093
3,2026-01-31 22:30:19,118123.98992904555,2224.000043106079,118234,118580,0.9970821386405802
3,2026-01-31 22:30:19,118123.98992904555,2226.0000434875487,118743,119677,0.9921956599847924
3,2026-01-31 22:30:19,118123.98992904555,2228.0000438690186,118458,119059,0.9949520825809053
3,2026-01-31 22:30:19,118123.98992904555,2230.000044250488,118286,119836,0.987065656397076
3,2026-01-31 22:30:19,118123.98992904555,2232.0000446319577,118372,119543,0.9902043616104665
3,2026-01-31 22:30:19,118123.98992904555,2234.0000450134276,118538,118859,0.9972993210442626
3,2026-01-31 22:30:19,118123.98992904555,2236.0000453948974,117969,119196,0.9897060304037049
3,2026-01-31 22:30:19,118123.98992904555,2238.000045776367,117397,118315,0.9922410514305033
3,2026-01-31 22:30:19,118123.98992904555,2240.0000461578366,118370,117957,1.0035012758886712
3,2026-01-31 22:30:19,118123.98992904555,2242.0000465393064,117441,118087,0.9945294570951926
3,2026-01-31 22:30:19,118123.98992904555,2244.000046920776,118053,117937,1.0009835759770047
3,2026-01-31 22:30:19,118123.98992904555,2246.000047302246,117432,118190,0.993586597850918
3,2026-01-31 22:30:19,118123.98992904555,2248.000047683716,117585,117938,0.9970069019315233
3,2026-01-31 22:30:19,118123.98992904555,2250.000048065185,117180,118156,0.9917397339111006
3,2026-01-31 22:30:19,118123.98992904555,2252.000048446655,117505,117391,1.000971113628813
3,2026-01-31 22:30:19,118123.98992904555,2254.000048828125,117150,117383,0.9980150447679818
3,2026-01-31 22:30:19,118123.98992904555,2256.0000492095946,116492,117075,0.9950202861413624
3,2026-01-31 22:30:19,118123.98992904555,2258.0000495910645,116752,117211,0.9960839852914829
3,2026-01-31 22:30:19,118123.98992904555,2260.000049972534,116438,117253,0.9930492183568864
3,2026-01-31 22:30:19,118123.98992904555,2262.0000503540036,116533,116123,1.0035307389578292
3,2026-01-31 22:30:19,118123.98992904555,2264.0000507354735,115924,116602,0.9941853484502838
3,2026-01-31 22:30:19,118123.98992904555,2266.0000511169433,116920,116689,1.0019796210439715
3,2026-01-31 22:30:19,118123.98992904555,2268.000051498413,116322,116923,0.994859865039385
3,2026-01-31 22:30:19,118123.98992904555,2270.0000518798824,116447,117676,0.989556069206975
3,2026-01-31 22:30:19,118123.98992904555,2272.0000522613523,116643,117844,0.9898085604697736
3,2026-01-31 22:30:19,118123.98992904555,2274.000052642822,116319,116753,0.9962827507644343
3,2026-01-31 22:30:19,118123.98992904555,2276.000053024292,115620,116933,0.9887713476948338
3,2026-01-31 22:30:19,118123.98992904555,2278.0000534057617,115935,116964,0.9912024212578229
3,2026-01-31 22:30:19,118123.98992904555,2280.000053787231,115706,116368,0.9943111508318438
3,2026-01-31 22:30:19,118123.98992904555,2282.000054168701,115773,116796,0.9912411383951505
3,2026-01-31 22:30:19,118123.98992904555,2284.0000545501707,115858,116306,0.9961480921018692
3,2026-01-31 22:30:19,118123.98992904555,2286.0000549316405,115391,115714,0.9972086350830496
3,2026-01-31 22:30:19,118123.98992904555,2288.0000553131104,114419,115144,0.9937035364413257
3,2026-01-31 22:30:19,118123.98992904555,2290.0000556945797,113836,115511,0.9854992165248332
3,2026-01-31 22:30:19,118123.98992904555,2292.0000560760495,113379,114975,0.9861187214611872
3,2026-01-31 22:30:19,118123.98992904555,2294.0000564575193,112213,115034,0.9754768155501852
3,2026-01-31 22:30:19,118123.98992904555,2296.000056838989,112179,115072,0.9748592185761957
3,2026-01-31 22:30:19,118123.98992904555,2298.000057220459,110279,114883,0.9599244448699982
3,2026-01-31 22:30:19,118123.98992904555,2300.0000576019283,109624,114616,0.9564458714315628
3,2026-01-31 22:30:19,118123.98992904555,2302.000057983398,107458,115293,0.932042708577277
3,2026-01-31 22:30:19,118123.98992904555,2304.000058364868,105431,115902,0.9096564338837984
3,2026-01-31 22:30:19,118123.98992904555,2306.000058746338,103357,114957,0.8990927042285376
3,2026-01-31 22:30:19,118123.98992904555,2308.0000591278076,103048,116092,0.8876408365778865
3,2026-01-31 22:30:19,118123.98992904555,2310.000059509277,104627,116608,0.8972540477497256
3,2026-01-31 22:30:19,118123.98992904555,2312.000059890747,107259,117174,0.9153822520354344
3,2026-01-31 22:30:19,118123.98992904555,2314.0000602722166,110206,117744,0.9359797526837885
3,2026-01-31 22:30:19,118123.98992904555,2316.0000606536864,112619,118286,0.9520906954331029
3,2026-01-31 22:30:19,118123.98992904555,2318.0000610351562,114485,118258,0.9680951817213211
3,2026-01-31 22:30:19,118123.98992904555,2320.0000614166256,115898,119504,0.9698252778149685
3,2026-01-31 22:30:19,118123.98992904555,2322.0000617980954,116743,119495,0.9769697476881878
3,2026-01-31 22:30:19,118123.98992904555,2324.0000621795652,117239,120367,0.9740128108202414
3,2026-01-31 22:30:19,118123.98992904555,2326.000062561035,118327,119938,0.9865680601644183
3,2026-01-31 22:30:19,118123.98992904555,2328.000062942505,119059,121043,0.9836091306395248
3,2026-01-31 22:30:19,118123.98992904555,2330.0000633239742,119058,120624,0.9870175089534421
3,2026-01-31 22:30:19,118123.98992904555,2332.000063705444,119773,120580,0.9933073478188754
3,2026-01-31 22:30:19,118123.98992904555,2334.000064086914,120230,120495,0.9978007386198597
3,2026-01-31 22:30:19,118123.98992904555,2336.0000644683837,119903,120935,0.9914664902633646
3,2026-01-31 22:30:19,118123.98992904555,2338.0000648498535,119609,121304,0.9860268416540262
3,2026-01-31 22:30:19,118123.98992904555,2340.000065231323,120195,120954,0.9937248871471799
3,2026-01-31 22:30:19,118123.98992904555,2342.0000656127927,120532,120774,0.9979962574726349
3,2026-01-31 22:30:19,118123.98992904555,2344.0000659942625,119826,120937,0.9908133987117259
3,2026-01-31 22:30:19,118123.98992904555,2346.0000663757323,119700,120588,0.9926360831923574
3,2026-01-31 22:30:19,118123.98992904555,2348.000066757202,119808,120549,0.9938531219670009
3,2026-01-31 22:30:19,118123.98992904555,2350.0000671386715,118858,121040,0.9819729015201586
3,2026-01-31 22:30:19,118123.98992904555,2352.0000675201413,118842,119633,0.9933881119757927
3,2026-01-31 22:30:19,118123.98992904555,2354.000067901611,118439,118432,1.0000591056471224
3,2026-01-31 22:30:19,118123.98992904555,2356.000068283081,118127,117983,1.0012205148199318
3,2026-01-31 22:30:19,118123.98992904555,2358.000068664551,117230,118009,0.9933988085654484
3,2026-01-31 22:30:19,118123.98992904555,2360.00006904602,116416,116873,0.9960897726592113
3,2026-01-31 22:30:19,118123.98992904555,2362.00006942749,116466,115940,1.0045368293945145
3,2026-01-31 22:30:19,118123.98992904555,2364.00006980896,115667,115308,1.0031134006313525
3,2026-01-31 22:30:19,118123.98992904555,2366.0000701904296,114265,115218,0.9917287229425957
3,2026-01-31 22:30:19,118123.98992904555,2368.0000705718994,114401,115089,0.9940220177427903
3,2026-01-31 22:30:19,118123.98992904555,2370.000070953369,114411,113866,1.0047863277888043
3,2026-01-31 22:30:19,118123.98992904555,2372.0000713348386,113404,113769,0.9967917446756146
3,2026-01-31 22:30:19,118123.98992904555,2374.0000717163084,113536,114181,0.9943510741717099
3,2026-01-31 22:30:19,118123.98992904555,2376.0000720977782,113566,115145,0.986286855703678
3,2026-01-31 22:30:19,118123.98992904555,2378.000072479248,113833,114744,0.9920605870459458
3,2026-01-31 22:30:19,118123.98992904555,2380.0000728607174,114023,115278,0.9891132739985079
3,2026-01-31 22:30:19,118123.98992904555,2382.000073242187,113730,116094,0.9796371905524833
3,2026-01-31 22:30:19,118123.98992904555,2384.000073623657,114980,115680,0.9939488243430152
3,2026-01-31 22:30:19,118123.98992904555,2386.000074005127,115419,116796,0.9882102126785164
3,2026-01-31 22:30:19,118123.98992904555,2388.0000743865967,115958,117032,0.9908230227630049
3,2026-01-31 22:30:19,118123.98992904555,2390.000074768066,116588,117702,0.9905354199588792
3,2026-01-31 22:30:19,118123.98992904555,2392.000075149536,117315,118260,0.9920091324200914
3,2026-01-31 22:30:19,118123.98992904555,2394.0000755310057,117537,118372,0.9929459669516439
3,2026-01-31 22:30:19,118123.98992904555,2396.0000759124755,118563,118889,0.9972579464879004
3,2026-01-31 22:30:19,118123.98992904555,2398.0000762939453,119223,119466,0.9979659484706946
3,2026-01-31 22:30:19,118123.98992904555,2400.0000766754147,119448,119008,1.0036972304382898
3,2026-01-31 22:30:19,118123.98992904555,2402.0000770568845,119664,120204,0.995507637017071
3,2026-01-31 22:30:19,118123.98992904555,2404.0000774383543,118670,120326,0.9862373884281036
3,2026-01-31 22:30:19,118123.98992904555,2406.000077819824,119411,120938,0.987373695612628
3,2026-01-31 22:30:19,118123.98992904555,2408.000078201294,119922,119982,0.9994999249887483
3,2026-01-31 22:30:19,118123.98992904555,2410.0000785827633,119579,120105,0.9956204987302777
3,2026-01-31 22:30:19,118123.98992904555,2412.000078964233,119213,120585,0.9886221337645644
3,2026-01-31 22:30:19,118123.98992904555,2414.000079345703,119395,120216,0.9931706262061623
3,2026-01-31 22:30:19,118123.98992904555,2416.0000797271728,118800,119763,0.9919591192605396
3,2026-01-31 22:30:19,118123.98992904555,2418.0000801086426,119414,118882,1.0044750256556922
3,2026-01-31 22:30:19,118123.98992904555,2420.000080490112,118883,118813,1.0005891611187328
3,2026-01-31 22:30:19,118123.98992904555,2422.0000808715818,118736,118742,0.9999494702801031
3,2026-01-31 22:30:19,118123.98992904555,2424.0000812530516,119100,118305,1.00671991885381
3,2026-01-31 22:30:19,118123.98992904555,2426.0000816345214,118143,118620,0.99597875569044
3,2026-01-31 22:30:19,118123.98992904555,2428.000082015991,118040,119301,0.9894300969815844
3,2026-01-31 22:30:19,118123.98992904555,2430.0000823974606,118218,118505,0.9975781612590187
3,2026-01-31 22:30:19,118123.98992904555,2432.0000827789304,118234,118719,0.995914723001373
3,2026-01-31 22:30:19,118123.98992904555,2434.0000831604,118162,118794,0.9946798659864976
3,2026-01-31 22:30:19,118123.98992904555,2436.00008354187,118285,118595,0.9973860618069902
3,2026-01-31 22:30:19,118123.98992904555,2438.00008392334,118579,118607,0.9997639262438136
3,2026-01-31 22:30:19,118123.98992904555,2440.000084304809,118378,118966,0.9950574113612293
3,2026-01-31 22:30:19,118123.98992904555,2442.000084686279,118903,120229,0.9889710469187967
3,2026-01-31 22:30:19,118123.98992904555,2444.000085067749,119072,119343,0.9977292342240432
3,2026-01-31 22:30:19,118123.98992904555,2446.0000854492187,119402,119530,0.9989291391282523
3,2026-01-31 22:30:19,118123.98992904555,2448.0000858306885,118975,120726,0.9854960820370094
3,2026-01-31 22:30:19,118123.98992904555,2450.000086212158,118680,119296,0.994836373390558
3,2026-01-31 22:30:19,118123.98992904555,2452.0000865936277,119198,119359,0.9986511281093172
3,2026-01-31 22:30:19,118123.98992904555,2454.0000869750975,118535,118570,0.9997048157206714
3,2026-01-31 22:30:19,118123.98992904555,2456.0000873565673,117833,118820,0.9916933176232957
3,2026-01-31 22:30:19,118123.98992904555,2458.000087738037,117505,118207,0.994061265407294
3,2026-01-31 22:30:19,118123.98992904555,2460.0000881195065,117213,117755,0.9953972230478536
3,2026-01-31 22:30:19,118123.98992904555,2462.0000885009763,116247,117028,0.9933263834296066
3,2026-01-31 22:30:19,118123.98992904555,2464.000088882446,115947,116119,0.9985187609262911
3,2026-01-31 22:30:19,118123.98992904555,2466.000089263916,115154,116592,0.9876663922052971
3,2026-01-31 22:30:19,118123.98992904555,2468.0000896453857,115251,115106,1.0012597084426529
3,2026-01-31 22:30:19,118123.98992904555,2470.000090026855,115067,115780,0.9938417688719986
3,2026-01-31 22:30:19,118123.98992904555,2472.000090408325,115041,115176,0.9988278808085018
3,2026-01-31 22:30:19,118123.98992904555,2474.0000907897947,114386,114553,0.9985421595244123
3,2026-01-31 22:30:19,118123.98992904555,2476.0000911712646,113881,114777,0.9921935579427934
3,2026-01-31 22:30:19,118123.98992904555,2478.0000915527344,114670,114747,0.9993289584912896
3,2026-01-31 22:30:19,118123.98992904555,2480.0000919342037,114246,115738,0.987108814736733
3,2026-01-31 22:30:19,118123.98992904555,2482.0000923156736,114345,115785,0.9875631558492033
3,2026-01-31 22:30:19,118123.98992904555,2484.0000926971434,114447,114940,0.9957108056377241
3,2026-01-31 22:30:19,118123.98992904555,2486.000093078613,115274,116398,0.9903434766920394
3,2026-01-31 22:30:19,118123.98992904555,2488.000093460083,115758,116425,0.9942709899076658
3,2026-01-31 22:30:19,118123.98992904555,2490.0000938415524,115751,117011,0.9892317816273684
3,2026-01-31 22:30:19,118123.98992904555,2492.000094223022,116440,117270,0.9929223160228532
3,2026-01-31 22:30:19,118123.98992904555,2494.000094604492,117197,117752,0.9952867042598003
3,2026-01-31 22:30:19,118123.98992904555,2496.000094985962,117611,118708,0.9907588368096506
3,2026-01-31 22:30:19,118123.98992904555,2498.0000953674316,117618,119137,0.9872499727204814
3,2026-01-31 22:30:19,118123.98992904555,2500.000095748901,118176,119335,0.9902878451418277
3,2026-01-31 22:30:19,118123.98992904555,2502.000096130371,119343,119624,0.9976509730488865
3,2026-01-31 22:30:19,118123.98992904555,2504.0000965118406,119424,120019,0.9950424516118281
3,2026-01-31 22:30:19,118123.98992904555,2506.0000968933105,120150,119846,1.002536588622065
3,2026-01-31 22:30:19,118123.98992904555,2508.0000972747803,119660,120166,0.9957891583309755
3,2026-01-31 22:30:19,118123.98992904555,2510.0000976562496,119923,120932,0.991656468097774
3,2026-01-31 22:30:19,118123.98992904555,2512.0000980377195,119751,120765,0.9916035275121103
3,2026-01-31 22:30:19,118123.98992904555,2514.0000984191893,119657,120578,0.9923617907080894
3,2026-01-31 22:30:19,118123.98992904555,2516.000098800659,120162,121366,0.9900795939554735
3,2026-01-31 22:30:19,118123.98992904555,2518.000099182129,120090,119920,1.0014176117411608
3,2026-01-31 22:30:19,118123.98992904555,2520.0000995635983,119104,120052,0.9921034218505315
3,2026-01-31 22:30:19,118123.98992904555,2522.000099945068,119539,119750,0.9982379958246347
3,2026-01-31 22:30:19,118123.98992904555,2524.000100326538,118662,119384,0.9939522884138579
3,2026-01-31 22:30:19,118123.98992904555,2526.0001007080077,118559,118883,0.997274631360245
3,2026-01-31 22:30:19,118123.98992904555,2528.0001010894775,118185,118115,1.0005926427634086
3,2026-01-31 22:30:19,118123.98992904555,2530.000101470947,117926,118781,0.9928018790884064
3,2026-01-31 22:30:19,118123.98992904555,2532.0001018524167,117570,118156,0.9950404549917059
3,2026-01-31 22:30:19,118123.98992904555,2534.0001022338865,117390,118118,0.9938366718027735
3,2026-01-31 22:30:19,118123.98992904555,2536.0001026153564,117539,117733,0.9983522037151861
3,2026-01-31 22:30:19,118123.98992904555,2538.000102996826,117203,117803,0.994906751101415
3,2026-01-31 22:30:19,118123.98992904555,2540.0001033782955,116903,117274,0.9968364684414278
3,2026-01-31 22:30:19,118123.98992904555,2542.0001037597654,117256,118154,0.9923997494794928
3,2026-01-31 22:30:19,118123.98992904555,2544.000104141235,116713,117619,0.9922971628733452
3,2026-01-31 22:30:19,118123.98992904555,2546.000104522705,116568,117486,0.9921863030488739
3,2026-01-31 22:30:19,118123.98992904555,2548.000104904175,117104,117696,0.9949700924415443
3,2026-01-31 22:30:19,118123.98992904555,2550.000105285644,116984,117335,0.9970085652192441
3,2026-01-31 22:30:19,118123.98992904555,2552.000105667114,116747,117587,0.9928563531682925
3,2026-01-31 22:30:19,118123.98992904555,2554.000106048584,116437,117500,0.9909531914893617
3,2026-01-31 22:30:19,118123.98992904555,2556.0001064300536,117294,117155,1.0011864623788997
3,2026-01-31 22:30:19,118123.98992904555,2558.0001068115234,115851,117199,0.9884981953770937
3,2026-01-31 22:30:19,118123.98992904555,2560.000107192993,116521,117388,0.9926142365488806
3,2026-01-31 22:30:19,118123.98992904555,2562.0001075744626,116551,117338,0.9932928803968024
3,2026-01-31 22:30:19,118123.98992904555,2564.0001079559324,116376,117835,0.9876182797980226
3,2026-01-31 22:30:19,118123.98992904555,2566.0001083374023,117232,117546,0.9973287053579024
3,2026-01-31 22:30:19,118123.98992904555,2568.000108718872,117125,117671,0.9953599442513449
3,2026-01-31 22:30:19,118123.98992904555,2570.0001091003414,116680,117946,0.9892662743967578
3,2026-01-31 22:30:19,118123.98992904555,2572.0001094818113,116888,118089,0.9898297047142409
3,2026-01-31 22:30:19,118123.98992904555,2574.000109863281,117382,118194,0.9931299389139888
3,2026-01-31 22:30:19,118123.98992904555,2576.000110244751,117055,117808,0.9936082439223143
3,2026-01-31 22:30:19,118123.98992904555,2578.0001106262207,116721,117909,0.9899244332493703
3,2026-01-31 22:30:19,118123.98992904555,2580.00011100769,116415,117138,0.9938277928597039
3,2026-01-31 22:30:19,118123.98992904555,2582.00011138916,115672,116481,0.9930546612752295
3,2026-01-31 22:30:19,118123.98992904555,2584.0001117706297,116359,117607,0.9893883867456869
3,2026-01-31 22:30:19,118123.98992904555,2586.0001121520995,115386,118057,0.9773753356429521
3,2026-01-31 22:30:19,118123.98992904555,2588.0001125335693,115727,117704,0.9832036294433494
3,2026-01-31 22:30:19,118123.98992904555,2590.0001129150387,115019,116956,0.9834382160812614
3,2026-01-31 22:30:19,118123.98992904555,2592.0001132965085,114431,116634,0.9811118541763122
3,2026-01-31 22:30:19,118123.98992904555,2594.0001136779783,114013,117413,0.9710423888325824
3,2026-01-31 22:30:19,118123.98992904555,2596.000114059448,113322,117529,0.9642045792953229
3,2026-01-31 22:30:19,118123.98992904555,2598.000114440918,113544,118050,0.9618297331639136
3,2026-01-31 22:30:19,118123.98992904555,2600.0001148223873,112151,118215,0.9487036332106754
3,2026-01-31 22:30:19,118123.98992904555,2602.000115203857,110066,118330,0.9301614129975492
3,2026-01-31 22:30:19,118123.98992904555,2604.000115585327,107985,117994,0.915173652897605
3,2026-01-31 22:30:19,118123.98992904555,2606.000115966797,105895,119414,0.886788818731472
3,2026-01-31 22:30:19,118123.98992904555,2608.0001163482666,106368,119979,0.8865551471507513
3,2026-01-31 22:30:19,118123.98992904555,2610.000116729736,107741,120193,0.8963999567362492
3,2026-01-31 22:30:19,118123.98992904555,2612.000117111206,110614,121093,0.9134632059656628
3,2026-01-31 22:30:19,118123.98992904555,2614.0001174926756,113704,121258,0.937703079384453
3,2026-01-31 22:30:19,118123.98992904555,2616.0001178741454,115790,120941,0.9574089845461837
3,2026-01-31 22:30:19,118123.98992904555,2618.0001182556152,117389,121438,0.9666578830349644
3,2026-01-31 22:30:19,118123.98992904555,2620.0001186370846,117928,121400,0.9714003294892916
3,2026-01-31 22:30:19,118123.98992904555,2622.0001190185544,119094,121518,0.9800523379252456
3,2026-01-31 22:30:19,118123.98992904555,2624.0001194000242,119047,120986,0.9839733522886945
3,2026-01-31 22:30:19,118123.98992904555,2626.000119781494,119133,120569,0.9880898074961225
3,2026-01-31 22:30:19,118123.98992904555,2628.000120162964,119258,120734,0.9877747776102838
3,2026-01-31 22:30:19,118123.98992904555,2630.0001205444332,119602,120669,0.9911576295485999
3,2026-01-31 22:30:19,118123.98992904555,2632.000120925903,119724,120500,0.9935601659751038
3,2026-01-31 22:30:19,118123.98992904555,2634.000121307373,118870,119751,0.9926430676988084
3,2026-01-31 22:30:19,118123.98992904555,2636.0001216888427,119102,120284,0.9901732566259852
3,2026-01-31 22:30:19,118123.98992904555,2638.0001220703125,118011,119747,0.9855027683365762
3,2026-01-31 22:30:19,118123.98992904555,2640.000122451782,118381,119029,0.9945559485503532
3,2026-01-31 22:30:19,118123.98992904555,2642.0001228332517,117666,117631,1.0002975406142938
3,2026-01-31 22:30:19,118123.98992904555,2644.0001232147215,116682,116835,0.9986904609064065
3,2026-01-31 22:30:19,118123.98992904555,2646.0001235961913,116587,117251,0.9943369352926628
3,2026-01-31 22:30:19,118123.98992904555,2648.000123977661,115812,116515,0.9939664420890014
3,2026-01-31 22:30:19,118123.98992904555,2650.0001243591305,115921,116342,0.9963813584088291
3,2026-01-31 22:30:19,118123.98992904555,2652.0001247406003,115001,115573,0.995050747146825
3,2026-01-31 22:30:19,118123.98992904555,2654.00012512207,114352,114587,0.9979491565360817
3,2026-01-31 22:30:19,118123.98992904555,2656.00012550354,113643,114521,0.9923332838518699
3,2026-01-31 22:30:19,118123.98992904555,2658.0001258850098,114056,114822,0.9933288045844872
3,2026-01-31 22:30:19,118123.98992904555,2660.000126266479,113955,113955,1.0
3,2026-01-31 22:30:19,118123.98992904555,2662.000126647949,113917,113721,1.001723516325041
3,2026-01-31 22:30:19,118123.98992904555,2664.0001270294188,114039,114584,0.9952436640368638
3,2026-01-31 22:30:19,118123.98992904555,2666.0001274108886,114048,115593,0.9866341387454257
3,2026-01-31 22:30:19,118123.98992904555,2668.0001277923584,114552,115623,0.9907371370748035
3,2026-01-31 22:30:19,118123.98992904555,2670.0001281738278,114689,115612,0.992016399681694
3,2026-01-31 22:30:19,118123.98992904555,2672.0001285552976,116419,116617,0.9983021343371893
3,2026-01-31 22:30:19,118123.98992904555,2674.0001289367674,116496,117280,0.9933151432469304
3,2026-01-31 22:30:19,118123.98992904555,2676.000129318237,116743,118035,0.9890540941246241
3,2026-01-31 22:30:19,118123.98992904555,2678.000129699707,117876,117734,1.0012061086856814
3,2026-01-31 22:30:19,118123.98992904555,2680.0001300811764,117148,118514,0.9884739355687936
3,2026-01-31 22:30:19,118123.98992904555,2682.000130462646,117329,118644,0.9889164222379556
3,2026-01-31 22:30:19,118123.98992904555,2684.000130844116,118361,119084,0.9939286554029089
3,2026-01-31 22:30:19,118123.98992904555,2686.000131225586,118062,119171,0.9906940446920811
3,2026-01-31 22:30:19,118123.98992904555,2688.0001316070557,117772,119781,0.9832277239295046
3,2026-01-31 22:30:19,118123.98992904555,2690.000131988525,118640,119168,0.9955692803437164
3,2026-01-31 22:30:19,118123.98992904555,2692.000132369995,117783,119199,0.9881207057106184
3,2026-01-31 22:30:19,118123.98992904555,2694.0001327514647,117992,118708,0.9939683930316406
3,2026-01-31 22:30:19,118123.98992904555,2696.0001331329345,118026,119145,0.9906080825884427
3,2026-01-31 22:30:19,118123.98992904555,2698.0001335144043,117788,118674,0.9925341692367325
3,2026-01-31 22:30:19,118123.98992904555,2700.0001338958737,118715,119403,0.9942380007202499
3,2026-01-31 22:30:19,118123.98992904555,2702.0001342773435,117854,118045,0.9983819729764073
3,2026-01-31 22:30:19,118123.98992904555,2704.0001346588133,117574,118740,0.9901802257032171
3,2026-01-31 22:30:19,118123.98992904555,2706.000135040283,118291,118931,0.994618728506445
3,2026-01-31 22:30:19,118123.98992904555,2708.000135421753,117509,118416,0.9923405620862046
3,2026-01-31 22:30:19,118123.98992904555,2710.0001358032223,118244,118509,0.9977638829118464
3,2026-01-31 22:30:19,118123.98992904555,2712.000136184692,118506,118510,0.9999662475740444
3,2026-01-31 22:30:19,118123.98992904555,2714.000136566162,117985,118637,0.9945042440385378
3,2026-01-31 22:30:19,118123.98992904555,2716.0001369476317,118045,118736,0.9941803665274221
3,2026-01-31 22:30:19,118123.98992904555,2718.0001373291016,118120,118287,0.9985881795970817
3,2026-01-31 22:30:19,118123.98992904555,2720.000137710571,118224,118621,0.9966532064305645
3,2026-01-31 22:30:19,118123.98992904555,2722.0001380920407,118480,118008,1.0039997288319435
3,2026-01-31 22:30:19,118123.98992904555,2724.0001384735106,117326,117998,0.9943049882201394
3,2026-01-31 22:30:19,118123.98992904555,2726.0001388549804,118138,118214,0.9993570981440438
3,2026-01-31 22:30:19,118123.98992904555,2728.00013923645,118088,118666,0.9951291861190231
3,2026-01-31 22:30:19,118123.98992904555,2730.0001396179196,117625,118743,0.9905847081512174
3,2026-01-31 22:30:19,118123.98992904555,2732.0001399993894,117409,118063,0.9944605846031356
3,2026-01-31 22:30:19,118123.98992904555,2734.000140380859,117704,117974,0.9977113601301982
3,2026-01-31 22:30:19,118123.98992904555,2736.000140762329,117152,117592,0.9962582488604667
3,2026-01-31 22:30:19,118123.98992904555,2738.000141143799,116246,117193,0.9919193125869292
3,2026-01-31 22:30:19,118123.98992904555,2740.000141525268,116377,117630,0.9893479554535408
3,2026-01-31 22:30:19,118123.98992904555,2742.000141906738,116346,116456,0.9990554372466854
3,2026-01-31 22:30:19,118123.98992904555,2744.000142288208,115693,116586,0.9923404182320347
3,2026-01-31 22:30:19,118123.98992904555,2746.0001426696776,115615,115656,0.9996455004496092
3,2026-01-31 22:30:19,118123.98992904555,2748.0001430511475,114899,115565,0.9942370094751871
3,2026-01-31 22:30:19,118123.98992904555,2750.000143432617,115317,114801,1.0044947343664254
3,2026-01-31 22:30:19,118123.98992904555,2752.0001438140866,114034,115388,0.9882656775401255
3,2026-01-31 22:30:19,118123.98992904555,2754.0001441955565,113417,114799,0.987961567609474
3,2026-01-31 22:30:19,118123.98992904555,2756.0001445770263,113588,114555,0.9915586399546069
3,2026-01-31 22:30:19,118123.98992904555,2758.000144958496,113614,114323,0.9937982733133315
3,2026-01-31 22:30:19,118123.98992904555,2760.0001453399655,113187,114065,0.9923026344628063
3,2026-01-31 22:30:19,118123.98992904555,2762.0001457214353,114150,114755,0.9947278985665112
3,2026-01-31 22:30:19,118123.98992904555,2764.000146102905,113848,114955,0.990370144839285
3,2026-01-31 22:30:19,118123.98992904555,2766.000146484375,113706,115284,0.9863120641199126
3,2026-01-31 22:30:19,118123.98992904555,2768.0001468658447,115281,115810,0.9954321733874449
3,2026-01-31 22:30:19,118123.98992904555,2770.000147247314,115516,115600,0.999273356401384
3,2026-01-31 22:30:19,118123.98992904555,2772.000147628784,116395,116648,0.9978310815444756
3,2026-01-31 22:30:19,118123.98992904555,2774.0001480102537,116404,116865,0.9960552774568947
3,2026-01-31 22:30:19,118123.98992904555,2776.0001483917235,116334,118332,0.9831153027076361
3,2026-01-31 22:30:19,118123.98992904555,2778.0001487731934,117134,118220,0.9908137371003214
3,2026-01-31 22:30:19,118123.98992904555,2780.0001491546627,118114,118237,0.9989597165016028
3,2026-01-31 22:30:19,118123.98992904555,2782.0001495361325,117842,118910,0.9910184172903876
3,2026-01-31 22:30:19,118123.98992904555,2784.0001499176024,118263,119963,0.9858289639305452
3,2026-01-31 22:30:19,118123.98992904555,2786.000150299072,119578,119982,0.9966328282575719
3,2026-01-31 22:30:19,118123.98992904555,2788.000150680542,118916,120527,0.9866337003327056
3,2026-01-31 22:30:19,118123.98992904555,2790.0001510620114,119207,120304,0.9908814337012901
3,2026-01-31 22:30:19,118123.98992904555,2792.000151443481,118669,120021,0.9887353046550187
3,2026-01-31 22:30:19,118123.98992904555,2794.000151824951,120160,119729,1.003599796206433
3,2026-01-31 22:30:19,118123.98992904555,2796.000152206421,119544,119991,0.9962747206040453
3,2026-01-31 22:30:19,118123.98992904555,2798.0001525878906,119916,120481,0.995310463890572
3,2026-01-31 22:30:19,118123.98992904555,2800.00015296936,119522,120387,0.9928148388114996
3,2026-01-31 22:30:19,118123.98992904555,2802.00015335083,119390,119510,0.9989958999246925
3,2026-01-31 22:30:19,118123.98992904555,2804.0001537322996,119515,119941,0.996448253724748
3,2026-01-31 22:30:19,118123.98992904555,2806.0001541137694,119407,120023,0.994867650367013
3,2026-01-31 22:30:19,118123.98992904555,2808.0001544952393,119306,120108,0.9933226762580344
3,2026-01-31 22:30:19,118123.98992904555,2810.0001548767086,119407,119105,1.0025355778514755
3,2026-01-31 22:30:19,118123.98992904555,2812.0001552581784,119027,119538,0.9957252087202396
3,2026-01-31 22:30:19,118123.98992904555,2814.0001556396483,118671,119331,0.99446916559821
3,2026-01-31 22:30:19,118123.98992904555,2816.000156021118,118399,119666,0.9894121972824361
3,2026-01-31 22:30:19,118123.98992904555,2818.000156402588,118208,118468,0.9978053145153122
3,2026-01-31 22:30:19,118123.98992904555,2820.0001567840573,117764,118250,0.9958900634249471
3,2026-01-31 22:30:19,118123.98992904555,2822.000157165527,117207,117777,0.9951603453985074
3,2026-01-31 22:30:19,118123.98992904555,2824.000157546997,117311,117002,1.0026409804960599
3,2026-01-31 22:30:19,118123.98992904555,2826.0001579284667,116435,116818,0.996721395675324
3,2026-01-31 22:30:19,118123.98992904555,2828.0001583099365,116240,116484,0.9979052917138834
3,2026-01-31 22:30:19,118123.98992904555,2830.000158691406,115738,115785,0.9995940752256337
3,2026-01-31 22:30:19,118123.98992904555,2832.0001590728757,114868,115327,0.9960200126596547
3,2026-01-31 22:30:19,118123.98992904555,2834.0001594543455,114349,114939,0.994866842412062
3,2026-01-31 22:30:19,118123.98992904555,2836.0001598358153,114015,115231,0.9894472841509663
3,2026-01-31 22:30:19,118123.98992904555,2838.000160217285,114409,114748,0.9970457001429219
3,2026-01-31 22:30:19,118123.98992904555,2840.0001605987545,113142,114116,0.9914648252655193
3,2026-01-31 22:30:19,118123.98992904555,2842.0001609802243,112480,113003,0.9953718042883817
3,2026-01-31 22:30:19,118123.98992904555,2844.000161361694,112431,113344,0.9919448757763976
3,2026-01-31 22:30:19,118123.98992904555,2846.000161743164,112209,112684,0.9957846721806113
3,2026-01-31 22:30:19,118123.98992904555,2848.000162124634,111566,112040,0.9957693680828276
3,2026-01-31 22:30:19,118123.98992904555,2850.000162506103,111323,111982,0.994115125645193
3,2026-01-31 22:30:19,118123.98992904555,2852.000162887573,111189,112436,0.9889092461489203
3,2026-01-31 22:30:19,118123.98992904555,2854.000163269043,111859,112000,0.9987410714285714
3,2026-01-31 22:30:19,118123.98992904555,2856.0001636505126,111915,111635,1.0025081739597796
3,2026-01-31 22:30:19,118123.98992904555,2858.0001640319824,111329,113056,0.9847243843758845
3,2026-01-31 22:30:19,118123.98992904555,2860.000164413452,111754,112693,0.9916676279804424
3,2026-01-31 22:30:19,118123.98992904555,2862.0001647949216,111905,113528,0.9857039673032203
3,2026-01-31 22:30:19,118123.98992904555,2864.0001651763914,113467,113066,1.0035466011002423
3,2026-01-31 22:30:19,118123.98992904555,2866.0001655578612,113210,114576,0.9880777824326211
3,2026-01-31 22:30:19,118123.98992904555,2868.000165939331,113986,114958,0.9915447380782547
3,2026-01-31 22:30:19,118123.98992904555,2870.0001663208004,113919,115107,0.9896791680783966
3,2026-01-31 22:30:19,118123.98992904555,2872.0001667022702,114125,115494,0.9881465703846087
3,2026-01-31 22:30:19,118123.98992904555,2874.00016708374,115068,115610,0.9953118242366578
3,2026-01-31 22:30:19,118123.98992904555,2876.00016746521,115113,115727,0.9946944101203695
3,2026-01-31 22:30:19,118123.98992904555,2878.0001678466797,115441,116515,0.9907823027078059
3,2026-01-31 22:30:19,118123.98992904555,2880.000168228149,115985,116051,0.9994312845214604
3,2026-01-31 22:30:19,118123.98992904555,2882.000168609619,114987,116402,0.9878438514802151
3,2026-01-31 22:30:19,118123.98992904555,2884.0001689910887,115216,116202,0.9915147759935286
3,2026-01-31 22:30:19,118123.98992904555,2886.0001693725585,115727,117023,0.9889252540098955
3,2026-01-31 22:30:19,118123.98992904555,2888.0001697540283,115188,116280,0.990608875128999
3,2026-01-31 22:30:19,118123.98992904555,2890.0001701354977,115761,116253,0.9957678511522283
3,2026-01-31 22:30:19,118123.98992904555,2892.0001705169675,115983,115885,1.0008456659619451
3,2026-01-31 22:30:19,118123.98992904555,2894.0001708984373,115845,116390,0.9953174671363519
3,2026-01-31 22:30:19,118123.98992904555,2896.000171279907,115838,116970,0.9903223048644951
3,2026-01-31 22:30:19,118123.98992904555,2898.000171661377,116232,116370,0.9988141273524104
3,2026-01-31 22:30:19,118123.98992904555,2900.0001720428463,116687,116810,0.9989470079616471
3,2026-01-31 22:30:19,118123.98992904555,2902.000172424316,116786,117170,0.9967227105914483
3,2026-01-31 22:30:19,118123.98992904555,2904.000172805786,116390,117648,0.9893070855433157
3,2026-01-31 22:30:19,118123.98992904555,2906.0001731872558,116546,117850,0.9889350869749681
3,2026-01-31 22:30:19,118123.98992904555,2908.0001735687256,116722,117493,0.9934379069391368
3,2026-01-31 22:30:19,118123.98992904555,2910.000173950195,116569,117206,0.9945651246523216
3,2026-01-31 22:30:19,118123.98992904555,2912.0001743316648,117054,118235,0.9900114179388506
3,2026-01-31 22:30:19,118123.98992904555,2914.0001747131346,117020,116924,1.0008210461496356
3,2026-01-31 22:30:19,118123.98992904555,2916.0001750946044,116962,117546,0.9950317322580097
3,2026-01-31 22:30:19,118123.98992904555,2918.000175476074,115483,117069,0.9864524340346291
3,2026-01-31 22:30:19,118123.98992904555,2920.0001758575436,116115,116149,0.9997072725550801
3,2026-01-31 22:30:19,118123.98992904555,2922.0001762390134,116361,115692,1.0057825951664765
3,2026-01-31 22:30:19,118123.98992904555,2924.000176620483,114576,115587,0.9912533416387656
3,2026-01-31 22:30:19,118123.98992904555,2926.000177001953,113955,114389,0.9962059288917641
3,2026-01-31 22:30:19,118123.98992904555,2928.000177383423,113400,113800,0.9964850615114236
3,2026-01-31 22:30:19,118123.98992904555,2930.000177764892,112740,113438,0.9938468590772052
3,2026-01-31 22:30:19,118123.98992904555,2932.000178146362,112456,113510,0.9907144744956391
3,2026-01-31 22:30:19,118123.98992904555,2934.000178527832,111706,112247,0.9951802720785411
3,2026-01-31 22:30:19,118123.98992904555,2936.0001789093017,111252,112385,0.9899185834408506
3,2026-01-31 22:30:19,118123.98992904555,2938.0001792907715,111664,111842,0.9984084690903239
3,2026-01-31 22:30:19,118123.98992904555,2940.000179672241,110402,111554,0.9896731627731861
3,2026-01-31 22:30:19,118123.98992904555,2942.0001800537107,110505,111408,0.9918946574752262
3,2026-01-31 22:30:19,118123.98992904555,2944.0001804351805,110515,111187,0.9939561279646002
3,2026-01-31 22:30:19,118123.98992904555,2946.0001808166503,110677,112175,0.9866458658346334
3,2026-01-31 22:30:19,118123.98992904555,2948.00018119812,110622,112220,0.9857601140616646
3,2026-01-31 22:30:19,118123.98992904555,2950.0001815795895,111268,112285,0.9909426904751303
3,2026-01-31 22:30:19,118123.98992904555,2952.0001819610593,112146,113151,0.9911180634727046
3,2026-01-31 22:30:19,118123.98992904555,2954.000182342529,112306,114213,0.9833031266143083
3,2026-01-31 22:30:19,118123.98992904555,2956.000182723999,113569,114700,0.9901394943330427
3,2026-01-31 22:30:19,118123.98992904555,2958.0001831054688,113313,114600,0.9887696335078534
3,2026-01-31 22:30:19,118123.98992904555,2960.000183486938,114465,115950,0.9871927554980595
3,2026-01-31 22:30:19,118123.98992904555,2962.000183868408,115660,116610,0.991853185833119
3,2026-01-31 22:30:19,118123.98992904555,2964.0001842498777,115956,117416,0.9875655787967569
3,2026-01-31 22:30:19,118123.98992904555,2966.0001846313476,115949,118354,0.9796796052520405
3,2026-01-31 22:30:19,118123.98992904555,2968.0001850128174,116295,118336,0.9827525013520823
3,2026-01-31 22:30:19,118123.98992904555,2970.0001853942867,116804,118213,0.9880808371329718
3,2026-01-31 22:30:19,118123.98992904555,2972.0001857757566,116876,118588,0.9855634634195702
3,2026-01-31 22:30:19,118123.98992904555,2974.0001861572264,116972,119273,0.9807081233808155
3,2026-01-31 22:30:19,118123.98992904555,2976.000186538696,117428,118349,0.9922179317104496
3,2026-01-31 22:30:19,118123.98992904555,2978.000186920166,117981,118567,0.995057646731384
3,2026-01-31 22:30:19,118123.98992904555,2980.0001873016354,117345,117700,0.9969838572642311
3,2026-01-31 22:30:19,118123.98992904555,2982.000187683105,116516,118173,0.9859781845260762
3,2026-01-31 22:30:19,118123.98992904555,2984.000188064575,116334,117534,0.9897901883710245
3,2026-01-31 22:30:19,118123.98992904555,2986.000188446045,115986,116997,0.991358752788533
3,2026-01-31 22:30:19,118123.98992904555,2988.0001888275146,115631,117222,0.9864274624217297
3,2026-01-31 22:30:19,118123.98992904555,2990.000189208984,115762,117014,0.9893004255901003
3,2026-01-31 22:30:19,118123.98992904555,2992.000189590454,115298,116912,0.9861947447652936
3,2026-01-31 22:30:19,118123.98992904555,2994.0001899719236,115294,117514,0.9811086338649012
3,2026-01-31 22:30:19,118123.98992904555,2996.0001903533935,115246,116450,0.9896607986260197
3,2026-01-31 22:30:19,118123.98992904555,2998.0001907348633,115261,117459,0.9812870874092237
3,2026-01-31 22:30:19,118123.98992904555,3000.0001911163326,115570,117288,0.9853522952049656
3,2026-01-31 22:30:19,118123.98992904555,3002.0001914978025,115504,117691,0.9814174405859412
3,2026-01-31 22:30:19,118123.98992904555,3004.0001918792723,115217,116323,0.9904919921253751
3,2026-01-31 22:30:19,118123.98992904555,3006.000192260742,115687,117073,0.9881612327351311
3,2026-01-31 22:30:19,118123.98992904555,3008.000192642212,115840,117594,0.9850842730071262
3,2026-01-31 22:30:19,118123.98992904555,3010.0001930236813,115532,117654,0.9819640641202169
3,2026-01-31 22:30:19,118123.98992904555,3012.000193405151,115704,117718,0.9828913165361287
3,2026-01-31 22:30:19,118123.98992904555,3014.000193786621,115145,117189,0.9825580899231157
3,2026-01-31 22:30:19,118123.98992904555,3016.0001941680907,115472,117130,0.9858447878425681
3,2026-01-31 22:30:19,118123.98992904555,3018.0001945495605,115079,116922,0.9842373548177418
3,2026-01-31 22:30:19,118123.98992904555,3020.00019493103,114246,115665,0.9877318116975748
3,2026-01-31 22:30:19,118123.98992904555,3022.0001953124997,114212,116293,0.982105543755858
3,2026-01-31 22:30:19,118123.98992904555,3024.0001956939695,114610,116572,0.9831692001509796
3,2026-01-31 22:30:19,118123.98992904555,3026.0001960754394,113999,115901,0.9835894427140405
3,2026-01-31 22:30:19,118123.98992904555,3028.000196456909,113901,115083,0.9897291520033368
3,2026-01-31 22:30:19,118123.98992904555,3030.0001968383785,113272,114738,0.9872230647213652
3,2026-01-31 22:30:19,118123.98992904555,3032.0001972198484,112892,115481,0.9775807275655736
3,2026-01-31 22:30:19,118123.98992904555,3034.000197601318,113364,115434,0.982067675035085
3,2026-01-31 22:30:19,118123.98992904555,3036.000197982788,113735,114249,0.9955010547138268
3,2026-01-31 22:30:19,118123.98992904555,3038.000198364258,112975,114862,0.9835715902561335
3,2026-01-31 22:30:19,118123.98992904555,3040.000198745727,113110,114599,0.9870068674246721
3,2026-01-31 22:30:19,118123.98992904555,3042.000199127197,113495,114545,0.9908332969575276
3,2026-01-31 22:30:19,118123.98992904555,3044.000199508667,113523,115113,0.9861874853404915
3,2026-01-31 22:30:19,118123.98992904555,3046.0001998901366,113189,115555,0.9795249015620268
3,2026-01-31 22:30:19,118123.98992904555,3048.0002002716064,113426,115412,0.9827920840120611
3,2026-01-31 22:30:19,118123.98992904555,3050.000200653076,113581,115327,0.9848604403131964
3,2026-01-31 22:30:19,118123.98992904555,3052.0002010345456,113647,115483,0.9841015560731883
3,2026-01-31 22:30:19,118123.98992904555,3054.0002014160154,114001,115776,0.9846686705362079
3,2026-01-31 22:30:19,118123.98992904555,3056.0002017974853,113692,115974,0.9803231758842499
3,2026-01-31 22:30:19,118123.98992904555,3058.000202178955,114475,116650,0.9813544792113159
3,2026-01-31 22:30:19,118123.98992904555,3060.0002025604244,114672,117013,0.9799936759163512
3,2026-01-31 22:30:19,118123.98992904555,3062.0002029418943,114984,117660,0.9772565017848037
3,2026-01-31 22:30:19,118123.98992904555,3064.000203323364,115792,117491,0.9855393179052012
3,2026-01-31 22:30:19,118123.98992904555,3066.000203704834,115785,118261,0.9790632583861121
3,2026-01-31 22:30:19,118123.98992904555,3068.0002040863037,116255,117774,0.9871024164926044
3,2026-01-31 22:30:19,118123.98992904555,3070.000204467773,117320,119184,0.9843603168210499
3,2026-01-31 22:30:19,118123.98992904555,3072.000204849243,117461,119228,0.9851796557855538
3,2026-01-31 22:30:19,118123.98992904555,3074.0002052307127,116902,119561,0.9777603064544459
3,2026-01-31 22:30:19,118123.98992904555,3076.0002056121825,117576,120928,0.9722810267266473
3,2026-01-31 22:30:19,118123.98992904555,3078.0002059936523,118559,120947,0.9802558145303315
3,2026-01-31 22:30:19,118123.98992904555,3080.0002063751217,118307,121068,0.9771946344203257
3,2026-01-31 22:30:19,118123.98992904555,3082.0002067565915,118427,121114,0.977814290668296
3,2026-01-31 22:30:19,118123.98992904555,3084.0002071380613,118883,121157,0.9812309647812343
3,2026-01-31 22:30:19,118123.98992904555,3086.000207519531,119540,121361,0.9849951796705696
3,2026-01-31 22:30:19,118123.98992904555,3088.000207901001,119502,120777,0.9894433542810304
3,2026-01-31 22:30:19,118123.98992904555,3090.0002082824703,118801,120796,0.9834845524686248
3,2026-01-31 22:30:19,118123.98992904555,3092.00020866394,118880,120486,0.986670650532012
3,2026-01-31 22:30:19,118123.98992904555,3094.00020904541,118994,120851,0.9846339707573789
3,2026-01-31 22:30:19,118123.98992904555,3096.00020942688,118995,119981,0.9917820321550912
3,2026-01-31 22:30:19,118123.98992904555,3098.0002098083496,118072,119716,0.986267499749407
3,2026-01-31 22:30:19,118123.98992904555,3100.000210189819,117587,120597,0.9750408384951533
3,2026-01-31 22:30:19,118123.98992904555,3102.000210571289,117690,119547,0.9844663605109287
3,2026-01-31 22:30:19,118123.98992904555,3104.0002109527586,117253,118827,0.9867538522389693
3,2026-01-31 22:30:19,118123.98992904555,3106.0002113342284,116730,119506,0.9767710407845631
3,2026-01-31 22:30:19,118123.98992904555,3108.0002117156982,116184,118198,0.9829607945988934
3,2026-01-31 22:30:19,118123.98992904555,3110.0002120971676,116053,117526,0.9874666031346255
3,2026-01-31 22:30:19,118123.98992904555,3112.0002124786374,115706,116906,0.9897353429250851
3,2026-01-31 22:30:19,118123.98992904555,3114.0002128601072,115126,116823,0.9854737508880956
3,2026-01-31 22:30:19,118123.98992904555,3116.000213241577,114506,115554,0.9909306471433269
3,2026-01-31 22:30:19,118123.98992904555,3118.000213623047,113321,115153,0.9840907314616206
3,2026-01-31 22:30:19,118123.98992904555,3120.0002140045162,112649,115186,0.9779747538763391
3,2026-01-31 22:30:19,118123.98992904555,3122.000214385986,113419,113996,0.9949384188918909
3,2026-01-31 22:30:19,118123.98992904555,3124.000214767456,112799,114285,0.986997418733867
3,2026-01-31 22:30:19,118123.98992904555,3126.0002151489257,112452,114208,0.9846245446903895
3,2026-01-31 22:30:19,118123.98992904555,3128.0002155303955,113000,114154,0.9898908492037073
3,2026-01-31 22:30:19,118123.98992904555,3130.000215911865,113394,114265,0.9923773683980222
3,2026-01-31 22:30:19,118123.98992904555,3132.0002162933347,113058,114478,0.9875958699488111
3,2026-01-31 22:30:19,118123.98992904555,3134.0002166748045,113091,114385,0.9886873278839009
3,2026-01-31 22:30:19,118123.98992904555,3136.0002170562743,114532,115026,0.9957053187974892
3,2026-01-31 22:30:19,118123.98992904555,3138.000217437744,114081,116048,0.9830501171928857
3,2026-01-31 22:30:19,118123.98992904555,3140.0002178192135,114742,116183,0.9875971527676166
3,2026-01-31 22:30:19,118123.98992904555,3142.0002182006833,115813,117246,0.987777834638282
3,2026-01-31 22:30:19,118123.98992904555,3144.000218582153,116283,117769,0.98738207847566
3,2026-01-31 22:30:19,118123.98992904555,3146.000218963623,116519,117788,0.9892264067646959
3,2026-01-31 22:30:19,118123.98992904555,3148.000219345093,117201,118253,0.9911038197762425
3,2026-01-31 22:30:19,118123.98992904555,3150.000219726562,117867,119113,0.9895393449917306
3,2026-01-31 22:30:19,118123.98992904555,3152.000220108032,118097,119852,0.9853569402262791
3,2026-01-31 22:30:19,118123.98992904555,3154.0002204895018,118964,119539,0.9951898543571555
3,2026-01-31 22:30:19,118123.98992904555,3156.0002208709716,118948,119825,0.9926809931149593
3,2026-01-31 22:30:19,118123.98992904555,3158.0002212524414,118667,118988,0.9973022489662823
3,2026-01-31 22:30:19,118123.98992904555,3160.0002216339108,119365,119820,0.9962026372892673
3,2026-01-31 22:30:19,118123.98992904555,3162.0002220153806,118739,119940,0.989986659996665
3,2026-01-31 22:30:19,118123.98992904555,3164.0002223968504,118906,119047,0.998815593841088
3,2026-01-31 22:30:19,118123.98992904555,3166.00022277832,118837,119758,0.9923094908064597
3,2026-01-31 22:30:19,118123.98992904555,3168.00022315979,118558,119797,0.9896575039441722
3,2026-01-31 22:30:19,118123.98992904555,3170.0002235412594,118539,118857,0.9973245160150432
3,2026-01-31 22:30:19,118123.98992904555,3172.000223922729,118002,119758,0.9853370964778971
3,2026-01-31 22:30:19,118123.98992904555,3174.000224304199,118291,118951,0.9944514968348311
3,2026-01-31 22:30:19,118123.98992904555,3176.000224685669,118110,118696,0.9950630181303498
3,2026-01-31 22:30:19,118123.98992904555,3178.0002250671387,118391,119115,0.993921840238425
3,2026-01-31 22:30:19,118123.98992904555,3180.000225448608,118015,119727,0.9857008026593834
3,2026-01-31 22:30:19,118123.98992904555,3182.000225830078,117495,118778,0.9891983363922612
3,2026-01-31 22:30:19,118123.98992904555,3184.0002262115477,117991,119112,0.9905886896366445
3,2026-01-31 22:30:19,118123.98992904555,3186.0002265930175,118430,119427,0.9916518040309142
3,2026-01-31 22:30:19,118123.98992904555,3188.0002269744873,118801,119092,0.9975565109327242
3,2026-01-31 22:30:19,118123.98992904555,3190.0002273559567,118601,119567,0.991920847725543
3,2026-01-31 22:30:19,118123.98992904555,3192.0002277374265,118812,119909,0.990851395641695
3,2026-01-31 22:30:19,118123.98992904555,3194.0002281188963,118421,119721,0.9891414204692577
3,2026-01-31 22:30:19,118123.98992904555,3196.000228500366,118432,119363,0.9922002630630933
3,2026-01-31 22:30:19,118123.98992904555,3198.000228881836,118624,119133,0.9957274642626308
3,2026-01-31 22:30:19,118123.98992904555,3200.0002292633053,118196,118854,0.9944637959176805
3,2026-01-31 22:30:19,118123.98992904555,3202.000229644775,118109,119046,0.9921290929556642
3,2026-01-31 22:30:19,118123.98992904555,3204.000230026245,117924,118738,0.993144570398693
3,2026-01-31 22:30:19,118123.98992904555,3206.0002304077148,116678,118034,0.9885117847399901
3,2026-01-31 22:30:19,118123.98992904555,3208.0002307891846,117147,117640,0.9958092485549133
3,2026-01-31 22:30:19,118123.98992904555,3210.000231170654,116301,117053,0.9935755597891553
3,2026-01-31 22:30:19,118123.98992904555,3212.0002315521238,115577,116200,0.9946385542168674
3,2026-01-31 22:30:19,118123.98992904555,3214.0002319335936,115005,115923,0.9920809502859657
3,2026-01-31 22:30:19,118123.98992904555,3216.0002323150634,114817,115767,0.9917938618086328
3,2026-01-31 22:30:19,118123.98992904555,3218.000232696533,114291,114353,0.9994578192089407
3,2026-01-31 22:30:19,118123.98992904555,3220.0002330780026,113785,114450,0.9941896024464831
3,2026-01-31 22:30:19,118123.98992904555,3222.0002334594724,112808,114036,0.9892314707636185
3,2026-01-31 22:30:19,118123.98992904555,3224.000233840942,113542,113019,1.0046275405020395
3,2026-01-31 22:30:19,118123.98992904555,3226.000234222412,112641,112882,0.9978650271965416
3,2026-01-31 22:30:19,118123.98992904555,3228.000234603882,112305,113899,0.9860051449090861
3,2026-01-31 22:30:19,118123.98992904555,3230.000234985351,113529,113646,0.9989704873026767
3,2026-01-31 22:30:19,118123.98992904555,3232.000235366821,112323,113900,0.9861545215100965
3,2026-01-31 22:30:19,118123.98992904555,3234.000235748291,113912,113701,1.0018557444525553
3,2026-01-31 22:30:19,118123.98992904555,3236.0002361297607,113361,114573,0.9894215914744311
3,2026-01-31 22:30:19,118123.98992904555,3238.0002365112305,114621,115143,0.9954665068653761
3,2026-01-31 22:30:19,118123.98992904555,3240.0002368927,114746,114606,1.0012215765317698
3,2026-01-31 22:30:19,118123.98992904555,3242.0002372741696,114840,116195,0.9883385687852317
3,2026-01-31 22:30:19,118123.98992904555,3244.0002376556395,115456,116621,0.9900103754898346
3,2026-01-31 22:30:19,118123.98992904555,3246.0002380371093,115856,117885,0.9827883106417271
3,2026-01-31 22:30:19,118123.98992904555,3248.000238418579,116753,118315,0.9867979546126865
3,2026-01-31 22:30:19,118123.98992904555,3250.0002388000485,117114,118378,0.9893223402997179
3,2026-01-31 22:30:19,118123.98992904555,3252.0002391815183,117536,118856,0.9888941239819614
3,2026-01-31 22:30:19,118123.98992904555,3254.000239562988,117301,119548,0.9812042024960685
3,2026-01-31 22:30:19,118123.98992904555,3256.000239944458,117110,119829,0.97730933246543
3,2026-01-31 22:30:19,118123.98992904555,3258.0002403259277,116747,120030,0.9726485045405315
3,2026-01-31 22:30:19,118123.98992904555,3260.000240707397,116119,120201,0.966040215971581
3,2026-01-31 22:30:19,118123.98992904555,3262.000241088867,113161,120090,0.9423016071279874
3,2026-01-31 22:30:19,118123.98992904555,3264.0002414703367,110872,120049,0.9235562145457271
3,2026-01-31 22:30:19,118123.98992904555,3266.0002418518065,110748,121097,0.9145395839698753
3,2026-01-31 22:30:19,118123.98992904555,3268.0002422332764,112025,120623,0.9287200616797792
3,2026-01-31 22:30:19,118123.98992904555,3270.0002426147457,113672,120507,0.9432813031608123
3,2026-01-31 22:30:19,118123.98992904555,3272.0002429962155,115995,119910,0.9673505128846634
3,2026-01-31 22:30:19,118123.98992904555,3274.0002433776854,117775,120166,0.9801025248406371
3,2026-01-31 22:30:19,118123.98992904555,3276.000243759155,117733,120580,0.9763891192569248
3,2026-01-31 22:30:19,118123.98992904555,3278.000244140625,118838,119977,0.9905065137484684
3,2026-01-31 22:30:19,118123.98992904555,3280.0002445220944,118618,119769,0.9903898337633278
3,2026-01-31 22:30:19,118123.98992904555,3282.000244903564,119175,119647,0.9960550619739734
3,2026-01-31 22:30:19,118123.98992904555,3284.000245285034,117989,119364,0.9884806139204451
3,2026-01-31 22:30:19,118123.98992904555,3286.000245666504,118187,119849,0.9861325501255747
3,2026-01-31 22:30:19,118123.98992904555,3288.0002460479736,118050,118287,0.9979963985898704
3,2026-01-31 22:30:19,118123.98992904555,3290.000246429443,117933,117496,1.003719275549806
3,2026-01-31 22:30:19,118123.98992904555,3292.000246810913,117573,117548,1.0002126790757817
3,2026-01-31 22:30:19,118123.98992904555,3294.0002471923826,117068,117901,0.9929347503413881
3,2026-01-31 22:30:19,118123.98992904555,3296.0002475738524,116496,116830,0.9971411452537876
3,2026-01-31 22:30:19,118123.98992904555,3298.0002479553223,116414,117142,0.993785320380393
3,2026-01-31 22:30:19,118123.98992904555,3300.0002483367916,115584,117136,0.986750443928425
3,2026-01-31 22:30:19,118123.98992904555,3302.0002487182614,115573,116989,0.9878962979425416
3,2026-01-31 22:30:19,118123.98992904555,3304.0002490997313,115442,116564,0.9903743866030679
3,2026-01-31 22:30:19,118123.98992904555,3306.000249481201,115415,116007,0.9948968596722612
3,2026-01-31 22:30:19,118123.98992904555,3308.000249862671,115460,116314,0.9926578055951992
3,2026-01-31 22:30:19,118123.98992904555,3310.0002502441403,115098,116568,0.9873893349804406
3,2026-01-31 22:30:19,118123.98992904555,3312.00025062561,115165,116536,0.988235395071051
3,2026-01-31 22:30:19,118123.98992904555,3314.00025100708,115497,115806,0.9973317444691985
3,2026-01-31 22:30:19,118123.98992904555,3316.0002513885497,115730,116342,0.994739646903096
3,2026-01-31 22:30:19,118123.98992904555,3318.0002517700195,115192,116526,0.9885519111614576
3,2026-01-31 22:30:19,118123.98992904555,3320.000252151489,115999,116482,0.9958534365824763
3,2026-01-31 22:30:19,118123.98992904555,3322.0002525329587,115965,115999,0.9997068940249485
3,2026-01-31 22:30:19,118123.98992904555,3324.0002529144285,115470,116313,0.9927523148745196
3,2026-01-31 22:30:19,118123.98992904555,3326.0002532958983,116258,117219,0.9918016703776692
3,2026-01-31 22:30:19,118123.98992904555,3328.000253677368,116392,116253,1.001195668068781
3,2026-01-31 22:30:19,118123.98992904555,3330.0002540588375,116968,116303,1.0057178232719706
3,2026-01-31 22:30:19,118123.98992904555,3332.0002544403073,116083,117170,0.990722881283605
3,2026-01-31 22:30:19,118123.98992904555,3334.000254821777,116657,116994,0.9971195104022429
3,2026-01-31 22:30:19,118123.98992904555,3336.000255203247,117177,117330,0.9986959856814114
3,2026-01-31 22:30:19,118123.98992904555,3338.000255584717,117692,117701,0.9999235350591754
3,2026-01-31 22:30:19,118123.98992904555,3340.000255966186,117085,117782,0.9940822876161043
3,2026-01-31 22:30:19,118123.98992904555,3342.000256347656,117508,117749,0.9979532734885221
3,2026-01-31 22:30:19,118123.98992904555,3344.000256729126,118015,117870,1.001230168830067
3,2026-01-31 22:30:19,118123.98992904555,3346.0002571105956,117038,117809,0.99345550849256
3,2026-01-31 22:30:19,118123.98992904555,3348.0002574920654,117720,118186,0.9960570625962466
3,2026-01-31 22:30:19,118123.98992904555,3350.000257873535,117949,118243,0.9975135948851095
3,2026-01-31 22:30:19,118123.98992904555,3352.0002582550046,118417,118425,0.9999324466962213
3,2026-01-31 22:30:19,118123.98992904555,3354.0002586364744,117454,118700,0.989502948609941
3,2026-01-31 22:30:19,118123.98992904555,3356.0002590179442,118385,119049,0.9944224646994095
3,2026-01-31 22:30:19,118123.98992904555,3358.000259399414,118773,119175,0.996626809314034
3,2026-01-31 22:30:19,118123.98992904555,3360.0002597808834,118439,119113,0.9943415076440019
3,2026-01-31 22:30:19,118123.98992904555,3362.0002601623532,118467,119417,0.9920446837552442
3,2026-01-31 22:30:19,118123.98992904555,3364.000260543823,119518,120346,0.9931198378010071
3,2026-01-31 22:30:19,118123.98992904555,3366.000260925293,118977,120197,0.9898499962561461
3,2026-01-31 22:30:19,118123.98992904555,3368.0002613067627,118947,120577,0.9864816673163207
3,2026-01-31 22:30:19,118123.98992904555,3370.000261688232,120086,120273,0.9984452038279581
3,2026-01-31 22:30:19,118123.98992904555,3372.000262069702,119384,120907,0.9874035415650045
3,2026-01-31 22:30:19,118123.98992904555,3374.0002624511717,120404,120466,0.9994853319608852
3,2026-01-31 22:30:19,118123.98992904555,3376.0002628326415,119977,120771,0.9934255740202532
3,2026-01-31 22:30:19,118123.98992904555,3378.0002632141113,120122,120247,0.998960473026354
3,2026-01-31 22:30:19,118123.98992904555,3380.0002635955807,119781,120691,0.9924600840162067
3,2026-01-31 22:30:19,118123.98992904555,3382.0002639770505,119929,120521,0.9950879929638818
3,2026-01-31 22:30:19,118123.98992904555,3384.0002643585203,119958,119940,1.0001500750375187
3,2026-01-31 22:30:19,118123.98992904555,3386.00026473999,119562,119643,0.999322985883002
3,2026-01-31 22:30:19,118123.98992904555,3388.00026512146,119408,119592,0.9984614355475283
3,2026-01-31 22:30:19,118123.98992904555,3390.0002655029293,118789,119025,0.9980172232724217
3,2026-01-31 22:30:19,118123.98992904555,3392.000265884399,117676,118556,0.9925773474138804
3,2026-01-31 22:30:19,118123.98992904555,3394.000266265869,116729,117493,0.9934974849565507
3,2026-01-31 22:30:19,118123.98992904555,3396.000266647339,116601,116556,1.000386080510656
3,2026-01-31 22:30:19,118123.98992904555,3398.0002670288086,115636,115868,0.9979977215452066
3,2026-01-31 22:30:19,118123.98992904555,3400.000267410278,114602,115474,0.9924485165491799
3,2026-01-31 22:30:19,118123.98992904555,3402.000267791748,114670,115514,0.9926935263258133
3,2026-01-31 22:30:19,118123.98992904555,3404.0002681732176,113786,113908,0.9989289602135056
3,2026-01-31 22:30:19,118123.98992904555,3406.0002685546874,113376,113713,0.9970363986527486
3,2026-01-31 22:30:19,118123.98992904555,3408.000268936157,112363,113885,0.9866356412170172
3,2026-01-31 22:30:19,118123.98992904555,3410.0002693176266,112197,112636,0.9961024894349941
3,2026-01-31 22:30:19,118123.98992904555,3412.0002696990964,112116,113436,0.9883634824923305
3,2026-01-31 22:30:19,118123.98992904555,3414.000270080566,112357,112926,0.9949613020916352
3,2026-01-31 22:30:19,118123.98992904555,3416.000270462036,112375,112869,0.9956232446464486
3,2026-01-31 22:30:19,118123.98992904555,3418.000270843506,112365,113149,0.9930710832618936
3,2026-01-31 22:30:19,118123.98992904555,3420.000271224975,111990,112695,0.9937441767602821
3,2026-01-31 22:30:19,118123.98992904555,3422.000271606445,113232,113470,0.9979025293028995
3,2026-01-31 22:30:19,118123.98992904555,3424.000271987915,113199,113869,0.9941160456313834
3,2026-01-31 22:30:19,118123.98992904555,3426.0002723693847,113412,114886,0.9871698901519768
3,2026-01-31 22:30:19,118123.98992904555,3428.0002727508545,113952,114803,0.9925873017255646
3,2026-01-31 22:30:19,118123.98992904555,3430.000273132324,114042,115998,0.9831376403041432
3,2026-01-31 22:30:19,118123.98992904555,3432.0002735137937,115070,115630,0.9951569661852461
3,2026-01-31 22:30:19,118123.98992904555,3434.0002738952635,115356,115613,0.9977770665928573
3,2026-01-31 22:30:19,118123.98992904555,3436.0002742767333,116159,115997,1.001396587842789
3,2026-01-31 22:30:19,118123.98992904555,3438.000274658203,115773,116182,0.9964796612211875
3,2026-01-31 22:30:19,118123.98992904555,3440.0002750396725,115114,116513,0.9879927561731309
3,2026-01-31 22:30:19,118123.98992904555,3442.0002754211423,116210,116953,0.993647020598018
3,2026-01-31 22:30:19,118123.98992904555,3444.000275802612,116453,116221,1.0019961969007323
3,2026-01-31 22:30:19,118123.98992904555,3446.000276184082,115959,117069,0.9905184122184353
3,2026-01-31 22:30:19,118123.98992904555,3448.0002765655518,115609,115993,0.9966894553981706
3,2026-01-31 22:30:19,118123.98992904555,3450.000276947021,115855,115962,0.9990772839378417
3,2026-01-31 22:30:19,118123.98992904555,3452.000277328491,115319,115769,0.9961129490623569
3,2026-01-31 22:30:19,118123.98992904555,3454.0002777099608,114859,115340,0.9958297208253858
3,2026-01-31 22:30:19,118123.98992904555,3456.0002780914306,115104,114778,1.002840265556117
3,2026-01-31 22:30:19,118123.98992904555,3458.0002784729004,114487,115541,0.9908776970945379
3,2026-01-31 22:30:19,118123.98992904555,3460.0002788543698,114972,115342,0.9967921485668707
3,2026-01-31 22:30:19,118123.98992904555,3462.0002792358396,114858,115360,0.9956484049930652
3,2026-01-31 22:30:19,118123.98992904555,3464.0002796173094,114165,115765,0.986178896903209
3,2026-01-31 22:30:19,118123.98992904555,3466.000279998779,114935,115786,0.9926502340524761
3,2026-01-31 22:30:19,118123.98992904555,3468.000280380249,114668,115353,0.9940617062408433
3,2026-01-31 22:30:19,118123.98992904555,3470.0002807617184,114944,114943,1.00000869996433
3,2026-01-31 22:30:19,118123.98992904555,3472.000281143188,115207,115138,1.0005992808629645
3,2026-01-31 22:30:19,118123.98992904555,3474.000281524658,114538,115401,0.9925217285812081
3,2026-01-31 22:30:19,118123.98992904555,3476.000281906128,113944,115115,0.9898275637406072
3,2026-01-31 22:30:19,118123.98992904555,3478.0002822875977,114562,115484,0.9920162100377542
3,2026-01-31 22:30:19,118123.98992904555,3480.000282669067,113974,115502,0.9867707918477602
3,2026-01-31 22:30:19,118123.98992904555,3482.000283050537,114328,115610,0.9889109938586628
3,2026-01-31 22:30:19,118123.98992904555,3484.0002834320067,114578,114628,0.9995638063998326
3,2026-01-31 22:30:19,118123.98992904555,3486.0002838134765,114395,114350,1.00039352864014
3,2026-01-31 22:30:19,118123.98992904555,3488.0002841949463,114093,114237,0.9987394626959741
3,2026-01-31 22:30:19,118123.98992904555,3490.0002845764157,113402,113428,0.999770779701661
3,2026-01-31 22:30:19,118123.98992904555,3492.0002849578855,112901,113392,0.9956698885282912
3,2026-01-31 22:30:19,118123.98992904555,3494.0002853393553,113280,113077,1.0017952368739884
3,2026-01-31 22:30:19,118123.98992904555,3496.000285720825,111708,112297,0.9947549800974202
3,2026-01-31 22:30:19,118123.98992904555,3498.000286102295,112146,111841,1.0027270857735535
3,2026-01-31 22:30:19,118123.98992904555,3500.0002864837643,110885,110923,0.9996574200120805
4,2026-01-31 23:02:14,108593.68825818265,2000.0000003814696,99542,99294,1.0024976332910347
4,2026-01-31 23:02:14,108593.68825818265,2002.0000007629394,98417,99359,0.9905192282531023
4,2026-01-31 23:02:14,108593.68825818265,2004.000001144409,97883,98478,0.9939580413899551
4,2026-01-31 23:02:14,108593.68825818265,2006.0000015258788,98174,97743,1.0044095229325884
4,2026-01-31 23:02:14,108593.68825818265,2008.0000019073484,97598,98407,0.9917790401089354
4,2026-01-31 23:02:14,108593.68825818265,2010.0000022888182,97544,97935,0.996007556032062
4,2026-01-31 23:02:14,108593.68825818265,2012.000002670288,97657,98404,0.9924088451688956
4,2026-01-31 23:02:14,108593.68825818265,2014.0000030517576,97688,98279,0.9939865077992247
4,2026-01-31 23:02:14,108593.68825818265,2016.0000034332274,98579,99164,0.9941006816990037
4,2026-01-31 23:02:14,108593.68825818265,2018.000003814697,98742,99035,0.9970414499924269
4,2026-01-31 23:02:14,108593.68825818265,2020.0000041961669,99214,100379,0.9883939867900656
4,2026-01-31 23:02:14,108593.68825818265,2022.0000045776367,99306,100076,0.9923058475558576
4,2026-01-31 23:02:14,108593.68825818265,2024.0000049591063,99539,100471,0.9907236914134426
4,2026-01-31 23:02:14,108593.68825818265,2026.000005340576,100595,101777,0.9883863741316801
4,2026-01-31 23:02:14,108593.68825818265,2028.0000057220457,102394,102721,0.9968166197758979
4,2026-01-31 23:02:14,108593.68825818265,2030.0000061035155,102961,104203,0.9880809573620721
4,2026-01-31 23:02:14,108593.68825818265,2032.0000064849853,103894,105820,0.9817992817992818
4,2026-01-31 23:02:14,108593.68825818265,2034.000006866455,105101,107019,0.9820779487754511
4,2026-01-31 23:02:14,108593.68825818265,2036.0000072479247,107346,108895,0.985775288121585
4,2026-01-31 23:02:14,108593.68825818265,2038.0000076293943,109352,110238,0.991962844028375
4,2026-01-31 23:02:14,108593.68825818265,2040.0000080108641,110586,111779,0.9893271544744541
4,2026-01-31 23:02:14,108593.68825818265,2042.000008392334,111899,113603,0.9850003961162997
4,2026-01-31 23:02:14,108593.68825818265,2044.0000087738035,112947,114099,0.9899035048510504
4,2026-01-31 23:02:14,108593.68825818265,2046.0000091552733,113806,114672,0.9924480256732245
4,2026-01-31 23:02:14,108593.68825818265,2048.000009536743,115327,116242,0.9921284905627914
4,2026-01-31 23:02:14,108593.68825818265,2050.0000099182125,115551,116120,0.995099896658629
4,2026-01-31 23:02:14,108593.68825818265,2052.0000102996823,115130,116676,0.9867496314580548
4,2026-01-31 23:02:14,108593.68825818265,2054.000010681152,115831,116094,0.9977345943804159
4,2026-01-31 23:02:14,108593.68825818265,2056.000011062622,114809,115312,0.9956379214652421
4,2026-01-31 23:02:14,108593.68825818265,2058.000011444092,114617,115954,0.9884695655173603
4,2026-01-31 23:02:14,108593.68825818265,2060.000011825561,113974,115105,0.9901741887841536
4,2026-01-31 23:02:14,108593.68825818265,2062.000012207031,114113,114686,0.9950037493678392
4,2026-01-31 23:02:14,108593.68825818265,2064.000012588501,113536,114050,0.9954932047347654
4,2026-01-31 23:02:14,108593.68825818265,2066.0000129699706,112519,113732,0.9893345760208209
4,2026-01-31 23:02:14,108593.68825818265,2068.0000133514404,112338,112088,1.002230390407537
4,2026-01-31 23:02:14,108593.68825818265,2070.00001373291,111237,111436,0.9982142216159948
4,2026-01-31 23:02:14,108593.68825818265,2072.0000141143796,110752,110500,1.0022805429864254
4,2026-01-31 23:02:14,108593.68825818265,2074.0000144958494,108785,109437,0.9940422343448743
4,2026-01-31 23:02:14,108593.68825818265,2076.0000148773192,108149,108562,0.996195722260091
4,2026-01-31 23:02:14,108593.68825818265,2078.000015258789,107219,107620,0.9962739267794091
4,2026-01-31 23:02:14,108593.68825818265,2080.0000156402584,106276,105656,1.0058681002498675
4,2026-01-31 23:02:14,108593.68825818265,2082.0000160217282,104726,104666,1.0005732520589303
4,2026-01-31 23:02:14,108593.68825818265,2084.000016403198,103441,103139,1.002928087338446
4,2026-01-31 23:02:14,108593.68825818265,2086.000016784668,102031,101372,1.0065008089018663
4,2026-01-31 23:02:14,108593.68825818265,2088.0000171661377,100331,99777,1.0055523818114396
4,2026-01-31 23:02:14,108593.68825818265,2090.000017547607,99524,99818,0.9970546394437877
4,2026-01-31 23:02:14,108593.68825818265,2092.000017929077,97708,98069,0.9963189183126167
4,2026-01-31 23:02:14,108593.68825818265,2094.0000183105467,97662,97953,0.9970291874674588
4,2026-01-31 23:02:14,108593.68825818265,2096.0000186920165,97716,97641,1.0007681199496112
4,2026-01-31 23:02:14,108593.68825818265,2098.0000190734863,96709,98482,0.9819967100586909
4,2026-01-31 23:02:14,108593.68825818265,2100.0000194549557,96936,98712,0.9820082664721614
4,2026-01-31 23:02:14,108593.68825818265,2102.0000198364255,98162,99129,0.9902450342483027
4,2026-01-31 23:02:14,108593.68825818265,2104.0000202178953,99115,100472,0.9864937495023489
4,2026-01-31 23:02:14,108593.68825818265,2106.000020599365,99947,101239,0.9872381196969547
4,2026-01-31 23:02:14,108593.68825818265,2108.000020980835,100645,102017,0.9865512610643324
4,2026-01-31 23:02:14,108593.68825818265,2110.0000213623043,102249,103746,0.9855705280203574
4,2026-01-31 23:02:14,108593.68825818265,2112.000021743774,103764,104902,0.989151779756344
4,2026-01-31 23:02:14,108593.68825818265,2114.000022125244,104513,106283,0.983346348898695
4,2026-01-31 23:02:14,108593.68825818265,2116.000022506714,105368,106355,0.990719759296695
4,2026-01-31 23:02:14,108593.68825818265,2118.0000228881836,106093,107005,0.9914770337834681
4,2026-01-31 23:02:14,108593.68825818265,2120.000023269653,106543,106958,0.9961199723255857
4,2026-01-31 23:02:14,108593.68825818265,2122.000023651123,107038,107545,0.9952856943605003
4,2026-01-31 23:02:14,108593.68825818265,2124.0000240325926,107823,107848,0.9997681922706031
4,2026-01-31 23:02:14,108593.68825818265,2126.0000244140624,107107,108420,0.9878896882494005
4,2026-01-31 23:02:14,108593.68825818265,2128.000024795532,108325,108168,1.001451445898972
4,2026-01-31 23:02:14,108593.68825818265,2130.0000251770016,108865,109031,0.9984774972255597
4,2026-01-31 23:02:14,108593.68825818265,2132.0000255584714,109265,110030,0.9930473507225303
4,2026-01-31 23:02:14,108593.68825818265,2134.000025939941,109780,110438,0.9940419058657346
4,2026-01-31 23:02:14,108593.68825818265,2136.000026321411,109586,111622,0.9817598681263551
4,2026-01-31 23:02:14,108593.68825818265,2138.000026702881,110762,111203,0.9960342796507289
4,2026-01-31 23:02:14,108593.68825818265,2140.00002708435,111176,112311,0.9898941332549794
4,2026-01-31 23:02:14,108593.68825818265,2142.00002746582,112314,112904,0.9947743215475094
4,2026-01-31 23:02:14,108593.68825818265,2144.00002784729,112225,113424,0.9894290449992946
4,2026-01-31 23:02:14,108593.68825818265,2146.0000282287597,112385,112383,1.0000177962859151
4,2026-01-31 23:02:14,108593.68825818265,2148.0000286102295,112931,113530,0.9947238615343962
4,2026-01-31 23:02:14,108593.68825818265,2150.000028991699,113096,113767,0.9941019803633743
4,2026-01-31 23:02:14,108593.68825818265,2152.0000293731687,112396,113231,0.9926256943769816
4,2026-01-31 23:02:14,108593.68825818265,2154.0000297546385,112475,113119,0.9943068803649254
4,2026-01-31 23:02:14,108593.68825818265,2156.0000301361083,111630,112077,0.9960116705479268
4,2026-01-31 23:02:14,108593.68825818265,2158.000030517578,112004,112836,0.992626466730476
4,2026-01-31 23:02:14,108593.68825818265,2160.0000308990475,111715,111598,1.00104840588541
4,2026-01-31 23:02:14,108593.68825818265,2162.0000312805173,111508,111612,0.999068200551912
4,2026-01-31 23:02:14,108593.68825818265,2164.000031661987,110775,111709,0.9916389905916264
4,2026-01-31 23:02:14,108593.68825818265,2166.000032043457,111495,111302,1.0017340209520045
4,2026-01-31 23:02:14,108593.68825818265,2168.0000324249268,110110,110363,0.9977075650353833
4,2026-01-31 23:02:14,108593.68825818265,2170.000032806396,110011,109899,1.00101911755339
4,2026-01-31 23:02:14,108593.68825818265,2172.000033187866,109427,109704,0.9974750237001385
4,2026-01-31 23:02:14,108593.68825818265,2174.0000335693358,108103,107579,1.0048708391042862
4,2026-01-31 23:02:14,108593.68825818265,2176.0000339508056,107769,106665,1.010350161721277
4,2026-01-31 23:02:14,108593.68825818265,2178.0000343322754,105649,105712,0.9994040411684577
4,2026-01-31 23:02:14,108593.68825818265,2180.0000347137448,104681,104210,1.0045197197965647
4,2026-01-31 23:02:14,108593.68825818265,2182.0000350952146,102854,103500,0.9937584541062802
4,2026-01-31 23:02:14,108593.68825818265,2184.0000354766844,101921,102945,0.9900529408907669
4,2026-01-31 23:02:14,108593.68825818265,2186.000035858154,100923,100652,1.0026924452569248
4,2026-01-31 23:02:14,108593.68825818265,2188.000036239624,100712,100705,1.0000695099548185
4,2026-01-31 23:02:14,108593.68825818265,2190.0000366210934,98864,99099,0.9976286339922703
4,2026-01-31 23:02:14,108593.68825818265,2192.000037002563,99039,99331,0.9970603336319981
4,2026-01-31 23:02:14,108593.68825818265,2194.000037384033,98669,99954,0.9871440862796886
4,2026-01-31 23:02:14,108593.68825818265,2196.000037765503,99157,100186,0.9897291038668078
4,2026-01-31 23:02:14,108593.68825818265,2198.0000381469727,99608,100020,0.9958808238352329
4,2026-01-31 23:02:14,108593.68825818265,2200.000038528442,100583,101388,0.9920602043634356
4,2026-01-31 23:02:14,108593.68825818265,2202.000038909912,101123,102257,0.988910294649755
4,2026-01-31 23:02:14,108593.68825818265,2204.0000392913817,101786,103454,0.9838768921453013
4,2026-01-31 23:02:14,108593.68825818265,2206.0000396728515,102927,104962,0.9806120310207503
4,2026-01-31 23:02:14,108593.68825818265,2208.0000400543213,105382,105516,0.9987300504188938
4,2026-01-31 23:02:14,108593.68825818265,2210.0000404357907,106075,107223,0.989293341913582
4,2026-01-31 23:02:14,108593.68825818265,2212.0000408172605,107181,109152,0.9819426121372031
4,2026-01-31 23:02:14,108593.68825818265,2214.0000411987303,108723,109250,0.9951762013729977
4,2026-01-31 23:02:14,108593.68825818265,2216.0000415802,109629,110968,0.987933458294283
4,2026-01-31 23:02:14,108593.68825818265,2218.00004196167,110648,111740,0.9902273134061214
4,2026-01-31 23:02:14,108593.68825818265,2220.0000423431393,111436,112020,0.9947866452419211
4,2026-01-31 23:02:14,108593.68825818265,2222.000042724609,112089,112896,0.9928518282312925
4,2026-01-31 23:02:14,108593.68825818265,2224.000043106079,112213,113902,0.9851714631876526
4,2026-01-31 23:02:14,108593.68825818265,2226.0000434875487,112567,113517,0.9916312094223773
4,2026-01-31 23:02:14,108593.68825818265,2228.0000438690186,112876,114672,0.9843379377703363
4,2026-01-31 23:02:14,108593.68825818265,2230.000044250488,112959,114324,0.9880602498163116
4,2026-01-31 23:02:14,108593.68825818265,2232.0000446319577,114076,114122,0.9995969225916125
4,2026-01-31 23:02:14,108593.68825818265,2234.0000450134276,113882,114171,0.9974687092168765
4,2026-01-31 23:02:14,108593.68825818265,2236.0000453948974,114354,114402,0.9995804269156133
4,2026-01-31 23:02:14,108593.68825818265,2238.000045776367,113714,114454,0.9935345204186835
4,2026-01-31 23:02:14,108593.68825818265,2240.0000461578366,113887,114762,0.9923755249995643
4,2026-01-31 23:02:14,108593.68825818265,2242.0000465393064,113869,114653,0.9931619757005922
4,2026-01-31 23:02:14,108593.68825818265,2244.000046920776,113592,113932,0.9970157637889268
4,2026-01-31 23:02:14,108593.68825818265,2246.000047302246,112922,112876,1.0004075268436161
4,2026-01-31 23:02:14,108593.68825818265,2248.000047683716,112150,112902,0.9933393562558679
4,2026-01-31 23:02:14,108593.68825818265,2250.000048065185,111384,111528,0.9987088444157521
4,2026-01-31 23:02:14,108593.68825818265,2252.000048446655,110894,111161,0.9975980784627703
4,2026-01-31 23:02:14,108593.68825818265,2254.000048828125,110321,110789,0.9957757539105868
4,2026-01-31 23:02:14,108593.68825818265,2256.0000492095946,108993,109569,0.99474303863319
4,2026-01-31 23:02:14,108593.68825818265,2258.0000495910645,108582,109083,0.995407167019609
4,2026-01-31 23:02:14,108593.68825818265,2260.000049972534,108061,108437,0.9965325488532512
4,2026-01-31 23:02:14,108593.68825818265,2262.0000503540036,108446,107796,1.0060299083453932
4,2026-01-31 23:02:14,108593.68825818265,2264.0000507354735,107088,107289,0.9981265553784637
4,2026-01-31 23:02:14,108593.68825818265,2266.0000511169433,106443,107403,0.9910617021870898
4,2026-01-31 23:02:14,108593.68825818265,2268.000051498413,106302,106935,0.9940805162014308
4,2026-01-31 23:02:14,108593.68825818265,2270.0000518798824,106269,106795,0.9950746757807013
4,2026-01-31 23:02:14,108593.68825818265,2272.0000522613523,105717,106342,0.9941227360779372
4,2026-01-31 23:02:14,108593.68825818265,2274.000052642822,105842,106098,0.9975871364210447
4,2026-01-31 23:02:14,108593.68825818265,2276.000053024292,105142,105710,0.9946268091949674
4,2026-01-31 23:02:14,108593.68825818265,2278.0000534057617,105114,105309,0.9981483064125574
4,2026-01-31 23:02:14,108593.68825818265,2280.000053787231,104156,105444,0.9877849853950912
4,2026-01-31 23:02:14,108593.68825818265,2282.000054168701,103453,104262,0.992240701310161
4,2026-01-31 23:02:14,108593.68825818265,2284.0000545501707,103184,104755,0.9850031024772087
4,2026-01-31 23:02:14,108593.68825818265,2286.0000549316405,102908,103325,0.9959641906605371
4,2026-01-31 23:02:14,108593.68825818265,2288.0000553131104,102145,103563,0.9863078512596197
4,2026-01-31 23:02:14,108593.68825818265,2290.0000556945797,102103,103573,0.9858071118920955
4,2026-01-31 23:02:14,108593.68825818265,2292.0000560760495,101515,103290,0.9828153741891761
4,2026-01-31 23:02:14,108593.68825818265,2294.0000564575193,101044,103676,0.9746132181025503
4,2026-01-31 23:02:14,108593.68825818265,2296.000056838989,100311,103348,0.9706138483570074
4,2026-01-31 23:02:14,108593.68825818265,2298.000057220459,99362,103071,0.9640150963898672
4,2026-01-31 23:02:14,108593.68825818265,2300.0000576019283,99051,104270,0.9499472523256929
4,2026-01-31 23:02:14,108593.68825818265,2302.000057983398,97286,104655,0.929587692895705
4,2026-01-31 23:02:14,108593.68825818265,2304.000058364868,95563,104848,0.9114432321074317
4,2026-01-31 23:02:14,108593.68825818265,2306.000058746338,94750,106037,0.8935560228976678
4,2026-01-31 23:02:14,108593.68825818265,2308.0000591278076,94987,106381,0.8928944078359857
4,2026-01-31 23:02:14,108593.68825818265,2310.000059509277,96677,108254,0.8930570694847304
4,2026-01-31 23:02:14,108593.68825818265,2312.000059890747,100084,108211,0.9248967295376626
4,2026-01-31 23:02:14,108593.68825818265,2314.0000602722166,102447,109605,0.9346927603667716
4,2026-01-31 23:02:14,108593.68825818265,2316.0000606536864,105180,110851,0.948841237336605
4,2026-01-31 23:02:14,108593.68825818265,2318.0000610351562,107650,112355,0.9581238040140626
4,2026-01-31 23:02:14,108593.68825818265,2320.0000614166256,109672,112530,0.9746023282680174
4,2026-01-31 23:02:14,108593.68825818265,2322.0000617980954,111080,113825,0.97588403250604
4,2026-01-31 23:02:14,108593.68825818265,2324.0000621795652,112321,114681,0.9794211770040373
4,2026-01-31 23:02:14,108593.68825818265,2326.000062561035,113660,115424,0.9847172165234267
4,2026-01-31 23:02:14,108593.68825818265,2328.000062942505,114136,115993,0.9839904132145906
4,2026-01-31 23:02:14,108593.68825818265,2330.0000633239742,114575,116864,0.9804131297918949
4,2026-01-31 23:02:14,108593.68825818265,2332.000063705444,115214,117279,0.9823924146692928
4,2026-01-31 23:02:14,108593.68825818265,2334.000064086914,116591,116869,0.9976212682576218
4,2026-01-31 23:02:14,108593.68825818265,2336.0000644683837,116220,117443,0.9895864376761493
4,2026-01-31 23:02:14,108593.68825818265,2338.0000648498535,116421,117193,0.9934125758364407
4,2026-01-31 23:02:14,108593.68825818265,2340.000065231323,115762,116707,0.9919027993179501
4,2026-01-31 23:02:14,108593.68825818265,2342.0000656127927,115802,116933,0.9903277945490152
4,2026-01-31 23:02:14,108593.68825818265,2344.0000659942625,115438,115636,0.9982877304645612
4,2026-01-31 23:02:14,108593.68825818265,2346.0000663757323,114557,115013,0.9960352307999966
4,2026-01-31 23:02:14,108593.68825818265,2348.000066757202,113884,114017,0.9988335072840016
4,2026-01-31 23:02:14,108593.68825818265,2350.0000671386715,112740,113653,0.9919667760639842
4,2026-01-31 23:02:14,108593.68825818265,2352.0000675201413,111765,112490,0.9935549826651258
4,2026-01-31 23:02:14,108593.68825818265,2354.000067901611,110260,110729,0.9957644338881413
4,2026-01-31 23:02:14,108593.68825818265,2356.000068283081,108902,108853,1.0004501483652264
4,2026-01-31 23:02:14,108593.68825818265,2358.000068664551,108039,107775,1.0024495476687543
4,2026-01-31 23:02:14,108593.68825818265,2360.00006904602,106614,106656,0.9996062106210621
4,2026-01-31 23:02:14,108593.68825818265,2362.00006942749,105193,105830,0.9939809127846546
4,2026-01-31 23:02:14,108593.68825818265,2364.00006980896,104776,104292,1.0046408161699842
4,2026-01-31 23:02:14,108593.68825818265,2366.0000701904296,104157,104425,0.9974335647593967
4,2026-01-31 23:02:14,108593.68825818265,2368.0000705718994,102296,101858,1.0043001040664454
4,2026-01-31 23:02:14,108593.68825818265,2370.000070953369,101352,102141,0.9922753840279613
4,2026-01-31 23:02:14,108593.68825818265,2372.0000713348386,100847,101061,0.9978824670248662
4,2026-01-31 23:02:14,108593.68825818265,2374.0000717163084,100327,101002,0.9933169640205144
4,2026-01-31 23:02:14,108593.68825818265,2376.0000720977782,100125,101183,0.9895436980520443
4,2026-01-31 23:02:14,108593.68825818265,2378.000072479248,100373,101549,0.9884193837457779
4,2026-01-31 23:02:14,108593.68825818265,2380.0000728607174,100871,101614,0.9926880154309445
4,2026-01-31 23:02:14,108593.68825818265,2382.000073242187,101004,102425,0.98612643397608
4,2026-01-31 23:02:14,108593.68825818265,2384.000073623657,102961,103581,0.9940143462604145
4,2026-01-31 23:02:14,108593.68825818265,2386.000074005127,102781,103879,0.9894300099153823
4,2026-01-31 23:02:14,108593.68825818265,2388.0000743865967,104084,105014,0.9911440379377988
4,2026-01-31 23:02:14,108593.68825818265,2390.000074768066,104989,106449,0.9862845118319571
4,2026-01-31 23:02:14,108593.68825818265,2392.000075149536,106039,108188,0.9801364291788368
4,2026-01-31 23:02:14,108593.68825818265,2394.0000755310057,107517,108012,0.9954171758693479
4,2026-01-31 23:02:14,108593.68825818265,2396.0000759124755,108283,109745,0.9866782085744226
4,2026-01-31 23:02:14,108593.68825818265,2398.0000762939453,109319,110496,0.9893480306979439
4,2026-01-31 23:02:14,108593.68825818265,2400.0000766754147,110454,111584,0.9898731000860338
4,2026-01-31 23:02:14,108593.68825818265,2402.0000770568845,110861,112705,0.9836387028082162
4,2026-01-31 23:02:14,108593.68825818265,2404.0000774383543,111522,112966,0.9872173928438646
4,2026-01-31 23:02:14,108593.68825818265,2406.000077819824,111985,112583,0.9946883632520007
4,2026-01-31 23:02:14,108593.68825818265,2408.000078201294,112279,113232,0.9915836512646602
4,2026-01-31 23:02:14,108593.68825818265,2410.0000785827633,112318,113409,0.9903799522083785
4,2026-01-31 23:02:14,108593.68825818265,2412.000078964233,113269,113890,0.9945473702695583
4,2026-01-31 23:02:14,108593.68825818265,2414.000079345703,112746,113553,0.9928931864415735
4,2026-01-31 23:02:14,108593.68825818265,2416.0000797271728,112799,114696,0.9834606263513985
4,2026-01-31 23:02:14,108593.68825818265,2418.0000801086426,112943,113463,0.9954170081876912
4,2026-01-31 23:02:14,108593.68825818265,2420.000080490112,113248,113620,0.9967259285337089
4,2026-01-31 23:02:14,108593.68825818265,2422.0000808715818,113495,114125,0.9944797371303395
4,2026-01-31 23:02:14,108593.68825818265,2424.0000812530516,113110,113531,0.9962917617214682
4,2026-01-31 23:02:14,108593.68825818265,2426.0000816345214,112716,113676,0.9915549456349625
4,2026-01-31 23:02:14,108593.68825818265,2428.000082015991,112888,112737,1.0013394005517267
4,2026-01-31 23:02:14,108593.68825818265,2430.0000823974606,112393,113493,0.9903077722855154
4,2026-01-31 23:02:14,108593.68825818265,2432.0000827789304,112547,112963,0.9963173782565973
4,2026-01-31 23:02:14,108593.68825818265,2434.0000831604,112688,112767,0.9992994404391355
4,2026-01-31 23:02:14,108593.68825818265,2436.00008354187,112474,112813,0.9969950271688547
4,2026-01-31 23:02:14,108593.68825818265,2438.00008392334,112485,113299,0.9928154705690253
4,2026-01-31 23:02:14,108593.68825818265,2440.000084304809,112421,112843,0.9962602908465744
4,2026-01-31 23:02:14,108593.68825818265,2442.000084686279,112026,112533,0.995494654901229
4,2026-01-31 23:02:14,108593.68825818265,2444.000085067749,111929,111964,0.9996873995212747
4,2026-01-31 23:02:14,108593.68825818265,2446.0000854492187,111908,111685,1.0019966871110713
4,2026-01-31 23:02:14,108593.68825818265,2448.0000858306885,111063,111465,0.9963934867447181
4,2026-01-31 23:02:14,108593.68825818265,2450.000086212158,111290,110811,1.0043226755466514
4,2026-01-31 23:02:14,108593.68825818265,2452.0000865936277,110270,110095,1.0015895363095508
4,2026-01-31 23:02:14,108593.68825818265,2454.0000869750975,109602,109435,1.0015260200118792
4,2026-01-31 23:02:14,108593.68825818265,2456.0000873565673,108349,108573,0.9979368719663269
4,2026-01-31 23:02:14,108593.68825818265,2458.000087738037,108111,108135,0.9997780552087668
4,2026-01-31 23:02:14,108593.68825818265,2460.0000881195065,107346,107375,0.9997299185098952
4,2026-01-31 23:02:14,108593.68825818265,2462.0000885009763,105914,106189,0.9974102779007242
4,2026-01-31 23:02:14,108593.68825818265,2464.000088882446,104954,104836,1.0011255675531305
4,2026-01-31 23:02:14,108593.68825818265,2466.000089263916,104182,105417,0.9882846220249106
4,2026-01-31 23:02:14,108593.68825818265,2468.0000896453857,103432,103911,0.9953902859177566
4,2026-01-31 23:02:14,108593.68825818265,2470.000090026855,102763,103857,0.9894662853731573
4,2026-01-31 23:02:14,108593.68825818265,2472.000090408325,102753,102949,0.9980961446930033
4,2026-01-31 23:02:14,108593.68825818265,2474.0000907897947,102082,102754,0.9934601086089107
4,2026-01-31 23:02:14,108593.68825818265,2476.0000911712646,101737,103170,0.9861103033827663
4,2026-01-31 23:02:14,108593.68825818265,2478.0000915527344,101766,102624,0.9916393826005613
4,2026-01-31 23:02:14,108593.68825818265,2480.0000919342037,102367,103218,0.9917553139956209
4,2026-01-31 23:02:14,108593.68825818265,2482.0000923156736,103689,103046,1.006239931680997
4,2026-01-31 23:02:14,108593.68825818265,2484.0000926971434,103395,103764,0.9964438533595467
4,2026-01-31 23:02:14,108593.68825818265,2486.000093078613,103665,104331,0.9936164706558933
4,2026-01-31 23:02:14,108593.68825818265,2488.000093460083,104708,105430,0.9931518543109172
4,2026-01-31 23:02:14,108593.68825818265,2490.0000938415524,105911,105946,0.9996696430256924
4,2026-01-31 23:02:14,108593.68825818265,2492.000094223022,106160,107588,0.9867271442911849
4,2026-01-31 23:02:14,108593.68825818265,2494.000094604492,106946,108128,0.9890685113939035
4,2026-01-31 23:02:14,108593.68825818265,2496.000094985962,108196,110042,0.9832245869758819
4,2026-01-31 23:02:14,108593.68825818265,2498.0000953674316,109285,110934,0.9851353056772495
4,2026-01-31 23:02:14,108593.68825818265,2500.000095748901,110412,111162,0.9932530900847412
4,2026-01-31 23:02:14,108593.68825818265,2502.000096130371,111807,113068,0.9888474192521315
4,2026-01-31 23:02:14,108593.68825818265,2504.0000965118406,112476,113834,0.9880703480506703
4,2026-01-31 23:02:14,108593.68825818265,2506.0000968933105,113180,114436,0.9890244328707749
4,2026-01-31 23:02:14,108593.68825818265,2508.0000972747803,114424,115277,0.9926004320029147
4,2026-01-31 23:02:14,108593.68825818265,2510.0000976562496,114455,114848,0.9965780858177765
4,2026-01-31 23:02:14,108593.68825818265,2512.0000980377195,115687,115042,1.0056066480068149
4,2026-01-31 23:02:14,108593.68825818265,2514.0000984191893,114222,115863,0.9858367209549209
4,2026-01-31 23:02:14,108593.68825818265,2516.000098800659,115633,115912,0.9975930015874112
4,2026-01-31 23:02:14,108593.68825818265,2518.000099182129,115135,115002,1.0011565016260586
4,2026-01-31 23:02:14,108593.68825818265,2520.0000995635983,114949,114938,1.0000957037707285
4,2026-01-31 23:02:14,108593.68825818265,2522.000099945068,114670,115313,0.9944238724168134
4,2026-01-31 23:02:14,108593.68825818265,2524.000100326538,114093,114761,0.9941792072219656
4,2026-01-31 23:02:14,108593.68825818265,2526.0001007080077,113306,113434,0.998871590528413
4,2026-01-31 23:02:14,108593.68825818265,2528.0001010894775,112366,113326,0.9915288636323527
4,2026-01-31 23:02:14,108593.68825818265,2530.000101470947,112896,112494,1.0035735239212757
4,2026-01-31 23:02:14,108593.68825818265,2532.0001018524167,111796,111974,0.9984103452587207
4,2026-01-31 23:02:14,108593.68825818265,2534.0001022338865,111428,111103,1.0029252135405884
4,2026-01-31 23:02:14,108593.68825818265,2536.0001026153564,110579,110406,1.0015669438255168
4,2026-01-31 23:02:14,108593.68825818265,2538.000102996826,109838,110119,0.9974482151127416
4,2026-01-31 23:02:14,108593.68825818265,2540.0001033782955,109853,109302,1.0050410788457669
4,2026-01-31 23:02:14,108593.68825818265,2542.0001037597654,109415,109040,1.0034391049156273
4,2026-01-31 23:02:14,108593.68825818265,2544.000104141235,107942,108819,0.9919407456418456
4,2026-01-31 23:02:14,108593.68825818265,2546.000104522705,107936,108362,0.9960687325815323
4,2026-01-31 23:02:14,108593.68825818265,2548.000104904175,107824,107636,1.0017466275223903
4,2026-01-31 23:02:14,108593.68825818265,2550.000105285644,107094,107343,0.9976803331376988
4,2026-01-31 23:02:14,108593.68825818265,2552.000105667114,106704,106919,0.9979891319597078
4,2026-01-31 23:02:14,108593.68825818265,2554.000106048584,106297,106220,1.0007249105629825
4,2026-01-31 23:02:14,108593.68825818265,2556.0001064300536,106982,106324,1.0061886309770136
4,2026-01-31 23:02:14,108593.68825818265,2558.0001068115234,105273,106044,0.99272943306552
4,2026-01-31 23:02:14,108593.68825818265,2560.000107192993,105051,106336,0.9879156635570268
4,2026-01-31 23:02:14,108593.68825818265,2562.0001075744626,105431,106412,0.9907811149118521
4,2026-01-31 23:02:14,108593.68825818265,2564.0001079559324,106015,105782,1.002202643171806
4,2026-01-31 23:02:14,108593.68825818265,2566.0001083374023,105769,105827,0.9994519357063887
4,2026-01-31 23:02:14,108593.68825818265,2568.000108718872,105681,106173,0.9953660535164307
4,2026-01-31 23:02:14,108593.68825818265,2570.0001091003414,105330,105807,0.9954917916583969
4,2026-01-31 23:02:14,108593.68825818265,2572.0001094818113,105600,106527,0.9912979807936017
4,2026-01-31 23:02:14,108593.68825818265,2574.000109863281,105407,105992,0.9944807155257
4,2026-01-31 23:02:14,108593.68825818265,2576.000110244751,105610,106299,0.993518283332863
4,2026-01-31 23:02:14,108593.68825818265,2578.0001106262207,105853,106099,0.9976814107578771
4,2026-01-31 23:02:14,108593.68825818265,2580.00011100769,105879,106728,0.9920451990105689
4,2026-01-31 23:02:14,108593.68825818265,2582.00011138916,105664,106288,0.9941291585127201
4,2026-01-31 23:02:14,108593.68825818265,2584.0001117706297,105641,106922,0.988019303791549
4,2026-01-31 23:02:14,108593.68825818265,2586.0001121520995,105232,107052,0.9829989164144528
4,2026-01-31 23:02:14,108593.68825818265,2588.0001125335693,104925,107464,0.976373483212983
4,2026-01-31 23:02:14,108593.68825818265,2590.0001129150387,105412,106830,0.9867265749321351
4,2026-01-31 23:02:14,108593.68825818265,2592.0001132965085,106175,108010,0.9830108323303398
4,2026-01-31 23:02:14,108593.68825818265,2594.0001136779783,104978,108635,0.9663368159432963
4,2026-01-31 23:02:14,108593.68825818265,2596.000114059448,105719,108781,0.9718517020435554
4,2026-01-31 23:02:14,108593.68825818265,2598.000114440918,105620,109886,0.9611779480552572
4,2026-01-31 23:02:14,108593.68825818265,2600.0001148223873,104717,110842,0.9447411630970209
4,2026-01-31 23:02:14,108593.68825818265,2602.000115203857,104124,111897,0.9305343306791066
4,2026-01-31 23:02:14,108593.68825818265,2604.000115585327,102746,113201,0.9076421586381745
4,2026-01-31 23:02:14,108593.68825818265,2606.000115966797,100947,113732,0.887586607111455
4,2026-01-31 23:02:14,108593.68825818265,2608.0001163482666,101694,113539,0.8956746140092832
4,2026-01-31 23:02:14,108593.68825818265,2610.000116729736,103283,115318,0.8956364140897345
4,2026-01-31 23:02:14,108593.68825818265,2612.000117111206,106367,115211,0.9232364965150897
4,2026-01-31 23:02:14,108593.68825818265,2614.0001174926756,108914,116313,0.9363871622260624
4,2026-01-31 23:02:14,108593.68825818265,2616.0001178741454,110835,116489,0.9514632282876495
4,2026-01-31 23:02:14,108593.68825818265,2618.0001182556152,112090,116084,0.9655938802935805
4,2026-01-31 23:02:14,108593.68825818265,2620.0001186370846,113167,115773,0.9774904338662728
4,2026-01-31 23:02:14,108593.68825818265,2622.0001190185544,113964,116299,0.9799224412935623
4,2026-01-31 23:02:14,108593.68825818265,2624.0001194000242,114179,116286,0.981880879899558
4,2026-01-31 23:02:14,108593.68825818265,2626.000119781494,114207,115850,0.9858178679326716
4,2026-01-31 23:02:14,108593.68825818265,2628.000120162964,113442,114760,0.9885151620773789
4,2026-01-31 23:02:14,108593.68825818265,2630.0001205444332,113152,114085,0.9918218871893764
4,2026-01-31 23:02:14,108593.68825818265,2632.000120925903,112488,113626,0.9899846866034182
4,2026-01-31 23:02:14,108593.68825818265,2634.000121307373,112175,112213,0.9996613583096433
4,2026-01-31 23:02:14,108593.68825818265,2636.0001216888427,111456,112027,0.9949030144518732
4,2026-01-31 23:02:14,108593.68825818265,2638.0001220703125,110566,110700,0.9987895212285456
4,2026-01-31 23:02:14,108593.68825818265,2640.000122451782,109048,109449,0.996336193112774
4,2026-01-31 23:02:14,108593.68825818265,2642.0001228332517,107961,108897,0.9914047218931651
4,2026-01-31 23:02:14,108593.68825818265,2644.0001232147215,107021,107636,0.9942862982645212
4,2026-01-31 23:02:14,108593.68825818265,2646.0001235961913,106128,106637,0.9952267974530417
4,2026-01-31 23:02:14,108593.68825818265,2648.000123977661,104985,105266,0.997330572074554
4,2026-01-31 23:02:14,108593.68825818265,2650.0001243591305,103192,104124,0.9910491337251738
4,2026-01-31 23:02:14,108593.68825818265,2652.0001247406003,103107,103692,0.9943582918643675
4,2026-01-31 23:02:14,108593.68825818265,2654.00012512207,102062,102523,0.9955034480067887
4,2026-01-31 23:02:14,108593.68825818265,2656.00012550354,101870,101856,1.0001374489475339
4,2026-01-31 23:02:14,108593.68825818265,2658.0001258850098,101216,102092,0.9914195039768052
4,2026-01-31 23:02:14,108593.68825818265,2660.000126266479,101927,101504,1.0041673234552333
4,2026-01-31 23:02:14,108593.68825818265,2662.000126647949,102018,101797,1.0021709873571913
4,2026-01-31 23:02:14,108593.68825818265,2664.0001270294188,101947,102797,0.9917312762045585
4,2026-01-31 23:02:14,108593.68825818265,2666.0001274108886,102052,103015,0.9906518468184246
4,2026-01-31 23:02:14,108593.68825818265,2668.0001277923584,102218,103552,0.9871175834363412
4,2026-01-31 23:02:14,108593.68825818265,2670.0001281738278,103694,104645,0.9909121314921878
4,2026-01-31 23:02:14,108593.68825818265,2672.0001285552976,105075,105831,0.9928565354196786
4,2026-01-31 23:02:14,108593.68825818265,2674.0001289367674,104903,106199,0.9877964952589008
4,2026-01-31 23:02:14,108593.68825818265,2676.000129318237,105881,107320,0.9865915020499441
4,2026-01-31 23:02:14,108593.68825818265,2678.000129699707,106576,107978,0.9870158736038823
4,2026-01-31 23:02:14,108593.68825818265,2680.0001300811764,107717,108230,0.9952600942437402
4,2026-01-31 23:02:14,108593.68825818265,2682.000130462646,108201,109723,0.9861287059230972
4,2026-01-31 23:02:14,108593.68825818265,2684.000130844116,109805,109339,1.0042619742269456
4,2026-01-31 23:02:14,108593.68825818265,2686.000131225586,109705,110272,0.9948581688914684
4,2026-01-31 23:02:14,108593.68825818265,2688.0001316070557,110503,111204,0.9936962699183483
4,2026-01-31 23:02:14,108593.68825818265,2690.000131988525,110169,111081,0.9917897750290329
4,2026-01-31 23:02:14,108593.68825818265,2692.000132369995,111679,111486,1.0017311590693
4,2026-01-31 23:02:14,108593.68825818265,2694.0001327514647,110958,111970,0.9909618647852103
4,2026-01-31 23:02:14,108593.68825818265,2696.0001331329345,111591,113094,0.9867101703008118
4,2026-01-31 23:02:14,108593.68825818265,2698.0001335144043,112330,113061,0.9935344636965886
4,2026-01-31 23:02:14,108593.68825818265,2700.0001338958737,112349,112584,0.9979126696511049
4,2026-01-31 23:02:14,108593.68825818265,2702.0001342773435,111925,113010,0.9903990797274578
4,2026-01-31 23:02:14,108593.68825818265,2704.0001346588133,112943,113063,0.9989386448263358
4,2026-01-31 23:02:14,108593.68825818265,2706.000135040283,113006,113282,0.9975636023375294
4,2026-01-31 23:02:14,108593.68825818265,2708.000135421753,112657,113313,0.9942107260420252
4,2026-01-31 23:02:14,108593.68825818265,2710.0001358032223,112825,113162,0.9970219685053286
4,2026-01-31 23:02:14,108593.68825818265,2712.000136184692,112653,112850,0.9982543198936642
4,2026-01-31 23:02:14,108593.68825818265,2714.000136566162,112436,112930,0.9956256087842026
4,2026-01-31 23:02:14,108593.68825818265,2716.0001369476317,112492,112473,1.0001689294319525
4,2026-01-31 23:02:14,108593.68825818265,2718.0001373291016,112753,112560,1.0017146410803128
4,2026-01-31 23:02:14,108593.68825818265,2720.000137710571,112364,112693,0.997080564010187
4,2026-01-31 23:02:14,108593.68825818265,2722.0001380920407,111849,112403,0.9950713059259985
4,2026-01-31 23:02:14,108593.68825818265,2724.0001384735106,111695,112043,0.9968940496059548
4,2026-01-31 23:02:14,108593.68825818265,2726.0001388549804,110896,112299,0.9875065672891121
4,2026-01-31 23:02:14,108593.68825818265,2728.00013923645,110719,110880,0.9985479797979798
4,2026-01-31 23:02:14,108593.68825818265,2730.0001396179196,110051,110927,0.9921029145293752
4,2026-01-31 23:02:14,108593.68825818265,2732.0001399993894,109707,110291,0.9947049169923203
4,2026-01-31 23:02:14,108593.68825818265,2734.000140380859,109757,109519,1.0021731389074042
4,2026-01-31 23:02:14,108593.68825818265,2736.000140762329,108434,108508,0.9993180226342758
4,2026-01-31 23:02:14,108593.68825818265,2738.000141143799,107589,108488,0.991713369220559
4,2026-01-31 23:02:14,108593.68825818265,2740.000141525268,106823,107387,0.9947479676310913
4,2026-01-31 23:02:14,108593.68825818265,2742.000141906738,106448,105949,1.0047098132120171
4,2026-01-31 23:02:14,108593.68825818265,2744.000142288208,105783,105685,1.0009272839097318
4,2026-01-31 23:02:14,108593.68825818265,2746.0001426696776,104551,105022,0.9955152253813486
4,2026-01-31 23:02:14,108593.68825818265,2748.0001430511475,104119,103689,1.0041470165591335
4,2026-01-31 23:02:14,108593.68825818265,2750.000143432617,103098,103071,1.0002619553511658
4,2026-01-31 23:02:14,108593.68825818265,2752.0001438140866,102746,102762,0.9998443004223351
4,2026-01-31 23:02:14,108593.68825818265,2754.0001441955565,102065,102107,0.9995886667907196
4,2026-01-31 23:02:14,108593.68825818265,2756.0001445770263,101555,102005,0.9955884515464928
4,2026-01-31 23:02:14,108593.68825818265,2758.000144958496,102116,102252,0.9986699526659625
4,2026-01-31 23:02:14,108593.68825818265,2760.0001453399655,100742,101865,0.9889756049673588
4,2026-01-31 23:02:14,108593.68825818265,2762.0001457214353,100722,102962,0.9782444008469144
4,2026-01-31 23:02:14,108593.68825818265,2764.000146102905,101824,102684,0.9916247906197655
4,2026-01-31 23:02:14,108593.68825818265,2766.000146484375,102170,103139,0.990604911818032
4,2026-01-31 23:02:14,108593.68825818265,2768.0001468658447,103358,104566,0.9884474877111107
4,2026-01-31 23:02:14,108593.68825818265,2770.000147247314,103690,104931,0.9881731804709761
4,2026-01-31 23:02:14,108593.68825818265,2772.000147628784,104514,104986,0.9955041624597566
4,2026-01-31 23:02:14,108593.68825818265,2774.0001480102537,105739,107304,0.9854152687691046
4,2026-01-31 23:02:14,108593.68825818265,2776.0001483917235,106723,107746,0.9905054479980695
4,2026-01-31 23:02:14,108593.68825818265,2778.0001487731934,108356,108762,0.9962670785752377
4,2026-01-31 23:02:14,108593.68825818265,2780.0001491546627,108972,110087,0.9898716469701236
4,2026-01-31 23:02:14,108593.68825818265,2782.0001495361325,109795,111059,0.9886186621525496
4,2026-01-31 23:02:14,108593.68825818265,2784.0001499176024,111146,111707,0.994977933343479
4,2026-01-31 23:02:14,108593.68825818265,2786.000150299072,111775,112281,0.9954934494705249
4,2026-01-31 23:02:14,108593.68825818265,2788.000150680542,112529,113522,0.9912527968147143
4,2026-01-31 23:02:14,108593.68825818265,2790.0001510620114,112387,113536,0.9898798618940248
4,2026-01-31 23:02:14,108593.68825818265,2792.000151443481,113488,113986,0.9956310424087169
4,2026-01-31 23:02:14,108593.68825818265,2794.000151824951,113644,114673,0.9910266584113087
4,2026-01-31 23:02:14,108593.68825818265,2796.000152206421,113926,115024,0.9904541660870775
4,2026-01-31 23:02:14,108593.68825818265,2798.0001525878906,114265,115188,0.9919870125360281
4,2026-01-31 23:02:14,108593.68825818265,2800.00015296936,114851,115339,0.9957689940089649
4,2026-01-31 23:02:14,108593.68825818265,2802.00015335083,114648,114636,1.0001046791583796
4,2026-01-31 23:02:14,108593.68825818265,2804.0001537322996,114569,114316,1.0022131635116693
4,2026-01-31 23:02:14,108593.68825818265,2806.0001541137694,113666,114556,0.9922308739830301
4,2026-01-31 23:02:14,108593.68825818265,2808.0001544952393,113665,114223,0.9951148192570674
4,2026-01-31 23:02:14,108593.68825818265,2810.0001548767086,113003,113879,0.9923076247596133
4,2026-01-31 23:02:14,108593.68825818265,2812.0001552581784,113134,113988,0.9925079832964874
4,2026-01-31 23:02:14,108593.68825818265,2814.0001556396483,111979,112837,0.9923961112046581
4,2026-01-31 23:02:14,108593.68825818265,2816.000156021118,112042,112074,0.9997144743651516
4,2026-01-31 23:02:14,108593.68825818265,2818.000156402588,110818,111122,0.9972642681017261
4,2026-01-31 23:02:14,108593.68825818265,2820.0001567840573,110225,111153,0.9916511475173859
4,2026-01-31 23:02:14,108593.68825818265,2822.000157165527,109516,109804,0.9973771447306109
4,2026-01-31 23:02:14,108593.68825818265,2824.000157546997,108380,108917,0.9950696401847278
4,2026-01-31 23:02:14,108593.68825818265,2826.0001579284667,107407,107122,1.002660517914154
4,2026-01-31 23:02:14,108593.68825818265,2828.0001583099365,106641,106521,1.0011265384290422
4,2026-01-31 23:02:14,108593.68825818265,2830.000158691406,105936,105947,0.9998961745023455
4,2026-01-31 23:02:14,108593.68825818265,2832.0001590728757,104783,104546,1.0022669446942016
4,2026-01-31 23:02:14,108593.68825818265,2834.0001594543455,104372,103631,1.007150370063012
4,2026-01-31 23:02:14,108593.68825818265,2836.0001598358153,103247,103082,1.0016006674298132
4,2026-01-31 23:02:14,108593.68825818265,2838.000160217285,102016,101937,1.0007749884732726
4,2026-01-31 23:02:14,108593.68825818265,2840.0001605987545,101288,101531,0.9976066423062907
4,2026-01-31 23:02:14,108593.68825818265,2842.0001609802243,100853,100899,0.9995440985539995
4,2026-01-31 23:02:14,108593.68825818265,2844.000161361694,99978,99776,1.0020245349583066
4,2026-01-31 23:02:14,108593.68825818265,2846.000161743164,99145,99471,0.9967226628866704
4,2026-01-31 23:02:14,108593.68825818265,2848.000162124634,99280,99209,1.0007156608775414
4,2026-01-31 23:02:14,108593.68825818265,2850.000162506103,98270,99447,0.9881645499612859
4,2026-01-31 23:02:14,108593.68825818265,2852.000162887573,97812,98954,0.9884592841118095
4,2026-01-31 23:02:14,108593.68825818265,2854.000163269043,98101,98853,0.992392744782657
4,2026-01-31 23:02:14,108593.68825818265,2856.0001636505126,98833,100242,0.9859440154825323
4,2026-01-31 23:02:14,108593.68825818265,2858.0001640319824,99502,100571,0.9893706933410228
4,2026-01-31 23:02:14,108593.68825818265,2860.000164413452,100671,101371,0.993094672046246
4,2026-01-31 23:02:14,108593.68825818265,2862.0001647949216,100877,102290,0.9861863329748753
4,2026-01-31 23:02:14,108593.68825818265,2864.0001651763914,102432,102912,0.9953358208955224
4,2026-01-31 23:02:14,108593.68825818265,2866.0001655578612,103425,104267,0.9919245782462333
4,2026-01-31 23:02:14,108593.68825818265,2868.000165939331,104560,105631,0.9898609309767019
4,2026-01-31 23:02:14,108593.68825818265,2870.0001663208004,105639,106582,0.9911523521795426
4,2026-01-31 23:02:14,108593.68825818265,2872.0001667022702,107436,108115,0.9937196503722888
4,2026-01-31 23:02:14,108593.68825818265,2874.00016708374,108711,109376,0.9939200555880632
4,2026-01-31 23:02:14,108593.68825818265,2876.00016746521,109283,110229,0.9914178664416805
4,2026-01-31 23:02:14,108593.68825818265,2878.0001678466797,109589,110991,0.9873683451811408
4,2026-01-31 23:02:14,108593.68825818265,2880.000168228149,111048,111465,0.9962589153545957
4,2026-01-31 23:02:14,108593.68825818265,2882.000168609619,110936,111549,0.9945046571461869
4,2026-01-31 23:02:14,108593.68825818265,2884.0001689910887,111554,112068,0.9954134989470679
4,2026-01-31 23:02:14,108593.68825818265,2886.0001693725585,111845,112830,0.9912700522910574
4,2026-01-31 23:02:14,108593.68825818265,2888.0001697540283,112530,112252,1.0024765705733527
4,2026-01-31 23:02:14,108593.68825818265,2890.0001701354977,111769,112567,0.9929108886263293
4,2026-01-31 23:02:14,108593.68825818265,2892.0001705169675,112258,112608,0.9968918726911055
4,2026-01-31 23:02:14,108593.68825818265,2894.0001708984373,112365,113428,0.9906284162640617
4,2026-01-31 23:02:14,108593.68825818265,2896.000171279907,111639,113369,0.9847400964990429
4,2026-01-31 23:02:14,108593.68825818265,2898.000171661377,112058,112713,0.9941887803536416
4,2026-01-31 23:02:14,108593.68825818265,2900.0001720428463,112009,112537,0.9953082097443507
4,2026-01-31 23:02:14,108593.68825818265,2902.000172424316,112053,113077,0.9909442238474667
4,2026-01-31 23:02:14,108593.68825818265,2904.000172805786,111324,112414,0.9903036988275482
4,2026-01-31 23:02:14,108593.68825818265,2906.0001731872558,111595,112285,0.9938549227412388
4,2026-01-31 23:02:14,108593.68825818265,2908.0001735687256,111426,111691,0.9976273826897423
4,2026-01-31 23:02:14,108593.68825818265,2910.000173950195,111343,111012,1.0029816596403993
4,2026-01-31 23:02:14,108593.68825818265,2912.0001743316648,110540,110438,1.0009235951393542
4,2026-01-31 23:02:14,108593.68825818265,2914.0001747131346,109739,109871,0.9987985910749879
4,2026-01-31 23:02:14,108593.68825818265,2916.0001750946044,109715,110002,0.9973909565280631
4,2026-01-31 23:02:14,108593.68825818265,2918.000175476074,108929,108327,1.0055572479621886
4,2026-01-31 23:02:14,108593.68825818265,2920.0001758575436,107006,107715,0.9934178155317273
4,2026-01-31 23:02:14,108593.68825818265,2922.0001762390134,105876,106450,0.9946077970878346
4,2026-01-31 23:02:14,108593.68825818265,2924.000176620483,104888,104801,1.0008301447505272
4,2026-01-31 23:02:14,108593.68825818265,2926.000177001953,104300,103768,1.00512682137075
4,2026-01-31 23:02:14,108593.68825818265,2928.000177383423,102555,102646,0.9991134579038637
4,2026-01-31 23:02:14,108593.68825818265,2930.000177764892,101781,101216,1.0055821214037306
4,2026-01-31 23:02:14,108593.68825818265,2932.000178146362,100540,100674,0.9986689711345531
4,2026-01-31 23:02:14,108593.68825818265,2934.000178527832,99632,99790,0.9984166750175368
4,2026-01-31 23:02:14,108593.68825818265,2936.0001789093017,98545,99286,0.9925367121245694
4,2026-01-31 23:02:14,108593.68825818265,2938.0001792907715,98203,98403,0.9979675416399907
4,2026-01-31 23:02:14,108593.68825818265,2940.000179672241,98173,98199,0.9997352315196693
4,2026-01-31 23:02:14,108593.68825818265,2942.0001800537107,97669,98671,0.9898450405894336
4,2026-01-31 23:02:14,108593.68825818265,2944.0001804351805,97296,98091,0.9918952809126219
4,2026-01-31 23:02:14,108593.68825818265,2946.0001808166503,97663,98298,0.9935400516795866
4,2026-01-31 23:02:14,108593.68825818265,2948.00018119812,98094,98999,0.9908584935201366
4,2026-01-31 23:02:14,108593.68825818265,2950.0001815795895,98698,100019,0.9867925094232096
4,2026-01-31 23:02:14,108593.68825818265,2952.0001819610593,99295,99872,0.9942226049343159
4,2026-01-31 23:02:14,108593.68825818265,2954.000182342529,99563,102088,0.9752664367996239
4,2026-01-31 23:02:14,108593.68825818265,2956.000182723999,101644,102733,0.9893997060340883
4,2026-01-31 23:02:14,108593.68825818265,2958.0001831054688,102315,103747,0.9861971912440841
4,2026-01-31 23:02:14,108593.68825818265,2960.000183486938,104220,105831,0.984777617144315
4,2026-01-31 23:02:14,108593.68825818265,2962.000183868408,106044,107812,0.9836010833673432
4,2026-01-31 23:02:14,108593.68825818265,2964.0001842498777,106296,108295,0.981541160718408
4,2026-01-31 23:02:14,108593.68825818265,2966.0001846313476,107284,109848,0.9766586555968247
4,2026-01-31 23:02:14,108593.68825818265,2968.0001850128174,109484,110700,0.9890153568202349
4,2026-01-31 23:02:14,108593.68825818265,2970.0001853942867,110058,111514,0.9869433434366985
4,2026-01-31 23:02:14,108593.68825818265,2972.0001857757566,110435,112459,0.982002329737949
4,2026-01-31 23:02:14,108593.68825818265,2974.0001861572264,111842,113445,0.985869804751201
4,2026-01-31 23:02:14,108593.68825818265,2976.000186538696,112432,114214,0.9843977095627506
4,2026-01-31 23:02:14,108593.68825818265,2978.000186920166,113192,114322,0.9901156382848446
4,2026-01-31 23:02:14,108593.68825818265,2980.0001873016354,112899,114599,0.9851656646218553
4,2026-01-31 23:02:14,108593.68825818265,2982.000187683105,112649,115264,0.9773129511382566
4,2026-01-31 23:02:14,108593.68825818265,2984.000188064575,113073,115361,0.9801666074323212
4,2026-01-31 23:02:14,108593.68825818265,2986.000188446045,112965,114941,0.982808571353999
4,2026-01-31 23:02:14,108593.68825818265,2988.0001888275146,113597,114618,0.9910921495751104
4,2026-01-31 23:02:14,108593.68825818265,2990.000189208984,113418,114414,0.9912947716188578
4,2026-01-31 23:02:14,108593.68825818265,2992.000189590454,113214,114843,0.985815417570074
4,2026-01-31 23:02:14,108593.68825818265,2994.0001899719236,112253,114377,0.9814298329209544
4,2026-01-31 23:02:14,108593.68825818265,2996.0001903533935,111791,113685,0.9833399305097418
4,2026-01-31 23:02:14,108593.68825818265,2998.0001907348633,112021,113356,0.9882229436465648
4,2026-01-31 23:02:14,108593.68825818265,3000.0001911163326,111129,112449,0.9882613451431316
4,2026-01-31 23:02:14,108593.68825818265,3002.0001914978025,110622,112531,0.9830357856946086
4,2026-01-31 23:02:14,108593.68825818265,3004.0001918792723,110389,111138,0.9932606309273155
4,2026-01-31 23:02:14,108593.68825818265,3006.000192260742,109755,110130,0.9965949332606919
4,2026-01-31 23:02:14,108593.68825818265,3008.000192642212,108904,110147,0.9887150807557173
4,2026-01-31 23:02:14,108593.68825818265,3010.0001930236813,108183,109729,0.9859107437413993
4,2026-01-31 23:02:14,108593.68825818265,3012.000193405151,106830,108766,0.9822003199529264
4,2026-01-31 23:02:14,108593.68825818265,3014.000193786621,106390,106802,0.9961423943371847
4,2026-01-31 23:02:14,108593.68825818265,3016.0001941680907,105521,106680,0.9891357330333709
4,2026-01-31 23:02:14,108593.68825818265,3018.0001945495605,104732,106329,0.9849805791458586
4,2026-01-31 23:02:14,108593.68825818265,3020.00019493103,103970,105414,0.9863016297645474
4,2026-01-31 23:02:14,108593.68825818265,3022.0001953124997,103639,104874,0.9882239639948891
4,2026-01-31 23:02:14,108593.68825818265,3024.0001956939695,102950,103592,0.993802610240173
4,2026-01-31 23:02:14,108593.68825818265,3026.0001960754394,102151,102866,0.9930492096513911
4,2026-01-31 23:02:14,108593.68825818265,3028.000196456909,101842,102739,0.9912691383019107
4,2026-01-31 23:02:14,108593.68825818265,3030.0001968383785,100940,102163,0.9880289341542438
4,2026-01-31 23:02:14,108593.68825818265,3032.0001972198484,101145,102721,0.9846574702349081
4,2026-01-31 23:02:14,108593.68825818265,3034.000197601318,100625,102322,0.9834151013467289
4,2026-01-31 23:02:14,108593.68825818265,3036.000197982788,101063,101876,0.9920197102359731
4,2026-01-31 23:02:14,108593.68825818265,3038.000198364258,100975,102331,0.9867488835250315
4,2026-01-31 23:02:14,108593.68825818265,3040.000198745727,100804,101612,0.9920481832854388
4,2026-01-31 23:02:14,108593.68825818265,3042.000199127197,101468,102763,0.9873981880637973
4,2026-01-31 23:02:14,108593.68825818265,3044.000199508667,101424,102830,0.9863269473888943
4,2026-01-31 23:02:14,108593.68825818265,3046.0001998901366,101695,104017,0.9776767259198016
4,2026-01-31 23:02:14,108593.68825818265,3048.0002002716064,102065,104619,0.9755876083694166
4,2026-01-31 23:02:14,108593.68825818265,3050.000200653076,102289,104399,0.9797890784394486
4,2026-01-31 23:02:14,108593.68825818265,3052.0002010345456,103344,105435,0.9801678759425239
4,2026-01-31 23:02:14,108593.68825818265,3054.0002014160154,103836,105381,0.9853389130867993
4,2026-01-31 23:02:14,108593.68825818265,3056.0002017974853,104880,105857,0.9907705678415221
4,2026-01-31 23:02:14,108593.68825818265,3058.000202178955,105076,107395,0.9784068159597746
4,2026-01-31 23:02:14,108593.68825818265,3060.0002025604244,105946,108171,0.9794307161808617
4,2026-01-31 23:02:14,108593.68825818265,3062.0002029418943,107572,109129,0.9857324817417918
4,2026-01-31 23:02:14,108593.68825818265,3064.000203323364,108190,109728,0.9859835228929718
4,2026-01-31 23:02:14,108593.68825818265,3066.000203704834,108518,110942,0.9781507454345514
4,2026-01-31 23:02:14,108593.68825818265,3068.0002040863037,110052,111762,0.984699629569979
4,2026-01-31 23:02:14,108593.68825818265,3070.000204467773,110608,113610,0.9735762696945691
4,2026-01-31 23:02:14,108593.68825818265,3072.000204849243,111585,114350,0.9758198513336248
4,2026-01-31 23:02:14,108593.68825818265,3074.0002052307127,112549,114766,0.9806824320791873
4,2026-01-31 23:02:14,108593.68825818265,3076.0002056121825,113674,115608,0.9832710539063041
4,2026-01-31 23:02:14,108593.68825818265,3078.0002059936523,114611,116723,0.9819058797323578
4,2026-01-31 23:02:14,108593.68825818265,3080.0002063751217,115280,117259,0.9831228306569219
4,2026-01-31 23:02:14,108593.68825818265,3082.0002067565915,115525,117719,0.9813623968942992
4,2026-01-31 23:02:14,108593.68825818265,3084.0002071380613,115510,118058,0.9784173880634942
4,2026-01-31 23:02:14,108593.68825818265,3086.000207519531,115701,117696,0.9830495513866232
4,2026-01-31 23:02:14,108593.68825818265,3088.000207901001,116284,116984,0.9940162757300144
4,2026-01-31 23:02:14,108593.68825818265,3090.0002082824703,116265,117500,0.9894893617021276
4,2026-01-31 23:02:14,108593.68825818265,3092.00020866394,115087,116441,0.9883717934404548
4,2026-01-31 23:02:14,108593.68825818265,3094.00020904541,114471,116491,0.9826596046046475
4,2026-01-31 23:02:14,108593.68825818265,3096.00020942688,113817,115974,0.9814010036732371
4,2026-01-31 23:02:14,108593.68825818265,3098.0002098083496,113579,115022,0.9874545739076003
4,2026-01-31 23:02:14,108593.68825818265,3100.000210189819,111743,113967,0.9804855791588794
4,2026-01-31 23:02:14,108593.68825818265,3102.000210571289,110851,112499,0.985350980897608
4,2026-01-31 23:02:14,108593.68825818265,3104.0002109527586,109753,111496,0.9843671521848317
4,2026-01-31 23:02:14,108593.68825818265,3106.0002113342284,109469,109728,0.9976396179644211
4,2026-01-31 23:02:14,108593.68825818265,3108.0002117156982,108243,109069,0.9924268123848207
4,2026-01-31 23:02:14,108593.68825818265,3110.0002120971676,106481,107302,0.9923486980671377
4,2026-01-31 23:02:14,108593.68825818265,3112.0002124786374,105495,106903,0.9868291815945296
4,2026-01-31 23:02:14,108593.68825818265,3114.0002128601072,104620,104888,0.9974448936007932
4,2026-01-31 23:02:14,108593.68825818265,3116.000213241577,102575,103895,0.9872948650079407
4,2026-01-31 23:02:14,108593.68825818265,3118.000213623047,102390,103111,0.9930075355684651
4,2026-01-31 23:02:14,108593.68825818265,3120.0002140045162,101118,101988,0.9914695846570185
4,2026-01-31 23:02:14,108593.68825818265,3122.000214385986,100153,101109,0.9905448575299924
4,2026-01-31 23:02:14,108593.68825818265,3124.000214767456,99485,100935,0.985634319116263
4,2026-01-31 23:02:14,108593.68825818265,3126.0002151489257,98858,100277,0.9858491977223092
4,2026-01-31 23:02:14,108593.68825818265,3128.0002155303955,99129,99771,0.9935652644556033
4,2026-01-31 23:02:14,108593.68825818265,3130.000215911865,98797,100747,0.9806445849504204
4,2026-01-31 23:02:14,108593.68825818265,3132.0002162933347,99053,101055,0.9801890059868389
4,2026-01-31 23:02:14,108593.68825818265,3134.0002166748045,100448,101274,0.9918439086043802
4,2026-01-31 23:02:14,108593.68825818265,3136.0002170562743,100902,102829,0.9812601503466921
4,2026-01-31 23:02:14,108593.68825818265,3138.000217437744,101459,102543,0.9894288249807398
4,2026-01-31 23:02:14,108593.68825818265,3140.0002178192135,102444,103679,0.9880882338757125
4,2026-01-31 23:02:14,108593.68825818265,3142.0002182006833,103668,104360,0.993369106937524
4,2026-01-31 23:02:14,108593.68825818265,3144.000218582153,105233,106273,0.9902138831123616
4,2026-01-31 23:02:14,108593.68825818265,3146.000218963623,105646,107767,0.9803186504217432
4,2026-01-31 23:02:14,108593.68825818265,3148.000219345093,106625,108752,0.9804417390025011
4,2026-01-31 23:02:14,108593.68825818265,3150.000219726562,108232,110313,0.9811354962697053
4,2026-01-31 23:02:14,108593.68825818265,3152.000220108032,108859,111005,0.9806675374983109
4,2026-01-31 23:02:14,108593.68825818265,3154.0002204895018,109591,111075,0.9866396578888139
4,2026-01-31 23:02:14,108593.68825818265,3156.0002208709716,111218,112398,0.9895015925550277
4,2026-01-31 23:02:14,108593.68825818265,3158.0002212524414,111486,112799,0.9883598258849813
4,2026-01-31 23:02:14,108593.68825818265,3160.0002216339108,111879,113465,0.9860221213590094
4,2026-01-31 23:02:14,108593.68825818265,3162.0002220153806,112516,113901,0.987840317468679
4,2026-01-31 23:02:14,108593.68825818265,3164.0002223968504,112571,114588,0.9823978077983733
4,2026-01-31 23:02:14,108593.68825818265,3166.00022277832,113479,114605,0.9901749487369661
4,2026-01-31 23:02:14,108593.68825818265,3168.00022315979,114166,114800,0.9944773519163763
4,2026-01-31 23:02:14,108593.68825818265,3170.0002235412594,113756,115231,0.9871996251008843
4,2026-01-31 23:02:14,108593.68825818265,3172.000223922729,113883,114576,0.9939516129032258
4,2026-01-31 23:02:14,108593.68825818265,3174.000224304199,113960,115307,0.9883181420035211
4,2026-01-31 23:02:14,108593.68825818265,3176.000224685669,114231,114670,0.9961716229179385
4,2026-01-31 23:02:14,108593.68825818265,3178.0002250671387,113958,114883,0.9919483300401278
4,2026-01-31 23:02:14,108593.68825818265,3180.000225448608,113778,114966,0.9896665100986378
4,2026-01-31 23:02:14,108593.68825818265,3182.000225830078,114130,115111,0.9914777910017287
4,2026-01-31 23:02:14,108593.68825818265,3184.0002262115477,113988,114975,0.9914155251141552
4,2026-01-31 23:02:14,108593.68825818265,3186.0002265930175,113068,114018,0.9916679822484169
4,2026-01-31 23:02:14,108593.68825818265,3188.0002269744873,113426,114471,0.9908710503096855
4,2026-01-31 23:02:14,108593.68825818265,3190.0002273559567,113315,113593,0.9975526660973828
4,2026-01-31 23:02:14,108593.68825818265,3192.0002277374265,112022,113453,0.987386847416992
4,2026-01-31 23:02:14,108593.68825818265,3194.0002281188963,112172,112971,0.9929273884448221
4,2026-01-31 23:02:14,108593.68825818265,3196.000228500366,112142,112857,0.993664548942467
4,2026-01-31 23:02:14,108593.68825818265,3198.000228881836,111588,111685,0.9991314858754533
4,2026-01-31 23:02:14,108593.68825818265,3200.0002292633053,111074,110548,1.0047581141223723
4,2026-01-31 23:02:14,108593.68825818265,3202.000229644775,110365,111187,0.9926070493852699
4,2026-01-31 23:02:14,108593.68825818265,3204.000230026245,109199,109480,0.9974333211545487
4,2026-01-31 23:02:14,108593.68825818265,3206.0002304077148,108094,108517,0.9961019932360828
4,2026-01-31 23:02:14,108593.68825818265,3208.0002307891846,107236,107512,0.9974328447057073
4,2026-01-31 23:02:14,108593.68825818265,3210.000231170654,105912,106344,0.995937711577522
4,2026-01-31 23:02:14,108593.68825818265,3212.0002315521238,104929,105372,0.9957958470941047
4,2026-01-31 23:02:14,108593.68825818265,3214.0002319335936,104174,104071,1.0009897089486985
4,2026-01-31 23:02:14,108593.68825818265,3216.0002323150634,103086,102679,1.0039638095423602
4,2026-01-31 23:02:14,108593.68825818265,3218.000232696533,102221,102043,1.0017443626706388
4,2026-01-31 23:02:14,108593.68825818265,3220.0002330780026,100644,100867,0.997789167914184
4,2026-01-31 23:02:14,108593.68825818265,3222.0002334594724,100691,101158,0.9953834595385437
4,2026-01-31 23:02:14,108593.68825818265,3224.000233840942,99486,99907,0.9957860810553815
4,2026-01-31 23:02:14,108593.68825818265,3226.000234222412,99231,100373,0.9886224383051219
4,2026-01-31 23:02:14,108593.68825818265,3228.000234603882,99085,100599,0.9849501486098271
4,2026-01-31 23:02:14,108593.68825818265,3230.000234985351,99618,100512,0.9911055396370583
4,2026-01-31 23:02:14,108593.68825818265,3232.000235366821,99819,100766,0.990601988766052
4,2026-01-31 23:02:14,108593.68825818265,3234.000235748291,100431,101787,0.9866780630139409
4,2026-01-31 23:02:14,108593.68825818265,3236.0002361297607,101102,102574,0.9856493848343635
4,2026-01-31 23:02:14,108593.68825818265,3238.0002365112305,102063,103572,0.9854304252114471
4,2026-01-31 23:02:14,108593.68825818265,3240.0002368927,103862,105714,0.9824810337325236
4,2026-01-31 23:02:14,108593.68825818265,3242.0002372741696,104671,106201,0.9855933559947646
4,2026-01-31 23:02:14,108593.68825818265,3244.0002376556395,106380,106645,0.9975151202588026
4,2026-01-31 23:02:14,108593.68825818265,3246.0002380371093,106282,109218,0.9731179842150561
4,2026-01-31 23:02:14,108593.68825818265,3248.000238418579,107969,110115,0.9805112836579939
4,2026-01-31 23:02:14,108593.68825818265,3250.0002388000485,108910,110067,0.9894882208109606
4,2026-01-31 23:02:14,108593.68825818265,3252.0002391815183,109718,111978,0.9798174641447427
4,2026-01-31 23:02:14,108593.68825818265,3254.000239562988,110672,112889,0.9803612398019294
4,2026-01-31 23:02:14,108593.68825818265,3256.000239944458,111330,113956,0.9769560181122539
4,2026-01-31 23:02:14,108593.68825818265,3258.0002403259277,111370,115277,0.9661077231364452
4,2026-01-31 23:02:14,108593.68825818265,3260.000240707397,111049,115562,0.9609473702428134
4,2026-01-31 23:02:14,108593.68825818265,3262.000241088867,109964,115947,0.9483988373998464
4,2026-01-31 23:02:14,108593.68825818265,3264.0002414703367,107521,116263,0.9248084085220577
4,2026-01-31 23:02:14,108593.68825818265,3266.0002418518065,107416,116714,0.9203351782990901
4,2026-01-31 23:02:14,108593.68825818265,3268.0002422332764,108810,116728,0.9321670893016243
4,2026-01-31 23:02:14,108593.68825818265,3270.0002426147457,111406,116940,0.9526765862835642
4,2026-01-31 23:02:14,108593.68825818265,3272.0002429962155,112988,116959,0.9660479313263622
4,2026-01-31 23:02:14,108593.68825818265,3274.0002433776854,114480,117330,0.9757095372027614
4,2026-01-31 23:02:14,108593.68825818265,3276.000243759155,115489,116556,0.9908456021140053
4,2026-01-31 23:02:14,108593.68825818265,3278.000244140625,115191,115414,0.9980678253937997
4,2026-01-31 23:02:14,108593.68825818265,3280.0002445220944,114445,115003,0.9951479526621044
4,2026-01-31 23:02:14,108593.68825818265,3282.000244903564,113553,114964,0.9877265926724887
4,2026-01-31 23:02:14,108593.68825818265,3284.000245285034,113304,113645,0.9969994280434687
4,2026-01-31 23:02:14,108593.68825818265,3286.000245666504,112801,113233,0.9961848577711444
4,2026-01-31 23:02:14,108593.68825818265,3288.0002460479736,111473,112499,0.9908799189326127
4,2026-01-31 23:02:14,108593.68825818265,3290.000246429443,111560,111675,0.9989702261025296
4,2026-01-31 23:02:14,108593.68825818265,3292.000246810913,110591,110156,1.0039489451323578
4,2026-01-31 23:02:14,108593.68825818265,3294.0002471923826,109052,109481,0.9960815118605055
4,2026-01-31 23:02:14,108593.68825818265,3296.0002475738524,107982,108349,0.9966127975338951
4,2026-01-31 23:02:14,108593.68825818265,3298.0002479553223,107510,107045,1.0043439674903079
4,2026-01-31 23:02:14,108593.68825818265,3300.0002483367916,106731,107365,0.9940949098868346
4,2026-01-31 23:02:14,108593.68825818265,3302.0002487182614,105527,106307,0.9926627597430084
4,2026-01-31 23:02:14,108593.68825818265,3304.0002490997313,105600,105157,1.0042127485569197
4,2026-01-31 23:02:14,108593.68825818265,3306.000249481201,105211,104883,1.0031272942230867
4,2026-01-31 23:02:14,108593.68825818265,3308.000249862671,104595,104493,1.0009761419425225
4,2026-01-31 23:02:14,108593.68825818265,3310.0002502441403,103654,104377,0.9930731866215737
4,2026-01-31 23:02:14,108593.68825818265,3312.00025062561,103266,103565,0.9971129242504707
4,2026-01-31 23:02:14,108593.68825818265,3314.00025100708,103544,104126,0.9944106179052302
4,2026-01-31 23:02:14,108593.68825818265,3316.0002513885497,102839,104001,0.9888270305093221
4,2026-01-31 23:02:14,108593.68825818265,3318.0002517700195,102102,103477,0.9867120229616243
4,2026-01-31 23:02:14,108593.68825818265,3320.000252151489,102904,102915,0.9998931156779867
4,2026-01-31 23:02:14,108593.68825818265,3322.0002525329587,102885,103360,0.9954044117647058
4,2026-01-31 23:02:14,108593.68825818265,3324.0002529144285,102858,102927,0.999329621965082
4,2026-01-31 23:02:14,108593.68825818265,3326.0002532958983,103582,103880,0.9971313053523296
4,2026-01-31 23:02:14,108593.68825818265,3328.000253677368,103555,103664,0.9989485260070998
4,2026-01-31 23:02:14,108593.68825818265,3330.0002540588375,103289,104313,0.9901833903732037
4,2026-01-31 23:02:14,108593.68825818265,3332.0002544403073,104000,105135,0.9892043563037999
4,2026-01-31 23:02:14,108593.68825818265,3334.000254821777,104841,105672,0.9921360436066319
4,2026-01-31 23:02:14,108593.68825818265,3336.000255203247,105920,106404,0.9954512988233525
4,2026-01-31 23:02:14,108593.68825818265,3338.000255584717,106741,107660,0.9914638677317481
4,2026-01-31 23:02:14,108593.68825818265,3340.000255966186,107323,108481,0.9893253196412275
4,2026-01-31 23:02:14,108593.68825818265,3342.000256347656,108216,109621,0.9871831127247517
4,2026-01-31 23:02:14,108593.68825818265,3344.000256729126,108899,110225,0.987970061238376
4,2026-01-31 23:02:14,108593.68825818265,3346.0002571105956,109973,110334,0.9967281164464263
4,2026-01-31 23:02:14,108593.68825818265,3348.0002574920654,110576,110813,0.9978612617653163
4,2026-01-31 23:02:14,108593.68825818265,3350.000257873535,111568,112459,0.992077112547684
4,2026-01-31 23:02:14,108593.68825818265,3352.0002582550046,111872,113221,0.9880852492028864
4,2026-01-31 23:02:14,108593.68825818265,3354.0002586364744,112402,113224,0.9927400551119904
4,2026-01-31 23:02:14,108593.68825818265,3356.0002590179442,113615,113826,0.9981462934654648
4,2026-01-31 23:02:14,108593.68825818265,3358.000259399414,113641,115208,0.9863985139920839
4,2026-01-31 23:02:14,108593.68825818265,3360.0002597808834,114323,116158,0.9842025516968267
4,2026-01-31 23:02:14,108593.68825818265,3362.0002601623532,114634,115794,0.9899822097863448
4,2026-01-31 23:02:14,108593.68825818265,3364.000260543823,115754,115756,0.9999827222778949
4,2026-01-31 23:02:14,108593.68825818265,3366.000260925293,116071,117148,0.9908065011779971
4,2026-01-31 23:02:14,108593.68825818265,3368.0002613067627,116299,116705,0.9965211430529969
4,2026-01-31 23:02:14,108593.68825818265,3370.000261688232,116188,117056,0.9925847457627118
4,2026-01-31 23:02:14,108593.68825818265,3372.000262069702,116977,117236,0.9977907809887748
4,2026-01-31 23:02:14,108593.68825818265,3374.0002624511717,115830,116069,0.9979408799937968
4,2026-01-31 23:02:14,108593.68825818265,3376.0002628326415,115895,116832,0.9919799370035607
4,2026-01-31 23:02:14,108593.68825818265,3378.0002632141113,115638,115887,0.9978513551994616
4,2026-01-31 23:02:14,108593.68825818265,3380.0002635955807,114519,115945,0.9877010651602053
4,2026-01-31 23:02:14,108593.68825818265,3382.0002639770505,113763,114790,0.9910532276330691
4,2026-01-31 23:02:14,108593.68825818265,3384.0002643585203,113620,113785,0.9985498967350706
4,2026-01-31 23:02:14,108593.68825818265,3386.00026473999,112562,112480,1.0007290184921764
4,2026-01-31 23:02:14,108593.68825818265,3388.00026512146,111993,111336,1.0059010562621256
4,2026-01-31 23:02:14,108593.68825818265,3390.0002655029293,110655,110441,1.0019376861853841
4,2026-01-31 23:02:14,108593.68825818265,3392.000265884399,108398,108909,0.9953080094390729
4,2026-01-31 23:02:14,108593.68825818265,3394.000266265869,107237,107976,0.9931558864932948
4,2026-01-31 23:02:14,108593.68825818265,3396.000266647339,106499,106632,0.998752719633881
4,2026-01-31 23:02:14,108593.68825818265,3398.0002670288086,105396,104817,1.0055239131056986
4,2026-01-31 23:02:14,108593.68825818265,3400.000267410278,104455,103682,1.0074554888987481
4,2026-01-31 23:02:14,108593.68825818265,3402.000267791748,103637,102790,1.0082401011771573
4,2026-01-31 23:02:14,108593.68825818265,3404.0002681732176,102527,102111,1.0040739979042415
4,2026-01-31 23:02:14,108593.68825818265,3406.0002685546874,101970,102100,0.9987267384916748
4,2026-01-31 23:02:14,108593.68825818265,3408.000268936157,101013,101267,0.9974917791580673
4,2026-01-31 23:02:14,108593.68825818265,3410.0002693176266,100333,100775,0.9956139915653685
4,2026-01-31 23:02:14,108593.68825818265,3412.0002696990964,99991,100909,0.990902694506932
4,2026-01-31 23:02:14,108593.68825818265,3414.000270080566,99848,100841,0.9901528148273024
4,2026-01-31 23:02:14,108593.68825818265,3416.000270462036,99293,100566,0.9873416462820437
4,2026-01-31 23:02:14,108593.68825818265,3418.000270843506,99717,100706,0.9901793339026473
4,2026-01-31 23:02:14,108593.68825818265,3420.000271224975,100494,100357,1.0013651264984007
4,2026-01-31 23:02:14,108593.68825818265,3422.000271606445,100926,101571,0.9936497622352837
4,2026-01-31 23:02:14,108593.68825818265,3424.000271987915,101487,102619,0.9889689043939232
4,2026-01-31 23:02:14,108593.68825818265,3426.0002723693847,102312,102372,0.9994139022388935
4,2026-01-31 23:02:14,108593.68825818265,3428.0002727508545,102803,103737,0.9909964622073127
4,2026-01-31 23:02:14,108593.68825818265,3430.000273132324,103762,105009,0.988124827395747
4,2026-01-31 23:02:14,108593.68825818265,3432.0002735137937,104749,105688,0.9911153584134433
4,2026-01-31 23:02:14,108593.68825818265,3434.0002738952635,106244,106511,0.9974932166630677
4,2026-01-31 23:02:14,108593.68825818265,3436.0002742767333,106869,107994,0.9895827545974777
4,2026-01-31 23:02:14,108593.68825818265,3438.000274658203,107643,108437,0.9926777760358549
4,2026-01-31 23:02:14,108593.68825818265,3440.0002750396725,108424,109722,0.9881701026229927
4,2026-01-31 23:02:14,108593.68825818265,3442.0002754211423,110032,110867,0.9924684531916621
4,2026-01-31 23:02:14,108593.68825818265,3444.000275802612,110767,111210,0.9960165452747055
4,2026-01-31 23:02:14,108593.68825818265,3446.000276184082,111134,111679,0.9951199419765578
4,2026-01-31 23:02:14,108593.68825818265,3448.0002765655518,111296,112326,0.9908302619162082
4,2026-01-31 23:02:14,108593.68825818265,3450.000276947021,111739,112344,0.994614754682048
4,2026-01-31 23:02:14,108593.68825818265,3452.000277328491,112423,113081,0.9941811621757854
4,2026-01-31 23:02:14,108593.68825818265,3454.0002777099608,112761,112893,0.9988307512423268
4,2026-01-31 23:02:14,108593.68825818265,3456.0002780914306,113088,113421,0.9970640357605735
4,2026-01-31 23:02:14,108593.68825818265,3458.0002784729004,112729,113445,0.9936885715544977
4,2026-01-31 23:02:14,108593.68825818265,3460.0002788543698,112405,113728,0.9883669808666291
4,2026-01-31 23:02:14,108593.68825818265,3462.0002792358396,113353,113505,0.9986608519448482
4,2026-01-31 23:02:14,108593.68825818265,3464.0002796173094,112591,113799,0.9893847924849954
4,2026-01-31 23:02:14,108593.68825818265,3466.000279998779,113078,112791,1.0025445292620865
4,2026-01-31 23:02:14,108593.68825818265,3468.000280380249,112404,113118,0.9936880072137061
4,2026-01-31 23:02:14,108593.68825818265,3470.0002807617184,112528,112994,0.9958758872152503
4,2026-01-31 23:02:14,108593.68825818265,3472.000281143188,112305,112140,1.0014713750668807
4,2026-01-31 23:02:14,108593.68825818265,3474.000281524658,110994,112007,0.9909559223977072
4,2026-01-31 23:02:14,108593.68825818265,3476.000281906128,110978,111964,0.9911935979421957
4,2026-01-31 23:02:14,108593.68825818265,3478.0002822875977,111230,111192,1.0003417512051227
4,2026-01-31 23:02:14,108593.68825818265,3480.000282669067,110116,110044,1.000654283741049
4,2026-01-31 23:02:14,108593.68825818265,3482.000283050537,109356,109572,0.9980286934618333
4,2026-01-31 23:02:14,108593.68825818265,3484.0002834320067,108700,108760,0.9994483265906583
4,2026-01-31 23:02:14,108593.68825818265,3486.0002838134765,107776,108601,0.9924033848675426
4,2026-01-31 23:02:14,108593.68825818265,3488.0002841949463,106789,107042,0.99763644177052
4,2026-01-31 23:02:14,108593.68825818265,3490.0002845764157,105697,105893,0.9981490750096795
4,2026-01-31 23:02:14,108593.68825818265,3492.0002849578855,104873,104236,1.0061111324302545
4,2026-01-31 23:02:14,108593.68825818265,3494.0002853393553,103848,103194,1.0063375777661492
4,2026-01-31 23:02:14,108593.68825818265,3496.000285720825,102212,102208,1.0000391358797747
4,2026-01-31 23:02:14,108593.68825818265,3498.000286102295,101397,101304,1.0009180289031034
4,2026-01-31 23:02:14,108593.68825818265,3500.0002864837643,100060,100098,0.9996203720354053
5,2026-01-31 23:34:09,103396.577706569,2000.0000003814696,101917,102177,0.9974553960284605
5,2026-01-31 23:34:09,103396.577706569,2002.0000007629394,101021,101627,0.9940370177216684
5,2026-01-31 23:34:09,103396.577706569,2004.000001144409,100199,100552,0.9964893786299626
5,2026-01-31 23:34:09,103396.577706569,2006.0000015258788,100179,100942,0.9924412038596422
5,2026-01-31 23:34:09,103396.577706569,2008.0000019073484,99971,100631,0.9934413848615238
5,2026-01-31 23:34:09,103396.577706569,2010.0000022888182,99761,100754,0.9901443118883617
5,2026-01-31 23:34:09,103396.577706569,2012.000002670288,99631,100626,0.9901118995090732
5,2026-01-31 23:34:09,103396.577706569,2014.0000030517576,100167,100658,0.9951220966043435
5,2026-01-31 23:34:09,103396.577706569,2016.0000034332274,100578,101186,0.9939912636135434
5,2026-01-31 23:34:09,103396.577706569,2018.000003814697,100963,101978,0.9900468728549295
5,2026-01-31 23:34:09,103396.577706569,2020.0000041961669,101156,101933,0.9923773459036819
5,2026-01-31 23:34:09,103396.577706569,2022.0000045776367,101586,102762,0.9885560810416302
5,2026-01-31 23:34:09,103396.577706569,2024.0000049591063,101764,102959,0.9883934381647064
5,2026-01-31 23:34:09,103396.577706569,2026.000005340576,103577,104574,0.990466081435156
5,2026-01-31 23:34:09,103396.577706569,2028.0000057220457,104454,105253,0.9924087674460585
5,2026-01-31 23:34:09,103396.577706569,2030.0000061035155,105991,106341,0.9967087012535146
5,2026-01-31 23:34:09,103396.577706569,2032.0000064849853,106689,108324,0.9849063919353052
5,2026-01-31 23:34:09,103396.577706569,2034.000006866455,108343,109922,0.9856352686450393
5,2026-01-31 23:34:09,103396.577706569,2036.0000072479247,110324,112046,0.9846313121396569
5,2026-01-31 23:34:09,103396.577706569,2038.0000076293943,111599,113352,0.9845349001340956
5,2026-01-31 23:34:09,103396.577706569,2040.0000080108641,112910,115059,0.9813226257832938
5,2026-01-31 23:34:09,103396.577706569,2042.000008392334,114830,116132,0.9887886198463817
5,2026-01-31 23:34:09,103396.577706569,2044.0000087738035,116249,117232,0.9916149174286885
5,2026-01-31 23:34:09,103396.577706569,2046.0000091552733,117036,118493,0.9877039149991983
5,2026-01-31 23:34:09,103396.577706569,2048.000009536743,118402,119668,0.9894207306882374
5,2026-01-31 23:34:09,103396.577706569,2050.0000099182125,118616,119832,0.9898524601108218
5,2026-01-31 23:34:09,103396.577706569,2052.0000102996823,118941,119267,0.9972666370412604
5,2026-01-31 23:34:09,103396.577706569,2054.000010681152,119272,119999,0.9939416161801349
5,2026-01-31 23:34:09,103396.577706569,2056.000011062622,118349,118672,0.9972782122151813
5,2026-01-31 23:34:09,103396.577706569,2058.000011444092,118390,118289,1.0008538410164936
5,2026-01-31 23:34:09,103396.577706569,2060.000011825561,117852,118629,0.9934501681713578
5,2026-01-31 23:34:09,103396.577706569,2062.000012207031,118033,117802,1.0019609174716897
5,2026-01-31 23:34:09,103396.577706569,2064.000012588501,116895,117228,0.9971593817176784
5,2026-01-31 23:34:09,103396.577706569,2066.0000129699706,117035,116497,1.0046181446732534
5,2026-01-31 23:34:09,103396.577706569,2068.0000133514404,115908,115743,1.0014255721728311
5,2026-01-31 23:34:09,103396.577706569,2070.00001373291,114982,114471,1.0044640127193787
5,2026-01-31 23:34:09,103396.577706569,2072.0000141143796,114282,113915,1.003221700390642
5,2026-01-31 23:34:09,103396.577706569,2074.0000144958494,113241,112969,1.0024077401765086
5,2026-01-31 23:34:09,103396.577706569,2076.0000148773192,111720,111618,1.0009138311025103
5,2026-01-31 23:34:09,103396.577706569,2078.000015258789,109958,109876,1.0007462958243838
5,2026-01-31 23:34:09,103396.577706569,2080.0000156402584,108786,108178,1.005620366433101
5,2026-01-31 23:34:09,103396.577706569,2082.0000160217282,106447,107156,0.9933834782933294
5,2026-01-31 23:34:09,103396.577706569,2084.000016403198,105325,104714,1.0058349408866054
5,2026-01-31 23:34:09,103396.577706569,2086.000016784668,103240,103574,0.9967752524764902
5,2026-01-31 23:34:09,103396.577706569,2088.0000171661377,101924,101784,1.001375461762163
5,2026-01-31 23:34:09,103396.577706569,2090.000017547607,101064,100209,1.008532167769362
5,2026-01-31 23:34:09,103396.577706569,2092.000017929077,99237,99179,1.0005848012179999
5,2026-01-31 23:34:09,103396.577706569,2094.0000183105467,98599,98815,0.997814097050043
5,2026-01-31 23:34:09,103396.577706569,2096.0000186920165,98058,98512,0.9953914243949976
5,2026-01-31 23:34:09,103396.577706569,2098.0000190734863,98231,98590,0.996358657064611
5,2026-01-31 23:34:09,103396.577706569,2100.0000194549557,99204,99279,0.9992445532287795
5,2026-01-31 23:34:09,103396.577706569,2102.0000198364255,99298,100413,0.9888958600977961
5,2026-01-31 23:34:09,103396.577706569,2104.0000202178953,100294,102391,0.9795196843472571
5,2026-01-31 23:34:09,103396.577706569,2106.000020599365,101723,102676,0.9907183762515096
5,2026-01-31 23:34:09,103396.577706569,2108.000020980835,103124,103734,0.9941195750669983
5,2026-01-31 23:34:09,103396.577706569,2110.0000213623043,104450,105093,0.9938816096219539
5,2026-01-31 23:34:09,103396.577706569,2112.000021743774,105456,106315,0.9919202370314631
5,2026-01-31 23:34:09,103396.577706569,2114.000022125244,106783,107304,0.9951446358010885
5,2026-01-31 23:34:09,103396.577706569,2116.000022506714,106781,107417,0.9940791494828566
5,2026-01-31 23:34:09,103396.577706569,2118.0000228881836,107495,108867,0.9873974666335988
5,2026-01-31 23:34:09,103396.577706569,2120.000023269653,108484,109217,0.9932885906040269
5,2026-01-31 23:34:09,103396.577706569,2122.000023651123,108685,109416,0.9933190758207209
5,2026-01-31 23:34:09,103396.577706569,2124.0000240325926,109282,110432,0.9895863517820922
5,2026-01-31 23:34:09,103396.577706569,2126.0000244140624,109874,110455,0.9947399393418134
5,2026-01-31 23:34:09,103396.577706569,2128.000024795532,110930,110609,1.002902114656131
5,2026-01-31 23:34:09,103396.577706569,2130.0000251770016,110900,111976,0.9903907980281489
5,2026-01-31 23:34:09,103396.577706569,2132.0000255584714,111379,112189,0.9927800408239666
5,2026-01-31 23:34:09,103396.577706569,2134.000025939941,112364,112854,0.9956581069346235
5,2026-01-31 23:34:09,103396.577706569,2136.000026321411,112995,114141,0.9899597865797566
5,2026-01-31 23:34:09,103396.577706569,2138.000026702881,113787,114388,0.9947459523726265
5,2026-01-31 23:34:09,103396.577706569,2140.00002708435,114540,115392,0.992616472545757
5,2026-01-31 23:34:09,103396.577706569,2142.00002746582,114700,115764,0.9908088870460592
5,2026-01-31 23:34:09,103396.577706569,2144.00002784729,115109,116044,0.9919427113853366
5,2026-01-31 23:34:09,103396.577706569,2146.0000282287597,115434,116201,0.9933993683359007
5,2026-01-31 23:34:09,103396.577706569,2148.0000286102295,115917,116266,0.9969982626047168
5,2026-01-31 23:34:09,103396.577706569,2150.000028991699,115606,117059,0.9875874558983077
5,2026-01-31 23:34:09,103396.577706569,2152.0000293731687,115310,115799,0.9957771656059206
5,2026-01-31 23:34:09,103396.577706569,2154.0000297546385,115265,115581,0.9972659866240992
5,2026-01-31 23:34:09,103396.577706569,2156.0000301361083,114855,115597,0.9935811482996963
5,2026-01-31 23:34:09,103396.577706569,2158.000030517578,114967,114474,1.0043066547862396
5,2026-01-31 23:34:09,103396.577706569,2160.0000308990475,113833,115120,0.988820361362057
5,2026-01-31 23:34:09,103396.577706569,2162.0000312805173,113612,114274,0.9942069062078863
5,2026-01-31 23:34:09,103396.577706569,2164.000031661987,113385,113784,0.996493355832103
5,2026-01-31 23:34:09,103396.577706569,2166.000032043457,113112,113144,0.9997171745739942
5,2026-01-31 23:34:09,103396.577706569,2168.0000324249268,112469,113305,0.992621684832973
5,2026-01-31 23:34:09,103396.577706569,2170.000032806396,111895,112041,0.9986969055970583
5,2026-01-31 23:34:09,103396.577706569,2172.000033187866,110682,110620,1.000560477309709
5,2026-01-31 23:34:09,103396.577706569,2174.0000335693358,109943,109818,1.0011382469176273
5,2026-01-31 23:34:09,103396.577706569,2176.0000339508056,108929,108380,1.005065510241742
5,2026-01-31 23:34:09,103396.577706569,2178.0000343322754,107465,107464,1.0000093054418224
5,2026-01-31 23:34:09,103396.577706569,2180.0000347137448,106305,106388,0.999219836823702
5,2026-01-31 23:34:09,103396.577706569,2182.0000350952146,104430,104527,0.9990720101026529
5,2026-01-31 23:34:09,103396.577706569,2184.0000354766844,102888,102560,1.003198127925117
5,2026-01-31 23:34:09,103396.577706569,2186.000035858154,101877,102463,0.9942808623600714
5,2026-01-31 23:34:09,103396.577706569,2188.000036239624,101385,100987,1.0039411013298742
5,2026-01-31 23:34:09,103396.577706569,2190.0000366210934,99727,100133,0.995945392627805
5,2026-01-31 23:34:09,103396.577706569,2192.000037002563,100046,100237,0.9980945159970869
5,2026-01-31 23:34:09,103396.577706569,2194.000037384033,99961,100076,0.9988508733362644
5,2026-01-31 23:34:09,103396.577706569,2196.000037765503,99690,100349,0.993432919112298
5,2026-01-31 23:34:09,103396.577706569,2198.0000381469727,100249,100894,0.9936071520605785
5,2026-01-31 23:34:09,103396.577706569,2200.000038528442,100441,102190,0.9828848223896663
5,2026-01-31 23:34:09,103396.577706569,2202.000038909912,101654,103460,0.9825439783491204
5,2026-01-31 23:34:09,103396.577706569,2204.0000392913817,103808,104256,0.9957028852056476
5,2026-01-31 23:34:09,103396.577706569,2206.0000396728515,105216,106423,0.9886584666848331
5,2026-01-31 23:34:09,103396.577706569,2208.0000400543213,106199,107773,0.9853952288606609
5,2026-01-31 23:34:09,103396.577706569,2210.0000404357907,107854,109175,0.9879001602931073
5,2026-01-31 23:34:09,103396.577706569,2212.0000408172605,109520,110513,0.991014631762779
5,2026-01-31 23:34:09,103396.577706569,2214.0000411987303,109891,111211,0.988130670527196
5,2026-01-31 23:34:09,103396.577706569,2216.0000415802,111697,113013,0.9883553219541115
5,2026-01-31 23:34:09,103396.577706569,2218.00004196167,112271,113778,0.986754908681819
5,2026-01-31 23:34:09,103396.577706569,2220.0000423431393,113643,114434,0.9930877186850062
5,2026-01-31 23:34:09,103396.577706569,2222.000042724609,114625,115462,0.9927508617553827
5,2026-01-31 23:34:09,103396.577706569,2224.000043106079,115594,116196,0.9948190987641571
5,2026-01-31 23:34:09,103396.577706569,2226.0000434875487,115426,116810,0.9881516993408098
5,2026-01-31 23:34:09,103396.577706569,2228.0000438690186,115519,117361,0.9843048372116802
5,2026-01-31 23:34:09,103396.577706569,2230.000044250488,116875,117023,0.9987352913529819
5,2026-01-31 23:34:09,103396.577706569,2232.0000446319577,116988,117602,0.9947790003571367
5,2026-01-31 23:34:09,103396.577706569,2234.0000450134276,116920,118138,0.9896900235318018
5,2026-01-31 23:34:09,103396.577706569,2236.0000453948974,117746,117582,1.0013947713085336
5,2026-01-31 23:34:09,103396.577706569,2238.000045776367,117856,117975,0.9989913117185845
5,2026-01-31 23:34:09,103396.577706569,2240.0000461578366,117210,117685,0.9959638016739601
5,2026-01-31 23:34:09,103396.577706569,2242.0000465393064,116883,117502,0.9947320045616245
5,2026-01-31 23:34:09,103396.577706569,2244.000046920776,116486,116770,0.9975678684593645
5,2026-01-31 23:34:09,103396.577706569,2246.000047302246,115181,116201,0.9912221065223191
5,2026-01-31 23:34:09,103396.577706569,2248.000047683716,115927,115477,1.0038968798981616
5,2026-01-31 23:34:09,103396.577706569,2250.000048065185,113985,114731,0.993497834064028
5,2026-01-31 23:34:09,103396.577706569,2252.000048446655,113359,113314,1.00039712656865
5,2026-01-31 23:34:09,103396.577706569,2254.000048828125,112878,112846,1.0002835723020753
5,2026-01-31 23:34:09,103396.577706569,2256.0000492095946,111880,112261,0.9966061232306856
5,2026-01-31 23:34:09,103396.577706569,2258.0000495910645,111199,111610,0.9963175342711227
5,2026-01-31 23:34:09,103396.577706569,2260.000049972534,109899,110192,0.9973410047916365
5,2026-01-31 23:34:09,103396.577706569,2262.0000503540036,109668,110270,0.9945406728938061
5,2026-01-31 23:34:09,103396.577706569,2264.0000507354735,108499,108837,0.9968944384722107
5,2026-01-31 23:34:09,103396.577706569,2266.0000511169433,108273,109132,0.9921287981526958
5,2026-01-31 23:34:09,103396.577706569,2268.000051498413,108391,108194,1.001820803371721
5,2026-01-31 23:34:09,103396.577706569,2270.0000518798824,108004,107569,1.0040439159981036
5,2026-01-31 23:34:09,103396.577706569,2272.0000522613523,107532,106800,1.0068539325842696
5,2026-01-31 23:34:09,103396.577706569,2274.000052642822,107036,107998,0.9910924276375488
5,2026-01-31 23:34:09,103396.577706569,2276.000053024292,106126,107207,0.9899167032003507
5,2026-01-31 23:34:09,103396.577706569,2278.0000534057617,106097,106145,0.9995477884026568
5,2026-01-31 23:34:09,103396.577706569,2280.000053787231,105310,106347,0.9902489021787169
5,2026-01-31 23:34:09,103396.577706569,2282.000054168701,105040,105638,0.9943391582574452
5,2026-01-31 23:34:09,103396.577706569,2284.0000545501707,104118,105926,0.9829314804674961
5,2026-01-31 23:34:09,103396.577706569,2286.0000549316405,103656,106039,0.9775271362423259
5,2026-01-31 23:34:09,103396.577706569,2288.0000553131104,103267,104790,0.9854661704361103
5,2026-01-31 23:34:09,103396.577706569,2290.0000556945797,103262,104742,0.9858700425808177
5,2026-01-31 23:34:09,103396.577706569,2292.0000560760495,103071,104472,0.9865897082471858
5,2026-01-31 23:34:09,103396.577706569,2294.0000564575193,101857,104349,0.9761186019990609
5,2026-01-31 23:34:09,103396.577706569,2296.000056838989,102335,104522,0.9790761753506438
5,2026-01-31 23:34:09,103396.577706569,2298.000057220459,101749,105381,0.9655345840331748
5,2026-01-31 23:34:09,103396.577706569,2300.0000576019283,99971,105859,0.944378843556051
5,2026-01-31 23:34:09,103396.577706569,2302.000057983398,98776,106453,0.9278836669704
5,2026-01-31 23:34:09,103396.577706569,2304.000058364868,97694,106963,0.9133438665706833
5,2026-01-31 23:34:09,103396.577706569,2306.000058746338,96233,107620,0.8941925292696525
5,2026-01-31 23:34:09,103396.577706569,2308.0000591278076,97267,109143,0.8911886240986595
5,2026-01-31 23:34:09,103396.577706569,2310.000059509277,98858,109469,0.9030684486018873
5,2026-01-31 23:34:09,103396.577706569,2312.000059890747,101370,110897,0.9140914542323056
5,2026-01-31 23:34:09,103396.577706569,2314.0000602722166,104686,112451,0.9309477016656144
5,2026-01-31 23:34:09,103396.577706569,2316.0000606536864,107237,113382,0.9458026847294985
5,2026-01-31 23:34:09,103396.577706569,2318.0000610351562,109824,114491,0.9592369705915749
5,2026-01-31 23:34:09,103396.577706569,2320.0000614166256,111820,115459,0.968482318398739
5,2026-01-31 23:34:09,103396.577706569,2322.0000617980954,113149,116563,0.9707111175930613
5,2026-01-31 23:34:09,103396.577706569,2324.0000621795652,114505,117546,0.9741292770489851
5,2026-01-31 23:34:09,103396.577706569,2326.000062561035,115726,117907,0.981502370512353
5,2026-01-31 23:34:09,103396.577706569,2328.000062942505,117310,118229,0.9922269493948185
5,2026-01-31 23:34:09,103396.577706569,2330.0000633239742,117674,119471,0.9849586929045543
5,2026-01-31 23:34:09,103396.577706569,2332.000063705444,117698,120337,0.9780699203071375
5,2026-01-31 23:34:09,103396.577706569,2334.000064086914,119396,120522,0.9906573073795656
5,2026-01-31 23:34:09,103396.577706569,2336.0000644683837,118786,119953,0.9902711895492401
5,2026-01-31 23:34:09,103396.577706569,2338.0000648498535,119342,120067,0.9939617047148676
5,2026-01-31 23:34:09,103396.577706569,2340.000065231323,118719,119907,0.9900923215492007
5,2026-01-31 23:34:09,103396.577706569,2342.0000656127927,119372,119557,0.9984526209255836
5,2026-01-31 23:34:09,103396.577706569,2344.0000659942625,118502,118538,0.9996962999207005
5,2026-01-31 23:34:09,103396.577706569,2346.0000663757323,117226,118059,0.9929442058631701
5,2026-01-31 23:34:09,103396.577706569,2348.000066757202,116665,116314,1.0030176934848771
5,2026-01-31 23:34:09,103396.577706569,2350.0000671386715,115852,114905,1.0082415908794222
5,2026-01-31 23:34:09,103396.577706569,2352.0000675201413,114435,114125,1.0027163198247535
5,2026-01-31 23:34:09,103396.577706569,2354.000067901611,113386,113096,1.0025641932517508
5,2026-01-31 23:34:09,103396.577706569,2356.000068283081,111932,111649,1.0025347293750952
5,2026-01-31 23:34:09,103396.577706569,2358.000068664551,110267,110092,1.0015895796243142
5,2026-01-31 23:34:09,103396.577706569,2360.00006904602,108437,108260,1.0016349528911879
5,2026-01-31 23:34:09,103396.577706569,2362.00006942749,106838,107387,0.9948876493430303
5,2026-01-31 23:34:09,103396.577706569,2364.00006980896,105474,105979,0.9952349050283547
5,2026-01-31 23:34:09,103396.577706569,2366.0000701904296,104682,105059,0.9964115401821834
5,2026-01-31 23:34:09,103396.577706569,2368.0000705718994,104303,104088,1.0020655599108446
5,2026-01-31 23:34:09,103396.577706569,2370.000070953369,102650,102744,0.9990851047263101
5,2026-01-31 23:34:09,103396.577706569,2372.0000713348386,102600,102901,0.9970748583590052
5,2026-01-31 23:34:09,103396.577706569,2374.0000717163084,102158,102476,0.9968968343807331
5,2026-01-31 23:34:09,103396.577706569,2376.0000720977782,101793,102624,0.9919024789522919
5,2026-01-31 23:34:09,103396.577706569,2378.000072479248,102238,103159,0.9910720344322842
5,2026-01-31 23:34:09,103396.577706569,2380.0000728607174,102118,102743,0.9939168605160449
5,2026-01-31 23:34:09,103396.577706569,2382.000073242187,102545,103769,0.9882045697655369
5,2026-01-31 23:34:09,103396.577706569,2384.000073623657,102889,104129,0.9880916939565347
5,2026-01-31 23:34:09,103396.577706569,2386.000074005127,103847,105215,0.986998051608611
5,2026-01-31 23:34:09,103396.577706569,2388.0000743865967,105148,106861,0.9839698299660307
5,2026-01-31 23:34:09,103396.577706569,2390.000074768066,106272,107978,0.9842004852840394
5,2026-01-31 23:34:09,103396.577706569,2392.000075149536,106843,108924,0.9808949359186222
5,2026-01-31 23:34:09,103396.577706569,2394.0000755310057,108123,110111,0.9819454913678016
5,2026-01-31 23:34:09,103396.577706569,2396.0000759124755,109812,110311,0.9954764257417664
5,2026-01-31 23:34:09,103396.577706569,2398.0000762939453,110554,111901,0.9879625740610003
5,2026-01-31 23:34:09,103396.577706569,2400.0000766754147,111431,113272,0.9837470866586623
5,2026-01-31 23:34:09,103396.577706569,2402.0000770568845,112528,113468,0.9917157260196707
5,2026-01-31 23:34:09,103396.577706569,2404.0000774383543,113328,114598,0.9889177821602472
5,2026-01-31 23:34:09,103396.577706569,2406.000077819824,114072,115125,0.9908534201954398
5,2026-01-31 23:34:09,103396.577706569,2408.000078201294,114554,114850,0.9974227252938616
5,2026-01-31 23:34:09,103396.577706569,2410.0000785827633,115581,115158,1.0036732141926745
5,2026-01-31 23:34:09,103396.577706569,2412.000078964233,115125,116306,0.9898457517239008
5,2026-01-31 23:34:09,103396.577706569,2414.000079345703,116195,116504,0.997347730550024
5,2026-01-31 23:34:09,103396.577706569,2416.0000797271728,115835,116185,0.9969875629384172
5,2026-01-31 23:34:09,103396.577706569,2418.0000801086426,116053,116586,0.9954282675449883
5,2026-01-31 23:34:09,103396.577706569,2420.000080490112,116073,117019,0.9919158427263949
5,2026-01-31 23:34:09,103396.577706569,2422.0000808715818,115713,116491,0.9933213724665425
5,2026-01-31 23:34:09,103396.577706569,2424.0000812530516,116431,116765,0.9971395538046504
5,2026-01-31 23:34:09,103396.577706569,2426.0000816345214,115985,117089,0.9905712748422141
5,2026-01-31 23:34:09,103396.577706569,2428.000082015991,115768,116374,0.9947926512794955
5,2026-01-31 23:34:09,103396.577706569,2430.0000823974606,116328,115945,1.0033032903531847
5,2026-01-31 23:34:09,103396.577706569,2432.0000827789304,115873,116703,0.9928879291877672
5,2026-01-31 23:34:09,103396.577706569,2434.0000831604,115884,115805,1.0006821812529683
5,2026-01-31 23:34:09,103396.577706569,2436.00008354187,115239,115752,0.9955681111341489
5,2026-01-31 23:34:09,103396.577706569,2438.00008392334,115596,115962,0.9968437936565426
5,2026-01-31 23:34:09,103396.577706569,2440.000084304809,115203,115514,0.9973076856484928
5,2026-01-31 23:34:09,103396.577706569,2442.000084686279,114998,115357,0.9968879218426276
5,2026-01-31 23:34:09,103396.577706569,2444.000085067749,114424,115498,0.9907011376820378
5,2026-01-31 23:34:09,103396.577706569,2446.0000854492187,113678,114284,0.9946974204613069
5,2026-01-31 23:34:09,103396.577706569,2448.0000858306885,114275,114376,0.999116947611387
5,2026-01-31 23:34:09,103396.577706569,2450.000086212158,112994,113192,0.9982507597710085
5,2026-01-31 23:34:09,103396.577706569,2452.0000865936277,112022,113083,0.99061751103172
5,2026-01-31 23:34:09,103396.577706569,2454.0000869750975,111785,111229,1.0049986963831374
5,2026-01-31 23:34:09,103396.577706569,2456.0000873565673,111019,111511,0.9955878792226776
5,2026-01-31 23:34:09,103396.577706569,2458.000087738037,109386,109174,1.0019418542876508
5,2026-01-31 23:34:09,103396.577706569,2460.0000881195065,108771,108394,1.0034780522907172
5,2026-01-31 23:34:09,103396.577706569,2462.0000885009763,108292,107021,1.0118761738350417
5,2026-01-31 23:34:09,103396.577706569,2464.000088882446,106446,107045,0.9944042225232379
5,2026-01-31 23:34:09,103396.577706569,2466.000089263916,105250,106283,0.9902806657696903
5,2026-01-31 23:34:09,103396.577706569,2468.0000896453857,104729,104321,1.0039110054543188
5,2026-01-31 23:34:09,103396.577706569,2470.000090026855,103866,104285,0.9959821642613991
5,2026-01-31 23:34:09,103396.577706569,2472.000090408325,103867,103720,1.001417277284998
5,2026-01-31 23:34:09,103396.577706569,2474.0000907897947,102733,103761,0.9900926166864236
5,2026-01-31 23:34:09,103396.577706569,2476.0000911712646,102857,103488,0.9939026747062462
5,2026-01-31 23:34:09,103396.577706569,2478.0000915527344,103003,104628,0.9844687846465573
5,2026-01-31 23:34:09,103396.577706569,2480.0000919342037,103277,103887,0.9941282354866345
5,2026-01-31 23:34:09,103396.577706569,2482.0000923156736,103957,104320,0.9965203220858896
5,2026-01-31 23:34:09,103396.577706569,2484.0000926971434,105025,105233,0.998023433713759
5,2026-01-31 23:34:09,103396.577706569,2486.000093078613,105071,106829,0.9835437942880678
5,2026-01-31 23:34:09,103396.577706569,2488.000093460083,106005,107216,0.9887050440232801
5,2026-01-31 23:34:09,103396.577706569,2490.0000938415524,107337,108304,0.9910714285714286
5,2026-01-31 23:34:09,103396.577706569,2492.000094223022,108318,108845,0.9951582525609812
5,2026-01-31 23:34:09,103396.577706569,2494.000094604492,108589,110609,0.9817374716343155
5,2026-01-31 23:34:09,103396.577706569,2496.000094985962,110271,111403,0.9898386937515148
5,2026-01-31 23:34:09,103396.577706569,2498.0000953674316,112063,113062,0.9911641400293644
5,2026-01-31 23:34:09,103396.577706569,2500.000095748901,112175,113958,0.9843538847645624
5,2026-01-31 23:34:09,103396.577706569,2502.000096130371,114146,115172,0.9910915847601848
5,2026-01-31 23:34:09,103396.577706569,2504.0000965118406,115648,115780,0.9988599067196406
5,2026-01-31 23:34:09,103396.577706569,2506.0000968933105,115711,117365,0.9859072125420696
5,2026-01-31 23:34:09,103396.577706569,2508.0000972747803,116640,117882,0.9894640403114979
5,2026-01-31 23:34:09,103396.577706569,2510.0000976562496,117229,118039,0.9931378612153611
5,2026-01-31 23:34:09,103396.577706569,2512.0000980377195,117611,117876,0.9977518748515389
5,2026-01-31 23:34:09,103396.577706569,2514.0000984191893,118383,118816,0.9963557096687314
5,2026-01-31 23:34:09,103396.577706569,2516.000098800659,118057,118439,0.9967747110326834
5,2026-01-31 23:34:09,103396.577706569,2518.000099182129,118030,118795,0.9935603350309357
5,2026-01-31 23:34:09,103396.577706569,2520.0000995635983,118086,118596,0.9956996863300617
5,2026-01-31 23:34:09,103396.577706569,2522.000099945068,117446,117996,0.9953388250449168
5,2026-01-31 23:34:09,103396.577706569,2524.000100326538,116677,117531,0.9927338319251942
5,2026-01-31 23:34:09,103396.577706569,2526.0001007080077,116607,116511,1.0008239565362926
5,2026-01-31 23:34:09,103396.577706569,2528.0001010894775,115646,115958,0.9973093706341951
5,2026-01-31 23:34:09,103396.577706569,2530.000101470947,114757,115729,0.9916010680123392
5,2026-01-31 23:34:09,103396.577706569,2532.0001018524167,114625,114798,0.9984930051046186
5,2026-01-31 23:34:09,103396.577706569,2534.0001022338865,113827,114372,0.995234847689994
5,2026-01-31 23:34:09,103396.577706569,2536.0001026153564,113177,113333,0.9986235253633099
5,2026-01-31 23:34:09,103396.577706569,2538.000102996826,112584,112503,1.000719980800512
5,2026-01-31 23:34:09,103396.577706569,2540.0001033782955,111811,112733,0.9918213832684307
5,2026-01-31 23:34:09,103396.577706569,2542.0001037597654,110706,111754,0.9906222596059201
5,2026-01-31 23:34:09,103396.577706569,2544.000104141235,110254,111361,0.9900593565072153
5,2026-01-31 23:34:09,103396.577706569,2546.000104522705,110613,110631,0.9998372969601649
5,2026-01-31 23:34:09,103396.577706569,2548.000104904175,109763,110525,0.9931056322099072
5,2026-01-31 23:34:09,103396.577706569,2550.000105285644,108896,109191,0.9972983121319523
5,2026-01-31 23:34:09,103396.577706569,2552.000105667114,108103,108939,0.9923259805946447
5,2026-01-31 23:34:09,103396.577706569,2554.000106048584,107936,109046,0.9898208095666049
5,2026-01-31 23:34:09,103396.577706569,2556.0001064300536,107926,107604,1.002992453812126
5,2026-01-31 23:34:09,103396.577706569,2558.0001068115234,107262,107583,0.9970162572153594
5,2026-01-31 23:34:09,103396.577706569,2560.000107192993,107049,107105,0.9994771485925027
5,2026-01-31 23:34:09,103396.577706569,2562.0001075744626,106565,106926,0.9966238333052766
5,2026-01-31 23:34:09,103396.577706569,2564.0001079559324,106621,107547,0.9913898109663682
5,2026-01-31 23:34:09,103396.577706569,2566.0001083374023,105857,106890,0.9903358592946019
5,2026-01-31 23:34:09,103396.577706569,2568.000108718872,106217,106679,0.9956692507428828
5,2026-01-31 23:34:09,103396.577706569,2570.0001091003414,106707,107010,0.9971684889262685
5,2026-01-31 23:34:09,103396.577706569,2572.0001094818113,106858,107149,0.997284155708406
5,2026-01-31 23:34:09,103396.577706569,2574.000109863281,106573,107467,0.9916811672420371
5,2026-01-31 23:34:09,103396.577706569,2576.000110244751,107063,108005,0.9912781815656683
5,2026-01-31 23:34:09,103396.577706569,2578.0001106262207,106632,107836,0.9888348974368486
5,2026-01-31 23:34:09,103396.577706569,2580.00011100769,106235,106958,0.9932403373286711
5,2026-01-31 23:34:09,103396.577706569,2582.00011138916,106412,108028,0.9850409153182508
5,2026-01-31 23:34:09,103396.577706569,2584.0001117706297,106887,107841,0.991153642863104
5,2026-01-31 23:34:09,103396.577706569,2586.0001121520995,107059,108741,0.9845320532273936
5,2026-01-31 23:34:09,103396.577706569,2588.0001125335693,107121,108530,0.9870174145397586
5,2026-01-31 23:34:09,103396.577706569,2590.0001129150387,107929,109372,0.9868064952638701
5,2026-01-31 23:34:09,103396.577706569,2592.0001132965085,107686,109996,0.9789992363358667
5,2026-01-31 23:34:09,103396.577706569,2594.0001136779783,108480,111160,0.9758906081324218
5,2026-01-31 23:34:09,103396.577706569,2596.000114059448,107735,111759,0.9639939512701438
5,2026-01-31 23:34:09,103396.577706569,2598.000114440918,107394,112330,0.9560580432653788
5,2026-01-31 23:34:09,103396.577706569,2600.0001148223873,107325,113816,0.9429693540451255
5,2026-01-31 23:34:09,103396.577706569,2602.000115203857,107214,114870,0.9333507443196657
5,2026-01-31 23:34:09,103396.577706569,2604.000115585327,105423,115151,0.9155196220614671
5,2026-01-31 23:34:09,103396.577706569,2606.000115966797,104630,115915,0.9026441789242117
5,2026-01-31 23:34:09,103396.577706569,2608.0001163482666,104753,117471,0.8917349813996646
5,2026-01-31 23:34:09,103396.577706569,2610.000116729736,106656,117366,0.9087469965748173
5,2026-01-31 23:34:09,103396.577706569,2612.000117111206,108693,118483,0.9173721124549513
5,2026-01-31 23:34:09,103396.577706569,2614.0001174926756,111678,118593,0.9416913308542663
5,2026-01-31 23:34:09,103396.577706569,2616.0001178741454,112944,119154,0.9478825721335414
5,2026-01-31 23:34:09,103396.577706569,2618.0001182556152,114798,119067,0.9641462369926176
5,2026-01-31 23:34:09,103396.577706569,2620.0001186370846,116303,118765,0.979269986949017
5,2026-01-31 23:34:09,103396.577706569,2622.0001190185544,116739,119068,0.98043974871502
5,2026-01-31 23:34:09,103396.577706569,2624.0001194000242,116509,119317,0.9764660526161402
5,2026-01-31 23:34:09,103396.577706569,2626.000119781494,116418,118345,0.9837170983142507
5,2026-01-31 23:34:09,103396.577706569,2628.000120162964,116051,117216,0.9900610838110838
5,2026-01-31 23:34:09,103396.577706569,2630.0001205444332,115737,116237,0.9956984436969295
5,2026-01-31 23:34:09,103396.577706569,2632.000120925903,114434,116216,0.9846664831004337
5,2026-01-31 23:34:09,103396.577706569,2634.000121307373,114274,115079,0.993004805394555
5,2026-01-31 23:34:09,103396.577706569,2636.0001216888427,113298,114468,0.9897788028095188
5,2026-01-31 23:34:09,103396.577706569,2638.0001220703125,111963,112897,0.991726972373048
5,2026-01-31 23:34:09,103396.577706569,2640.000122451782,111298,111892,0.9946913094769957
5,2026-01-31 23:34:09,103396.577706569,2642.0001228332517,110193,110693,0.9954830025385526
5,2026-01-31 23:34:09,103396.577706569,2644.0001232147215,108612,109014,0.9963124002421707
5,2026-01-31 23:34:09,103396.577706569,2646.0001235961913,107648,108089,0.9959200288651019
5,2026-01-31 23:34:09,103396.577706569,2648.000123977661,105965,106545,0.9945562907691585
5,2026-01-31 23:34:09,103396.577706569,2650.0001243591305,104972,105194,0.9978896134760538
5,2026-01-31 23:34:09,103396.577706569,2652.0001247406003,104802,104493,1.0029571358847005
5,2026-01-31 23:34:09,103396.577706569,2654.00012512207,103880,104285,0.9961164117562449
5,2026-01-31 23:34:09,103396.577706569,2656.00012550354,103200,103471,0.9973809086603976
5,2026-01-31 23:34:09,103396.577706569,2658.0001258850098,103282,103241,1.0003971290475684
5,2026-01-31 23:34:09,103396.577706569,2660.000126266479,102235,103398,0.9887522002359813
5,2026-01-31 23:34:09,103396.577706569,2662.000126647949,102718,103231,0.9950305625248229
5,2026-01-31 23:34:09,103396.577706569,2664.0001270294188,103135,104292,0.9889061481225789
5,2026-01-31 23:34:09,103396.577706569,2666.0001274108886,103875,104875,0.9904648390941597
5,2026-01-31 23:34:09,103396.577706569,2668.0001277923584,103754,105587,0.9826399083220472
5,2026-01-31 23:34:09,103396.577706569,2670.0001281738278,104757,105828,0.9898798049665495
5,2026-01-31 23:34:09,103396.577706569,2672.0001285552976,105759,106368,0.9942745938628159
5,2026-01-31 23:34:09,103396.577706569,2674.0001289367674,107860,108196,0.9968945247513771
5,2026-01-31 23:34:09,103396.577706569,2676.000129318237,108157,109094,0.9914110766861606
5,2026-01-31 23:34:09,103396.577706569,2678.000129699707,108794,109801,0.9908288631251082
5,2026-01-31 23:34:09,103396.577706569,2680.0001300811764,109364,110298,0.9915320314058278
5,2026-01-31 23:34:09,103396.577706569,2682.000130462646,109917,111059,0.98971717735618
5,2026-01-31 23:34:09,103396.577706569,2684.000130844116,110423,112149,0.9846097602296944
5,2026-01-31 23:34:09,103396.577706569,2686.000131225586,111588,112199,0.9945543186659418
5,2026-01-31 23:34:09,103396.577706569,2688.0001316070557,112522,112508,1.0001244355956909
5,2026-01-31 23:34:09,103396.577706569,2690.000131988525,112662,113601,0.9917342276916576
5,2026-01-31 23:34:09,103396.577706569,2692.000132369995,113428,114364,0.9918156063096779
5,2026-01-31 23:34:09,103396.577706569,2694.0001327514647,113461,114404,0.9917572812139436
5,2026-01-31 23:34:09,103396.577706569,2696.0001331329345,114018,115083,0.9907458095461537
5,2026-01-31 23:34:09,103396.577706569,2698.0001335144043,115151,115335,0.998404647331686
5,2026-01-31 23:34:09,103396.577706569,2700.0001338958737,115045,115318,0.9976326332402574
5,2026-01-31 23:34:09,103396.577706569,2702.0001342773435,115329,116289,0.9917447050021928
5,2026-01-31 23:34:09,103396.577706569,2704.0001346588133,116340,116294,1.0003955492114813
5,2026-01-31 23:34:09,103396.577706569,2706.000135040283,115308,115823,0.9955535601737133
5,2026-01-31 23:34:09,103396.577706569,2708.000135421753,115394,116461,0.9908381346545195
5,2026-01-31 23:34:09,103396.577706569,2710.0001358032223,116374,116404,0.9997422768977011
5,2026-01-31 23:34:09,103396.577706569,2712.000136184692,115861,116581,0.9938240365068064
5,2026-01-31 23:34:09,103396.577706569,2714.000136566162,115892,116358,0.995995118513553
5,2026-01-31 23:34:09,103396.577706569,2716.0001369476317,115520,116322,0.993105345506439
5,2026-01-31 23:34:09,103396.577706569,2718.0001373291016,115076,115832,0.993473306167553
5,2026-01-31 23:34:09,103396.577706569,2720.000137710571,115556,115814,0.9977722900512891
5,2026-01-31 23:34:09,103396.577706569,2722.0001380920407,115260,115401,0.998778173499363
5,2026-01-31 23:34:09,103396.577706569,2724.0001384735106,113810,114740,0.9918947184939864
5,2026-01-31 23:34:09,103396.577706569,2726.0001388549804,113956,114583,0.9945279840814082
5,2026-01-31 23:34:09,103396.577706569,2728.00013923645,112979,114087,0.9902881134572739
5,2026-01-31 23:34:09,103396.577706569,2730.0001396179196,112700,112907,0.9981666327154206
5,2026-01-31 23:34:09,103396.577706569,2732.0001399993894,112821,112292,1.0047109322124461
5,2026-01-31 23:34:09,103396.577706569,2734.000140380859,111965,111240,1.0065174397698669
5,2026-01-31 23:34:09,103396.577706569,2736.000140762329,111239,110937,1.0027222657904937
5,2026-01-31 23:34:09,103396.577706569,2738.000141143799,109825,110169,0.996877524530494
5,2026-01-31 23:34:09,103396.577706569,2740.000141525268,108121,108869,0.9931293573009764
5,2026-01-31 23:34:09,103396.577706569,2742.000141906738,108458,107942,1.0047803450000927
5,2026-01-31 23:34:09,103396.577706569,2744.000142288208,106811,106493,1.0029861117632144
5,2026-01-31 23:34:09,103396.577706569,2746.0001426696776,105935,105930,1.0000472009817805
5,2026-01-31 23:34:09,103396.577706569,2748.0001430511475,105234,105202,1.0003041767266783
5,2026-01-31 23:34:09,103396.577706569,2750.000143432617,104224,104330,0.998983993098821
5,2026-01-31 23:34:09,103396.577706569,2752.0001438140866,103411,103241,1.0016466326362587
5,2026-01-31 23:34:09,103396.577706569,2754.0001441955565,102917,103542,0.9939638021286048
5,2026-01-31 23:34:09,103396.577706569,2756.0001445770263,102475,103047,0.9944491348607917
5,2026-01-31 23:34:09,103396.577706569,2758.000144958496,102590,102951,0.9964934774795776
5,2026-01-31 23:34:09,103396.577706569,2760.0001453399655,102199,103129,0.9909821679643941
5,2026-01-31 23:34:09,103396.577706569,2762.0001457214353,102939,103590,0.9937156096148276
5,2026-01-31 23:34:09,103396.577706569,2764.000146102905,103264,104253,0.9905134624423279
5,2026-01-31 23:34:09,103396.577706569,2766.000146484375,104537,104488,1.000468953372636
5,2026-01-31 23:34:09,103396.577706569,2768.0001468658447,104589,104962,0.9964463329585945
5,2026-01-31 23:34:09,103396.577706569,2770.000147247314,105266,106726,0.9863201094391245
5,2026-01-31 23:34:09,103396.577706569,2772.000147628784,106749,107242,0.9954029204975663
5,2026-01-31 23:34:09,103396.577706569,2774.0001480102537,106920,108526,0.985201702817758
5,2026-01-31 23:34:09,103396.577706569,2776.0001483917235,108750,109624,0.9920272932934394
5,2026-01-31 23:34:09,103396.577706569,2778.0001487731934,109673,110720,0.9905437138728324
5,2026-01-31 23:34:09,103396.577706569,2780.0001491546627,110982,112161,0.9894883248187872
5,2026-01-31 23:34:09,103396.577706569,2782.0001495361325,112097,113705,0.9858581416824238
5,2026-01-31 23:34:09,103396.577706569,2784.0001499176024,113320,113985,0.9941658990218011
5,2026-01-31 23:34:09,103396.577706569,2786.000150299072,114327,114483,0.9986373522706428
5,2026-01-31 23:34:09,103396.577706569,2788.000150680542,114644,116036,0.9880037229825227
5,2026-01-31 23:34:09,103396.577706569,2790.0001510620114,115402,116800,0.9880308219178082
5,2026-01-31 23:34:09,103396.577706569,2792.000151443481,116083,117164,0.9907736164692226
5,2026-01-31 23:34:09,103396.577706569,2794.000151824951,115891,117691,0.9847057124164125
5,2026-01-31 23:34:09,103396.577706569,2796.000152206421,116767,117689,0.992165792894833
5,2026-01-31 23:34:09,103396.577706569,2798.0001525878906,116959,118082,0.9904896597279856
5,2026-01-31 23:34:09,103396.577706569,2800.00015296936,116510,117478,0.9917601593489845
5,2026-01-31 23:34:09,103396.577706569,2802.00015335083,117122,117812,0.9941432112178725
5,2026-01-31 23:34:09,103396.577706569,2804.0001537322996,116843,117232,0.9966817933669988
5,2026-01-31 23:34:09,103396.577706569,2806.0001541137694,116600,117458,0.9926952612848848
5,2026-01-31 23:34:09,103396.577706569,2808.0001544952393,116889,117340,0.9961564683824783
5,2026-01-31 23:34:09,103396.577706569,2810.0001548767086,116091,116593,0.9956944241935622
5,2026-01-31 23:34:09,103396.577706569,2812.0001552581784,115842,115405,1.0037866643559639
5,2026-01-31 23:34:09,103396.577706569,2814.0001556396483,114843,115454,0.9947078490134599
5,2026-01-31 23:34:09,103396.577706569,2816.000156021118,114486,113995,1.0043072064564236
5,2026-01-31 23:34:09,103396.577706569,2818.000156402588,112978,113230,0.9977744414024552
5,2026-01-31 23:34:09,103396.577706569,2820.0001567840573,112381,112978,0.9947157853741436
5,2026-01-31 23:34:09,103396.577706569,2822.000157165527,111309,112025,0.9936085695157331
5,2026-01-31 23:34:09,103396.577706569,2824.000157546997,110785,111389,0.9945775615186419
5,2026-01-31 23:34:09,103396.577706569,2826.0001579284667,110214,109895,1.0029027708266982
5,2026-01-31 23:34:09,103396.577706569,2828.0001583099365,108831,109294,0.995763719874833
5,2026-01-31 23:34:09,103396.577706569,2830.000158691406,107675,107789,0.9989423781647478
5,2026-01-31 23:34:09,103396.577706569,2832.0001590728757,106337,106524,0.9982445270549359
5,2026-01-31 23:34:09,103396.577706569,2834.0001594543455,106144,104941,1.0114635842997495
5,2026-01-31 23:34:09,103396.577706569,2836.0001598358153,104601,103971,1.006059381943042
5,2026-01-31 23:34:09,103396.577706569,2838.000160217285,103495,103146,1.00338355340973
5,2026-01-31 23:34:09,103396.577706569,2840.0001605987545,102505,102803,0.997101251908991
5,2026-01-31 23:34:09,103396.577706569,2842.0001609802243,101819,101535,1.0027970650514602
5,2026-01-31 23:34:09,103396.577706569,2844.000161361694,100680,101487,0.9920482426320613
5,2026-01-31 23:34:09,103396.577706569,2846.000161743164,100382,99840,1.005428685897436
5,2026-01-31 23:34:09,103396.577706569,2848.000162124634,100231,100215,1.0001596567380133
5,2026-01-31 23:34:09,103396.577706569,2850.000162506103,98965,99882,0.9908191666166076
5,2026-01-31 23:34:09,103396.577706569,2852.000162887573,98893,99876,0.9901577956666267
5,2026-01-31 23:34:09,103396.577706569,2854.000163269043,99606,100128,0.9947866730584851
5,2026-01-31 23:34:09,103396.577706569,2856.0001636505126,100201,100590,0.9961328163833383
5,2026-01-31 23:34:09,103396.577706569,2858.0001640319824,100619,101908,0.9873513364995878
5,2026-01-31 23:34:09,103396.577706569,2860.000164413452,101131,102429,0.9873278075545011
5,2026-01-31 23:34:09,103396.577706569,2862.0001647949216,102117,104000,0.9818942307692308
5,2026-01-31 23:34:09,103396.577706569,2864.0001651763914,103438,104931,0.9857716022910293
5,2026-01-31 23:34:09,103396.577706569,2866.0001655578612,105373,106283,0.9914379533885946
5,2026-01-31 23:34:09,103396.577706569,2868.000165939331,106319,108556,0.9793931242860827
5,2026-01-31 23:34:09,103396.577706569,2870.0001663208004,108079,109420,0.9877444708462804
5,2026-01-31 23:34:09,103396.577706569,2872.0001667022702,109362,110877,0.986336210395303
5,2026-01-31 23:34:09,103396.577706569,2874.00016708374,110625,111994,0.9877761308641534
5,2026-01-31 23:34:09,103396.577706569,2876.00016746521,111837,112941,0.9902249847265386
5,2026-01-31 23:34:09,103396.577706569,2878.0001678466797,112783,113232,0.9960346898403278
5,2026-01-31 23:34:09,103396.577706569,2880.000168228149,113580,115226,0.9857150295940152
5,2026-01-31 23:34:09,103396.577706569,2882.000168609619,113941,115389,0.9874511435232128
5,2026-01-31 23:34:09,103396.577706569,2884.0001689910887,114726,114961,0.9979558284983603
5,2026-01-31 23:34:09,103396.577706569,2886.0001693725585,115352,115462,0.9990473056070396
5,2026-01-31 23:34:09,103396.577706569,2888.0001697540283,114752,115707,0.9917463939087523
5,2026-01-31 23:34:09,103396.577706569,2890.0001701354977,116077,116254,0.9984774717429078
5,2026-01-31 23:34:09,103396.577706569,2892.0001705169675,114932,116174,0.9893091397386679
5,2026-01-31 23:34:09,103396.577706569,2894.0001708984373,115596,116687,0.9906502009649747
5,2026-01-31 23:34:09,103396.577706569,2896.000171279907,115807,115919,0.9990338080901319
5,2026-01-31 23:34:09,103396.577706569,2898.000171661377,115540,115997,0.9960602429373173
5,2026-01-31 23:34:09,103396.577706569,2900.0001720428463,115348,115671,0.9972075974098953
5,2026-01-31 23:34:09,103396.577706569,2902.000172424316,115422,115324,1.0008497797509626
5,2026-01-31 23:34:09,103396.577706569,2904.000172805786,114796,115196,0.9965276572103198
5,2026-01-31 23:34:09,103396.577706569,2906.0001731872558,114176,114195,0.9998336179342353
5,2026-01-31 23:34:09,103396.577706569,2908.0001735687256,114004,114828,0.9928240498833037
5,2026-01-31 23:34:09,103396.577706569,2910.000173950195,113772,114479,0.9938241948304929
5,2026-01-31 23:34:09,103396.577706569,2912.0001743316648,112969,113961,0.9912952676792938
5,2026-01-31 23:34:09,103396.577706569,2914.0001747131346,112240,112820,0.9948590675412161
5,2026-01-31 23:34:09,103396.577706569,2916.0001750946044,111324,111025,1.0026930871425355
5,2026-01-31 23:34:09,103396.577706569,2918.000175476074,110052,111203,0.9896495598140338
5,2026-01-31 23:34:09,103396.577706569,2920.0001758575436,109051,108398,1.0060240963855422
5,2026-01-31 23:34:09,103396.577706569,2922.0001762390134,107514,108360,0.9921926910299004
5,2026-01-31 23:34:09,103396.577706569,2924.000176620483,106402,106923,0.9951273346239817
5,2026-01-31 23:34:09,103396.577706569,2926.000177001953,104989,105274,0.9972927788437791
5,2026-01-31 23:34:09,103396.577706569,2928.000177383423,103922,104225,0.9970928280163108
5,2026-01-31 23:34:09,103396.577706569,2930.000177764892,103342,103403,0.9994100751428875
5,2026-01-31 23:34:09,103396.577706569,2932.000178146362,102126,102409,0.9972365710045016
5,2026-01-31 23:34:09,103396.577706569,2934.000178527832,101696,100728,1.0096100389166864
5,2026-01-31 23:34:09,103396.577706569,2936.0001789093017,99961,100564,0.9940038184638638
5,2026-01-31 23:34:09,103396.577706569,2938.0001792907715,99616,100043,0.9957318353108163
5,2026-01-31 23:34:09,103396.577706569,2940.000179672241,99371,99344,1.0002717828957963
5,2026-01-31 23:34:09,103396.577706569,2942.0001800537107,98878,99697,0.9917851088799061
5,2026-01-31 23:34:09,103396.577706569,2944.0001804351805,98644,100083,0.9856219337949502
5,2026-01-31 23:34:09,103396.577706569,2946.0001808166503,98985,99903,0.9908110867541515
5,2026-01-31 23:34:09,103396.577706569,2948.00018119812,98570,100458,0.9812060761711362
5,2026-01-31 23:34:09,103396.577706569,2950.0001815795895,99006,101240,0.9779336230738839
5,2026-01-31 23:34:09,103396.577706569,2952.0001819610593,100494,101893,0.9862699105924843
5,2026-01-31 23:34:09,103396.577706569,2954.000182342529,101220,102711,0.985483541198119
5,2026-01-31 23:34:09,103396.577706569,2956.000182723999,102650,104748,0.9799709779661664
5,2026-01-31 23:34:09,103396.577706569,2958.0001831054688,104216,105351,0.989226490493683
5,2026-01-31 23:34:09,103396.577706569,2960.000183486938,105166,107319,0.9799383147438944
5,2026-01-31 23:34:09,103396.577706569,2962.000183868408,106911,108249,0.9876396086799878
5,2026-01-31 23:34:09,103396.577706569,2964.0001842498777,108730,110381,0.9850427156847645
5,2026-01-31 23:34:09,103396.577706569,2966.0001846313476,109927,111656,0.984514938740417
5,2026-01-31 23:34:09,103396.577706569,2968.0001850128174,111159,112760,0.9858017027314651
5,2026-01-31 23:34:09,103396.577706569,2970.0001853942867,112553,114054,0.9868395672225437
5,2026-01-31 23:34:09,103396.577706569,2972.0001857757566,113207,115674,0.9786728218960181
5,2026-01-31 23:34:09,103396.577706569,2974.0001861572264,114758,116352,0.9863001925192519
5,2026-01-31 23:34:09,103396.577706569,2976.000186538696,114841,116943,0.9820254311929744
5,2026-01-31 23:34:09,103396.577706569,2978.000186920166,116171,117496,0.9887230203581399
5,2026-01-31 23:34:09,103396.577706569,2980.0001873016354,116678,117521,0.9928268139311272
5,2026-01-31 23:34:09,103396.577706569,2982.000187683105,116671,118286,0.9863466513365909
5,2026-01-31 23:34:09,103396.577706569,2984.000188064575,116552,118751,0.9814822612020109
5,2026-01-31 23:34:09,103396.577706569,2986.000188446045,117416,118877,0.9877099859518662
5,2026-01-31 23:34:09,103396.577706569,2988.0001888275146,116514,118656,0.9819478155339806
5,2026-01-31 23:34:09,103396.577706569,2990.000189208984,117342,118263,0.992212272646559
5,2026-01-31 23:34:09,103396.577706569,2992.000189590454,116642,118355,0.9855265937222762
5,2026-01-31 23:34:09,103396.577706569,2994.0001899719236,115871,118125,0.9809185185185185
5,2026-01-31 23:34:09,103396.577706569,2996.0001903533935,115711,117110,0.9880539663564171
5,2026-01-31 23:34:09,103396.577706569,2998.0001907348633,115367,116914,0.9867680517303317
5,2026-01-31 23:34:09,103396.577706569,3000.0001911163326,114330,116518,0.9812217854752056
5,2026-01-31 23:34:09,103396.577706569,3002.0001914978025,114537,115186,0.9943656347125519
5,2026-01-31 23:34:09,103396.577706569,3004.0001918792723,113327,114441,0.990265726444194
5,2026-01-31 23:34:09,103396.577706569,3006.000192260742,112582,113602,0.9910212848365346
5,2026-01-31 23:34:09,103396.577706569,3008.000192642212,110788,112826,0.9819367876198749
5,2026-01-31 23:34:09,103396.577706569,3010.0001930236813,110196,111500,0.988304932735426
5,2026-01-31 23:34:09,103396.577706569,3012.000193405151,109686,111191,0.9864647318577943
5,2026-01-31 23:34:09,103396.577706569,3014.000193786621,108727,109825,0.9900022763487366
5,2026-01-31 23:34:09,103396.577706569,3016.0001941680907,107038,108839,0.983452622681208
5,2026-01-31 23:34:09,103396.577706569,3018.0001945495605,106176,107263,0.9898660302247746
5,2026-01-31 23:34:09,103396.577706569,3020.00019493103,105264,106953,0.9842080166054248
5,2026-01-31 23:34:09,103396.577706569,3022.0001953124997,104992,106524,0.9856182644286734
5,2026-01-31 23:34:09,103396.577706569,3024.0001956939695,104467,105547,0.9897675916890106
5,2026-01-31 23:34:09,103396.577706569,3026.0001960754394,102867,104709,0.9824083889636994
5,2026-01-31 23:34:09,103396.577706569,3028.000196456909,103465,103746,0.9972914618394926
5,2026-01-31 23:34:09,103396.577706569,3030.0001968383785,102114,103647,0.9852094127181684
5,2026-01-31 23:34:09,103396.577706569,3032.0001972198484,102101,103889,0.9827893232199751
5,2026-01-31 23:34:09,103396.577706569,3034.000197601318,101323,103184,0.9819642580244999
5,2026-01-31 23:34:09,103396.577706569,3036.000197982788,101874,102500,0.9938926829268293
5,2026-01-31 23:34:09,103396.577706569,3038.000198364258,101551,103335,0.9827357623264141
5,2026-01-31 23:34:09,103396.577706569,3040.000198745727,102083,103032,0.9907892693532107
5,2026-01-31 23:34:09,103396.577706569,3042.000199127197,101803,103564,0.9829960217836313
5,2026-01-31 23:34:09,103396.577706569,3044.000199508667,102557,103806,0.9879679401961351
5,2026-01-31 23:34:09,103396.577706569,3046.0001998901366,103179,104747,0.985030597535013
5,2026-01-31 23:34:09,103396.577706569,3048.0002002716064,103157,105260,0.9800209006270189
5,2026-01-31 23:34:09,103396.577706569,3050.000200653076,103638,105683,0.9806496787562806
5,2026-01-31 23:34:09,103396.577706569,3052.0002010345456,105508,106873,0.987227831164092
5,2026-01-31 23:34:09,103396.577706569,3054.0002014160154,105143,107599,0.9771745090567756
5,2026-01-31 23:34:09,103396.577706569,3056.0002017974853,105825,108095,0.9789999537443915
5,2026-01-31 23:34:09,103396.577706569,3058.000202178955,107254,109120,0.9828995601173021
5,2026-01-31 23:34:09,103396.577706569,3060.0002025604244,107746,111144,0.9694270495933204
5,2026-01-31 23:34:09,103396.577706569,3062.0002029418943,109795,111337,0.9861501567313651
5,2026-01-31 23:34:09,103396.577706569,3064.000203323364,110426,113124,0.9761500654149429
5,2026-01-31 23:34:09,103396.577706569,3066.000203704834,111608,114136,0.977850984790075
5,2026-01-31 23:34:09,103396.577706569,3068.0002040863037,112505,115011,0.9782107798384503
5,2026-01-31 23:34:09,103396.577706569,3070.000204467773,113642,115897,0.9805430684141954
5,2026-01-31 23:34:09,103396.577706569,3072.000204849243,114221,117041,0.9759058791363711
5,2026-01-31 23:34:09,103396.577706569,3074.0002052307127,115882,117895,0.9829254845413291
5,2026-01-31 23:34:09,103396.577706569,3076.0002056121825,117065,119013,0.9836320401972893
5,2026-01-31 23:34:09,103396.577706569,3078.0002059936523,117039,119649,0.9781861946192614
5,2026-01-31 23:34:09,103396.577706569,3080.0002063751217,117543,120274,0.9772935131449856
5,2026-01-31 23:34:09,103396.577706569,3082.0002067565915,118479,120495,0.9832690153118386
5,2026-01-31 23:34:09,103396.577706569,3084.0002071380613,118558,120353,0.9850855400363929
5,2026-01-31 23:34:09,103396.577706569,3086.000207519531,119141,121945,0.9770060273073927
5,2026-01-31 23:34:09,103396.577706569,3088.000207901001,118610,120253,0.9863371391981904
5,2026-01-31 23:34:09,103396.577706569,3090.0002082824703,118776,120396,0.9865444034685538
5,2026-01-31 23:34:09,103396.577706569,3092.00020866394,118677,119957,0.9893295097409905
5,2026-01-31 23:34:09,103396.577706569,3094.00020904541,117575,119250,0.9859538784067086
5,2026-01-31 23:34:09,103396.577706569,3096.00020942688,117027,118378,0.9885874064437649
5,2026-01-31 23:34:09,103396.577706569,3098.0002098083496,115916,117185,0.9891709689806716
5,2026-01-31 23:34:09,103396.577706569,3100.000210189819,115073,116330,0.989194532794636
5,2026-01-31 23:34:09,103396.577706569,3102.000210571289,114274,114695,0.9963293953528924
5,2026-01-31 23:34:09,103396.577706569,3104.0002109527586,112174,113781,0.9858763765479298
5,2026-01-31 23:34:09,103396.577706569,3106.0002113342284,110937,112007,0.9904470256323266
5,2026-01-31 23:34:09,103396.577706569,3108.0002117156982,109870,111527,0.985142611206255
5,2026-01-31 23:34:09,103396.577706569,3110.0002120971676,108806,109936,0.9897212923882986
5,2026-01-31 23:34:09,103396.577706569,3112.0002124786374,106960,108282,0.9877911379546
5,2026-01-31 23:34:09,103396.577706569,3114.0002128601072,105738,106911,0.9890282571484693
5,2026-01-31 23:34:09,103396.577706569,3116.000213241577,104116,105739,0.9846508856713228
5,2026-01-31 23:34:09,103396.577706569,3118.000213623047,103094,104460,0.9869232242006509
5,2026-01-31 23:34:09,103396.577706569,3120.0002140045162,101987,103227,0.9879876388929253
5,2026-01-31 23:34:09,103396.577706569,3122.000214385986,101047,101190,0.9985868168791383
5,2026-01-31 23:34:09,103396.577706569,3124.000214767456,100438,101787,0.9867468340750783
5,2026-01-31 23:34:09,103396.577706569,3126.0002151489257,99765,100830,0.9894376673609044
5,2026-01-31 23:34:09,103396.577706569,3128.0002155303955,100185,101046,0.9914791283177958
5,2026-01-31 23:34:09,103396.577706569,3130.000215911865,99941,101203,0.9875300139323933
5,2026-01-31 23:34:09,103396.577706569,3132.0002162933347,99968,102056,0.9795406443521204
5,2026-01-31 23:34:09,103396.577706569,3134.0002166748045,100685,102132,0.9858320604707633
5,2026-01-31 23:34:09,103396.577706569,3136.0002170562743,100753,102610,0.9819023486989572
5,2026-01-31 23:34:09,103396.577706569,3138.000217437744,102866,104229,0.9869230252616834
5,2026-01-31 23:34:09,103396.577706569,3140.0002178192135,102992,105626,0.9750629579838297
5,2026-01-31 23:34:09,103396.577706569,3142.0002182006833,104619,106964,0.9780767360981265
5,2026-01-31 23:34:09,103396.577706569,3144.000218582153,105505,107502,0.9814236014213689
5,2026-01-31 23:34:09,103396.577706569,3146.000218963623,107463,109138,0.9846524583554765
5,2026-01-31 23:34:09,103396.577706569,3148.000219345093,108217,110188,0.9821123897339094
5,2026-01-31 23:34:09,103396.577706569,3150.000219726562,109727,111854,0.9809841400396946
5,2026-01-31 23:34:09,103396.577706569,3152.000220108032,110722,112500,0.9841955555555556
5,2026-01-31 23:34:09,103396.577706569,3154.0002204895018,111848,114030,0.9808646847320881
5,2026-01-31 23:34:09,103396.577706569,3156.0002208709716,112997,114627,0.9857799645807707
5,2026-01-31 23:34:09,103396.577706569,3158.0002212524414,113859,114955,0.9904658344569615
5,2026-01-31 23:34:09,103396.577706569,3160.0002216339108,114410,116566,0.981504040629343
5,2026-01-31 23:34:09,103396.577706569,3162.0002220153806,115422,116389,0.9916916547096375
5,2026-01-31 23:34:09,103396.577706569,3164.0002223968504,115571,117296,0.9852936161505934
5,2026-01-31 23:34:09,103396.577706569,3166.00022277832,116652,117560,0.9922762844504933
5,2026-01-31 23:34:09,103396.577706569,3168.00022315979,116920,117757,0.9928921422930271
5,2026-01-31 23:34:09,103396.577706569,3170.0002235412594,116759,118827,0.9825965479226102
5,2026-01-31 23:34:09,103396.577706569,3172.000223922729,117239,118212,0.9917690251412716
5,2026-01-31 23:34:09,103396.577706569,3174.000224304199,117523,118584,0.9910527558523915
5,2026-01-31 23:34:09,103396.577706569,3176.000224685669,117764,118966,0.9898962728846897
5,2026-01-31 23:34:09,103396.577706569,3178.0002250671387,117112,118996,0.9841675350431948
5,2026-01-31 23:34:09,103396.577706569,3180.000225448608,117964,118158,0.9983581306386364
5,2026-01-31 23:34:09,103396.577706569,3182.000225830078,117531,118011,0.9959325825558635
5,2026-01-31 23:34:09,103396.577706569,3184.0002262115477,116888,118041,0.9902322074533425
5,2026-01-31 23:34:09,103396.577706569,3186.0002265930175,116716,117808,0.9907306804291729
5,2026-01-31 23:34:09,103396.577706569,3188.0002269744873,116789,117336,0.9953381741324061
5,2026-01-31 23:34:09,103396.577706569,3190.0002273559567,116112,116439,0.9971916625872774
5,2026-01-31 23:34:09,103396.577706569,3192.0002277374265,115532,116777,0.9893386540157737
5,2026-01-31 23:34:09,103396.577706569,3194.0002281188963,115178,115892,0.9938390915680116
5,2026-01-31 23:34:09,103396.577706569,3196.000228500366,114164,114387,0.9980504777640816
5,2026-01-31 23:34:09,103396.577706569,3198.000228881836,113840,113782,1.0005097467086181
5,2026-01-31 23:34:09,103396.577706569,3200.0002292633053,112600,113462,0.992402742768504
5,2026-01-31 23:34:09,103396.577706569,3202.000229644775,111955,112552,0.9946957850593503
5,2026-01-31 23:34:09,103396.577706569,3204.000230026245,111427,111359,1.000610637667364
5,2026-01-31 23:34:09,103396.577706569,3206.0002304077148,109831,110717,0.9919976155423287
5,2026-01-31 23:34:09,103396.577706569,3208.0002307891846,108833,109136,0.9972236475590089
5,2026-01-31 23:34:09,103396.577706569,3210.000231170654,108052,107611,1.004098094061016
5,2026-01-31 23:34:09,103396.577706569,3212.0002315521238,106971,105958,1.0095603918533758
5,2026-01-31 23:34:09,103396.577706569,3214.0002319335936,105439,105358,1.0007688073046186
5,2026-01-31 23:34:09,103396.577706569,3216.0002323150634,104657,104418,1.0022888773966174
5,2026-01-31 23:34:09,103396.577706569,3218.000232696533,103345,103069,1.0026778177725602
5,2026-01-31 23:34:09,103396.577706569,3220.0002330780026,102078,102234,0.9984740888549798
5,2026-01-31 23:34:09,103396.577706569,3222.0002334594724,101502,101608,0.9989567750570821
5,2026-01-31 23:34:09,103396.577706569,3224.000233840942,101152,101538,0.9961984675687919
5,2026-01-31 23:34:09,103396.577706569,3226.000234222412,100738,100700,1.000377358490566
5,2026-01-31 23:34:09,103396.577706569,3228.000234603882,100530,101327,0.9921343768196038
5,2026-01-31 23:34:09,103396.577706569,3230.000234985351,100762,102214,0.9857945095583776
5,2026-01-31 23:34:09,103396.577706569,3232.000235366821,100659,102405,0.982950051267028
5,2026-01-31 23:34:09,103396.577706569,3234.000235748291,101894,102912,0.990108053482587
5,2026-01-31 23:34:09,103396.577706569,3236.0002361297607,102556,103765,0.988348672481087
5,2026-01-31 23:34:09,103396.577706569,3238.0002365112305,103822,104926,0.9894782989916703
5,2026-01-31 23:34:09,103396.577706569,3240.0002368927,104760,106647,0.9823061126895272
5,2026-01-31 23:34:09,103396.577706569,3242.0002372741696,106451,107822,0.9872845986904343
5,2026-01-31 23:34:09,103396.577706569,3244.0002376556395,107270,109144,0.9828300227222752
5,2026-01-31 23:34:09,103396.577706569,3246.0002380371093,109005,110927,0.982673289640935
5,2026-01-31 23:34:09,103396.577706569,3248.000238418579,109844,111735,0.9830760281022061
5,2026-01-31 23:34:09,103396.577706569,3250.0002388000485,111871,113831,0.9827814918607409
5,2026-01-31 23:34:09,103396.577706569,3252.0002391815183,112801,114640,0.9839584787159804
5,2026-01-31 23:34:09,103396.577706569,3254.000239562988,113647,116082,0.9790234489412657
5,2026-01-31 23:34:09,103396.577706569,3256.000239944458,113206,115898,0.9767726794250117
5,2026-01-31 23:34:09,103396.577706569,3258.0002403259277,114577,118052,0.9705638193338528
5,2026-01-31 23:34:09,103396.577706569,3260.000240707397,114022,118907,0.958917473319485
5,2026-01-31 23:34:09,103396.577706569,3262.000241088867,112569,119070,0.9454018644494835
5,2026-01-31 23:34:09,103396.577706569,3264.0002414703367,111616,119960,0.9304434811603868
5,2026-01-31 23:34:09,103396.577706569,3266.0002418518065,111238,119822,0.9283604012618718
5,2026-01-31 23:34:09,103396.577706569,3268.0002422332764,111746,119821,0.9326078066449119
5,2026-01-31 23:34:09,103396.577706569,3270.0002426147457,114177,120195,0.9499313615375016
5,2026-01-31 23:34:09,103396.577706569,3272.0002429962155,116012,119369,0.9718771205254295
5,2026-01-31 23:34:09,103396.577706569,3274.0002433776854,117111,120462,0.9721820989191612
5,2026-01-31 23:34:09,103396.577706569,3276.000243759155,117031,119917,0.9759333539031163
5,2026-01-31 23:34:09,103396.577706569,3278.000244140625,117977,118954,0.9917867410931956
5,2026-01-31 23:34:09,103396.577706569,3280.0002445220944,117647,119003,0.9886053292774132
5,2026-01-31 23:34:09,103396.577706569,3282.000244903564,117439,117597,0.998656428310246
5,2026-01-31 23:34:09,103396.577706569,3284.000245285034,116170,117253,0.9907635625527705
5,2026-01-31 23:34:09,103396.577706569,3286.000245666504,116215,116559,0.9970487049477089
5,2026-01-31 23:34:09,103396.577706569,3288.0002460479736,115356,115665,0.997328491765011
5,2026-01-31 23:34:09,103396.577706569,3290.000246429443,113579,113895,0.997225514728478
5,2026-01-31 23:34:09,103396.577706569,3292.000246810913,112764,113030,0.9976466424842962
5,2026-01-31 23:34:09,103396.577706569,3294.0002471923826,111721,112510,0.992987290018665
5,2026-01-31 23:34:09,103396.577706569,3296.0002475738524,110844,110952,0.9990266060999351
5,2026-01-31 23:34:09,103396.577706569,3298.0002479553223,110144,109406,1.006745516699267
5,2026-01-31 23:34:09,103396.577706569,3300.0002483367916,108719,108830,0.9989800606450427
5,2026-01-31 23:34:09,103396.577706569,3302.0002487182614,108030,107957,1.0006761951517733
5,2026-01-31 23:34:09,103396.577706569,3304.0002490997313,106759,106773,0.9998688807095427
5,2026-01-31 23:34:09,103396.577706569,3306.000249481201,105920,106581,0.9937981441345081
5,2026-01-31 23:34:09,103396.577706569,3308.000249862671,105747,105897,0.9985835292784498
5,2026-01-31 23:34:09,103396.577706569,3310.0002502441403,104740,105223,0.9954097488191745
5,2026-01-31 23:34:09,103396.577706569,3312.00025062561,104790,105040,0.9976199543031227
5,2026-01-31 23:34:09,103396.577706569,3314.00025100708,104621,104573,1.0004590094957588
5,2026-01-31 23:34:09,103396.577706569,3316.0002513885497,104380,104427,0.9995499248278702
5,2026-01-31 23:34:09,103396.577706569,3318.0002517700195,103103,103941,0.9919377339067356
5,2026-01-31 23:34:09,103396.577706569,3320.000252151489,103433,103702,0.9974060288133305
5,2026-01-31 23:34:09,103396.577706569,3322.0002525329587,103524,103693,0.998370188923071
5,2026-01-31 23:34:09,103396.577706569,3324.0002529144285,103714,103942,0.9978064689923226
5,2026-01-31 23:34:09,103396.577706569,3326.0002532958983,104026,104761,0.9929840303166254
5,2026-01-31 23:34:09,103396.577706569,3328.000253677368,103882,105237,0.9871243003886466
5,2026-01-31 23:34:09,103396.577706569,3330.0002540588375,104586,105724,0.9892361242480421
5,2026-01-31 23:34:09,103396.577706569,3332.0002544403073,105730,106110,0.9964188106681745
5,2026-01-31 23:34:09,103396.577706569,3334.000254821777,106233,107294,0.9901112830167577
5,2026-01-31 23:34:09,103396.577706569,3336.000255203247,106744,108126,0.9872186153191647
5,2026-01-31 23:34:09,103396.577706569,3338.000255584717,107789,108693,0.9916829970651284
5,2026-01-31 23:34:09,103396.577706569,3340.000255966186,108952,110424,0.9866695645874085
5,2026-01-31 23:34:09,103396.577706569,3342.000256347656,110201,111371,0.9894945721956344
5,2026-01-31 23:34:09,103396.577706569,3344.000256729126,111122,111760,0.9942913385826772
5,2026-01-31 23:34:09,103396.577706569,3346.0002571105956,112660,114302,0.9856345470770416
5,2026-01-31 23:34:09,103396.577706569,3348.0002574920654,113316,113717,0.9964737022608757
5,2026-01-31 23:34:09,103396.577706569,3350.000257873535,113922,114977,0.9908242518068832
5,2026-01-31 23:34:09,103396.577706569,3352.0002582550046,114997,116268,0.9890683593078061
5,2026-01-31 23:34:09,103396.577706569,3354.0002586364744,115708,117248,0.9868654475982532
5,2026-01-31 23:34:09,103396.577706569,3356.0002590179442,116966,117633,0.9943298224137784
5,2026-01-31 23:34:09,103396.577706569,3358.000259399414,117157,118212,0.9910753561398166
5,2026-01-31 23:34:09,103396.577706569,3360.0002597808834,118495,118960,0.996091123066577
5,2026-01-31 23:34:09,103396.577706569,3362.0002601623532,119208,119262,0.9995472153745535
5,2026-01-31 23:34:09,103396.577706569,3364.000260543823,118969,119203,0.9980369621569927
5,2026-01-31 23:34:09,103396.577706569,3366.000260925293,119034,120471,0.9880718181139029
5,2026-01-31 23:34:09,103396.577706569,3368.0002613067627,120046,120153,0.9991094687606635
5,2026-01-31 23:34:09,103396.577706569,3370.000261688232,120031,120788,0.993732821141173
5,2026-01-31 23:34:09,103396.577706569,3372.000262069702,119251,120244,0.9917417916902299
5,2026-01-31 23:34:09,103396.577706569,3374.0002624511717,120207,120279,0.9994013917641483
5,2026-01-31 23:34:09,103396.577706569,3376.0002628326415,119269,119005,1.0022183941851184
5,2026-01-31 23:34:09,103396.577706569,3378.0002632141113,119245,118600,1.0054384485666104
5,2026-01-31 23:34:09,103396.577706569,3380.0002635955807,117322,117795,0.9959845494290929
5,2026-01-31 23:34:09,103396.577706569,3382.0002639770505,116511,117135,0.9946728134204124
5,2026-01-31 23:34:09,103396.577706569,3384.0002643585203,116590,116241,1.0030023829801877
5,2026-01-31 23:34:09,103396.577706569,3386.00026473999,114812,114575,1.0020685140737509
5,2026-01-31 23:34:09,103396.577706569,3388.00026512146,114202,113754,1.0039383230479808
5,2026-01-31 23:34:09,103396.577706569,3390.0002655029293,112681,112187,1.0044033622433972
5,2026-01-31 23:34:09,103396.577706569,3392.000265884399,111082,110751,1.0029886863324033
5,2026-01-31 23:34:09,103396.577706569,3394.000266265869,110005,109938,1.0006094344084848
5,2026-01-31 23:34:09,103396.577706569,3396.000266647339,108315,108653,0.9968891793139628
5,2026-01-31 23:34:09,103396.577706569,3398.0002670288086,107455,106799,1.006142379610296
5,2026-01-31 23:34:09,103396.577706569,3400.000267410278,105799,105350,1.0042619838633127
5,2026-01-31 23:34:09,103396.577706569,3402.000267791748,104727,104981,0.997580514569303
5,2026-01-31 23:34:09,103396.577706569,3404.0002681732176,103370,104038,0.9935792691132086
5,2026-01-31 23:34:09,103396.577706569,3406.0002685546874,103285,102950,1.0032540067994171
5,2026-01-31 23:34:09,103396.577706569,3408.000268936157,102203,102467,0.9974235607561459
5,2026-01-31 23:34:09,103396.577706569,3410.0002693176266,101946,102020,0.9992746520290139
5,2026-01-31 23:34:09,103396.577706569,3412.0002696990964,101271,102049,0.9923762114278435
5,2026-01-31 23:34:09,103396.577706569,3414.000270080566,101181,101543,0.9964350078291955
5,2026-01-31 23:34:09,103396.577706569,3416.000270462036,101522,102212,0.9932493249324933
5,2026-01-31 23:34:09,103396.577706569,3418.000270843506,102313,102461,0.9985555479645915
5,2026-01-31 23:34:09,103396.577706569,3420.000271224975,101888,103063,0.9885992063107032
5,2026-01-31 23:34:09,103396.577706569,3422.000271606445,101814,103041,0.9880921186712085
5,2026-01-31 23:34:09,103396.577706569,3424.000271987915,103111,103668,0.9946270787513987
5,2026-01-31 23:34:09,103396.577706569,3426.0002723693847,103589,104400,0.9922318007662835
5,2026-01-31 23:34:09,103396.577706569,3428.0002727508545,104454,106028,0.9851548647527069
5,2026-01-31 23:34:09,103396.577706569,3430.000273132324,105963,106534,0.9946402087596448
5,2026-01-31 23:34:09,103396.577706569,3432.0002735137937,107052,107447,0.9963237689279366
5,2026-01-31 23:34:09,103396.577706569,3434.0002738952635,107778,108558,0.9928149007903609
5,2026-01-31 23:34:09,103396.577706569,3436.0002742767333,108704,110288,0.9856376033657334
5,2026-01-31 23:34:09,103396.577706569,3438.000274658203,110167,111240,0.9903541891405969
5,2026-01-31 23:34:09,103396.577706569,3440.0002750396725,111241,112794,0.9862315371385003
5,2026-01-31 23:34:09,103396.577706569,3442.0002754211423,112208,112872,0.9941172301367921
5,2026-01-31 23:34:09,103396.577706569,3444.000275802612,113324,114729,0.9877537501416381
5,2026-01-31 23:34:09,103396.577706569,3446.000276184082,114883,115509,0.9945805088780961
5,2026-01-31 23:34:09,103396.577706569,3448.0002765655518,114994,115745,0.9935115987731652
5,2026-01-31 23:34:09,103396.577706569,3450.000276947021,116758,116527,1.0019823731838973
5,2026-01-31 23:34:09,103396.577706569,3452.000277328491,116122,117874,0.9851366713609447
5,2026-01-31 23:34:09,103396.577706569,3454.0002777099608,116878,117463,0.995019708333688
5,2026-01-31 23:34:09,103396.577706569,3456.0002780914306,116583,117898,0.9888462908615923
5,2026-01-31 23:34:09,103396.577706569,3458.0002784729004,117846,117930,0.9992877130501144
5,2026-01-31 23:34:09,103396.577706569,3460.0002788543698,118063,118784,0.9939301589439655
5,2026-01-31 23:34:09,103396.577706569,3462.0002792358396,117194,117806,0.9948050184201144
5,2026-01-31 23:34:09,103396.577706569,3464.0002796173094,117485,117459,1.0002213538341038
5,2026-01-31 23:34:09,103396.577706569,3466.000279998779,116669,116715,0.9996058775650087
5,2026-01-31 23:34:09,103396.577706569,3468.000280380249,116924,117824,0.9923614883215643
5,2026-01-31 23:34:09,103396.577706569,3470.0002807617184,116860,117137,0.9976352476160394
5,2026-01-31 23:34:09,103396.577706569,3472.000281143188,115776,116726,0.9918612819765947
5,2026-01-31 23:34:09,103396.577706569,3474.000281524658,115842,116918,0.9907969688157512
5,2026-01-31 23:34:09,103396.577706569,3476.000281906128,115430,115418,1.000103969918037
5,2026-01-31 23:34:09,103396.577706569,3478.0002822875977,114791,115174,0.9966745966971713
5,2026-01-31 23:34:09,103396.577706569,3480.000282669067,114031,113889,1.0012468280518751
5,2026-01-31 23:34:09,103396.577706569,3482.000283050537,113125,113240,0.9989844577887672
5,2026-01-31 23:34:09,103396.577706569,3484.0002834320067,111814,112631,0.9927462243964805
5,2026-01-31 23:34:09,103396.577706569,3486.0002838134765,110559,111395,0.9924951748283136
5,2026-01-31 23:34:09,103396.577706569,3488.0002841949463,110299,109937,1.0032927949643886
5,2026-01-31 23:34:09,103396.577706569,3490.0002845764157,108590,109124,0.9951064843664088
5,2026-01-31 23:34:09,103396.577706569,3492.0002849578855,107496,107692,0.9981799947999851
5,2026-01-31 23:34:09,103396.577706569,3494.0002853393553,106877,105807,1.0101127524643927
5,2026-01-31 23:34:09,103396.577706569,3496.000285720825,105318,104905,1.0039368952862113
5,2026-01-31 23:34:09,103396.577706569,3498.000286102295,103994,103469,1.0050739835119697
5,2026-01-31 23:34:09,103396.577706569,3500.0002864837643,102787,103028,0.9976608300656132
6,2026-02-01 00:06:04,108018.05447470817,2000.0000003814696,108227,109562,0.9878151183804604
6,2026-02-01 00:06:04,108018.05447470817,2002.0000007629394,108617,109446,0.9924254883686933
6,2026-02-01 00:06:04,108018.05447470817,2004.000001144409,107932,108896,0.9911475168968558
6,2026-02-01 00:06:04,108018.05447470817,2006.0000015258788,107647,108695,0.9903583421500529
6,2026-02-01 00:06:04,108018.05447470817,2008.0000019073484,107784,108229,0.9958883478550111
6,2026-02-01 00:06:04,108018.05447470817,2010.0000022888182,107642,108447,0.992577019189097
6,2026-02-01 00:06:04,108018.05447470817,2012.000002670288,107682,108716,0.9904889804628574
6,2026-02-01 00:06:04,108018.05447470817,2014.0000030517576,108157,108837,0.993752124736992
6,2026-02-01 00:06:04,108018.05447470817,2016.0000034332274,108023,108454,0.9960259649252218
6,2026-02-01 00:06:04,108018.05447470817,2018.000003814697,108789,109165,0.9965556726056887
6,2026-02-01 00:06:04,108018.05447470817,2020.0000041961669,108913,109554,0.994149004144075
6,2026-02-01 00:06:04,108018.05447470817,2022.0000045776367,109141,109766,0.9943060692746388
6,2026-02-01 00:06:04,108018.05447470817,2024.0000049591063,110309,110782,0.9957303533064938
6,2026-02-01 00:06:04,108018.05447470817,2026.000005340576,110136,111385,0.9887866409301073
6,2026-02-01 00:06:04,108018.05447470817,2028.0000057220457,110952,112609,0.985285367954604
6,2026-02-01 00:06:04,108018.05447470817,2030.0000061035155,111704,113810,0.9814954749143309
6,2026-02-01 00:06:04,108018.05447470817,2032.0000064849853,113498,114618,0.9902284108953219
6,2026-02-01 00:06:04,108018.05447470817,2034.000006866455,114899,116685,0.9846938338261131
6,2026-02-01 00:06:04,108018.05447470817,2036.0000072479247,116603,117657,0.991041756971536
6,2026-02-01 00:06:04,108018.05447470817,2038.0000076293943,117861,119583,0.9855999598605153
6,2026-02-01 00:06:04,108018.05447470817,2040.0000080108641,119677,121335,0.9863353525363663
6,2026-02-01 00:06:04,108018.05447470817,2042.000008392334,120923,121686,0.9937297634896373
6,2026-02-01 00:06:04,108018.05447470817,2044.0000087738035,122538,122967,0.9965112591183001
6,2026-02-01 00:06:04,108018.05447470817,2046.0000091552733,122567,124190,0.9869313149206861
6,2026-02-01 00:06:04,108018.05447470817,2048.000009536743,123355,123524,0.998631844823678
6,2026-02-01 00:06:04,108018.05447470817,2050.0000099182125,124508,125146,0.994901954517124
6,2026-02-01 00:06:04,108018.05447470817,2052.0000102996823,124756,125083,0.9973857358713814
6,2026-02-01 00:06:04,108018.05447470817,2054.000010681152,124925,124504,1.003381417464499
6,2026-02-01 00:06:04,108018.05447470817,2056.000011062622,124228,124735,0.9959353830119854
6,2026-02-01 00:06:04,108018.05447470817,2058.000011444092,123569,124133,0.9954564861882014
6,2026-02-01 00:06:04,108018.05447470817,2060.000011825561,123647,124144,0.995996584611419
6,2026-02-01 00:06:04,108018.05447470817,2062.000012207031,123387,123417,0.9997569216558497
6,2026-02-01 00:06:04,108018.05447470817,2064.000012588501,122813,123994,0.9904753455812378
6,2026-02-01 00:06:04,108018.05447470817,2066.0000129699706,122125,122262,0.9988794555953607
6,2026-02-01 00:06:04,108018.05447470817,2068.0000133514404,120971,121708,0.9939445229565846
6,2026-02-01 00:06:04,108018.05447470817,2070.00001373291,121169,121083,1.0007102566008441
6,2026-02-01 00:06:04,108018.05447470817,2072.0000141143796,119876,119513,1.0030373264833115
6,2026-02-01 00:06:04,108018.05447470817,2074.0000144958494,119650,119523,1.001062556997398
6,2026-02-01 00:06:04,108018.05447470817,2076.0000148773192,117000,117819,0.9930486593843099
6,2026-02-01 00:06:04,108018.05447470817,2078.000015258789,117473,116767,1.006046228814648
6,2026-02-01 00:06:04,108018.05447470817,2080.0000156402584,114955,115713,0.9934493099306042
6,2026-02-01 00:06:04,108018.05447470817,2082.0000160217282,113834,113688,1.0012842164520441
6,2026-02-01 00:06:04,108018.05447470817,2084.000016403198,111799,111993,0.998267748877162
6,2026-02-01 00:06:04,108018.05447470817,2086.000016784668,110613,110619,0.9999457597700214
6,2026-02-01 00:06:04,108018.05447470817,2088.0000171661377,108593,109274,0.9937679594414042
6,2026-02-01 00:06:04,108018.05447470817,2090.000017547607,107661,107504,1.001460410775413
6,2026-02-01 00:06:04,108018.05447470817,2092.000017929077,107138,106933,1.0019170882702253
6,2026-02-01 00:06:04,108018.05447470817,2094.0000183105467,106785,106155,1.0059347181008902
6,2026-02-01 00:06:04,108018.05447470817,2096.0000186920165,106105,106240,0.9987292921686747
6,2026-02-01 00:06:04,108018.05447470817,2098.0000190734863,105828,106881,0.9901479215201954
6,2026-02-01 00:06:04,108018.05447470817,2100.0000194549557,105991,107557,0.9854402781780823
6,2026-02-01 00:06:04,108018.05447470817,2102.0000198364255,106923,108266,0.9875953669665454
6,2026-02-01 00:06:04,108018.05447470817,2104.0000202178953,108711,108431,1.0025822873532477
6,2026-02-01 00:06:04,108018.05447470817,2106.000020599365,109068,110290,0.9889201196844682
6,2026-02-01 00:06:04,108018.05447470817,2108.000020980835,109863,111859,0.9821561072421531
6,2026-02-01 00:06:04,108018.05447470817,2110.0000213623043,110791,113003,0.9804252984434042
6,2026-02-01 00:06:04,108018.05447470817,2112.000021743774,111957,114078,0.981407458055015
6,2026-02-01 00:06:04,108018.05447470817,2114.000022125244,113005,113589,0.9948586570882744
6,2026-02-01 00:06:04,108018.05447470817,2116.000022506714,114548,114865,0.9972402385408958
6,2026-02-01 00:06:04,108018.05447470817,2118.0000228881836,114882,115569,0.9940554993120992
6,2026-02-01 00:06:04,108018.05447470817,2120.000023269653,115121,115747,0.9945916524834337
6,2026-02-01 00:06:04,108018.05447470817,2122.000023651123,115344,116307,0.9917201888106477
6,2026-02-01 00:06:04,108018.05447470817,2124.0000240325926,116074,116837,0.9934695344796597
6,2026-02-01 00:06:04,108018.05447470817,2126.0000244140624,116613,117634,0.9913205365795603
6,2026-02-01 00:06:04,108018.05447470817,2128.000024795532,117163,118067,0.9923433304818451
6,2026-02-01 00:06:04,108018.05447470817,2130.0000251770016,117449,118201,0.993637955685654
6,2026-02-01 00:06:04,108018.05447470817,2132.0000255584714,118212,118891,0.9942888864590255
6,2026-02-01 00:06:04,108018.05447470817,2134.000025939941,118668,119836,0.9902533462398612
6,2026-02-01 00:06:04,108018.05447470817,2136.000026321411,118869,120235,0.9886389154572296
6,2026-02-01 00:06:04,108018.05447470817,2138.000026702881,119443,121101,0.9863089487287471
6,2026-02-01 00:06:04,108018.05447470817,2140.00002708435,119694,121946,0.981532809604251
6,2026-02-01 00:06:04,108018.05447470817,2142.00002746582,120785,121556,0.9936572443976439
6,2026-02-01 00:06:04,108018.05447470817,2144.00002784729,121080,121649,0.9953226084883559
6,2026-02-01 00:06:04,108018.05447470817,2146.0000282287597,121610,121685,0.9993836545178124
6,2026-02-01 00:06:04,108018.05447470817,2148.0000286102295,121881,122243,0.9970386852416907
6,2026-02-01 00:06:04,108018.05447470817,2150.000028991699,121518,122329,0.9933703373688986
6,2026-02-01 00:06:04,108018.05447470817,2152.0000293731687,121950,122169,0.9982074012228962
6,2026-02-01 00:06:04,108018.05447470817,2154.0000297546385,121434,121407,1.000222392448541
6,2026-02-01 00:06:04,108018.05447470817,2156.0000301361083,121217,122301,0.991136621940949
6,2026-02-01 00:06:04,108018.05447470817,2158.000030517578,120263,120910,0.9946489124141924
6,2026-02-01 00:06:04,108018.05447470817,2160.0000308990475,120247,120518,0.9977513732388523
6,2026-02-01 00:06:04,108018.05447470817,2162.0000312805173,120514,120752,0.9980290181529085
6,2026-02-01 00:06:04,108018.05447470817,2164.000031661987,119934,120125,0.9984099895941727
6,2026-02-01 00:06:04,108018.05447470817,2166.000032043457,119457,119455,1.0000167427064586
6,2026-02-01 00:06:04,108018.05447470817,2168.0000324249268,119711,119929,0.9981822578358862
6,2026-02-01 00:06:04,108018.05447470817,2170.000032806396,118939,119232,0.9975426060118089
6,2026-02-01 00:06:04,108018.05447470817,2172.000033187866,118174,118063,1.0009401760077248
6,2026-02-01 00:06:04,108018.05447470817,2174.0000335693358,116877,116869,1.000068452712011
6,2026-02-01 00:06:04,108018.05447470817,2176.0000339508056,115481,116136,0.9943600606185851
6,2026-02-01 00:06:04,108018.05447470817,2178.0000343322754,114853,114984,0.9988607110554512
6,2026-02-01 00:06:04,108018.05447470817,2180.0000347137448,113314,113383,0.9993914431616733
6,2026-02-01 00:06:04,108018.05447470817,2182.0000350952146,111800,112556,0.9932833434023952
6,2026-02-01 00:06:04,108018.05447470817,2184.0000354766844,110406,110986,0.9947741156542267
6,2026-02-01 00:06:04,108018.05447470817,2186.000035858154,109676,109818,0.9987069515015753
6,2026-02-01 00:06:04,108018.05447470817,2188.000036239624,108883,108823,1.0005513540336142
6,2026-02-01 00:06:04,108018.05447470817,2190.0000366210934,107936,108563,0.9942245516428249
6,2026-02-01 00:06:04,108018.05447470817,2192.000037002563,107223,107421,0.9981567849861759
6,2026-02-01 00:06:04,108018.05447470817,2194.000037384033,107781,108071,0.9973165789157128
6,2026-02-01 00:06:04,108018.05447470817,2196.000037765503,107246,108194,0.9912379614396362
6,2026-02-01 00:06:04,108018.05447470817,2198.0000381469727,107636,108881,0.9885654981126184
6,2026-02-01 00:06:04,108018.05447470817,2200.000038528442,108146,109927,0.983798338897632
6,2026-02-01 00:06:04,108018.05447470817,2202.000038909912,109330,110494,0.9894654913388963
6,2026-02-01 00:06:04,108018.05447470817,2204.0000392913817,110673,112445,0.9842411845791276
6,2026-02-01 00:06:04,108018.05447470817,2206.0000396728515,111800,113171,0.9878855890643363
6,2026-02-01 00:06:04,108018.05447470817,2208.0000400543213,113641,114487,0.9926105147309302
6,2026-02-01 00:06:04,108018.05447470817,2210.0000404357907,115619,116130,0.9955997588908981
6,2026-02-01 00:06:04,108018.05447470817,2212.0000408172605,116393,117815,0.98793022959725
6,2026-02-01 00:06:04,108018.05447470817,2214.0000411987303,117492,118063,0.9951635990953982
6,2026-02-01 00:06:04,108018.05447470817,2216.0000415802,118431,120314,0.9843492860348754
6,2026-02-01 00:06:04,108018.05447470817,2218.00004196167,118760,120130,0.9885956880046616
6,2026-02-01 00:06:04,108018.05447470817,2220.0000423431393,120490,121579,0.9910428610204065
6,2026-02-01 00:06:04,108018.05447470817,2222.000042724609,120849,121896,0.9914107107698366
6,2026-02-01 00:06:04,108018.05447470817,2224.000043106079,121331,122557,0.9899964914284782
6,2026-02-01 00:06:04,108018.05447470817,2226.0000434875487,121910,123337,0.9884300737005116
6,2026-02-01 00:06:04,108018.05447470817,2228.0000438690186,122367,122626,0.9978878867450622
6,2026-02-01 00:06:04,108018.05447470817,2230.000044250488,122822,123406,0.9952676531124904
6,2026-02-01 00:06:04,108018.05447470817,2232.0000446319577,123099,124025,0.9925337633541624
6,2026-02-01 00:06:04,108018.05447470817,2234.0000450134276,122806,122965,0.9987069491318668
6,2026-02-01 00:06:04,108018.05447470817,2236.0000453948974,123059,123357,0.9975842473471307
6,2026-02-01 00:06:04,108018.05447470817,2238.000045776367,122741,123445,0.9942970553687878
6,2026-02-01 00:06:04,108018.05447470817,2240.0000461578366,122881,123445,0.995431163676131
6,2026-02-01 00:06:04,108018.05447470817,2242.0000465393064,122218,123180,0.992190290631596
6,2026-02-01 00:06:04,108018.05447470817,2244.000046920776,122111,122723,0.9950131597174123
6,2026-02-01 00:06:04,108018.05447470817,2246.000047302246,121602,122421,0.9933099713284486
6,2026-02-01 00:06:04,108018.05447470817,2248.000047683716,120874,121546,0.9944712289997203
6,2026-02-01 00:06:04,108018.05447470817,2250.000048065185,120528,120648,0.9990053709966182
6,2026-02-01 00:06:04,108018.05447470817,2252.000048446655,119286,119815,0.9955848599924885
6,2026-02-01 00:06:04,108018.05447470817,2254.000048828125,118604,119645,0.9912992603117556
6,2026-02-01 00:06:04,108018.05447470817,2256.0000492095946,117923,119119,0.989959620211721
6,2026-02-01 00:06:04,108018.05447470817,2258.0000495910645,117856,117964,0.9990844664473907
6,2026-02-01 00:06:04,108018.05447470817,2260.000049972534,116976,117384,0.9965242281741975
6,2026-02-01 00:06:04,108018.05447470817,2262.0000503540036,116729,117307,0.9950727578064396
6,2026-02-01 00:06:04,108018.05447470817,2264.0000507354735,116496,116539,0.999631024807146
6,2026-02-01 00:06:04,108018.05447470817,2266.0000511169433,115582,116251,0.9942452107938856
6,2026-02-01 00:06:04,108018.05447470817,2268.000051498413,114829,116218,0.9880483229792287
6,2026-02-01 00:06:04,108018.05447470817,2270.0000518798824,115569,115568,1.0000086529143015
6,2026-02-01 00:06:04,108018.05447470817,2272.0000522613523,114186,114941,0.9934314126377881
6,2026-02-01 00:06:04,108018.05447470817,2274.000052642822,113929,114641,0.9937893074903394
6,2026-02-01 00:06:04,108018.05447470817,2276.000053024292,113560,114413,0.9925445535035354
6,2026-02-01 00:06:04,108018.05447470817,2278.0000534057617,113443,114620,0.9897312859884837
6,2026-02-01 00:06:04,108018.05447470817,2280.000053787231,113501,114409,0.992063561433104
6,2026-02-01 00:06:04,108018.05447470817,2282.000054168701,112286,113006,0.9936286568854751
6,2026-02-01 00:06:04,108018.05447470817,2284.0000545501707,111750,113199,0.9871995335647842
6,2026-02-01 00:06:04,108018.05447470817,2286.0000549316405,111899,112227,0.9970773521523341
6,2026-02-01 00:06:04,108018.05447470817,2288.0000553131104,111210,112547,0.9881205185389215
6,2026-02-01 00:06:04,108018.05447470817,2290.0000556945797,110637,112674,0.9819212950636349
6,2026-02-01 00:06:04,108018.05447470817,2292.0000560760495,110366,113015,0.9765606335442198
6,2026-02-01 00:06:04,108018.05447470817,2294.0000564575193,110264,112004,0.9844648405414093
6,2026-02-01 00:06:04,108018.05447470817,2296.000056838989,108862,112480,0.9678342816500711
6,2026-02-01 00:06:04,108018.05447470817,2298.000057220459,108039,112221,0.9627342476007165
6,2026-02-01 00:06:04,108018.05447470817,2300.0000576019283,107546,113091,0.9509686889319221
6,2026-02-01 00:06:04,108018.05447470817,2302.000057983398,105368,114089,0.9235596770941984
6,2026-02-01 00:06:04,108018.05447470817,2304.000058364868,104410,113596,0.9191344765660763
6,2026-02-01 00:06:04,108018.05447470817,2306.000058746338,103288,114776,0.899909388722381
6,2026-02-01 00:06:04,108018.05447470817,2308.0000591278076,103250,115525,0.893745942436702
6,2026-02-01 00:06:04,108018.05447470817,2310.000059509277,105342,116508,0.9041610876506334
6,2026-02-01 00:06:04,108018.05447470817,2312.000059890747,108537,117894,0.920632093236297
6,2026-02-01 00:06:04,108018.05447470817,2314.0000602722166,111347,117970,0.9438586081207087
6,2026-02-01 00:06:04,108018.05447470817,2316.0000606536864,114166,120483,0.947569366632637
6,2026-02-01 00:06:04,108018.05447470817,2318.0000610351562,116661,120988,0.9642361225906702
6,2026-02-01 00:06:04,108018.05447470817,2320.0000614166256,118379,122123,0.9693423843174505
6,2026-02-01 00:06:04,108018.05447470817,2322.0000617980954,119646,123172,0.9713733640762511
6,2026-02-01 00:06:04,108018.05447470817,2324.0000621795652,120953,123763,0.9772953144316152
6,2026-02-01 00:06:04,108018.05447470817,2326.000062561035,121692,124149,0.9802092646738999
6,2026-02-01 00:06:04,108018.05447470817,2328.000062942505,123268,125072,0.9855763080465652
6,2026-02-01 00:06:04,108018.05447470817,2330.0000633239742,123940,125630,0.9865477990925734
6,2026-02-01 00:06:04,108018.05447470817,2332.000063705444,124114,125495,0.9889955775130483
6,2026-02-01 00:06:04,108018.05447470817,2334.000064086914,124356,126256,0.9849512102395134
6,2026-02-01 00:06:04,108018.05447470817,2336.0000644683837,125123,126008,0.9929766364040379
6,2026-02-01 00:06:04,108018.05447470817,2338.0000648498535,124601,126605,0.9841712412621935
6,2026-02-01 00:06:04,108018.05447470817,2340.000065231323,124715,125535,0.9934679571434262
6,2026-02-01 00:06:04,108018.05447470817,2342.0000656127927,124838,124656,1.001460017969452
6,2026-02-01 00:06:04,108018.05447470817,2344.0000659942625,123390,124935,0.9876335694561171
6,2026-02-01 00:06:04,108018.05447470817,2346.0000663757323,122686,123690,0.9918829331392999
6,2026-02-01 00:06:04,108018.05447470817,2348.000066757202,122626,122233,1.0032151710258277
6,2026-02-01 00:06:04,108018.05447470817,2350.0000671386715,120832,121786,0.9921665872924639
6,2026-02-01 00:06:04,108018.05447470817,2352.0000675201413,120513,120706,0.998401073683164
6,2026-02-01 00:06:04,108018.05447470817,2354.000067901611,119241,119180,1.0005118308441014
6,2026-02-01 00:06:04,108018.05447470817,2356.000068283081,118007,118337,0.9972113540143827
6,2026-02-01 00:06:04,108018.05447470817,2358.000068664551,116688,116646,1.0003600637827272
6,2026-02-01 00:06:04,108018.05447470817,2360.00006904602,115360,115381,0.9998179942971547
6,2026-02-01 00:06:04,108018.05447470817,2362.00006942749,114727,114096,1.0055304305146544
6,2026-02-01 00:06:04,108018.05447470817,2364.00006980896,113184,112879,1.0027020083452192
6,2026-02-01 00:06:04,108018.05447470817,2366.0000701904296,112074,111827,1.0022087689019648
6,2026-02-01 00:06:04,108018.05447470817,2368.0000705718994,111215,110804,1.0037092523735605
6,2026-02-01 00:06:04,108018.05447470817,2370.000070953369,110811,110559,1.0022793259707488
6,2026-02-01 00:06:04,108018.05447470817,2372.0000713348386,109757,109635,1.0011127833264926
6,2026-02-01 00:06:04,108018.05447470817,2374.0000717163084,110011,109885,1.0011466533193794
6,2026-02-01 00:06:04,108018.05447470817,2376.0000720977782,109616,110196,0.9947366510581146
6,2026-02-01 00:06:04,108018.05447470817,2378.000072479248,109941,110158,0.9980301022168159
6,2026-02-01 00:06:04,108018.05447470817,2380.0000728607174,110172,110320,0.9986584481508339
6,2026-02-01 00:06:04,108018.05447470817,2382.000073242187,110300,111335,0.9907037319800602
6,2026-02-01 00:06:04,108018.05447470817,2384.000073623657,111110,112302,0.9893857633880073
6,2026-02-01 00:06:04,108018.05447470817,2386.000074005127,111880,113041,0.9897293902212472
6,2026-02-01 00:06:04,108018.05447470817,2388.0000743865967,112927,114030,0.9903271069016926
6,2026-02-01 00:06:04,108018.05447470817,2390.000074768066,114344,115220,0.9923971532720014
6,2026-02-01 00:06:04,108018.05447470817,2392.000075149536,114632,116331,0.9853951225382744
6,2026-02-01 00:06:04,108018.05447470817,2394.0000755310057,115360,117009,0.9859070669777539
6,2026-02-01 00:06:04,108018.05447470817,2396.0000759124755,117146,118452,0.9889744369027117
6,2026-02-01 00:06:04,108018.05447470817,2398.0000762939453,118085,119197,0.9906709061469667
6,2026-02-01 00:06:04,108018.05447470817,2400.0000766754147,117977,119528,0.9870239609129242
6,2026-02-01 00:06:04,108018.05447470817,2402.0000770568845,119460,121006,0.9872237740277342
6,2026-02-01 00:06:04,108018.05447470817,2404.0000774383543,120371,120952,0.9951964415635954
6,2026-02-01 00:06:04,108018.05447470817,2406.000077819824,120934,121436,0.9958661352481966
6,2026-02-01 00:06:04,108018.05447470817,2408.000078201294,120794,121807,0.99168356498395
6,2026-02-01 00:06:04,108018.05447470817,2410.0000785827633,121810,122687,0.9928517283819802
6,2026-02-01 00:06:04,108018.05447470817,2412.000078964233,121741,123080,0.9891208969775755
6,2026-02-01 00:06:04,108018.05447470817,2414.000079345703,121707,122755,0.9914626695450287
6,2026-02-01 00:06:04,108018.05447470817,2416.0000797271728,121825,122418,0.99515594111977
6,2026-02-01 00:06:04,108018.05447470817,2418.0000801086426,122431,122745,0.9974418509918938
6,2026-02-01 00:06:04,108018.05447470817,2420.000080490112,122103,122854,0.9938870529246097
6,2026-02-01 00:06:04,108018.05447470817,2422.0000808715818,122058,122602,0.9955628782564722
6,2026-02-01 00:06:04,108018.05447470817,2424.0000812530516,121504,122758,0.9897847798106845
6,2026-02-01 00:06:04,108018.05447470817,2426.0000816345214,121426,122948,0.9876207827699516
6,2026-02-01 00:06:04,108018.05447470817,2428.000082015991,121591,123265,0.9864195026974405
6,2026-02-01 00:06:04,108018.05447470817,2430.0000823974606,121784,122135,0.9971261309207025
6,2026-02-01 00:06:04,108018.05447470817,2432.0000827789304,121955,122068,0.9990742864632828
6,2026-02-01 00:06:04,108018.05447470817,2434.0000831604,122501,122453,1.000391987129756
6,2026-02-01 00:06:04,108018.05447470817,2436.00008354187,121884,122665,0.9936330656666531
6,2026-02-01 00:06:04,108018.05447470817,2438.00008392334,121542,122136,0.9951365690705443
6,2026-02-01 00:06:04,108018.05447470817,2440.000084304809,121775,121786,0.9999096776312548
6,2026-02-01 00:06:04,108018.05447470817,2442.000084686279,121240,121930,0.9943410153366686
6,2026-02-01 00:06:04,108018.05447470817,2444.000085067749,119822,120974,0.9904772926413941
6,2026-02-01 00:06:04,108018.05447470817,2446.0000854492187,121059,121783,0.9940549994662637
6,2026-02-01 00:06:04,108018.05447470817,2448.0000858306885,120439,120461,0.9998173682768697
6,2026-02-01 00:06:04,108018.05447470817,2450.000086212158,119709,119528,1.001514289538853
6,2026-02-01 00:06:04,108018.05447470817,2452.0000865936277,118938,119345,0.9965897188822321
6,2026-02-01 00:06:04,108018.05447470817,2454.0000869750975,118050,118880,0.9930181695827726
6,2026-02-01 00:06:04,108018.05447470817,2456.0000873565673,117483,117995,0.9956608330861477
6,2026-02-01 00:06:04,108018.05447470817,2458.000087738037,116830,116318,1.0044017263020342
6,2026-02-01 00:06:04,108018.05447470817,2460.0000881195065,114936,116162,0.9894457740052685
6,2026-02-01 00:06:04,108018.05447470817,2462.0000885009763,114556,114936,0.9966938122085335
6,2026-02-01 00:06:04,108018.05447470817,2464.000088882446,114386,114290,1.0008399685011813
6,2026-02-01 00:06:04,108018.05447470817,2466.000089263916,113233,112908,1.0028784497112693
6,2026-02-01 00:06:04,108018.05447470817,2468.0000896453857,112395,113140,0.9934152377585292
6,2026-02-01 00:06:04,108018.05447470817,2470.000090026855,111523,111112,1.0036989704082366
6,2026-02-01 00:06:04,108018.05447470817,2472.000090408325,111359,111787,0.9961712900426705
6,2026-02-01 00:06:04,108018.05447470817,2474.0000907897947,110408,111519,0.9900375720729203
6,2026-02-01 00:06:04,108018.05447470817,2476.0000911712646,111092,110909,1.00165000135246
6,2026-02-01 00:06:04,108018.05447470817,2478.0000915527344,110465,110876,0.9962931563187705
6,2026-02-01 00:06:04,108018.05447470817,2480.0000919342037,111380,112163,0.9930190882911477
6,2026-02-01 00:06:04,108018.05447470817,2482.0000923156736,112015,112308,0.9973911030380739
6,2026-02-01 00:06:04,108018.05447470817,2484.0000926971434,111861,113158,0.9885381501970696
6,2026-02-01 00:06:04,108018.05447470817,2486.000093078613,113608,114065,0.9959935124709596
6,2026-02-01 00:06:04,108018.05447470817,2488.000093460083,113935,114322,0.9966148247931281
6,2026-02-01 00:06:04,108018.05447470817,2490.0000938415524,114372,115626,0.9891546883918841
6,2026-02-01 00:06:04,108018.05447470817,2492.000094223022,115520,116817,0.9888971639401799
6,2026-02-01 00:06:04,108018.05447470817,2494.000094604492,115848,117390,0.9868642984922055
6,2026-02-01 00:06:04,108018.05447470817,2496.000094985962,117375,118252,0.9925836349490917
6,2026-02-01 00:06:04,108018.05447470817,2498.0000953674316,118401,119076,0.9943313514058248
6,2026-02-01 00:06:04,108018.05447470817,2500.000095748901,119491,120771,0.9894014291510379
6,2026-02-01 00:06:04,108018.05447470817,2502.000096130371,120291,121304,0.991649079997362
6,2026-02-01 00:06:04,108018.05447470817,2504.0000965118406,121422,122631,0.9901411551728356
6,2026-02-01 00:06:04,108018.05447470817,2506.0000968933105,121726,123278,0.9874105679845553
6,2026-02-01 00:06:04,108018.05447470817,2508.0000972747803,123285,123479,0.9984288826440123
6,2026-02-01 00:06:04,108018.05447470817,2510.0000976562496,123028,124650,0.9869875651825111
6,2026-02-01 00:06:04,108018.05447470817,2512.0000980377195,124191,123990,1.0016210984756835
6,2026-02-01 00:06:04,108018.05447470817,2514.0000984191893,124161,123969,1.0015487742903468
6,2026-02-01 00:06:04,108018.05447470817,2516.000098800659,123398,124872,0.9881959126145172
6,2026-02-01 00:06:04,108018.05447470817,2518.000099182129,123986,123847,1.0011223525801998
6,2026-02-01 00:06:04,108018.05447470817,2520.0000995635983,122887,124457,0.9873852013145102
6,2026-02-01 00:06:04,108018.05447470817,2522.000099945068,123298,122982,1.002569481712771
6,2026-02-01 00:06:04,108018.05447470817,2524.000100326538,122373,123571,0.9903051686884463
6,2026-02-01 00:06:04,108018.05447470817,2526.0001007080077,121873,123034,0.9905635840499374
6,2026-02-01 00:06:04,108018.05447470817,2528.0001010894775,122052,121829,1.0018304344614173
6,2026-02-01 00:06:04,108018.05447470817,2530.000101470947,120850,122284,0.98827320009159
6,2026-02-01 00:06:04,108018.05447470817,2532.0001018524167,119841,121178,0.9889666441103171
6,2026-02-01 00:06:04,108018.05447470817,2534.0001022338865,119638,120416,0.993539064576136
6,2026-02-01 00:06:04,108018.05447470817,2536.0001026153564,120752,119321,1.011992859597221
6,2026-02-01 00:06:04,108018.05447470817,2538.000102996826,118510,119413,0.9924380092619731
6,2026-02-01 00:06:04,108018.05447470817,2540.0001033782955,118692,119170,0.9959889233867584
6,2026-02-01 00:06:04,108018.05447470817,2542.0001037597654,118407,119043,0.9946573927068371
6,2026-02-01 00:06:04,108018.05447470817,2544.000104141235,117849,117856,0.9999406054846592
6,2026-02-01 00:06:04,108018.05447470817,2546.000104522705,116896,117229,0.99715940594904
6,2026-02-01 00:06:04,108018.05447470817,2548.000104904175,116231,116749,0.995563131161723
6,2026-02-01 00:06:04,108018.05447470817,2550.000105285644,116315,116244,1.0006107842125185
6,2026-02-01 00:06:04,108018.05447470817,2552.000105667114,115718,116845,0.9903547434635629
6,2026-02-01 00:06:04,108018.05447470817,2554.000106048584,115368,115936,0.9951007452387524
6,2026-02-01 00:06:04,108018.05447470817,2556.0001064300536,114122,115683,0.986506228227138
6,2026-02-01 00:06:04,108018.05447470817,2558.0001068115234,114901,115062,0.9986007543759017
6,2026-02-01 00:06:04,108018.05447470817,2560.000107192993,114745,114594,1.0013176955163448
6,2026-02-01 00:06:04,108018.05447470817,2562.0001075744626,113344,114529,0.9896532755895887
6,2026-02-01 00:06:04,108018.05447470817,2564.0001079559324,114212,114957,0.9935193159181259
6,2026-02-01 00:06:04,108018.05447470817,2566.0001083374023,113814,114477,0.9942084436174952
6,2026-02-01 00:06:04,108018.05447470817,2568.000108718872,113975,115024,0.9908801641396578
6,2026-02-01 00:06:04,108018.05447470817,2570.0001091003414,113797,114778,0.9914530659185559
6,2026-02-01 00:06:04,108018.05447470817,2572.0001094818113,113408,114646,0.9892015421384087
6,2026-02-01 00:06:04,108018.05447470817,2574.000109863281,113868,115184,0.9885748020558411
6,2026-02-01 00:06:04,108018.05447470817,2576.000110244751,114047,114714,0.9941855396900117
6,2026-02-01 00:06:04,108018.05447470817,2578.0001106262207,113548,114795,0.9891371575417047
6,2026-02-01 00:06:04,108018.05447470817,2580.00011100769,113620,115384,0.9847119184635651
6,2026-02-01 00:06:04,108018.05447470817,2582.00011138916,113406,115030,0.9858819438407372
6,2026-02-01 00:06:04,108018.05447470817,2584.0001117706297,114709,115730,0.9911777412943921
6,2026-02-01 00:06:04,108018.05447470817,2586.0001121520995,114283,116320,0.9824879642365887
6,2026-02-01 00:06:04,108018.05447470817,2588.0001125335693,114160,115589,0.9876372319165319
6,2026-02-01 00:06:04,108018.05447470817,2590.0001129150387,114221,115687,0.9873278760794212
6,2026-02-01 00:06:04,108018.05447470817,2592.0001132965085,114439,116788,0.9798866321882386
6,2026-02-01 00:06:04,108018.05447470817,2594.0001136779783,114763,117334,0.9780881926807234
6,2026-02-01 00:06:04,108018.05447470817,2596.000114059448,114689,118331,0.9692219283197133
6,2026-02-01 00:06:04,108018.05447470817,2598.000114440918,114971,119259,0.9640446423330734
6,2026-02-01 00:06:04,108018.05447470817,2600.0001148223873,114010,120363,0.9472179988867011
6,2026-02-01 00:06:04,108018.05447470817,2602.000115203857,113177,121422,0.9320963252128939
6,2026-02-01 00:06:04,108018.05447470817,2604.000115585327,111316,121922,0.9130099571857417
6,2026-02-01 00:06:04,108018.05447470817,2606.000115966797,110458,123022,0.8978719253466859
6,2026-02-01 00:06:04,108018.05447470817,2608.0001163482666,110088,122968,0.8952573027129009
6,2026-02-01 00:06:04,108018.05447470817,2610.000116729736,112438,123987,0.9068531378289659
6,2026-02-01 00:06:04,108018.05447470817,2612.000117111206,114869,124013,0.9262657947150702
6,2026-02-01 00:06:04,108018.05447470817,2614.0001174926756,117984,125245,0.9420256297656593
6,2026-02-01 00:06:04,108018.05447470817,2616.0001178741454,118815,124680,0.9529595765158807
6,2026-02-01 00:06:04,108018.05447470817,2618.0001182556152,120617,125026,0.9647353350503095
6,2026-02-01 00:06:04,108018.05447470817,2620.0001186370846,121305,124686,0.9728838843174054
6,2026-02-01 00:06:04,108018.05447470817,2622.0001190185544,122246,124141,0.984735099604482
6,2026-02-01 00:06:04,108018.05447470817,2624.0001194000242,122804,124833,0.9837462850368092
6,2026-02-01 00:06:04,108018.05447470817,2626.000119781494,122430,123942,0.9878007455099966
6,2026-02-01 00:06:04,108018.05447470817,2628.000120162964,121907,123107,0.9902523820741307
6,2026-02-01 00:06:04,108018.05447470817,2630.0001205444332,121883,123645,0.9857495248493672
6,2026-02-01 00:06:04,108018.05447470817,2632.000120925903,121451,122426,0.9920360054236845
6,2026-02-01 00:06:04,108018.05447470817,2634.000121307373,120324,121131,0.9933377913168387
6,2026-02-01 00:06:04,108018.05447470817,2636.0001216888427,120304,120187,1.000973482989009
6,2026-02-01 00:06:04,108018.05447470817,2638.0001220703125,118496,119555,0.9911421521475472
6,2026-02-01 00:06:04,108018.05447470817,2640.000122451782,118163,118508,0.9970888041313667
6,2026-02-01 00:06:04,108018.05447470817,2642.0001228332517,117405,117373,1.0002726351034736
6,2026-02-01 00:06:04,108018.05447470817,2644.0001232147215,115650,116073,0.9963557416453439
6,2026-02-01 00:06:04,108018.05447470817,2646.0001235961913,115390,115269,1.0010497184845881
6,2026-02-01 00:06:04,108018.05447470817,2648.000123977661,113438,113749,0.9972659100299783
6,2026-02-01 00:06:04,108018.05447470817,2650.0001243591305,112308,113077,0.9931993243542011
6,2026-02-01 00:06:04,108018.05447470817,2652.0001247406003,112045,112557,0.995451193617456
6,2026-02-01 00:06:04,108018.05447470817,2654.00012512207,111194,111345,0.9986438546858862
6,2026-02-01 00:06:04,108018.05447470817,2656.00012550354,111715,110791,1.008340027619572
6,2026-02-01 00:06:04,108018.05447470817,2658.0001258850098,110636,111154,0.9953397988376487
6,2026-02-01 00:06:04,108018.05447470817,2660.000126266479,110742,110800,0.9994765342960289
6,2026-02-01 00:06:04,108018.05447470817,2662.000126647949,110002,110783,0.9929501818871126
6,2026-02-01 00:06:04,108018.05447470817,2664.0001270294188,111276,111208,1.0006114668009496
6,2026-02-01 00:06:04,108018.05447470817,2666.0001274108886,111160,112212,0.9906248886037144
6,2026-02-01 00:06:04,108018.05447470817,2668.0001277923584,112332,112867,0.9952599076789496
6,2026-02-01 00:06:04,108018.05447470817,2670.0001281738278,112194,113221,0.9909292445747697
6,2026-02-01 00:06:04,108018.05447470817,2672.0001285552976,112680,114006,0.9883690332087784
6,2026-02-01 00:06:04,108018.05447470817,2674.0001289367674,114634,115023,0.9966180676908096
6,2026-02-01 00:06:04,108018.05447470817,2676.000129318237,114380,116219,0.9841764255414347
6,2026-02-01 00:06:04,108018.05447470817,2678.000129699707,115618,116686,0.9908472310302864
6,2026-02-01 00:06:04,108018.05447470817,2680.0001300811764,116740,117780,0.9911699779249448
6,2026-02-01 00:06:04,108018.05447470817,2682.000130462646,116639,118397,0.9851516508019629
6,2026-02-01 00:06:04,108018.05447470817,2684.000130844116,117546,118777,0.9896360406476001
6,2026-02-01 00:06:04,108018.05447470817,2686.000131225586,119287,119560,0.9977166276346604
6,2026-02-01 00:06:04,108018.05447470817,2688.0001316070557,119083,120144,0.9911689306165934
6,2026-02-01 00:06:04,108018.05447470817,2690.000131988525,119063,120674,0.9866499825977427
6,2026-02-01 00:06:04,108018.05447470817,2692.000132369995,120027,120493,0.996132555418157
6,2026-02-01 00:06:04,108018.05447470817,2694.0001327514647,119998,121007,0.9916616394092904
6,2026-02-01 00:06:04,108018.05447470817,2696.0001331329345,120608,121616,0.9917116168925142
6,2026-02-01 00:06:04,108018.05447470817,2698.0001335144043,120760,122048,0.9894467750393288
6,2026-02-01 00:06:04,108018.05447470817,2700.0001338958737,121416,121786,0.9969618839603895
6,2026-02-01 00:06:04,108018.05447470817,2702.0001342773435,120779,122080,0.9893430537352556
6,2026-02-01 00:06:04,108018.05447470817,2704.0001346588133,120905,122468,0.9872374824443937
6,2026-02-01 00:06:04,108018.05447470817,2706.000135040283,121577,122665,0.9911303142705743
6,2026-02-01 00:06:04,108018.05447470817,2708.000135421753,121825,122383,0.9954405432127011
6,2026-02-01 00:06:04,108018.05447470817,2710.0001358032223,121741,122343,0.9950794078941991
6,2026-02-01 00:06:04,108018.05447470817,2712.000136184692,121495,122056,0.9954037490987744
6,2026-02-01 00:06:04,108018.05447470817,2714.000136566162,122153,121829,1.0026594653161398
6,2026-02-01 00:06:04,108018.05447470817,2716.0001369476317,121897,122668,0.9937147422310627
6,2026-02-01 00:06:04,108018.05447470817,2718.0001373291016,121550,122319,0.9937131598525167
6,2026-02-01 00:06:04,108018.05447470817,2720.000137710571,121364,121333,1.0002554952074043
6,2026-02-01 00:06:04,108018.05447470817,2722.0001380920407,121373,121894,0.9957257945427995
6,2026-02-01 00:06:04,108018.05447470817,2724.0001384735106,120649,122000,0.9889262295081968
6,2026-02-01 00:06:04,108018.05447470817,2726.0001388549804,120005,121564,0.9871754795827712
6,2026-02-01 00:06:04,108018.05447470817,2728.00013923645,119214,120280,0.9911373461922182
6,2026-02-01 00:06:04,108018.05447470817,2730.0001396179196,119870,119347,1.0043821796945043
6,2026-02-01 00:06:04,108018.05447470817,2732.0001399993894,119036,119617,0.9951428308685221
6,2026-02-01 00:06:04,108018.05447470817,2734.000140380859,118097,118162,0.9994499077537617
6,2026-02-01 00:06:04,108018.05447470817,2736.000140762329,117088,117298,0.9982096881447254
6,2026-02-01 00:06:04,108018.05447470817,2738.000141143799,117178,116974,1.0017439772940995
6,2026-02-01 00:06:04,108018.05447470817,2740.000141525268,115435,116129,0.9940238872288576
6,2026-02-01 00:06:04,108018.05447470817,2742.000141906738,114924,115032,0.999061130815773
6,2026-02-01 00:06:04,108018.05447470817,2744.000142288208,113881,114267,0.9966219468437957
6,2026-02-01 00:06:04,108018.05447470817,2746.0001426696776,113185,113072,1.000999363237583
6,2026-02-01 00:06:04,108018.05447470817,2748.0001430511475,112045,112561,0.9954158189781541
6,2026-02-01 00:06:04,108018.05447470817,2750.000143432617,111761,111428,1.0029884768639838
6,2026-02-01 00:06:04,108018.05447470817,2752.0001438140866,110837,111454,0.9944640838372781
6,2026-02-01 00:06:04,108018.05447470817,2754.0001441955565,110614,110861,0.9977719847376444
6,2026-02-01 00:06:04,108018.05447470817,2756.0001445770263,110469,110736,0.9975888599913307
6,2026-02-01 00:06:04,108018.05447470817,2758.000144958496,109887,110519,0.9942815262534044
6,2026-02-01 00:06:04,108018.05447470817,2760.0001453399655,109946,110947,0.9909776740245342
6,2026-02-01 00:06:04,108018.05447470817,2762.0001457214353,110197,110883,0.9938132987022357
6,2026-02-01 00:06:04,108018.05447470817,2764.000146102905,110708,112032,0.9881819480148529
6,2026-02-01 00:06:04,108018.05447470817,2766.000146484375,111181,111953,0.993104249104535
6,2026-02-01 00:06:04,108018.05447470817,2768.0001468658447,112098,112651,0.9950910333685453
6,2026-02-01 00:06:04,108018.05447470817,2770.000147247314,113025,114644,0.9858780223997767
6,2026-02-01 00:06:04,108018.05447470817,2772.000147628784,113851,114769,0.9920013243994459
6,2026-02-01 00:06:04,108018.05447470817,2774.0001480102537,114813,115558,0.9935530209937866
6,2026-02-01 00:06:04,108018.05447470817,2776.0001483917235,116000,116789,0.9932442267679319
6,2026-02-01 00:06:04,108018.05447470817,2778.0001487731934,116555,117447,0.9924050848467819
6,2026-02-01 00:06:04,108018.05447470817,2780.0001491546627,117105,118465,0.9885198159794032
6,2026-02-01 00:06:04,108018.05447470817,2782.0001495361325,118702,119770,0.9910829089087417
6,2026-02-01 00:06:04,108018.05447470817,2784.0001499176024,119722,120171,0.996263657621223
6,2026-02-01 00:06:04,108018.05447470817,2786.000150299072,120727,121899,0.990385483063848
6,2026-02-01 00:06:04,108018.05447470817,2788.000150680542,121058,122215,0.9905330769545473
6,2026-02-01 00:06:04,108018.05447470817,2790.0001510620114,122385,122944,0.9954532144716294
6,2026-02-01 00:06:04,108018.05447470817,2792.000151443481,121193,122641,0.9881931817255241
6,2026-02-01 00:06:04,108018.05447470817,2794.000151824951,122689,123467,0.9936987211157637
6,2026-02-01 00:06:04,108018.05447470817,2796.000152206421,122465,122989,0.9957394563741473
6,2026-02-01 00:06:04,108018.05447470817,2798.0001525878906,122084,123217,0.9908048402412005
6,2026-02-01 00:06:04,108018.05447470817,2800.00015296936,122578,124049,0.9881417826826496
6,2026-02-01 00:06:04,108018.05447470817,2802.00015335083,123276,123424,0.9988008815141302
6,2026-02-01 00:06:04,108018.05447470817,2804.0001537322996,122246,123409,0.9905760519897252
6,2026-02-01 00:06:04,108018.05447470817,2806.0001541137694,122792,123851,0.9914494029115631
6,2026-02-01 00:06:04,108018.05447470817,2808.0001544952393,122568,123031,0.9962367208264584
6,2026-02-01 00:06:04,108018.05447470817,2810.0001548767086,122321,122506,0.9984898698839241
6,2026-02-01 00:06:04,108018.05447470817,2812.0001552581784,121384,122058,0.9944780350325255
6,2026-02-01 00:06:04,108018.05447470817,2814.0001556396483,121101,121984,0.9927613457502623
6,2026-02-01 00:06:04,108018.05447470817,2816.000156021118,120862,120668,1.0016077170418007
6,2026-02-01 00:06:04,108018.05447470817,2818.000156402588,119295,119911,0.9948628566186588
6,2026-02-01 00:06:04,108018.05447470817,2820.0001567840573,119158,119902,0.9937949325282314
6,2026-02-01 00:06:04,108018.05447470817,2822.000157165527,117598,118659,0.9910584110771201
6,2026-02-01 00:06:04,108018.05447470817,2824.000157546997,117643,117725,0.9993034614567848
6,2026-02-01 00:06:04,108018.05447470817,2826.0001579284667,116681,116374,1.0026380462990014
6,2026-02-01 00:06:04,108018.05447470817,2828.0001583099365,115839,115976,0.9988187211147134
6,2026-02-01 00:06:04,108018.05447470817,2830.000158691406,115038,114795,1.0021168169345356
6,2026-02-01 00:06:04,108018.05447470817,2832.0001590728757,113639,113797,0.9986115626949744
6,2026-02-01 00:06:04,108018.05447470817,2834.0001594543455,112587,113468,0.9922356964077977
6,2026-02-01 00:06:04,108018.05447470817,2836.0001598358153,112433,111964,1.0041888464149191
6,2026-02-01 00:06:04,108018.05447470817,2838.000160217285,110607,110680,0.9993404409107336
6,2026-02-01 00:06:04,108018.05447470817,2840.0001605987545,110327,110113,1.0019434580839683
6,2026-02-01 00:06:04,108018.05447470817,2842.0001609802243,109346,109012,1.0030638828752798
6,2026-02-01 00:06:04,108018.05447470817,2844.000161361694,108126,108460,0.9969205236953715
6,2026-02-01 00:06:04,108018.05447470817,2846.000161743164,108251,108493,0.9977694413464463
6,2026-02-01 00:06:04,108018.05447470817,2848.000162124634,107589,108046,0.9957703200488681
6,2026-02-01 00:06:04,108018.05447470817,2850.000162506103,106226,107293,0.9900552692160719
6,2026-02-01 00:06:04,108018.05447470817,2852.000162887573,106904,107864,0.9910999035822888
6,2026-02-01 00:06:04,108018.05447470817,2854.000163269043,107279,108039,0.9929655031979193
6,2026-02-01 00:06:04,108018.05447470817,2856.0001636505126,107153,107984,0.9923044154689583
6,2026-02-01 00:06:04,108018.05447470817,2858.0001640319824,108054,108811,0.9930429827866668
6,2026-02-01 00:06:04,108018.05447470817,2860.000164413452,108755,109812,0.9903744581648636
6,2026-02-01 00:06:04,108018.05447470817,2862.0001647949216,109590,111296,0.984671506612996
6,2026-02-01 00:06:04,108018.05447470817,2864.0001651763914,111012,112991,0.982485330690055
6,2026-02-01 00:06:04,108018.05447470817,2866.0001655578612,112210,113935,0.9848597884758854
6,2026-02-01 00:06:04,108018.05447470817,2868.000165939331,112898,115183,0.9801620030733702
6,2026-02-01 00:06:04,108018.05447470817,2870.0001663208004,115181,116192,0.9912988846047921
6,2026-02-01 00:06:04,108018.05447470817,2872.0001667022702,115959,116890,0.9920352468132432
6,2026-02-01 00:06:04,108018.05447470817,2874.00016708374,117286,118566,0.9892043250172899
6,2026-02-01 00:06:04,108018.05447470817,2876.00016746521,118182,118693,0.9956947755975499
6,2026-02-01 00:06:04,108018.05447470817,2878.0001678466797,118768,119735,0.9919238317952145
6,2026-02-01 00:06:04,108018.05447470817,2880.000168228149,119322,120772,0.987993905872222
6,2026-02-01 00:06:04,108018.05447470817,2882.000168609619,119322,121168,0.9847649544434174
6,2026-02-01 00:06:04,108018.05447470817,2884.0001689910887,120523,121731,0.9900764801077786
6,2026-02-01 00:06:04,108018.05447470817,2886.0001693725585,120769,122063,0.9893989169527211
6,2026-02-01 00:06:04,108018.05447470817,2888.0001697540283,121367,121381,0.9998846606964846
6,2026-02-01 00:06:04,108018.05447470817,2890.0001701354977,120712,122415,0.9860883061716293
6,2026-02-01 00:06:04,108018.05447470817,2892.0001705169675,121070,122262,0.990250445764015
6,2026-02-01 00:06:04,108018.05447470817,2894.0001708984373,121092,122065,0.9920288370949903
6,2026-02-01 00:06:04,108018.05447470817,2896.000171279907,121350,121852,0.995880248169911
6,2026-02-01 00:06:04,108018.05447470817,2898.000171661377,120677,121715,0.991471881033562
6,2026-02-01 00:06:04,108018.05447470817,2900.0001720428463,120649,121534,0.9927180871196538
6,2026-02-01 00:06:04,108018.05447470817,2902.000172424316,121514,121758,0.9979960249018545
6,2026-02-01 00:06:04,108018.05447470817,2904.000172805786,120998,121586,0.9951639168983271
6,2026-02-01 00:06:04,108018.05447470817,2906.0001731872558,120558,121757,0.9901525168984124
6,2026-02-01 00:06:04,108018.05447470817,2908.0001735687256,120609,120896,0.9976260587612493
6,2026-02-01 00:06:04,108018.05447470817,2910.000173950195,119911,120457,0.9954672621765444
6,2026-02-01 00:06:04,108018.05447470817,2912.0001743316648,119398,119935,0.9955225747279777
6,2026-02-01 00:06:04,108018.05447470817,2914.0001747131346,118948,119247,0.997492599394534
6,2026-02-01 00:06:04,108018.05447470817,2916.0001750946044,117626,118154,0.9955312558186773
6,2026-02-01 00:06:04,108018.05447470817,2918.000175476074,116868,117226,0.9969460699844744
6,2026-02-01 00:06:04,108018.05447470817,2920.0001758575436,115619,116068,0.996131578040459
6,2026-02-01 00:06:04,108018.05447470817,2922.0001762390134,115007,115133,0.9989056135078561
6,2026-02-01 00:06:04,108018.05447470817,2924.000176620483,114083,114104,0.9998159573722218
6,2026-02-01 00:06:04,108018.05447470817,2926.000177001953,112679,112135,1.0048512953136843
6,2026-02-01 00:06:04,108018.05447470817,2928.000177383423,111518,111959,0.9960610580658992
6,2026-02-01 00:06:04,108018.05447470817,2930.000177764892,110560,110957,0.9964220373658264
6,2026-02-01 00:06:04,108018.05447470817,2932.000178146362,109885,110155,0.9975489083564069
6,2026-02-01 00:06:04,108018.05447470817,2934.000178527832,108018,108478,0.9957595088405022
6,2026-02-01 00:06:04,108018.05447470817,2936.0001789093017,108723,108465,1.0023786474899736
6,2026-02-01 00:06:04,108018.05447470817,2938.0001792907715,107056,107568,0.9952402201398185
6,2026-02-01 00:06:04,108018.05447470817,2940.000179672241,106343,106709,0.9965701112371028
6,2026-02-01 00:06:04,108018.05447470817,2942.0001800537107,106118,107518,0.9869789244591604
6,2026-02-01 00:06:04,108018.05447470817,2944.0001804351805,106491,107457,0.9910103576314246
6,2026-02-01 00:06:04,108018.05447470817,2946.0001808166503,106456,107626,0.9891290208685634
6,2026-02-01 00:06:04,108018.05447470817,2948.00018119812,106545,108059,0.9859891355648304
6,2026-02-01 00:06:04,108018.05447470817,2950.0001815795895,107365,109054,0.9845122599812937
6,2026-02-01 00:06:04,108018.05447470817,2952.0001819610593,107652,109580,0.9824055484577477
6,2026-02-01 00:06:04,108018.05447470817,2954.000182342529,108440,110703,0.9795579162262992
6,2026-02-01 00:06:04,108018.05447470817,2956.000182723999,109707,111854,0.9808053355266687
6,2026-02-01 00:06:04,108018.05447470817,2958.0001831054688,111153,113008,0.9835852329038652
6,2026-02-01 00:06:04,108018.05447470817,2960.000183486938,112815,114381,0.986308914942167
6,2026-02-01 00:06:04,108018.05447470817,2962.000183868408,114451,116176,0.9851518385897259
6,2026-02-01 00:06:04,108018.05447470817,2964.0001842498777,116006,118265,0.9808988289011965
6,2026-02-01 00:06:04,108018.05447470817,2966.0001846313476,116496,118623,0.9820692445815735
6,2026-02-01 00:06:04,108018.05447470817,2968.0001850128174,117708,119693,0.9834159056920622
6,2026-02-01 00:06:04,108018.05447470817,2970.0001853942867,118848,120482,0.9864378081373151
6,2026-02-01 00:06:04,108018.05447470817,2972.0001857757566,120044,122434,0.9804792786317527
6,2026-02-01 00:06:04,108018.05447470817,2974.0001861572264,120537,122105,0.987158593014209
6,2026-02-01 00:06:04,108018.05447470817,2976.000186538696,121143,123627,0.9799073018030042
6,2026-02-01 00:06:04,108018.05447470817,2978.000186920166,121872,123855,0.9839893423761656
6,2026-02-01 00:06:04,108018.05447470817,2980.0001873016354,121759,123517,0.9857671413651562
6,2026-02-01 00:06:04,108018.05447470817,2982.000187683105,121806,123912,0.9830040674026729
6,2026-02-01 00:06:04,108018.05447470817,2984.000188064575,121669,123666,0.9838516649685443
6,2026-02-01 00:06:04,108018.05447470817,2986.000188446045,121857,124198,0.9811510652345449
6,2026-02-01 00:06:04,108018.05447470817,2988.0001888275146,121670,124376,0.9782433910079115
6,2026-02-01 00:06:04,108018.05447470817,2990.000189208984,122283,123710,0.9884649583703824
6,2026-02-01 00:06:04,108018.05447470817,2992.000189590454,122083,123317,0.9899932693789177
6,2026-02-01 00:06:04,108018.05447470817,2994.0001899719236,121453,122838,0.9887249873817548
6,2026-02-01 00:06:04,108018.05447470817,2996.0001903533935,121099,122737,0.9866543910964094
6,2026-02-01 00:06:04,108018.05447470817,2998.0001907348633,120951,122789,0.9850312324393878
6,2026-02-01 00:06:04,108018.05447470817,3000.0001911163326,120388,122234,0.9848978189374479
6,2026-02-01 00:06:04,108018.05447470817,3002.0001914978025,119695,121164,0.9878759367468886
6,2026-02-01 00:06:04,108018.05447470817,3004.0001918792723,118900,120454,0.987098809504043
6,2026-02-01 00:06:04,108018.05447470817,3006.000192260742,118292,120168,0.9843885227348379
6,2026-02-01 00:06:04,108018.05447470817,3008.000192642212,118202,119499,0.9891463526891439
6,2026-02-01 00:06:04,108018.05447470817,3010.0001930236813,116533,118297,0.9850883792488397
6,2026-02-01 00:06:04,108018.05447470817,3012.000193405151,116598,117631,0.9912183012981272
6,2026-02-01 00:06:04,108018.05447470817,3014.000193786621,115332,117390,0.9824686940966011
6,2026-02-01 00:06:04,108018.05447470817,3016.0001941680907,114005,115388,0.9880143515790204
6,2026-02-01 00:06:04,108018.05447470817,3018.0001945495605,113345,114102,0.9933655851781739
6,2026-02-01 00:06:04,108018.05447470817,3020.00019493103,112604,114094,0.9869405928444966
6,2026-02-01 00:06:04,108018.05447470817,3022.0001953124997,111676,113668,0.9824752788823592
6,2026-02-01 00:06:04,108018.05447470817,3024.0001956939695,111529,112511,0.9912719645190248
6,2026-02-01 00:06:04,108018.05447470817,3026.0001960754394,110508,112003,0.986652143246163
6,2026-02-01 00:06:04,108018.05447470817,3028.000196456909,110045,111240,0.9892574613448399
6,2026-02-01 00:06:04,108018.05447470817,3030.0001968383785,109663,110861,0.9891936749623402
6,2026-02-01 00:06:04,108018.05447470817,3032.0001972198484,108505,111021,0.9773376208104773
6,2026-02-01 00:06:04,108018.05447470817,3034.000197601318,109551,110538,0.9910709439287847
6,2026-02-01 00:06:04,108018.05447470817,3036.000197982788,108802,110571,0.9840012299789276
6,2026-02-01 00:06:04,108018.05447470817,3038.000198364258,109859,111006,0.9896672251950345
6,2026-02-01 00:06:04,108018.05447470817,3040.000198745727,109185,110999,0.9836575104280219
6,2026-02-01 00:06:04,108018.05447470817,3042.000199127197,109230,111818,0.9768552469191006
6,2026-02-01 00:06:04,108018.05447470817,3044.000199508667,110313,112086,0.9841817889834591
6,2026-02-01 00:06:04,108018.05447470817,3046.0001998901366,109670,112298,0.9765979803736486
6,2026-02-01 00:06:04,108018.05447470817,3048.0002002716064,110610,112392,0.9841447789878283
6,2026-02-01 00:06:04,108018.05447470817,3050.000200653076,111978,113764,0.984300833304033
6,2026-02-01 00:06:04,108018.05447470817,3052.0002010345456,111948,114350,0.9789943156974202
6,2026-02-01 00:06:04,108018.05447470817,3054.0002014160154,113227,114839,0.9859629568352215
6,2026-02-01 00:06:04,108018.05447470817,3056.0002017974853,113317,115911,0.9776207607560974
6,2026-02-01 00:06:04,108018.05447470817,3058.000202178955,113837,116330,0.9785695865211037
6,2026-02-01 00:06:04,108018.05447470817,3060.0002025604244,115219,117545,0.9802118337657918
6,2026-02-01 00:06:04,108018.05447470817,3062.0002029418943,115677,118483,0.976317277584126
6,2026-02-01 00:06:04,108018.05447470817,3064.000203323364,117078,119254,0.9817532325959716
6,2026-02-01 00:06:04,108018.05447470817,3066.000203704834,117930,120565,0.9781445693194543
6,2026-02-01 00:06:04,108018.05447470817,3068.0002040863037,119108,121584,0.9796354783524148
6,2026-02-01 00:06:04,108018.05447470817,3070.000204467773,119438,121388,0.9839358091409365
6,2026-02-01 00:06:04,108018.05447470817,3072.000204849243,120480,123892,0.9724598844154586
6,2026-02-01 00:06:04,108018.05447470817,3074.0002052307127,121462,123619,0.9825512259442318
6,2026-02-01 00:06:04,108018.05447470817,3076.0002056121825,122585,125104,0.9798647525258984
6,2026-02-01 00:06:04,108018.05447470817,3078.0002059936523,122870,125554,0.9786227439985982
6,2026-02-01 00:06:04,108018.05447470817,3080.0002063751217,123701,126208,0.9801359660243407
6,2026-02-01 00:06:04,108018.05447470817,3082.0002067565915,123771,126221,0.980589600779585
6,2026-02-01 00:06:04,108018.05447470817,3084.0002071380613,124768,126702,0.9847358368455115
6,2026-02-01 00:06:04,108018.05447470817,3086.000207519531,123921,125810,0.9849852952865432
6,2026-02-01 00:06:04,108018.05447470817,3088.000207901001,123957,126962,0.9763315007640081
6,2026-02-01 00:06:04,108018.05447470817,3090.0002082824703,124435,125477,0.9916956892498227
6,2026-02-01 00:06:04,108018.05447470817,3092.00020866394,123613,125543,0.984626781262197
6,2026-02-01 00:06:04,108018.05447470817,3094.00020904541,123217,125031,0.9854915980836753
6,2026-02-01 00:06:04,108018.05447470817,3096.00020942688,122641,124417,0.9857254233746192
6,2026-02-01 00:06:04,108018.05447470817,3098.0002098083496,121781,122974,0.9902987623400068
6,2026-02-01 00:06:04,108018.05447470817,3100.000210189819,120403,122136,0.9858108993253423
6,2026-02-01 00:06:04,108018.05447470817,3102.000210571289,120164,122173,0.9835561048676876
6,2026-02-01 00:06:04,108018.05447470817,3104.0002109527586,118636,120294,0.986217101434818
6,2026-02-01 00:06:04,108018.05447470817,3106.0002113342284,116766,118638,0.9842209072978304
6,2026-02-01 00:06:04,108018.05447470817,3108.0002117156982,116214,117756,0.9869051258534597
6,2026-02-01 00:06:04,108018.05447470817,3110.0002120971676,115167,116246,0.9907179601878774
6,2026-02-01 00:06:04,108018.05447470817,3112.0002124786374,114373,114797,0.9963065236896435
6,2026-02-01 00:06:04,108018.05447470817,3114.0002128601072,112936,114246,0.9885335153966003
6,2026-02-01 00:06:04,108018.05447470817,3116.000213241577,111772,113003,0.9891064838986575
6,2026-02-01 00:06:04,108018.05447470817,3118.000213623047,110102,111585,0.9867096832011472
6,2026-02-01 00:06:04,108018.05447470817,3120.0002140045162,109737,111185,0.9869766605207537
6,2026-02-01 00:06:04,108018.05447470817,3122.000214385986,108762,109986,0.9888713108941138
6,2026-02-01 00:06:04,108018.05447470817,3124.000214767456,107803,109205,0.9871617599926743
6,2026-02-01 00:06:04,108018.05447470817,3126.0002151489257,108131,109847,0.984378271595947
6,2026-02-01 00:06:04,108018.05447470817,3128.0002155303955,108471,109014,0.9950189883868127
6,2026-02-01 00:06:04,108018.05447470817,3130.000215911865,107768,108864,0.9899323927101705
6,2026-02-01 00:06:04,108018.05447470817,3132.0002162933347,107815,109593,0.9837763360798591
6,2026-02-01 00:06:04,108018.05447470817,3134.0002166748045,108334,110238,0.9827282788149277
6,2026-02-01 00:06:04,108018.05447470817,3136.0002170562743,108806,110390,0.9856508741733853
6,2026-02-01 00:06:04,108018.05447470817,3138.000217437744,109870,111932,0.9815781009898867
6,2026-02-01 00:06:04,108018.05447470817,3140.0002178192135,111109,112417,0.9883647491037832
6,2026-02-01 00:06:04,108018.05447470817,3142.0002182006833,112623,113842,0.9892921768767239
6,2026-02-01 00:06:04,108018.05447470817,3144.000218582153,113173,114649,0.9871259234707673
6,2026-02-01 00:06:04,108018.05447470817,3146.000218963623,114284,115899,0.9860654535414456
6,2026-02-01 00:06:04,108018.05447470817,3148.000219345093,115378,117444,0.9824086373079935
6,2026-02-01 00:06:04,108018.05447470817,3150.000219726562,116575,118134,0.9868031218785447
6,2026-02-01 00:06:04,108018.05447470817,3152.000220108032,117621,119326,0.9857114124331663
6,2026-02-01 00:06:04,108018.05447470817,3154.0002204895018,118390,120167,0.9852122462905789
6,2026-02-01 00:06:04,108018.05447470817,3156.0002208709716,118828,120761,0.9839931766050297
6,2026-02-01 00:06:04,108018.05447470817,3158.0002212524414,119575,121118,0.987260357667729
6,2026-02-01 00:06:04,108018.05447470817,3160.0002216339108,120199,121988,0.9853346230776797
6,2026-02-01 00:06:04,108018.05447470817,3162.0002220153806,121608,123156,0.9874305758550131
6,2026-02-01 00:06:04,108018.05447470817,3164.0002223968504,121434,122760,0.9891984359726296
6,2026-02-01 00:06:04,108018.05447470817,3166.00022277832,122439,123367,0.9924777290523398
6,2026-02-01 00:06:04,108018.05447470817,3168.00022315979,122872,123403,0.9956970251938769
6,2026-02-01 00:06:04,108018.05447470817,3170.0002235412594,122743,124034,0.9895915636035281
6,2026-02-01 00:06:04,108018.05447470817,3172.000223922729,123044,123704,0.994664683437884
6,2026-02-01 00:06:04,108018.05447470817,3174.000224304199,122842,124278,0.9884452598207245
6,2026-02-01 00:06:04,108018.05447470817,3176.000224685669,123544,124005,0.9962824079674206
6,2026-02-01 00:06:04,108018.05447470817,3178.0002250671387,123587,123872,0.9976992379230173
6,2026-02-01 00:06:04,108018.05447470817,3180.000225448608,123253,123803,0.9955574582199139
6,2026-02-01 00:06:04,108018.05447470817,3182.000225830078,122939,124322,0.9888756615884557
6,2026-02-01 00:06:04,108018.05447470817,3184.0002262115477,122863,123993,0.9908865823070657
6,2026-02-01 00:06:04,108018.05447470817,3186.0002265930175,122823,124001,0.9905000766122853
6,2026-02-01 00:06:04,108018.05447470817,3188.0002269744873,122406,122577,0.9986049585158716
6,2026-02-01 00:06:04,108018.05447470817,3190.0002273559567,121399,122854,0.9881566737753756
6,2026-02-01 00:06:04,108018.05447470817,3192.0002277374265,122088,121888,1.0016408506169598
6,2026-02-01 00:06:04,108018.05447470817,3194.0002281188963,122084,122403,0.9973938547257829
6,2026-02-01 00:06:04,108018.05447470817,3196.000228500366,121190,121531,0.9971941315384553
6,2026-02-01 00:06:04,108018.05447470817,3198.000228881836,120007,120589,0.9951736891424591
6,2026-02-01 00:06:04,108018.05447470817,3200.0002292633053,119303,120126,0.9931488603632852
6,2026-02-01 00:06:04,108018.05447470817,3202.000229644775,118355,119062,0.9940619173203877
6,2026-02-01 00:06:04,108018.05447470817,3204.000230026245,118356,118386,0.9997465916577973
6,2026-02-01 00:06:04,108018.05447470817,3206.0002304077148,116902,116839,1.0005392035193728
6,2026-02-01 00:06:04,108018.05447470817,3208.0002307891846,115543,115825,0.9975652924670839
6,2026-02-01 00:06:04,108018.05447470817,3210.000231170654,114437,114447,0.9999126233103532
6,2026-02-01 00:06:04,108018.05447470817,3212.0002315521238,113174,113132,1.0003712477459958
6,2026-02-01 00:06:04,108018.05447470817,3214.0002319335936,112395,112484,0.9992087763593044
6,2026-02-01 00:06:04,108018.05447470817,3216.0002323150634,111006,111483,0.9957213207394849
6,2026-02-01 00:06:04,108018.05447470817,3218.000232696533,109996,110701,0.9936314938437774
6,2026-02-01 00:06:04,108018.05447470817,3220.0002330780026,109968,110723,0.9931811818682659
6,2026-02-01 00:06:04,108018.05447470817,3222.0002334594724,109465,109605,0.99872268600885
6,2026-02-01 00:06:04,108018.05447470817,3224.000233840942,108452,109593,0.9895887511063662
6,2026-02-01 00:06:04,108018.05447470817,3226.000234222412,108326,109552,0.9888089674309917
6,2026-02-01 00:06:04,108018.05447470817,3228.000234603882,108262,109180,0.9915918666422422
6,2026-02-01 00:06:04,108018.05447470817,3230.000234985351,108385,109299,0.9916376179105024
6,2026-02-01 00:06:04,108018.05447470817,3232.000235366821,109188,110106,0.9916625796959294
6,2026-02-01 00:06:04,108018.05447470817,3234.000235748291,109821,111171,0.9878565453220715
6,2026-02-01 00:06:04,108018.05447470817,3236.0002361297607,110845,112650,0.983976919662672
6,2026-02-01 00:06:04,108018.05447470817,3238.0002365112305,111555,112650,0.9902796271637816
6,2026-02-01 00:06:04,108018.05447470817,3240.0002368927,112581,113897,0.9884457009403232
6,2026-02-01 00:06:04,108018.05447470817,3242.0002372741696,114576,115836,0.9891225525743292
6,2026-02-01 00:06:04,108018.05447470817,3244.0002376556395,114512,116210,0.9853885207813441
6,2026-02-01 00:06:04,108018.05447470817,3246.0002380371093,115713,117840,0.9819501018329939
6,2026-02-01 00:06:04,108018.05447470817,3248.000238418579,117375,119495,0.9822586719109586
6,2026-02-01 00:06:04,108018.05447470817,3250.0002388000485,118704,120482,0.9852426088544347
6,2026-02-01 00:06:04,108018.05447470817,3252.0002391815183,118903,121145,0.9814932518882331
6,2026-02-01 00:06:04,108018.05447470817,3254.000239562988,120346,121850,0.9876569552728764
6,2026-02-01 00:06:04,108018.05447470817,3256.000239944458,119711,123246,0.971317527546533
6,2026-02-01 00:06:04,108018.05447470817,3258.0002403259277,119831,123228,0.9724332132307593
6,2026-02-01 00:06:04,108018.05447470817,3260.000240707397,119358,124154,0.9613705559224833
6,2026-02-01 00:06:04,108018.05447470817,3262.000241088867,118269,124833,0.9474177501141525
6,2026-02-01 00:06:04,108018.05447470817,3264.0002414703367,116363,125185,0.9295282981187842
6,2026-02-01 00:06:04,108018.05447470817,3266.0002418518065,116603,125553,0.9287153632330569
6,2026-02-01 00:06:04,108018.05447470817,3268.0002422332764,117241,125461,0.934481631742135
6,2026-02-01 00:06:04,108018.05447470817,3270.0002426147457,118998,125000,0.951984
6,2026-02-01 00:06:04,108018.05447470817,3272.0002429962155,121832,125833,0.9682038892818259
6,2026-02-01 00:06:04,108018.05447470817,3274.0002433776854,122433,125740,0.9736996977890886
6,2026-02-01 00:06:04,108018.05447470817,3276.000243759155,122512,124621,0.9830766885195914
6,2026-02-01 00:06:04,108018.05447470817,3278.000244140625,123495,124536,0.9916409712854114
6,2026-02-01 00:06:04,108018.05447470817,3280.0002445220944,123316,124320,0.9919240669240669
6,2026-02-01 00:06:04,108018.05447470817,3282.000244903564,122720,123609,0.9928079670574149
6,2026-02-01 00:06:04,108018.05447470817,3284.000245285034,122333,123952,0.9869384923196076
6,2026-02-01 00:06:04,108018.05447470817,3286.000245666504,121758,122645,0.9927677443026621
6,2026-02-01 00:06:04,108018.05447470817,3288.0002460479736,120749,121836,0.9910781706556354
6,2026-02-01 00:06:04,108018.05447470817,3290.000246429443,119998,120692,0.9942498260033805
6,2026-02-01 00:06:04,108018.05447470817,3292.000246810913,119225,119622,0.9966812124859976
6,2026-02-01 00:06:04,108018.05447470817,3294.0002471923826,118239,119002,0.9935883430530579
6,2026-02-01 00:06:04,108018.05447470817,3296.0002475738524,117712,118511,0.993258009804997
6,2026-02-01 00:06:04,108018.05447470817,3298.0002479553223,116132,116625,0.9957727759914256
6,2026-02-01 00:06:04,108018.05447470817,3300.0002483367916,115749,116273,0.9954933647536401
6,2026-02-01 00:06:04,108018.05447470817,3302.0002487182614,115115,115072,1.0003736790878754
6,2026-02-01 00:06:04,108018.05447470817,3304.0002490997313,113984,114368,0.9966424174594292
6,2026-02-01 00:06:04,108018.05447470817,3306.000249481201,113210,113963,0.9933925923325991
6,2026-02-01 00:06:04,108018.05447470817,3308.000249862671,112936,113009,0.9993540337495244
6,2026-02-01 00:06:04,108018.05447470817,3310.0002502441403,112554,112991,0.9961324353267075
6,2026-02-01 00:06:04,108018.05447470817,3312.00025062561,112509,112469,1.0003556535578693
6,2026-02-01 00:06:04,108018.05447470817,3314.00025100708,111899,112174,0.9975484515128283
6,2026-02-01 00:06:04,108018.05447470817,3316.0002513885497,111547,111983,0.9961065518873401
6,2026-02-01 00:06:04,108018.05447470817,3318.0002517700195,111024,112287,0.9887520371904138
6,2026-02-01 00:06:04,108018.05447470817,3320.000252151489,110747,111828,0.9903333691025503
6,2026-02-01 00:06:04,108018.05447470817,3322.0002525329587,111108,110886,1.0020020561657919
6,2026-02-01 00:06:04,108018.05447470817,3324.0002529144285,111230,111564,0.9970062027177226
6,2026-02-01 00:06:04,108018.05447470817,3326.0002532958983,111776,112389,0.9945457295642812
6,2026-02-01 00:06:04,108018.05447470817,3328.000253677368,111830,112748,0.9918579486997552
6,2026-02-01 00:06:04,108018.05447470817,3330.0002540588375,111901,113523,0.9857121464372859
6,2026-02-01 00:06:04,108018.05447470817,3332.0002544403073,112718,114144,0.9875070086907766
6,2026-02-01 00:06:04,108018.05447470817,3334.000254821777,113385,114604,0.9893633730061778
6,2026-02-01 00:06:04,108018.05447470817,3336.000255203247,114390,115749,0.9882590778322059
6,2026-02-01 00:06:04,108018.05447470817,3338.000255584717,114961,116580,0.9861125407445531
6,2026-02-01 00:06:04,108018.05447470817,3340.000255966186,116353,117602,0.9893794323225795
6,2026-02-01 00:06:04,108018.05447470817,3342.000256347656,117055,118205,0.9902711391227106
6,2026-02-01 00:06:04,108018.05447470817,3344.000256729126,118657,118899,0.997964659080396
6,2026-02-01 00:06:04,108018.05447470817,3346.0002571105956,119433,119953,0.9956649687794387
6,2026-02-01 00:06:04,108018.05447470817,3348.0002574920654,119384,120478,0.9909195039758296
6,2026-02-01 00:06:04,108018.05447470817,3350.000257873535,120334,121514,0.9902891847852923
6,2026-02-01 00:06:04,108018.05447470817,3352.0002582550046,121055,122026,0.9920426794289742
6,2026-02-01 00:06:04,108018.05447470817,3354.0002586364744,121985,123123,0.9907572102694054
6,2026-02-01 00:06:04,108018.05447470817,3356.0002590179442,122772,123977,0.990280455245731
6,2026-02-01 00:06:04,108018.05447470817,3358.000259399414,123588,123504,1.0006801399144967
6,2026-02-01 00:06:04,108018.05447470817,3360.0002597808834,123418,125149,0.9861684871633013
6,2026-02-01 00:06:04,108018.05447470817,3362.0002601623532,125013,124681,1.0026627954539986
6,2026-02-01 00:06:04,108018.05447470817,3364.000260543823,123432,125589,0.982824928934859
6,2026-02-01 00:06:04,108018.05447470817,3366.000260925293,124221,125481,0.9899586391565257
6,2026-02-01 00:06:04,108018.05447470817,3368.0002613067627,125122,125563,0.9964878188638373
6,2026-02-01 00:06:04,108018.05447470817,3370.000261688232,125221,125479,0.9979438790554594
6,2026-02-01 00:06:04,108018.05447470817,3372.000262069702,124782,125982,0.9904748297375816
6,2026-02-01 00:06:04,108018.05447470817,3374.0002624511717,124917,125379,0.9963151723972914
6,2026-02-01 00:06:04,108018.05447470817,3376.0002628326415,124934,125232,0.9976204165069631
6,2026-02-01 00:06:04,108018.05447470817,3378.0002632141113,123948,124911,0.9922905108437208
6,2026-02-01 00:06:04,108018.05447470817,3380.0002635955807,123387,123885,0.99598014287444
6,2026-02-01 00:06:04,108018.05447470817,3382.0002639770505,123368,123378,0.9999189482727877
6,2026-02-01 00:06:04,108018.05447470817,3384.0002643585203,122406,122511,0.9991429341038763
6,2026-02-01 00:06:04,108018.05447470817,3386.00026473999,121485,121742,0.997888978331225
6,2026-02-01 00:06:04,108018.05447470817,3388.00026512146,120394,120521,0.9989462417338058
6,2026-02-01 00:06:04,108018.05447470817,3390.0002655029293,118964,118708,1.0021565522121507
6,2026-02-01 00:06:04,108018.05447470817,3392.000265884399,118304,117747,1.0047304814560032
6,2026-02-01 00:06:04,108018.05447470817,3394.000266265869,117176,116462,1.0061307550960827
6,2026-02-01 00:06:04,108018.05447470817,3396.000266647339,115089,115695,0.9947620899779593
6,2026-02-01 00:06:04,108018.05447470817,3398.0002670288086,114543,114900,0.9968929503916449
6,2026-02-01 00:06:04,108018.05447470817,3400.000267410278,113847,113381,1.0041100360730635
6,2026-02-01 00:06:04,108018.05447470817,3402.000267791748,112680,112144,1.0047795691254102
6,2026-02-01 00:06:04,108018.05447470817,3404.0002681732176,111837,112250,0.9963207126948775
6,2026-02-01 00:06:04,108018.05447470817,3406.0002685546874,110632,110730,0.9991149643276438
6,2026-02-01 00:06:04,108018.05447470817,3408.000268936157,110105,110976,0.9921514561707035
6,2026-02-01 00:06:04,108018.05447470817,3410.0002693176266,109637,109842,0.9981336829263852
6,2026-02-01 00:06:04,108018.05447470817,3412.0002696990964,108923,109447,0.9952122945352545
6,2026-02-01 00:06:04,108018.05447470817,3414.000270080566,109248,109722,0.9956799912506152
6,2026-02-01 00:06:04,108018.05447470817,3416.000270462036,108655,109195,0.9950547186226476
6,2026-02-01 00:06:04,108018.05447470817,3418.000270843506,109140,109350,0.998079561042524
6,2026-02-01 00:06:04,108018.05447470817,3420.000271224975,109404,110635,0.9888733221855651
6,2026-02-01 00:06:04,108018.05447470817,3422.000271606445,110163,111202,0.9906566428661355
6,2026-02-01 00:06:04,108018.05447470817,3424.000271987915,110594,110787,0.9982579183478206
6,2026-02-01 00:06:04,108018.05447470817,3426.0002723693847,110859,112022,0.9896181107282498
6,2026-02-01 00:06:04,108018.05447470817,3428.0002727508545,111919,112558,0.9943229268466035
6,2026-02-01 00:06:04,108018.05447470817,3430.000273132324,112785,114139,0.9881372712219312
6,2026-02-01 00:06:04,108018.05447470817,3432.0002735137937,113541,114873,0.9884045859340315
6,2026-02-01 00:06:04,108018.05447470817,3434.0002738952635,114826,115897,0.9907590360406223
6,2026-02-01 00:06:04,108018.05447470817,3436.0002742767333,115852,117432,0.9865454050003406
6,2026-02-01 00:06:04,108018.05447470817,3438.000274658203,117342,118341,0.9915582934063427
6,2026-02-01 00:06:04,108018.05447470817,3440.0002750396725,117784,118603,0.9930946097484886
6,2026-02-01 00:06:04,108018.05447470817,3442.0002754211423,118489,120165,0.9860525111305288
6,2026-02-01 00:06:04,108018.05447470817,3444.000275802612,120185,120118,1.0005577848449025
6,2026-02-01 00:06:04,108018.05447470817,3446.000276184082,119795,121402,0.9867629857827713
6,2026-02-01 00:06:04,108018.05447470817,3448.0002765655518,121114,122019,0.9925831223006253
6,2026-02-01 00:06:04,108018.05447470817,3450.000276947021,121699,122495,0.9935017755826768
6,2026-02-01 00:06:04,108018.05447470817,3452.000277328491,121985,122831,0.993112487889865
6,2026-02-01 00:06:04,108018.05447470817,3454.0002777099608,122738,122863,0.9989826066431716
6,2026-02-01 00:06:04,108018.05447470817,3456.0002780914306,121782,123796,0.9837312998804485
6,2026-02-01 00:06:04,108018.05447470817,3458.0002784729004,122678,122491,1.0015266427737548
6,2026-02-01 00:06:04,108018.05447470817,3460.0002788543698,122541,123571,0.9916647109758762
6,2026-02-01 00:06:04,108018.05447470817,3462.0002792358396,122795,123111,0.9974332106797931
6,2026-02-01 00:06:04,108018.05447470817,3464.0002796173094,123190,122898,1.0023759540431902
6,2026-02-01 00:06:04,108018.05447470817,3466.000279998779,122470,123603,0.9908335558198426
6,2026-02-01 00:06:04,108018.05447470817,3468.000280380249,122516,123136,0.9949649168399168
6,2026-02-01 00:06:04,108018.05447470817,3470.0002807617184,121940,122604,0.994584189749111
6,2026-02-01 00:06:04,108018.05447470817,3472.000281143188,121654,121918,0.9978346101478043
6,2026-02-01 00:06:04,108018.05447470817,3474.000281524658,121402,121595,0.9984127636827173
6,2026-02-01 00:06:04,108018.05447470817,3476.000281906128,120833,121172,0.9972023239692338
6,2026-02-01 00:06:04,108018.05447470817,3478.0002822875977,120106,120793,0.9943125843384965
6,2026-02-01 00:06:04,108018.05447470817,3480.000282669067,119171,120339,0.9902940858740724
6,2026-02-01 00:06:04,108018.05447470817,3482.000283050537,119746,119842,0.9991989452779493
6,2026-02-01 00:06:04,108018.05447470817,3484.0002834320067,117786,118283,0.9957982127609208
6,2026-02-01 00:06:04,108018.05447470817,3486.0002838134765,116651,117547,0.992377517078275
6,2026-02-01 00:06:04,108018.05447470817,3488.0002841949463,116359,116559,0.9982841307835517
6,2026-02-01 00:06:04,108018.05447470817,3490.0002845764157,115640,115653,0.9998875947878568
6,2026-02-01 00:06:04,108018.05447470817,3492.0002849578855,114239,113874,1.0032052970827405
6,2026-02-01 00:06:04,108018.05447470817,3494.0002853393553,113238,113217,1.0001854845120433
6,2026-02-01 00:06:04,108018.05447470817,3496.000285720825,112122,112069,1.0004729229314084
6,2026-02-01 00:06:04,108018.05447470817,3498.000286102295,110617,111348,0.993434996587276
6,2026-02-01 00:06:04,108018.05447470817,3500.0002864837643,109924,110223,0.9972873175290093
7,2026-02-01 00:37:59,110591.53124284734,2000.0000003814696,109785,109490,1.0026943099826469
7,2026-02-01 00:37:59,110591.53124284734,2002.0000007629394,108509,109464,0.9912756705400863
7,2026-02-01 00:37:59,110591.53124284734,2004.000001144409,107616,108452,0.9922915206727401
7,2026-02-01 00:37:59,110591.53124284734,2006.0000015258788,107333,107953,0.9942567598862468
7,2026-02-01 00:37:59,110591.53124284734,2008.0000019073484,107712,108225,0.9952598752598752
7,2026-02-01 00:37:59,110591.53124284734,2010.0000022888182,107741,107812,0.9993414462211999
7,2026-02-01 00:37:59,110591.53124284734,2012.000002670288,107031,108522,0.9862608503344944
7,2026-02-01 00:37:59,110591.53124284734,2014.0000030517576,107396,107866,0.995642741920531
7,2026-02-01 00:37:59,110591.53124284734,2016.0000034332274,107297,108629,0.9877380809912638
7,2026-02-01 00:37:59,110591.53124284734,2018.000003814697,108204,108776,0.994741487092741
7,2026-02-01 00:37:59,110591.53124284734,2020.0000041961669,108413,109383,0.9911320771966393
7,2026-02-01 00:37:59,110591.53124284734,2022.0000045776367,108740,110184,0.9868946489508459
7,2026-02-01 00:37:59,110591.53124284734,2024.0000049591063,108701,110334,0.9851994851994852
7,2026-02-01 00:37:59,110591.53124284734,2026.000005340576,109577,112476,0.9742256125751272
7,2026-02-01 00:37:59,110591.53124284734,2028.0000057220457,111887,112686,0.99290950073656
7,2026-02-01 00:37:59,110591.53124284734,2030.0000061035155,112756,114220,0.987182630012257
7,2026-02-01 00:37:59,110591.53124284734,2032.0000064849853,113525,115165,0.9857595623670385
7,2026-02-01 00:37:59,110591.53124284734,2034.000006866455,115848,116532,0.9941303676243435
7,2026-02-01 00:37:59,110591.53124284734,2036.0000072479247,116874,118878,0.9831423812648261
7,2026-02-01 00:37:59,110591.53124284734,2038.0000076293943,118200,119869,0.9860764668096005
7,2026-02-01 00:37:59,110591.53124284734,2040.0000080108641,120178,121446,0.9895591456285098
7,2026-02-01 00:37:59,110591.53124284734,2042.000008392334,121611,123131,0.9876554238981248
7,2026-02-01 00:37:59,110591.53124284734,2044.0000087738035,122058,124003,0.9843148956073643
7,2026-02-01 00:37:59,110591.53124284734,2046.0000091552733,123585,125290,0.9863915715539947
7,2026-02-01 00:37:59,110591.53124284734,2048.000009536743,124297,125665,0.9891139139776389
7,2026-02-01 00:37:59,110591.53124284734,2050.0000099182125,124673,125116,0.9964592857827935
7,2026-02-01 00:37:59,110591.53124284734,2052.0000102996823,124823,125308,0.9961295368212724
7,2026-02-01 00:37:59,110591.53124284734,2054.000010681152,124690,124871,0.9985505041202521
7,2026-02-01 00:37:59,110591.53124284734,2056.000011062622,124893,125234,0.9972770972739032
7,2026-02-01 00:37:59,110591.53124284734,2058.000011444092,124414,124886,0.9962205531444678
7,2026-02-01 00:37:59,110591.53124284734,2060.000011825561,123639,124351,0.9942742720203296
7,2026-02-01 00:37:59,110591.53124284734,2062.000012207031,123335,123866,0.995713109327822
7,2026-02-01 00:37:59,110591.53124284734,2064.000012588501,122871,123771,0.9927285066776547
7,2026-02-01 00:37:59,110591.53124284734,2066.0000129699706,121650,122274,0.9948967073948672
7,2026-02-01 00:37:59,110591.53124284734,2068.0000133514404,121055,121914,0.9929540495759306
7,2026-02-01 00:37:59,110591.53124284734,2070.00001373291,120880,121451,0.9952985154506756
7,2026-02-01 00:37:59,110591.53124284734,2072.0000141143796,120289,120635,0.9971318439922079
7,2026-02-01 00:37:59,110591.53124284734,2074.0000144958494,119195,118072,1.0095111457415815
7,2026-02-01 00:37:59,110591.53124284734,2076.0000148773192,118721,118031,1.0058459218340945
7,2026-02-01 00:37:59,110591.53124284734,2078.000015258789,116229,116533,0.9973912968858607
7,2026-02-01 00:37:59,110591.53124284734,2080.0000156402584,116190,115578,1.00529512536988
7,2026-02-01 00:37:59,110591.53124284734,2082.0000160217282,114040,113649,1.0034404174255822
7,2026-02-01 00:37:59,110591.53124284734,2084.000016403198,112686,112121,1.0050391987228084
7,2026-02-01 00:37:59,110591.53124284734,2086.000016784668,110391,111541,0.9896898898163007
7,2026-02-01 00:37:59,110591.53124284734,2088.0000171661377,109460,109186,1.0025094792372649
7,2026-02-01 00:37:59,110591.53124284734,2090.000017547607,109233,108130,1.0102006843614169
7,2026-02-01 00:37:59,110591.53124284734,2092.000017929077,107180,107194,0.9998693956751311
7,2026-02-01 00:37:59,110591.53124284734,2094.0000183105467,106040,107200,0.9891791044776119
7,2026-02-01 00:37:59,110591.53124284734,2096.0000186920165,105583,106569,0.9907477784346292
7,2026-02-01 00:37:59,110591.53124284734,2098.0000190734863,105937,107293,0.9873617104564137
7,2026-02-01 00:37:59,110591.53124284734,2100.0000194549557,106628,107087,0.995713765443051
7,2026-02-01 00:37:59,110591.53124284734,2102.0000198364255,107578,108574,0.990826533055796
7,2026-02-01 00:37:59,110591.53124284734,2104.0000202178953,108050,109548,0.986325628948041
7,2026-02-01 00:37:59,110591.53124284734,2106.000020599365,109958,110424,0.9957799029196551
7,2026-02-01 00:37:59,110591.53124284734,2108.000020980835,110877,112002,0.9899555365082766
7,2026-02-01 00:37:59,110591.53124284734,2110.0000213623043,111219,113200,0.9825
7,2026-02-01 00:37:59,110591.53124284734,2112.000021743774,112885,113762,0.9922909231553594
7,2026-02-01 00:37:59,110591.53124284734,2114.000022125244,114452,115020,0.9950617283950617
7,2026-02-01 00:37:59,110591.53124284734,2116.000022506714,114345,115887,0.9866939346087137
7,2026-02-01 00:37:59,110591.53124284734,2118.0000228881836,115235,116356,0.990365774003919
7,2026-02-01 00:37:59,110591.53124284734,2120.000023269653,115310,116320,0.9913170563961485
7,2026-02-01 00:37:59,110591.53124284734,2122.000023651123,116506,117161,0.9944094024462065
7,2026-02-01 00:37:59,110591.53124284734,2124.0000240325926,116401,117097,0.9940562098089618
7,2026-02-01 00:37:59,110591.53124284734,2126.0000244140624,116916,117849,0.9920830893770842
7,2026-02-01 00:37:59,110591.53124284734,2128.000024795532,117870,117997,0.9989237014500368
7,2026-02-01 00:37:59,110591.53124284734,2130.0000251770016,117809,119059,0.9895010037040459
7,2026-02-01 00:37:59,110591.53124284734,2132.0000255584714,118401,118912,0.9957027045209903
7,2026-02-01 00:37:59,110591.53124284734,2134.000025939941,118904,119229,0.9972741531003363
7,2026-02-01 00:37:59,110591.53124284734,2136.000026321411,119810,120486,0.9943893896386302
7,2026-02-01 00:37:59,110591.53124284734,2138.000026702881,119206,120712,0.9875240241235337
7,2026-02-01 00:37:59,110591.53124284734,2140.00002708435,121091,121324,0.9980795226006396
7,2026-02-01 00:37:59,110591.53124284734,2142.00002746582,121347,121936,0.9951695971657263
7,2026-02-01 00:37:59,110591.53124284734,2144.00002784729,120958,122328,0.9888006016611078
7,2026-02-01 00:37:59,110591.53124284734,2146.0000282287597,122151,122290,0.9988633575926077
7,2026-02-01 00:37:59,110591.53124284734,2148.0000286102295,122186,122397,0.9982761015384364
7,2026-02-01 00:37:59,110591.53124284734,2150.000028991699,121813,122450,0.9947978766843609
7,2026-02-01 00:37:59,110591.53124284734,2152.0000293731687,122002,122508,0.9958696574917556
7,2026-02-01 00:37:59,110591.53124284734,2154.0000297546385,121719,122341,0.9949158499603568
7,2026-02-01 00:37:59,110591.53124284734,2156.0000301361083,121728,121952,0.9981632117554448
7,2026-02-01 00:37:59,110591.53124284734,2158.000030517578,120992,121109,0.9990339281143433
7,2026-02-01 00:37:59,110591.53124284734,2160.0000308990475,121343,121601,0.9978783069218181
7,2026-02-01 00:37:59,110591.53124284734,2162.0000312805173,120538,120940,0.996676037704647
7,2026-02-01 00:37:59,110591.53124284734,2164.000031661987,120658,120874,0.9982130152059169
7,2026-02-01 00:37:59,110591.53124284734,2166.000032043457,120124,120142,0.9998501772902066
7,2026-02-01 00:37:59,110591.53124284734,2168.0000324249268,119569,120321,0.9937500519443822
7,2026-02-01 00:37:59,110591.53124284734,2170.000032806396,119163,119255,0.999228543876567
7,2026-02-01 00:37:59,110591.53124284734,2172.000033187866,118263,118287,0.9997971036546704
7,2026-02-01 00:37:59,110591.53124284734,2174.0000335693358,117702,117690,1.000101962783584
7,2026-02-01 00:37:59,110591.53124284734,2176.0000339508056,115937,115971,0.9997068232575386
7,2026-02-01 00:37:59,110591.53124284734,2178.0000343322754,115740,114990,1.0065223062875033
7,2026-02-01 00:37:59,110591.53124284734,2180.0000347137448,114119,112857,1.0111822926358134
7,2026-02-01 00:37:59,110591.53124284734,2182.0000350952146,112423,112658,0.9979140407250262
7,2026-02-01 00:37:59,110591.53124284734,2184.0000354766844,111402,110968,1.0039110374161921
7,2026-02-01 00:37:59,110591.53124284734,2186.000035858154,109970,110157,0.9983024229054894
7,2026-02-01 00:37:59,110591.53124284734,2188.000036239624,108690,109480,0.9927840701497991
7,2026-02-01 00:37:59,110591.53124284734,2190.0000366210934,108488,107765,1.0067090428246648
7,2026-02-01 00:37:59,110591.53124284734,2192.000037002563,107853,108443,0.9945593537618841
7,2026-02-01 00:37:59,110591.53124284734,2194.000037384033,107010,108622,0.985159544107087
7,2026-02-01 00:37:59,110591.53124284734,2196.000037765503,107930,108550,0.9942883463841548
7,2026-02-01 00:37:59,110591.53124284734,2198.0000381469727,107678,108649,0.991062964224245
7,2026-02-01 00:37:59,110591.53124284734,2200.000038528442,109329,109453,0.9988670936383653
7,2026-02-01 00:37:59,110591.53124284734,2202.000038909912,110684,111044,0.9967580418572818
7,2026-02-01 00:37:59,110591.53124284734,2204.0000392913817,111364,112332,0.991382687034861
7,2026-02-01 00:37:59,110591.53124284734,2206.0000396728515,112604,113940,0.9882745304546252
7,2026-02-01 00:37:59,110591.53124284734,2208.0000400543213,114168,115302,0.9901649581100067
7,2026-02-01 00:37:59,110591.53124284734,2210.0000404357907,115178,116668,0.987228717386087
7,2026-02-01 00:37:59,110591.53124284734,2212.0000408172605,116916,118147,0.9895807764903044
7,2026-02-01 00:37:59,110591.53124284734,2214.0000411987303,118052,118721,0.9943649396484194
7,2026-02-01 00:37:59,110591.53124284734,2216.0000415802,119628,119681,0.9995571561066502
7,2026-02-01 00:37:59,110591.53124284734,2218.00004196167,120068,120773,0.9941626025684549
7,2026-02-01 00:37:59,110591.53124284734,2220.0000423431393,120616,121240,0.9948531837677335
7,2026-02-01 00:37:59,110591.53124284734,2222.000042724609,120755,122567,0.9852162490719362
7,2026-02-01 00:37:59,110591.53124284734,2224.000043106079,122513,122925,0.9966483628228595
7,2026-02-01 00:37:59,110591.53124284734,2226.0000434875487,122395,123009,0.995008495313351
7,2026-02-01 00:37:59,110591.53124284734,2228.0000438690186,121948,123548,0.9870495677793246
7,2026-02-01 00:37:59,110591.53124284734,2230.000044250488,123226,123726,0.995958812214086
7,2026-02-01 00:37:59,110591.53124284734,2232.0000446319577,122740,123734,0.991966638110786
7,2026-02-01 00:37:59,110591.53124284734,2234.0000450134276,123185,123736,0.9955469709704532
7,2026-02-01 00:37:59,110591.53124284734,2236.0000453948974,123783,123668,1.000929909111492
7,2026-02-01 00:37:59,110591.53124284734,2238.000045776367,123262,123963,0.9943450868404282
7,2026-02-01 00:37:59,110591.53124284734,2240.0000461578366,122698,123267,0.9953840038290864
7,2026-02-01 00:37:59,110591.53124284734,2242.0000465393064,122077,122788,0.9942095318760791
7,2026-02-01 00:37:59,110591.53124284734,2244.000046920776,122685,122762,0.9993727700754305
7,2026-02-01 00:37:59,110591.53124284734,2246.000047302246,121569,122598,0.9916067146282974
7,2026-02-01 00:37:59,110591.53124284734,2248.000047683716,121696,121718,0.9998192543420037
7,2026-02-01 00:37:59,110591.53124284734,2250.000048065185,121295,122287,0.9918879357576847
7,2026-02-01 00:37:59,110591.53124284734,2252.000048446655,120549,120728,0.9985173282088662
7,2026-02-01 00:37:59,110591.53124284734,2254.000048828125,119937,120009,0.9994000449966253
7,2026-02-01 00:37:59,110591.53124284734,2256.0000492095946,118522,119093,0.9952054276909642
7,2026-02-01 00:37:59,110591.53124284734,2258.0000495910645,118120,118847,0.9938828914486693
7,2026-02-01 00:37:59,110591.53124284734,2260.000049972534,117634,117801,0.9985823549884976
7,2026-02-01 00:37:59,110591.53124284734,2262.0000503540036,116752,117690,0.9920299090831847
7,2026-02-01 00:37:59,110591.53124284734,2264.0000507354735,116257,117511,0.9893286585936636
7,2026-02-01 00:37:59,110591.53124284734,2266.0000511169433,116203,116201,1.0000172115558386
7,2026-02-01 00:37:59,110591.53124284734,2268.000051498413,115594,116678,0.9907094739368175
7,2026-02-01 00:37:59,110591.53124284734,2270.0000518798824,115551,115380,1.0014820592823712
7,2026-02-01 00:37:59,110591.53124284734,2272.0000522613523,114716,115143,0.9962915678764667
7,2026-02-01 00:37:59,110591.53124284734,2274.000052642822,115180,114624,1.004850642099386
7,2026-02-01 00:37:59,110591.53124284734,2276.000053024292,114471,114429,1.000367039823821
7,2026-02-01 00:37:59,110591.53124284734,2278.0000534057617,113766,114420,0.9942842160461458
7,2026-02-01 00:37:59,110591.53124284734,2280.000053787231,113123,113752,0.9944704268935931
7,2026-02-01 00:37:59,110591.53124284734,2282.000054168701,112529,113402,0.9923017230736672
7,2026-02-01 00:37:59,110591.53124284734,2284.0000545501707,112229,112982,0.9933352215397143
7,2026-02-01 00:37:59,110591.53124284734,2286.0000549316405,111721,112674,0.9915419706409642
7,2026-02-01 00:37:59,110591.53124284734,2288.0000553131104,110852,112730,0.9833407256276058
7,2026-02-01 00:37:59,110591.53124284734,2290.0000556945797,110922,112993,0.9816714309736001
7,2026-02-01 00:37:59,110591.53124284734,2292.0000560760495,110510,112416,0.9830451181326502
7,2026-02-01 00:37:59,110591.53124284734,2294.0000564575193,109710,112718,0.9733139338881102
7,2026-02-01 00:37:59,110591.53124284734,2296.000056838989,108632,112594,0.9648116240652255
7,2026-02-01 00:37:59,110591.53124284734,2298.000057220459,108409,112719,0.9617633229535393
7,2026-02-01 00:37:59,110591.53124284734,2300.0000576019283,107521,113470,0.9475720454745747
7,2026-02-01 00:37:59,110591.53124284734,2302.000057983398,106064,113724,0.932643944989624
7,2026-02-01 00:37:59,110591.53124284734,2304.000058364868,104818,114625,0.9144427480916031
7,2026-02-01 00:37:59,110591.53124284734,2306.000058746338,102848,115266,0.892266583381049
7,2026-02-01 00:37:59,110591.53124284734,2308.0000591278076,103583,116012,0.8928645312553873
7,2026-02-01 00:37:59,110591.53124284734,2310.000059509277,105754,116694,0.9062505355888049
7,2026-02-01 00:37:59,110591.53124284734,2312.000059890747,108157,117457,0.9208220880832986
7,2026-02-01 00:37:59,110591.53124284734,2314.0000602722166,112031,119477,0.9376783816131975
7,2026-02-01 00:37:59,110591.53124284734,2316.0000606536864,114607,120016,0.9549310091987735
7,2026-02-01 00:37:59,110591.53124284734,2318.0000610351562,117297,121024,0.9692044553146484
7,2026-02-01 00:37:59,110591.53124284734,2320.0000614166256,118672,122386,0.969653391727812
7,2026-02-01 00:37:59,110591.53124284734,2322.0000617980954,119688,122739,0.9751423752841395
7,2026-02-01 00:37:59,110591.53124284734,2324.0000621795652,120990,123374,0.9806766417559616
7,2026-02-01 00:37:59,110591.53124284734,2326.000062561035,122500,125036,0.9797178412617166
7,2026-02-01 00:37:59,110591.53124284734,2328.000062942505,123681,124616,0.9924969506323426
7,2026-02-01 00:37:59,110591.53124284734,2330.0000633239742,124084,126294,0.9825011481147164
7,2026-02-01 00:37:59,110591.53124284734,2332.000063705444,124218,126038,0.9855599105031816
7,2026-02-01 00:37:59,110591.53124284734,2334.000064086914,125065,126724,0.986908557179382
7,2026-02-01 00:37:59,110591.53124284734,2336.0000644683837,125281,126413,0.9910452247790971
7,2026-02-01 00:37:59,110591.53124284734,2338.0000648498535,124832,126102,0.9899287878066961
7,2026-02-01 00:37:59,110591.53124284734,2340.000065231323,125179,126122,0.9925231125418246
7,2026-02-01 00:37:59,110591.53124284734,2342.0000656127927,124642,124947,0.9975589650011605
7,2026-02-01 00:37:59,110591.53124284734,2344.0000659942625,124545,125368,0.993435326399081
7,2026-02-01 00:37:59,110591.53124284734,2346.0000663757323,123074,123603,0.9957201686043219
7,2026-02-01 00:37:59,110591.53124284734,2348.000066757202,123045,122902,1.0011635286651153
7,2026-02-01 00:37:59,110591.53124284734,2350.0000671386715,122305,121847,1.0037588122809753
7,2026-02-01 00:37:59,110591.53124284734,2352.0000675201413,120558,120824,0.9977984506389459
7,2026-02-01 00:37:59,110591.53124284734,2354.000067901611,119510,120253,0.9938213599660716
7,2026-02-01 00:37:59,110591.53124284734,2356.000068283081,118792,118291,1.004235317986998
7,2026-02-01 00:37:59,110591.53124284734,2358.000068664551,116974,117615,0.9945500148790546
7,2026-02-01 00:37:59,110591.53124284734,2360.00006904602,116391,115657,1.006346351712391
7,2026-02-01 00:37:59,110591.53124284734,2362.00006942749,114756,114911,0.9986511300049603
7,2026-02-01 00:37:59,110591.53124284734,2364.00006980896,113671,113740,0.9993933532618252
7,2026-02-01 00:37:59,110591.53124284734,2366.0000701904296,112874,112863,1.0000974632962087
7,2026-02-01 00:37:59,110591.53124284734,2368.0000705718994,111694,111617,1.0006898590716469
7,2026-02-01 00:37:59,110591.53124284734,2370.000070953369,111306,110976,1.002973615916955
7,2026-02-01 00:37:59,110591.53124284734,2372.0000713348386,109947,111001,0.9905045900487383
7,2026-02-01 00:37:59,110591.53124284734,2374.0000717163084,109697,109800,0.9990619307832422
7,2026-02-01 00:37:59,110591.53124284734,2376.0000720977782,109776,110338,0.9949065598433903
7,2026-02-01 00:37:59,110591.53124284734,2378.000072479248,110473,110325,1.001341491049173
7,2026-02-01 00:37:59,110591.53124284734,2380.0000728607174,109431,110339,0.9917708153961882
7,2026-02-01 00:37:59,110591.53124284734,2382.000073242187,110533,111314,0.9929838115600913
7,2026-02-01 00:37:59,110591.53124284734,2384.000073623657,111567,112280,0.9936498040612753
7,2026-02-01 00:37:59,110591.53124284734,2386.000074005127,112202,113032,0.9926569467053578
7,2026-02-01 00:37:59,110591.53124284734,2388.0000743865967,112924,114667,0.9847994627922593
7,2026-02-01 00:37:59,110591.53124284734,2390.000074768066,114399,115128,0.9936679174484052
7,2026-02-01 00:37:59,110591.53124284734,2392.000075149536,115127,115998,0.9924912498491353
7,2026-02-01 00:37:59,110591.53124284734,2394.0000755310057,116046,117141,0.990652290829001
7,2026-02-01 00:37:59,110591.53124284734,2396.0000759124755,117120,118648,0.987121569685119
7,2026-02-01 00:37:59,110591.53124284734,2398.0000762939453,118755,118855,0.99915863867738
7,2026-02-01 00:37:59,110591.53124284734,2400.0000766754147,118737,119863,0.9906059417835362
7,2026-02-01 00:37:59,110591.53124284734,2402.0000770568845,119947,120349,0.9966597146631879
7,2026-02-01 00:37:59,110591.53124284734,2404.0000774383543,120552,120903,0.9970968462321034
7,2026-02-01 00:37:59,110591.53124284734,2406.000077819824,120634,121541,0.9925374976345431
7,2026-02-01 00:37:59,110591.53124284734,2408.000078201294,121472,122404,0.9923858697428188
7,2026-02-01 00:37:59,110591.53124284734,2410.0000785827633,121321,123057,0.9858927163834645
7,2026-02-01 00:37:59,110591.53124284734,2412.000078964233,122698,123008,0.9974798387096774
7,2026-02-01 00:37:59,110591.53124284734,2414.000079345703,122032,123274,0.9899248827814462
7,2026-02-01 00:37:59,110591.53124284734,2416.0000797271728,122337,123738,0.9886776899578141
7,2026-02-01 00:37:59,110591.53124284734,2418.0000801086426,123222,122693,1.0043115744174484
7,2026-02-01 00:37:59,110591.53124284734,2420.000080490112,122102,123220,0.9909267975977926
7,2026-02-01 00:37:59,110591.53124284734,2422.0000808715818,122347,123262,0.9925767876555629
7,2026-02-01 00:37:59,110591.53124284734,2424.0000812530516,123060,122287,1.0063211952210782
7,2026-02-01 00:37:59,110591.53124284734,2426.0000816345214,122148,122527,0.9969068042145812
7,2026-02-01 00:37:59,110591.53124284734,2428.000082015991,121990,123338,0.9890706838119638
7,2026-02-01 00:37:59,110591.53124284734,2430.0000823974606,122175,122770,0.9951535391382259
7,2026-02-01 00:37:59,110591.53124284734,2432.0000827789304,122674,123050,0.9969443315725315
7,2026-02-01 00:37:59,110591.53124284734,2434.0000831604,121573,122716,0.9906858111411715
7,2026-02-01 00:37:59,110591.53124284734,2436.00008354187,121983,123068,0.991183735820847
7,2026-02-01 00:37:59,110591.53124284734,2438.00008392334,121249,122746,0.9878040832287814
7,2026-02-01 00:37:59,110591.53124284734,2440.000084304809,121858,122556,0.9943046444074546
7,2026-02-01 00:37:59,110591.53124284734,2442.000084686279,121699,122487,0.9935666642174271
7,2026-02-01 00:37:59,110591.53124284734,2444.000085067749,121690,122010,0.9973772641586756
7,2026-02-01 00:37:59,110591.53124284734,2446.0000854492187,120788,121460,0.9944673143421703
7,2026-02-01 00:37:59,110591.53124284734,2448.0000858306885,120251,120509,0.9978590810644848
7,2026-02-01 00:37:59,110591.53124284734,2450.000086212158,120242,120593,0.997089383297538
7,2026-02-01 00:37:59,110591.53124284734,2452.0000865936277,119894,119679,1.0017964722298816
7,2026-02-01 00:37:59,110591.53124284734,2454.0000869750975,118795,118426,1.0031158698258829
7,2026-02-01 00:37:59,110591.53124284734,2456.0000873565673,117394,118342,0.9919893190921228
7,2026-02-01 00:37:59,110591.53124284734,2458.000087738037,116886,117248,0.9969125272925764
7,2026-02-01 00:37:59,110591.53124284734,2460.0000881195065,115456,115616,0.9986161084970938
7,2026-02-01 00:37:59,110591.53124284734,2462.0000885009763,115133,115282,0.9987075172186465
7,2026-02-01 00:37:59,110591.53124284734,2464.000088882446,114061,114577,0.9954964783508033
7,2026-02-01 00:37:59,110591.53124284734,2466.000089263916,113048,113008,1.000353957241965
7,2026-02-01 00:37:59,110591.53124284734,2468.0000896453857,112190,112632,0.9960757156048015
7,2026-02-01 00:37:59,110591.53124284734,2470.000090026855,111901,112160,0.9976907988587732
7,2026-02-01 00:37:59,110591.53124284734,2472.000090408325,110965,111370,0.9963634731076592
7,2026-02-01 00:37:59,110591.53124284734,2474.0000907897947,111109,112122,0.9909651986229286
7,2026-02-01 00:37:59,110591.53124284734,2476.0000911712646,110822,111858,0.9907382574335318
7,2026-02-01 00:37:59,110591.53124284734,2478.0000915527344,111213,111920,0.9936829878484632
7,2026-02-01 00:37:59,110591.53124284734,2480.0000919342037,111332,111422,0.9991922600563623
7,2026-02-01 00:37:59,110591.53124284734,2482.0000923156736,112255,112153,1.000909471882161
7,2026-02-01 00:37:59,110591.53124284734,2484.0000926971434,113401,113151,1.0022094369470884
7,2026-02-01 00:37:59,110591.53124284734,2486.000093078613,113143,113764,0.9945413311768222
7,2026-02-01 00:37:59,110591.53124284734,2488.000093460083,114106,114706,0.9947692361341168
7,2026-02-01 00:37:59,110591.53124284734,2490.0000938415524,114926,115710,0.9932244404113733
7,2026-02-01 00:37:59,110591.53124284734,2492.000094223022,115607,117344,0.9851973684210527
7,2026-02-01 00:37:59,110591.53124284734,2494.000094604492,116919,118178,0.9893465788894719
7,2026-02-01 00:37:59,110591.53124284734,2496.000094985962,117801,119271,0.9876751263928365
7,2026-02-01 00:37:59,110591.53124284734,2498.0000953674316,118842,119519,0.994335628644818
7,2026-02-01 00:37:59,110591.53124284734,2500.000095748901,119723,121193,0.9878705865850338
7,2026-02-01 00:37:59,110591.53124284734,2502.000096130371,120571,121508,0.9922885735918623
7,2026-02-01 00:37:59,110591.53124284734,2504.0000965118406,121808,122753,0.9923016138098458
7,2026-02-01 00:37:59,110591.53124284734,2506.0000968933105,122622,123541,0.9925611740231988
7,2026-02-01 00:37:59,110591.53124284734,2508.0000972747803,122997,124179,0.9904814823762472
7,2026-02-01 00:37:59,110591.53124284734,2510.0000976562496,123620,124519,0.9927802182799412
7,2026-02-01 00:37:59,110591.53124284734,2512.0000980377195,124305,125236,0.9925660353253059
7,2026-02-01 00:37:59,110591.53124284734,2514.0000984191893,124542,124735,0.9984527197659037
7,2026-02-01 00:37:59,110591.53124284734,2516.000098800659,124207,124874,0.9946586158848119
7,2026-02-01 00:37:59,110591.53124284734,2518.000099182129,124467,124456,1.0000883846499968
7,2026-02-01 00:37:59,110591.53124284734,2520.0000995635983,123946,124736,0.9936666239096973
7,2026-02-01 00:37:59,110591.53124284734,2522.000099945068,123513,123701,0.9984802063039102
7,2026-02-01 00:37:59,110591.53124284734,2524.000100326538,123062,123791,0.9941110419982067
7,2026-02-01 00:37:59,110591.53124284734,2526.0001007080077,122248,122681,0.9964705211075879
7,2026-02-01 00:37:59,110591.53124284734,2528.0001010894775,122268,123156,0.9927896326610153
7,2026-02-01 00:37:59,110591.53124284734,2530.000101470947,121552,121805,0.9979229095685728
7,2026-02-01 00:37:59,110591.53124284734,2532.0001018524167,121070,121923,0.9930037810749407
7,2026-02-01 00:37:59,110591.53124284734,2534.0001022338865,120256,121086,0.9931453677551493
7,2026-02-01 00:37:59,110591.53124284734,2536.0001026153564,120031,121033,0.9917212661009808
7,2026-02-01 00:37:59,110591.53124284734,2538.000102996826,119683,119805,0.998981678560995
7,2026-02-01 00:37:59,110591.53124284734,2540.0001033782955,118168,119261,0.9908352269392341
7,2026-02-01 00:37:59,110591.53124284734,2542.0001037597654,118335,119130,0.9933266179803576
7,2026-02-01 00:37:59,110591.53124284734,2544.000104141235,117328,118261,0.9921106704661723
7,2026-02-01 00:37:59,110591.53124284734,2546.000104522705,117534,118450,0.9922667792317433
7,2026-02-01 00:37:59,110591.53124284734,2548.000104904175,117129,117209,0.9993174585569368
7,2026-02-01 00:37:59,110591.53124284734,2550.000105285644,116551,116894,0.9970657176587335
7,2026-02-01 00:37:59,110591.53124284734,2552.000105667114,115269,116184,0.9921245610411072
7,2026-02-01 00:37:59,110591.53124284734,2554.000106048584,114662,116063,0.9879289696113318
7,2026-02-01 00:37:59,110591.53124284734,2556.0001064300536,114660,115276,0.9946563031333495
7,2026-02-01 00:37:59,110591.53124284734,2558.0001068115234,114998,115620,0.9946203079052067
7,2026-02-01 00:37:59,110591.53124284734,2560.000107192993,113963,114860,0.9921904927738115
7,2026-02-01 00:37:59,110591.53124284734,2562.0001075744626,114138,115123,0.991443933879416
7,2026-02-01 00:37:59,110591.53124284734,2564.0001079559324,114247,114466,0.9980867681232856
7,2026-02-01 00:37:59,110591.53124284734,2566.0001083374023,114371,115141,0.9933125472247071
7,2026-02-01 00:37:59,110591.53124284734,2568.000108718872,114742,114622,1.001046919439549
7,2026-02-01 00:37:59,110591.53124284734,2570.0001091003414,114478,114983,0.9956080464068602
7,2026-02-01 00:37:59,110591.53124284734,2572.0001094818113,113666,114420,0.9934102429645167
7,2026-02-01 00:37:59,110591.53124284734,2574.000109863281,114387,115493,0.9904236620401237
7,2026-02-01 00:37:59,110591.53124284734,2576.000110244751,114251,115326,0.9906785980611484
7,2026-02-01 00:37:59,110591.53124284734,2578.0001106262207,114386,115050,0.9942285962624946
7,2026-02-01 00:37:59,110591.53124284734,2580.00011100769,114288,115789,0.9870367651504028
7,2026-02-01 00:37:59,110591.53124284734,2582.00011138916,114561,115008,0.9961133138564274
7,2026-02-01 00:37:59,110591.53124284734,2584.0001117706297,114681,116040,0.9882885211995863
7,2026-02-01 00:37:59,110591.53124284734,2586.0001121520995,114815,116755,0.9833840092501391
7,2026-02-01 00:37:59,110591.53124284734,2588.0001125335693,115335,116349,0.9912848412964443
7,2026-02-01 00:37:59,110591.53124284734,2590.0001129150387,114699,116744,0.9824830398136093
7,2026-02-01 00:37:59,110591.53124284734,2592.0001132965085,115119,117166,0.9825290613317856
7,2026-02-01 00:37:59,110591.53124284734,2594.0001136779783,114846,118122,0.9722659623101539
7,2026-02-01 00:37:59,110591.53124284734,2596.000114059448,115136,118806,0.9691093042438934
7,2026-02-01 00:37:59,110591.53124284734,2598.000114440918,114939,120339,0.9551267668835539
7,2026-02-01 00:37:59,110591.53124284734,2600.0001148223873,114134,119516,0.9549683724354898
7,2026-02-01 00:37:59,110591.53124284734,2602.000115203857,112620,120941,0.9311978568062113
7,2026-02-01 00:37:59,110591.53124284734,2604.000115585327,111809,122263,0.9144958000376238
7,2026-02-01 00:37:59,110591.53124284734,2606.000115966797,110092,122951,0.8954136200600239
7,2026-02-01 00:37:59,110591.53124284734,2608.0001163482666,110400,122612,0.9004012657814896
7,2026-02-01 00:37:59,110591.53124284734,2610.000116729736,112730,124145,0.9080510693141085
7,2026-02-01 00:37:59,110591.53124284734,2612.000117111206,115638,124625,0.9278876629889669
7,2026-02-01 00:37:59,110591.53124284734,2614.0001174926756,117830,125499,0.9388919433620985
7,2026-02-01 00:37:59,110591.53124284734,2616.0001178741454,119127,125097,0.9522770330223747
7,2026-02-01 00:37:59,110591.53124284734,2618.0001182556152,121177,125272,0.9673111309789897
7,2026-02-01 00:37:59,110591.53124284734,2620.0001186370846,121903,125934,0.9679911699779249
7,2026-02-01 00:37:59,110591.53124284734,2622.0001190185544,122858,125491,0.9790184156632746
7,2026-02-01 00:37:59,110591.53124284734,2624.0001194000242,122717,124701,0.9840899431440004
7,2026-02-01 00:37:59,110591.53124284734,2626.000119781494,122758,124450,0.9864041783848936
7,2026-02-01 00:37:59,110591.53124284734,2628.000120162964,122120,124073,0.9842592667220105
7,2026-02-01 00:37:59,110591.53124284734,2630.0001205444332,123049,123393,0.9972121595228255
7,2026-02-01 00:37:59,110591.53124284734,2632.000120925903,121413,122729,0.9892771879506881
7,2026-02-01 00:37:59,110591.53124284734,2634.000121307373,121013,121029,0.9998678002792719
7,2026-02-01 00:37:59,110591.53124284734,2636.0001216888427,120853,120664,1.0015663329576345
7,2026-02-01 00:37:59,110591.53124284734,2638.0001220703125,119051,119891,0.9929936358859297
7,2026-02-01 00:37:59,110591.53124284734,2640.000122451782,118257,119325,0.9910496543054682
7,2026-02-01 00:37:59,110591.53124284734,2642.0001228332517,117153,118017,0.9926790208190346
7,2026-02-01 00:37:59,110591.53124284734,2644.0001232147215,116712,116582,1.0011150949546241
7,2026-02-01 00:37:59,110591.53124284734,2646.0001235961913,115476,115476,1.0
7,2026-02-01 00:37:59,110591.53124284734,2648.000123977661,113956,114178,0.9980556674665872
7,2026-02-01 00:37:59,110591.53124284734,2650.0001243591305,113240,113546,0.9973050569813116
7,2026-02-01 00:37:59,110591.53124284734,2652.0001247406003,111987,112588,0.9946619533165169
7,2026-02-01 00:37:59,110591.53124284734,2654.00012512207,111139,111984,0.9924542791827404
7,2026-02-01 00:37:59,110591.53124284734,2656.00012550354,110820,111272,0.9959378819469409
7,2026-02-01 00:37:59,110591.53124284734,2658.0001258850098,110206,110899,0.993751070794146
7,2026-02-01 00:37:59,110591.53124284734,2660.000126266479,110964,111601,0.9942921658408079
7,2026-02-01 00:37:59,110591.53124284734,2662.000126647949,110631,111860,0.9890130520293223
7,2026-02-01 00:37:59,110591.53124284734,2664.0001270294188,110587,111129,0.9951227852315777
7,2026-02-01 00:37:59,110591.53124284734,2666.0001274108886,111172,112222,0.9906435458288037
7,2026-02-01 00:37:59,110591.53124284734,2668.0001277923584,111969,112005,0.9996785857774206
7,2026-02-01 00:37:59,110591.53124284734,2670.0001281738278,112405,112912,0.9955097775258609
7,2026-02-01 00:37:59,110591.53124284734,2672.0001285552976,113142,114438,0.9886750904419861
7,2026-02-01 00:37:59,110591.53124284734,2674.0001289367674,114301,115860,0.9865441049542552
7,2026-02-01 00:37:59,110591.53124284734,2676.000129318237,115619,116137,0.9955397504671207
7,2026-02-01 00:37:59,110591.53124284734,2678.000129699707,115492,116937,0.9876429188366386
7,2026-02-01 00:37:59,110591.53124284734,2680.0001300811764,116843,118530,0.9857673162912343
7,2026-02-01 00:37:59,110591.53124284734,2682.000130462646,117849,119255,0.988210137939709
7,2026-02-01 00:37:59,110591.53124284734,2684.000130844116,118325,119791,0.9877620188494962
7,2026-02-01 00:37:59,110591.53124284734,2686.000131225586,118969,119999,0.9914165951382928
7,2026-02-01 00:37:59,110591.53124284734,2688.0001316070557,118911,121206,0.9810652937973368
7,2026-02-01 00:37:59,110591.53124284734,2690.000131988525,120081,121549,0.9879225662078668
7,2026-02-01 00:37:59,110591.53124284734,2692.000132369995,119939,121186,0.9897100325120063
7,2026-02-01 00:37:59,110591.53124284734,2694.0001327514647,120932,121332,0.9967032604753898
7,2026-02-01 00:37:59,110591.53124284734,2696.0001331329345,122142,122361,0.9982102140387868
7,2026-02-01 00:37:59,110591.53124284734,2698.0001335144043,121097,122609,0.9876681157174433
7,2026-02-01 00:37:59,110591.53124284734,2700.0001338958737,121868,122001,0.9989098450012704
7,2026-02-01 00:37:59,110591.53124284734,2702.0001342773435,122206,122919,0.9941994321463729
7,2026-02-01 00:37:59,110591.53124284734,2704.0001346588133,121896,122175,0.9977163904235727
7,2026-02-01 00:37:59,110591.53124284734,2706.000135040283,121478,122927,0.9882125163715051
7,2026-02-01 00:37:59,110591.53124284734,2708.000135421753,122496,122839,0.9972077271876195
7,2026-02-01 00:37:59,110591.53124284734,2710.0001358032223,121758,123348,0.987109641015663
7,2026-02-01 00:37:59,110591.53124284734,2712.000136184692,121966,122421,0.9962833174046937
7,2026-02-01 00:37:59,110591.53124284734,2714.000136566162,121849,122141,0.9976093203756314
7,2026-02-01 00:37:59,110591.53124284734,2716.0001369476317,122123,122295,0.9985935647409951
7,2026-02-01 00:37:59,110591.53124284734,2718.0001373291016,121879,122282,0.9967043391504882
7,2026-02-01 00:37:59,110591.53124284734,2720.000137710571,121166,122044,0.9928058732915997
7,2026-02-01 00:37:59,110591.53124284734,2722.0001380920407,121462,122128,0.9945467050962924
7,2026-02-01 00:37:59,110591.53124284734,2724.0001384735106,121073,121907,0.9931587193516369
7,2026-02-01 00:37:59,110591.53124284734,2726.0001388549804,120491,120242,1.0020708238385923
7,2026-02-01 00:37:59,110591.53124284734,2728.00013923645,119555,120979,0.9882293621206987
7,2026-02-01 00:37:59,110591.53124284734,2730.0001396179196,119804,120381,0.9952068848074032
7,2026-02-01 00:37:59,110591.53124284734,2732.0001399993894,119187,120029,0.9929850286180839
7,2026-02-01 00:37:59,110591.53124284734,2734.000140380859,118373,118823,0.9962128544137078
7,2026-02-01 00:37:59,110591.53124284734,2736.000140762329,118109,118198,0.9992470261764158
7,2026-02-01 00:37:59,110591.53124284734,2738.000141143799,117082,117168,0.9992660111975966
7,2026-02-01 00:37:59,110591.53124284734,2740.000141525268,115674,115878,0.9982395277792161
7,2026-02-01 00:37:59,110591.53124284734,2742.000141906738,115711,114997,1.0062088576223727
7,2026-02-01 00:37:59,110591.53124284734,2744.000142288208,114517,114612,0.9991711164624996
7,2026-02-01 00:37:59,110591.53124284734,2746.0001426696776,113463,113497,0.9997004326105536
7,2026-02-01 00:37:59,110591.53124284734,2748.0001430511475,113016,112427,1.0052389550552803
7,2026-02-01 00:37:59,110591.53124284734,2750.000143432617,111987,112449,0.995891470800096
7,2026-02-01 00:37:59,110591.53124284734,2752.0001438140866,111779,112406,0.9944220059427432
7,2026-02-01 00:37:59,110591.53124284734,2754.0001441955565,111990,110574,1.0128059037386727
7,2026-02-01 00:37:59,110591.53124284734,2756.0001445770263,110376,110812,0.9960654080785475
7,2026-02-01 00:37:59,110591.53124284734,2758.000144958496,110192,111454,0.9886769429540438
7,2026-02-01 00:37:59,110591.53124284734,2760.0001453399655,110872,111130,0.9976783946729056
7,2026-02-01 00:37:59,110591.53124284734,2762.0001457214353,111051,111634,0.9947775767239372
7,2026-02-01 00:37:59,110591.53124284734,2764.000146102905,111699,111198,1.0045054767172072
7,2026-02-01 00:37:59,110591.53124284734,2766.000146484375,111363,112373,0.9910120758545202
7,2026-02-01 00:37:59,110591.53124284734,2768.0001468658447,112323,113515,0.9894991851297186
7,2026-02-01 00:37:59,110591.53124284734,2770.000147247314,113085,114294,0.9894220169037745
7,2026-02-01 00:37:59,110591.53124284734,2772.000147628784,113590,114936,0.988289134822858
7,2026-02-01 00:37:59,110591.53124284734,2774.0001480102537,114896,116034,0.9901925297757553
7,2026-02-01 00:37:59,110591.53124284734,2776.0001483917235,115623,116383,0.9934698366599933
7,2026-02-01 00:37:59,110591.53124284734,2778.0001487731934,116833,118257,0.9879584295221424
7,2026-02-01 00:37:59,110591.53124284734,2780.0001491546627,117485,119256,0.9851495941503992
7,2026-02-01 00:37:59,110591.53124284734,2782.0001495361325,118597,118705,0.9990901815424793
7,2026-02-01 00:37:59,110591.53124284734,2784.0001499176024,119249,120896,0.9863767204870302
7,2026-02-01 00:37:59,110591.53124284734,2786.000150299072,120626,121049,0.9965055473403333
7,2026-02-01 00:37:59,110591.53124284734,2788.000150680542,120922,122960,0.9834255042290175
7,2026-02-01 00:37:59,110591.53124284734,2790.0001510620114,122467,123015,0.9955452587082876
7,2026-02-01 00:37:59,110591.53124284734,2792.000151443481,122351,123253,0.9926817197147331
7,2026-02-01 00:37:59,110591.53124284734,2794.000151824951,123016,123684,0.9945991397432166
7,2026-02-01 00:37:59,110591.53124284734,2796.000152206421,122982,124329,0.9891658422411505
7,2026-02-01 00:37:59,110591.53124284734,2798.0001525878906,123863,124446,0.9953152371309645
7,2026-02-01 00:37:59,110591.53124284734,2800.00015296936,123633,124677,0.9916263625207536
7,2026-02-01 00:37:59,110591.53124284734,2802.00015335083,123913,125013,0.9912009151048291
7,2026-02-01 00:37:59,110591.53124284734,2804.0001537322996,123960,124546,0.9952949111171776
7,2026-02-01 00:37:59,110591.53124284734,2806.0001541137694,123717,123973,0.9979350342413268
7,2026-02-01 00:37:59,110591.53124284734,2808.0001544952393,123545,123314,1.0018732666201728
7,2026-02-01 00:37:59,110591.53124284734,2810.0001548767086,122619,123337,0.9941785514484704
7,2026-02-01 00:37:59,110591.53124284734,2812.0001552581784,121853,123094,0.9899182738395048
7,2026-02-01 00:37:59,110591.53124284734,2814.0001556396483,121225,122113,0.9927280469728857
7,2026-02-01 00:37:59,110591.53124284734,2816.000156021118,121223,121575,0.9971046679004729
7,2026-02-01 00:37:59,110591.53124284734,2818.000156402588,120239,120859,0.9948700551882772
7,2026-02-01 00:37:59,110591.53124284734,2820.0001567840573,119143,119447,0.9974549381734158
7,2026-02-01 00:37:59,110591.53124284734,2822.000157165527,119137,119031,1.0008905243171946
7,2026-02-01 00:37:59,110591.53124284734,2824.000157546997,117553,117272,1.0023961388907838
7,2026-02-01 00:37:59,110591.53124284734,2826.0001579284667,116943,116973,0.999743530558334
7,2026-02-01 00:37:59,110591.53124284734,2828.0001583099365,115905,116148,0.9979078417191859
7,2026-02-01 00:37:59,110591.53124284734,2830.000158691406,115114,115424,0.9973142500693096
7,2026-02-01 00:37:59,110591.53124284734,2832.0001590728757,113769,113664,1.000923775337838
7,2026-02-01 00:37:59,110591.53124284734,2834.0001594543455,113354,112888,1.0041279852597265
7,2026-02-01 00:37:59,110591.53124284734,2836.0001598358153,112085,112102,0.999848352393356
7,2026-02-01 00:37:59,110591.53124284734,2838.000160217285,110988,111649,0.994079660364177
7,2026-02-01 00:37:59,110591.53124284734,2840.0001605987545,110536,110777,0.9978244581456439
7,2026-02-01 00:37:59,110591.53124284734,2842.0001609802243,109387,109857,0.9957217109515097
7,2026-02-01 00:37:59,110591.53124284734,2844.000161361694,108618,108739,0.9988872437671856
7,2026-02-01 00:37:59,110591.53124284734,2846.000161743164,107897,108209,0.9971166908482658
7,2026-02-01 00:37:59,110591.53124284734,2848.000162124634,107815,108044,0.9978804931324275
7,2026-02-01 00:37:59,110591.53124284734,2850.000162506103,107147,107536,0.9963826067549472
7,2026-02-01 00:37:59,110591.53124284734,2852.000162887573,107117,108000,0.991824074074074
7,2026-02-01 00:37:59,110591.53124284734,2854.000163269043,107347,108471,0.9896377833706705
7,2026-02-01 00:37:59,110591.53124284734,2856.0001636505126,107267,109023,0.9838933069168891
7,2026-02-01 00:37:59,110591.53124284734,2858.0001640319824,107771,108867,0.9899326701387932
7,2026-02-01 00:37:59,110591.53124284734,2860.000164413452,108739,110905,0.9804697714259952
7,2026-02-01 00:37:59,110591.53124284734,2862.0001647949216,110080,111582,0.9865390475166246
7,2026-02-01 00:37:59,110591.53124284734,2864.0001651763914,111582,113413,0.9838554663045682
7,2026-02-01 00:37:59,110591.53124284734,2866.0001655578612,112689,114020,0.9883266093667777
7,2026-02-01 00:37:59,110591.53124284734,2868.000165939331,113763,114497,0.9935893516860704
7,2026-02-01 00:37:59,110591.53124284734,2870.0001663208004,114767,116486,0.9852428618031351
7,2026-02-01 00:37:59,110591.53124284734,2872.0001667022702,116182,118076,0.9839594837223483
7,2026-02-01 00:37:59,110591.53124284734,2874.00016708374,117607,118586,0.9917443880390603
7,2026-02-01 00:37:59,110591.53124284734,2876.00016746521,118377,119632,0.9895094957870804
7,2026-02-01 00:37:59,110591.53124284734,2878.0001678466797,118808,120632,0.9848796339279793
7,2026-02-01 00:37:59,110591.53124284734,2880.000168228149,119898,121326,0.9882300578606399
7,2026-02-01 00:37:59,110591.53124284734,2882.000168609619,120536,120856,0.9973522208247833
7,2026-02-01 00:37:59,110591.53124284734,2884.0001689910887,120599,121968,0.9887757444575627
7,2026-02-01 00:37:59,110591.53124284734,2886.0001693725585,120461,122149,0.9861808119591646
7,2026-02-01 00:37:59,110591.53124284734,2888.0001697540283,121252,122223,0.9920555051013312
7,2026-02-01 00:37:59,110591.53124284734,2890.0001701354977,120781,122384,0.9869018825990326
7,2026-02-01 00:37:59,110591.53124284734,2892.0001705169675,121392,122444,0.9914083172715691
7,2026-02-01 00:37:59,110591.53124284734,2894.0001708984373,121610,122502,0.9927184862287962
7,2026-02-01 00:37:59,110591.53124284734,2896.000171279907,121519,122458,0.9923320648712212
7,2026-02-01 00:37:59,110591.53124284734,2898.000171661377,121732,122683,0.9922483147624366
7,2026-02-01 00:37:59,110591.53124284734,2900.0001720428463,121999,122213,0.9982489587850719
7,2026-02-01 00:37:59,110591.53124284734,2902.000172424316,122128,121883,1.002010124463625
7,2026-02-01 00:37:59,110591.53124284734,2904.000172805786,120976,122137,0.9904942810123059
7,2026-02-01 00:37:59,110591.53124284734,2906.0001731872558,120573,121910,0.9890328931178738
7,2026-02-01 00:37:59,110591.53124284734,2908.0001735687256,120708,121708,0.9917836132382424
7,2026-02-01 00:37:59,110591.53124284734,2910.000173950195,120755,120556,1.0016506851587643
7,2026-02-01 00:37:59,110591.53124284734,2912.0001743316648,119940,120288,0.9971069433359936
7,2026-02-01 00:37:59,110591.53124284734,2914.0001747131346,118750,119700,0.9920634920634921
7,2026-02-01 00:37:59,110591.53124284734,2916.0001750946044,118286,118716,0.996377910306951
7,2026-02-01 00:37:59,110591.53124284734,2918.000175476074,117381,118023,0.9945603822983655
7,2026-02-01 00:37:59,110591.53124284734,2920.0001758575436,116567,117081,0.9956098769228141
7,2026-02-01 00:37:59,110591.53124284734,2922.0001762390134,115560,115576,0.9998615629542466
7,2026-02-01 00:37:59,110591.53124284734,2924.000176620483,114371,114250,1.0010590809628008
7,2026-02-01 00:37:59,110591.53124284734,2926.000177001953,113057,113331,0.9975823031650651
7,2026-02-01 00:37:59,110591.53124284734,2928.000177383423,111962,111840,1.0010908440629471
7,2026-02-01 00:37:59,110591.53124284734,2930.000177764892,111286,111643,0.9968023073546931
7,2026-02-01 00:37:59,110591.53124284734,2932.000178146362,109809,109594,1.0019617862291732
7,2026-02-01 00:37:59,110591.53124284734,2934.000178527832,107930,108941,0.9907197473861998
7,2026-02-01 00:37:59,110591.53124284734,2936.0001789093017,107622,108278,0.9939415208999058
7,2026-02-01 00:37:59,110591.53124284734,2938.0001792907715,106722,107763,0.9903399125859526
7,2026-02-01 00:37:59,110591.53124284734,2940.000179672241,106068,107689,0.9849473948128407
7,2026-02-01 00:37:59,110591.53124284734,2942.0001800537107,106118,107661,0.9856679763331198
7,2026-02-01 00:37:59,110591.53124284734,2944.0001804351805,106292,107484,0.9889099772989468
7,2026-02-01 00:37:59,110591.53124284734,2946.0001808166503,106237,107209,0.9909335969927898
7,2026-02-01 00:37:59,110591.53124284734,2948.00018119812,106970,107981,0.9906372417369722
7,2026-02-01 00:37:59,110591.53124284734,2950.0001815795895,107733,108197,0.9957115261975841
7,2026-02-01 00:37:59,110591.53124284734,2952.0001819610593,108561,109607,0.9904568138896238
7,2026-02-01 00:37:59,110591.53124284734,2954.000182342529,109355,111246,0.9830016360138791
7,2026-02-01 00:37:59,110591.53124284734,2956.000182723999,110133,111717,0.9858213163618786
7,2026-02-01 00:37:59,110591.53124284734,2958.0001831054688,111843,113406,0.9862176604412465
7,2026-02-01 00:37:59,110591.53124284734,2960.000183486938,113080,114949,0.9837406154033528
7,2026-02-01 00:37:59,110591.53124284734,2962.000183868408,114442,116388,0.9832800632367598
7,2026-02-01 00:37:59,110591.53124284734,2964.0001842498777,115986,118138,0.9817840153041358
7,2026-02-01 00:37:59,110591.53124284734,2966.0001846313476,117616,119958,0.9804765001083713
7,2026-02-01 00:37:59,110591.53124284734,2968.0001850128174,118805,120182,0.9885423773942853
7,2026-02-01 00:37:59,110591.53124284734,2970.0001853942867,119396,121691,0.9811407581497399
7,2026-02-01 00:37:59,110591.53124284734,2972.0001857757566,120018,122292,0.9814051614169366
7,2026-02-01 00:37:59,110591.53124284734,2974.0001861572264,120608,122963,0.9808478973349707
7,2026-02-01 00:37:59,110591.53124284734,2976.000186538696,121741,123761,0.9836782185017897
7,2026-02-01 00:37:59,110591.53124284734,2978.000186920166,121615,123212,0.9870386001363504
7,2026-02-01 00:37:59,110591.53124284734,2980.0001873016354,121901,124662,0.9778521121111485
7,2026-02-01 00:37:59,110591.53124284734,2982.000187683105,122155,124897,0.9780459098296996
7,2026-02-01 00:37:59,110591.53124284734,2984.000188064575,122482,124278,0.9855485282994577
7,2026-02-01 00:37:59,110591.53124284734,2986.000188446045,123015,123899,0.992865156296661
7,2026-02-01 00:37:59,110591.53124284734,2988.0001888275146,122851,124151,0.989528880154006
7,2026-02-01 00:37:59,110591.53124284734,2990.000189208984,122697,124149,0.9883043761931227
7,2026-02-01 00:37:59,110591.53124284734,2992.000189590454,122258,124602,0.9811881029196963
7,2026-02-01 00:37:59,110591.53124284734,2994.0001899719236,121795,123723,0.9844168020497401
7,2026-02-01 00:37:59,110591.53124284734,2996.0001903533935,120773,122777,0.9836777246552693
7,2026-02-01 00:37:59,110591.53124284734,2998.0001907348633,121590,122915,0.9892201928161738
7,2026-02-01 00:37:59,110591.53124284734,3000.0001911163326,121094,122698,0.9869272522779508
7,2026-02-01 00:37:59,110591.53124284734,3002.0001914978025,120468,121722,0.9896978360526445
7,2026-02-01 00:37:59,110591.53124284734,3004.0001918792723,119326,121245,0.9841725431976577
7,2026-02-01 00:37:59,110591.53124284734,3006.000192260742,118498,120067,0.9869322961346582
7,2026-02-01 00:37:59,110591.53124284734,3008.000192642212,118427,120136,0.9857744556169674
7,2026-02-01 00:37:59,110591.53124284734,3010.0001930236813,117499,118546,0.9911679854233799
7,2026-02-01 00:37:59,110591.53124284734,3012.000193405151,116404,117821,0.9879732815032973
7,2026-02-01 00:37:59,110591.53124284734,3014.000193786621,115028,117020,0.9829772688429328
7,2026-02-01 00:37:59,110591.53124284734,3016.0001941680907,114112,115985,0.9838513600896668
7,2026-02-01 00:37:59,110591.53124284734,3018.0001945495605,113754,114295,0.9952666345859399
7,2026-02-01 00:37:59,110591.53124284734,3020.00019493103,112805,113926,0.9901602794796622
7,2026-02-01 00:37:59,110591.53124284734,3022.0001953124997,112189,113188,0.9911739760398629
7,2026-02-01 00:37:59,110591.53124284734,3024.0001956939695,111864,113015,0.9898155112153254
7,2026-02-01 00:37:59,110591.53124284734,3026.0001960754394,111306,112712,0.9875257292923557
7,2026-02-01 00:37:59,110591.53124284734,3028.000196456909,110604,112074,0.9868836661491515
7,2026-02-01 00:37:59,110591.53124284734,3030.0001968383785,109752,111615,0.9833086950678672
7,2026-02-01 00:37:59,110591.53124284734,3032.0001972198484,109847,111496,0.9852102317571931
7,2026-02-01 00:37:59,110591.53124284734,3034.000197601318,109770,110891,0.9898909740195327
7,2026-02-01 00:37:59,110591.53124284734,3036.000197982788,109177,111754,0.9769404227141758
7,2026-02-01 00:37:59,110591.53124284734,3038.000198364258,109123,111280,0.980616462976276
7,2026-02-01 00:37:59,110591.53124284734,3040.000198745727,110097,110822,0.9934579776578658
7,2026-02-01 00:37:59,110591.53124284734,3042.000199127197,109560,111617,0.9815709076574357
7,2026-02-01 00:37:59,110591.53124284734,3044.000199508667,110615,112019,0.9874664119479731
7,2026-02-01 00:37:59,110591.53124284734,3046.0001998901366,110573,112633,0.9817105111290652
7,2026-02-01 00:37:59,110591.53124284734,3048.0002002716064,110807,112625,0.983857935627081
7,2026-02-01 00:37:59,110591.53124284734,3050.000200653076,111163,113641,0.9781944896648217
7,2026-02-01 00:37:59,110591.53124284734,3052.0002010345456,111622,114267,0.9768524595902579
7,2026-02-01 00:37:59,110591.53124284734,3054.0002014160154,112902,114955,0.9821408377191074
7,2026-02-01 00:37:59,110591.53124284734,3056.0002017974853,113085,115899,0.9757202391737634
7,2026-02-01 00:37:59,110591.53124284734,3058.000202178955,114237,116735,0.9786011050670321
7,2026-02-01 00:37:59,110591.53124284734,3060.0002025604244,115184,117581,0.9796140532909229
7,2026-02-01 00:37:59,110591.53124284734,3062.0002029418943,116216,117979,0.9850566626263996
7,2026-02-01 00:37:59,110591.53124284734,3064.000203323364,117648,120021,0.9802284600194966
7,2026-02-01 00:37:59,110591.53124284734,3066.000203704834,118544,121344,0.976925105485232
7,2026-02-01 00:37:59,110591.53124284734,3068.0002040863037,119221,122543,0.97289114841321
7,2026-02-01 00:37:59,110591.53124284734,3070.000204467773,120354,122710,0.9808002607774428
7,2026-02-01 00:37:59,110591.53124284734,3072.000204849243,121504,123399,0.9846433115341291
7,2026-02-01 00:37:59,110591.53124284734,3074.0002052307127,121854,124518,0.9786055028188696
7,2026-02-01 00:37:59,110591.53124284734,3076.0002056121825,123172,125004,0.9853444689769927
7,2026-02-01 00:37:59,110591.53124284734,3078.0002059936523,123338,125567,0.9822485207100592
7,2026-02-01 00:37:59,110591.53124284734,3080.0002063751217,123762,126562,0.9778764558082205
7,2026-02-01 00:37:59,110591.53124284734,3082.0002067565915,124092,126345,0.9821678736792117
7,2026-02-01 00:37:59,110591.53124284734,3084.0002071380613,124451,126120,0.9867665715191881
7,2026-02-01 00:37:59,110591.53124284734,3086.000207519531,124228,126475,0.9822336430124531
7,2026-02-01 00:37:59,110591.53124284734,3088.000207901001,125364,126352,0.9921805749018615
7,2026-02-01 00:37:59,110591.53124284734,3090.0002082824703,124338,126112,0.9859331387972596
7,2026-02-01 00:37:59,110591.53124284734,3092.00020866394,124157,125892,0.9862183458837734
7,2026-02-01 00:37:59,110591.53124284734,3094.00020904541,123507,125361,0.9852107114652883
7,2026-02-01 00:37:59,110591.53124284734,3096.00020942688,123036,124972,0.9845085299107
7,2026-02-01 00:37:59,110591.53124284734,3098.0002098083496,122150,123825,0.9864728447405613
7,2026-02-01 00:37:59,110591.53124284734,3100.000210189819,120914,122923,0.9836564353294339
7,2026-02-01 00:37:59,110591.53124284734,3102.000210571289,120669,121315,0.9946750195771339
7,2026-02-01 00:37:59,110591.53124284734,3104.0002109527586,119022,120659,0.9864328396555583
7,2026-02-01 00:37:59,110591.53124284734,3106.0002113342284,117735,118770,0.9912856782015661
7,2026-02-01 00:37:59,110591.53124284734,3108.0002117156982,116481,118318,0.9844740445240792
7,2026-02-01 00:37:59,110591.53124284734,3110.0002120971676,115483,116632,0.9901485012689485
7,2026-02-01 00:37:59,110591.53124284734,3112.0002124786374,114867,115324,0.9960372515694912
7,2026-02-01 00:37:59,110591.53124284734,3114.0002128601072,113267,113988,0.9936747727831
7,2026-02-01 00:37:59,110591.53124284734,3116.000213241577,111939,112799,0.9923758189345651
7,2026-02-01 00:37:59,110591.53124284734,3118.000213623047,111035,112123,0.9902963709497605
7,2026-02-01 00:37:59,110591.53124284734,3120.0002140045162,109779,110857,0.9902757606646401
7,2026-02-01 00:37:59,110591.53124284734,3122.000214385986,109052,109632,0.9947095738470519
7,2026-02-01 00:37:59,110591.53124284734,3124.000214767456,108593,109342,0.9931499332369995
7,2026-02-01 00:37:59,110591.53124284734,3126.0002151489257,107790,108673,0.991874706688874
7,2026-02-01 00:37:59,110591.53124284734,3128.0002155303955,107781,108957,0.989206751287205
7,2026-02-01 00:37:59,110591.53124284734,3130.000215911865,107555,109090,0.985929049408745
7,2026-02-01 00:37:59,110591.53124284734,3132.0002162933347,108063,109727,0.9848350907251634
7,2026-02-01 00:37:59,110591.53124284734,3134.0002166748045,108197,110182,0.9819843531611334
7,2026-02-01 00:37:59,110591.53124284734,3136.0002170562743,108902,110905,0.9819394977683603
7,2026-02-01 00:37:59,110591.53124284734,3138.000217437744,110160,112008,0.9835011784872509
7,2026-02-01 00:37:59,110591.53124284734,3140.0002178192135,111674,112927,0.988904336429729
7,2026-02-01 00:37:59,110591.53124284734,3142.0002182006833,112465,114119,0.9855063573988556
7,2026-02-01 00:37:59,110591.53124284734,3144.000218582153,113490,114939,0.9873933129747083
7,2026-02-01 00:37:59,110591.53124284734,3146.000218963623,114263,116276,0.982687742956414
7,2026-02-01 00:37:59,110591.53124284734,3148.000219345093,115573,117670,0.9821789750998555
7,2026-02-01 00:37:59,110591.53124284734,3150.000219726562,116709,118484,0.9850190743053915
7,2026-02-01 00:37:59,110591.53124284734,3152.000220108032,117440,120303,0.9762017572296617
7,2026-02-01 00:37:59,110591.53124284734,3154.0002204895018,118371,120518,0.982185233741018
7,2026-02-01 00:37:59,110591.53124284734,3156.0002208709716,119728,121065,0.9889563457646718
7,2026-02-01 00:37:59,110591.53124284734,3158.0002212524414,120641,122491,0.9848968495644578
7,2026-02-01 00:37:59,110591.53124284734,3160.0002216339108,121168,121777,0.9949990556509029
7,2026-02-01 00:37:59,110591.53124284734,3162.0002220153806,121087,123612,0.979573180597353
7,2026-02-01 00:37:59,110591.53124284734,3164.0002223968504,122875,123795,0.9925683589805727
7,2026-02-01 00:37:59,110591.53124284734,3166.00022277832,122537,123793,0.9898540305186885
7,2026-02-01 00:37:59,110591.53124284734,3168.00022315979,123181,123575,0.9968116528424034
7,2026-02-01 00:37:59,110591.53124284734,3170.0002235412594,124131,124877,0.9940261217037565
7,2026-02-01 00:37:59,110591.53124284734,3172.000223922729,123187,124999,0.9855038840310723
7,2026-02-01 00:37:59,110591.53124284734,3174.000224304199,123644,124611,0.9922398504144899
7,2026-02-01 00:37:59,110591.53124284734,3176.000224685669,124556,125572,0.9919090243047813
7,2026-02-01 00:37:59,110591.53124284734,3178.0002250671387,123304,124695,0.9888447812662897
7,2026-02-01 00:37:59,110591.53124284734,3180.000225448608,123925,124882,0.9923367659070162
7,2026-02-01 00:37:59,110591.53124284734,3182.000225830078,123213,123961,0.993965844096127
7,2026-02-01 00:37:59,110591.53124284734,3184.0002262115477,122736,124113,0.9889052718087549
7,2026-02-01 00:37:59,110591.53124284734,3186.0002265930175,123166,124107,0.9924178329989445
7,2026-02-01 00:37:59,110591.53124284734,3188.0002269744873,123349,123450,0.9991818550020252
7,2026-02-01 00:37:59,110591.53124284734,3190.0002273559567,121982,123285,0.9894309932270755
7,2026-02-01 00:37:59,110591.53124284734,3192.0002277374265,122006,122378,0.9969602379512658
7,2026-02-01 00:37:59,110591.53124284734,3194.0002281188963,121527,122576,0.9914420441195666
7,2026-02-01 00:37:59,110591.53124284734,3196.000228500366,120572,121576,0.9917417911429888
7,2026-02-01 00:37:59,110591.53124284734,3198.000228881836,120606,121246,0.9947214753476403
7,2026-02-01 00:37:59,110591.53124284734,3200.0002292633053,120154,120144,1.0000832334531895
7,2026-02-01 00:37:59,110591.53124284734,3202.000229644775,119100,119480,0.9968195513893539
7,2026-02-01 00:37:59,110591.53124284734,3204.000230026245,117990,118424,0.9963352023238533
7,2026-02-01 00:37:59,110591.53124284734,3206.0002304077148,116635,117103,0.9960035182702407
7,2026-02-01 00:37:59,110591.53124284734,3208.0002307891846,115523,116758,0.9894225663337844
7,2026-02-01 00:37:59,110591.53124284734,3210.000231170654,115257,115371,0.9990118834022415
7,2026-02-01 00:37:59,110591.53124284734,3212.0002315521238,113669,113594,1.000660246139761
7,2026-02-01 00:37:59,110591.53124284734,3214.0002319335936,111988,112775,0.9930215029926845
7,2026-02-01 00:37:59,110591.53124284734,3216.0002323150634,111515,112090,0.9948701935944331
7,2026-02-01 00:37:59,110591.53124284734,3218.000232696533,110500,110792,0.997364430644812
7,2026-02-01 00:37:59,110591.53124284734,3220.0002330780026,109498,110391,0.991910572419853
7,2026-02-01 00:37:59,110591.53124284734,3222.0002334594724,108948,109767,0.9925387411517123
7,2026-02-01 00:37:59,110591.53124284734,3224.000233840942,108881,109103,0.9979652255208381
7,2026-02-01 00:37:59,110591.53124284734,3226.000234222412,109001,109206,0.9981228137648115
7,2026-02-01 00:37:59,110591.53124284734,3228.000234603882,107823,109841,0.9816279895485293
7,2026-02-01 00:37:59,110591.53124284734,3230.000234985351,108679,109892,0.9889618898554945
7,2026-02-01 00:37:59,110591.53124284734,3232.000235366821,109467,110388,0.9916567018154148
7,2026-02-01 00:37:59,110591.53124284734,3234.000235748291,109883,111816,0.9827126708163412
7,2026-02-01 00:37:59,110591.53124284734,3236.0002361297607,110320,112283,0.9825173890971919
7,2026-02-01 00:37:59,110591.53124284734,3238.0002365112305,111887,113286,0.9876507247144396
7,2026-02-01 00:37:59,110591.53124284734,3240.0002368927,112831,114416,0.9861470423716963
7,2026-02-01 00:37:59,110591.53124284734,3242.0002372741696,113860,115249,0.9879478346883704
7,2026-02-01 00:37:59,110591.53124284734,3244.0002376556395,115383,117360,0.9831543967280164
7,2026-02-01 00:37:59,110591.53124284734,3246.0002380371093,116720,118516,0.9848459279759695
7,2026-02-01 00:37:59,110591.53124284734,3248.000238418579,117261,119657,0.9799760983477774
7,2026-02-01 00:37:59,110591.53124284734,3250.0002388000485,118705,120058,0.9887304469506405
7,2026-02-01 00:37:59,110591.53124284734,3252.0002391815183,119264,121558,0.9811283502525543
7,2026-02-01 00:37:59,110591.53124284734,3254.000239562988,120320,122530,0.9819636007508366
7,2026-02-01 00:37:59,110591.53124284734,3256.000239944458,120455,123233,0.9774573369146251
7,2026-02-01 00:37:59,110591.53124284734,3258.0002403259277,120809,124227,0.9724858525119338
7,2026-02-01 00:37:59,110591.53124284734,3260.000240707397,119998,124179,0.9663308610956765
7,2026-02-01 00:37:59,110591.53124284734,3262.000241088867,117993,125064,0.9434609479946268
7,2026-02-01 00:37:59,110591.53124284734,3264.0002414703367,116781,125144,0.9331729847216007
7,2026-02-01 00:37:59,110591.53124284734,3266.0002418518065,116717,125609,0.9292088942671305
7,2026-02-01 00:37:59,110591.53124284734,3268.0002422332764,118146,126031,0.9374360276439924
7,2026-02-01 00:37:59,110591.53124284734,3270.0002426147457,120319,125953,0.9552690289234873
7,2026-02-01 00:37:59,110591.53124284734,3272.0002429962155,121554,125120,0.9714993606138107
7,2026-02-01 00:37:59,110591.53124284734,3274.0002433776854,122789,125568,0.9778685652395515
7,2026-02-01 00:37:59,110591.53124284734,3276.000243759155,123801,124980,0.9905664906385021
7,2026-02-01 00:37:59,110591.53124284734,3278.000244140625,124008,125160,0.9907957813998083
7,2026-02-01 00:37:59,110591.53124284734,3280.0002445220944,124103,124783,0.9945505397369834
7,2026-02-01 00:37:59,110591.53124284734,3282.000244903564,122731,123845,0.9910048851386815
7,2026-02-01 00:37:59,110591.53124284734,3284.000245285034,122158,123593,0.9883893100741952
7,2026-02-01 00:37:59,110591.53124284734,3286.000245666504,122262,122776,0.9958135140418323
7,2026-02-01 00:37:59,110591.53124284734,3288.0002460479736,121568,121493,1.0006173195163508
7,2026-02-01 00:37:59,110591.53124284734,3290.000246429443,120826,121602,0.9936185260110854
7,2026-02-01 00:37:59,110591.53124284734,3292.000246810913,120082,119735,1.0028980665636613
7,2026-02-01 00:37:59,110591.53124284734,3294.0002471923826,119349,118714,1.0053489900096029
7,2026-02-01 00:37:59,110591.53124284734,3296.0002475738524,117753,117633,1.0010201219045676
7,2026-02-01 00:37:59,110591.53124284734,3298.0002479553223,117167,117173,0.9999487936640694
7,2026-02-01 00:37:59,110591.53124284734,3300.0002483367916,116008,116559,0.9952727803086848
7,2026-02-01 00:37:59,110591.53124284734,3302.0002487182614,115490,115524,0.999705688861189
7,2026-02-01 00:37:59,110591.53124284734,3304.0002490997313,114475,115004,0.995400159994435
7,2026-02-01 00:37:59,110591.53124284734,3306.000249481201,113449,113486,0.9996739685952453
7,2026-02-01 00:37:59,110591.53124284734,3308.000249862671,113440,113425,1.0001322459775182
7,2026-02-01 00:37:59,110591.53124284734,3310.0002502441403,113552,113314,1.0021003582964152
7,2026-02-01 00:37:59,110591.53124284734,3312.00025062561,113089,113271,0.998393233925718
7,2026-02-01 00:37:59,110591.53124284734,3314.00025100708,111584,112535,0.9915492957746479
7,2026-02-01 00:37:59,110591.53124284734,3316.0002513885497,111249,111976,0.9935075373294278
7,2026-02-01 00:37:59,110591.53124284734,3318.0002517700195,111729,112330,0.9946496928692246
7,2026-02-01 00:37:59,110591.53124284734,3320.000252151489,110983,111342,0.9967757000952022
7,2026-02-01 00:37:59,110591.53124284734,3322.0002525329587,111323,112200,0.9921836007130125
7,2026-02-01 00:37:59,110591.53124284734,3324.0002529144285,111914,112355,0.996074941035112
7,2026-02-01 00:37:59,110591.53124284734,3326.0002532958983,111986,112683,0.9938145061810566
7,2026-02-01 00:37:59,110591.53124284734,3328.000253677368,112386,113572,0.9895572852463635
7,2026-02-01 00:37:59,110591.53124284734,3330.0002540588375,112574,114094,0.9866776517608288
7,2026-02-01 00:37:59,110591.53124284734,3332.0002544403073,113877,114421,0.9952456279878693
7,2026-02-01 00:37:59,110591.53124284734,3334.000254821777,114475,114515,0.999650700781557
7,2026-02-01 00:37:59,110591.53124284734,3336.000255203247,114495,116357,0.9839975248588396
7,2026-02-01 00:37:59,110591.53124284734,3338.000255584717,115890,116314,0.996354695049607
7,2026-02-01 00:37:59,110591.53124284734,3340.000255966186,116677,117902,0.9896100150972842
7,2026-02-01 00:37:59,110591.53124284734,3342.000256347656,117553,117845,0.9975221689507404
7,2026-02-01 00:37:59,110591.53124284734,3344.000256729126,117764,119854,0.9825621172426452
7,2026-02-01 00:37:59,110591.53124284734,3346.0002571105956,119032,120079,0.991280740179382
7,2026-02-01 00:37:59,110591.53124284734,3348.0002574920654,120207,121553,0.9889266410536968
7,2026-02-01 00:37:59,110591.53124284734,3350.000257873535,121337,121882,0.9955284619550057
7,2026-02-01 00:37:59,110591.53124284734,3352.0002582550046,121888,121829,1.0004842853507785
7,2026-02-01 00:37:59,110591.53124284734,3354.0002586364744,122309,122603,0.9976020162638761
7,2026-02-01 00:37:59,110591.53124284734,3356.0002590179442,123125,123578,0.9963342989852563
7,2026-02-01 00:37:59,110591.53124284734,3358.000259399414,123691,124177,0.9960862317498409
7,2026-02-01 00:37:59,110591.53124284734,3360.0002597808834,124292,124662,0.997031974458937
7,2026-02-01 00:37:59,110591.53124284734,3362.0002601623532,124521,125326,0.9935767518312242
7,2026-02-01 00:37:59,110591.53124284734,3364.000260543823,124312,125221,0.9927408342051254
7,2026-02-01 00:37:59,110591.53124284734,3366.000260925293,125204,125847,0.9948906211510803
7,2026-02-01 00:37:59,110591.53124284734,3368.0002613067627,125298,125821,0.9958433011977332
7,2026-02-01 00:37:59,110591.53124284734,3370.000261688232,125630,126764,0.9910542425294248
7,2026-02-01 00:37:59,110591.53124284734,3372.000262069702,125813,125966,0.998785386532874
7,2026-02-01 00:37:59,110591.53124284734,3374.0002624511717,125178,126022,0.9933027566615353
7,2026-02-01 00:37:59,110591.53124284734,3376.0002628326415,125393,125191,1.0016135345192545
7,2026-02-01 00:37:59,110591.53124284734,3378.0002632141113,124720,125357,0.9949185127276499
7,2026-02-01 00:37:59,110591.53124284734,3380.0002635955807,124220,124339,0.9990429390617586
7,2026-02-01 00:37:59,110591.53124284734,3382.0002639770505,123408,124091,0.9944959747282236
7,2026-02-01 00:37:59,110591.53124284734,3384.0002643585203,122816,122585,1.0018844067381816
7,2026-02-01 00:37:59,110591.53124284734,3386.00026473999,121357,121741,0.9968457627257867
7,2026-02-01 00:37:59,110591.53124284734,3388.00026512146,121291,121075,1.0017840181705555
7,2026-02-01 00:37:59,110591.53124284734,3390.0002655029293,119643,120473,0.993110489487271
7,2026-02-01 00:37:59,110591.53124284734,3392.000265884399,118278,118927,0.9945428708367318
7,2026-02-01 00:37:59,110591.53124284734,3394.000266265869,117007,117102,0.9991887414390873
7,2026-02-01 00:37:59,110591.53124284734,3396.000266647339,115839,116110,0.9976660063732667
7,2026-02-01 00:37:59,110591.53124284734,3398.0002670288086,114538,115496,0.9917053404446907
7,2026-02-01 00:37:59,110591.53124284734,3400.000267410278,113099,113546,0.9960632695119159
7,2026-02-01 00:37:59,110591.53124284734,3402.000267791748,112908,112584,1.002877851204434
7,2026-02-01 00:37:59,110591.53124284734,3404.0002681732176,111805,111882,0.9993117749057042
7,2026-02-01 00:37:59,110591.53124284734,3406.0002685546874,110353,111110,0.9931869318693187
7,2026-02-01 00:37:59,110591.53124284734,3408.000268936157,110789,110441,1.0031510037033349
7,2026-02-01 00:37:59,110591.53124284734,3410.0002693176266,109572,110084,0.995349006213437
7,2026-02-01 00:37:59,110591.53124284734,3412.0002696990964,108865,109718,0.992225523615086
7,2026-02-01 00:37:59,110591.53124284734,3414.000270080566,109176,109711,0.9951235518772047
7,2026-02-01 00:37:59,110591.53124284734,3416.000270462036,108748,109497,0.9931596299441994
7,2026-02-01 00:37:59,110591.53124284734,3418.000270843506,109079,109318,0.9978137177774932
7,2026-02-01 00:37:59,110591.53124284734,3420.000271224975,109880,110023,0.998700271761359
7,2026-02-01 00:37:59,110591.53124284734,3422.000271606445,109800,110702,0.9918519990605409
7,2026-02-01 00:37:59,110591.53124284734,3424.000271987915,110704,111281,0.994814927975126
7,2026-02-01 00:37:59,110591.53124284734,3426.0002723693847,111135,112623,0.9867877786952931
7,2026-02-01 00:37:59,110591.53124284734,3428.0002727508545,112818,113109,0.9974272604302045
7,2026-02-01 00:37:59,110591.53124284734,3430.000273132324,112254,113714,0.987160771760733
7,2026-02-01 00:37:59,110591.53124284734,3432.0002735137937,113907,115659,0.984852021891941
7,2026-02-01 00:37:59,110591.53124284734,3434.0002738952635,115411,115819,0.9964772619345703
7,2026-02-01 00:37:59,110591.53124284734,3436.0002742767333,116326,116995,0.9942818069148254
7,2026-02-01 00:37:59,110591.53124284734,3438.000274658203,117106,118051,0.9919949852182531
7,2026-02-01 00:37:59,110591.53124284734,3440.0002750396725,118256,119117,0.9927718125876239
7,2026-02-01 00:37:59,110591.53124284734,3442.0002754211423,119003,120124,0.9906679764243614
7,2026-02-01 00:37:59,110591.53124284734,3444.000275802612,119713,121170,0.9879755715111002
7,2026-02-01 00:37:59,110591.53124284734,3446.000276184082,119950,120661,0.9941074580850482
7,2026-02-01 00:37:59,110591.53124284734,3448.0002765655518,120860,122499,0.9866202989412158
7,2026-02-01 00:37:59,110591.53124284734,3450.000276947021,121519,122306,0.9935653197717201
7,2026-02-01 00:37:59,110591.53124284734,3452.000277328491,121357,122719,0.9889014740993652
7,2026-02-01 00:37:59,110591.53124284734,3454.0002777099608,122319,123061,0.9939704699295472
7,2026-02-01 00:37:59,110591.53124284734,3456.0002780914306,123116,123399,0.9977066264718515
7,2026-02-01 00:37:59,110591.53124284734,3458.0002784729004,123086,123162,0.9993829265520209
7,2026-02-01 00:37:59,110591.53124284734,3460.0002788543698,122740,123412,0.9945548244903251
7,2026-02-01 00:37:59,110591.53124284734,3462.0002792358396,122829,123212,0.9968915365386488
7,2026-02-01 00:37:59,110591.53124284734,3464.0002796173094,123007,123302,0.9976075002838559
7,2026-02-01 00:37:59,110591.53124284734,3466.000279998779,122926,123330,0.9967242357901565
7,2026-02-01 00:37:59,110591.53124284734,3468.000280380249,122769,122936,0.9986415695971887
7,2026-02-01 00:37:59,110591.53124284734,3470.0002807617184,122359,122764,0.9967009872601088
7,2026-02-01 00:37:59,110591.53124284734,3472.000281143188,121576,122684,0.9909686674709008
7,2026-02-01 00:37:59,110591.53124284734,3474.000281524658,121747,121815,0.9994417764643106
7,2026-02-01 00:37:59,110591.53124284734,3476.000281906128,121738,120981,1.0062571808796423
7,2026-02-01 00:37:59,110591.53124284734,3478.0002822875977,120267,120619,0.9970817201270115
7,2026-02-01 00:37:59,110591.53124284734,3480.000282669067,119708,120233,0.9956334783295767
7,2026-02-01 00:37:59,110591.53124284734,3482.000283050537,118975,119362,0.9967577621018414
7,2026-02-01 00:37:59,110591.53124284734,3484.0002834320067,118677,118655,1.0001854114870845
7,2026-02-01 00:37:59,110591.53124284734,3486.0002838134765,117383,118053,0.9943245830262679
7,2026-02-01 00:37:59,110591.53124284734,3488.0002841949463,116729,117146,0.9964403394055281
7,2026-02-01 00:37:59,110591.53124284734,3490.0002845764157,115459,115307,1.0013182200560244
7,2026-02-01 00:37:59,110591.53124284734,3492.0002849578855,114870,114937,0.9994170719611614
7,2026-02-01 00:37:59,110591.53124284734,3494.0002853393553,113880,114181,0.9973638346134646
7,2026-02-01 00:37:59,110591.53124284734,3496.000285720825,112284,111859,1.0037994260631689
7,2026-02-01 00:37:59,110591.53124284734,3498.000286102295,111128,111428,0.9973076785009154
7,2026-02-01 00:37:59,110591.53124284734,3500.0002864837643,110295,110573,0.9974858238448807
8,2026-02-01 01:09:55,102144.99610894942,2000.0000003814696,101171,100882,1.0028647330544596
8,2026-02-01 01:09:55,102144.99610894942,2002.0000007629394,100659,100398,1.0025996533795494
8,2026-02-01 01:09:55,102144.99610894942,2004.000001144409,99327,99933,0.9939359370778421
8,2026-02-01 01:09:55,102144.99610894942,2006.0000015258788,98744,99789,0.9895279038771808
8,2026-02-01 01:09:55,102144.99610894942,2008.0000019073484,99226,99029,1.0019893162608933
8,2026-02-01 01:09:55,102144.99610894942,2010.0000022888182,98732,99011,0.9971821312783428
8,2026-02-01 01:09:55,102144.99610894942,2012.000002670288,98976,99285,0.9968877473938661
8,2026-02-01 01:09:55,102144.99610894942,2014.0000030517576,98216,99709,0.9850264269022857
8,2026-02-01 01:09:55,102144.99610894942,2016.0000034332274,99065,100134,0.9893243054307228
8,2026-02-01 01:09:55,102144.99610894942,2018.000003814697,99452,100159,0.992941223454707
8,2026-02-01 01:09:55,102144.99610894942,2020.0000041961669,100303,101062,0.9924897587619481
8,2026-02-01 01:09:55,102144.99610894942,2022.0000045776367,100528,101807,0.9874370131719823
8,2026-02-01 01:09:55,102144.99610894942,2024.0000049591063,101374,102187,0.9920439977687964
8,2026-02-01 01:09:55,102144.99610894942,2026.000005340576,101672,103316,0.9840876534128306
8,2026-02-01 01:09:55,102144.99610894942,2028.0000057220457,103208,104569,0.9869846704090123
8,2026-02-01 01:09:55,102144.99610894942,2030.0000061035155,104671,105970,0.9877418137208644
8,2026-02-01 01:09:55,102144.99610894942,2032.0000064849853,105826,107307,0.9861984772661616
8,2026-02-01 01:09:55,102144.99610894942,2034.000006866455,108549,109268,0.9934198484460226
8,2026-02-01 01:09:55,102144.99610894942,2036.0000072479247,109726,111658,0.982697164556055
8,2026-02-01 01:09:55,102144.99610894942,2038.0000076293943,111250,112863,0.9857083366559457
8,2026-02-01 01:09:55,102144.99610894942,2040.0000080108641,113609,114504,0.9921836791727799
8,2026-02-01 01:09:55,102144.99610894942,2042.000008392334,114935,116965,0.9826443807976745
8,2026-02-01 01:09:55,102144.99610894942,2044.0000087738035,116074,117517,0.9877209254831216
8,2026-02-01 01:09:55,102144.99610894942,2046.0000091552733,117441,118751,0.9889685139493563
8,2026-02-01 01:09:55,102144.99610894942,2048.000009536743,118061,119702,0.9862909558737532
8,2026-02-01 01:09:55,102144.99610894942,2050.0000099182125,119617,119983,0.9969495678554462
8,2026-02-01 01:09:55,102144.99610894942,2052.0000102996823,119223,121538,0.9809524593131367
8,2026-02-01 01:09:55,102144.99610894942,2054.000010681152,118638,120884,0.981420204493564
8,2026-02-01 01:09:55,102144.99610894942,2056.000011062622,119806,120616,0.9932844730384028
8,2026-02-01 01:09:55,102144.99610894942,2058.000011444092,118819,120181,0.9886670938001847
8,2026-02-01 01:09:55,102144.99610894942,2060.000011825561,119479,119244,1.0019707490523633
8,2026-02-01 01:09:55,102144.99610894942,2062.000012207031,117850,118127,0.99765506615761
8,2026-02-01 01:09:55,102144.99610894942,2064.000012588501,117529,117880,0.9970223956565999
8,2026-02-01 01:09:55,102144.99610894942,2066.0000129699706,116841,117774,0.9920780477864385
8,2026-02-01 01:09:55,102144.99610894942,2068.0000133514404,116699,116224,1.0040869355726871
8,2026-02-01 01:09:55,102144.99610894942,2070.00001373291,114858,115007,0.9987044266870713
8,2026-02-01 01:09:55,102144.99610894942,2072.0000141143796,114023,114362,0.9970357286511253
8,2026-02-01 01:09:55,102144.99610894942,2074.0000144958494,113063,112998,1.0005752314200251
8,2026-02-01 01:09:55,102144.99610894942,2076.0000148773192,111868,111707,1.0014412704664881
8,2026-02-01 01:09:55,102144.99610894942,2078.000015258789,110424,109649,1.007068007916169
8,2026-02-01 01:09:55,102144.99610894942,2080.0000156402584,108021,108251,0.9978753083112396
8,2026-02-01 01:09:55,102144.99610894942,2082.0000160217282,107057,106221,1.0078703834458347
8,2026-02-01 01:09:55,102144.99610894942,2084.000016403198,105103,104420,1.00654089254932
8,2026-02-01 01:09:55,102144.99610894942,2086.000016784668,103169,102849,1.0031113574269075
8,2026-02-01 01:09:55,102144.99610894942,2088.0000171661377,100589,101055,0.9953886497451883
8,2026-02-01 01:09:55,102144.99610894942,2090.000017547607,99308,99479,0.998281044240493
8,2026-02-01 01:09:55,102144.99610894942,2092.000017929077,98094,98601,0.9948580643198345
8,2026-02-01 01:09:55,102144.99610894942,2094.0000183105467,97169,97224,0.9994342960585864
8,2026-02-01 01:09:55,102144.99610894942,2096.0000186920165,96713,96608,1.00108686651209
8,2026-02-01 01:09:55,102144.99610894942,2098.0000190734863,96872,97304,0.9955603058455973
8,2026-02-01 01:09:55,102144.99610894942,2100.0000194549557,97374,97731,0.9963471160634804
8,2026-02-01 01:09:55,102144.99610894942,2102.0000198364255,98777,98886,0.9988977206075683
8,2026-02-01 01:09:55,102144.99610894942,2104.0000202178953,99503,99832,0.9967044634986778
8,2026-02-01 01:09:55,102144.99610894942,2106.000020599365,100430,101142,0.9929603923197089
8,2026-02-01 01:09:55,102144.99610894942,2108.000020980835,101220,102722,0.985378010552754
8,2026-02-01 01:09:55,102144.99610894942,2110.0000213623043,102888,104293,0.9865283384311507
8,2026-02-01 01:09:55,102144.99610894942,2112.000021743774,104067,104926,0.9918132779292073
8,2026-02-01 01:09:55,102144.99610894942,2114.000022125244,105769,106078,0.9970870491525105
8,2026-02-01 01:09:55,102144.99610894942,2116.000022506714,105943,107146,0.9887723293450059
8,2026-02-01 01:09:55,102144.99610894942,2118.0000228881836,106489,107945,0.9865116494511094
8,2026-02-01 01:09:55,102144.99610894942,2120.000023269653,107053,108627,0.9855100481464093
8,2026-02-01 01:09:55,102144.99610894942,2122.000023651123,108290,108948,0.9939604214854794
8,2026-02-01 01:09:55,102144.99610894942,2124.0000240325926,108442,109285,0.992286224092968
8,2026-02-01 01:09:55,102144.99610894942,2126.0000244140624,109377,110138,0.9930904864805971
8,2026-02-01 01:09:55,102144.99610894942,2128.000024795532,109608,110802,0.9892240212270537
8,2026-02-01 01:09:55,102144.99610894942,2130.0000251770016,109916,112127,0.9802812881821505
8,2026-02-01 01:09:55,102144.99610894942,2132.0000255584714,111289,112537,0.9889103139411927
8,2026-02-01 01:09:55,102144.99610894942,2134.000025939941,112610,112858,0.997802548335076
8,2026-02-01 01:09:55,102144.99610894942,2136.000026321411,113195,114178,0.9913906356741229
8,2026-02-01 01:09:55,102144.99610894942,2138.000026702881,114653,114387,1.0023254390796157
8,2026-02-01 01:09:55,102144.99610894942,2140.00002708435,114997,115208,0.998168529963197
8,2026-02-01 01:09:55,102144.99610894942,2142.00002746582,115242,116204,0.9917214553715878
8,2026-02-01 01:09:55,102144.99610894942,2144.00002784729,115665,116513,0.9927218421978663
8,2026-02-01 01:09:55,102144.99610894942,2146.0000282287597,116240,117127,0.9924270236580806
8,2026-02-01 01:09:55,102144.99610894942,2148.0000286102295,115990,115985,1.0000431090227184
8,2026-02-01 01:09:55,102144.99610894942,2150.000028991699,116554,116974,0.996409458512148
8,2026-02-01 01:09:55,102144.99610894942,2152.0000293731687,115527,115412,1.0009964301805705
8,2026-02-01 01:09:55,102144.99610894942,2154.0000297546385,115929,115858,1.0006128191406722
8,2026-02-01 01:09:55,102144.99610894942,2156.0000301361083,114789,114987,0.998278066216181
8,2026-02-01 01:09:55,102144.99610894942,2158.000030517578,114186,114914,0.9936648276102129
8,2026-02-01 01:09:55,102144.99610894942,2160.0000308990475,114556,114841,0.997518307921387
8,2026-02-01 01:09:55,102144.99610894942,2162.0000312805173,113038,114019,0.9913961708136363
8,2026-02-01 01:09:55,102144.99610894942,2164.000031661987,113379,113243,1.0012009572335596
8,2026-02-01 01:09:55,102144.99610894942,2166.000032043457,112442,113089,0.9942788423277242
8,2026-02-01 01:09:55,102144.99610894942,2168.0000324249268,111565,112070,0.9954938877487285
8,2026-02-01 01:09:55,102144.99610894942,2170.000032806396,110496,110914,0.9962313143516598
8,2026-02-01 01:09:55,102144.99610894942,2172.000033187866,109958,110453,0.9955184558137851
8,2026-02-01 01:09:55,102144.99610894942,2174.0000335693358,107990,109508,0.9861379990502976
8,2026-02-01 01:09:55,102144.99610894942,2176.0000339508056,107726,107188,1.0050192185692428
8,2026-02-01 01:09:55,102144.99610894942,2178.0000343322754,106029,106226,0.9981454634458607
8,2026-02-01 01:09:55,102144.99610894942,2180.0000347137448,104796,104671,1.001194218073774
8,2026-02-01 01:09:55,102144.99610894942,2182.0000350952146,103975,103082,1.0086630061504434
8,2026-02-01 01:09:55,102144.99610894942,2184.0000354766844,101321,101422,0.9990041608329554
8,2026-02-01 01:09:55,102144.99610894942,2186.000035858154,100139,100647,0.9949526563136507
8,2026-02-01 01:09:55,102144.99610894942,2188.000036239624,99579,99453,1.001266930107689
8,2026-02-01 01:09:55,102144.99610894942,2190.0000366210934,98913,98582,1.0033576109228866
8,2026-02-01 01:09:55,102144.99610894942,2192.000037002563,98190,98103,1.0008868230329349
8,2026-02-01 01:09:55,102144.99610894942,2194.000037384033,97275,98152,0.9910648789632407
8,2026-02-01 01:09:55,102144.99610894942,2196.000037765503,97557,98821,0.9872091964258609
8,2026-02-01 01:09:55,102144.99610894942,2198.0000381469727,98307,99467,0.9883378406908824
8,2026-02-01 01:09:55,102144.99610894942,2200.000038528442,99276,100607,0.9867703042531831
8,2026-02-01 01:09:55,102144.99610894942,2202.000038909912,101066,101720,0.9935705859221392
8,2026-02-01 01:09:55,102144.99610894942,2204.0000392913817,101703,103718,0.9805723211014482
8,2026-02-01 01:09:55,102144.99610894942,2206.0000396728515,103166,105031,0.982243337681256
8,2026-02-01 01:09:55,102144.99610894942,2208.0000400543213,105731,106427,0.9934603061253253
8,2026-02-01 01:09:55,102144.99610894942,2210.0000404357907,106030,107977,0.981968382155459
8,2026-02-01 01:09:55,102144.99610894942,2212.0000408172605,108814,108784,1.0002757758493896
8,2026-02-01 01:09:55,102144.99610894942,2214.0000411987303,109933,111104,0.9894603254608295
8,2026-02-01 01:09:55,102144.99610894942,2216.0000415802,110662,112345,0.9850193600071209
8,2026-02-01 01:09:55,102144.99610894942,2218.00004196167,112117,114001,0.983473829176937
8,2026-02-01 01:09:55,102144.99610894942,2220.0000423431393,114042,114104,0.9994566360513216
8,2026-02-01 01:09:55,102144.99610894942,2222.000042724609,114430,114972,0.9952858087186446
8,2026-02-01 01:09:55,102144.99610894942,2224.000043106079,114926,116426,0.9871162798687578
8,2026-02-01 01:09:55,102144.99610894942,2226.0000434875487,115712,116884,0.9899729646487115
8,2026-02-01 01:09:55,102144.99610894942,2228.0000438690186,116673,117491,0.9930377645947349
8,2026-02-01 01:09:55,102144.99610894942,2230.000044250488,116442,117389,0.9919328046069052
8,2026-02-01 01:09:55,102144.99610894942,2232.0000446319577,117120,117557,0.9962826543719218
8,2026-02-01 01:09:55,102144.99610894942,2234.0000450134276,117290,118873,0.9866832670160591
8,2026-02-01 01:09:55,102144.99610894942,2236.0000453948974,117777,118329,0.9953350404381005
8,2026-02-01 01:09:55,102144.99610894942,2238.000045776367,117670,118028,0.9969668214322025
8,2026-02-01 01:09:55,102144.99610894942,2240.0000461578366,117670,118166,0.995802515105868
8,2026-02-01 01:09:55,102144.99610894942,2242.0000465393064,117220,117541,0.9972690380377911
8,2026-02-01 01:09:55,102144.99610894942,2244.000046920776,116601,117577,0.9916990567883175
8,2026-02-01 01:09:55,102144.99610894942,2246.000047302246,115918,115912,1.0000517634067223
8,2026-02-01 01:09:55,102144.99610894942,2248.000047683716,115097,115517,0.996364171507224
8,2026-02-01 01:09:55,102144.99610894942,2250.000048065185,114586,114478,1.0009434127081185
8,2026-02-01 01:09:55,102144.99610894942,2252.000048446655,114024,114208,0.9983889044550294
8,2026-02-01 01:09:55,102144.99610894942,2254.000048828125,112900,112467,1.003850018227569
8,2026-02-01 01:09:55,102144.99610894942,2256.0000492095946,111516,111387,1.0011581243771714
8,2026-02-01 01:09:55,102144.99610894942,2258.0000495910645,110918,111334,0.996263495428171
8,2026-02-01 01:09:55,102144.99610894942,2260.000049972534,110097,110121,0.9997820579181083
8,2026-02-01 01:09:55,102144.99610894942,2262.0000503540036,109403,109218,1.001693859986449
8,2026-02-01 01:09:55,102144.99610894942,2264.0000507354735,108071,108566,0.9954405615017593
8,2026-02-01 01:09:55,102144.99610894942,2266.0000511169433,107265,108300,0.9904432132963988
8,2026-02-01 01:09:55,102144.99610894942,2268.000051498413,106790,108075,0.9881101087207957
8,2026-02-01 01:09:55,102144.99610894942,2270.0000518798824,106980,107378,0.9962934679357037
8,2026-02-01 01:09:55,102144.99610894942,2272.0000522613523,105708,106909,0.9887661469099889
8,2026-02-01 01:09:55,102144.99610894942,2274.000052642822,106138,105809,1.0031093763290457
8,2026-02-01 01:09:55,102144.99610894942,2276.000053024292,105170,105930,0.992825450769376
8,2026-02-01 01:09:55,102144.99610894942,2278.0000534057617,104207,104735,0.9949587053038621
8,2026-02-01 01:09:55,102144.99610894942,2280.000053787231,103744,105663,0.9818384865089956
8,2026-02-01 01:09:55,102144.99610894942,2282.000054168701,103822,104072,0.997597816895995
8,2026-02-01 01:09:55,102144.99610894942,2284.0000545501707,102929,103729,0.9922875955615112
8,2026-02-01 01:09:55,102144.99610894942,2286.0000549316405,102420,103169,0.9927400672682686
8,2026-02-01 01:09:55,102144.99610894942,2288.0000553131104,101930,103385,0.9859263916428882
8,2026-02-01 01:09:55,102144.99610894942,2290.0000556945797,101733,103005,0.9876510848987913
8,2026-02-01 01:09:55,102144.99610894942,2292.0000560760495,101234,102505,0.987600604848544
8,2026-02-01 01:09:55,102144.99610894942,2294.0000564575193,100941,103238,0.9777504407291888
8,2026-02-01 01:09:55,102144.99610894942,2296.000056838989,100820,103960,0.9697960754136207
8,2026-02-01 01:09:55,102144.99610894942,2298.000057220459,100118,103825,0.9642956898627498
8,2026-02-01 01:09:55,102144.99610894942,2300.0000576019283,99257,104198,0.9525806637363481
8,2026-02-01 01:09:55,102144.99610894942,2302.000057983398,98224,105607,0.9300898614675164
8,2026-02-01 01:09:55,102144.99610894942,2304.000058364868,96666,106244,0.9098490267685705
8,2026-02-01 01:09:55,102144.99610894942,2306.000058746338,95483,106781,0.8941946600987067
8,2026-02-01 01:09:55,102144.99610894942,2308.0000591278076,96176,107695,0.8930405311295789
8,2026-02-01 01:09:55,102144.99610894942,2310.000059509277,97402,109764,0.8873765533326045
8,2026-02-01 01:09:55,102144.99610894942,2312.000059890747,101060,109198,0.9254748255462554
8,2026-02-01 01:09:55,102144.99610894942,2314.0000602722166,104055,112017,0.9289215029861538
8,2026-02-01 01:09:55,102144.99610894942,2316.0000606536864,107623,112422,0.9573126256426678
8,2026-02-01 01:09:55,102144.99610894942,2318.0000610351562,109600,113709,0.9638638981962729
8,2026-02-01 01:09:55,102144.99610894942,2320.0000614166256,111539,114553,0.9736890347699318
8,2026-02-01 01:09:55,102144.99610894942,2322.0000617980954,113791,116774,0.9744549300357956
8,2026-02-01 01:09:55,102144.99610894942,2324.0000621795652,115227,117594,0.9798714220113272
8,2026-02-01 01:09:55,102144.99610894942,2326.000062561035,116517,118161,0.9860867799019981
8,2026-02-01 01:09:55,102144.99610894942,2328.000062942505,117702,119633,0.9838589686792106
8,2026-02-01 01:09:55,102144.99610894942,2330.0000633239742,117888,119953,0.9827849240952706
8,2026-02-01 01:09:55,102144.99610894942,2332.000063705444,118890,120455,0.9870075961977502
8,2026-02-01 01:09:55,102144.99610894942,2334.000064086914,119234,120531,0.9892392828400992
8,2026-02-01 01:09:55,102144.99610894942,2336.0000644683837,119587,120523,0.9922338474813935
8,2026-02-01 01:09:55,102144.99610894942,2338.0000648498535,119869,119797,1.0006010167199513
8,2026-02-01 01:09:55,102144.99610894942,2340.000065231323,119153,120677,0.9873712472136364
8,2026-02-01 01:09:55,102144.99610894942,2342.0000656127927,118378,119621,0.9896088479447589
8,2026-02-01 01:09:55,102144.99610894942,2344.0000659942625,117933,118753,0.9930949112864517
8,2026-02-01 01:09:55,102144.99610894942,2346.0000663757323,117257,117515,0.9978045355912011
8,2026-02-01 01:09:55,102144.99610894942,2348.000066757202,116150,115820,1.0028492488343983
8,2026-02-01 01:09:55,102144.99610894942,2350.0000671386715,114908,114991,0.9992782043812124
8,2026-02-01 01:09:55,102144.99610894942,2352.0000675201413,112408,113587,0.989620291054434
8,2026-02-01 01:09:55,102144.99610894942,2354.000067901611,112064,112035,1.0002588476815282
8,2026-02-01 01:09:55,102144.99610894942,2356.000068283081,110622,110905,0.9974482665344213
8,2026-02-01 01:09:55,102144.99610894942,2358.000068664551,109244,109095,1.001365782116504
8,2026-02-01 01:09:55,102144.99610894942,2360.00006904602,107620,107470,1.0013957383455847
8,2026-02-01 01:09:55,102144.99610894942,2362.00006942749,106206,106379,0.9983737391778452
8,2026-02-01 01:09:55,102144.99610894942,2364.00006980896,104755,104650,1.0010033444816053
8,2026-02-01 01:09:55,102144.99610894942,2366.0000701904296,103826,103750,1.000732530120482
8,2026-02-01 01:09:55,102144.99610894942,2368.0000705718994,102636,102490,1.0014245292223631
8,2026-02-01 01:09:55,102144.99610894942,2370.000070953369,101707,101467,1.0023653010338336
8,2026-02-01 01:09:55,102144.99610894942,2372.0000713348386,101093,101269,0.9982620545280392
8,2026-02-01 01:09:55,102144.99610894942,2374.0000717163084,100907,100894,1.000128848098004
8,2026-02-01 01:09:55,102144.99610894942,2376.0000720977782,100614,101076,0.9954291820016621
8,2026-02-01 01:09:55,102144.99610894942,2378.000072479248,100414,101179,0.9924391425098094
8,2026-02-01 01:09:55,102144.99610894942,2380.0000728607174,101456,101019,1.004325918886546
8,2026-02-01 01:09:55,102144.99610894942,2382.000073242187,101227,102254,0.9899563831243765
8,2026-02-01 01:09:55,102144.99610894942,2384.000073623657,101363,102414,0.9897377311695666
8,2026-02-01 01:09:55,102144.99610894942,2386.000074005127,103354,103609,0.9975388238473492
8,2026-02-01 01:09:55,102144.99610894942,2388.0000743865967,104098,105169,0.9898163907615362
8,2026-02-01 01:09:55,102144.99610894942,2390.000074768066,105541,106249,0.9933364078720741
8,2026-02-01 01:09:55,102144.99610894942,2392.000075149536,105945,107348,0.9869303573424749
8,2026-02-01 01:09:55,102144.99610894942,2394.0000755310057,107647,109027,0.9873425848642997
8,2026-02-01 01:09:55,102144.99610894942,2396.0000759124755,108467,110422,0.9822951947981381
8,2026-02-01 01:09:55,102144.99610894942,2398.0000762939453,109831,111251,0.9872360697881367
8,2026-02-01 01:09:55,102144.99610894942,2400.0000766754147,111062,111880,0.9926885949231319
8,2026-02-01 01:09:55,102144.99610894942,2402.0000770568845,111274,112999,0.9847343781803379
8,2026-02-01 01:09:55,102144.99610894942,2404.0000774383543,112919,113969,0.9907869683861401
8,2026-02-01 01:09:55,102144.99610894942,2406.000077819824,113227,114420,0.989573501136165
8,2026-02-01 01:09:55,102144.99610894942,2408.000078201294,114056,114814,0.9933980176633511
8,2026-02-01 01:09:55,102144.99610894942,2410.0000785827633,114821,115572,0.9935018862700308
8,2026-02-01 01:09:55,102144.99610894942,2412.000078964233,115254,115565,0.9973088737939687
8,2026-02-01 01:09:55,102144.99610894942,2414.000079345703,115614,115847,0.9979887265099657
8,2026-02-01 01:09:55,102144.99610894942,2416.0000797271728,116396,115944,1.0038984337266266
8,2026-02-01 01:09:55,102144.99610894942,2418.0000801086426,115895,116665,0.9933999057129388
8,2026-02-01 01:09:55,102144.99610894942,2420.000080490112,115509,116994,0.9873070413867377
8,2026-02-01 01:09:55,102144.99610894942,2422.0000808715818,116391,117040,0.9944548872180451
8,2026-02-01 01:09:55,102144.99610894942,2424.0000812530516,116278,117180,0.9923024406895374
8,2026-02-01 01:09:55,102144.99610894942,2426.0000816345214,115821,117204,0.9882000614313504
8,2026-02-01 01:09:55,102144.99610894942,2428.000082015991,116404,116469,0.9994419115816225
8,2026-02-01 01:09:55,102144.99610894942,2430.0000823974606,115649,116437,0.993232391765504
8,2026-02-01 01:09:55,102144.99610894942,2432.0000827789304,116129,116720,0.9949366004112405
8,2026-02-01 01:09:55,102144.99610894942,2434.0000831604,115801,116483,0.9941450683790768
8,2026-02-01 01:09:55,102144.99610894942,2436.00008354187,115769,115736,1.0002851316789936
8,2026-02-01 01:09:55,102144.99610894942,2438.00008392334,115225,116246,0.9912169020869536
8,2026-02-01 01:09:55,102144.99610894942,2440.000084304809,114908,115168,0.9977424284523478
8,2026-02-01 01:09:55,102144.99610894942,2442.000084686279,114946,115614,0.9942221530264501
8,2026-02-01 01:09:55,102144.99610894942,2444.000085067749,114359,115531,0.9898555366092218
8,2026-02-01 01:09:55,102144.99610894942,2446.0000854492187,114578,114272,1.0026778213385605
8,2026-02-01 01:09:55,102144.99610894942,2448.0000858306885,113625,114064,0.9961512834899705
8,2026-02-01 01:09:55,102144.99610894942,2450.000086212158,112345,112895,0.9951282164843439
8,2026-02-01 01:09:55,102144.99610894942,2452.0000865936277,112581,111524,1.0094777805674116
8,2026-02-01 01:09:55,102144.99610894942,2454.0000869750975,110036,111152,0.9899596948323017
8,2026-02-01 01:09:55,102144.99610894942,2456.0000873565673,109403,109003,1.0036696237718228
8,2026-02-01 01:09:55,102144.99610894942,2458.000087738037,108929,108368,1.005176804960874
8,2026-02-01 01:09:55,102144.99610894942,2460.0000881195065,107767,106956,1.0075825573132877
8,2026-02-01 01:09:55,102144.99610894942,2462.0000885009763,106896,106042,1.0080534127987024
8,2026-02-01 01:09:55,102144.99610894942,2464.000088882446,104958,104968,0.9999047328709701
8,2026-02-01 01:09:55,102144.99610894942,2466.000089263916,103962,104762,0.9923636433057789
8,2026-02-01 01:09:55,102144.99610894942,2468.0000896453857,103567,103589,0.9997876222378824
8,2026-02-01 01:09:55,102144.99610894942,2470.000090026855,102707,103145,0.9957535508265064
8,2026-02-01 01:09:55,102144.99610894942,2472.000090408325,102775,102082,1.006788660096785
8,2026-02-01 01:09:55,102144.99610894942,2474.0000907897947,102124,101605,1.0051080163377786
8,2026-02-01 01:09:55,102144.99610894942,2476.0000911712646,101965,102198,0.9977201119395683
8,2026-02-01 01:09:55,102144.99610894942,2478.0000915527344,101418,102761,0.9869308395208299
8,2026-02-01 01:09:55,102144.99610894942,2480.0000919342037,101576,102856,0.9875554172824142
8,2026-02-01 01:09:55,102144.99610894942,2482.0000923156736,102741,103271,0.9948678719098295
8,2026-02-01 01:09:55,102144.99610894942,2484.0000926971434,103120,103788,0.9935638031371642
8,2026-02-01 01:09:55,102144.99610894942,2486.000093078613,104219,105055,0.9920422635762219
8,2026-02-01 01:09:55,102144.99610894942,2488.000093460083,104293,106629,0.9780922638306652
8,2026-02-01 01:09:55,102144.99610894942,2490.0000938415524,106636,107506,0.9919074284225997
8,2026-02-01 01:09:55,102144.99610894942,2492.000094223022,106983,107868,0.9917955278673934
8,2026-02-01 01:09:55,102144.99610894942,2494.000094604492,108612,109147,0.9950983535965258
8,2026-02-01 01:09:55,102144.99610894942,2496.000094985962,110048,110889,0.9924158392626861
8,2026-02-01 01:09:55,102144.99610894942,2498.0000953674316,111786,112161,0.996656591863482
8,2026-02-01 01:09:55,102144.99610894942,2500.000095748901,112076,113703,0.9856907909202044
8,2026-02-01 01:09:55,102144.99610894942,2502.000096130371,113357,115337,0.9828329157165524
8,2026-02-01 01:09:55,102144.99610894942,2504.0000965118406,114335,115823,0.9871528107543407
8,2026-02-01 01:09:55,102144.99610894942,2506.0000968933105,115295,116861,0.9865994643208599
8,2026-02-01 01:09:55,102144.99610894942,2508.0000972747803,116687,117761,0.9908798328818539
8,2026-02-01 01:09:55,102144.99610894942,2510.0000976562496,117001,118285,0.9891448619858816
8,2026-02-01 01:09:55,102144.99610894942,2512.0000980377195,118515,118616,0.9991485128481824
8,2026-02-01 01:09:55,102144.99610894942,2514.0000984191893,117981,118693,0.9940013311652751
8,2026-02-01 01:09:55,102144.99610894942,2516.000098800659,118353,119446,0.990849421495906
8,2026-02-01 01:09:55,102144.99610894942,2518.000099182129,118153,119366,0.9898379773134729
8,2026-02-01 01:09:55,102144.99610894942,2520.0000995635983,118280,118147,1.0011257162687162
8,2026-02-01 01:09:55,102144.99610894942,2522.000099945068,117621,118112,0.9958429287455974
8,2026-02-01 01:09:55,102144.99610894942,2524.000100326538,117680,117465,1.00183033243945
8,2026-02-01 01:09:55,102144.99610894942,2526.0001007080077,116776,117492,0.9939059680659109
8,2026-02-01 01:09:55,102144.99610894942,2528.0001010894775,116106,116322,0.9981430855728065
8,2026-02-01 01:09:55,102144.99610894942,2530.000101470947,114758,115041,0.9975400074755957
8,2026-02-01 01:09:55,102144.99610894942,2532.0001018524167,114291,114854,0.9950981245755481
8,2026-02-01 01:09:55,102144.99610894942,2534.0001022338865,113962,113778,1.0016171843414368
8,2026-02-01 01:09:55,102144.99610894942,2536.0001026153564,112555,112662,0.9990502565195009
8,2026-02-01 01:09:55,102144.99610894942,2538.000102996826,112186,112966,0.9930952676026416
8,2026-02-01 01:09:55,102144.99610894942,2540.0001033782955,111581,111939,0.9968018295678897
8,2026-02-01 01:09:55,102144.99610894942,2542.0001037597654,110315,111415,0.9901270026477584
8,2026-02-01 01:09:55,102144.99610894942,2544.000104141235,110661,110308,1.003200130543569
8,2026-02-01 01:09:55,102144.99610894942,2546.000104522705,109130,110018,0.9919285935028813
8,2026-02-01 01:09:55,102144.99610894942,2548.000104904175,108634,109269,0.9941886536895185
8,2026-02-01 01:09:55,102144.99610894942,2550.000105285644,107960,108590,0.9941983608067041
8,2026-02-01 01:09:55,102144.99610894942,2552.000105667114,107177,107811,0.9941193384719555
8,2026-02-01 01:09:55,102144.99610894942,2554.000106048584,107332,107091,1.0022504225378417
8,2026-02-01 01:09:55,102144.99610894942,2556.0001064300536,106431,106645,0.9979933423976746
8,2026-02-01 01:09:55,102144.99610894942,2558.0001068115234,105837,106076,0.9977468984501678
8,2026-02-01 01:09:55,102144.99610894942,2560.000107192993,105394,106391,0.9906289065804438
8,2026-02-01 01:09:55,102144.99610894942,2562.0001075744626,104996,106418,0.9866375989024413
8,2026-02-01 01:09:55,102144.99610894942,2564.0001079559324,104984,105794,0.9923436111688754
8,2026-02-01 01:09:55,102144.99610894942,2566.0001083374023,104895,105970,0.989855619514957
8,2026-02-01 01:09:55,102144.99610894942,2568.000108718872,104784,106196,0.9867038306527552
8,2026-02-01 01:09:55,102144.99610894942,2570.0001091003414,105015,106017,0.9905486855881603
8,2026-02-01 01:09:55,102144.99610894942,2572.0001094818113,104657,105693,0.9901980263593615
8,2026-02-01 01:09:55,102144.99610894942,2574.000109863281,104594,105413,0.9922305597981274
8,2026-02-01 01:09:55,102144.99610894942,2576.000110244751,105109,106479,0.987133613200725
8,2026-02-01 01:09:55,102144.99610894942,2578.0001106262207,105213,106716,0.9859158889013832
8,2026-02-01 01:09:55,102144.99610894942,2580.00011100769,105146,105921,0.9926832261780005
8,2026-02-01 01:09:55,102144.99610894942,2582.00011138916,105591,107130,0.9856342761131336
8,2026-02-01 01:09:55,102144.99610894942,2584.0001117706297,106631,107651,0.9905249370651457
8,2026-02-01 01:09:55,102144.99610894942,2586.0001121520995,105649,107463,0.9831197714562221
8,2026-02-01 01:09:55,102144.99610894942,2588.0001125335693,106157,107556,0.9869928223437093
8,2026-02-01 01:09:55,102144.99610894942,2590.0001129150387,106305,108815,0.976933327206727
8,2026-02-01 01:09:55,102144.99610894942,2592.0001132965085,107655,109148,0.9863213251731594
8,2026-02-01 01:09:55,102144.99610894942,2594.0001136779783,107111,110271,0.9713433268946504
8,2026-02-01 01:09:55,102144.99610894942,2596.000114059448,107669,110788,0.9718471314582807
8,2026-02-01 01:09:55,102144.99610894942,2598.000114440918,107880,111911,0.9639803057786992
8,2026-02-01 01:09:55,102144.99610894942,2600.0001148223873,106812,112797,0.946940078193569
8,2026-02-01 01:09:55,102144.99610894942,2602.000115203857,105846,114129,0.9274242304760403
8,2026-02-01 01:09:55,102144.99610894942,2604.000115585327,105279,115035,0.9151910288173165
8,2026-02-01 01:09:55,102144.99610894942,2606.000115966797,104353,116044,0.8992537313432836
8,2026-02-01 01:09:55,102144.99610894942,2608.0001163482666,105074,116460,0.9022325261892495
8,2026-02-01 01:09:55,102144.99610894942,2610.000116729736,106830,117715,0.9075309009047275
8,2026-02-01 01:09:55,102144.99610894942,2612.000117111206,108027,118295,0.913200050720656
8,2026-02-01 01:09:55,102144.99610894942,2614.0001174926756,111675,118001,0.9463902848280947
8,2026-02-01 01:09:55,102144.99610894942,2616.0001178741454,113479,119016,0.9534768434496202
8,2026-02-01 01:09:55,102144.99610894942,2618.0001182556152,115188,119177,0.9665287765256719
8,2026-02-01 01:09:55,102144.99610894942,2620.0001186370846,116780,119117,0.9803806341664079
8,2026-02-01 01:09:55,102144.99610894942,2622.0001190185544,116440,119359,0.9755443661558827
8,2026-02-01 01:09:55,102144.99610894942,2624.0001194000242,117060,118546,0.9874647816037656
8,2026-02-01 01:09:55,102144.99610894942,2626.000119781494,116503,118055,0.9868535851933421
8,2026-02-01 01:09:55,102144.99610894942,2628.000120162964,116041,116926,0.9924311102748747
8,2026-02-01 01:09:55,102144.99610894942,2630.0001205444332,115444,116743,0.9888729945264384
8,2026-02-01 01:09:55,102144.99610894942,2632.000120925903,115180,115738,0.9951787658331749
8,2026-02-01 01:09:55,102144.99610894942,2634.000121307373,113752,114557,0.9929729305062108
8,2026-02-01 01:09:55,102144.99610894942,2636.0001216888427,113229,112420,1.0071962284291052
8,2026-02-01 01:09:55,102144.99610894942,2638.0001220703125,111810,112301,0.9956278216578659
8,2026-02-01 01:09:55,102144.99610894942,2640.000122451782,110355,110643,0.9973970337029907
8,2026-02-01 01:09:55,102144.99610894942,2642.0001228332517,109541,109181,1.0032972769987452
8,2026-02-01 01:09:55,102144.99610894942,2644.0001232147215,107609,108361,0.9930602338479712
8,2026-02-01 01:09:55,102144.99610894942,2646.0001235961913,107262,107056,1.0019242265730086
8,2026-02-01 01:09:55,102144.99610894942,2648.000123977661,104593,105832,0.9882927658931137
8,2026-02-01 01:09:55,102144.99610894942,2650.0001243591305,103574,103702,0.9987656940078301
8,2026-02-01 01:09:55,102144.99610894942,2652.0001247406003,103216,102832,1.0037342461490586
8,2026-02-01 01:09:55,102144.99610894942,2654.00012512207,102099,103050,0.9907714701601165
8,2026-02-01 01:09:55,102144.99610894942,2656.00012550354,101886,102681,0.9922575744295439
8,2026-02-01 01:09:55,102144.99610894942,2658.0001258850098,101750,101667,1.000816390765932
8,2026-02-01 01:09:55,102144.99610894942,2660.000126266479,100855,101690,0.9917887697905399
8,2026-02-01 01:09:55,102144.99610894942,2662.000126647949,101261,102272,0.9901145963704631
8,2026-02-01 01:09:55,102144.99610894942,2664.0001270294188,101591,102555,0.9906001657647117
8,2026-02-01 01:09:55,102144.99610894942,2666.0001274108886,102468,103857,0.9866258413010197
8,2026-02-01 01:09:55,102144.99610894942,2668.0001277923584,103024,103646,0.9939988036200142
8,2026-02-01 01:09:55,102144.99610894942,2670.0001281738278,103889,104419,0.9949242953868549
8,2026-02-01 01:09:55,102144.99610894942,2672.0001285552976,104233,105896,0.984295912971217
8,2026-02-01 01:09:55,102144.99610894942,2674.0001289367674,104933,106702,0.9834211167550749
8,2026-02-01 01:09:55,102144.99610894942,2676.000129318237,106098,107472,0.9872152746761947
8,2026-02-01 01:09:55,102144.99610894942,2678.000129699707,108050,108347,0.9972588073504574
8,2026-02-01 01:09:55,102144.99610894942,2680.0001300811764,109066,109391,0.9970290060425446
8,2026-02-01 01:09:55,102144.99610894942,2682.000130462646,110094,110523,0.9961184549822208
8,2026-02-01 01:09:55,102144.99610894942,2684.000130844116,110291,111276,0.9911481361659298
8,2026-02-01 01:09:55,102144.99610894942,2686.000131225586,110599,112464,0.9834169156352255
8,2026-02-01 01:09:55,102144.99610894942,2688.0001316070557,111587,112908,0.9883002090197329
8,2026-02-01 01:09:55,102144.99610894942,2690.000131988525,112533,113831,0.988597130834307
8,2026-02-01 01:09:55,102144.99610894942,2692.000132369995,112982,113644,0.9941747914540143
8,2026-02-01 01:09:55,102144.99610894942,2694.0001327514647,113964,114518,0.9951623325590737
8,2026-02-01 01:09:55,102144.99610894942,2696.0001331329345,113855,115241,0.9879730304318776
8,2026-02-01 01:09:55,102144.99610894942,2698.0001335144043,114620,115618,0.9913681260703351
8,2026-02-01 01:09:55,102144.99610894942,2700.0001338958737,114311,115086,0.993265905496759
8,2026-02-01 01:09:55,102144.99610894942,2702.0001342773435,115444,115342,1.000884326611295
8,2026-02-01 01:09:55,102144.99610894942,2704.0001346588133,115745,115996,0.9978361322804234
8,2026-02-01 01:09:55,102144.99610894942,2706.000135040283,115832,116234,0.9965414594696904
8,2026-02-01 01:09:55,102144.99610894942,2708.000135421753,115303,115944,0.9944714689850273
8,2026-02-01 01:09:55,102144.99610894942,2710.0001358032223,116259,115476,1.006780629741245
8,2026-02-01 01:09:55,102144.99610894942,2712.000136184692,115197,116354,0.9900562077797067
8,2026-02-01 01:09:55,102144.99610894942,2714.000136566162,115985,116539,0.9952462265850917
8,2026-02-01 01:09:55,102144.99610894942,2716.0001369476317,116009,115991,1.0001551844539662
8,2026-02-01 01:09:55,102144.99610894942,2718.0001373291016,115594,115676,0.9992911234828313
8,2026-02-01 01:09:55,102144.99610894942,2720.000137710571,115290,116025,0.9936651583710407
8,2026-02-01 01:09:55,102144.99610894942,2722.0001380920407,115012,114958,1.0004697367734303
8,2026-02-01 01:09:55,102144.99610894942,2724.0001384735106,114797,114783,1.0001219692811654
8,2026-02-01 01:09:55,102144.99610894942,2726.0001388549804,113867,114392,0.9954105182180573
8,2026-02-01 01:09:55,102144.99610894942,2728.00013923645,113255,114396,0.9900258750305955
8,2026-02-01 01:09:55,102144.99610894942,2730.0001396179196,112714,112478,1.0020981880901154
8,2026-02-01 01:09:55,102144.99610894942,2732.0001399993894,111801,112632,0.9926219901981674
8,2026-02-01 01:09:55,102144.99610894942,2734.000140380859,111076,111153,0.9993072611625418
8,2026-02-01 01:09:55,102144.99610894942,2736.000140762329,110623,110567,1.0005064802337045
8,2026-02-01 01:09:55,102144.99610894942,2738.000141143799,108878,109436,0.9949011294272452
8,2026-02-01 01:09:55,102144.99610894942,2740.000141525268,108097,107678,1.0038912312635822
8,2026-02-01 01:09:55,102144.99610894942,2742.000141906738,106933,107103,0.9984127428736823
8,2026-02-01 01:09:55,102144.99610894942,2744.000142288208,106518,105573,1.0089511522832542
8,2026-02-01 01:09:55,102144.99610894942,2746.0001426696776,104678,105212,0.9949245333231951
8,2026-02-01 01:09:55,102144.99610894942,2748.0001430511475,103975,104392,0.996005441029964
8,2026-02-01 01:09:55,102144.99610894942,2750.000143432617,102985,103157,0.9983326385994165
8,2026-02-01 01:09:55,102144.99610894942,2752.0001438140866,103109,102303,1.0078785568360653
8,2026-02-01 01:09:55,102144.99610894942,2754.0001441955565,101369,102037,0.9934533551554828
8,2026-02-01 01:09:55,102144.99610894942,2756.0001445770263,101573,102147,0.9943806474982133
8,2026-02-01 01:09:55,102144.99610894942,2758.000144958496,101200,101515,0.9968970102940452
8,2026-02-01 01:09:55,102144.99610894942,2760.0001453399655,100814,102056,0.9878302108646233
8,2026-02-01 01:09:55,102144.99610894942,2762.0001457214353,100786,101495,0.9930144342085817
8,2026-02-01 01:09:55,102144.99610894942,2764.000146102905,102030,102683,0.9936406221088203
8,2026-02-01 01:09:55,102144.99610894942,2766.000146484375,102450,103152,0.9931945090739879
8,2026-02-01 01:09:55,102144.99610894942,2768.0001468658447,103181,103900,0.993079884504331
8,2026-02-01 01:09:55,102144.99610894942,2770.000147247314,103674,105380,0.9838109698234959
8,2026-02-01 01:09:55,102144.99610894942,2772.000147628784,104855,105943,0.9897303266851043
8,2026-02-01 01:09:55,102144.99610894942,2774.0001480102537,106646,107184,0.9949805941185251
8,2026-02-01 01:09:55,102144.99610894942,2776.0001483917235,107503,108968,0.9865556860729755
8,2026-02-01 01:09:55,102144.99610894942,2778.0001487731934,108858,109739,0.991971860505381
8,2026-02-01 01:09:55,102144.99610894942,2780.0001491546627,109711,111023,0.9881826288246579
8,2026-02-01 01:09:55,102144.99610894942,2782.0001495361325,110772,112082,0.9883121286201174
8,2026-02-01 01:09:55,102144.99610894942,2784.0001499176024,112443,112939,0.995608248700626
8,2026-02-01 01:09:55,102144.99610894942,2786.000150299072,113459,114798,0.9883360337288106
8,2026-02-01 01:09:55,102144.99610894942,2788.000150680542,114185,115271,0.9905787231827606
8,2026-02-01 01:09:55,102144.99610894942,2790.0001510620114,114864,116155,0.9888855408721106
8,2026-02-01 01:09:55,102144.99610894942,2792.000151443481,116337,116895,0.995226485307327
8,2026-02-01 01:09:55,102144.99610894942,2794.000151824951,116646,117114,0.9960038936420923
8,2026-02-01 01:09:55,102144.99610894942,2796.000152206421,116282,117841,0.9867703091453739
8,2026-02-01 01:09:55,102144.99610894942,2798.0001525878906,117119,117710,0.9949791861354176
8,2026-02-01 01:09:55,102144.99610894942,2800.00015296936,117479,117510,0.9997361926644541
8,2026-02-01 01:09:55,102144.99610894942,2802.00015335083,117093,117226,0.9988654394076399
8,2026-02-01 01:09:55,102144.99610894942,2804.0001537322996,117152,117700,0.9953440951571793
8,2026-02-01 01:09:55,102144.99610894942,2806.0001541137694,117525,117284,1.002054841240067
8,2026-02-01 01:09:55,102144.99610894942,2808.0001544952393,116606,116533,1.000626431997803
8,2026-02-01 01:09:55,102144.99610894942,2810.0001548767086,116447,116575,0.9989019944241905
8,2026-02-01 01:09:55,102144.99610894942,2812.0001552581784,115496,115787,0.9974867644899686
8,2026-02-01 01:09:55,102144.99610894942,2814.0001556396483,113723,114979,0.9890762661007663
8,2026-02-01 01:09:55,102144.99610894942,2816.000156021118,113365,114172,0.9929317170584732
8,2026-02-01 01:09:55,102144.99610894942,2818.000156402588,113079,113447,0.9967561945225524
8,2026-02-01 01:09:55,102144.99610894942,2820.0001567840573,112718,112147,1.0050915316504232
8,2026-02-01 01:09:55,102144.99610894942,2822.000157165527,110613,111061,0.9959661807475171
8,2026-02-01 01:09:55,102144.99610894942,2824.000157546997,109997,109799,1.0018032951119773
8,2026-02-01 01:09:55,102144.99610894942,2826.0001579284667,108595,109064,0.9956997726105773
8,2026-02-01 01:09:55,102144.99610894942,2828.0001583099365,107860,107716,1.0013368487504177
8,2026-02-01 01:09:55,102144.99610894942,2830.000158691406,107111,106591,1.0048784606580292
8,2026-02-01 01:09:55,102144.99610894942,2832.0001590728757,105623,106380,0.9928840007520211
8,2026-02-01 01:09:55,102144.99610894942,2834.0001594543455,104464,104383,1.0007759884272343
8,2026-02-01 01:09:55,102144.99610894942,2836.0001598358153,103288,103281,1.0000677762608805
8,2026-02-01 01:09:55,102144.99610894942,2838.000160217285,102200,102203,0.9999706466542078
8,2026-02-01 01:09:55,102144.99610894942,2840.0001605987545,101543,101277,1.0026264601044659
8,2026-02-01 01:09:55,102144.99610894942,2842.0001609802243,100155,100550,0.9960716061660865
8,2026-02-01 01:09:55,102144.99610894942,2844.000161361694,99122,99034,1.000888583718723
8,2026-02-01 01:09:55,102144.99610894942,2846.000161743164,98413,99559,0.9884892375375406
8,2026-02-01 01:09:55,102144.99610894942,2848.000162124634,97732,98467,0.9925355702925853
8,2026-02-01 01:09:55,102144.99610894942,2850.000162506103,97534,98304,0.9921671549479166
8,2026-02-01 01:09:55,102144.99610894942,2852.000162887573,97127,98075,0.9903339281162375
8,2026-02-01 01:09:55,102144.99610894942,2854.000163269043,98288,98179,1.0011102170525266
8,2026-02-01 01:09:55,102144.99610894942,2856.0001636505126,98352,99248,0.9909721102692246
8,2026-02-01 01:09:55,102144.99610894942,2858.0001640319824,98843,99787,0.9905398498802449
8,2026-02-01 01:09:55,102144.99610894942,2860.000164413452,99874,101020,0.9886557117402495
8,2026-02-01 01:09:55,102144.99610894942,2862.0001647949216,101075,102389,0.9871665901610525
8,2026-02-01 01:09:55,102144.99610894942,2864.0001651763914,102765,103637,0.9915860165770912
8,2026-02-01 01:09:55,102144.99610894942,2866.0001655578612,104315,105542,0.9883742964886016
8,2026-02-01 01:09:55,102144.99610894942,2868.000165939331,105900,106665,0.9928280129377022
8,2026-02-01 01:09:55,102144.99610894942,2870.0001663208004,107129,108594,0.9865093835755199
8,2026-02-01 01:09:55,102144.99610894942,2872.0001667022702,108654,110891,0.9798270373610122
8,2026-02-01 01:09:55,102144.99610894942,2874.00016708374,110662,111878,0.9891310177157261
8,2026-02-01 01:09:55,102144.99610894942,2876.00016746521,110932,112716,0.984172610809468
8,2026-02-01 01:09:55,102144.99610894942,2878.0001678466797,113615,113875,0.9977167947310648
8,2026-02-01 01:09:55,102144.99610894942,2880.000168228149,114105,114882,0.9932365383611009
8,2026-02-01 01:09:55,102144.99610894942,2882.000168609619,114768,115499,0.9936709408739469
8,2026-02-01 01:09:55,102144.99610894942,2884.0001689910887,115083,116695,0.9861862119199623
8,2026-02-01 01:09:55,102144.99610894942,2886.0001693725585,115507,116915,0.9879570628234188
8,2026-02-01 01:09:55,102144.99610894942,2888.0001697540283,116638,117251,0.9947718996000035
8,2026-02-01 01:09:55,102144.99610894942,2890.0001701354977,116124,116779,0.9943911148408532
8,2026-02-01 01:09:55,102144.99610894942,2892.0001705169675,116269,117022,0.9935653125053409
8,2026-02-01 01:09:55,102144.99610894942,2894.0001708984373,117040,117043,0.9999743683945217
8,2026-02-01 01:09:55,102144.99610894942,2896.000171279907,116712,117083,0.9968313077047907
8,2026-02-01 01:09:55,102144.99610894942,2898.000171661377,116303,117204,0.9923125490597591
8,2026-02-01 01:09:55,102144.99610894942,2900.0001720428463,115663,116779,0.9904434872708278
8,2026-02-01 01:09:55,102144.99610894942,2902.000172424316,115798,116028,0.9980177198607233
8,2026-02-01 01:09:55,102144.99610894942,2904.000172805786,115385,116138,0.9935163340164287
8,2026-02-01 01:09:55,102144.99610894942,2906.0001731872558,115294,115138,1.0013548958640934
8,2026-02-01 01:09:55,102144.99610894942,2908.0001735687256,114658,114928,0.9976507030488654
8,2026-02-01 01:09:55,102144.99610894942,2910.000173950195,113996,113808,1.0016519049627444
8,2026-02-01 01:09:55,102144.99610894942,2912.0001743316648,112633,113310,0.9940252404906893
8,2026-02-01 01:09:55,102144.99610894942,2914.0001747131346,112666,111521,1.010267124577434
8,2026-02-01 01:09:55,102144.99610894942,2916.0001750946044,110616,111211,0.994649809820971
8,2026-02-01 01:09:55,102144.99610894942,2918.000175476074,110031,109894,1.0012466558683824
8,2026-02-01 01:09:55,102144.99610894942,2920.0001758575436,108509,108672,0.9985000736160189
8,2026-02-01 01:09:55,102144.99610894942,2922.0001762390134,106642,107038,0.9963003793045461
8,2026-02-01 01:09:55,102144.99610894942,2924.000176620483,106129,105421,1.006715929463769
8,2026-02-01 01:09:55,102144.99610894942,2926.000177001953,104666,104850,0.9982451120648546
8,2026-02-01 01:09:55,102144.99610894942,2928.000177383423,103489,103496,0.9999323645358275
8,2026-02-01 01:09:55,102144.99610894942,2930.000177764892,102011,102095,0.9991772368872129
8,2026-02-01 01:09:55,102144.99610894942,2932.000178146362,100668,100285,1.0038191155207659
8,2026-02-01 01:09:55,102144.99610894942,2934.000178527832,99333,100628,0.9871308184600708
8,2026-02-01 01:09:55,102144.99610894942,2936.0001789093017,98650,99207,0.994385476831272
8,2026-02-01 01:09:55,102144.99610894942,2938.0001792907715,97371,98567,0.9878661215214017
8,2026-02-01 01:09:55,102144.99610894942,2940.000179672241,97328,98456,0.9885431055496872
8,2026-02-01 01:09:55,102144.99610894942,2942.0001800537107,96678,97735,0.9891850411827902
8,2026-02-01 01:09:55,102144.99610894942,2944.0001804351805,97188,99101,0.9806964611860627
8,2026-02-01 01:09:55,102144.99610894942,2946.0001808166503,97455,98237,0.992039659191547
8,2026-02-01 01:09:55,102144.99610894942,2948.00018119812,98081,98829,0.9924313713586093
8,2026-02-01 01:09:55,102144.99610894942,2950.0001815795895,98434,99110,0.9931792957320149
8,2026-02-01 01:09:55,102144.99610894942,2952.0001819610593,99413,100312,0.991037961559933
8,2026-02-01 01:09:55,102144.99610894942,2954.000182342529,100387,101967,0.9845047907656399
8,2026-02-01 01:09:55,102144.99610894942,2956.000182723999,101646,102514,0.9915328638039682
8,2026-02-01 01:09:55,102144.99610894942,2958.0001831054688,102940,104246,0.987471941369453
8,2026-02-01 01:09:55,102144.99610894942,2960.000183486938,104101,106170,0.9805123857963643
8,2026-02-01 01:09:55,102144.99610894942,2962.000183868408,105640,107839,0.9796084904348149
8,2026-02-01 01:09:55,102144.99610894942,2964.0001842498777,107724,109536,0.9834574934268185
8,2026-02-01 01:09:55,102144.99610894942,2966.0001846313476,109734,111169,0.987091725211165
8,2026-02-01 01:09:55,102144.99610894942,2968.0001850128174,110594,112523,0.9828568381575322
8,2026-02-01 01:09:55,102144.99610894942,2970.0001853942867,112256,114474,0.9806244212659643
8,2026-02-01 01:09:55,102144.99610894942,2972.0001857757566,113403,115316,0.9834108016233654
8,2026-02-01 01:09:55,102144.99610894942,2974.0001861572264,115076,116971,0.9837994032708962
8,2026-02-01 01:09:55,102144.99610894942,2976.000186538696,115013,117936,0.9752153710487044
8,2026-02-01 01:09:55,102144.99610894942,2978.000186920166,116232,118029,0.984774928195613
8,2026-02-01 01:09:55,102144.99610894942,2980.0001873016354,117779,118351,0.995166918741709
8,2026-02-01 01:09:55,102144.99610894942,2982.000187683105,117661,119147,0.9875280116159031
8,2026-02-01 01:09:55,102144.99610894942,2984.000188064575,118147,118844,0.994135168792703
8,2026-02-01 01:09:55,102144.99610894942,2986.000188446045,117834,119738,0.9840986153100937
8,2026-02-01 01:09:55,102144.99610894942,2988.0001888275146,117905,119509,0.9865784166882829
8,2026-02-01 01:09:55,102144.99610894942,2990.000189208984,117789,119698,0.9840515296830357
8,2026-02-01 01:09:55,102144.99610894942,2992.000189590454,117111,120203,0.9742768483315725
8,2026-02-01 01:09:55,102144.99610894942,2994.0001899719236,117405,119248,0.9845448141687911
8,2026-02-01 01:09:55,102144.99610894942,2996.0001903533935,116791,118579,0.9849214447752132
8,2026-02-01 01:09:55,102144.99610894942,2998.0001907348633,115826,117896,0.9824421524055099
8,2026-02-01 01:09:55,102144.99610894942,3000.0001911163326,116196,116914,0.9938587337701217
8,2026-02-01 01:09:55,102144.99610894942,3002.0001914978025,114171,116076,0.9835883386746614
8,2026-02-01 01:09:55,102144.99610894942,3004.0001918792723,113374,114871,0.9869679901802892
8,2026-02-01 01:09:55,102144.99610894942,3006.000192260742,112434,114178,0.9847256038816584
8,2026-02-01 01:09:55,102144.99610894942,3008.000192642212,111197,112396,0.9893323605822272
8,2026-02-01 01:09:55,102144.99610894942,3010.0001930236813,109445,111179,0.9844035294435101
8,2026-02-01 01:09:55,102144.99610894942,3012.000193405151,108619,110130,0.9862798510850813
8,2026-02-01 01:09:55,102144.99610894942,3014.000193786621,107480,109115,0.9850158090088439
8,2026-02-01 01:09:55,102144.99610894942,3016.0001941680907,106527,107590,0.9901198996189237
8,2026-02-01 01:09:55,102144.99610894942,3018.0001945495605,105235,106467,0.9884283392976227
8,2026-02-01 01:09:55,102144.99610894942,3020.00019493103,103628,105122,0.9857879416297255
8,2026-02-01 01:09:55,102144.99610894942,3022.0001953124997,103193,104179,0.9905355205943617
8,2026-02-01 01:09:55,102144.99610894942,3024.0001956939695,102488,103484,0.9903753237215415
8,2026-02-01 01:09:55,102144.99610894942,3026.0001960754394,101614,104023,0.9768416600174962
8,2026-02-01 01:09:55,102144.99610894942,3028.000196456909,101077,102244,0.9885861273033136
8,2026-02-01 01:09:55,102144.99610894942,3030.0001968383785,100753,102196,0.9858800735840934
8,2026-02-01 01:09:55,102144.99610894942,3032.0001972198484,99837,101972,0.9790628800062763
8,2026-02-01 01:09:55,102144.99610894942,3034.000197601318,100043,101877,0.9819978994277413
8,2026-02-01 01:09:55,102144.99610894942,3036.000197982788,99917,101682,0.9826419621958655
8,2026-02-01 01:09:55,102144.99610894942,3038.000198364258,100500,101973,0.9855549998529023
8,2026-02-01 01:09:55,102144.99610894942,3040.000198745727,100918,101599,0.9932971781218319
8,2026-02-01 01:09:55,102144.99610894942,3042.000199127197,101031,102153,0.9890164752870694
8,2026-02-01 01:09:55,102144.99610894942,3044.000199508667,101348,103119,0.9828256674327719
8,2026-02-01 01:09:55,102144.99610894942,3046.0001998901366,101454,104243,0.9732452059131069
8,2026-02-01 01:09:55,102144.99610894942,3048.0002002716064,102141,104599,0.9765007313645446
8,2026-02-01 01:09:55,102144.99610894942,3050.000200653076,103350,105382,0.9807177696380787
8,2026-02-01 01:09:55,102144.99610894942,3052.0002010345456,103746,106245,0.9764788931243823
8,2026-02-01 01:09:55,102144.99610894942,3054.0002014160154,104348,106332,0.9813414588270699
8,2026-02-01 01:09:55,102144.99610894942,3056.0002017974853,105814,107602,0.9833832084905485
8,2026-02-01 01:09:55,102144.99610894942,3058.000202178955,106832,108622,0.9835208337169266
8,2026-02-01 01:09:55,102144.99610894942,3060.0002025604244,107878,109845,0.9820929491556284
8,2026-02-01 01:09:55,102144.99610894942,3062.0002029418943,109151,111548,0.9785114928102701
8,2026-02-01 01:09:55,102144.99610894942,3064.000203323364,109920,112308,0.9787370445560423
8,2026-02-01 01:09:55,102144.99610894942,3066.000203704834,111692,114167,0.978321231178887
8,2026-02-01 01:09:55,102144.99610894942,3068.0002040863037,112750,114934,0.9809977900360207
8,2026-02-01 01:09:55,102144.99610894942,3070.000204467773,113423,116279,0.9754383852630312
8,2026-02-01 01:09:55,102144.99610894942,3072.000204849243,115307,116301,0.9914532119242311
8,2026-02-01 01:09:55,102144.99610894942,3074.0002052307127,115857,118664,0.9763449740443606
8,2026-02-01 01:09:55,102144.99610894942,3076.0002056121825,116957,119237,0.9808784186116726
8,2026-02-01 01:09:55,102144.99610894942,3078.0002059936523,117991,119811,0.9848094081511715
8,2026-02-01 01:09:55,102144.99610894942,3080.0002063751217,118236,120738,0.9792774437211151
8,2026-02-01 01:09:55,102144.99610894942,3082.0002067565915,118989,120548,0.9870673922420944
8,2026-02-01 01:09:55,102144.99610894942,3084.0002071380613,118908,120333,0.9881578619331356
8,2026-02-01 01:09:55,102144.99610894942,3086.000207519531,119328,121084,0.9854976710382874
8,2026-02-01 01:09:55,102144.99610894942,3088.000207901001,119583,121411,0.9849437036182883
8,2026-02-01 01:09:55,102144.99610894942,3090.0002082824703,119047,120645,0.9867545277466948
8,2026-02-01 01:09:55,102144.99610894942,3092.00020866394,118835,119605,0.9935621420509176
8,2026-02-01 01:09:55,102144.99610894942,3094.00020904541,117641,119188,0.9870205054200087
8,2026-02-01 01:09:55,102144.99610894942,3096.00020942688,116719,118902,0.9816403424669056
8,2026-02-01 01:09:55,102144.99610894942,3098.0002098083496,115555,117425,0.9840749414519906
8,2026-02-01 01:09:55,102144.99610894942,3100.000210189819,115590,116246,0.9943567950725186
8,2026-02-01 01:09:55,102144.99610894942,3102.000210571289,113951,114665,0.9937731653076353
8,2026-02-01 01:09:55,102144.99610894942,3104.0002109527586,112502,113769,0.9888633986411061
8,2026-02-01 01:09:55,102144.99610894942,3106.0002113342284,110158,112217,0.9816516214120855
8,2026-02-01 01:09:55,102144.99610894942,3108.0002117156982,108824,110401,0.9857157090968379
8,2026-02-01 01:09:55,102144.99610894942,3110.0002120971676,108265,108229,1.0003326280386957
8,2026-02-01 01:09:55,102144.99610894942,3112.0002124786374,106259,106702,0.995848250267099
8,2026-02-01 01:09:55,102144.99610894942,3114.0002128601072,104557,105213,0.9937650290363358
8,2026-02-01 01:09:55,102144.99610894942,3116.000213241577,103846,104508,0.993665556703793
8,2026-02-01 01:09:55,102144.99610894942,3118.000213623047,101718,103128,0.9863276704677683
8,2026-02-01 01:09:55,102144.99610894942,3120.0002140045162,100838,101419,0.9942712903893748
8,2026-02-01 01:09:55,102144.99610894942,3122.000214385986,99193,100430,0.9876829632579907
8,2026-02-01 01:09:55,102144.99610894942,3124.000214767456,98243,99610,0.9862764782652345
8,2026-02-01 01:09:55,102144.99610894942,3126.0002151489257,97618,99211,0.9839433127374989
8,2026-02-01 01:09:55,102144.99610894942,3128.0002155303955,98058,99195,0.9885377287161651
8,2026-02-01 01:09:55,102144.99610894942,3130.000215911865,97786,99784,0.9799767497795238
8,2026-02-01 01:09:55,102144.99610894942,3132.0002162933347,97856,99671,0.9817900893941066
8,2026-02-01 01:09:55,102144.99610894942,3134.0002166748045,98673,99940,0.9873223934360617
8,2026-02-01 01:09:55,102144.99610894942,3136.0002170562743,99215,100776,0.9845102008414702
8,2026-02-01 01:09:55,102144.99610894942,3138.000217437744,100027,101869,0.9819179534500191
8,2026-02-01 01:09:55,102144.99610894942,3140.0002178192135,101529,102685,0.9887422700491796
8,2026-02-01 01:09:55,102144.99610894942,3142.0002182006833,102709,104683,0.981143070030473
8,2026-02-01 01:09:55,102144.99610894942,3144.000218582153,104194,106277,0.9804002747537096
8,2026-02-01 01:09:55,102144.99610894942,3146.000218963623,106081,106828,0.9930074512300145
8,2026-02-01 01:09:55,102144.99610894942,3148.000219345093,106873,108891,0.9814677062383484
8,2026-02-01 01:09:55,102144.99610894942,3150.000219726562,108634,109888,0.9885883808969133
8,2026-02-01 01:09:55,102144.99610894942,3152.000220108032,109829,111366,0.986198660273333
8,2026-02-01 01:09:55,102144.99610894942,3154.0002204895018,110869,112639,0.9842860820852458
8,2026-02-01 01:09:55,102144.99610894942,3156.0002208709716,112243,113307,0.9906095828148305
8,2026-02-01 01:09:55,102144.99610894942,3158.0002212524414,113646,114449,0.9929837744322799
8,2026-02-01 01:09:55,102144.99610894942,3160.0002216339108,114497,116150,0.9857684029272492
8,2026-02-01 01:09:55,102144.99610894942,3162.0002220153806,115549,117021,0.9874210611770536
8,2026-02-01 01:09:55,102144.99610894942,3164.0002223968504,116528,117510,0.9916432644030295
8,2026-02-01 01:09:55,102144.99610894942,3166.00022277832,116986,117767,0.9933682610578515
8,2026-02-01 01:09:55,102144.99610894942,3168.00022315979,116846,117914,0.9909425513509846
8,2026-02-01 01:09:55,102144.99610894942,3170.0002235412594,117628,119437,0.9848539397339183
8,2026-02-01 01:09:55,102144.99610894942,3172.000223922729,117870,118470,0.9949354266903013
8,2026-02-01 01:09:55,102144.99610894942,3174.000224304199,117971,119593,0.9864373332887376
8,2026-02-01 01:09:55,102144.99610894942,3176.000224685669,118315,119082,0.9935590601434305
8,2026-02-01 01:09:55,102144.99610894942,3178.0002250671387,117973,119753,0.9851360717476807
8,2026-02-01 01:09:55,102144.99610894942,3180.000225448608,117775,118642,0.9926923012086782
8,2026-02-01 01:09:55,102144.99610894942,3182.000225830078,118328,118939,0.9948629129217498
8,2026-02-01 01:09:55,102144.99610894942,3184.0002262115477,117253,118370,0.9905634873701107
8,2026-02-01 01:09:55,102144.99610894942,3186.0002265930175,117127,118249,0.9905115476663651
8,2026-02-01 01:09:55,102144.99610894942,3188.0002269744873,116844,117362,0.9955863056185137
8,2026-02-01 01:09:55,102144.99610894942,3190.0002273559567,116542,116766,0.9980816333521745
8,2026-02-01 01:09:55,102144.99610894942,3192.0002277374265,116002,115471,1.0045985572134994
8,2026-02-01 01:09:55,102144.99610894942,3194.0002281188963,115084,115131,0.9995917693757546
8,2026-02-01 01:09:55,102144.99610894942,3196.000228500366,113661,114707,0.9908811144917049
8,2026-02-01 01:09:55,102144.99610894942,3198.000228881836,113401,114135,0.9935690191439961
8,2026-02-01 01:09:55,102144.99610894942,3200.0002292633053,112711,112254,1.0040711244142748
8,2026-02-01 01:09:55,102144.99610894942,3202.000229644775,111592,111536,1.0005020800459044
8,2026-02-01 01:09:55,102144.99610894942,3204.000230026245,110219,110327,0.9990210918451512
8,2026-02-01 01:09:55,102144.99610894942,3206.0002304077148,109316,109262,1.00049422489063
8,2026-02-01 01:09:55,102144.99610894942,3208.0002307891846,107625,107691,0.9993871354152157
8,2026-02-01 01:09:55,102144.99610894942,3210.000231170654,106448,106481,0.9996900855551695
8,2026-02-01 01:09:55,102144.99610894942,3212.0002315521238,105266,105103,1.0015508596329314
8,2026-02-01 01:09:55,102144.99610894942,3214.0002319335936,103459,103503,0.9995748915490372
8,2026-02-01 01:09:55,102144.99610894942,3216.0002323150634,102523,103321,0.9922764975174456
8,2026-02-01 01:09:55,102144.99610894942,3218.000232696533,101821,101498,1.0031823287158368
8,2026-02-01 01:09:55,102144.99610894942,3220.0002330780026,100487,101070,0.9942317205896903
8,2026-02-01 01:09:55,102144.99610894942,3222.0002334594724,100078,99981,1.0009701843350236
8,2026-02-01 01:09:55,102144.99610894942,3224.000233840942,99815,100171,0.9964460772079744
8,2026-02-01 01:09:55,102144.99610894942,3226.000234222412,99116,99852,0.992629091054761
8,2026-02-01 01:09:55,102144.99610894942,3228.000234603882,99329,100092,0.9923770131479039
8,2026-02-01 01:09:55,102144.99610894942,3230.000234985351,99244,100244,0.9900243406089142
8,2026-02-01 01:09:55,102144.99610894942,3232.000235366821,99924,100690,0.9923924918065349
8,2026-02-01 01:09:55,102144.99610894942,3234.000235748291,100040,101902,0.9817275421483386
8,2026-02-01 01:09:55,102144.99610894942,3236.0002361297607,101683,102089,0.9960230779026144
8,2026-02-01 01:09:55,102144.99610894942,3238.0002365112305,102489,104385,0.9818364707572927
8,2026-02-01 01:09:55,102144.99610894942,3240.0002368927,104150,105862,0.9838280024938127
8,2026-02-01 01:09:55,102144.99610894942,3242.0002372741696,105147,106736,0.9851128016789087
8,2026-02-01 01:09:55,102144.99610894942,3244.0002376556395,106816,108961,0.9803140573232625
8,2026-02-01 01:09:55,102144.99610894942,3246.0002380371093,107698,110252,0.9768348873489824
8,2026-02-01 01:09:55,102144.99610894942,3248.000238418579,109642,111794,0.980750308603324
8,2026-02-01 01:09:55,102144.99610894942,3250.0002388000485,111011,112741,0.9846550944199537
8,2026-02-01 01:09:55,102144.99610894942,3252.0002391815183,112861,114598,0.9848426674112987
8,2026-02-01 01:09:55,102144.99610894942,3254.000239562988,113795,115797,0.9827111237769545
8,2026-02-01 01:09:55,102144.99610894942,3256.000239944458,114523,117391,0.975568825548807
8,2026-02-01 01:09:55,102144.99610894942,3258.0002403259277,114058,117217,0.9730499842173064
8,2026-02-01 01:09:55,102144.99610894942,3260.000240707397,114523,118215,0.9687687687687687
8,2026-02-01 01:09:55,102144.99610894942,3262.000241088867,112780,120399,0.9367187435111587
8,2026-02-01 01:09:55,102144.99610894942,3264.0002414703367,112064,119956,0.9342092100436827
8,2026-02-01 01:09:55,102144.99610894942,3266.0002418518065,111844,120296,0.9297399747290018
8,2026-02-01 01:09:55,102144.99610894942,3268.0002422332764,113166,120739,0.937277930080587
8,2026-02-01 01:09:55,102144.99610894942,3270.0002426147457,115348,120735,0.9553816209052884
8,2026-02-01 01:09:55,102144.99610894942,3272.0002429962155,116738,120775,0.96657420823846
8,2026-02-01 01:09:55,102144.99610894942,3274.0002433776854,117542,120806,0.972981474430078
8,2026-02-01 01:09:55,102144.99610894942,3276.000243759155,118247,119943,0.9858599501429846
8,2026-02-01 01:09:55,102144.99610894942,3278.000244140625,118585,120257,0.9860964434502774
8,2026-02-01 01:09:55,102144.99610894942,3280.0002445220944,118535,119507,0.9918665852209494
8,2026-02-01 01:09:55,102144.99610894942,3282.000244903564,117194,118321,0.9904750635981778
8,2026-02-01 01:09:55,102144.99610894942,3284.000245285034,117284,117177,1.0009131484847709
8,2026-02-01 01:09:55,102144.99610894942,3286.000245666504,115304,115872,0.9950980392156863
8,2026-02-01 01:09:55,102144.99610894942,3288.0002460479736,115000,115308,0.997328893051653
8,2026-02-01 01:09:55,102144.99610894942,3290.000246429443,114265,113530,1.0064740597198978
8,2026-02-01 01:09:55,102144.99610894942,3292.000246810913,111906,112720,0.99277856635912
8,2026-02-01 01:09:55,102144.99610894942,3294.0002471923826,110916,111123,0.9981371993196728
8,2026-02-01 01:09:55,102144.99610894942,3296.0002475738524,109774,109439,1.0030610659819625
8,2026-02-01 01:09:55,102144.99610894942,3298.0002479553223,108621,109337,0.9934514391285658
8,2026-02-01 01:09:55,102144.99610894942,3300.0002483367916,108301,108105,1.0018130521252486
8,2026-02-01 01:09:55,102144.99610894942,3302.0002487182614,106980,106980,1.0
8,2026-02-01 01:09:55,102144.99610894942,3304.0002490997313,106012,106471,0.9956889669487466
8,2026-02-01 01:09:55,102144.99610894942,3306.000249481201,104622,105056,0.9958688699360341
8,2026-02-01 01:09:55,102144.99610894942,3308.000249862671,103941,104377,0.995822834532512
8,2026-02-01 01:09:55,102144.99610894942,3310.0002502441403,103391,104149,0.9927219656453734
8,2026-02-01 01:09:55,102144.99610894942,3312.00025062561,103000,103414,0.9959966735645077
8,2026-02-01 01:09:55,102144.99610894942,3314.00025100708,102925,102671,1.002473921555259
8,2026-02-01 01:09:55,102144.99610894942,3316.0002513885497,102101,103064,0.9906562912365132
8,2026-02-01 01:09:55,102144.99610894942,3318.0002517700195,101947,102687,0.992793635026829
8,2026-02-01 01:09:55,102144.99610894942,3320.000252151489,102132,102401,0.9973730725285885
8,2026-02-01 01:09:55,102144.99610894942,3322.0002525329587,101761,102473,0.9930518282864754
8,2026-02-01 01:09:55,102144.99610894942,3324.0002529144285,102343,102869,0.9948867005609076
8,2026-02-01 01:09:55,102144.99610894942,3326.0002532958983,102361,102998,0.9938154138915318
8,2026-02-01 01:09:55,102144.99610894942,3328.000253677368,102606,103367,0.992637882496348
8,2026-02-01 01:09:55,102144.99610894942,3330.0002540588375,103896,104377,0.9953917050691244
8,2026-02-01 01:09:55,102144.99610894942,3332.0002544403073,104297,104748,0.9956944285332416
8,2026-02-01 01:09:55,102144.99610894942,3334.000254821777,104935,105601,0.9936932415412733
8,2026-02-01 01:09:55,102144.99610894942,3336.000255203247,106012,107027,0.9905164117465686
8,2026-02-01 01:09:55,102144.99610894942,3338.000255584717,106967,107944,0.9909490105980879
8,2026-02-01 01:09:55,102144.99610894942,3340.000255966186,108176,109660,0.9864672624475652
8,2026-02-01 01:09:55,102144.99610894942,3342.000256347656,108878,110909,0.9816876899079425
8,2026-02-01 01:09:55,102144.99610894942,3344.000256729126,110543,111054,0.9953986348983378
8,2026-02-01 01:09:55,102144.99610894942,3346.0002571105956,111863,112796,0.9917284300861733
8,2026-02-01 01:09:55,102144.99610894942,3348.0002574920654,112392,113570,0.9896275424848111
8,2026-02-01 01:09:55,102144.99610894942,3350.000257873535,114005,114823,0.9928759917438144
8,2026-02-01 01:09:55,102144.99610894942,3352.0002582550046,114889,116028,0.9901834040059296
8,2026-02-01 01:09:55,102144.99610894942,3354.0002586364744,115802,117210,0.9879873730910332
8,2026-02-01 01:09:55,102144.99610894942,3356.0002590179442,116923,117763,0.9928670295423859
8,2026-02-01 01:09:55,102144.99610894942,3358.000259399414,117528,118760,0.9896261367463792
8,2026-02-01 01:09:55,102144.99610894942,3360.0002597808834,117750,118871,0.9905696090720193
8,2026-02-01 01:09:55,102144.99610894942,3362.0002601623532,119155,119748,0.9950479339947222
8,2026-02-01 01:09:55,102144.99610894942,3364.000260543823,119088,120191,0.9908229401535888
8,2026-02-01 01:09:55,102144.99610894942,3366.000260925293,119530,121255,0.9857737825244319
8,2026-02-01 01:09:55,102144.99610894942,3368.0002613067627,120089,121255,0.9903839016947755
8,2026-02-01 01:09:55,102144.99610894942,3370.000261688232,119950,121142,0.9901603077380264
8,2026-02-01 01:09:55,102144.99610894942,3372.000262069702,120327,120734,0.9966289529047327
8,2026-02-01 01:09:55,102144.99610894942,3374.0002624511717,119918,120394,0.9960463146003954
8,2026-02-01 01:09:55,102144.99610894942,3376.0002628326415,119454,119684,0.9980782727850005
8,2026-02-01 01:09:55,102144.99610894942,3378.0002632141113,119352,118999,1.0029664114824495
8,2026-02-01 01:09:55,102144.99610894942,3380.0002635955807,118392,118512,0.998987444309437
8,2026-02-01 01:09:55,102144.99610894942,3382.0002639770505,117241,116933,1.0026339869839993
8,2026-02-01 01:09:55,102144.99610894942,3384.0002643585203,116430,115528,1.0078076310504813
8,2026-02-01 01:09:55,102144.99610894942,3386.00026473999,114829,114407,1.0036885854886501
8,2026-02-01 01:09:55,102144.99610894942,3388.00026512146,113826,113451,1.0033053917550308
8,2026-02-01 01:09:55,102144.99610894942,3390.0002655029293,112091,111750,1.0030514541387026
8,2026-02-01 01:09:55,102144.99610894942,3392.000265884399,110653,110310,1.0031094189103436
8,2026-02-01 01:09:55,102144.99610894942,3394.000266265869,109341,109351,0.9999085513621274
8,2026-02-01 01:09:55,102144.99610894942,3396.000266647339,107840,107813,1.0002504336211775
8,2026-02-01 01:09:55,102144.99610894942,3398.0002670288086,106471,105630,1.007961753289785
8,2026-02-01 01:09:55,102144.99610894942,3400.000267410278,104657,104483,1.0016653426873272
8,2026-02-01 01:09:55,102144.99610894942,3402.000267791748,103807,104265,0.9956073466647485
8,2026-02-01 01:09:55,102144.99610894942,3404.0002681732176,102801,102570,1.002252120503071
8,2026-02-01 01:09:55,102144.99610894942,3406.0002685546874,101671,102089,0.9959055334071252
8,2026-02-01 01:09:55,102144.99610894942,3408.000268936157,101374,100821,1.0054849684093592
8,2026-02-01 01:09:55,102144.99610894942,3410.0002693176266,100455,100363,1.0009166724789016
8,2026-02-01 01:09:55,102144.99610894942,3412.0002696990964,99993,100317,0.9967702383444481
8,2026-02-01 01:09:55,102144.99610894942,3414.000270080566,99801,100551,0.992541098547006
8,2026-02-01 01:09:55,102144.99610894942,3416.000270462036,99672,101036,0.9864998614355279
8,2026-02-01 01:09:55,102144.99610894942,3418.000270843506,100528,100930,0.9960170415139206
8,2026-02-01 01:09:55,102144.99610894942,3420.000271224975,100628,101082,0.9955085969806692
8,2026-02-01 01:09:55,102144.99610894942,3422.000271606445,100937,102416,0.9855588970473363
8,2026-02-01 01:09:55,102144.99610894942,3424.000271987915,101527,102727,0.9883185530581055
8,2026-02-01 01:09:55,102144.99610894942,3426.0002723693847,102133,103998,0.9820669628262082
8,2026-02-01 01:09:55,102144.99610894942,3428.0002727508545,103906,104641,0.9929759845567225
8,2026-02-01 01:09:55,102144.99610894942,3430.000273132324,104486,105760,0.9879538577912255
8,2026-02-01 01:09:55,102144.99610894942,3432.0002735137937,105937,107341,0.9869201889306043
8,2026-02-01 01:09:55,102144.99610894942,3434.0002738952635,106517,108938,0.9777763498503736
8,2026-02-01 01:09:55,102144.99610894942,3436.0002742767333,108559,109980,0.9870794689943626
8,2026-02-01 01:09:55,102144.99610894942,3438.000274658203,110109,110750,0.9942121896162528
8,2026-02-01 01:09:55,102144.99610894942,3440.0002750396725,110777,112533,0.9843956883758542
8,2026-02-01 01:09:55,102144.99610894942,3442.0002754211423,112757,113941,0.9896086571120141
8,2026-02-01 01:09:55,102144.99610894942,3444.000275802612,113531,114393,0.992464573881269
8,2026-02-01 01:09:55,102144.99610894942,3446.000276184082,114728,115496,0.9933504190621321
8,2026-02-01 01:09:55,102144.99610894942,3448.0002765655518,116006,116776,0.9934061793519217
8,2026-02-01 01:09:55,102144.99610894942,3450.000276947021,116223,117635,0.987996769668891
8,2026-02-01 01:09:55,102144.99610894942,3452.000277328491,116859,117820,0.9918434900695977
8,2026-02-01 01:09:55,102144.99610894942,3454.0002777099608,117793,119089,0.9891173827977395
8,2026-02-01 01:09:55,102144.99610894942,3456.0002780914306,117803,118528,0.9938833018358532
8,2026-02-01 01:09:55,102144.99610894942,3458.0002784729004,118324,119633,0.9890582030041878
8,2026-02-01 01:09:55,102144.99610894942,3460.0002788543698,118776,119749,0.9918746711872333
8,2026-02-01 01:09:55,102144.99610894942,3462.0002792358396,118725,119369,0.9946049644380032
8,2026-02-01 01:09:55,102144.99610894942,3464.0002796173094,118985,118978,1.0000588344063608
8,2026-02-01 01:09:55,102144.99610894942,3466.000279998779,118569,118994,0.9964283913474629
8,2026-02-01 01:09:55,102144.99610894942,3468.000280380249,117993,119124,0.9905056915483026
8,2026-02-01 01:09:55,102144.99610894942,3470.0002807617184,118179,118477,0.9974847438743385
8,2026-02-01 01:09:55,102144.99610894942,3472.000281143188,117856,117866,0.9999151578911646
8,2026-02-01 01:09:55,102144.99610894942,3474.000281524658,116954,117207,0.9978414258534046
8,2026-02-01 01:09:55,102144.99610894942,3476.000281906128,115625,116663,0.9911025775095789
8,2026-02-01 01:09:55,102144.99610894942,3478.0002822875977,115599,115537,1.0005366246310705
8,2026-02-01 01:09:55,102144.99610894942,3480.000282669067,114477,115281,0.9930257371119265
8,2026-02-01 01:09:55,102144.99610894942,3482.000283050537,113813,113031,1.0069184559987967
8,2026-02-01 01:09:55,102144.99610894942,3484.0002834320067,112831,112539,1.002594656074783
8,2026-02-01 01:09:55,102144.99610894942,3486.0002838134765,111549,112335,0.9930030711710509
8,2026-02-01 01:09:55,102144.99610894942,3488.0002841949463,110290,110382,0.9991665307749452
8,2026-02-01 01:09:55,102144.99610894942,3490.0002845764157,108662,109087,0.9961040270609697
8,2026-02-01 01:09:55,102144.99610894942,3492.0002849578855,107454,107698,0.9977344054671395
8,2026-02-01 01:09:55,102144.99610894942,3494.0002853393553,105961,106102,0.9986710900831276
8,2026-02-01 01:09:55,102144.99610894942,3496.000285720825,104548,104753,0.9980430154744971
8,2026-02-01 01:09:55,102144.99610894942,3498.000286102295,103506,103838,0.9968027119166394
8,2026-02-01 01:09:55,102144.99610894942,3500.0002864837643,102860,101535,1.013049687299946
9,2026-02-01 01:41:50,110597.625085832,2000.0000003814696,105923,107103,0.9889825681820303
9,2026-02-01 01:41:50,110597.625085832,2002.0000007629394,105916,106068,0.9985669570464231
9,2026-02-01 01:41:50,110597.625085832,2004.000001144409,104928,105498,0.9945970539725871
9,2026-02-01 01:41:50,110597.625085832,2006.0000015258788,104436,104963,0.9949791831407258
9,2026-02-01 01:41:50,110597.625085832,2008.0000019073484,104498,105292,0.9924590662158569
9,2026-02-01 01:41:50,110597.625085832,2010.0000022888182,104520,105649,0.9893136707399028
9,2026-02-01 01:41:50,110597.625085832,2012.000002670288,104444,105165,0.9931441068796653
9,2026-02-01 01:41:50,110597.625085832,2014.0000030517576,104673,104543,1.001243507456262
9,2026-02-01 01:41:50,110597.625085832,2016.0000034332274,104766,105353,0.9944282554839444
9,2026-02-01 01:41:50,110597.625085832,2018.000003814697,104663,105766,0.9895713178147987
9,2026-02-01 01:41:50,110597.625085832,2020.0000041961669,105645,105659,0.9998674982727453
9,2026-02-01 01:41:50,110597.625085832,2022.0000045776367,106277,106446,0.9984123405294704
9,2026-02-01 01:41:50,110597.625085832,2024.0000049591063,106575,107279,0.9934376718649502
9,2026-02-01 01:41:50,110597.625085832,2026.000005340576,107076,108583,0.9861212160282917
9,2026-02-01 01:41:50,110597.625085832,2028.0000057220457,108626,109526,0.9917827730401914
9,2026-02-01 01:41:50,110597.625085832,2030.0000061035155,109903,110986,0.9902420125060819
9,2026-02-01 01:41:50,110597.625085832,2032.0000064849853,111692,112758,0.9905461253303535
9,2026-02-01 01:41:50,110597.625085832,2034.000006866455,112556,114878,0.9797872525635892
9,2026-02-01 01:41:50,110597.625085832,2036.0000072479247,114690,116187,0.9871155981305998
9,2026-02-01 01:41:50,110597.625085832,2038.0000076293943,115763,118524,0.9767051398872802
9,2026-02-01 01:41:50,110597.625085832,2040.0000080108641,117910,119952,0.9829765239429105
9,2026-02-01 01:41:50,110597.625085832,2042.000008392334,119825,120287,0.9961591859469435
9,2026-02-01 01:41:50,110597.625085832,2044.0000087738035,120171,121589,0.9883377608171792
9,2026-02-01 01:41:50,110597.625085832,2046.0000091552733,121193,123088,0.9846045105940465
9,2026-02-01 01:41:50,110597.625085832,2048.000009536743,122151,122554,0.9967116536383961
9,2026-02-01 01:41:50,110597.625085832,2050.0000099182125,122879,123472,0.9951972916936633
9,2026-02-01 01:41:50,110597.625085832,2052.0000102996823,123153,123238,0.9993102776740941
9,2026-02-01 01:41:50,110597.625085832,2054.000010681152,123215,123675,0.9962805740853042
9,2026-02-01 01:41:50,110597.625085832,2056.000011062622,123298,123722,0.9965729619631108
9,2026-02-01 01:41:50,110597.625085832,2058.000011444092,122542,123368,0.9933045846572855
9,2026-02-01 01:41:50,110597.625085832,2060.000011825561,122151,122685,0.9956473896564372
9,2026-02-01 01:41:50,110597.625085832,2062.000012207031,122045,122537,0.9959848861976383
9,2026-02-01 01:41:50,110597.625085832,2064.000012588501,120916,121373,0.9962347474314716
9,2026-02-01 01:41:50,110597.625085832,2066.0000129699706,120334,121369,0.9914722869925598
9,2026-02-01 01:41:50,110597.625085832,2068.0000133514404,120101,120286,0.9984619989026154
9,2026-02-01 01:41:50,110597.625085832,2070.00001373291,119143,119595,0.9962205777833522
9,2026-02-01 01:41:50,110597.625085832,2072.0000141143796,118660,118740,0.999326259053394
9,2026-02-01 01:41:50,110597.625085832,2074.0000144958494,117051,117089,0.9996754605471052
9,2026-02-01 01:41:50,110597.625085832,2076.0000148773192,116113,115617,1.0042900265531884
9,2026-02-01 01:41:50,110597.625085832,2078.000015258789,115267,115145,1.001059533631508
9,2026-02-01 01:41:50,110597.625085832,2080.0000156402584,113292,113125,1.0014762430939226
9,2026-02-01 01:41:50,110597.625085832,2082.0000160217282,111548,111280,1.0024083393242271
9,2026-02-01 01:41:50,110597.625085832,2084.000016403198,109885,109183,1.0064295723693248
9,2026-02-01 01:41:50,110597.625085832,2086.000016784668,108001,107658,1.0031860149733416
9,2026-02-01 01:41:50,110597.625085832,2088.0000171661377,106577,106467,1.0010331839912836
9,2026-02-01 01:41:50,110597.625085832,2090.000017547607,104839,104939,0.9990470654380164
9,2026-02-01 01:41:50,110597.625085832,2092.000017929077,103941,103568,1.0036014985323651
9,2026-02-01 01:41:50,110597.625085832,2094.0000183105467,102070,102707,0.9937978910882413
9,2026-02-01 01:41:50,110597.625085832,2096.0000186920165,102176,103248,0.9896172322950566
9,2026-02-01 01:41:50,110597.625085832,2098.0000190734863,102742,103265,0.9949353604803176
9,2026-02-01 01:41:50,110597.625085832,2100.0000194549557,103079,103188,0.9989436756211962
9,2026-02-01 01:41:50,110597.625085832,2102.0000198364255,103601,104941,0.987230920231368
9,2026-02-01 01:41:50,110597.625085832,2104.0000202178953,104891,105836,0.9910710911221134
9,2026-02-01 01:41:50,110597.625085832,2106.000020599365,105645,107115,0.9862764318722868
9,2026-02-01 01:41:50,110597.625085832,2108.000020980835,106429,108816,0.9780638876635789
9,2026-02-01 01:41:50,110597.625085832,2110.0000213623043,108134,109242,0.9898573808608411
9,2026-02-01 01:41:50,110597.625085832,2112.000021743774,109117,110114,0.9909457471347876
9,2026-02-01 01:41:50,110597.625085832,2114.000022125244,110546,110973,0.996152217205987
9,2026-02-01 01:41:50,110597.625085832,2116.000022506714,111367,112708,0.9881019980835433
9,2026-02-01 01:41:50,110597.625085832,2118.0000228881836,111612,112692,0.9904163560856138
9,2026-02-01 01:41:50,110597.625085832,2120.000023269653,112458,112754,0.997374815971052
9,2026-02-01 01:41:50,110597.625085832,2122.000023651123,113652,113915,0.9976912610279595
9,2026-02-01 01:41:50,110597.625085832,2124.0000240325926,113231,114651,0.9876145868766953
9,2026-02-01 01:41:50,110597.625085832,2126.0000244140624,114401,115433,0.9910597489452756
9,2026-02-01 01:41:50,110597.625085832,2128.000024795532,114584,115665,0.9906540440063978
9,2026-02-01 01:41:50,110597.625085832,2130.0000251770016,115154,116274,0.9903675800264892
9,2026-02-01 01:41:50,110597.625085832,2132.0000255584714,115812,116923,0.9904980200644868
9,2026-02-01 01:41:50,110597.625085832,2134.000025939941,116704,117634,0.9920941224475917
9,2026-02-01 01:41:50,110597.625085832,2136.000026321411,117202,118318,0.9905677918828919
9,2026-02-01 01:41:50,110597.625085832,2138.000026702881,118546,119101,0.9953400895038664
9,2026-02-01 01:41:50,110597.625085832,2140.00002708435,119084,119683,0.9949951120877651
9,2026-02-01 01:41:50,110597.625085832,2142.00002746582,119786,119913,0.9989408988183099
9,2026-02-01 01:41:50,110597.625085832,2144.00002784729,119793,120613,0.9932013962010728
9,2026-02-01 01:41:50,110597.625085832,2146.0000282287597,119828,120992,0.9903795292250728
9,2026-02-01 01:41:50,110597.625085832,2148.0000286102295,120251,121205,0.9921290375809578
9,2026-02-01 01:41:50,110597.625085832,2150.000028991699,120102,120140,0.9996837023472616
9,2026-02-01 01:41:50,110597.625085832,2152.0000293731687,120640,120443,1.001635628471559
9,2026-02-01 01:41:50,110597.625085832,2154.0000297546385,119536,120107,0.9952459057340538
9,2026-02-01 01:41:50,110597.625085832,2156.0000301361083,119184,120324,0.990525580931485
9,2026-02-01 01:41:50,110597.625085832,2158.000030517578,118859,119771,0.9923854689365539
9,2026-02-01 01:41:50,110597.625085832,2160.0000308990475,118478,119144,0.9944101255623448
9,2026-02-01 01:41:50,110597.625085832,2162.0000312805173,117829,118652,0.9930637494521795
9,2026-02-01 01:41:50,110597.625085832,2164.000031661987,117511,118536,0.9913528379564014
9,2026-02-01 01:41:50,110597.625085832,2166.000032043457,117140,117512,0.9968343658519981
9,2026-02-01 01:41:50,110597.625085832,2168.0000324249268,116145,117118,0.9916921395515634
9,2026-02-01 01:41:50,110597.625085832,2170.000032806396,115353,115966,0.9947139678871393
9,2026-02-01 01:41:50,110597.625085832,2172.000033187866,114961,114806,1.0013501036531192
9,2026-02-01 01:41:50,110597.625085832,2174.0000335693358,113756,114709,0.9916920206784123
9,2026-02-01 01:41:50,110597.625085832,2176.0000339508056,113530,112568,1.0085459455617938
9,2026-02-01 01:41:50,110597.625085832,2178.0000343322754,111814,111327,1.004374500345828
9,2026-02-01 01:41:50,110597.625085832,2180.0000347137448,110615,110222,1.0035655313821197
9,2026-02-01 01:41:50,110597.625085832,2182.0000350952146,109221,108605,1.0056719303899453
9,2026-02-01 01:41:50,110597.625085832,2184.0000354766844,107750,107189,1.005233746000056
9,2026-02-01 01:41:50,110597.625085832,2186.000035858154,106088,105649,1.0041552688619864
9,2026-02-01 01:41:50,110597.625085832,2188.000036239624,104592,105365,0.992663597968965
9,2026-02-01 01:41:50,110597.625085832,2190.0000366210934,103722,104514,0.9924220678569379
9,2026-02-01 01:41:50,110597.625085832,2192.000037002563,103530,104301,0.9926079328098484
9,2026-02-01 01:41:50,110597.625085832,2194.000037384033,103047,104527,0.9858409788858381
9,2026-02-01 01:41:50,110597.625085832,2196.000037765503,104552,104866,0.9970057025155913
9,2026-02-01 01:41:50,110597.625085832,2198.0000381469727,104369,105084,0.9931959194549123
9,2026-02-01 01:41:50,110597.625085832,2200.000038528442,105214,105805,0.9944142526345636
9,2026-02-01 01:41:50,110597.625085832,2202.000038909912,106271,107939,0.9845468273747209
9,2026-02-01 01:41:50,110597.625085832,2204.0000392913817,108029,108793,0.9929774893605288
9,2026-02-01 01:41:50,110597.625085832,2206.0000396728515,109309,110925,0.9854315979265269
9,2026-02-01 01:41:50,110597.625085832,2208.0000400543213,110614,112164,0.9861809493242039
9,2026-02-01 01:41:50,110597.625085832,2210.0000404357907,112108,113934,0.9839731774536135
9,2026-02-01 01:41:50,110597.625085832,2212.0000408172605,113312,114988,0.9854245660416739
9,2026-02-01 01:41:50,110597.625085832,2214.0000411987303,114879,115483,0.9947697929565391
9,2026-02-01 01:41:50,110597.625085832,2216.0000415802,116370,117167,0.9931977433919107
9,2026-02-01 01:41:50,110597.625085832,2218.00004196167,117064,118781,0.9855448261927413
9,2026-02-01 01:41:50,110597.625085832,2220.0000423431393,118036,119048,0.991499227202473
9,2026-02-01 01:41:50,110597.625085832,2222.000042724609,118462,119803,0.988806624208075
9,2026-02-01 01:41:50,110597.625085832,2224.000043106079,119662,120950,0.9893509714758164
9,2026-02-01 01:41:50,110597.625085832,2226.0000434875487,119560,120665,0.9908424149504828
9,2026-02-01 01:41:50,110597.625085832,2228.0000438690186,120551,120807,0.9978809174965027
9,2026-02-01 01:41:50,110597.625085832,2230.000044250488,121184,122395,0.9901058049756934
9,2026-02-01 01:41:50,110597.625085832,2232.0000446319577,120664,121394,0.9939865232219055
9,2026-02-01 01:41:50,110597.625085832,2234.0000450134276,121513,122147,0.9948095327760813
9,2026-02-01 01:41:50,110597.625085832,2236.0000453948974,121826,122105,0.9977150812825027
9,2026-02-01 01:41:50,110597.625085832,2238.000045776367,121033,121571,0.995574602495661
9,2026-02-01 01:41:50,110597.625085832,2240.0000461578366,121511,122155,0.9947280094961319
9,2026-02-01 01:41:50,110597.625085832,2242.0000465393064,121395,121247,1.0012206487583197
9,2026-02-01 01:41:50,110597.625085832,2244.000046920776,120789,121143,0.9970778336346301
9,2026-02-01 01:41:50,110597.625085832,2246.000047302246,120226,120721,0.9958996363515875
9,2026-02-01 01:41:50,110597.625085832,2248.000047683716,119704,119222,1.004042877992317
9,2026-02-01 01:41:50,110597.625085832,2250.000048065185,118285,119045,0.9936158595489101
9,2026-02-01 01:41:50,110597.625085832,2252.000048446655,117392,117667,0.9976628961391044
9,2026-02-01 01:41:50,110597.625085832,2254.000048828125,117327,116907,1.003592599245554
9,2026-02-01 01:41:50,110597.625085832,2256.0000492095946,116579,116454,1.001073385199306
9,2026-02-01 01:41:50,110597.625085832,2258.0000495910645,115145,115216,0.9993837661435911
9,2026-02-01 01:41:50,110597.625085832,2260.000049972534,113978,114847,0.9924334114082214
9,2026-02-01 01:41:50,110597.625085832,2262.0000503540036,114195,114190,1.0000437866713372
9,2026-02-01 01:41:50,110597.625085832,2264.0000507354735,112934,113856,0.9919020517144463
9,2026-02-01 01:41:50,110597.625085832,2266.0000511169433,112827,114074,0.9890684993951295
9,2026-02-01 01:41:50,110597.625085832,2268.000051498413,112820,113246,0.9962382777316638
9,2026-02-01 01:41:50,110597.625085832,2270.0000518798824,112273,112371,0.9991278888681243
9,2026-02-01 01:41:50,110597.625085832,2272.0000522613523,111771,112473,0.9937585020404898
9,2026-02-01 01:41:50,110597.625085832,2274.000052642822,111542,111989,0.9960085365526972
9,2026-02-01 01:41:50,110597.625085832,2276.000053024292,111537,110963,1.005172895469661
9,2026-02-01 01:41:50,110597.625085832,2278.0000534057617,110257,111093,0.9924747733880622
9,2026-02-01 01:41:50,110597.625085832,2280.000053787231,109578,110576,0.9909745333526262
9,2026-02-01 01:41:50,110597.625085832,2282.000054168701,109166,110125,0.9912917139614075
9,2026-02-01 01:41:50,110597.625085832,2284.0000545501707,108796,109187,0.996418987608415
9,2026-02-01 01:41:50,110597.625085832,2286.0000549316405,108072,109725,0.9849350649350649
9,2026-02-01 01:41:50,110597.625085832,2288.0000553131104,108147,108673,0.995159791300507
9,2026-02-01 01:41:50,110597.625085832,2290.0000556945797,107339,108757,0.9869617587833427
9,2026-02-01 01:41:50,110597.625085832,2292.0000560760495,106518,109068,0.976620090218946
9,2026-02-01 01:41:50,110597.625085832,2294.0000564575193,105974,109023,0.9720334241398604
9,2026-02-01 01:41:50,110597.625085832,2296.000056838989,105833,108590,0.9746109218160052
9,2026-02-01 01:41:50,110597.625085832,2298.000057220459,105554,109499,0.9639722737193946
9,2026-02-01 01:41:50,110597.625085832,2300.0000576019283,104381,109491,0.9533294974016129
9,2026-02-01 01:41:50,110597.625085832,2302.000057983398,102913,110300,0.9330281051677244
9,2026-02-01 01:41:50,110597.625085832,2304.000058364868,101635,111147,0.9144196424554869
9,2026-02-01 01:41:50,110597.625085832,2306.000058746338,100372,111404,0.9009730350795303
9,2026-02-01 01:41:50,110597.625085832,2308.0000591278076,100942,113043,0.8929522394133206
9,2026-02-01 01:41:50,110597.625085832,2310.000059509277,102940,114196,0.9014326246103191
9,2026-02-01 01:41:50,110597.625085832,2312.000059890747,105588,115058,0.9176936849241252
9,2026-02-01 01:41:50,110597.625085832,2314.0000602722166,109233,116496,0.9376545117428925
9,2026-02-01 01:41:50,110597.625085832,2316.0000606536864,111595,117579,0.9491065581438862
9,2026-02-01 01:41:50,110597.625085832,2318.0000610351562,114856,118814,0.9666874274075445
9,2026-02-01 01:41:50,110597.625085832,2320.0000614166256,115980,119489,0.9706332800508833
9,2026-02-01 01:41:50,110597.625085832,2322.0000617980954,117791,120107,0.9807171938354967
9,2026-02-01 01:41:50,110597.625085832,2324.0000621795652,118309,121970,0.9699844223989506
9,2026-02-01 01:41:50,110597.625085832,2326.000062561035,120253,122681,0.9802088342938189
9,2026-02-01 01:41:50,110597.625085832,2328.000062942505,121333,123144,0.9852936399662184
9,2026-02-01 01:41:50,110597.625085832,2330.0000633239742,122677,124009,0.9892588441161528
9,2026-02-01 01:41:50,110597.625085832,2332.000063705444,122762,124239,0.9881116235642592
9,2026-02-01 01:41:50,110597.625085832,2334.000064086914,122817,124783,0.9842446487101608
9,2026-02-01 01:41:50,110597.625085832,2336.0000644683837,123955,125059,0.9911721667373
9,2026-02-01 01:41:50,110597.625085832,2338.0000648498535,123136,124690,0.9875370919881306
9,2026-02-01 01:41:50,110597.625085832,2340.000065231323,123176,124108,0.9924904115770136
9,2026-02-01 01:41:50,110597.625085832,2342.0000656127927,121903,123551,0.9866613787019126
9,2026-02-01 01:41:50,110597.625085832,2344.0000659942625,121919,123420,0.9878382758061902
9,2026-02-01 01:41:50,110597.625085832,2346.0000663757323,121582,121029,1.0045691528476646
9,2026-02-01 01:41:50,110597.625085832,2348.000066757202,120062,120233,0.9985777615130621
9,2026-02-01 01:41:50,110597.625085832,2350.0000671386715,119186,119700,0.9957059314954052
9,2026-02-01 01:41:50,110597.625085832,2352.0000675201413,118333,117866,1.003962126482616
9,2026-02-01 01:41:50,110597.625085832,2354.000067901611,116695,117291,0.9949186212070832
9,2026-02-01 01:41:50,110597.625085832,2356.000068283081,115084,115382,0.997417274791562
9,2026-02-01 01:41:50,110597.625085832,2358.000068664551,114627,113889,1.0064799936780549
9,2026-02-01 01:41:50,110597.625085832,2360.00006904602,113195,112706,1.0043387219846325
9,2026-02-01 01:41:50,110597.625085832,2362.00006942749,111157,111588,0.9961375775172958
9,2026-02-01 01:41:50,110597.625085832,2364.00006980896,110141,110108,1.000299705743452
9,2026-02-01 01:41:50,110597.625085832,2366.0000701904296,108982,109366,0.9964888539399813
9,2026-02-01 01:41:50,110597.625085832,2368.0000705718994,108004,107584,1.0039039262343843
9,2026-02-01 01:41:50,110597.625085832,2370.000070953369,107016,107891,0.9918899630182314
9,2026-02-01 01:41:50,110597.625085832,2372.0000713348386,107291,106864,1.0039957328941458
9,2026-02-01 01:41:50,110597.625085832,2374.0000717163084,106055,106959,0.991548163314915
9,2026-02-01 01:41:50,110597.625085832,2376.0000720977782,106527,106689,0.9984815679217164
9,2026-02-01 01:41:50,110597.625085832,2378.000072479248,106049,106710,0.9938056414581576
9,2026-02-01 01:41:50,110597.625085832,2380.0000728607174,106424,107258,0.9922243562251767
9,2026-02-01 01:41:50,110597.625085832,2382.000073242187,107388,107445,0.9994694960212201
9,2026-02-01 01:41:50,110597.625085832,2384.000073623657,107181,109261,0.9809630151655211
9,2026-02-01 01:41:50,110597.625085832,2386.000074005127,108688,109954,0.9884860941848409
9,2026-02-01 01:41:50,110597.625085832,2388.0000743865967,109493,110711,0.9889983831778233
9,2026-02-01 01:41:50,110597.625085832,2390.000074768066,110579,111694,0.9900173688828406
9,2026-02-01 01:41:50,110597.625085832,2392.000075149536,111837,112784,0.9916034189246702
9,2026-02-01 01:41:50,110597.625085832,2394.0000755310057,112742,114412,0.9854036289899661
9,2026-02-01 01:41:50,110597.625085832,2396.0000759124755,114624,115091,0.9959423412777715
9,2026-02-01 01:41:50,110597.625085832,2398.0000762939453,114464,116025,0.9865460030165912
9,2026-02-01 01:41:50,110597.625085832,2400.0000766754147,115857,116197,0.99707393478317
9,2026-02-01 01:41:50,110597.625085832,2402.0000770568845,116289,117468,0.989963224026969
9,2026-02-01 01:41:50,110597.625085832,2404.0000774383543,117278,117960,0.9942183791115632
9,2026-02-01 01:41:50,110597.625085832,2406.000077819824,117758,119650,0.9841872127037192
9,2026-02-01 01:41:50,110597.625085832,2408.000078201294,118342,119292,0.9920363477852664
9,2026-02-01 01:41:50,110597.625085832,2410.0000785827633,118671,119929,0.9895104603557104
9,2026-02-01 01:41:50,110597.625085832,2412.000078964233,118712,120381,0.9861356858640483
9,2026-02-01 01:41:50,110597.625085832,2414.000079345703,120033,120613,0.9951912314592954
9,2026-02-01 01:41:50,110597.625085832,2416.0000797271728,120458,120748,0.9975983039056547
9,2026-02-01 01:41:50,110597.625085832,2418.0000801086426,120848,120906,0.9995202884885779
9,2026-02-01 01:41:50,110597.625085832,2420.000080490112,120597,121210,0.9949426614965762
9,2026-02-01 01:41:50,110597.625085832,2422.0000808715818,120296,121623,0.9890892347664504
9,2026-02-01 01:41:50,110597.625085832,2424.0000812530516,120441,121045,0.9950101202032302
9,2026-02-01 01:41:50,110597.625085832,2426.0000816345214,120632,120708,0.9993703814163104
9,2026-02-01 01:41:50,110597.625085832,2428.000082015991,120800,120677,1.0010192497327577
9,2026-02-01 01:41:50,110597.625085832,2430.0000823974606,119459,121423,0.9838251402123156
9,2026-02-01 01:41:50,110597.625085832,2432.0000827789304,119840,121677,0.98490265210352
9,2026-02-01 01:41:50,110597.625085832,2434.0000831604,119866,119935,0.9994246883728687
9,2026-02-01 01:41:50,110597.625085832,2436.00008354187,118836,120178,0.9888332307077835
9,2026-02-01 01:41:50,110597.625085832,2438.00008392334,120098,121186,0.9910220652550624
9,2026-02-01 01:41:50,110597.625085832,2440.000084304809,120015,120338,0.9973158935664544
9,2026-02-01 01:41:50,110597.625085832,2442.000084686279,119109,119806,0.9941822613224713
9,2026-02-01 01:41:50,110597.625085832,2444.000085067749,119342,119154,1.0015777900867784
9,2026-02-01 01:41:50,110597.625085832,2446.0000854492187,118348,118177,1.001446982069269
9,2026-02-01 01:41:50,110597.625085832,2448.0000858306885,117697,117652,1.0003824839356747
9,2026-02-01 01:41:50,110597.625085832,2450.000086212158,118300,117226,1.0091617900465768
9,2026-02-01 01:41:50,110597.625085832,2452.0000865936277,116199,116986,0.9932726992973518
9,2026-02-01 01:41:50,110597.625085832,2454.0000869750975,115740,115901,0.9986108834263725
9,2026-02-01 01:41:50,110597.625085832,2456.0000873565673,114779,113816,1.0084610248119772
9,2026-02-01 01:41:50,110597.625085832,2458.000087738037,113255,114194,0.9917771511638089
9,2026-02-01 01:41:50,110597.625085832,2460.0000881195065,113146,112864,1.0024985823646158
9,2026-02-01 01:41:50,110597.625085832,2462.0000885009763,111315,112193,0.9921741998163879
9,2026-02-01 01:41:50,110597.625085832,2464.000088882446,110378,110385,0.9999365855868098
9,2026-02-01 01:41:50,110597.625085832,2466.000089263916,109641,109609,1.0002919468291838
9,2026-02-01 01:41:50,110597.625085832,2468.0000896453857,108966,109374,0.9962696801799331
9,2026-02-01 01:41:50,110597.625085832,2470.000090026855,108204,108129,1.000693615958716
9,2026-02-01 01:41:50,110597.625085832,2472.000090408325,107889,108123,0.9978357981188092
9,2026-02-01 01:41:50,110597.625085832,2474.0000907897947,107293,108059,0.9929112799489168
9,2026-02-01 01:41:50,110597.625085832,2476.0000911712646,108084,107888,1.0018166987987542
9,2026-02-01 01:41:50,110597.625085832,2478.0000915527344,107433,108123,0.9936183790682833
9,2026-02-01 01:41:50,110597.625085832,2480.0000919342037,107141,108312,0.9891886402245366
9,2026-02-01 01:41:50,110597.625085832,2482.0000923156736,108377,108998,0.9943026477550047
9,2026-02-01 01:41:50,110597.625085832,2484.0000926971434,109453,109980,0.9952082196763048
9,2026-02-01 01:41:50,110597.625085832,2486.000093078613,109562,111280,0.9845614665708123
9,2026-02-01 01:41:50,110597.625085832,2488.000093460083,110645,111641,0.9910785464121604
9,2026-02-01 01:41:50,110597.625085832,2490.0000938415524,111039,112784,0.984527947226557
9,2026-02-01 01:41:50,110597.625085832,2492.000094223022,112349,113648,0.9885699704350275
9,2026-02-01 01:41:50,110597.625085832,2494.000094604492,113777,115043,0.988995419104161
9,2026-02-01 01:41:50,110597.625085832,2496.000094985962,114596,116075,0.9872582382080551
9,2026-02-01 01:41:50,110597.625085832,2498.0000953674316,115986,117419,0.9877958422401826
9,2026-02-01 01:41:50,110597.625085832,2500.000095748901,116949,117466,0.9955987264399911
9,2026-02-01 01:41:50,110597.625085832,2502.000096130371,118294,119602,0.9890637280313038
9,2026-02-01 01:41:50,110597.625085832,2504.0000965118406,119226,120044,0.9931858318616508
9,2026-02-01 01:41:50,110597.625085832,2506.0000968933105,120163,120724,0.9953530366787051
9,2026-02-01 01:41:50,110597.625085832,2508.0000972747803,120931,121592,0.994563787091256
9,2026-02-01 01:41:50,110597.625085832,2510.0000976562496,121496,122272,0.9936534938497775
9,2026-02-01 01:41:50,110597.625085832,2512.0000980377195,122024,122615,0.9951800350691188
9,2026-02-01 01:41:50,110597.625085832,2514.0000984191893,122552,123139,0.9952330293408262
9,2026-02-01 01:41:50,110597.625085832,2516.000098800659,122485,122814,0.9973211523116257
9,2026-02-01 01:41:50,110597.625085832,2518.000099182129,122188,122472,0.9976811026193743
9,2026-02-01 01:41:50,110597.625085832,2520.0000995635983,122227,122437,0.9982848321994169
9,2026-02-01 01:41:50,110597.625085832,2522.000099945068,121654,122390,0.9939864368003922
9,2026-02-01 01:41:50,110597.625085832,2524.000100326538,121003,121172,0.998605288350444
9,2026-02-01 01:41:50,110597.625085832,2526.0001007080077,121207,120994,1.0017604178719606
9,2026-02-01 01:41:50,110597.625085832,2528.0001010894775,119664,120626,0.9920249365808367
9,2026-02-01 01:41:50,110597.625085832,2530.000101470947,119614,120075,0.9961607328752863
9,2026-02-01 01:41:50,110597.625085832,2532.0001018524167,119629,118811,1.006884884396226
9,2026-02-01 01:41:50,110597.625085832,2534.0001022338865,118252,118619,0.9969060605805141
9,2026-02-01 01:41:50,110597.625085832,2536.0001026153564,117292,118415,0.9905164041717688
9,2026-02-01 01:41:50,110597.625085832,2538.000102996826,116409,117024,0.9947446677604594
9,2026-02-01 01:41:50,110597.625085832,2540.0001033782955,116498,116752,0.9978244484034535
9,2026-02-01 01:41:50,110597.625085832,2542.0001037597654,115526,116146,0.9946618910681384
9,2026-02-01 01:41:50,110597.625085832,2544.000104141235,115073,115310,0.9979446708871738
9,2026-02-01 01:41:50,110597.625085832,2546.000104522705,114212,115254,0.9909590990334392
9,2026-02-01 01:41:50,110597.625085832,2548.000104904175,114087,113511,1.0050743980759573
9,2026-02-01 01:41:50,110597.625085832,2550.000105285644,113425,113555,0.9988551803091014
9,2026-02-01 01:41:50,110597.625085832,2552.000105667114,112227,112911,0.993942131413237
9,2026-02-01 01:41:50,110597.625085832,2554.000106048584,112294,112612,0.9971761446382268
9,2026-02-01 01:41:50,110597.625085832,2556.0001064300536,111646,112257,0.9945571322946454
9,2026-02-01 01:41:50,110597.625085832,2558.0001068115234,111369,111408,0.9996499353726842
9,2026-02-01 01:41:50,110597.625085832,2560.000107192993,110461,111458,0.9910549265194064
9,2026-02-01 01:41:50,110597.625085832,2562.0001075744626,110640,111930,0.9884749396944519
9,2026-02-01 01:41:50,110597.625085832,2564.0001079559324,110548,110861,0.9971766446270555
9,2026-02-01 01:41:50,110597.625085832,2566.0001083374023,109926,111309,0.9875751286957928
9,2026-02-01 01:41:50,110597.625085832,2568.000108718872,111244,111427,0.9983576691466162
9,2026-02-01 01:41:50,110597.625085832,2570.0001091003414,110862,111989,0.9899365116216772
9,2026-02-01 01:41:50,110597.625085832,2572.0001094818113,110489,111103,0.9944735965725497
9,2026-02-01 01:41:50,110597.625085832,2574.000109863281,110807,112102,0.988448020552711
9,2026-02-01 01:41:50,110597.625085832,2576.000110244751,110593,112060,0.9869087988577547
9,2026-02-01 01:41:50,110597.625085832,2578.0001106262207,111027,111705,0.9939304417886398
9,2026-02-01 01:41:50,110597.625085832,2580.00011100769,111598,112630,0.99083725472787
9,2026-02-01 01:41:50,110597.625085832,2582.00011138916,110679,112296,0.9856005556742894
9,2026-02-01 01:41:50,110597.625085832,2584.0001117706297,110717,112173,0.9870200493879989
9,2026-02-01 01:41:50,110597.625085832,2586.0001121520995,111540,112795,0.988873620284587
9,2026-02-01 01:41:50,110597.625085832,2588.0001125335693,111214,113579,0.9791774887963444
9,2026-02-01 01:41:50,110597.625085832,2590.0001129150387,112469,113675,0.9893908071255773
9,2026-02-01 01:41:50,110597.625085832,2592.0001132965085,112151,114193,0.9821179932220013
9,2026-02-01 01:41:50,110597.625085832,2594.0001136779783,111803,115206,0.9704616079023662
9,2026-02-01 01:41:50,110597.625085832,2596.000114059448,112007,116087,0.9648539457475859
9,2026-02-01 01:41:50,110597.625085832,2598.000114440918,111634,116416,0.9589231720725674
9,2026-02-01 01:41:50,110597.625085832,2600.0001148223873,111270,117500,0.9469787234042554
9,2026-02-01 01:41:50,110597.625085832,2602.000115203857,110432,118658,0.9306747121980818
9,2026-02-01 01:41:50,110597.625085832,2604.000115585327,109098,118743,0.9187741593188651
9,2026-02-01 01:41:50,110597.625085832,2606.000115966797,107540,119618,0.8990285742948386
9,2026-02-01 01:41:50,110597.625085832,2608.0001163482666,108494,120920,0.8972378432021171
9,2026-02-01 01:41:50,110597.625085832,2610.000116729736,109562,121913,0.8986900494615012
9,2026-02-01 01:41:50,110597.625085832,2612.000117111206,112692,122500,0.919934693877551
9,2026-02-01 01:41:50,110597.625085832,2614.0001174926756,115199,122647,0.9392728725529365
9,2026-02-01 01:41:50,110597.625085832,2616.0001178741454,118290,122781,0.9634226794047939
9,2026-02-01 01:41:50,110597.625085832,2618.0001182556152,119290,123145,0.9686954403345649
9,2026-02-01 01:41:50,110597.625085832,2620.0001186370846,120041,122863,0.9770313275762434
9,2026-02-01 01:41:50,110597.625085832,2622.0001190185544,121572,122267,0.9943157188775386
9,2026-02-01 01:41:50,110597.625085832,2624.0001194000242,120729,123239,0.9796330707000219
9,2026-02-01 01:41:50,110597.625085832,2626.000119781494,120309,122244,0.9841710022577795
9,2026-02-01 01:41:50,110597.625085832,2628.000120162964,120552,121447,0.992630530190124
9,2026-02-01 01:41:50,110597.625085832,2630.0001205444332,119344,120544,0.9900451287496682
9,2026-02-01 01:41:50,110597.625085832,2632.000120925903,119426,119641,0.9982029571802309
9,2026-02-01 01:41:50,110597.625085832,2634.000121307373,118875,119625,0.9937304075235109
9,2026-02-01 01:41:50,110597.625085832,2636.0001216888427,117469,118552,0.9908647682029826
9,2026-02-01 01:41:50,110597.625085832,2638.0001220703125,116224,116676,0.9961260242037779
9,2026-02-01 01:41:50,110597.625085832,2640.000122451782,116221,115996,1.0019397220593813
9,2026-02-01 01:41:50,110597.625085832,2642.0001228332517,114578,114739,0.9985968153809951
9,2026-02-01 01:41:50,110597.625085832,2644.0001232147215,113733,112977,1.0066916274994024
9,2026-02-01 01:41:50,110597.625085832,2646.0001235961913,111719,112879,0.9897235092444121
9,2026-02-01 01:41:50,110597.625085832,2648.000123977661,110981,110394,1.0053173179701795
9,2026-02-01 01:41:50,110597.625085832,2650.0001243591305,109110,109651,0.9950661644672644
9,2026-02-01 01:41:50,110597.625085832,2652.0001247406003,108748,108689,1.0005428332213933
9,2026-02-01 01:41:50,110597.625085832,2654.00012512207,107578,108561,0.9909451828925673
9,2026-02-01 01:41:50,110597.625085832,2656.00012550354,107991,108069,0.9992782389029231
9,2026-02-01 01:41:50,110597.625085832,2658.0001258850098,107535,108066,0.9950863361279219
9,2026-02-01 01:41:50,110597.625085832,2660.000126266479,106738,107018,0.9973836177091704
9,2026-02-01 01:41:50,110597.625085832,2662.000126647949,107269,107656,0.9964052166158877
9,2026-02-01 01:41:50,110597.625085832,2664.0001270294188,107241,107889,0.9939938269888496
9,2026-02-01 01:41:50,110597.625085832,2666.0001274108886,107586,108460,0.9919417296699244
9,2026-02-01 01:41:50,110597.625085832,2668.0001277923584,108271,109048,0.9928746973809699
9,2026-02-01 01:41:50,110597.625085832,2670.0001281738278,109383,110403,0.9907611206217223
9,2026-02-01 01:41:50,110597.625085832,2672.0001285552976,110118,110891,0.9930291908270283
9,2026-02-01 01:41:50,110597.625085832,2674.0001289367674,111524,111998,0.995767781567528
9,2026-02-01 01:41:50,110597.625085832,2676.000129318237,111687,112640,0.9915394176136364
9,2026-02-01 01:41:50,110597.625085832,2678.000129699707,112131,113979,0.9837864869844445
9,2026-02-01 01:41:50,110597.625085832,2680.0001300811764,113120,114251,0.9901007431007168
9,2026-02-01 01:41:50,110597.625085832,2682.000130462646,114293,115146,0.9925920136174943
9,2026-02-01 01:41:50,110597.625085832,2684.000130844116,115395,116184,0.9932090477174138
9,2026-02-01 01:41:50,110597.625085832,2686.000131225586,116131,116590,0.9960631271978729
9,2026-02-01 01:41:50,110597.625085832,2688.0001316070557,117158,117971,0.993108475811852
9,2026-02-01 01:41:50,110597.625085832,2690.000131988525,117650,118605,0.9919480628978542
9,2026-02-01 01:41:50,110597.625085832,2692.000132369995,117287,117837,0.9953325356212395
9,2026-02-01 01:41:50,110597.625085832,2694.0001327514647,118532,119846,0.989035929442785
9,2026-02-01 01:41:50,110597.625085832,2696.0001331329345,118814,120040,0.989786737754082
9,2026-02-01 01:41:50,110597.625085832,2698.0001335144043,118754,119703,0.9920720449779872
9,2026-02-01 01:41:50,110597.625085832,2700.0001338958737,119711,120425,0.9940709985468134
9,2026-02-01 01:41:50,110597.625085832,2702.0001342773435,119182,120478,0.9892428493168878
9,2026-02-01 01:41:50,110597.625085832,2704.0001346588133,119348,120262,0.992399926826429
9,2026-02-01 01:41:50,110597.625085832,2706.000135040283,120074,120480,0.9966301460823374
9,2026-02-01 01:41:50,110597.625085832,2708.000135421753,119684,120340,0.9945487784610271
9,2026-02-01 01:41:50,110597.625085832,2710.0001358032223,120179,120423,0.997973808989977
9,2026-02-01 01:41:50,110597.625085832,2712.000136184692,119362,120611,0.9896443939607499
9,2026-02-01 01:41:50,110597.625085832,2714.000136566162,119637,120308,0.9944226485354257
9,2026-02-01 01:41:50,110597.625085832,2716.0001369476317,119923,119882,1.0003420029695869
9,2026-02-01 01:41:50,110597.625085832,2718.0001373291016,119923,119970,0.9996082353921814
9,2026-02-01 01:41:50,110597.625085832,2720.000137710571,119175,119395,0.9981573767745718
9,2026-02-01 01:41:50,110597.625085832,2722.0001380920407,119412,119388,1.0002010252286662
9,2026-02-01 01:41:50,110597.625085832,2724.0001384735106,118364,119153,0.9933782615628646
9,2026-02-01 01:41:50,110597.625085832,2726.0001388549804,118677,118967,0.9975623492228938
9,2026-02-01 01:41:50,110597.625085832,2728.00013923645,117490,117954,0.9960662631195212
9,2026-02-01 01:41:50,110597.625085832,2730.0001396179196,117345,117244,1.0008614513322642
9,2026-02-01 01:41:50,110597.625085832,2732.0001399993894,116857,117007,0.9987180254172827
9,2026-02-01 01:41:50,110597.625085832,2734.000140380859,116058,116601,0.995343093112409
9,2026-02-01 01:41:50,110597.625085832,2736.000140762329,114920,115413,0.9957283841508322
9,2026-02-01 01:41:50,110597.625085832,2738.000141143799,113949,114439,0.9957182429067014
9,2026-02-01 01:41:50,110597.625085832,2740.000141525268,113030,113865,0.9926667544899662
9,2026-02-01 01:41:50,110597.625085832,2742.000141906738,112356,112086,1.0024088646218083
9,2026-02-01 01:41:50,110597.625085832,2744.000142288208,112335,111123,1.0109068329688724
9,2026-02-01 01:41:50,110597.625085832,2746.0001426696776,110609,110752,0.9987088269286334
9,2026-02-01 01:41:50,110597.625085832,2748.0001430511475,109573,109480,1.0008494702228719
9,2026-02-01 01:41:50,110597.625085832,2750.000143432617,108892,109260,0.9966318872414425
9,2026-02-01 01:41:50,110597.625085832,2752.0001438140866,108156,108195,0.9996395397199501
9,2026-02-01 01:41:50,110597.625085832,2754.0001441955565,107742,107486,1.0023817055244404
9,2026-02-01 01:41:50,110597.625085832,2756.0001445770263,106979,107549,0.9947000901914477
9,2026-02-01 01:41:50,110597.625085832,2758.000144958496,106957,107713,0.9929813485837364
9,2026-02-01 01:41:50,110597.625085832,2760.0001453399655,106633,107248,0.9942656273310458
9,2026-02-01 01:41:50,110597.625085832,2762.0001457214353,106897,108175,0.9881858100300439
9,2026-02-01 01:41:50,110597.625085832,2764.000146102905,106904,108578,0.984582512111109
9,2026-02-01 01:41:50,110597.625085832,2766.000146484375,107886,109161,0.9883200043971748
9,2026-02-01 01:41:50,110597.625085832,2768.0001468658447,108158,109676,0.9861592326488932
9,2026-02-01 01:41:50,110597.625085832,2770.000147247314,109280,110673,0.9874133709215437
9,2026-02-01 01:41:50,110597.625085832,2772.000147628784,110367,110866,0.9954990709505168
9,2026-02-01 01:41:50,110597.625085832,2774.0001480102537,111539,112383,0.9924899673438153
9,2026-02-01 01:41:50,110597.625085832,2776.0001483917235,112156,113869,0.9849563972635221
9,2026-02-01 01:41:50,110597.625085832,2778.0001487731934,113985,114598,0.9946508665072689
9,2026-02-01 01:41:50,110597.625085832,2780.0001491546627,114513,116484,0.9830792211805913
9,2026-02-01 01:41:50,110597.625085832,2782.0001495361325,115863,116870,0.991383588602721
9,2026-02-01 01:41:50,110597.625085832,2784.0001499176024,116580,117505,0.9921279945534233
9,2026-02-01 01:41:50,110597.625085832,2786.000150299072,117738,118545,0.9931924585600405
9,2026-02-01 01:41:50,110597.625085832,2788.000150680542,118453,119825,0.9885499687043605
9,2026-02-01 01:41:50,110597.625085832,2790.0001510620114,120267,120190,1.0006406523005242
9,2026-02-01 01:41:50,110597.625085832,2792.000151443481,120209,121063,0.9929458215970197
9,2026-02-01 01:41:50,110597.625085832,2794.000151824951,120430,121947,0.9875601695818675
9,2026-02-01 01:41:50,110597.625085832,2796.000152206421,121216,121159,1.0004704561774198
9,2026-02-01 01:41:50,110597.625085832,2798.0001525878906,121230,122415,0.9903198137483151
9,2026-02-01 01:41:50,110597.625085832,2800.00015296936,121674,122246,0.9953209102956334
9,2026-02-01 01:41:50,110597.625085832,2802.00015335083,120596,121848,0.989724903158033
9,2026-02-01 01:41:50,110597.625085832,2804.0001537322996,121000,121893,0.9926739025210636
9,2026-02-01 01:41:50,110597.625085832,2806.0001541137694,121447,121339,1.000890068320985
9,2026-02-01 01:41:50,110597.625085832,2808.0001544952393,121106,122213,0.9909420438087602
9,2026-02-01 01:41:50,110597.625085832,2810.0001548767086,120254,120644,0.9967673485627134
9,2026-02-01 01:41:50,110597.625085832,2812.0001552581784,119900,120277,0.9968655686457095
9,2026-02-01 01:41:50,110597.625085832,2814.0001556396483,119174,118838,1.002827378447971
9,2026-02-01 01:41:50,110597.625085832,2816.000156021118,117752,118898,0.990361486316002
9,2026-02-01 01:41:50,110597.625085832,2818.000156402588,117481,117608,0.9989201414869737
9,2026-02-01 01:41:50,110597.625085832,2820.0001567840573,116876,116965,0.9992390886162528
9,2026-02-01 01:41:50,110597.625085832,2822.000157165527,116099,115414,1.0059351551804807
9,2026-02-01 01:41:50,110597.625085832,2824.000157546997,114418,114880,0.9959784122562674
9,2026-02-01 01:41:50,110597.625085832,2826.0001579284667,113675,113748,0.999358230474382
9,2026-02-01 01:41:50,110597.625085832,2828.0001583099365,112887,112884,1.0000265759540767
9,2026-02-01 01:41:50,110597.625085832,2830.000158691406,112596,112324,1.0024215661835405
9,2026-02-01 01:41:50,110597.625085832,2832.0001590728757,110510,110394,1.0010507817453846
9,2026-02-01 01:41:50,110597.625085832,2834.0001594543455,109797,110320,0.9952592458303118
9,2026-02-01 01:41:50,110597.625085832,2836.0001598358153,108994,109195,0.9981592563762077
9,2026-02-01 01:41:50,110597.625085832,2838.000160217285,107728,107824,0.9991096601869713
9,2026-02-01 01:41:50,110597.625085832,2840.0001605987545,106335,106942,0.9943240261076097
9,2026-02-01 01:41:50,110597.625085832,2842.0001609802243,106091,106004,1.0008207237462736
9,2026-02-01 01:41:50,110597.625085832,2844.000161361694,105297,105695,0.9962344481763565
9,2026-02-01 01:41:50,110597.625085832,2846.000161743164,104738,104437,1.002882120321342
9,2026-02-01 01:41:50,110597.625085832,2848.000162124634,103340,104125,0.9924609843937575
9,2026-02-01 01:41:50,110597.625085832,2850.000162506103,103893,104095,0.9980594649118594
9,2026-02-01 01:41:50,110597.625085832,2852.000162887573,103374,104503,0.9891964823976345
9,2026-02-01 01:41:50,110597.625085832,2854.000163269043,103057,104580,0.9854369860393957
9,2026-02-01 01:41:50,110597.625085832,2856.0001636505126,104700,105082,0.9963647437239489
9,2026-02-01 01:41:50,110597.625085832,2858.0001640319824,105079,106026,0.9910682285477147
9,2026-02-01 01:41:50,110597.625085832,2860.000164413452,105238,106498,0.9881687919021953
9,2026-02-01 01:41:50,110597.625085832,2862.0001647949216,106934,108006,0.9900746254837695
9,2026-02-01 01:41:50,110597.625085832,2864.0001651763914,108342,110242,0.982765189310789
9,2026-02-01 01:41:50,110597.625085832,2866.0001655578612,110055,110381,0.9970465931636785
9,2026-02-01 01:41:50,110597.625085832,2868.000165939331,110551,112390,0.9836373342824095
9,2026-02-01 01:41:50,110597.625085832,2870.0001663208004,112223,113594,0.9879307005651707
9,2026-02-01 01:41:50,110597.625085832,2872.0001667022702,113973,114622,0.9943379106977718
9,2026-02-01 01:41:50,110597.625085832,2874.00016708374,115170,116190,0.9912212754970308
9,2026-02-01 01:41:50,110597.625085832,2876.00016746521,116631,117373,0.9936782735382073
9,2026-02-01 01:41:50,110597.625085832,2878.0001678466797,116995,118662,0.985951694729568
9,2026-02-01 01:41:50,110597.625085832,2880.000168228149,117751,118876,0.9905363572125576
9,2026-02-01 01:41:50,110597.625085832,2882.000168609619,118356,119856,0.9874849819783741
9,2026-02-01 01:41:50,110597.625085832,2884.0001689910887,118911,119680,0.9935745320855615
9,2026-02-01 01:41:50,110597.625085832,2886.0001693725585,119547,121035,0.9877060354442929
9,2026-02-01 01:41:50,110597.625085832,2888.0001697540283,119436,119922,0.995947365787762
9,2026-02-01 01:41:50,110597.625085832,2890.0001701354977,119784,120859,0.9911053376248355
9,2026-02-01 01:41:50,110597.625085832,2892.0001705169675,119814,121271,0.9879855860015997
9,2026-02-01 01:41:50,110597.625085832,2894.0001708984373,119967,120424,0.9962050754002525
9,2026-02-01 01:41:50,110597.625085832,2896.000171279907,119657,120661,0.9916791672537109
9,2026-02-01 01:41:50,110597.625085832,2898.000171661377,120380,120626,0.9979606386682804
9,2026-02-01 01:41:50,110597.625085832,2900.0001720428463,120380,120490,0.9990870611669018
9,2026-02-01 01:41:50,110597.625085832,2902.000172424316,119532,119820,0.9975963945918879
9,2026-02-01 01:41:50,110597.625085832,2904.000172805786,119567,119979,0.9965660657281691
9,2026-02-01 01:41:50,110597.625085832,2906.0001731872558,119077,119440,0.9969608171466845
9,2026-02-01 01:41:50,110597.625085832,2908.0001735687256,119193,119153,1.0003357028358497
9,2026-02-01 01:41:50,110597.625085832,2910.000173950195,117910,118866,0.9919573301028048
9,2026-02-01 01:41:50,110597.625085832,2912.0001743316648,117711,118525,0.9931322505800464
9,2026-02-01 01:41:50,110597.625085832,2914.0001747131346,116746,116769,0.9998030299137614
9,2026-02-01 01:41:50,110597.625085832,2916.0001750946044,116298,115929,1.0031829826876795
9,2026-02-01 01:41:50,110597.625085832,2918.000175476074,115340,115296,1.0003816264224257
9,2026-02-01 01:41:50,110597.625085832,2920.0001758575436,113614,113049,1.0049978327981672
9,2026-02-01 01:41:50,110597.625085832,2922.0001762390134,112150,112512,0.9967825654152446
9,2026-02-01 01:41:50,110597.625085832,2924.000176620483,110778,110700,1.0007046070460706
9,2026-02-01 01:41:50,110597.625085832,2926.000177001953,109711,109924,0.998062297587424
9,2026-02-01 01:41:50,110597.625085832,2928.000177383423,108926,109326,0.9963412180085249
9,2026-02-01 01:41:50,110597.625085832,2930.000177764892,106977,107384,0.9962098636668405
9,2026-02-01 01:41:50,110597.625085832,2932.000178146362,106071,106352,0.9973578306002708
9,2026-02-01 01:41:50,110597.625085832,2934.000178527832,104647,105735,0.9897101243675226
9,2026-02-01 01:41:50,110597.625085832,2936.0001789093017,103806,104475,0.9935965541995693
9,2026-02-01 01:41:50,110597.625085832,2938.0001792907715,103764,103694,1.0006750631666248
9,2026-02-01 01:41:50,110597.625085832,2940.000179672241,102722,103699,0.9905785012391634
9,2026-02-01 01:41:50,110597.625085832,2942.0001800537107,103059,102696,1.0035347043701799
9,2026-02-01 01:41:50,110597.625085832,2944.0001804351805,103252,103567,0.9969584906389101
9,2026-02-01 01:41:50,110597.625085832,2946.0001808166503,103352,103895,0.9947735694691756
9,2026-02-01 01:41:50,110597.625085832,2948.00018119812,103283,104034,0.9927812061441452
9,2026-02-01 01:41:50,110597.625085832,2950.0001815795895,104255,105252,0.9905274959145669
9,2026-02-01 01:41:50,110597.625085832,2952.0001819610593,104598,106266,0.984303540172774
9,2026-02-01 01:41:50,110597.625085832,2954.000182342529,105917,106984,0.9900265460255739
9,2026-02-01 01:41:50,110597.625085832,2956.000182723999,107461,108529,0.9901593122575533
9,2026-02-01 01:41:50,110597.625085832,2958.0001831054688,108336,109637,0.9881335680472834
9,2026-02-01 01:41:50,110597.625085832,2960.000183486938,109498,111868,0.978814316873458
9,2026-02-01 01:41:50,110597.625085832,2962.000183868408,111715,113506,0.9842210984441351
9,2026-02-01 01:41:50,110597.625085832,2964.0001842498777,112865,114686,0.9841218631742322
9,2026-02-01 01:41:50,110597.625085832,2966.0001846313476,114575,116087,0.9869752857770465
9,2026-02-01 01:41:50,110597.625085832,2968.0001850128174,115628,117183,0.9867301571046995
9,2026-02-01 01:41:50,110597.625085832,2970.0001853942867,116786,118200,0.9880372250423012
9,2026-02-01 01:41:50,110597.625085832,2972.0001857757566,118288,119498,0.9898743075197911
9,2026-02-01 01:41:50,110597.625085832,2974.0001861572264,119360,120293,0.9922439377187368
9,2026-02-01 01:41:50,110597.625085832,2976.000186538696,119248,121519,0.9813115644467121
9,2026-02-01 01:41:50,110597.625085832,2978.000186920166,119566,122424,0.9766549042671372
9,2026-02-01 01:41:50,110597.625085832,2980.0001873016354,120194,122471,0.9814078434894792
9,2026-02-01 01:41:50,110597.625085832,2982.000187683105,120811,122528,0.9859868764690519
9,2026-02-01 01:41:50,110597.625085832,2984.000188064575,121146,122990,0.9850069111309863
9,2026-02-01 01:41:50,110597.625085832,2986.000188446045,121362,122960,0.9870039037085231
9,2026-02-01 01:41:50,110597.625085832,2988.0001888275146,121310,122223,0.9925300475360611
9,2026-02-01 01:41:50,110597.625085832,2990.000189208984,121429,122612,0.9903516784654031
9,2026-02-01 01:41:50,110597.625085832,2992.000189590454,121118,122204,0.9911132205165134
9,2026-02-01 01:41:50,110597.625085832,2994.0001899719236,120557,121354,0.9934324373321027
9,2026-02-01 01:41:50,110597.625085832,2996.0001903533935,120009,122169,0.9823195737052771
9,2026-02-01 01:41:50,110597.625085832,2998.0001907348633,119374,121210,0.9848527349228612
9,2026-02-01 01:41:50,110597.625085832,3000.0001911163326,118784,120207,0.988162087066477
9,2026-02-01 01:41:50,110597.625085832,3002.0001914978025,118110,120329,0.9815588927025073
9,2026-02-01 01:41:50,110597.625085832,3004.0001918792723,116514,119120,0.9781229012760242
9,2026-02-01 01:41:50,110597.625085832,3006.000192260742,117140,118412,0.9892578454886329
9,2026-02-01 01:41:50,110597.625085832,3008.000192642212,116047,116792,0.9936211384341394
9,2026-02-01 01:41:50,110597.625085832,3010.0001930236813,114772,115948,0.9898575223375996
9,2026-02-01 01:41:50,110597.625085832,3012.000193405151,113895,114752,0.9925317205800335
9,2026-02-01 01:41:50,110597.625085832,3014.000193786621,112510,113988,0.987033722848019
9,2026-02-01 01:41:50,110597.625085832,3016.0001941680907,111952,113230,0.9887132385410227
9,2026-02-01 01:41:50,110597.625085832,3018.0001945495605,110671,112174,0.9866011731773852
9,2026-02-01 01:41:50,110597.625085832,3020.00019493103,109302,111341,0.9816868898249522
9,2026-02-01 01:41:50,110597.625085832,3022.0001953124997,109196,110895,0.9846792010460346
9,2026-02-01 01:41:50,110597.625085832,3024.0001956939695,107826,109391,0.9856935214048688
9,2026-02-01 01:41:50,110597.625085832,3026.0001960754394,107980,108808,0.9923902654216602
9,2026-02-01 01:41:50,110597.625085832,3028.000196456909,107251,107761,0.9952673044979167
9,2026-02-01 01:41:50,110597.625085832,3030.0001968383785,106547,107321,0.9927879911666868
9,2026-02-01 01:41:50,110597.625085832,3032.0001972198484,106255,107562,0.9878488685595285
9,2026-02-01 01:41:50,110597.625085832,3034.000197601318,105708,107452,0.983769497077765
9,2026-02-01 01:41:50,110597.625085832,3036.000197982788,106210,107405,0.9888738885526744
9,2026-02-01 01:41:50,110597.625085832,3038.000198364258,105767,107577,0.9831748422060478
9,2026-02-01 01:41:50,110597.625085832,3040.000198745727,106268,107705,0.9866580010213082
9,2026-02-01 01:41:50,110597.625085832,3042.000199127197,106160,107903,0.98384660296748
9,2026-02-01 01:41:50,110597.625085832,3044.000199508667,106225,108483,0.9791856788621258
9,2026-02-01 01:41:50,110597.625085832,3046.0001998901366,107839,109272,0.9868859360128853
9,2026-02-01 01:41:50,110597.625085832,3048.0002002716064,108033,109826,0.9836741755139948
9,2026-02-01 01:41:50,110597.625085832,3050.000200653076,107977,110462,0.9775035758903514
9,2026-02-01 01:41:50,110597.625085832,3052.0002010345456,108509,110517,0.9818308495525575
9,2026-02-01 01:41:50,110597.625085832,3054.0002014160154,110040,112241,0.9803904099215082
9,2026-02-01 01:41:50,110597.625085832,3056.0002017974853,110629,112688,0.9817283117989493
9,2026-02-01 01:41:50,110597.625085832,3058.000202178955,111507,113460,0.9827868852459016
9,2026-02-01 01:41:50,110597.625085832,3060.0002025604244,112206,114206,0.9824877852301981
9,2026-02-01 01:41:50,110597.625085832,3062.0002029418943,113176,116420,0.9721353719292218
9,2026-02-01 01:41:50,110597.625085832,3064.000203323364,114699,117410,0.9769099735967975
9,2026-02-01 01:41:50,110597.625085832,3066.000203704834,115671,118639,0.9749829314137847
9,2026-02-01 01:41:50,110597.625085832,3068.0002040863037,116514,119639,0.9738797549294127
9,2026-02-01 01:41:50,110597.625085832,3070.000204467773,118498,120802,0.9809274680882767
9,2026-02-01 01:41:50,110597.625085832,3072.000204849243,118578,121320,0.9773986152324431
9,2026-02-01 01:41:50,110597.625085832,3074.0002052307127,120307,122928,0.9786785760770532
9,2026-02-01 01:41:50,110597.625085832,3076.0002056121825,121591,123599,0.983753913866617
9,2026-02-01 01:41:50,110597.625085832,3078.0002059936523,121770,124348,0.9792678611638306
9,2026-02-01 01:41:50,110597.625085832,3080.0002063751217,122322,125002,0.9785603430345114
9,2026-02-01 01:41:50,110597.625085832,3082.0002067565915,121474,125310,0.9693879179634507
9,2026-02-01 01:41:50,110597.625085832,3084.0002071380613,122797,125276,0.9802116925827772
9,2026-02-01 01:41:50,110597.625085832,3086.000207519531,123013,125665,0.978896271833844
9,2026-02-01 01:41:50,110597.625085832,3088.000207901001,123088,124543,0.9883172880049461
9,2026-02-01 01:41:50,110597.625085832,3090.0002082824703,122850,125416,0.9795400905785546
9,2026-02-01 01:41:50,110597.625085832,3092.00020866394,122792,124084,0.9895876986557494
9,2026-02-01 01:41:50,110597.625085832,3094.00020904541,121430,123231,0.9853851709391306
9,2026-02-01 01:41:50,110597.625085832,3096.00020942688,121906,122365,0.9962489273893679
9,2026-02-01 01:41:50,110597.625085832,3098.0002098083496,119865,121229,0.9887485667620783
9,2026-02-01 01:41:50,110597.625085832,3100.000210189819,118422,120109,0.9859544247308695
9,2026-02-01 01:41:50,110597.625085832,3102.000210571289,117829,118931,0.9907341231470348
9,2026-02-01 01:41:50,110597.625085832,3104.0002109527586,116182,117492,0.9888503047015967
9,2026-02-01 01:41:50,110597.625085832,3106.0002113342284,115074,116525,0.9875477365372237
9,2026-02-01 01:41:50,110597.625085832,3108.0002117156982,114171,115182,0.9912225868625306
9,2026-02-01 01:41:50,110597.625085832,3110.0002120971676,113307,113684,0.996683790155167
9,2026-02-01 01:41:50,110597.625085832,3112.0002124786374,111594,113136,0.9863703860840051
9,2026-02-01 01:41:50,110597.625085832,3114.0002128601072,110229,111036,0.9927320868907381
9,2026-02-01 01:41:50,110597.625085832,3116.000213241577,108901,109347,0.995921241552123
9,2026-02-01 01:41:50,110597.625085832,3118.000213623047,107164,108174,0.9906631907852164
9,2026-02-01 01:41:50,110597.625085832,3120.0002140045162,105975,107225,0.9883422709256237
9,2026-02-01 01:41:50,110597.625085832,3122.000214385986,105797,106645,0.9920483848281683
9,2026-02-01 01:41:50,110597.625085832,3124.000214767456,105062,105279,0.9979388102090635
9,2026-02-01 01:41:50,110597.625085832,3126.0002151489257,104447,104908,0.9956056735425325
9,2026-02-01 01:41:50,110597.625085832,3128.0002155303955,104581,105937,0.9871999395867355
9,2026-02-01 01:41:50,110597.625085832,3130.000215911865,104012,106270,0.9787522348734355
9,2026-02-01 01:41:50,110597.625085832,3132.0002162933347,104199,106128,0.9818238353686115
9,2026-02-01 01:41:50,110597.625085832,3134.0002166748045,104786,106160,0.9870572720422005
9,2026-02-01 01:41:50,110597.625085832,3136.0002170562743,105281,107193,0.9821630143759388
9,2026-02-01 01:41:50,110597.625085832,3138.000217437744,106806,108249,0.9866696228140676
9,2026-02-01 01:41:50,110597.625085832,3140.0002178192135,107572,109402,0.9832727006818888
9,2026-02-01 01:41:50,110597.625085832,3142.0002182006833,108351,111145,0.9748616671915066
9,2026-02-01 01:41:50,110597.625085832,3144.000218582153,109233,112021,0.9751118093928817
9,2026-02-01 01:41:50,110597.625085832,3146.000218963623,110749,113056,0.9795941834135296
9,2026-02-01 01:41:50,110597.625085832,3148.000219345093,112591,114487,0.9834391677657726
9,2026-02-01 01:41:50,110597.625085832,3150.000219726562,113679,116019,0.9798308897680552
9,2026-02-01 01:41:50,110597.625085832,3152.000220108032,114823,115838,0.9912377630829261
9,2026-02-01 01:41:50,110597.625085832,3154.0002204895018,115418,117504,0.9822474128540305
9,2026-02-01 01:41:50,110597.625085832,3156.0002208709716,117384,118708,0.9888465815277825
9,2026-02-01 01:41:50,110597.625085832,3158.0002212524414,117679,118955,0.9892732545920726
9,2026-02-01 01:41:50,110597.625085832,3160.0002216339108,118635,119404,0.9935596797427222
9,2026-02-01 01:41:50,110597.625085832,3162.0002220153806,118975,120952,0.9836546729281037
9,2026-02-01 01:41:50,110597.625085832,3164.0002223968504,119191,121107,0.9841792794801292
9,2026-02-01 01:41:50,110597.625085832,3166.00022277832,120599,122056,0.9880628563937864
9,2026-02-01 01:41:50,110597.625085832,3168.00022315979,121275,122578,0.989370033774413
9,2026-02-01 01:41:50,110597.625085832,3170.0002235412594,120995,122407,0.9884647119854256
9,2026-02-01 01:41:50,110597.625085832,3172.000223922729,120952,123283,0.9810922836076345
9,2026-02-01 01:41:50,110597.625085832,3174.000224304199,121978,123107,0.9908291161347446
9,2026-02-01 01:41:50,110597.625085832,3176.000224685669,121618,122323,0.9942365703915045
9,2026-02-01 01:41:50,110597.625085832,3178.0002250671387,122412,122975,0.9954218337060378
9,2026-02-01 01:41:50,110597.625085832,3180.000225448608,121660,123005,0.9890654851428804
9,2026-02-01 01:41:50,110597.625085832,3182.000225830078,121463,121784,0.99736418577153
9,2026-02-01 01:41:50,110597.625085832,3184.0002262115477,121760,122191,0.9964727353078378
9,2026-02-01 01:41:50,110597.625085832,3186.0002265930175,121516,122053,0.995600272012978
9,2026-02-01 01:41:50,110597.625085832,3188.0002269744873,121026,121736,0.9941677071696129
9,2026-02-01 01:41:50,110597.625085832,3190.0002273559567,120951,121212,0.9978467478467479
9,2026-02-01 01:41:50,110597.625085832,3192.0002277374265,120691,121259,0.9953158116098599
9,2026-02-01 01:41:50,110597.625085832,3194.0002281188963,119988,120201,0.9982279681533431
9,2026-02-01 01:41:50,110597.625085832,3196.000228500366,118652,119140,0.9959039785126742
9,2026-02-01 01:41:50,110597.625085832,3198.000228881836,118197,117723,1.0040264009581814
9,2026-02-01 01:41:50,110597.625085832,3200.0002292633053,117135,117356,0.9981168410647943
9,2026-02-01 01:41:50,110597.625085832,3202.000229644775,116154,116653,0.9957223560474227
9,2026-02-01 01:41:50,110597.625085832,3204.000230026245,114934,114860,1.0006442625805327
9,2026-02-01 01:41:50,110597.625085832,3206.0002304077148,113752,114025,0.9976057882043412
9,2026-02-01 01:41:50,110597.625085832,3208.0002307891846,113319,113016,1.0026810363134424
9,2026-02-01 01:41:50,110597.625085832,3210.000231170654,111505,112184,0.9939474434857021
9,2026-02-01 01:41:50,110597.625085832,3212.0002315521238,110175,109485,1.0063022331826277
9,2026-02-01 01:41:50,110597.625085832,3214.0002319335936,108767,109723,0.991287150369567
9,2026-02-01 01:41:50,110597.625085832,3216.0002323150634,108195,107759,1.0040460657578485
9,2026-02-01 01:41:50,110597.625085832,3218.000232696533,107244,106653,1.0055413349835447
9,2026-02-01 01:41:50,110597.625085832,3220.0002330780026,105850,106150,0.9971738106453132
9,2026-02-01 01:41:50,110597.625085832,3222.0002334594724,105282,106187,0.9914772994811041
9,2026-02-01 01:41:50,110597.625085832,3224.000233840942,105158,105324,0.9984239109794538
9,2026-02-01 01:41:50,110597.625085832,3226.000234222412,104832,105630,0.9924453280318092
9,2026-02-01 01:41:50,110597.625085832,3228.000234603882,104422,105847,0.9865371715778435
9,2026-02-01 01:41:50,110597.625085832,3230.000234985351,105525,105978,0.9957255279397611
9,2026-02-01 01:41:50,110597.625085832,3232.000235366821,105182,107027,0.9827613592831715
9,2026-02-01 01:41:50,110597.625085832,3234.000235748291,105517,107403,0.9824399690883867
9,2026-02-01 01:41:50,110597.625085832,3236.0002361297607,107702,108528,0.9923890608875129
9,2026-02-01 01:41:50,110597.625085832,3238.0002365112305,108226,109035,0.9925803641032696
9,2026-02-01 01:41:50,110597.625085832,3240.0002368927,109923,110852,0.9916194565727277
9,2026-02-01 01:41:50,110597.625085832,3242.0002372741696,110959,112113,0.9897068136612168
9,2026-02-01 01:41:50,110597.625085832,3244.0002376556395,111977,113604,0.9856783211858737
9,2026-02-01 01:41:50,110597.625085832,3246.0002380371093,113975,115004,0.991052485130952
9,2026-02-01 01:41:50,110597.625085832,3248.000238418579,114655,116748,0.9820724980299448
9,2026-02-01 01:41:50,110597.625085832,3250.0002388000485,115253,117721,0.9790351763916378
9,2026-02-01 01:41:50,110597.625085832,3252.0002391815183,116809,119135,0.9804759306668905
9,2026-02-01 01:41:50,110597.625085832,3254.000239562988,116954,119412,0.97941580410679
9,2026-02-01 01:41:50,110597.625085832,3256.000239944458,118216,120757,0.9789577415801982
9,2026-02-01 01:41:50,110597.625085832,3258.0002403259277,118363,121193,0.9766488163507794
9,2026-02-01 01:41:50,110597.625085832,3260.000240707397,117789,122801,0.9591860001140056
9,2026-02-01 01:41:50,110597.625085832,3262.000241088867,116710,122445,0.9531626444526113
9,2026-02-01 01:41:50,110597.625085832,3264.0002414703367,115755,123322,0.9386403074877151
9,2026-02-01 01:41:50,110597.625085832,3266.0002418518065,114975,123961,0.9275094586200499
9,2026-02-01 01:41:50,110597.625085832,3268.0002422332764,115933,124181,0.9335808215427481
9,2026-02-01 01:41:50,110597.625085832,3270.0002426147457,117832,124328,0.9477511099671836
9,2026-02-01 01:41:50,110597.625085832,3272.0002429962155,120593,123913,0.9732070081428099
9,2026-02-01 01:41:50,110597.625085832,3274.0002433776854,121388,123888,0.9798204830169185
9,2026-02-01 01:41:50,110597.625085832,3276.000243759155,122240,123448,0.990214503272633
9,2026-02-01 01:41:50,110597.625085832,3278.000244140625,121874,123181,0.9893895974216803
9,2026-02-01 01:41:50,110597.625085832,3280.0002445220944,121578,122616,0.9915345468780583
9,2026-02-01 01:41:50,110597.625085832,3282.000244903564,121216,122318,0.9909906963815628
9,2026-02-01 01:41:50,110597.625085832,3284.000245285034,121373,121476,0.9991520958872534
9,2026-02-01 01:41:50,110597.625085832,3286.000245666504,120573,120655,0.9993203762794746
9,2026-02-01 01:41:50,110597.625085832,3288.0002460479736,119615,120125,0.9957544224765869
9,2026-02-01 01:41:50,110597.625085832,3290.000246429443,119001,119040,0.999672379032258
9,2026-02-01 01:41:50,110597.625085832,3292.000246810913,117716,117718,0.9999830102448224
9,2026-02-01 01:41:50,110597.625085832,3294.0002471923826,116449,116850,0.9965682498930253
9,2026-02-01 01:41:50,110597.625085832,3296.0002475738524,115315,115566,0.997828080923455
9,2026-02-01 01:41:50,110597.625085832,3298.0002479553223,115077,114850,1.0019764910753157
9,2026-02-01 01:41:50,110597.625085832,3300.0002483367916,113521,113623,0.9991022944298249
9,2026-02-01 01:41:50,110597.625085832,3302.0002487182614,112360,112595,0.9979128735734268
9,2026-02-01 01:41:50,110597.625085832,3304.0002490997313,111506,111995,0.9956337336488236
9,2026-02-01 01:41:50,110597.625085832,3306.000249481201,110262,110816,0.9950007219174126
9,2026-02-01 01:41:50,110597.625085832,3308.000249862671,109712,110604,0.9919351922172797
9,2026-02-01 01:41:50,110597.625085832,3310.0002502441403,109090,108883,1.0019011232240111
9,2026-02-01 01:41:50,110597.625085832,3312.00025062561,108964,109289,0.9970262331982176
9,2026-02-01 01:41:50,110597.625085832,3314.00025100708,108192,108695,0.9953723722342334
9,2026-02-01 01:41:50,110597.625085832,3316.0002513885497,108097,108493,0.9963499949305485
9,2026-02-01 01:41:50,110597.625085832,3318.0002517700195,107554,108266,0.9934236048251529
9,2026-02-01 01:41:50,110597.625085832,3320.000252151489,107289,108598,0.9879463710197242
9,2026-02-01 01:41:50,110597.625085832,3322.0002525329587,107961,108385,0.9960880195599022
9,2026-02-01 01:41:50,110597.625085832,3324.0002529144285,107135,108474,0.9876560281726496
9,2026-02-01 01:41:50,110597.625085832,3326.0002532958983,107839,108580,0.9931755387732547
9,2026-02-01 01:41:50,110597.625085832,3328.000253677368,108433,109097,0.993913673153249
9,2026-02-01 01:41:50,110597.625085832,3330.0002540588375,108856,109723,0.9920982838602663
9,2026-02-01 01:41:50,110597.625085832,3332.0002544403073,109741,110142,0.9963592453378366
9,2026-02-01 01:41:50,110597.625085832,3334.000254821777,110179,111167,0.991112470427375
9,2026-02-01 01:41:50,110597.625085832,3336.000255203247,111310,112037,0.9935110722350652
9,2026-02-01 01:41:50,110597.625085832,3338.000255584717,113173,112975,1.0017526001327728
9,2026-02-01 01:41:50,110597.625085832,3340.000255966186,113721,114738,0.9911363279820112
9,2026-02-01 01:41:50,110597.625085832,3342.000256347656,113780,116502,0.9766355942387255
9,2026-02-01 01:41:50,110597.625085832,3344.000256729126,114634,116959,0.9801212390666815
9,2026-02-01 01:41:50,110597.625085832,3346.0002571105956,116347,117541,0.9898418424209425
9,2026-02-01 01:41:50,110597.625085832,3348.0002574920654,117695,118459,0.9935505111473167
9,2026-02-01 01:41:50,110597.625085832,3350.000257873535,118069,119623,0.9870091871964422
9,2026-02-01 01:41:50,110597.625085832,3352.0002582550046,119368,120000,0.9947333333333334
9,2026-02-01 01:41:50,110597.625085832,3354.0002586364744,120147,120999,0.9929586194927231
9,2026-02-01 01:41:50,110597.625085832,3356.0002590179442,121195,121889,0.9943062950717456
9,2026-02-01 01:41:50,110597.625085832,3358.000259399414,122302,122172,1.0010640736011525
9,2026-02-01 01:41:50,110597.625085832,3360.0002597808834,122384,123099,0.9941916668697552
9,2026-02-01 01:41:50,110597.625085832,3362.0002601623532,122995,123038,0.9996505144752028
9,2026-02-01 01:41:50,110597.625085832,3364.000260543823,122721,123876,0.9906761600309988
9,2026-02-01 01:41:50,110597.625085832,3366.000260925293,123896,124748,0.9931702311860712
9,2026-02-01 01:41:50,110597.625085832,3368.0002613067627,123823,125267,0.9884726224783862
9,2026-02-01 01:41:50,110597.625085832,3370.000261688232,123415,124911,0.9880234727125714
9,2026-02-01 01:41:50,110597.625085832,3372.000262069702,123558,124292,0.9940945515399221
9,2026-02-01 01:41:50,110597.625085832,3374.0002624511717,123674,124000,0.9973709677419355
9,2026-02-01 01:41:50,110597.625085832,3376.0002628326415,123056,123352,0.9976003631882742
9,2026-02-01 01:41:50,110597.625085832,3378.0002632141113,122508,122796,0.9976546467311639
9,2026-02-01 01:41:50,110597.625085832,3380.0002635955807,121855,122587,0.9940287306158075
9,2026-02-01 01:41:50,110597.625085832,3382.0002639770505,121241,121633,0.9967771904006314
9,2026-02-01 01:41:50,110597.625085832,3384.0002643585203,119734,119926,0.9983990127245135
9,2026-02-01 01:41:50,110597.625085832,3386.00026473999,119046,119152,0.9991103800187995
9,2026-02-01 01:41:50,110597.625085832,3388.00026512146,117806,117938,0.9988807678610796
9,2026-02-01 01:41:50,110597.625085832,3390.0002655029293,116696,117278,0.9950374324255189
9,2026-02-01 01:41:50,110597.625085832,3392.000265884399,115408,115978,0.9950852747934953
9,2026-02-01 01:41:50,110597.625085832,3394.000266265869,114606,114740,0.9988321422346174
9,2026-02-01 01:41:50,110597.625085832,3396.000266647339,112814,112509,1.002710894239572
9,2026-02-01 01:41:50,110597.625085832,3398.0002670288086,111476,111232,1.0021936133486766
9,2026-02-01 01:41:50,110597.625085832,3400.000267410278,110274,110592,0.9971245659722222
9,2026-02-01 01:41:50,110597.625085832,3402.000267791748,108782,109696,0.9916678821470245
9,2026-02-01 01:41:50,110597.625085832,3404.0002681732176,108326,108282,1.0004063463918287
9,2026-02-01 01:41:50,110597.625085832,3406.0002685546874,107408,107735,0.9969647746786096
9,2026-02-01 01:41:50,110597.625085832,3408.000268936157,106499,106921,0.996053160744849
9,2026-02-01 01:41:50,110597.625085832,3410.0002693176266,106044,106619,0.9946069649874788
9,2026-02-01 01:41:50,110597.625085832,3412.0002696990964,106124,105758,1.0034607311030843
9,2026-02-01 01:41:50,110597.625085832,3414.000270080566,105506,105987,0.9954617075679093
9,2026-02-01 01:41:50,110597.625085832,3416.000270462036,105793,105960,0.9984239335598339
9,2026-02-01 01:41:50,110597.625085832,3418.000270843506,105667,106797,0.989419178441342
9,2026-02-01 01:41:50,110597.625085832,3420.000271224975,106056,107034,0.9908627165199843
9,2026-02-01 01:41:50,110597.625085832,3422.000271606445,106133,107094,0.9910265747847685
9,2026-02-01 01:41:50,110597.625085832,3424.000271987915,106736,108472,0.9839958699019101
9,2026-02-01 01:41:50,110597.625085832,3426.0002723693847,108457,108447,1.0000922109417503
9,2026-02-01 01:41:50,110597.625085832,3428.0002727508545,108761,110198,0.9869598359316866
9,2026-02-01 01:41:50,110597.625085832,3430.000273132324,110377,111779,0.9874573936070281
9,2026-02-01 01:41:50,110597.625085832,3432.0002735137937,111177,112755,0.9860050552081948
9,2026-02-01 01:41:50,110597.625085832,3434.0002738952635,112956,113268,0.9972454709185296
9,2026-02-01 01:41:50,110597.625085832,3436.0002742767333,113485,114919,0.9875216456808709
9,2026-02-01 01:41:50,110597.625085832,3438.000274658203,114263,116717,0.978974785164115
9,2026-02-01 01:41:50,110597.625085832,3440.0002750396725,115341,116999,0.9858289387088779
9,2026-02-01 01:41:50,110597.625085832,3442.0002754211423,117099,117875,0.9934167550371156
9,2026-02-01 01:41:50,110597.625085832,3444.000275802612,118088,119861,0.9852078657778593
9,2026-02-01 01:41:50,110597.625085832,3446.000276184082,118755,119910,0.9903677758318739
9,2026-02-01 01:41:50,110597.625085832,3448.0002765655518,119862,120209,0.9971133608964386
9,2026-02-01 01:41:50,110597.625085832,3450.000276947021,120036,121295,0.9896203470876788
9,2026-02-01 01:41:50,110597.625085832,3452.000277328491,120894,121456,0.9953728099064681
9,2026-02-01 01:41:50,110597.625085832,3454.0002777099608,121983,122279,0.9975793063404182
9,2026-02-01 01:41:50,110597.625085832,3456.0002780914306,122245,123032,0.9936032902009233
9,2026-02-01 01:41:50,110597.625085832,3458.0002784729004,121821,123039,0.9901006997781191
9,2026-02-01 01:41:50,110597.625085832,3460.0002788543698,121662,122220,0.9954344624447717
9,2026-02-01 01:41:50,110597.625085832,3462.0002792358396,122508,121985,1.0042874123867689
9,2026-02-01 01:41:50,110597.625085832,3464.0002796173094,121750,122910,0.990562199983728
9,2026-02-01 01:41:50,110597.625085832,3466.000279998779,121608,122434,0.9932535080124802
9,2026-02-01 01:41:50,110597.625085832,3468.000280380249,121790,121906,0.9990484471642085
9,2026-02-01 01:41:50,110597.625085832,3470.0002807617184,121071,121988,0.9924828671672623
9,2026-02-01 01:41:50,110597.625085832,3472.000281143188,120988,121587,0.9950734864747054
9,2026-02-01 01:41:50,110597.625085832,3474.000281524658,120372,120756,0.996820033787141
9,2026-02-01 01:41:50,110597.625085832,3476.000281906128,120122,120195,0.9993926536045593
9,2026-02-01 01:41:50,110597.625085832,3478.0002822875977,119329,119001,1.002756279358997
9,2026-02-01 01:41:50,110597.625085832,3480.000282669067,118556,118726,0.9985681316645049
9,2026-02-01 01:41:50,110597.625085832,3482.000283050537,117425,118074,0.9945034469908701
9,2026-02-01 01:41:50,110597.625085832,3484.0002834320067,116302,116950,0.9944591705857204
9,2026-02-01 01:41:50,110597.625085832,3486.0002838134765,114787,115974,0.9897649473157777
9,2026-02-01 01:41:50,110597.625085832,3488.0002841949463,114063,114797,0.9936061046891469
9,2026-02-01 01:41:50,110597.625085832,3490.0002845764157,112698,113367,0.9940988118235465
9,2026-02-01 01:41:50,110597.625085832,3492.0002849578855,111441,111435,1.0000538430475165
9,2026-02-01 01:41:50,110597.625085832,3494.0002853393553,110532,111088,0.994994958951462
9,2026-02-01 01:41:50,110597.625085832,3496.000285720825,109484,109334,1.0013719428540069
9,2026-02-01 01:41:50,110597.625085832,3498.000286102295,108692,108193,1.004612128326232
9,2026-02-01 01:41:50,110597.625085832,3500.0002864837643,107730,107638,1.0008547167357253
10,2026-02-01 02:13:45,114177.99221789883,2000.0000003814696,108887,109828,0.9914320573988418
10,2026-02-01 02:13:45,114177.99221789883,2002.0000007629394,108591,108833,0.9977764097286669
10,2026-02-01 02:13:45,114177.99221789883,2004.000001144409,108525,108966,0.9959528660316062
10,2026-02-01 02:13:45,114177.99221789883,2006.0000015258788,107791,107445,1.003220252222067
10,2026-02-01 02:13:45,114177.99221789883,2008.0000019073484,106973,107767,0.9926322529160132
10,2026-02-01 02:13:45,114177.99221789883,2010.0000022888182,107782,108024,0.9977597570910168
10,2026-02-01 02:13:45,114177.99221789883,2012.000002670288,107236,107901,0.9938369431237895
10,2026-02-01 02:13:45,114177.99221789883,2014.0000030517576,107695,108021,0.9969820683015339
10,2026-02-01 02:13:45,114177.99221789883,2016.0000034332274,107297,108608,0.9879290659988215
10,2026-02-01 02:13:45,114177.99221789883,2018.000003814697,107936,108684,0.9931176622133893
10,2026-02-01 02:13:45,114177.99221789883,2020.0000041961669,108291,109299,0.9907775917437488
10,2026-02-01 02:13:45,114177.99221789883,2022.0000045776367,108669,109347,0.993799555543362
10,2026-02-01 02:13:45,114177.99221789883,2024.0000049591063,109991,110748,0.9931646621157945
10,2026-02-01 02:13:45,114177.99221789883,2026.000005340576,109838,111629,0.9839557820996336
10,2026-02-01 02:13:45,114177.99221789883,2028.0000057220457,111318,111990,0.9939994642378783
10,2026-02-01 02:13:45,114177.99221789883,2030.0000061035155,111988,113764,0.9843887345733272
10,2026-02-01 02:13:45,114177.99221789883,2032.0000064849853,113890,115101,0.9894788055707596
10,2026-02-01 02:13:45,114177.99221789883,2034.000006866455,114713,116603,0.9837911546015111
10,2026-02-01 02:13:45,114177.99221789883,2036.0000072479247,116364,117812,0.9877092316572166
10,2026-02-01 02:13:45,114177.99221789883,2038.0000076293943,118240,119925,0.9859495518032103
10,2026-02-01 02:13:45,114177.99221789883,2040.0000080108641,119456,121411,0.9838976698981147
10,2026-02-01 02:13:45,114177.99221789883,2042.000008392334,120868,122414,0.9873707255706047
10,2026-02-01 02:13:45,114177.99221789883,2044.0000087738035,121978,123307,0.9892220230806037
10,2026-02-01 02:13:45,114177.99221789883,2046.0000091552733,123362,124245,0.9928930741679746
10,2026-02-01 02:13:45,114177.99221789883,2048.000009536743,123093,124636,0.9876199492923393
10,2026-02-01 02:13:45,114177.99221789883,2050.0000099182125,123937,125095,0.9907430352931772
10,2026-02-01 02:13:45,114177.99221789883,2052.0000102996823,123669,125311,0.9868966012560749
10,2026-02-01 02:13:45,114177.99221789883,2054.000010681152,124187,124958,0.9938299268554234
10,2026-02-01 02:13:45,114177.99221789883,2056.000011062622,124209,124675,0.9962622819330259
10,2026-02-01 02:13:45,114177.99221789883,2058.000011444092,123249,124686,0.9884750493239016
10,2026-02-01 02:13:45,114177.99221789883,2060.000011825561,123246,122882,1.002962191370583
10,2026-02-01 02:13:45,114177.99221789883,2062.000012207031,122674,123066,0.9968147173061609
10,2026-02-01 02:13:45,114177.99221789883,2064.000012588501,122058,122194,0.9988870157290866
10,2026-02-01 02:13:45,114177.99221789883,2066.0000129699706,121381,122078,0.9942905355592326
10,2026-02-01 02:13:45,114177.99221789883,2068.0000133514404,121411,121343,1.000560394913592
10,2026-02-01 02:13:45,114177.99221789883,2070.00001373291,119817,121213,0.9884830834976447
10,2026-02-01 02:13:45,114177.99221789883,2072.0000141143796,119996,120331,0.9972160124988573
10,2026-02-01 02:13:45,114177.99221789883,2074.0000144958494,119457,119181,1.0023158053716617
10,2026-02-01 02:13:45,114177.99221789883,2076.0000148773192,117918,118413,0.9958197157406704
10,2026-02-01 02:13:45,114177.99221789883,2078.000015258789,116730,116521,1.0017936680941633
10,2026-02-01 02:13:45,114177.99221789883,2080.0000156402584,115554,115590,0.9996885543732157
10,2026-02-01 02:13:45,114177.99221789883,2082.0000160217282,114325,114257,1.0005951495313197
10,2026-02-01 02:13:45,114177.99221789883,2084.000016403198,112230,112608,0.9966432225063938
10,2026-02-01 02:13:45,114177.99221789883,2086.000016784668,111331,110126,1.0109420118773043
10,2026-02-01 02:13:45,114177.99221789883,2088.0000171661377,109987,110097,0.9990008810412636
10,2026-02-01 02:13:45,114177.99221789883,2090.000017547607,108599,108168,1.00398454256342
10,2026-02-01 02:13:45,114177.99221789883,2092.000017929077,107450,107070,1.0035490800410947
10,2026-02-01 02:13:45,114177.99221789883,2094.0000183105467,107548,106514,1.0097076440655688
10,2026-02-01 02:13:45,114177.99221789883,2096.0000186920165,106283,107192,0.9915198895439958
10,2026-02-01 02:13:45,114177.99221789883,2098.0000190734863,106330,108135,0.9833079021593378
10,2026-02-01 02:13:45,114177.99221789883,2100.0000194549557,107652,107852,0.9981456069428476
10,2026-02-01 02:13:45,114177.99221789883,2102.0000198364255,107509,108702,0.9890250409376092
10,2026-02-01 02:13:45,114177.99221789883,2104.0000202178953,108371,109764,0.9873091359644328
10,2026-02-01 02:13:45,114177.99221789883,2106.000020599365,109702,110704,0.9909488365370719
10,2026-02-01 02:13:45,114177.99221789883,2108.000020980835,110560,113256,0.9761955216500671
10,2026-02-01 02:13:45,114177.99221789883,2110.0000213623043,112291,113666,0.9879031548572133
10,2026-02-01 02:13:45,114177.99221789883,2112.000021743774,112950,113405,0.9959878312243728
10,2026-02-01 02:13:45,114177.99221789883,2114.000022125244,113690,114718,0.9910388953782319
10,2026-02-01 02:13:45,114177.99221789883,2116.000022506714,114413,115206,0.9931166779508012
10,2026-02-01 02:13:45,114177.99221789883,2118.0000228881836,115194,115943,0.9935399291030937
10,2026-02-01 02:13:45,114177.99221789883,2120.000023269653,116117,117150,0.9911822449850619
10,2026-02-01 02:13:45,114177.99221789883,2122.000023651123,116151,116553,0.9965509253301074
10,2026-02-01 02:13:45,114177.99221789883,2124.0000240325926,117169,117555,0.9967164306069499
10,2026-02-01 02:13:45,114177.99221789883,2126.0000244140624,117314,117700,0.9967204757858964
10,2026-02-01 02:13:45,114177.99221789883,2128.000024795532,117101,118232,0.9904340618445091
10,2026-02-01 02:13:45,114177.99221789883,2130.0000251770016,117978,118577,0.9949484301340058
10,2026-02-01 02:13:45,114177.99221789883,2132.0000255584714,118300,119512,0.9898587589530758
10,2026-02-01 02:13:45,114177.99221789883,2134.000025939941,118492,119819,0.988924961817408
10,2026-02-01 02:13:45,114177.99221789883,2136.000026321411,118757,120488,0.9856334240754266
10,2026-02-01 02:13:45,114177.99221789883,2138.000026702881,120361,120971,0.9949574691454977
10,2026-02-01 02:13:45,114177.99221789883,2140.00002708435,120679,120839,0.9986759241635564
10,2026-02-01 02:13:45,114177.99221789883,2142.00002746582,120956,121178,0.9981679842875769
10,2026-02-01 02:13:45,114177.99221789883,2144.00002784729,121130,121568,0.996397078178468
10,2026-02-01 02:13:45,114177.99221789883,2146.0000282287597,121508,121964,0.9962611918270965
10,2026-02-01 02:13:45,114177.99221789883,2148.0000286102295,121500,122418,0.992501102779003
10,2026-02-01 02:13:45,114177.99221789883,2150.000028991699,121553,121459,1.000773923710882
10,2026-02-01 02:13:45,114177.99221789883,2152.0000293731687,122113,122899,0.9936045045118349
10,2026-02-01 02:13:45,114177.99221789883,2154.0000297546385,121785,121858,0.9994009420801261
10,2026-02-01 02:13:45,114177.99221789883,2156.0000301361083,120916,121648,0.9939826384321978
10,2026-02-01 02:13:45,114177.99221789883,2158.000030517578,120594,121881,0.9894405198513304
10,2026-02-01 02:13:45,114177.99221789883,2160.0000308990475,120637,121503,0.9928726039686263
10,2026-02-01 02:13:45,114177.99221789883,2162.0000312805173,120825,120691,1.0011102733426684
10,2026-02-01 02:13:45,114177.99221789883,2164.000031661987,120007,120694,0.9943079192006231
10,2026-02-01 02:13:45,114177.99221789883,2166.000032043457,120279,120058,1.0018407769578037
10,2026-02-01 02:13:45,114177.99221789883,2168.0000324249268,119301,119881,0.9951618688532795
10,2026-02-01 02:13:45,114177.99221789883,2170.000032806396,119126,119168,0.9996475563909775
10,2026-02-01 02:13:45,114177.99221789883,2172.000033187866,117970,118095,0.9989415301240526
10,2026-02-01 02:13:45,114177.99221789883,2174.0000335693358,117647,117226,1.003591353454012
10,2026-02-01 02:13:45,114177.99221789883,2176.0000339508056,116153,116225,0.9993805119380512
10,2026-02-01 02:13:45,114177.99221789883,2178.0000343322754,115352,115076,1.0023984149605478
10,2026-02-01 02:13:45,114177.99221789883,2180.0000347137448,113885,113761,1.001090004483083
10,2026-02-01 02:13:45,114177.99221789883,2182.0000350952146,113067,112846,1.0019584212112083
10,2026-02-01 02:13:45,114177.99221789883,2184.0000354766844,111828,111557,1.0024292514140754
10,2026-02-01 02:13:45,114177.99221789883,2186.000035858154,110603,110364,1.0021655612337357
10,2026-02-01 02:13:45,114177.99221789883,2188.000036239624,109845,110442,0.9945944477644374
10,2026-02-01 02:13:45,114177.99221789883,2190.0000366210934,108080,108788,0.9934919292569033
10,2026-02-01 02:13:45,114177.99221789883,2192.000037002563,108115,108391,0.9974536631270123
10,2026-02-01 02:13:45,114177.99221789883,2194.000037384033,107625,107930,0.9971740943203928
10,2026-02-01 02:13:45,114177.99221789883,2196.000037765503,107103,108644,0.985816059791613
10,2026-02-01 02:13:45,114177.99221789883,2198.0000381469727,108960,109802,0.9923316515181873
10,2026-02-01 02:13:45,114177.99221789883,2200.000038528442,109588,110441,0.9922764190834925
10,2026-02-01 02:13:45,114177.99221789883,2202.000038909912,110363,111295,0.991625859203019
10,2026-02-01 02:13:45,114177.99221789883,2204.0000392913817,111154,113208,0.9818564059077097
10,2026-02-01 02:13:45,114177.99221789883,2206.0000396728515,112497,113667,0.9897067750534456
10,2026-02-01 02:13:45,114177.99221789883,2208.0000400543213,114287,115426,0.9901322059154783
10,2026-02-01 02:13:45,114177.99221789883,2210.0000404357907,115484,116482,0.9914321526072698
10,2026-02-01 02:13:45,114177.99221789883,2212.0000408172605,116639,117746,0.9905984067399317
10,2026-02-01 02:13:45,114177.99221789883,2214.0000411987303,117658,118962,0.9890385165010676
10,2026-02-01 02:13:45,114177.99221789883,2216.0000415802,118864,119286,0.9964622839226732
10,2026-02-01 02:13:45,114177.99221789883,2218.00004196167,119265,120908,0.9864111555893738
10,2026-02-01 02:13:45,114177.99221789883,2220.0000423431393,120336,120923,0.995145671212259
10,2026-02-01 02:13:45,114177.99221789883,2222.000042724609,121245,122134,0.9927211096009301
10,2026-02-01 02:13:45,114177.99221789883,2224.000043106079,121397,121888,0.9959717117353636
10,2026-02-01 02:13:45,114177.99221789883,2226.0000434875487,121043,122823,0.9855076003680092
10,2026-02-01 02:13:45,114177.99221789883,2228.0000438690186,121869,123731,0.98495122483452
10,2026-02-01 02:13:45,114177.99221789883,2230.000044250488,122727,123016,0.9976507121024907
10,2026-02-01 02:13:45,114177.99221789883,2232.0000446319577,122252,123214,0.9921924456636421
10,2026-02-01 02:13:45,114177.99221789883,2234.0000450134276,122189,123329,0.9907564319827453
10,2026-02-01 02:13:45,114177.99221789883,2236.0000453948974,123361,123732,0.9970015840687938
10,2026-02-01 02:13:45,114177.99221789883,2238.000045776367,123082,122728,1.0028844273515416
10,2026-02-01 02:13:45,114177.99221789883,2240.0000461578366,123030,123111,0.9993420571679217
10,2026-02-01 02:13:45,114177.99221789883,2242.0000465393064,122792,122699,1.00075795238755
10,2026-02-01 02:13:45,114177.99221789883,2244.000046920776,122106,122508,0.9967185816436478
10,2026-02-01 02:13:45,114177.99221789883,2246.000047302246,122261,121782,1.0039332577885074
10,2026-02-01 02:13:45,114177.99221789883,2248.000047683716,120890,121531,0.9947256255605565
10,2026-02-01 02:13:45,114177.99221789883,2250.000048065185,120045,121020,0.9919434804164601
10,2026-02-01 02:13:45,114177.99221789883,2252.000048446655,120038,120268,0.9980876043502843
10,2026-02-01 02:13:45,114177.99221789883,2254.000048828125,118807,119406,0.9949835016665829
10,2026-02-01 02:13:45,114177.99221789883,2256.0000492095946,118704,119139,0.9963488026590789
10,2026-02-01 02:13:45,114177.99221789883,2258.0000495910645,118082,118689,0.9948857939657424
10,2026-02-01 02:13:45,114177.99221789883,2260.000049972534,117366,117898,0.9954876248960967
10,2026-02-01 02:13:45,114177.99221789883,2262.0000503540036,116984,117038,0.9995386113911721
10,2026-02-01 02:13:45,114177.99221789883,2264.0000507354735,116824,117160,0.997132127005804
10,2026-02-01 02:13:45,114177.99221789883,2266.0000511169433,115767,116888,0.9904096228868661
10,2026-02-01 02:13:45,114177.99221789883,2268.000051498413,115862,116418,0.995224106237867
10,2026-02-01 02:13:45,114177.99221789883,2270.0000518798824,115866,115328,1.0046649556048834
10,2026-02-01 02:13:45,114177.99221789883,2272.0000522613523,115600,115527,1.0006318869182096
10,2026-02-01 02:13:45,114177.99221789883,2274.000052642822,115142,115145,0.9999739458943072
10,2026-02-01 02:13:45,114177.99221789883,2276.000053024292,114799,114975,0.9984692324418352
10,2026-02-01 02:13:45,114177.99221789883,2278.0000534057617,114091,114771,0.9940751583588189
10,2026-02-01 02:13:45,114177.99221789883,2280.000053787231,113070,114733,0.9855054779357291
10,2026-02-01 02:13:45,114177.99221789883,2282.000054168701,112248,113966,0.9849253286067775
10,2026-02-01 02:13:45,114177.99221789883,2284.0000545501707,112824,113557,0.9935450918921775
10,2026-02-01 02:13:45,114177.99221789883,2286.0000549316405,111536,113247,0.9848914320026138
10,2026-02-01 02:13:45,114177.99221789883,2288.0000553131104,110811,113102,0.9797439479407968
10,2026-02-01 02:13:45,114177.99221789883,2290.0000556945797,111393,112815,0.9873952931790986
10,2026-02-01 02:13:45,114177.99221789883,2292.0000560760495,110503,112667,0.9807929562338573
10,2026-02-01 02:13:45,114177.99221789883,2294.0000564575193,110244,112872,0.9767169891558579
10,2026-02-01 02:13:45,114177.99221789883,2296.000056838989,109339,112606,0.970987336376392
10,2026-02-01 02:13:45,114177.99221789883,2298.000057220459,108343,113446,0.9550182465666485
10,2026-02-01 02:13:45,114177.99221789883,2300.0000576019283,107751,112864,0.9546976892543237
10,2026-02-01 02:13:45,114177.99221789883,2302.000057983398,106253,114091,0.9313004531470492
10,2026-02-01 02:13:45,114177.99221789883,2304.000058364868,104475,114477,0.9126287376503577
10,2026-02-01 02:13:45,114177.99221789883,2306.000058746338,103550,115038,0.9001373459204784
10,2026-02-01 02:13:45,114177.99221789883,2308.0000591278076,103124,116068,0.8884791673846366
10,2026-02-01 02:13:45,114177.99221789883,2310.000059509277,104852,117110,0.895329177696183
10,2026-02-01 02:13:45,114177.99221789883,2312.000059890747,108755,117652,0.924378676095604
10,2026-02-01 02:13:45,114177.99221789883,2314.0000602722166,110640,118823,0.9311328614830462
10,2026-02-01 02:13:45,114177.99221789883,2316.0000606536864,113904,119458,0.9535066718009677
10,2026-02-01 02:13:45,114177.99221789883,2318.0000610351562,115635,120621,0.9586639142437884
10,2026-02-01 02:13:45,114177.99221789883,2320.0000614166256,117877,121372,0.9712042316184952
10,2026-02-01 02:13:45,114177.99221789883,2322.0000617980954,119800,123206,0.9723552424394916
10,2026-02-01 02:13:45,114177.99221789883,2324.0000621795652,120978,124079,0.975007857896985
10,2026-02-01 02:13:45,114177.99221789883,2326.000062561035,121788,123916,0.982827076406598
10,2026-02-01 02:13:45,114177.99221789883,2328.000062942505,123214,124497,0.9896945307919066
10,2026-02-01 02:13:45,114177.99221789883,2330.0000633239742,123447,125518,0.9835003744482863
10,2026-02-01 02:13:45,114177.99221789883,2332.000063705444,124142,125409,0.989897056830052
10,2026-02-01 02:13:45,114177.99221789883,2334.000064086914,124237,125270,0.9917538117665842
10,2026-02-01 02:13:45,114177.99221789883,2336.0000644683837,125130,125886,0.993994566512559
10,2026-02-01 02:13:45,114177.99221789883,2338.0000648498535,124402,124790,0.9968907765045276
10,2026-02-01 02:13:45,114177.99221789883,2340.000065231323,125053,125560,0.9959620898375279
10,2026-02-01 02:13:45,114177.99221789883,2342.0000656127927,124360,125248,0.9929100664282065
10,2026-02-01 02:13:45,114177.99221789883,2344.0000659942625,123402,125222,0.9854658127166153
10,2026-02-01 02:13:45,114177.99221789883,2346.0000663757323,123169,123875,0.9943007063572149
10,2026-02-01 02:13:45,114177.99221789883,2348.000066757202,122229,123373,0.990727306623005
10,2026-02-01 02:13:45,114177.99221789883,2350.0000671386715,121711,121676,1.0002876491666393
10,2026-02-01 02:13:45,114177.99221789883,2352.0000675201413,120246,121413,0.9903881791900373
10,2026-02-01 02:13:45,114177.99221789883,2354.000067901611,119750,119127,1.0052297128274865
10,2026-02-01 02:13:45,114177.99221789883,2356.000068283081,118513,118544,0.9997384937238494
10,2026-02-01 02:13:45,114177.99221789883,2358.000068664551,117193,116657,1.0045946664152172
10,2026-02-01 02:13:45,114177.99221789883,2360.00006904602,115848,115711,1.0011839842365895
10,2026-02-01 02:13:45,114177.99221789883,2362.00006942749,114509,115299,0.9931482493343394
10,2026-02-01 02:13:45,114177.99221789883,2364.00006980896,113715,113672,1.000378281370962
10,2026-02-01 02:13:45,114177.99221789883,2366.0000701904296,112882,112858,1.0002126566127345
10,2026-02-01 02:13:45,114177.99221789883,2368.0000705718994,111659,111969,0.9972313765417213
10,2026-02-01 02:13:45,114177.99221789883,2370.000070953369,111276,111430,0.9986179664363277
10,2026-02-01 02:13:45,114177.99221789883,2372.0000713348386,110065,110953,0.9919966111777059
10,2026-02-01 02:13:45,114177.99221789883,2374.0000717163084,110358,110912,0.9950050490478938
10,2026-02-01 02:13:45,114177.99221789883,2376.0000720977782,110668,110886,0.9980340169182764
10,2026-02-01 02:13:45,114177.99221789883,2378.000072479248,110584,110541,1.0003889959381587
10,2026-02-01 02:13:45,114177.99221789883,2380.0000728607174,110341,110891,0.9950401745858546
10,2026-02-01 02:13:45,114177.99221789883,2382.000073242187,111242,111460,0.9980441413960165
10,2026-02-01 02:13:45,114177.99221789883,2384.000073623657,110499,112341,0.9836034929366838
10,2026-02-01 02:13:45,114177.99221789883,2386.000074005127,112816,113468,0.9942538865583248
10,2026-02-01 02:13:45,114177.99221789883,2388.0000743865967,113426,114166,0.9935182103253157
10,2026-02-01 02:13:45,114177.99221789883,2390.000074768066,114852,115195,0.9970224402100786
10,2026-02-01 02:13:45,114177.99221789883,2392.000075149536,114773,116035,0.9891239712155815
10,2026-02-01 02:13:45,114177.99221789883,2394.0000755310057,115889,117268,0.9882406112494457
10,2026-02-01 02:13:45,114177.99221789883,2396.0000759124755,116920,118245,0.9887944521967102
10,2026-02-01 02:13:45,114177.99221789883,2398.0000762939453,118338,118848,0.9957088045234249
10,2026-02-01 02:13:45,114177.99221789883,2400.0000766754147,118652,119925,0.9893850323118616
10,2026-02-01 02:13:45,114177.99221789883,2402.0000770568845,119185,120803,0.9866062928900773
10,2026-02-01 02:13:45,114177.99221789883,2404.0000774383543,120817,121247,0.9964535204994763
10,2026-02-01 02:13:45,114177.99221789883,2406.000077819824,120593,121703,0.9908794360040426
10,2026-02-01 02:13:45,114177.99221789883,2408.000078201294,122297,122013,1.0023276208272889
10,2026-02-01 02:13:45,114177.99221789883,2410.0000785827633,121613,122581,0.9921031807539504
10,2026-02-01 02:13:45,114177.99221789883,2412.000078964233,121867,123167,0.989445224776117
10,2026-02-01 02:13:45,114177.99221789883,2414.000079345703,122305,122669,0.9970326651395218
10,2026-02-01 02:13:45,114177.99221789883,2416.0000797271728,122252,122774,0.9957482854676072
10,2026-02-01 02:13:45,114177.99221789883,2418.0000801086426,122242,122590,0.9971612692715556
10,2026-02-01 02:13:45,114177.99221789883,2420.000080490112,121586,122945,0.9889462767904348
10,2026-02-01 02:13:45,114177.99221789883,2422.0000808715818,121703,122505,0.9934533284355741
10,2026-02-01 02:13:45,114177.99221789883,2424.0000812530516,122330,122715,0.9968626492278857
10,2026-02-01 02:13:45,114177.99221789883,2426.0000816345214,121559,122096,0.9956018215174944
10,2026-02-01 02:13:45,114177.99221789883,2428.000082015991,121672,122865,0.9902901558621251
10,2026-02-01 02:13:45,114177.99221789883,2430.0000823974606,121887,122044,0.998713578709318
10,2026-02-01 02:13:45,114177.99221789883,2432.0000827789304,121236,122110,0.9928425190402096
10,2026-02-01 02:13:45,114177.99221789883,2434.0000831604,122322,122446,0.9989873086911781
10,2026-02-01 02:13:45,114177.99221789883,2436.00008354187,121650,122720,0.9912809647979139
10,2026-02-01 02:13:45,114177.99221789883,2438.00008392334,121261,121518,0.9978850869829984
10,2026-02-01 02:13:45,114177.99221789883,2440.000084304809,121566,122581,0.9917197608112187
10,2026-02-01 02:13:45,114177.99221789883,2442.000084686279,121496,121918,0.9965386571302023
10,2026-02-01 02:13:45,114177.99221789883,2444.000085067749,121235,121930,0.994300008201427
10,2026-02-01 02:13:45,114177.99221789883,2446.0000854492187,120730,121440,0.9941534914361001
10,2026-02-01 02:13:45,114177.99221789883,2448.0000858306885,120775,120990,0.9982229936358377
10,2026-02-01 02:13:45,114177.99221789883,2450.000086212158,119606,120331,0.9939749524229001
10,2026-02-01 02:13:45,114177.99221789883,2452.0000865936277,119759,119387,1.0031159171434076
10,2026-02-01 02:13:45,114177.99221789883,2454.0000869750975,118667,119152,0.9959295689539411
10,2026-02-01 02:13:45,114177.99221789883,2456.0000873565673,118573,117764,1.0068696715464829
10,2026-02-01 02:13:45,114177.99221789883,2458.000087738037,116934,117324,0.9966758719443592
10,2026-02-01 02:13:45,114177.99221789883,2460.0000881195065,115870,116243,0.9967912046316767
10,2026-02-01 02:13:45,114177.99221789883,2462.0000885009763,115465,115332,1.0011531925224568
10,2026-02-01 02:13:45,114177.99221789883,2464.000088882446,114490,114511,0.9998166115045716
10,2026-02-01 02:13:45,114177.99221789883,2466.000089263916,113612,113891,0.9975502893117103
10,2026-02-01 02:13:45,114177.99221789883,2468.0000896453857,112550,112384,1.0014770785876994
10,2026-02-01 02:13:45,114177.99221789883,2470.000090026855,111476,112458,0.9912678511088584
10,2026-02-01 02:13:45,114177.99221789883,2472.000090408325,111486,112346,0.992345076816264
10,2026-02-01 02:13:45,114177.99221789883,2474.0000907897947,111718,112083,0.9967434847389881
10,2026-02-01 02:13:45,114177.99221789883,2476.0000911712646,111299,111602,0.9972849948925646
10,2026-02-01 02:13:45,114177.99221789883,2478.0000915527344,111098,111478,0.9965912556737653
10,2026-02-01 02:13:45,114177.99221789883,2480.0000919342037,110929,112360,0.9872641509433963
10,2026-02-01 02:13:45,114177.99221789883,2482.0000923156736,111716,113475,0.9844987882793567
10,2026-02-01 02:13:45,114177.99221789883,2484.0000926971434,113100,113855,0.9933687585086294
10,2026-02-01 02:13:45,114177.99221789883,2486.000093078613,112747,113452,0.9937859182738075
10,2026-02-01 02:13:45,114177.99221789883,2488.000093460083,113894,114846,0.9917106385942915
10,2026-02-01 02:13:45,114177.99221789883,2490.0000938415524,114832,115905,0.9907424183598637
10,2026-02-01 02:13:45,114177.99221789883,2492.000094223022,115576,116901,0.9886656230485624
10,2026-02-01 02:13:45,114177.99221789883,2494.000094604492,117194,117984,0.9933041768375372
10,2026-02-01 02:13:45,114177.99221789883,2496.000094985962,118100,118560,0.9961201079622132
10,2026-02-01 02:13:45,114177.99221789883,2498.0000953674316,118865,119778,0.9923775651622168
10,2026-02-01 02:13:45,114177.99221789883,2500.000095748901,119733,120256,0.9956509446514104
10,2026-02-01 02:13:45,114177.99221789883,2502.000096130371,120391,122015,0.986690161045773
10,2026-02-01 02:13:45,114177.99221789883,2504.0000965118406,120880,121892,0.9916975683391855
10,2026-02-01 02:13:45,114177.99221789883,2506.0000968933105,122237,123103,0.9929652404896713
10,2026-02-01 02:13:45,114177.99221789883,2508.0000972747803,122854,123521,0.9946001084835777
10,2026-02-01 02:13:45,114177.99221789883,2510.0000976562496,123225,123593,0.9970224850921978
10,2026-02-01 02:13:45,114177.99221789883,2512.0000980377195,123944,124566,0.9950066631344027
10,2026-02-01 02:13:45,114177.99221789883,2514.0000984191893,123916,124252,0.997295818175965
10,2026-02-01 02:13:45,114177.99221789883,2516.000098800659,123718,124099,0.9969298705066116
10,2026-02-01 02:13:45,114177.99221789883,2518.000099182129,123718,124749,0.9917354046926228
10,2026-02-01 02:13:45,114177.99221789883,2520.0000995635983,123463,123957,0.99601474704938
10,2026-02-01 02:13:45,114177.99221789883,2522.000099945068,123337,123874,0.9956649498684147
10,2026-02-01 02:13:45,114177.99221789883,2524.000100326538,123024,123211,0.9984822783680029
10,2026-02-01 02:13:45,114177.99221789883,2526.0001007080077,121669,122876,0.9901770890979524
10,2026-02-01 02:13:45,114177.99221789883,2528.0001010894775,121561,122047,0.996017927519726
10,2026-02-01 02:13:45,114177.99221789883,2530.000101470947,121506,121876,0.9969641274738259
10,2026-02-01 02:13:45,114177.99221789883,2532.0001018524167,120632,120856,0.9981465545773482
10,2026-02-01 02:13:45,114177.99221789883,2534.0001022338865,118998,120657,0.986250279718541
10,2026-02-01 02:13:45,114177.99221789883,2536.0001026153564,119073,119927,0.9928790013925137
10,2026-02-01 02:13:45,114177.99221789883,2538.000102996826,119264,119872,0.9949279231179925
10,2026-02-01 02:13:45,114177.99221789883,2540.0001033782955,118973,119344,0.9968913393216249
10,2026-02-01 02:13:45,114177.99221789883,2542.0001037597654,118201,118663,0.9961066212720056
10,2026-02-01 02:13:45,114177.99221789883,2544.000104141235,117980,117882,1.0008313398143907
10,2026-02-01 02:13:45,114177.99221789883,2546.000104522705,117594,117697,0.9991248714920516
10,2026-02-01 02:13:45,114177.99221789883,2548.000104904175,116450,116939,0.9958183326349636
10,2026-02-01 02:13:45,114177.99221789883,2550.000105285644,116398,116657,0.9977798160419006
10,2026-02-01 02:13:45,114177.99221789883,2552.000105667114,115833,116448,0.9947186727122836
10,2026-02-01 02:13:45,114177.99221789883,2554.000106048584,116376,115656,1.0062253579580827
10,2026-02-01 02:13:45,114177.99221789883,2556.0001064300536,114904,116239,0.9885150422835709
10,2026-02-01 02:13:45,114177.99221789883,2558.0001068115234,114812,115615,0.9930545344462224
10,2026-02-01 02:13:45,114177.99221789883,2560.000107192993,114358,115343,0.9914602533313682
10,2026-02-01 02:13:45,114177.99221789883,2562.0001075744626,114481,115606,0.9902686711762365
10,2026-02-01 02:13:45,114177.99221789883,2564.0001079559324,115082,115451,0.9968038388580437
10,2026-02-01 02:13:45,114177.99221789883,2566.0001083374023,113978,115467,0.9871045406912797
10,2026-02-01 02:13:45,114177.99221789883,2568.000108718872,114116,115328,0.9894908435072142
10,2026-02-01 02:13:45,114177.99221789883,2570.0001091003414,114401,115671,0.9890205842432416
10,2026-02-01 02:13:45,114177.99221789883,2572.0001094818113,114482,115283,0.9930518810232211
10,2026-02-01 02:13:45,114177.99221789883,2574.000109863281,114630,115470,0.9927253832164199
10,2026-02-01 02:13:45,114177.99221789883,2576.000110244751,114029,115133,0.9904110897831204
10,2026-02-01 02:13:45,114177.99221789883,2578.0001106262207,114369,115777,0.9878386898952296
10,2026-02-01 02:13:45,114177.99221789883,2580.00011100769,114693,115324,0.9945284589504353
10,2026-02-01 02:13:45,114177.99221789883,2582.00011138916,114243,115910,0.985618152014494
10,2026-02-01 02:13:45,114177.99221789883,2584.0001117706297,114382,116375,0.98287432867884
10,2026-02-01 02:13:45,114177.99221789883,2586.0001121520995,114151,115974,0.9842809595254108
10,2026-02-01 02:13:45,114177.99221789883,2588.0001125335693,114351,116253,0.9836391318933705
10,2026-02-01 02:13:45,114177.99221789883,2590.0001129150387,114554,116969,0.979353503919842
10,2026-02-01 02:13:45,114177.99221789883,2592.0001132965085,114368,117725,0.9714843915905712
10,2026-02-01 02:13:45,114177.99221789883,2594.0001136779783,114264,117204,0.9749155318931094
10,2026-02-01 02:13:45,114177.99221789883,2596.000114059448,115358,117652,0.9805018189236052
10,2026-02-01 02:13:45,114177.99221789883,2598.000114440918,114522,119260,0.9602716753312092
10,2026-02-01 02:13:45,114177.99221789883,2600.0001148223873,114285,120066,0.9518514816850732
10,2026-02-01 02:13:45,114177.99221789883,2602.000115203857,112263,120921,0.9283995335797752
10,2026-02-01 02:13:45,114177.99221789883,2604.000115585327,110522,121447,0.910043064052632
10,2026-02-01 02:13:45,114177.99221789883,2606.000115966797,109579,122654,0.8933993184078791
10,2026-02-01 02:13:45,114177.99221789883,2608.0001163482666,109819,122881,0.893702036930038
10,2026-02-01 02:13:45,114177.99221789883,2610.000116729736,111811,123886,0.902531359475647
10,2026-02-01 02:13:45,114177.99221789883,2612.000117111206,114039,123827,0.9209542345368942
10,2026-02-01 02:13:45,114177.99221789883,2614.0001174926756,117299,124562,0.9416916876736083
10,2026-02-01 02:13:45,114177.99221789883,2616.0001178741454,119444,124895,0.9563553384843269
10,2026-02-01 02:13:45,114177.99221789883,2618.0001182556152,121410,125169,0.9699686024494882
10,2026-02-01 02:13:45,114177.99221789883,2620.0001186370846,121566,125151,0.9713546036388043
10,2026-02-01 02:13:45,114177.99221789883,2622.0001190185544,122143,125482,0.9733906058239429
10,2026-02-01 02:13:45,114177.99221789883,2624.0001194000242,123076,124158,0.9912852977657501
10,2026-02-01 02:13:45,114177.99221789883,2626.000119781494,122126,124843,0.978236665251556
10,2026-02-01 02:13:45,114177.99221789883,2628.000120162964,121777,123332,0.9873917555865469
10,2026-02-01 02:13:45,114177.99221789883,2630.0001205444332,122186,122696,0.9958433852774337
10,2026-02-01 02:13:45,114177.99221789883,2632.000120925903,121225,121597,0.9969407139978782
10,2026-02-01 02:13:45,114177.99221789883,2634.000121307373,120742,121866,0.9907767547962516
10,2026-02-01 02:13:45,114177.99221789883,2636.0001216888427,120505,120750,0.9979710144927536
10,2026-02-01 02:13:45,114177.99221789883,2638.0001220703125,119030,119683,0.9945439201891664
10,2026-02-01 02:13:45,114177.99221789883,2640.000122451782,118956,119394,0.9963314739434143
10,2026-02-01 02:13:45,114177.99221789883,2642.0001228332517,117067,117702,0.9946050194559141
10,2026-02-01 02:13:45,114177.99221789883,2644.0001232147215,116282,116455,0.9985144476407196
10,2026-02-01 02:13:45,114177.99221789883,2646.0001235961913,115286,115425,0.9987957548191466
10,2026-02-01 02:13:45,114177.99221789883,2648.000123977661,113677,114445,0.993289352964306
10,2026-02-01 02:13:45,114177.99221789883,2650.0001243591305,112946,113341,0.996514941636301
10,2026-02-01 02:13:45,114177.99221789883,2652.0001247406003,112446,113544,0.9903297400126823
10,2026-02-01 02:13:45,114177.99221789883,2654.00012512207,111229,112204,0.9913104702149655
10,2026-02-01 02:13:45,114177.99221789883,2656.00012550354,111266,111689,0.9962126977589557
10,2026-02-01 02:13:45,114177.99221789883,2658.0001258850098,111432,111069,1.003268238662453
10,2026-02-01 02:13:45,114177.99221789883,2660.000126266479,110988,110951,1.000333480545466
10,2026-02-01 02:13:45,114177.99221789883,2662.000126647949,110751,111431,0.9938975688991394
10,2026-02-01 02:13:45,114177.99221789883,2664.0001270294188,111078,112041,0.9914049321230621
10,2026-02-01 02:13:45,114177.99221789883,2666.0001274108886,111339,112073,0.9934506973133582
10,2026-02-01 02:13:45,114177.99221789883,2668.0001277923584,111996,113222,0.98917171574429
10,2026-02-01 02:13:45,114177.99221789883,2670.0001281738278,112967,113859,0.992165748864824
10,2026-02-01 02:13:45,114177.99221789883,2672.0001285552976,113623,114087,0.9959329283792193
10,2026-02-01 02:13:45,114177.99221789883,2674.0001289367674,113970,115631,0.9856353400039781
10,2026-02-01 02:13:45,114177.99221789883,2676.000129318237,115071,116975,0.9837230177388331
10,2026-02-01 02:13:45,114177.99221789883,2678.000129699707,116019,117155,0.990303444155179
10,2026-02-01 02:13:45,114177.99221789883,2680.0001300811764,116699,118079,0.9883129091540409
10,2026-02-01 02:13:45,114177.99221789883,2682.000130462646,117972,118446,0.9959981763841751
10,2026-02-01 02:13:45,114177.99221789883,2684.000130844116,117949,119128,0.9901030823987643
10,2026-02-01 02:13:45,114177.99221789883,2686.000131225586,118833,119680,0.9929227941176471
10,2026-02-01 02:13:45,114177.99221789883,2688.0001316070557,119294,120252,0.9920333965339454
10,2026-02-01 02:13:45,114177.99221789883,2690.000131988525,120016,120463,0.9962893170517089
10,2026-02-01 02:13:45,114177.99221789883,2692.000132369995,120550,120998,0.9962974594621399
10,2026-02-01 02:13:45,114177.99221789883,2694.0001327514647,120718,121109,0.9967715033564806
10,2026-02-01 02:13:45,114177.99221789883,2696.0001331329345,121098,121666,0.9953314812683905
10,2026-02-01 02:13:45,114177.99221789883,2698.0001335144043,120879,121864,0.9919172191951684
10,2026-02-01 02:13:45,114177.99221789883,2700.0001338958737,121066,121716,0.9946596996286438
10,2026-02-01 02:13:45,114177.99221789883,2702.0001342773435,120922,122065,0.9906361364846598
10,2026-02-01 02:13:45,114177.99221789883,2704.0001346588133,122354,122340,1.0001144351806441
10,2026-02-01 02:13:45,114177.99221789883,2706.000135040283,121541,122283,0.9939321083061423
10,2026-02-01 02:13:45,114177.99221789883,2708.000135421753,120646,121550,0.9925627313862608
10,2026-02-01 02:13:45,114177.99221789883,2710.0001358032223,121714,122866,0.990623931763059
10,2026-02-01 02:13:45,114177.99221789883,2712.000136184692,121304,122666,0.9888966787862977
10,2026-02-01 02:13:45,114177.99221789883,2714.000136566162,121132,122467,0.9890991042484915
10,2026-02-01 02:13:45,114177.99221789883,2716.0001369476317,121586,121838,0.9979316797714999
10,2026-02-01 02:13:45,114177.99221789883,2718.0001373291016,121300,122237,0.9923345631846331
10,2026-02-01 02:13:45,114177.99221789883,2720.000137710571,121374,121947,0.9953012374228148
10,2026-02-01 02:13:45,114177.99221789883,2722.0001380920407,121175,121230,0.9995463169182546
10,2026-02-01 02:13:45,114177.99221789883,2724.0001384735106,121049,121975,0.9924082803853249
10,2026-02-01 02:13:45,114177.99221789883,2726.0001388549804,120089,120681,0.9950945053488122
10,2026-02-01 02:13:45,114177.99221789883,2728.00013923645,119660,120485,0.9931526746067976
10,2026-02-01 02:13:45,114177.99221789883,2730.0001396179196,119481,120090,0.9949288033974519
10,2026-02-01 02:13:45,114177.99221789883,2732.0001399993894,118875,119697,0.9931326599664152
10,2026-02-01 02:13:45,114177.99221789883,2734.000140380859,118146,118926,0.9934412996317038
10,2026-02-01 02:13:45,114177.99221789883,2736.000140762329,117811,117725,1.0007305160331281
10,2026-02-01 02:13:45,114177.99221789883,2738.000141143799,116780,117259,0.995915025712312
10,2026-02-01 02:13:45,114177.99221789883,2740.000141525268,116209,116640,0.9963048696844993
10,2026-02-01 02:13:45,114177.99221789883,2742.000141906738,115166,115702,0.9953674093792674
10,2026-02-01 02:13:45,114177.99221789883,2744.000142288208,114698,114801,0.9991027952718182
10,2026-02-01 02:13:45,114177.99221789883,2746.0001426696776,114093,113905,1.0016504982222028
10,2026-02-01 02:13:45,114177.99221789883,2748.0001430511475,112541,113213,0.9940642859035623
10,2026-02-01 02:13:45,114177.99221789883,2750.000143432617,112689,112333,1.003169148869878
10,2026-02-01 02:13:45,114177.99221789883,2752.0001438140866,111366,112140,0.9930979133226324
10,2026-02-01 02:13:45,114177.99221789883,2754.0001441955565,111178,111234,0.9994965568081702
10,2026-02-01 02:13:45,114177.99221789883,2756.0001445770263,110656,111298,0.9942317022767705
10,2026-02-01 02:13:45,114177.99221789883,2758.000144958496,110343,111434,0.9902094513344222
10,2026-02-01 02:13:45,114177.99221789883,2760.0001453399655,110460,111353,0.9919804585417547
10,2026-02-01 02:13:45,114177.99221789883,2762.0001457214353,110988,111051,0.99943269308696
10,2026-02-01 02:13:45,114177.99221789883,2764.000146102905,111163,111956,0.9929168601950766
10,2026-02-01 02:13:45,114177.99221789883,2766.000146484375,111567,112458,0.9920770420957158
10,2026-02-01 02:13:45,114177.99221789883,2768.0001468658447,112943,113591,0.994295322692819
10,2026-02-01 02:13:45,114177.99221789883,2770.000147247314,113160,113783,0.9945246653718042
10,2026-02-01 02:13:45,114177.99221789883,2772.000147628784,114126,114822,0.9939384438522234
10,2026-02-01 02:13:45,114177.99221789883,2774.0001480102537,114582,115938,0.9883040935672515
10,2026-02-01 02:13:45,114177.99221789883,2776.0001483917235,115163,116369,0.989636415196487
10,2026-02-01 02:13:45,114177.99221789883,2778.0001487731934,116747,117930,0.9899686254557789
10,2026-02-01 02:13:45,114177.99221789883,2780.0001491546627,117433,119254,0.9847300719472722
10,2026-02-01 02:13:45,114177.99221789883,2782.0001495361325,119132,119719,0.995096851794619
10,2026-02-01 02:13:45,114177.99221789883,2784.0001499176024,120149,120422,0.997732972380462
10,2026-02-01 02:13:45,114177.99221789883,2786.000150299072,120867,121625,0.9937677286742035
10,2026-02-01 02:13:45,114177.99221789883,2788.000150680542,121487,121930,0.9963667678176003
10,2026-02-01 02:13:45,114177.99221789883,2790.0001510620114,122578,122339,1.0019535879809383
10,2026-02-01 02:13:45,114177.99221789883,2792.000151443481,122712,123312,0.9951342934994161
10,2026-02-01 02:13:45,114177.99221789883,2794.000151824951,122577,123217,0.9948059115219491
10,2026-02-01 02:13:45,114177.99221789883,2796.000152206421,123009,124074,0.9914164127859181
10,2026-02-01 02:13:45,114177.99221789883,2798.0001525878906,122952,123770,0.9933909671164256
10,2026-02-01 02:13:45,114177.99221789883,2800.00015296936,123880,123711,1.001366087090073
10,2026-02-01 02:13:45,114177.99221789883,2802.00015335083,123011,123441,0.9965165544673164
10,2026-02-01 02:13:45,114177.99221789883,2804.0001537322996,123867,124270,0.9967570612376278
10,2026-02-01 02:13:45,114177.99221789883,2806.0001541137694,122930,123613,0.9944746911732585
10,2026-02-01 02:13:45,114177.99221789883,2808.0001544952393,123262,122765,1.0040483851260538
10,2026-02-01 02:13:45,114177.99221789883,2810.0001548767086,122515,122420,1.0007760169906879
10,2026-02-01 02:13:45,114177.99221789883,2812.0001552581784,121517,122140,0.9948992958899623
10,2026-02-01 02:13:45,114177.99221789883,2814.0001556396483,121591,121616,0.9997944349427706
10,2026-02-01 02:13:45,114177.99221789883,2816.000156021118,121164,121717,0.9954566740882539
10,2026-02-01 02:13:45,114177.99221789883,2818.000156402588,119915,120056,0.9988255480775639
10,2026-02-01 02:13:45,114177.99221789883,2820.0001567840573,119374,119450,0.9993637505232315
10,2026-02-01 02:13:45,114177.99221789883,2822.000157165527,118343,119092,0.9937107446344003
10,2026-02-01 02:13:45,114177.99221789883,2824.000157546997,117335,118064,0.9938253828432037
10,2026-02-01 02:13:45,114177.99221789883,2826.0001579284667,116612,117097,0.9958581347088311
10,2026-02-01 02:13:45,114177.99221789883,2828.0001583099365,115502,116095,0.9948921142168052
10,2026-02-01 02:13:45,114177.99221789883,2830.000158691406,115223,115319,0.9991675266001266
10,2026-02-01 02:13:45,114177.99221789883,2832.0001590728757,114332,114441,0.999047544149387
10,2026-02-01 02:13:45,114177.99221789883,2834.0001594543455,113255,113625,0.9967436743674367
10,2026-02-01 02:13:45,114177.99221789883,2836.0001598358153,112528,112077,1.004024019201085
10,2026-02-01 02:13:45,114177.99221789883,2838.000160217285,111554,111748,0.9982639510326807
10,2026-02-01 02:13:45,114177.99221789883,2840.0001605987545,110340,110934,0.9946454648710044
10,2026-02-01 02:13:45,114177.99221789883,2842.0001609802243,109831,110460,0.9943056309976462
10,2026-02-01 02:13:45,114177.99221789883,2844.000161361694,109102,108760,1.0031445384332476
10,2026-02-01 02:13:45,114177.99221789883,2846.000161743164,108061,108575,0.9952659451991711
10,2026-02-01 02:13:45,114177.99221789883,2848.000162124634,107949,108511,0.9948208015777202
10,2026-02-01 02:13:45,114177.99221789883,2850.000162506103,107014,108338,0.9877789879820562
10,2026-02-01 02:13:45,114177.99221789883,2852.000162887573,107774,108498,0.9933270659366993
10,2026-02-01 02:13:45,114177.99221789883,2854.000163269043,107237,108463,0.9886966062159446
10,2026-02-01 02:13:45,114177.99221789883,2856.0001636505126,108470,109366,0.9918073258599565
10,2026-02-01 02:13:45,114177.99221789883,2858.0001640319824,109046,109540,0.9954902318787657
10,2026-02-01 02:13:45,114177.99221789883,2860.000164413452,109725,110193,0.9957529062644632
10,2026-02-01 02:13:45,114177.99221789883,2862.0001647949216,110559,111500,0.991560538116592
10,2026-02-01 02:13:45,114177.99221789883,2864.0001651763914,111626,112790,0.9896799361645536
10,2026-02-01 02:13:45,114177.99221789883,2866.0001655578612,112721,113867,0.9899356266521468
10,2026-02-01 02:13:45,114177.99221789883,2868.000165939331,113313,115011,0.9852361947987583
10,2026-02-01 02:13:45,114177.99221789883,2870.0001663208004,114984,116199,0.989543799860584
10,2026-02-01 02:13:45,114177.99221789883,2872.0001667022702,116207,117333,0.9904033818277893
10,2026-02-01 02:13:45,114177.99221789883,2874.00016708374,117250,118253,0.9915181855851437
10,2026-02-01 02:13:45,114177.99221789883,2876.00016746521,118122,118978,0.9928053925935887
10,2026-02-01 02:13:45,114177.99221789883,2878.0001678466797,119214,119897,0.9943034437892524
10,2026-02-01 02:13:45,114177.99221789883,2880.000168228149,120199,120186,1.0001081656765347
10,2026-02-01 02:13:45,114177.99221789883,2882.000168609619,120573,121556,0.99191319227352
10,2026-02-01 02:13:45,114177.99221789883,2884.0001689910887,120991,121601,0.9949835938849187
10,2026-02-01 02:13:45,114177.99221789883,2886.0001693725585,120464,122019,0.9872560830690302
10,2026-02-01 02:13:45,114177.99221789883,2888.0001697540283,120966,121828,0.9929244508651541
10,2026-02-01 02:13:45,114177.99221789883,2890.0001701354977,120950,121702,0.9938209725394817
10,2026-02-01 02:13:45,114177.99221789883,2892.0001705169675,121948,121507,1.0036294205272125
10,2026-02-01 02:13:45,114177.99221789883,2894.0001708984373,121220,122416,0.9902300352895046
10,2026-02-01 02:13:45,114177.99221789883,2896.000171279907,121457,122284,0.9932370547250663
10,2026-02-01 02:13:45,114177.99221789883,2898.000171661377,120608,121863,0.9897015501013433
10,2026-02-01 02:13:45,114177.99221789883,2900.0001720428463,121333,121464,0.9989214911414082
10,2026-02-01 02:13:45,114177.99221789883,2902.000172424316,120341,121779,0.9881917243531315
10,2026-02-01 02:13:45,114177.99221789883,2904.000172805786,120044,121843,0.985235097625633
10,2026-02-01 02:13:45,114177.99221789883,2906.0001731872558,120180,121578,0.9885012091003307
10,2026-02-01 02:13:45,114177.99221789883,2908.0001735687256,120534,121619,0.9910786965852375
10,2026-02-01 02:13:45,114177.99221789883,2910.000173950195,119998,120444,0.9962970343063997
10,2026-02-01 02:13:45,114177.99221789883,2912.0001743316648,119740,120063,0.997309745716832
10,2026-02-01 02:13:45,114177.99221789883,2914.0001747131346,119059,120025,0.9919516767340137
10,2026-02-01 02:13:45,114177.99221789883,2916.0001750946044,118623,118542,1.0006833021207673
10,2026-02-01 02:13:45,114177.99221789883,2918.000175476074,118004,117459,1.004639916907176
10,2026-02-01 02:13:45,114177.99221789883,2920.0001758575436,116344,115925,1.0036144058658616
10,2026-02-01 02:13:45,114177.99221789883,2922.0001762390134,115439,114931,1.004420043330346
10,2026-02-01 02:13:45,114177.99221789883,2924.000176620483,114198,114593,0.9965530180726572
10,2026-02-01 02:13:45,114177.99221789883,2926.000177001953,113611,113271,1.0030016509079993
10,2026-02-01 02:13:45,114177.99221789883,2928.000177383423,111380,112407,0.9908635583193217
10,2026-02-01 02:13:45,114177.99221789883,2930.000177764892,110323,110893,0.9948599100033365
10,2026-02-01 02:13:45,114177.99221789883,2932.000178146362,109647,110463,0.9926129111105076
10,2026-02-01 02:13:45,114177.99221789883,2934.000178527832,109127,108986,1.0012937441506249
10,2026-02-01 02:13:45,114177.99221789883,2936.0001789093017,108210,108551,0.996858619450765
10,2026-02-01 02:13:45,114177.99221789883,2938.0001792907715,107810,107799,1.0001020417629105
10,2026-02-01 02:13:45,114177.99221789883,2940.000179672241,107097,107691,0.9944842187369418
10,2026-02-01 02:13:45,114177.99221789883,2942.0001800537107,107735,107419,1.0029417514592391
10,2026-02-01 02:13:45,114177.99221789883,2944.0001804351805,107053,108072,0.9905711007476498
10,2026-02-01 02:13:45,114177.99221789883,2946.0001808166503,107490,108529,0.9904265219434437
10,2026-02-01 02:13:45,114177.99221789883,2948.00018119812,107591,108522,0.9914210943403181
10,2026-02-01 02:13:45,114177.99221789883,2950.0001815795895,107523,109571,0.9813089229814458
10,2026-02-01 02:13:45,114177.99221789883,2952.0001819610593,108237,110180,0.9823652205481939
10,2026-02-01 02:13:45,114177.99221789883,2954.000182342529,109322,110920,0.985593220338983
10,2026-02-01 02:13:45,114177.99221789883,2956.000182723999,110217,111934,0.9846606035699609
10,2026-02-01 02:13:45,114177.99221789883,2958.0001831054688,111597,114130,0.9778060106895645
10,2026-02-01 02:13:45,114177.99221789883,2960.000183486938,113177,114988,0.9842505304901381
10,2026-02-01 02:13:45,114177.99221789883,2962.000183868408,114796,115897,0.9905001855095472
10,2026-02-01 02:13:45,114177.99221789883,2964.0001842498777,115844,117607,0.9850093956992356
10,2026-02-01 02:13:45,114177.99221789883,2966.0001846313476,116580,118719,0.9819826649483233
10,2026-02-01 02:13:45,114177.99221789883,2968.0001850128174,117458,119261,0.9848818976865865
10,2026-02-01 02:13:45,114177.99221789883,2970.0001853942867,119358,120921,0.9870742054729947
10,2026-02-01 02:13:45,114177.99221789883,2972.0001857757566,120233,121546,0.9891975054711797
10,2026-02-01 02:13:45,114177.99221789883,2974.0001861572264,119999,122299,0.9811936320002617
10,2026-02-01 02:13:45,114177.99221789883,2976.000186538696,121013,123354,0.9810220989996271
10,2026-02-01 02:13:45,114177.99221789883,2978.000186920166,122469,124096,0.9868891825683342
10,2026-02-01 02:13:45,114177.99221789883,2980.0001873016354,122042,123563,0.9876904898715635
10,2026-02-01 02:13:45,114177.99221789883,2982.000187683105,121868,124520,0.9787022165114038
10,2026-02-01 02:13:45,114177.99221789883,2984.000188064575,121705,123667,0.9841348136527934
10,2026-02-01 02:13:45,114177.99221789883,2986.000188446045,121907,123642,0.9859675514792708
10,2026-02-01 02:13:45,114177.99221789883,2988.0001888275146,121687,123743,0.9833849187428784
10,2026-02-01 02:13:45,114177.99221789883,2990.000189208984,121994,123681,0.9863600714741957
10,2026-02-01 02:13:45,114177.99221789883,2992.000189590454,121483,123552,0.9832540145040145
10,2026-02-01 02:13:45,114177.99221789883,2994.0001899719236,121087,122473,0.9886832199750148
10,2026-02-01 02:13:45,114177.99221789883,2996.0001903533935,120950,123191,0.9818087360277943
10,2026-02-01 02:13:45,114177.99221789883,2998.0001907348633,121282,122159,0.9928208318666656
10,2026-02-01 02:13:45,114177.99221789883,3000.0001911163326,119782,121275,0.9876891362605649
10,2026-02-01 02:13:45,114177.99221789883,3002.0001914978025,119960,121276,0.9891487186252845
10,2026-02-01 02:13:45,114177.99221789883,3004.0001918792723,118878,120730,0.9846599850906983
10,2026-02-01 02:13:45,114177.99221789883,3006.000192260742,118632,119740,0.9907466176716219
10,2026-02-01 02:13:45,114177.99221789883,3008.000192642212,118137,119415,0.9892978269061675
10,2026-02-01 02:13:45,114177.99221789883,3010.0001930236813,117455,118316,0.9927228777172994
10,2026-02-01 02:13:45,114177.99221789883,3012.000193405151,115711,118063,0.980078432701185
10,2026-02-01 02:13:45,114177.99221789883,3014.000193786621,115649,117100,0.9876088812980358
10,2026-02-01 02:13:45,114177.99221789883,3016.0001941680907,114605,115739,0.9902020926394733
10,2026-02-01 02:13:45,114177.99221789883,3018.0001945495605,114148,115279,0.9901890196826829
10,2026-02-01 02:13:45,114177.99221789883,3020.00019493103,113601,114424,0.9928074529818919
10,2026-02-01 02:13:45,114177.99221789883,3022.0001953124997,112486,114217,0.9848446378385004
10,2026-02-01 02:13:45,114177.99221789883,3024.0001956939695,111495,113403,0.983175048279146
10,2026-02-01 02:13:45,114177.99221789883,3026.0001960754394,111311,113200,0.9833127208480565
10,2026-02-01 02:13:45,114177.99221789883,3028.000196456909,111106,112427,0.9882501534328942
10,2026-02-01 02:13:45,114177.99221789883,3030.0001968383785,110988,112130,0.9898153928475876
10,2026-02-01 02:13:45,114177.99221789883,3032.0001972198484,110406,111666,0.9887163505453764
10,2026-02-01 02:13:45,114177.99221789883,3034.000197601318,110157,111655,0.9865836729210514
10,2026-02-01 02:13:45,114177.99221789883,3036.000197982788,110301,111751,0.9870247246109655
10,2026-02-01 02:13:45,114177.99221789883,3038.000198364258,110186,112383,0.9804507799222302
10,2026-02-01 02:13:45,114177.99221789883,3040.000198745727,109375,112334,0.9736589100361422
10,2026-02-01 02:13:45,114177.99221789883,3042.000199127197,110062,111866,0.9838735630128904
10,2026-02-01 02:13:45,114177.99221789883,3044.000199508667,110179,112238,0.9816550544378909
10,2026-02-01 02:13:45,114177.99221789883,3046.0001998901366,110415,113434,0.9733854047287409
10,2026-02-01 02:13:45,114177.99221789883,3048.0002002716064,111290,113840,0.9776001405481377
10,2026-02-01 02:13:45,114177.99221789883,3050.000200653076,111909,113743,0.9838759308265124
10,2026-02-01 02:13:45,114177.99221789883,3052.0002010345456,111883,114522,0.9769563926581792
10,2026-02-01 02:13:45,114177.99221789883,3054.0002014160154,112710,114867,0.9812217608190342
10,2026-02-01 02:13:45,114177.99221789883,3056.0002017974853,113843,115704,0.9839158542487727
10,2026-02-01 02:13:45,114177.99221789883,3058.000202178955,114245,116936,0.9769874119176302
10,2026-02-01 02:13:45,114177.99221789883,3060.0002025604244,115620,117017,0.988061563704419
10,2026-02-01 02:13:45,114177.99221789883,3062.0002029418943,116424,118698,0.9808421371884952
10,2026-02-01 02:13:45,114177.99221789883,3064.000203323364,116976,119134,0.9818859435593533
10,2026-02-01 02:13:45,114177.99221789883,3066.000203704834,118470,120326,0.9845752372720775
10,2026-02-01 02:13:45,114177.99221789883,3068.0002040863037,118759,121418,0.9781004463918035
10,2026-02-01 02:13:45,114177.99221789883,3070.000204467773,119975,121238,0.9895824741417707
10,2026-02-01 02:13:45,114177.99221789883,3072.000204849243,121057,122995,0.9842432619212164
10,2026-02-01 02:13:45,114177.99221789883,3074.0002052307127,121935,123714,0.9856200591687279
10,2026-02-01 02:13:45,114177.99221789883,3076.0002056121825,122730,125215,0.9801541348879926
10,2026-02-01 02:13:45,114177.99221789883,3078.0002059936523,123124,124842,0.9862386055974752
10,2026-02-01 02:13:45,114177.99221789883,3080.0002063751217,123295,125180,0.9849416839750759
10,2026-02-01 02:13:45,114177.99221789883,3082.0002067565915,124084,125417,0.9893714568200483
10,2026-02-01 02:13:45,114177.99221789883,3084.0002071380613,124462,125833,0.9891046068996209
10,2026-02-01 02:13:45,114177.99221789883,3086.000207519531,124282,126316,0.9838975268374552
10,2026-02-01 02:13:45,114177.99221789883,3088.000207901001,124058,126340,0.981937628621181
10,2026-02-01 02:13:45,114177.99221789883,3090.0002082824703,124297,126070,0.9859363845482668
10,2026-02-01 02:13:45,114177.99221789883,3092.00020866394,123173,125826,0.9789153275157757
10,2026-02-01 02:13:45,114177.99221789883,3094.00020904541,123221,124766,0.9876168186845775
10,2026-02-01 02:13:45,114177.99221789883,3096.00020942688,122741,124256,0.9878074298223023
10,2026-02-01 02:13:45,114177.99221789883,3098.0002098083496,121769,123136,0.9888984537422038
10,2026-02-01 02:13:45,114177.99221789883,3100.000210189819,121599,123101,0.987798636891658
10,2026-02-01 02:13:45,114177.99221789883,3102.000210571289,120137,121820,0.9861845345591856
10,2026-02-01 02:13:45,114177.99221789883,3104.0002109527586,118328,120775,0.9797391844338647
10,2026-02-01 02:13:45,114177.99221789883,3106.0002113342284,118204,119428,0.9897511471346753
10,2026-02-01 02:13:45,114177.99221789883,3108.0002117156982,116815,118786,0.983407135521021
10,2026-02-01 02:13:45,114177.99221789883,3110.0002120971676,115969,116788,0.9929872932150563
10,2026-02-01 02:13:45,114177.99221789883,3112.0002124786374,113606,115788,0.9811552147027326
10,2026-02-01 02:13:45,114177.99221789883,3114.0002128601072,112729,114388,0.9854967304262685
10,2026-02-01 02:13:45,114177.99221789883,3116.000213241577,112147,113830,0.9852147939910393
10,2026-02-01 02:13:45,114177.99221789883,3118.000213623047,110785,112484,0.9848956296006544
10,2026-02-01 02:13:45,114177.99221789883,3120.0002140045162,110018,110768,0.9932290914343492
10,2026-02-01 02:13:45,114177.99221789883,3122.000214385986,109682,110135,0.9958868661188541
10,2026-02-01 02:13:45,114177.99221789883,3124.000214767456,108832,109993,0.9894447828498177
10,2026-02-01 02:13:45,114177.99221789883,3126.0002151489257,108396,109832,0.9869254861971011
10,2026-02-01 02:13:45,114177.99221789883,3128.0002155303955,108143,109431,0.988230026226572
10,2026-02-01 02:13:45,114177.99221789883,3130.000215911865,107698,109946,0.9795535990395285
10,2026-02-01 02:13:45,114177.99221789883,3132.0002162933347,108330,109977,0.9850241414113861
10,2026-02-01 02:13:45,114177.99221789883,3134.0002166748045,108579,110627,0.9814873403418696
10,2026-02-01 02:13:45,114177.99221789883,3136.0002170562743,110276,111101,0.992574324263508
10,2026-02-01 02:13:45,114177.99221789883,3138.000217437744,110012,113161,0.9721723915483249
10,2026-02-01 02:13:45,114177.99221789883,3140.0002178192135,111230,113852,0.9769701015353266
10,2026-02-01 02:13:45,114177.99221789883,3142.0002182006833,112043,114000,0.9828333333333333
10,2026-02-01 02:13:45,114177.99221789883,3144.000218582153,113518,115067,0.9865382776990796
10,2026-02-01 02:13:45,114177.99221789883,3146.000218963623,114796,116848,0.982438723812132
10,2026-02-01 02:13:45,114177.99221789883,3148.000219345093,115811,117774,0.9833324842494948
10,2026-02-01 02:13:45,114177.99221789883,3150.000219726562,117425,118700,0.9892586352148273
10,2026-02-01 02:13:45,114177.99221789883,3152.000220108032,118752,119317,0.9952647150028915
10,2026-02-01 02:13:45,114177.99221789883,3154.0002204895018,118472,120858,0.9802578232305681
10,2026-02-01 02:13:45,114177.99221789883,3156.0002208709716,119864,121167,0.9892462469154143
10,2026-02-01 02:13:45,114177.99221789883,3158.0002212524414,120586,122055,0.9879644422596371
10,2026-02-01 02:13:45,114177.99221789883,3160.0002216339108,120986,122080,0.9910386631716906
10,2026-02-01 02:13:45,114177.99221789883,3162.0002220153806,121524,122304,0.9936224489795918
10,2026-02-01 02:13:45,114177.99221789883,3164.0002223968504,122047,122970,0.9924941042530698
10,2026-02-01 02:13:45,114177.99221789883,3166.00022277832,121393,123436,0.983448912796915
10,2026-02-01 02:13:45,114177.99221789883,3168.00022315979,122451,123851,0.98869609450065
10,2026-02-01 02:13:45,114177.99221789883,3170.0002235412594,122880,123765,0.9928493515937462
10,2026-02-01 02:13:45,114177.99221789883,3172.000223922729,123354,123917,0.9954566362968761
10,2026-02-01 02:13:45,114177.99221789883,3174.000224304199,122339,124159,0.985341376782996
10,2026-02-01 02:13:45,114177.99221789883,3176.000224685669,123302,123739,0.9964683729462821
10,2026-02-01 02:13:45,114177.99221789883,3178.0002250671387,122634,124145,0.9878287486407024
10,2026-02-01 02:13:45,114177.99221789883,3180.000225448608,123518,123799,0.9977301916816775
10,2026-02-01 02:13:45,114177.99221789883,3182.000225830078,123193,123621,0.9965378050654824
10,2026-02-01 02:13:45,114177.99221789883,3184.0002262115477,122811,122885,0.9993978109614681
10,2026-02-01 02:13:45,114177.99221789883,3186.0002265930175,122910,123484,0.9953516245019598
10,2026-02-01 02:13:45,114177.99221789883,3188.0002269744873,122360,123042,0.9944571772240374
10,2026-02-01 02:13:45,114177.99221789883,3190.0002273559567,122250,123439,0.9903677119872973
10,2026-02-01 02:13:45,114177.99221789883,3192.0002277374265,121205,122711,0.9877272616146882
10,2026-02-01 02:13:45,114177.99221789883,3194.0002281188963,121924,121773,1.0012400121537615
10,2026-02-01 02:13:45,114177.99221789883,3196.000228500366,121376,121700,0.9973377156943303
10,2026-02-01 02:13:45,114177.99221789883,3198.000228881836,120602,121075,0.9960933305802189
10,2026-02-01 02:13:45,114177.99221789883,3200.0002292633053,120164,120090,1.0006162045132818
10,2026-02-01 02:13:45,114177.99221789883,3202.000229644775,118834,118886,0.9995626061941693
10,2026-02-01 02:13:45,114177.99221789883,3204.000230026245,117968,118566,0.9949563955940152
10,2026-02-01 02:13:45,114177.99221789883,3206.0002304077148,116890,117775,0.9924856718318829
10,2026-02-01 02:13:45,114177.99221789883,3208.0002307891846,116785,116377,1.0035058473753404
10,2026-02-01 02:13:45,114177.99221789883,3210.000231170654,115543,115236,1.0026640980249228
10,2026-02-01 02:13:45,114177.99221789883,3212.0002315521238,114514,114643,0.9988747677572988
10,2026-02-01 02:13:45,114177.99221789883,3214.0002319335936,112956,113450,0.9956456588805641
10,2026-02-01 02:13:45,114177.99221789883,3216.0002323150634,112087,112781,0.9938464812335411
10,2026-02-01 02:13:45,114177.99221789883,3218.000232696533,111577,110984,1.0053431125207237
10,2026-02-01 02:13:45,114177.99221789883,3220.0002330780026,110509,109941,1.0051664074367161
10,2026-02-01 02:13:45,114177.99221789883,3222.0002334594724,109395,109998,0.9945180821469481
10,2026-02-01 02:13:45,114177.99221789883,3224.000233840942,108573,109214,0.9941307890929735
10,2026-02-01 02:13:45,114177.99221789883,3226.000234222412,108777,109699,0.9915951831830737
10,2026-02-01 02:13:45,114177.99221789883,3228.000234603882,107952,108952,0.9908216462295323
10,2026-02-01 02:13:45,114177.99221789883,3230.000234985351,109119,109842,0.9934178183208608
10,2026-02-01 02:13:45,114177.99221789883,3232.000235366821,108952,109380,0.9960870360212104
10,2026-02-01 02:13:45,114177.99221789883,3234.000235748291,109912,110401,0.9955706922944538
10,2026-02-01 02:13:45,114177.99221789883,3236.0002361297607,110095,112210,0.9811514125300775
10,2026-02-01 02:13:45,114177.99221789883,3238.0002365112305,111321,113459,0.9811561885791343
10,2026-02-01 02:13:45,114177.99221789883,3240.0002368927,112980,113967,0.9913395983047725
10,2026-02-01 02:13:45,114177.99221789883,3242.0002372741696,114192,115042,0.9926113940995462
10,2026-02-01 02:13:45,114177.99221789883,3244.0002376556395,115297,116683,0.9881216629671846
10,2026-02-01 02:13:45,114177.99221789883,3246.0002380371093,116385,118103,0.9854533754434688
10,2026-02-01 02:13:45,114177.99221789883,3248.000238418579,117733,118284,0.9953417199283081
10,2026-02-01 02:13:45,114177.99221789883,3250.0002388000485,118524,120963,0.9798368096029364
10,2026-02-01 02:13:45,114177.99221789883,3252.0002391815183,119956,121046,0.9909951588652248
10,2026-02-01 02:13:45,114177.99221789883,3254.000239562988,119546,122062,0.9793875243728597
10,2026-02-01 02:13:45,114177.99221789883,3256.000239944458,119909,122527,0.9786332808278991
10,2026-02-01 02:13:45,114177.99221789883,3258.0002403259277,120285,122889,0.9788101457412787
10,2026-02-01 02:13:45,114177.99221789883,3260.000240707397,120146,124144,0.9677954633329037
10,2026-02-01 02:13:45,114177.99221789883,3262.000241088867,118839,124766,0.9524950707724861
10,2026-02-01 02:13:45,114177.99221789883,3264.0002414703367,116292,125170,0.9290724614524247
10,2026-02-01 02:13:45,114177.99221789883,3266.0002418518065,116586,124840,0.9338833707145145
10,2026-02-01 02:13:45,114177.99221789883,3268.0002422332764,117997,125161,0.9427617229009037
10,2026-02-01 02:13:45,114177.99221789883,3270.0002426147457,119769,125804,0.9520285523512766
10,2026-02-01 02:13:45,114177.99221789883,3272.0002429962155,121105,125492,0.9650415962770535
10,2026-02-01 02:13:45,114177.99221789883,3274.0002433776854,122883,125684,0.9777139492695968
10,2026-02-01 02:13:45,114177.99221789883,3276.000243759155,123238,124389,0.9907467702128002
10,2026-02-01 02:13:45,114177.99221789883,3278.000244140625,122961,124903,0.9844519347013282
10,2026-02-01 02:13:45,114177.99221789883,3280.0002445220944,122905,124604,0.9863648036981156
10,2026-02-01 02:13:45,114177.99221789883,3282.000244903564,123009,123921,0.9926404725591305
10,2026-02-01 02:13:45,114177.99221789883,3284.000245285034,121783,123376,0.9870882505511607
10,2026-02-01 02:13:45,114177.99221789883,3286.000245666504,121812,122400,0.9951960784313726
10,2026-02-01 02:13:45,114177.99221789883,3288.0002460479736,120794,121848,0.9913498785371939
10,2026-02-01 02:13:45,114177.99221789883,3290.000246429443,120334,120540,0.9982910237265638
10,2026-02-01 02:13:45,114177.99221789883,3292.000246810913,119314,119686,0.9968918670521197
10,2026-02-01 02:13:45,114177.99221789883,3294.0002471923826,118990,118533,1.003855466410198
10,2026-02-01 02:13:45,114177.99221789883,3296.0002475738524,118017,117776,1.002046257301997
10,2026-02-01 02:13:45,114177.99221789883,3298.0002479553223,116942,117122,0.9984631409982753
10,2026-02-01 02:13:45,114177.99221789883,3300.0002483367916,115523,116695,0.9899567247954069
10,2026-02-01 02:13:45,114177.99221789883,3302.0002487182614,114835,115262,0.9962953965747601
10,2026-02-01 02:13:45,114177.99221789883,3304.0002490997313,114763,114950,0.9983732057416268
10,2026-02-01 02:13:45,114177.99221789883,3306.000249481201,114247,114233,1.0001225565291991
10,2026-02-01 02:13:45,114177.99221789883,3308.000249862671,113908,113664,1.002146677927928
10,2026-02-01 02:13:45,114177.99221789883,3310.0002502441403,113314,113102,1.0018744142455482
10,2026-02-01 02:13:45,114177.99221789883,3312.00025062561,112249,113558,0.9884728508779654
10,2026-02-01 02:13:45,114177.99221789883,3314.00025100708,112323,112723,0.9964514784028105
10,2026-02-01 02:13:45,114177.99221789883,3316.0002513885497,112236,113052,0.9927820825814669
10,2026-02-01 02:13:45,114177.99221789883,3318.0002517700195,112432,112118,1.002800620774541
10,2026-02-01 02:13:45,114177.99221789883,3320.000252151489,112006,111864,1.0012693985553887
10,2026-02-01 02:13:45,114177.99221789883,3322.0002525329587,112569,112633,0.9994317828700292
10,2026-02-01 02:13:45,114177.99221789883,3324.0002529144285,111999,111917,1.0007326858296774
10,2026-02-01 02:13:45,114177.99221789883,3326.0002532958983,111879,113075,0.9894229493698873
10,2026-02-01 02:13:45,114177.99221789883,3328.000253677368,112407,113267,0.9924073207553833
10,2026-02-01 02:13:45,114177.99221789883,3330.0002540588375,113009,114279,0.9888868471022673
10,2026-02-01 02:13:45,114177.99221789883,3332.0002544403073,113611,114630,0.9911105295297915
10,2026-02-01 02:13:45,114177.99221789883,3334.000254821777,113329,115073,0.9848444031180207
10,2026-02-01 02:13:45,114177.99221789883,3336.000255203247,114386,115627,0.9892672126752402
10,2026-02-01 02:13:45,114177.99221789883,3338.000255584717,115621,116112,0.9957713242386661
10,2026-02-01 02:13:45,114177.99221789883,3340.000255966186,116529,117277,0.9936219378053668
10,2026-02-01 02:13:45,114177.99221789883,3342.000256347656,117107,118324,0.9897146817213752
10,2026-02-01 02:13:45,114177.99221789883,3344.000256729126,117724,119457,0.9854926877453812
10,2026-02-01 02:13:45,114177.99221789883,3346.0002571105956,118937,119746,0.9932440332036143
10,2026-02-01 02:13:45,114177.99221789883,3348.0002574920654,119926,120884,0.9920750471526422
10,2026-02-01 02:13:45,114177.99221789883,3350.000257873535,120544,120891,0.9971296457139076
10,2026-02-01 02:13:45,114177.99221789883,3352.0002582550046,121662,121296,1.0030174119509299
10,2026-02-01 02:13:45,114177.99221789883,3354.0002586364744,122188,122882,0.9943523054637783
10,2026-02-01 02:13:45,114177.99221789883,3356.0002590179442,122429,122913,0.9960622554164328
10,2026-02-01 02:13:45,114177.99221789883,3358.000259399414,123141,123711,0.9953924873293402
10,2026-02-01 02:13:45,114177.99221789883,3360.0002597808834,123704,124289,0.9952932278801825
10,2026-02-01 02:13:45,114177.99221789883,3362.0002601623532,123693,124688,0.9920200821249839
10,2026-02-01 02:13:45,114177.99221789883,3364.000260543823,124242,124970,0.9941746019044571
10,2026-02-01 02:13:45,114177.99221789883,3366.000260925293,124870,125577,0.99436998813477
10,2026-02-01 02:13:45,114177.99221789883,3368.0002613067627,124202,125314,0.9911262907576168
10,2026-02-01 02:13:45,114177.99221789883,3370.000261688232,124954,125717,0.9939308128574497
10,2026-02-01 02:13:45,114177.99221789883,3372.000262069702,124943,125872,0.992619486462438
10,2026-02-01 02:13:45,114177.99221789883,3374.0002624511717,123503,125092,0.9872973491510249
10,2026-02-01 02:13:45,114177.99221789883,3376.0002628326415,124545,124961,0.996670961339938
10,2026-02-01 02:13:45,114177.99221789883,3378.0002632141113,123981,124384,0.996760033444816
10,2026-02-01 02:13:45,114177.99221789883,3380.0002635955807,124044,123764,1.0022623703177014
10,2026-02-01 02:13:45,114177.99221789883,3382.0002639770505,123296,123566,0.9978149329103475
10,2026-02-01 02:13:45,114177.99221789883,3384.0002643585203,122797,122383,1.0033828227776733
10,2026-02-01 02:13:45,114177.99221789883,3386.00026473999,122023,121925,1.0008037728111543
10,2026-02-01 02:13:45,114177.99221789883,3388.00026512146,120246,120865,0.994878583543623
10,2026-02-01 02:13:45,114177.99221789883,3390.0002655029293,120338,119010,1.0111587261574657
10,2026-02-01 02:13:45,114177.99221789883,3392.000265884399,117849,117909,0.9994911329923925
10,2026-02-01 02:13:45,114177.99221789883,3394.000266265869,116278,117382,0.9905948101071714
10,2026-02-01 02:13:45,114177.99221789883,3396.000266647339,115323,115432,0.9990557211171945
10,2026-02-01 02:13:45,114177.99221789883,3398.0002670288086,114273,114004,1.0023595663310059
10,2026-02-01 02:13:45,114177.99221789883,3400.000267410278,113488,113066,1.003732333327437
10,2026-02-01 02:13:45,114177.99221789883,3402.000267791748,112362,112493,0.998835483096726
10,2026-02-01 02:13:45,114177.99221789883,3404.0002681732176,111827,111715,1.0010025511345835
10,2026-02-01 02:13:45,114177.99221789883,3406.0002685546874,111232,110594,1.005768848219614
10,2026-02-01 02:13:45,114177.99221789883,3408.000268936157,109768,110039,0.9975372367978625
10,2026-02-01 02:13:45,114177.99221789883,3410.0002693176266,109928,110744,0.9926316549880806
10,2026-02-01 02:13:45,114177.99221789883,3412.0002696990964,109162,109941,0.9929143813499968
10,2026-02-01 02:13:45,114177.99221789883,3414.000270080566,109024,110075,0.9904519645696116
10,2026-02-01 02:13:45,114177.99221789883,3416.000270462036,108709,110185,0.986604347234197
10,2026-02-01 02:13:45,114177.99221789883,3418.000270843506,109619,110089,0.99573072695728
10,2026-02-01 02:13:45,114177.99221789883,3420.000271224975,109092,109585,0.9955012091070858
10,2026-02-01 02:13:45,114177.99221789883,3422.000271606445,110615,111191,0.9948197246179996
10,2026-02-01 02:13:45,114177.99221789883,3424.000271987915,110716,112157,0.9871519388000749
10,2026-02-01 02:13:45,114177.99221789883,3426.0002723693847,112202,112970,0.9932017349738869
10,2026-02-01 02:13:45,114177.99221789883,3428.0002727508545,112678,113899,0.9892799761191933
10,2026-02-01 02:13:45,114177.99221789883,3430.000273132324,112626,114123,0.9868825740648248
10,2026-02-01 02:13:45,114177.99221789883,3432.0002735137937,114120,115730,0.9860883089950747
10,2026-02-01 02:13:45,114177.99221789883,3434.0002738952635,115333,116470,0.9902378294839873
10,2026-02-01 02:13:45,114177.99221789883,3436.0002742767333,116059,117026,0.9917368789841574
10,2026-02-01 02:13:45,114177.99221789883,3438.000274658203,117040,118907,0.9842986535695964
10,2026-02-01 02:13:45,114177.99221789883,3440.0002750396725,117378,119767,0.9800529361176284
10,2026-02-01 02:13:45,114177.99221789883,3442.0002754211423,119302,120030,0.9939348496209282
10,2026-02-01 02:13:45,114177.99221789883,3444.000275802612,119797,120210,0.9965643457283088
10,2026-02-01 02:13:45,114177.99221789883,3446.000276184082,119992,120360,0.9969425058158857
10,2026-02-01 02:13:45,114177.99221789883,3448.0002765655518,120631,121011,0.9968597896059036
10,2026-02-01 02:13:45,114177.99221789883,3450.000276947021,120953,122253,0.9893663141190809
10,2026-02-01 02:13:45,114177.99221789883,3452.000277328491,121192,122917,0.9859661397528413
10,2026-02-01 02:13:45,114177.99221789883,3454.0002777099608,121526,122311,0.993581934576612
10,2026-02-01 02:13:45,114177.99221789883,3456.0002780914306,121361,122503,0.9906777793196901
10,2026-02-01 02:13:45,114177.99221789883,3458.0002784729004,121476,123169,0.9862546582338089
10,2026-02-01 02:13:45,114177.99221789883,3460.0002788543698,121197,122483,0.9895005837544802
10,2026-02-01 02:13:45,114177.99221789883,3462.0002792358396,121986,122715,0.994059405940594
10,2026-02-01 02:13:45,114177.99221789883,3464.0002796173094,122113,122487,0.996946614742789
10,2026-02-01 02:13:45,114177.99221789883,3466.000279998779,121623,122933,0.9893437888931369
10,2026-02-01 02:13:45,114177.99221789883,3468.000280380249,121802,122911,0.9909772111527854
10,2026-02-01 02:13:45,114177.99221789883,3470.0002807617184,121367,121807,0.9963877281272834
10,2026-02-01 02:13:45,114177.99221789883,3472.000281143188,120860,121422,0.9953715142231226
10,2026-02-01 02:13:45,114177.99221789883,3474.000281524658,120088,121038,0.9921512252350502
10,2026-02-01 02:13:45,114177.99221789883,3476.000281906128,120838,121144,0.9974740804332035
10,2026-02-01 02:13:45,114177.99221789883,3478.0002822875977,120289,120405,0.9990365848594327
10,2026-02-01 02:13:45,114177.99221789883,3480.000282669067,119700,119585,1.0009616590709538
10,2026-02-01 02:13:45,114177.99221789883,3482.000283050537,118988,119008,0.9998319440709869
10,2026-02-01 02:13:45,114177.99221789883,3484.0002834320067,118322,118642,0.9973028101346909
10,2026-02-01 02:13:45,114177.99221789883,3486.0002838134765,117308,117635,0.9972202150720448
10,2026-02-01 02:13:45,114177.99221789883,3488.0002841949463,116762,116670,1.0007885488986028
10,2026-02-01 02:13:45,114177.99221789883,3490.0002845764157,115155,115498,0.9970302516060884
10,2026-02-01 02:13:45,114177.99221789883,3492.0002849578855,114093,114071,1.0001928623401215
10,2026-02-01 02:13:45,114177.99221789883,3494.0002853393553,113322,113409,0.9992328651165251
10,2026-02-01 02:13:45,114177.99221789883,3496.000285720825,112582,112034,1.0048913722619919
10,2026-02-01 02:13:45,114177.99221789883,3498.000286102295,111227,111229,0.9999820190777585
10,2026-02-01 02:13:45,114177.99221789883,3500.0002864837643,109483,110456,0.9911910625045267
11,2026-02-01 02:45:40,114827.22087434193,2000.0000003814696,111753,112455,0.9937575030012005
11,2026-02-01 02:45:40,114827.22087434193,2002.0000007629394,111035,111170,0.9987856436088873
11,2026-02-01 02:45:40,114827.22087434193,2004.000001144409,110617,111214,0.9946319707950438
11,2026-02-01 02:45:40,114827.22087434193,2006.0000015258788,110338,110463,0.9988683993735459
11,2026-02-01 02:45:40,114827.22087434193,2008.0000019073484,110146,110646,0.9954810838168574
11,2026-02-01 02:45:40,114827.22087434193,2010.0000022888182,109390,111031,0.9852203438679288
11,2026-02-01 02:45:40,114827.22087434193,2012.000002670288,110266,110763,0.9955129420474346
11,2026-02-01 02:45:40,114827.22087434193,2014.0000030517576,109981,110494,0.9953572139663692
11,2026-02-01 02:45:40,114827.22087434193,2016.0000034332274,110582,110744,0.9985371667991042
11,2026-02-01 02:45:40,114827.22087434193,2018.000003814697,110210,111440,0.9889626704953338
11,2026-02-01 02:45:40,114827.22087434193,2020.0000041961669,110724,111828,0.9901276961047323
11,2026-02-01 02:45:40,114827.22087434193,2022.0000045776367,111230,112248,0.9909307960943625
11,2026-02-01 02:45:40,114827.22087434193,2024.0000049591063,112024,112737,0.9936755457391984
11,2026-02-01 02:45:40,114827.22087434193,2026.000005340576,113181,113627,0.9960748765698294
11,2026-02-01 02:45:40,114827.22087434193,2028.0000057220457,113881,115755,0.983810634529826
11,2026-02-01 02:45:40,114827.22087434193,2030.0000061035155,114854,115317,0.9959849805319251
11,2026-02-01 02:45:40,114827.22087434193,2032.0000064849853,115883,116955,0.9908340814843316
11,2026-02-01 02:45:40,114827.22087434193,2034.000006866455,117100,118987,0.9841411246606773
11,2026-02-01 02:45:40,114827.22087434193,2036.0000072479247,118212,120442,0.9814848640839574
11,2026-02-01 02:45:40,114827.22087434193,2038.0000076293943,120403,121724,0.9891475797706286
11,2026-02-01 02:45:40,114827.22087434193,2040.0000080108641,121240,122705,0.988060796218573
11,2026-02-01 02:45:40,114827.22087434193,2042.000008392334,122525,124463,0.9844291074455862
11,2026-02-01 02:45:40,114827.22087434193,2044.0000087738035,123809,125387,0.9874149632737046
11,2026-02-01 02:45:40,114827.22087434193,2046.0000091552733,124756,126184,0.988683192797819
11,2026-02-01 02:45:40,114827.22087434193,2048.000009536743,125057,125932,0.9930518057364291
11,2026-02-01 02:45:40,114827.22087434193,2050.0000099182125,126137,127292,0.990926374006222
11,2026-02-01 02:45:40,114827.22087434193,2052.0000102996823,126482,126813,0.9973898575067225
11,2026-02-01 02:45:40,114827.22087434193,2054.000010681152,126679,126648,1.000244772913903
11,2026-02-01 02:45:40,114827.22087434193,2056.000011062622,126073,126519,0.9964748377714019
11,2026-02-01 02:45:40,114827.22087434193,2058.000011444092,125896,126642,0.9941093791948958
11,2026-02-01 02:45:40,114827.22087434193,2060.000011825561,125190,126167,0.9922562952277537
11,2026-02-01 02:45:40,114827.22087434193,2062.000012207031,124946,125489,0.9956729275075903
11,2026-02-01 02:45:40,114827.22087434193,2064.000012588501,124443,124498,0.9995582258349531
11,2026-02-01 02:45:40,114827.22087434193,2066.0000129699706,124125,124387,0.9978936705604283
11,2026-02-01 02:45:40,114827.22087434193,2068.0000133514404,122817,123545,0.9941074102553725
11,2026-02-01 02:45:40,114827.22087434193,2070.00001373291,123020,122858,1.0013185954516597
11,2026-02-01 02:45:40,114827.22087434193,2072.0000141143796,122796,121780,1.0083429134504844
11,2026-02-01 02:45:40,114827.22087434193,2074.0000144958494,121382,121695,0.9974279962200583
11,2026-02-01 02:45:40,114827.22087434193,2076.0000148773192,120300,120682,0.9968346563696326
11,2026-02-01 02:45:40,114827.22087434193,2078.000015258789,119301,119124,1.0014858466807697
11,2026-02-01 02:45:40,114827.22087434193,2080.0000156402584,117898,118032,0.9988647146536532
11,2026-02-01 02:45:40,114827.22087434193,2082.0000160217282,116500,116166,1.0028751958404352
11,2026-02-01 02:45:40,114827.22087434193,2084.000016403198,114607,114459,1.0012930394289659
11,2026-02-01 02:45:40,114827.22087434193,2086.000016784668,112626,112998,0.9967079063346254
11,2026-02-01 02:45:40,114827.22087434193,2088.0000171661377,111165,111278,0.9989845252430849
11,2026-02-01 02:45:40,114827.22087434193,2090.000017547607,110032,110412,0.9965583451074158
11,2026-02-01 02:45:40,114827.22087434193,2092.000017929077,109285,109696,0.9962532817969662
11,2026-02-01 02:45:40,114827.22087434193,2094.0000183105467,108567,109396,0.9924220263995027
11,2026-02-01 02:45:40,114827.22087434193,2096.0000186920165,107963,109338,0.9874243172547513
11,2026-02-01 02:45:40,114827.22087434193,2098.0000190734863,108752,108254,1.0046002919060728
11,2026-02-01 02:45:40,114827.22087434193,2100.0000194549557,108286,109028,0.9931944087757273
11,2026-02-01 02:45:40,114827.22087434193,2102.0000198364255,109203,110368,0.9894444041751232
11,2026-02-01 02:45:40,114827.22087434193,2104.0000202178953,109998,111452,0.986954025051143
11,2026-02-01 02:45:40,114827.22087434193,2106.000020599365,110852,112392,0.986297957149975
11,2026-02-01 02:45:40,114827.22087434193,2108.000020980835,112541,113076,0.9952686688598819
11,2026-02-01 02:45:40,114827.22087434193,2110.0000213623043,113959,114245,0.9974966081666594
11,2026-02-01 02:45:40,114827.22087434193,2112.000021743774,114500,115277,0.9932597135595131
11,2026-02-01 02:45:40,114827.22087434193,2114.000022125244,115696,116616,0.9921108595733004
11,2026-02-01 02:45:40,114827.22087434193,2116.000022506714,116246,117694,0.9876969089333356
11,2026-02-01 02:45:40,114827.22087434193,2118.0000228881836,116804,117863,0.9910149919822167
11,2026-02-01 02:45:40,114827.22087434193,2120.000023269653,117279,117766,0.9958646808077034
11,2026-02-01 02:45:40,114827.22087434193,2122.000023651123,118533,119074,0.9954566068159296
11,2026-02-01 02:45:40,114827.22087434193,2124.0000240325926,118485,119405,0.992295130019681
11,2026-02-01 02:45:40,114827.22087434193,2126.0000244140624,118485,120160,0.9860602529960053
11,2026-02-01 02:45:40,114827.22087434193,2128.000024795532,118705,119915,0.989909519242797
11,2026-02-01 02:45:40,114827.22087434193,2130.0000251770016,119871,120573,0.9941778010002239
11,2026-02-01 02:45:40,114827.22087434193,2132.0000255584714,119745,120646,0.9925318700992988
11,2026-02-01 02:45:40,114827.22087434193,2134.000025939941,121158,121873,0.9941332370582492
11,2026-02-01 02:45:40,114827.22087434193,2136.000026321411,121279,122424,0.990647258707443
11,2026-02-01 02:45:40,114827.22087434193,2138.000026702881,122487,122699,0.9982721945574129
11,2026-02-01 02:45:40,114827.22087434193,2140.00002708435,122098,123577,0.988031753481635
11,2026-02-01 02:45:40,114827.22087434193,2142.00002746582,122870,123578,0.9942708249041091
11,2026-02-01 02:45:40,114827.22087434193,2144.00002784729,123575,124077,0.9959541252609266
11,2026-02-01 02:45:40,114827.22087434193,2146.0000282287597,123157,123947,0.99362630801875
11,2026-02-01 02:45:40,114827.22087434193,2148.0000286102295,124377,124091,1.002304760216293
11,2026-02-01 02:45:40,114827.22087434193,2150.000028991699,123476,123449,1.000218713800841
11,2026-02-01 02:45:40,114827.22087434193,2152.0000293731687,123492,124037,0.9956061497778889
11,2026-02-01 02:45:40,114827.22087434193,2154.0000297546385,123655,124056,0.9967675888308506
11,2026-02-01 02:45:40,114827.22087434193,2156.0000301361083,123445,123491,0.9996275032188581
11,2026-02-01 02:45:40,114827.22087434193,2158.000030517578,123226,123973,0.9939744944463714
11,2026-02-01 02:45:40,114827.22087434193,2160.0000308990475,122377,122538,0.9986861218560773
11,2026-02-01 02:45:40,114827.22087434193,2162.0000312805173,123073,122894,1.0014565397822515
11,2026-02-01 02:45:40,114827.22087434193,2164.000031661987,121828,122539,0.9941977656093162
11,2026-02-01 02:45:40,114827.22087434193,2166.000032043457,121934,122434,0.9959161670777725
11,2026-02-01 02:45:40,114827.22087434193,2168.0000324249268,120778,121621,0.9930686312396708
11,2026-02-01 02:45:40,114827.22087434193,2170.000032806396,120196,121219,0.9915607289286333
11,2026-02-01 02:45:40,114827.22087434193,2172.000033187866,120052,120733,0.9943594543331152
11,2026-02-01 02:45:40,114827.22087434193,2174.0000335693358,119246,119358,0.9990616464753096
11,2026-02-01 02:45:40,114827.22087434193,2176.0000339508056,118646,118861,0.9981911644694222
11,2026-02-01 02:45:40,114827.22087434193,2178.0000343322754,117726,117107,1.0052857643010238
11,2026-02-01 02:45:40,114827.22087434193,2180.0000347137448,115812,115738,1.0006393751404032
11,2026-02-01 02:45:40,114827.22087434193,2182.0000350952146,114661,114517,1.0012574552249884
11,2026-02-01 02:45:40,114827.22087434193,2184.0000354766844,113572,113322,1.0022061029632374
11,2026-02-01 02:45:40,114827.22087434193,2186.000035858154,112052,112092,0.9996431502694215
11,2026-02-01 02:45:40,114827.22087434193,2188.000036239624,111518,111301,1.0019496680173583
11,2026-02-01 02:45:40,114827.22087434193,2190.0000366210934,110749,110250,1.0045260770975057
11,2026-02-01 02:45:40,114827.22087434193,2192.000037002563,109671,110095,0.9961487805985739
11,2026-02-01 02:45:40,114827.22087434193,2194.000037384033,109572,109819,0.9977508445715222
11,2026-02-01 02:45:40,114827.22087434193,2196.000037765503,109730,110034,0.9972372175872912
11,2026-02-01 02:45:40,114827.22087434193,2198.0000381469727,110801,111566,0.9931430722621587
11,2026-02-01 02:45:40,114827.22087434193,2200.000038528442,111257,112321,0.9905271498651187
11,2026-02-01 02:45:40,114827.22087434193,2202.000038909912,112432,113268,0.9926192746406752
11,2026-02-01 02:45:40,114827.22087434193,2204.0000392913817,113389,114380,0.9913358978842455
11,2026-02-01 02:45:40,114827.22087434193,2206.0000396728515,114287,115585,0.9887701691395943
11,2026-02-01 02:45:40,114827.22087434193,2208.0000400543213,115393,117464,0.9823690662671116
11,2026-02-01 02:45:40,114827.22087434193,2210.0000404357907,117130,118602,0.9875887421797271
11,2026-02-01 02:45:40,114827.22087434193,2212.0000408172605,118412,119642,0.9897193293325086
11,2026-02-01 02:45:40,114827.22087434193,2214.0000411987303,119691,120887,0.9901064630605442
11,2026-02-01 02:45:40,114827.22087434193,2216.0000415802,120388,121449,0.9912638226745383
11,2026-02-01 02:45:40,114827.22087434193,2218.00004196167,121960,122404,0.9963726675598836
11,2026-02-01 02:45:40,114827.22087434193,2220.0000423431393,122003,122855,0.9930649953196858
11,2026-02-01 02:45:40,114827.22087434193,2222.000042724609,123267,123350,0.9993271179570329
11,2026-02-01 02:45:40,114827.22087434193,2224.000043106079,123842,124271,0.9965478671612846
11,2026-02-01 02:45:40,114827.22087434193,2226.0000434875487,124170,125202,0.9917573201706043
11,2026-02-01 02:45:40,114827.22087434193,2228.0000438690186,124252,124614,0.9970950294509445
11,2026-02-01 02:45:40,114827.22087434193,2230.000044250488,124548,125010,0.9963042956563475
11,2026-02-01 02:45:40,114827.22087434193,2232.0000446319577,124602,125390,0.9937156073052078
11,2026-02-01 02:45:40,114827.22087434193,2234.0000450134276,124846,126143,0.9897180184393902
11,2026-02-01 02:45:40,114827.22087434193,2236.0000453948974,124248,125492,0.9900870174991234
11,2026-02-01 02:45:40,114827.22087434193,2238.000045776367,124674,124831,0.9987422995890444
11,2026-02-01 02:45:40,114827.22087434193,2240.0000461578366,124845,125790,0.9924874791318865
11,2026-02-01 02:45:40,114827.22087434193,2242.0000465393064,124533,124850,0.9974609531437725
11,2026-02-01 02:45:40,114827.22087434193,2244.000046920776,124320,124225,1.0007647413966594
11,2026-02-01 02:45:40,114827.22087434193,2246.000047302246,124388,124406,0.9998553124447374
11,2026-02-01 02:45:40,114827.22087434193,2248.000047683716,122763,124027,0.9898086706926718
11,2026-02-01 02:45:40,114827.22087434193,2250.000048065185,122591,123834,0.9899623689778252
11,2026-02-01 02:45:40,114827.22087434193,2252.000048446655,121893,123143,0.9898491997109052
11,2026-02-01 02:45:40,114827.22087434193,2254.000048828125,121477,122043,0.9953622903402899
11,2026-02-01 02:45:40,114827.22087434193,2256.0000492095946,121258,121563,0.9974910128904354
11,2026-02-01 02:45:40,114827.22087434193,2258.0000495910645,120360,120044,1.002632368131685
11,2026-02-01 02:45:40,114827.22087434193,2260.000049972534,119840,119944,0.99913292870006
11,2026-02-01 02:45:40,114827.22087434193,2262.0000503540036,119202,119308,0.9991115432326416
11,2026-02-01 02:45:40,114827.22087434193,2264.0000507354735,118952,119929,0.9918535133287195
11,2026-02-01 02:45:40,114827.22087434193,2266.0000511169433,118261,119448,0.9900626213917353
11,2026-02-01 02:45:40,114827.22087434193,2268.000051498413,117473,118556,0.9908650764195823
11,2026-02-01 02:45:40,114827.22087434193,2270.0000518798824,117713,118390,0.9942816116226033
11,2026-02-01 02:45:40,114827.22087434193,2272.0000522613523,116188,117346,0.9901317471409337
11,2026-02-01 02:45:40,114827.22087434193,2274.000052642822,116716,116975,0.997785851677709
11,2026-02-01 02:45:40,114827.22087434193,2276.000053024292,116738,116992,0.9978289113785558
11,2026-02-01 02:45:40,114827.22087434193,2278.0000534057617,116307,117217,0.9922366209679483
11,2026-02-01 02:45:40,114827.22087434193,2280.000053787231,115571,116027,0.996069880286485
11,2026-02-01 02:45:40,114827.22087434193,2282.000054168701,115113,115444,0.9971328089809778
11,2026-02-01 02:45:40,114827.22087434193,2284.0000545501707,114404,115687,0.9889097305660964
11,2026-02-01 02:45:40,114827.22087434193,2286.0000549316405,113743,114960,0.9894137091162143
11,2026-02-01 02:45:40,114827.22087434193,2288.0000553131104,113897,115366,0.9872666123467919
11,2026-02-01 02:45:40,114827.22087434193,2290.0000556945797,112452,113846,0.9877553888586336
11,2026-02-01 02:45:40,114827.22087434193,2292.0000560760495,112223,114168,0.9829637026136921
11,2026-02-01 02:45:40,114827.22087434193,2294.0000564575193,111875,114558,0.9765795492239738
11,2026-02-01 02:45:40,114827.22087434193,2296.000056838989,111019,115111,0.9644517031387096
11,2026-02-01 02:45:40,114827.22087434193,2298.000057220459,110627,114505,0.9661324832976725
11,2026-02-01 02:45:40,114827.22087434193,2300.0000576019283,109609,115416,0.9496863519789284
11,2026-02-01 02:45:40,114827.22087434193,2302.000057983398,107857,115361,0.9349520201801302
11,2026-02-01 02:45:40,114827.22087434193,2304.000058364868,106018,116754,0.9080459770114943
11,2026-02-01 02:45:40,114827.22087434193,2306.000058746338,104589,117175,0.892588009387668
11,2026-02-01 02:45:40,114827.22087434193,2308.0000591278076,104588,117908,0.8870305662041592
11,2026-02-01 02:45:40,114827.22087434193,2310.000059509277,106988,118678,0.9014981715229444
11,2026-02-01 02:45:40,114827.22087434193,2312.000059890747,109792,119573,0.918200597124769
11,2026-02-01 02:45:40,114827.22087434193,2314.0000602722166,113440,120173,0.9439724397327187
11,2026-02-01 02:45:40,114827.22087434193,2316.0000606536864,115992,122232,0.948949538582368
11,2026-02-01 02:45:40,114827.22087434193,2318.0000610351562,118369,123758,0.9564553402608317
11,2026-02-01 02:45:40,114827.22087434193,2320.0000614166256,120507,123933,0.9723560310813101
11,2026-02-01 02:45:40,114827.22087434193,2322.0000617980954,121329,124958,0.9709582419693017
11,2026-02-01 02:45:40,114827.22087434193,2324.0000621795652,122774,125871,0.9753954445424283
11,2026-02-01 02:45:40,114827.22087434193,2326.000062561035,124318,126631,0.9817343304562074
11,2026-02-01 02:45:40,114827.22087434193,2328.000062942505,124697,127341,0.9792368522314101
11,2026-02-01 02:45:40,114827.22087434193,2330.0000633239742,125557,127261,0.9866101947965206
11,2026-02-01 02:45:40,114827.22087434193,2332.000063705444,125905,128085,0.9829800523090135
11,2026-02-01 02:45:40,114827.22087434193,2334.000064086914,126084,127664,0.9876237623762376
11,2026-02-01 02:45:40,114827.22087434193,2336.0000644683837,126336,127710,0.989241249706366
11,2026-02-01 02:45:40,114827.22087434193,2338.0000648498535,126805,127616,0.9936449974924775
11,2026-02-01 02:45:40,114827.22087434193,2340.000065231323,126905,126878,1.000212802849982
11,2026-02-01 02:45:40,114827.22087434193,2342.0000656127927,126466,127254,0.9938076602700111
11,2026-02-01 02:45:40,114827.22087434193,2344.0000659942625,126396,126097,1.0023711904327621
11,2026-02-01 02:45:40,114827.22087434193,2346.0000663757323,125439,126063,0.9950500940006187
11,2026-02-01 02:45:40,114827.22087434193,2348.000066757202,124091,124705,0.9950763802574075
11,2026-02-01 02:45:40,114827.22087434193,2350.0000671386715,124106,123590,1.0041750950724169
11,2026-02-01 02:45:40,114827.22087434193,2352.0000675201413,122156,122571,0.996614207275783
11,2026-02-01 02:45:40,114827.22087434193,2354.000067901611,121194,121621,0.9964890931664762
11,2026-02-01 02:45:40,114827.22087434193,2356.000068283081,120311,120711,0.996686300337169
11,2026-02-01 02:45:40,114827.22087434193,2358.000068664551,119566,119269,1.0024901692812047
11,2026-02-01 02:45:40,114827.22087434193,2360.00006904602,118665,117750,1.0077707006369427
11,2026-02-01 02:45:40,114827.22087434193,2362.00006942749,116574,116885,0.997339265089618
11,2026-02-01 02:45:40,114827.22087434193,2364.00006980896,115850,116153,0.9973913717252245
11,2026-02-01 02:45:40,114827.22087434193,2366.0000701904296,114980,114519,1.0040255328810066
11,2026-02-01 02:45:40,114827.22087434193,2368.0000705718994,114023,114421,0.9965216175352427
11,2026-02-01 02:45:40,114827.22087434193,2370.000070953369,113097,113276,0.9984197888343515
11,2026-02-01 02:45:40,114827.22087434193,2372.0000713348386,112272,113369,0.9903236334447688
11,2026-02-01 02:45:40,114827.22087434193,2374.0000717163084,112096,112896,0.9929138321995464
11,2026-02-01 02:45:40,114827.22087434193,2376.0000720977782,111703,112737,0.9908282107914882
11,2026-02-01 02:45:40,114827.22087434193,2378.000072479248,111821,113411,0.9859801959245575
11,2026-02-01 02:45:40,114827.22087434193,2380.0000728607174,112504,113089,0.9948270830938465
11,2026-02-01 02:45:40,114827.22087434193,2382.000073242187,112460,113304,0.9925510132034173
11,2026-02-01 02:45:40,114827.22087434193,2384.000073623657,113732,115062,0.9884410144096226
11,2026-02-01 02:45:40,114827.22087434193,2386.000074005127,114228,115348,0.9902902521066685
11,2026-02-01 02:45:40,114827.22087434193,2388.0000743865967,114985,116385,0.9879709584568458
11,2026-02-01 02:45:40,114827.22087434193,2390.000074768066,116352,116795,0.9962070294105055
11,2026-02-01 02:45:40,114827.22087434193,2392.000075149536,117139,118052,0.9922661200149087
11,2026-02-01 02:45:40,114827.22087434193,2394.0000755310057,118098,119346,0.9895430094012367
11,2026-02-01 02:45:40,114827.22087434193,2396.0000759124755,119426,120108,0.9943217770673061
11,2026-02-01 02:45:40,114827.22087434193,2398.0000762939453,120152,121162,0.9916640530859511
11,2026-02-01 02:45:40,114827.22087434193,2400.0000766754147,120631,121497,0.992872251989761
11,2026-02-01 02:45:40,114827.22087434193,2402.0000770568845,121590,123189,0.9870199449626185
11,2026-02-01 02:45:40,114827.22087434193,2404.0000774383543,121921,123233,0.9893535010914284
11,2026-02-01 02:45:40,114827.22087434193,2406.000077819824,121838,123957,0.9829053623433933
11,2026-02-01 02:45:40,114827.22087434193,2408.000078201294,123103,123768,0.994627044147114
11,2026-02-01 02:45:40,114827.22087434193,2410.0000785827633,122949,124055,0.9910845995727702
11,2026-02-01 02:45:40,114827.22087434193,2412.000078964233,123658,124012,0.9971454375383028
11,2026-02-01 02:45:40,114827.22087434193,2414.000079345703,123406,124358,0.9923446822882324
11,2026-02-01 02:45:40,114827.22087434193,2416.0000797271728,124039,124987,0.992415211181963
11,2026-02-01 02:45:40,114827.22087434193,2418.0000801086426,124062,124559,0.9960099230083735
11,2026-02-01 02:45:40,114827.22087434193,2420.000080490112,124916,124918,0.9999839894971101
11,2026-02-01 02:45:40,114827.22087434193,2422.0000808715818,124051,124746,0.9944286790758822
11,2026-02-01 02:45:40,114827.22087434193,2424.0000812530516,124381,125143,0.9939109658550618
11,2026-02-01 02:45:40,114827.22087434193,2426.0000816345214,123787,124676,0.992869517790112
11,2026-02-01 02:45:40,114827.22087434193,2428.000082015991,123769,124850,0.9913416099319183
11,2026-02-01 02:45:40,114827.22087434193,2430.0000823974606,123935,124910,0.9921943799535665
11,2026-02-01 02:45:40,114827.22087434193,2432.0000827789304,123825,124013,0.9984840299000911
11,2026-02-01 02:45:40,114827.22087434193,2434.0000831604,123660,124575,0.9926550270921132
11,2026-02-01 02:45:40,114827.22087434193,2436.00008354187,123536,123864,0.9973519343796422
11,2026-02-01 02:45:40,114827.22087434193,2438.00008392334,123943,124334,0.996855244743996
11,2026-02-01 02:45:40,114827.22087434193,2440.000084304809,123660,124381,0.9942032947154308
11,2026-02-01 02:45:40,114827.22087434193,2442.000084686279,123311,123635,0.9973793828608404
11,2026-02-01 02:45:40,114827.22087434193,2444.000085067749,123635,123309,1.002643764850903
11,2026-02-01 02:45:40,114827.22087434193,2446.0000854492187,122299,123389,0.9911661493325985
11,2026-02-01 02:45:40,114827.22087434193,2448.0000858306885,122831,123315,0.9960750922434416
11,2026-02-01 02:45:40,114827.22087434193,2450.000086212158,121493,122128,0.9948005371413599
11,2026-02-01 02:45:40,114827.22087434193,2452.0000865936277,121999,121552,1.003677438462551
11,2026-02-01 02:45:40,114827.22087434193,2454.0000869750975,120586,121373,0.9935158560800178
11,2026-02-01 02:45:40,114827.22087434193,2456.0000873565673,119728,119610,1.000986539586991
11,2026-02-01 02:45:40,114827.22087434193,2458.000087738037,118723,118594,1.001087744742567
11,2026-02-01 02:45:40,114827.22087434193,2460.0000881195065,117527,117845,0.997301540158683
11,2026-02-01 02:45:40,114827.22087434193,2462.0000885009763,116491,116962,0.995973051076418
11,2026-02-01 02:45:40,114827.22087434193,2464.000088882446,116384,117012,0.9946330290910333
11,2026-02-01 02:45:40,114827.22087434193,2466.000089263916,115080,115568,0.9957773778208501
11,2026-02-01 02:45:40,114827.22087434193,2468.0000896453857,114607,114844,0.9979363310229529
11,2026-02-01 02:45:40,114827.22087434193,2470.000090026855,113320,113879,0.9950912810966025
11,2026-02-01 02:45:40,114827.22087434193,2472.000090408325,114029,114387,0.9968702737199158
11,2026-02-01 02:45:40,114827.22087434193,2474.0000907897947,113244,113603,0.996839872186474
11,2026-02-01 02:45:40,114827.22087434193,2476.0000911712646,112832,113540,0.9937643121366919
11,2026-02-01 02:45:40,114827.22087434193,2478.0000915527344,113539,114126,0.9948565620454586
11,2026-02-01 02:45:40,114827.22087434193,2480.0000919342037,113626,114492,0.9924361527442965
11,2026-02-01 02:45:40,114827.22087434193,2482.0000923156736,113751,114996,0.9891735364708337
11,2026-02-01 02:45:40,114827.22087434193,2484.0000926971434,114887,115829,0.9918673216551986
11,2026-02-01 02:45:40,114827.22087434193,2486.000093078613,114773,115949,0.9898576098112101
11,2026-02-01 02:45:40,114827.22087434193,2488.000093460083,116459,117644,0.9899272381081908
11,2026-02-01 02:45:40,114827.22087434193,2490.0000938415524,116612,117807,0.9898562903732376
11,2026-02-01 02:45:40,114827.22087434193,2492.000094223022,118095,118711,0.9948109273782547
11,2026-02-01 02:45:40,114827.22087434193,2494.000094604492,118124,120152,0.9831213795858579
11,2026-02-01 02:45:40,114827.22087434193,2496.000094985962,119327,121226,0.9843350436375035
11,2026-02-01 02:45:40,114827.22087434193,2498.0000953674316,120670,121494,0.9932177720710488
11,2026-02-01 02:45:40,114827.22087434193,2500.000095748901,121350,122995,0.9866254725801862
11,2026-02-01 02:45:40,114827.22087434193,2502.000096130371,121845,123339,0.9878870430277528
11,2026-02-01 02:45:40,114827.22087434193,2504.0000965118406,123489,124348,0.9930919677035417
11,2026-02-01 02:45:40,114827.22087434193,2506.0000968933105,124640,124717,0.9993826022114066
11,2026-02-01 02:45:40,114827.22087434193,2508.0000972747803,124373,125619,0.9900811183021677
11,2026-02-01 02:45:40,114827.22087434193,2510.0000976562496,125386,126164,0.9938334231635014
11,2026-02-01 02:45:40,114827.22087434193,2512.0000980377195,126516,125875,1.0050923535253227
11,2026-02-01 02:45:40,114827.22087434193,2514.0000984191893,126188,126118,1.0005550357601611
11,2026-02-01 02:45:40,114827.22087434193,2516.000098800659,126284,126159,1.0009908131801932
11,2026-02-01 02:45:40,114827.22087434193,2518.000099182129,125642,126899,0.9900944845901071
11,2026-02-01 02:45:40,114827.22087434193,2520.0000995635983,125189,125823,0.9949611756197198
11,2026-02-01 02:45:40,114827.22087434193,2522.000099945068,125092,125309,0.9982682808098381
11,2026-02-01 02:45:40,114827.22087434193,2524.000100326538,124864,126191,0.9894841945939092
11,2026-02-01 02:45:40,114827.22087434193,2526.0001007080077,124097,125344,0.9900513786060761
11,2026-02-01 02:45:40,114827.22087434193,2528.0001010894775,124018,124582,0.9954728612480134
11,2026-02-01 02:45:40,114827.22087434193,2530.000101470947,123632,124098,0.9962449032216474
11,2026-02-01 02:45:40,114827.22087434193,2532.0001018524167,122830,123337,0.9958893113988503
11,2026-02-01 02:45:40,114827.22087434193,2534.0001022338865,122239,122443,0.9983339186396936
11,2026-02-01 02:45:40,114827.22087434193,2536.0001026153564,121563,121864,0.9975300334799448
11,2026-02-01 02:45:40,114827.22087434193,2538.000102996826,121252,121780,0.9956643126950239
11,2026-02-01 02:45:40,114827.22087434193,2540.0001033782955,120626,121211,0.9951737053567745
11,2026-02-01 02:45:40,114827.22087434193,2542.0001037597654,120008,121095,0.991023576530823
11,2026-02-01 02:45:40,114827.22087434193,2544.000104141235,120071,120110,0.9996752976438265
11,2026-02-01 02:45:40,114827.22087434193,2546.000104522705,119287,119734,0.9962667245728031
11,2026-02-01 02:45:40,114827.22087434193,2548.000104904175,118677,119027,0.9970594907037899
11,2026-02-01 02:45:40,114827.22087434193,2550.000105285644,118344,119238,0.992502390177628
11,2026-02-01 02:45:40,114827.22087434193,2552.000105667114,117516,118641,0.9905176119553949
11,2026-02-01 02:45:40,114827.22087434193,2554.000106048584,117053,118115,0.9910087626465732
11,2026-02-01 02:45:40,114827.22087434193,2556.0001064300536,116900,117845,0.991980991980992
11,2026-02-01 02:45:40,114827.22087434193,2558.0001068115234,116948,117163,0.9981649496854809
11,2026-02-01 02:45:40,114827.22087434193,2560.000107192993,116736,117156,0.9964150363617741
11,2026-02-01 02:45:40,114827.22087434193,2562.0001075744626,116618,116796,0.9984759752046303
11,2026-02-01 02:45:40,114827.22087434193,2564.0001079559324,116028,117335,0.9888609536796352
11,2026-02-01 02:45:40,114827.22087434193,2566.0001083374023,115691,116780,0.9906747730775818
11,2026-02-01 02:45:40,114827.22087434193,2568.000108718872,115969,117192,0.9895641340705851
11,2026-02-01 02:45:40,114827.22087434193,2570.0001091003414,116375,117323,0.991919742931906
11,2026-02-01 02:45:40,114827.22087434193,2572.0001094818113,116284,116576,0.997495196266813
11,2026-02-01 02:45:40,114827.22087434193,2574.000109863281,116052,117186,0.9903230761353745
11,2026-02-01 02:45:40,114827.22087434193,2576.000110244751,116119,117163,0.991089337077405
11,2026-02-01 02:45:40,114827.22087434193,2578.0001106262207,116275,117311,0.9911687736017936
11,2026-02-01 02:45:40,114827.22087434193,2580.00011100769,116021,117523,0.9872195229869898
11,2026-02-01 02:45:40,114827.22087434193,2582.00011138916,116563,117411,0.9927775080699424
11,2026-02-01 02:45:40,114827.22087434193,2584.0001117706297,116292,117934,0.9860769582987094
11,2026-02-01 02:45:40,114827.22087434193,2586.0001121520995,116093,116884,0.9932326066869717
11,2026-02-01 02:45:40,114827.22087434193,2588.0001125335693,116119,118734,0.9779759799215052
11,2026-02-01 02:45:40,114827.22087434193,2590.0001129150387,116339,118749,0.9797050922534084
11,2026-02-01 02:45:40,114827.22087434193,2592.0001132965085,117032,118898,0.9843058756244849
11,2026-02-01 02:45:40,114827.22087434193,2594.0001136779783,116340,119740,0.971605144479706
11,2026-02-01 02:45:40,114827.22087434193,2596.000114059448,116466,120688,0.9650172345220734
11,2026-02-01 02:45:40,114827.22087434193,2598.000114440918,116853,121396,0.9625770206596593
11,2026-02-01 02:45:40,114827.22087434193,2600.0001148223873,115921,121789,0.9518183087142517
11,2026-02-01 02:45:40,114827.22087434193,2602.000115203857,114855,122638,0.9365367993607202
11,2026-02-01 02:45:40,114827.22087434193,2604.000115585327,112554,123728,0.909688995215311
11,2026-02-01 02:45:40,114827.22087434193,2606.000115966797,111730,124001,0.9010411206361238
11,2026-02-01 02:45:40,114827.22087434193,2608.0001163482666,111724,124637,0.896395131461765
11,2026-02-01 02:45:40,114827.22087434193,2610.000116729736,112955,125303,0.9014548733869101
11,2026-02-01 02:45:40,114827.22087434193,2612.000117111206,115845,126250,0.9175841584158416
11,2026-02-01 02:45:40,114827.22087434193,2614.0001174926756,119237,126746,0.9407555268016348
11,2026-02-01 02:45:40,114827.22087434193,2616.0001178741454,121048,127289,0.9509698402847064
11,2026-02-01 02:45:40,114827.22087434193,2618.0001182556152,123191,127032,0.9697635241513949
11,2026-02-01 02:45:40,114827.22087434193,2620.0001186370846,124272,127189,0.9770656267444512
11,2026-02-01 02:45:40,114827.22087434193,2622.0001190185544,124128,126432,0.9817767653758542
11,2026-02-01 02:45:40,114827.22087434193,2624.0001194000242,124623,125960,0.9893855192124484
11,2026-02-01 02:45:40,114827.22087434193,2626.000119781494,124800,126290,0.9882017578588962
11,2026-02-01 02:45:40,114827.22087434193,2628.000120162964,124506,125653,0.9908716863107129
11,2026-02-01 02:45:40,114827.22087434193,2630.0001205444332,124065,124982,0.9926629434638587
11,2026-02-01 02:45:40,114827.22087434193,2632.000120925903,123220,124501,0.9897109260166586
11,2026-02-01 02:45:40,114827.22087434193,2634.000121307373,123478,123864,0.9968836788736033
11,2026-02-01 02:45:40,114827.22087434193,2636.0001216888427,122255,122182,1.0005974693490038
11,2026-02-01 02:45:40,114827.22087434193,2638.0001220703125,121158,122546,0.9886736409185123
11,2026-02-01 02:45:40,114827.22087434193,2640.000122451782,120160,120272,0.9990687774378076
11,2026-02-01 02:45:40,114827.22087434193,2642.0001228332517,119106,119234,0.9989264807018132
11,2026-02-01 02:45:40,114827.22087434193,2644.0001232147215,118010,118335,0.9972535598090168
11,2026-02-01 02:45:40,114827.22087434193,2646.0001235961913,117280,117561,0.9976097515332466
11,2026-02-01 02:45:40,114827.22087434193,2648.000123977661,116366,116466,0.9991413803170024
11,2026-02-01 02:45:40,114827.22087434193,2650.0001243591305,115640,115753,0.9990237834008622
11,2026-02-01 02:45:40,114827.22087434193,2652.0001247406003,114851,115077,0.9980360975694536
11,2026-02-01 02:45:40,114827.22087434193,2654.00012512207,114099,114118,0.9998335056695701
11,2026-02-01 02:45:40,114827.22087434193,2656.00012550354,113295,113855,0.9950814632646787
11,2026-02-01 02:45:40,114827.22087434193,2658.0001258850098,113195,113896,0.993845262344595
11,2026-02-01 02:45:40,114827.22087434193,2660.000126266479,113211,113120,1.0008044554455446
11,2026-02-01 02:45:40,114827.22087434193,2662.000126647949,112910,113064,0.9986379395740466
11,2026-02-01 02:45:40,114827.22087434193,2664.0001270294188,113016,113964,0.9916815836579973
11,2026-02-01 02:45:40,114827.22087434193,2666.0001274108886,113536,114194,0.994237875895406
11,2026-02-01 02:45:40,114827.22087434193,2668.0001277923584,114172,115183,0.9912226630665983
11,2026-02-01 02:45:40,114827.22087434193,2670.0001281738278,115359,115465,0.9990819728922185
11,2026-02-01 02:45:40,114827.22087434193,2672.0001285552976,115751,116621,0.9925399370610782
11,2026-02-01 02:45:40,114827.22087434193,2674.0001289367674,116412,116975,0.9951870057704638
11,2026-02-01 02:45:40,114827.22087434193,2676.000129318237,116602,117889,0.9890829509114506
11,2026-02-01 02:45:40,114827.22087434193,2678.000129699707,117577,118822,0.9895221423642087
11,2026-02-01 02:45:40,114827.22087434193,2680.0001300811764,118147,120117,0.9835993239924407
11,2026-02-01 02:45:40,114827.22087434193,2682.000130462646,119076,120578,0.9875433329463086
11,2026-02-01 02:45:40,114827.22087434193,2684.000130844116,119298,120997,0.9859583295453607
11,2026-02-01 02:45:40,114827.22087434193,2686.000131225586,121495,121821,0.9973239425058077
11,2026-02-01 02:45:40,114827.22087434193,2688.0001316070557,120617,122141,0.9875226173029531
11,2026-02-01 02:45:40,114827.22087434193,2690.000131988525,121772,122214,0.9963833930646243
11,2026-02-01 02:45:40,114827.22087434193,2692.000132369995,122678,122643,1.0002853811469061
11,2026-02-01 02:45:40,114827.22087434193,2694.0001327514647,122054,123239,0.990384537362361
11,2026-02-01 02:45:40,114827.22087434193,2696.0001331329345,122736,123656,0.9925600051756486
11,2026-02-01 02:45:40,114827.22087434193,2698.0001335144043,122954,123232,0.9977440924435211
11,2026-02-01 02:45:40,114827.22087434193,2700.0001338958737,123649,123913,0.9978694729366572
11,2026-02-01 02:45:40,114827.22087434193,2702.0001342773435,123306,124116,0.9934738470463115
11,2026-02-01 02:45:40,114827.22087434193,2704.0001346588133,123460,124349,0.9928507667934603
11,2026-02-01 02:45:40,114827.22087434193,2706.000135040283,123238,124586,0.9891801647055046
11,2026-02-01 02:45:40,114827.22087434193,2708.000135421753,123790,124494,0.994345109001237
11,2026-02-01 02:45:40,114827.22087434193,2710.0001358032223,123764,124397,0.9949114528485413
11,2026-02-01 02:45:40,114827.22087434193,2712.000136184692,124019,124987,0.9922551945402321
11,2026-02-01 02:45:40,114827.22087434193,2714.000136566162,124078,124301,0.9982059677717798
11,2026-02-01 02:45:40,114827.22087434193,2716.0001369476317,123570,124644,0.9913834600943487
11,2026-02-01 02:45:40,114827.22087434193,2718.0001373291016,123715,123907,0.9984504507412818
11,2026-02-01 02:45:40,114827.22087434193,2720.000137710571,123165,124493,0.9893327335673492
11,2026-02-01 02:45:40,114827.22087434193,2722.0001380920407,123136,123894,0.9938818667570666
11,2026-02-01 02:45:40,114827.22087434193,2724.0001384735106,123047,123862,0.9934200965590738
11,2026-02-01 02:45:40,114827.22087434193,2726.0001388549804,122774,122376,1.003252271687259
11,2026-02-01 02:45:40,114827.22087434193,2728.00013923645,122259,122695,0.9964464729614084
11,2026-02-01 02:45:40,114827.22087434193,2730.0001396179196,121468,122295,0.9932376630279243
11,2026-02-01 02:45:40,114827.22087434193,2732.0001399993894,121067,121510,0.9963542095300798
11,2026-02-01 02:45:40,114827.22087434193,2734.000140380859,119239,120383,0.9904969970843059
11,2026-02-01 02:45:40,114827.22087434193,2736.000140762329,119716,119930,0.998215625781706
11,2026-02-01 02:45:40,114827.22087434193,2738.000141143799,119065,119119,0.9995466718155793
11,2026-02-01 02:45:40,114827.22087434193,2740.000141525268,118687,118409,1.0023477945088632
11,2026-02-01 02:45:40,114827.22087434193,2742.000141906738,117055,117276,0.9981155564650909
11,2026-02-01 02:45:40,114827.22087434193,2744.000142288208,116259,116512,0.9978285498489426
11,2026-02-01 02:45:40,114827.22087434193,2746.0001426696776,115265,116254,0.9914927658403152
11,2026-02-01 02:45:40,114827.22087434193,2748.0001430511475,114962,115176,0.9981419740223658
11,2026-02-01 02:45:40,114827.22087434193,2750.000143432617,113834,113935,0.9991135296440953
11,2026-02-01 02:45:40,114827.22087434193,2752.0001438140866,113553,113192,1.0031892713265955
11,2026-02-01 02:45:40,114827.22087434193,2754.0001441955565,112754,112613,1.0012520756928596
11,2026-02-01 02:45:40,114827.22087434193,2756.0001445770263,112543,113596,0.9907303074051903
11,2026-02-01 02:45:40,114827.22087434193,2758.000144958496,113205,114029,0.9927737680765419
11,2026-02-01 02:45:40,114827.22087434193,2760.0001453399655,112838,113804,0.9915117219078415
11,2026-02-01 02:45:40,114827.22087434193,2762.0001457214353,112521,113878,0.9880837387379476
11,2026-02-01 02:45:40,114827.22087434193,2764.000146102905,113656,113849,0.998304772110427
11,2026-02-01 02:45:40,114827.22087434193,2766.000146484375,113574,114748,0.9897688848607383
11,2026-02-01 02:45:40,114827.22087434193,2768.0001468658447,115129,115493,0.99684829383599
11,2026-02-01 02:45:40,114827.22087434193,2770.000147247314,115623,116537,0.9921569973484816
11,2026-02-01 02:45:40,114827.22087434193,2772.000147628784,115119,116413,0.9888844029446883
11,2026-02-01 02:45:40,114827.22087434193,2774.0001480102537,117305,117782,0.9959501451834746
11,2026-02-01 02:45:40,114827.22087434193,2776.0001483917235,118051,118188,0.998840829864284
11,2026-02-01 02:45:40,114827.22087434193,2778.0001487731934,118618,120339,0.985698734408629
11,2026-02-01 02:45:40,114827.22087434193,2780.0001491546627,119689,120691,0.9916978067958672
11,2026-02-01 02:45:40,114827.22087434193,2782.0001495361325,120378,121674,0.9893485872084422
11,2026-02-01 02:45:40,114827.22087434193,2784.0001499176024,121330,122773,0.9882466014514592
11,2026-02-01 02:45:40,114827.22087434193,2786.000150299072,122276,123320,0.9915342199156666
11,2026-02-01 02:45:40,114827.22087434193,2788.000150680542,123111,124399,0.9896462190210532
11,2026-02-01 02:45:40,114827.22087434193,2790.0001510620114,123888,124787,0.9927957239135486
11,2026-02-01 02:45:40,114827.22087434193,2792.000151443481,125087,125590,0.9959949040528705
11,2026-02-01 02:45:40,114827.22087434193,2794.000151824951,124623,125116,0.9960596566386394
11,2026-02-01 02:45:40,114827.22087434193,2796.000152206421,124496,125183,0.9945120343816652
11,2026-02-01 02:45:40,114827.22087434193,2798.0001525878906,125564,125456,1.0008608595842368
11,2026-02-01 02:45:40,114827.22087434193,2800.00015296936,125287,125715,0.9965954738893529
11,2026-02-01 02:45:40,114827.22087434193,2802.00015335083,125033,125408,0.9970097601428936
11,2026-02-01 02:45:40,114827.22087434193,2804.0001537322996,125403,124929,1.0037941550800855
11,2026-02-01 02:45:40,114827.22087434193,2806.0001541137694,124743,125582,0.9933191062413403
11,2026-02-01 02:45:40,114827.22087434193,2808.0001544952393,124485,125173,0.9945036070079011
11,2026-02-01 02:45:40,114827.22087434193,2810.0001548767086,124453,124740,0.997699214365881
11,2026-02-01 02:45:40,114827.22087434193,2812.0001552581784,124552,124070,1.0038849036834046
11,2026-02-01 02:45:40,114827.22087434193,2814.0001556396483,123073,123111,0.9996913354614941
11,2026-02-01 02:45:40,114827.22087434193,2816.000156021118,123270,123186,1.0006818956699626
11,2026-02-01 02:45:40,114827.22087434193,2818.000156402588,122545,122073,1.0038665388742802
11,2026-02-01 02:45:40,114827.22087434193,2820.0001567840573,121131,121390,0.9978663810857566
11,2026-02-01 02:45:40,114827.22087434193,2822.000157165527,120572,120646,0.9993866352800755
11,2026-02-01 02:45:40,114827.22087434193,2824.000157546997,120014,120531,0.9957106470534551
11,2026-02-01 02:45:40,114827.22087434193,2826.0001579284667,119001,118896,1.0008831247476786
11,2026-02-01 02:45:40,114827.22087434193,2828.0001583099365,117996,118916,0.9922634464664133
11,2026-02-01 02:45:40,114827.22087434193,2830.000158691406,117658,116860,1.0068286838952594
11,2026-02-01 02:45:40,114827.22087434193,2832.0001590728757,116381,116000,1.0032844827586207
11,2026-02-01 02:45:40,114827.22087434193,2834.0001594543455,115437,115403,1.000294619723924
11,2026-02-01 02:45:40,114827.22087434193,2836.0001598358153,114239,114399,0.998601386375755
11,2026-02-01 02:45:40,114827.22087434193,2838.000160217285,113901,114062,0.9985884869632305
11,2026-02-01 02:45:40,114827.22087434193,2840.0001605987545,112979,112709,1.0023955496011854
11,2026-02-01 02:45:40,114827.22087434193,2842.0001609802243,111720,111619,1.0009048638672629
11,2026-02-01 02:45:40,114827.22087434193,2844.000161361694,111054,110570,1.0043773175364024
11,2026-02-01 02:45:40,114827.22087434193,2846.000161743164,111036,110354,1.00618011127825
11,2026-02-01 02:45:40,114827.22087434193,2848.000162124634,109335,110248,0.9917186706334808
11,2026-02-01 02:45:40,114827.22087434193,2850.000162506103,109223,110353,0.9897601333901208
11,2026-02-01 02:45:40,114827.22087434193,2852.000162887573,109415,109961,0.9950346031774902
11,2026-02-01 02:45:40,114827.22087434193,2854.000163269043,109369,110002,0.9942455591716515
11,2026-02-01 02:45:40,114827.22087434193,2856.0001636505126,109815,110582,0.9930639706281311
11,2026-02-01 02:45:40,114827.22087434193,2858.0001640319824,110341,111263,0.9917133278807869
11,2026-02-01 02:45:40,114827.22087434193,2860.000164413452,111577,112080,0.9955121341898644
11,2026-02-01 02:45:40,114827.22087434193,2862.0001647949216,111783,112792,0.991054330094333
11,2026-02-01 02:45:40,114827.22087434193,2864.0001651763914,112470,114043,0.9862069570249818
11,2026-02-01 02:45:40,114827.22087434193,2866.0001655578612,114430,115738,0.9886986123831413
11,2026-02-01 02:45:40,114827.22087434193,2868.000165939331,115635,116769,0.9902885183567557
11,2026-02-01 02:45:40,114827.22087434193,2870.0001663208004,116749,118568,0.9846585925376156
11,2026-02-01 02:45:40,114827.22087434193,2872.0001667022702,117923,119234,0.9890048140631028
11,2026-02-01 02:45:40,114827.22087434193,2874.00016708374,119297,120444,0.9904769021287901
11,2026-02-01 02:45:40,114827.22087434193,2876.00016746521,120002,121153,0.9904996161877956
11,2026-02-01 02:45:40,114827.22087434193,2878.0001678466797,120806,122061,0.9897182556262852
11,2026-02-01 02:45:40,114827.22087434193,2880.000168228149,121582,123034,0.9881983841864851
11,2026-02-01 02:45:40,114827.22087434193,2882.000168609619,122259,123345,0.9911954274595647
11,2026-02-01 02:45:40,114827.22087434193,2884.0001689910887,122269,123326,0.9914292201157907
11,2026-02-01 02:45:40,114827.22087434193,2886.0001693725585,122670,123774,0.9910805177177759
11,2026-02-01 02:45:40,114827.22087434193,2888.0001697540283,122784,123862,0.9912967657554375
11,2026-02-01 02:45:40,114827.22087434193,2890.0001701354977,122966,123464,0.9959664355601633
11,2026-02-01 02:45:40,114827.22087434193,2892.0001705169675,122893,123664,0.9937653642127054
11,2026-02-01 02:45:40,114827.22087434193,2894.0001708984373,123773,124558,0.9936977151206666
11,2026-02-01 02:45:40,114827.22087434193,2896.000171279907,122539,123293,0.9938844865483036
11,2026-02-01 02:45:40,114827.22087434193,2898.000171661377,123105,124179,0.9913511946464378
11,2026-02-01 02:45:40,114827.22087434193,2900.0001720428463,123088,124022,0.9924690780667946
11,2026-02-01 02:45:40,114827.22087434193,2902.000172424316,122759,124028,0.9897684393846551
11,2026-02-01 02:45:40,114827.22087434193,2904.000172805786,123089,123063,1.00021127390036
11,2026-02-01 02:45:40,114827.22087434193,2906.0001731872558,122358,122731,0.9969608330413668
11,2026-02-01 02:45:40,114827.22087434193,2908.0001735687256,122289,123315,0.99167984430118
11,2026-02-01 02:45:40,114827.22087434193,2910.000173950195,122029,122636,0.9950503930330409
11,2026-02-01 02:45:40,114827.22087434193,2912.0001743316648,121779,121507,1.0022385541573737
11,2026-02-01 02:45:40,114827.22087434193,2914.0001747131346,121485,120844,1.0053043593393134
11,2026-02-01 02:45:40,114827.22087434193,2916.0001750946044,119907,120847,0.992221569422493
11,2026-02-01 02:45:40,114827.22087434193,2918.000175476074,119606,119565,1.0003429097143812
11,2026-02-01 02:45:40,114827.22087434193,2920.0001758575436,118856,119543,0.9942531139422635
11,2026-02-01 02:45:40,114827.22087434193,2922.0001762390134,117612,117214,1.0033954988311977
11,2026-02-01 02:45:40,114827.22087434193,2924.000176620483,116307,116174,1.0011448344724292
11,2026-02-01 02:45:40,114827.22087434193,2926.000177001953,115425,114931,1.0042982311125805
11,2026-02-01 02:45:40,114827.22087434193,2928.000177383423,113740,114484,0.9935012752873764
11,2026-02-01 02:45:40,114827.22087434193,2930.000177764892,113909,113533,1.0033118124245815
11,2026-02-01 02:45:40,114827.22087434193,2932.000178146362,111401,112322,0.9918003596802051
11,2026-02-01 02:45:40,114827.22087434193,2934.000178527832,110797,111480,0.9938733405095085
11,2026-02-01 02:45:40,114827.22087434193,2936.0001789093017,110572,110731,0.9985640877441728
11,2026-02-01 02:45:40,114827.22087434193,2938.0001792907715,110026,110413,0.9964949779464375
11,2026-02-01 02:45:40,114827.22087434193,2940.000179672241,109460,110240,0.9929245283018868
11,2026-02-01 02:45:40,114827.22087434193,2942.0001800537107,108898,109781,0.991956713821153
11,2026-02-01 02:45:40,114827.22087434193,2944.0001804351805,108901,109964,0.9903331999563494
11,2026-02-01 02:45:40,114827.22087434193,2946.0001808166503,109086,110472,0.9874538344557897
11,2026-02-01 02:45:40,114827.22087434193,2948.00018119812,108733,110843,0.9809640662919625
11,2026-02-01 02:45:40,114827.22087434193,2950.0001815795895,110048,111323,0.9885468411738814
11,2026-02-01 02:45:40,114827.22087434193,2952.0001819610593,110482,111967,0.9867371636285691
11,2026-02-01 02:45:40,114827.22087434193,2954.000182342529,111851,112926,0.9904804916493988
11,2026-02-01 02:45:40,114827.22087434193,2956.000182723999,111604,113884,0.9799796283938043
11,2026-02-01 02:45:40,114827.22087434193,2958.0001831054688,113757,115324,0.9864121952065485
11,2026-02-01 02:45:40,114827.22087434193,2960.000183486938,114716,117197,0.9788305161394917
11,2026-02-01 02:45:40,114827.22087434193,2962.000183868408,115775,117935,0.9816848263874168
11,2026-02-01 02:45:40,114827.22087434193,2964.0001842498777,117571,118546,0.9917753445919727
11,2026-02-01 02:45:40,114827.22087434193,2966.0001846313476,118385,120112,0.9856217530305048
11,2026-02-01 02:45:40,114827.22087434193,2968.0001850128174,120130,122051,0.9842606779133313
11,2026-02-01 02:45:40,114827.22087434193,2970.0001853942867,120582,122133,0.9873007295325588
11,2026-02-01 02:45:40,114827.22087434193,2972.0001857757566,121660,123446,0.9855321355086435
11,2026-02-01 02:45:40,114827.22087434193,2974.0001861572264,122378,124133,0.9858619384047755
11,2026-02-01 02:45:40,114827.22087434193,2976.000186538696,122865,125042,0.9825898498104637
11,2026-02-01 02:45:40,114827.22087434193,2978.000186920166,123470,125763,0.9817672924469041
11,2026-02-01 02:45:40,114827.22087434193,2980.0001873016354,124668,125540,0.9930540066910944
11,2026-02-01 02:45:40,114827.22087434193,2982.000187683105,123954,125909,0.9844729129768325
11,2026-02-01 02:45:40,114827.22087434193,2984.000188064575,123852,126522,0.9788969507279367
11,2026-02-01 02:45:40,114827.22087434193,2986.000188446045,124872,126429,0.9876847875091949
11,2026-02-01 02:45:40,114827.22087434193,2988.0001888275146,124385,126035,0.9869083984607451
11,2026-02-01 02:45:40,114827.22087434193,2990.000189208984,124375,126063,0.9866098696683404
11,2026-02-01 02:45:40,114827.22087434193,2992.000189590454,123908,125776,0.9851481999745579
11,2026-02-01 02:45:40,114827.22087434193,2994.0001899719236,123503,126159,0.9789472015472539
11,2026-02-01 02:45:40,114827.22087434193,2996.0001903533935,122653,124399,0.9859645173996575
11,2026-02-01 02:45:40,114827.22087434193,2998.0001907348633,122810,124618,0.9854916625206631
11,2026-02-01 02:45:40,114827.22087434193,3000.0001911163326,122338,124593,0.9819010698835408
11,2026-02-01 02:45:40,114827.22087434193,3002.0001914978025,122052,123253,0.9902558152742732
11,2026-02-01 02:45:40,114827.22087434193,3004.0001918792723,121247,122648,0.9885770660752723
11,2026-02-01 02:45:40,114827.22087434193,3006.000192260742,120868,122308,0.9882264447133466
11,2026-02-01 02:45:40,114827.22087434193,3008.000192642212,119827,121464,0.9865227557136271
11,2026-02-01 02:45:40,114827.22087434193,3010.0001930236813,119123,120756,0.9864768624333367
11,2026-02-01 02:45:40,114827.22087434193,3012.000193405151,118389,119578,0.9900566993928649
11,2026-02-01 02:45:40,114827.22087434193,3014.000193786621,117796,118491,0.9941345756217772
11,2026-02-01 02:45:40,114827.22087434193,3016.0001941680907,116739,117957,0.9896742033113762
11,2026-02-01 02:45:40,114827.22087434193,3018.0001945495605,115720,117194,0.9874225642951004
11,2026-02-01 02:45:40,114827.22087434193,3020.00019493103,115126,115999,0.9924740730523539
11,2026-02-01 02:45:40,114827.22087434193,3022.0001953124997,113568,116050,0.9786126669538991
11,2026-02-01 02:45:40,114827.22087434193,3024.0001956939695,112860,114431,0.986271202733525
11,2026-02-01 02:45:40,114827.22087434193,3026.0001960754394,112862,114016,0.9898786135279259
11,2026-02-01 02:45:40,114827.22087434193,3028.000196456909,112694,114349,0.9855267645541281
11,2026-02-01 02:45:40,114827.22087434193,3030.0001968383785,112058,113273,0.9892737015881984
11,2026-02-01 02:45:40,114827.22087434193,3032.0001972198484,111489,113146,0.9853552047796652
11,2026-02-01 02:45:40,114827.22087434193,3034.000197601318,111600,112764,0.9896775566670214
11,2026-02-01 02:45:40,114827.22087434193,3036.000197982788,111279,113533,0.9801467414760466
11,2026-02-01 02:45:40,114827.22087434193,3038.000198364258,111305,113079,0.9843118527754933
11,2026-02-01 02:45:40,114827.22087434193,3040.000198745727,111564,113086,0.9865412164193622
11,2026-02-01 02:45:40,114827.22087434193,3042.000199127197,111809,114406,0.977300141600965
11,2026-02-01 02:45:40,114827.22087434193,3044.000199508667,112573,114356,0.984408338871594
11,2026-02-01 02:45:40,114827.22087434193,3046.0001998901366,113308,115036,0.9849786153899649
11,2026-02-01 02:45:40,114827.22087434193,3048.0002002716064,113033,115243,0.9808231302551998
11,2026-02-01 02:45:40,114827.22087434193,3050.000200653076,114649,116046,0.9879616703720938
11,2026-02-01 02:45:40,114827.22087434193,3052.0002010345456,114550,116076,0.9868534408490989
11,2026-02-01 02:45:40,114827.22087434193,3054.0002014160154,115433,117031,0.9863454982013312
11,2026-02-01 02:45:40,114827.22087434193,3056.0002017974853,116110,118102,0.9831332238234747
11,2026-02-01 02:45:40,114827.22087434193,3058.000202178955,116043,118862,0.9762834211101951
11,2026-02-01 02:45:40,114827.22087434193,3060.0002025604244,117199,119850,0.977880684188569
11,2026-02-01 02:45:40,114827.22087434193,3062.0002029418943,118861,120795,0.9839894035349145
11,2026-02-01 02:45:40,114827.22087434193,3064.000203323364,118598,121984,0.9722422612801679
11,2026-02-01 02:45:40,114827.22087434193,3066.000203704834,119708,122059,0.9807388230282077
11,2026-02-01 02:45:40,114827.22087434193,3068.0002040863037,121205,123199,0.9838148036915884
11,2026-02-01 02:45:40,114827.22087434193,3070.000204467773,122296,123338,0.9915516710178534
11,2026-02-01 02:45:40,114827.22087434193,3072.000204849243,122991,125380,0.9809459243898548
11,2026-02-01 02:45:40,114827.22087434193,3074.0002052307127,123544,125153,0.987143736067054
11,2026-02-01 02:45:40,114827.22087434193,3076.0002056121825,124705,126958,0.9822539737551002
11,2026-02-01 02:45:40,114827.22087434193,3078.0002059936523,124827,126879,0.983827110869411
11,2026-02-01 02:45:40,114827.22087434193,3080.0002063751217,125220,127503,0.9820945389520247
11,2026-02-01 02:45:40,114827.22087434193,3082.0002067565915,126240,127870,0.9872526785016031
11,2026-02-01 02:45:40,114827.22087434193,3084.0002071380613,125043,127914,0.9775552324217834
11,2026-02-01 02:45:40,114827.22087434193,3086.000207519531,125524,128052,0.9802580201793022
11,2026-02-01 02:45:40,114827.22087434193,3088.000207901001,125619,127833,0.98268052850203
11,2026-02-01 02:45:40,114827.22087434193,3090.0002082824703,125506,128175,0.9791769065730447
11,2026-02-01 02:45:40,114827.22087434193,3092.00020866394,125927,127355,0.9887872482431
11,2026-02-01 02:45:40,114827.22087434193,3094.00020904541,125349,127728,0.9813744832769635
11,2026-02-01 02:45:40,114827.22087434193,3096.00020942688,124570,126171,0.987310871753414
11,2026-02-01 02:45:40,114827.22087434193,3098.0002098083496,124613,125599,0.9921496190256291
11,2026-02-01 02:45:40,114827.22087434193,3100.000210189819,123014,124496,0.9880960030844365
11,2026-02-01 02:45:40,114827.22087434193,3102.000210571289,121926,123400,0.9880551053484603
11,2026-02-01 02:45:40,114827.22087434193,3104.0002109527586,121459,122577,0.9908792024604942
11,2026-02-01 02:45:40,114827.22087434193,3106.0002113342284,120424,120674,0.9979283026998359
11,2026-02-01 02:45:40,114827.22087434193,3108.0002117156982,118948,119859,0.9923994026314252
11,2026-02-01 02:45:40,114827.22087434193,3110.0002120971676,117007,119831,0.976433477146982
11,2026-02-01 02:45:40,114827.22087434193,3112.0002124786374,116676,117440,0.9934945504087194
11,2026-02-01 02:45:40,114827.22087434193,3114.0002128601072,115642,116723,0.9907387575713441
11,2026-02-01 02:45:40,114827.22087434193,3116.000213241577,114629,115677,0.9909402906368595
11,2026-02-01 02:45:40,114827.22087434193,3118.000213623047,113111,114694,0.9861980574397964
11,2026-02-01 02:45:40,114827.22087434193,3120.0002140045162,112073,113611,0.9864625784475095
11,2026-02-01 02:45:40,114827.22087434193,3122.000214385986,111792,112392,0.9946615417467436
11,2026-02-01 02:45:40,114827.22087434193,3124.000214767456,110569,111935,0.9877964890338142
11,2026-02-01 02:45:40,114827.22087434193,3126.0002151489257,109902,111448,0.9861280597229201
11,2026-02-01 02:45:40,114827.22087434193,3128.0002155303955,110055,111454,0.9874477362858219
11,2026-02-01 02:45:40,114827.22087434193,3130.000215911865,109350,111467,0.9810078319143782
11,2026-02-01 02:45:40,114827.22087434193,3132.0002162933347,110310,112150,0.9835934016941597
11,2026-02-01 02:45:40,114827.22087434193,3134.0002166748045,110420,112250,0.9836971046770602
11,2026-02-01 02:45:40,114827.22087434193,3136.0002170562743,111121,113122,0.9823111331129223
11,2026-02-01 02:45:40,114827.22087434193,3138.000217437744,112767,114128,0.9880747932146362
11,2026-02-01 02:45:40,114827.22087434193,3140.0002178192135,112832,114687,0.9838255425636733
11,2026-02-01 02:45:40,114827.22087434193,3142.0002182006833,114123,115977,0.9840140717556067
11,2026-02-01 02:45:40,114827.22087434193,3144.000218582153,115739,117249,0.9871214253426468
11,2026-02-01 02:45:40,114827.22087434193,3146.000218963623,116447,118884,0.9795010262104236
11,2026-02-01 02:45:40,114827.22087434193,3148.000219345093,117998,119852,0.9845309214698128
11,2026-02-01 02:45:40,114827.22087434193,3150.000219726562,118780,119487,0.9940830383221606
11,2026-02-01 02:45:40,114827.22087434193,3152.000220108032,119384,120631,0.989662690353226
11,2026-02-01 02:45:40,114827.22087434193,3154.0002204895018,120559,121726,0.9904128945336247
11,2026-02-01 02:45:40,114827.22087434193,3156.0002208709716,121356,123265,0.9845130410092078
11,2026-02-01 02:45:40,114827.22087434193,3158.0002212524414,121697,123969,0.9816728375642297
11,2026-02-01 02:45:40,114827.22087434193,3160.0002216339108,122930,124559,0.9869218603232203
11,2026-02-01 02:45:40,114827.22087434193,3162.0002220153806,123237,125434,0.9824848127302007
11,2026-02-01 02:45:40,114827.22087434193,3164.0002223968504,124232,124895,0.9946915408943513
11,2026-02-01 02:45:40,114827.22087434193,3166.00022277832,124071,125219,0.9908320622269783
11,2026-02-01 02:45:40,114827.22087434193,3168.00022315979,124321,126363,0.9838402063895286
11,2026-02-01 02:45:40,114827.22087434193,3170.0002235412594,124306,126048,0.9861798679867987
11,2026-02-01 02:45:40,114827.22087434193,3172.000223922729,124930,126299,0.9891606426020791
11,2026-02-01 02:45:40,114827.22087434193,3174.000224304199,125256,125969,0.9943398772713922
11,2026-02-01 02:45:40,114827.22087434193,3176.000224685669,125202,126851,0.9870004966456709
11,2026-02-01 02:45:40,114827.22087434193,3178.0002250671387,124816,126039,0.9902966542102047
11,2026-02-01 02:45:40,114827.22087434193,3180.000225448608,125329,126099,0.9938936867064767
11,2026-02-01 02:45:40,114827.22087434193,3182.000225830078,125031,126084,0.9916484248596174
11,2026-02-01 02:45:40,114827.22087434193,3184.0002262115477,125049,126297,0.9901185301313571
11,2026-02-01 02:45:40,114827.22087434193,3186.0002265930175,124369,125716,0.9892853733812721
11,2026-02-01 02:45:40,114827.22087434193,3188.0002269744873,124563,126226,0.9868252182593127
11,2026-02-01 02:45:40,114827.22087434193,3190.0002273559567,124940,124602,1.0027126370363237
11,2026-02-01 02:45:40,114827.22087434193,3192.0002277374265,123411,124344,0.9924966222736923
11,2026-02-01 02:45:40,114827.22087434193,3194.0002281188963,123560,124486,0.9925614125283164
11,2026-02-01 02:45:40,114827.22087434193,3196.000228500366,122948,124439,0.9880182257973786
11,2026-02-01 02:45:40,114827.22087434193,3198.000228881836,122210,122647,0.9964369287467284
11,2026-02-01 02:45:40,114827.22087434193,3200.0002292633053,121576,122121,0.9955372130919334
11,2026-02-01 02:45:40,114827.22087434193,3202.000229644775,121049,121190,0.9988365376681244
11,2026-02-01 02:45:40,114827.22087434193,3204.000230026245,119972,120180,0.9982692627725079
11,2026-02-01 02:45:40,114827.22087434193,3206.0002304077148,118645,119739,0.9908634613617953
11,2026-02-01 02:45:40,114827.22087434193,3208.0002307891846,118130,118797,0.9943853801021911
11,2026-02-01 02:45:40,114827.22087434193,3210.000231170654,117488,117015,1.0040422168098107
11,2026-02-01 02:45:40,114827.22087434193,3212.0002315521238,115507,116259,0.9935316835685839
11,2026-02-01 02:45:40,114827.22087434193,3214.0002319335936,114696,115400,0.993899480069324
11,2026-02-01 02:45:40,114827.22087434193,3216.0002323150634,113801,114456,0.9942772768574824
11,2026-02-01 02:45:40,114827.22087434193,3218.000232696533,112116,112543,0.9962058946358281
11,2026-02-01 02:45:40,114827.22087434193,3220.0002330780026,111818,112440,0.9944681607968694
11,2026-02-01 02:45:40,114827.22087434193,3222.0002334594724,112067,111929,1.0012329244431737
11,2026-02-01 02:45:40,114827.22087434193,3224.000233840942,110977,111359,0.9965696531039251
11,2026-02-01 02:45:40,114827.22087434193,3226.000234222412,110767,111446,0.9939073632072932
11,2026-02-01 02:45:40,114827.22087434193,3228.000234603882,111380,112145,0.9931784742966695
11,2026-02-01 02:45:40,114827.22087434193,3230.000234985351,110895,112021,0.9899483132626918
11,2026-02-01 02:45:40,114827.22087434193,3232.000235366821,110920,112478,0.9861484023542382
11,2026-02-01 02:45:40,114827.22087434193,3234.000235748291,111465,113385,0.9830665431935441
11,2026-02-01 02:45:40,114827.22087434193,3236.0002361297607,112787,114491,0.9851167340664332
11,2026-02-01 02:45:40,114827.22087434193,3238.0002365112305,114003,115604,0.9861509982353551
11,2026-02-01 02:45:40,114827.22087434193,3240.0002368927,115225,116420,0.9897354406459371
11,2026-02-01 02:45:40,114827.22087434193,3242.0002372741696,116277,117172,0.9923616563684157
11,2026-02-01 02:45:40,114827.22087434193,3244.0002376556395,116289,119680,0.9716661096256685
11,2026-02-01 02:45:40,114827.22087434193,3246.0002380371093,118127,119678,0.9870402246026838
11,2026-02-01 02:45:40,114827.22087434193,3248.000238418579,119284,120749,0.9878673943469511
11,2026-02-01 02:45:40,114827.22087434193,3250.0002388000485,120464,121962,0.9877174857742576
11,2026-02-01 02:45:40,114827.22087434193,3252.0002391815183,121680,123518,0.9851195777133697
11,2026-02-01 02:45:40,114827.22087434193,3254.000239562988,121752,124144,0.9807320530996262
11,2026-02-01 02:45:40,114827.22087434193,3256.000239944458,122189,124874,0.9784983263129234
11,2026-02-01 02:45:40,114827.22087434193,3258.0002403259277,121847,125474,0.9710936130194303
11,2026-02-01 02:45:40,114827.22087434193,3260.000240707397,121345,126365,0.9602738099948561
11,2026-02-01 02:45:40,114827.22087434193,3262.000241088867,120350,126776,0.9493121726509749
11,2026-02-01 02:45:40,114827.22087434193,3264.0002414703367,117587,127602,0.9215137693766555
11,2026-02-01 02:45:40,114827.22087434193,3266.0002418518065,118560,127939,0.9266916264782435
11,2026-02-01 02:45:40,114827.22087434193,3268.0002422332764,119546,127286,0.9391920556856214
11,2026-02-01 02:45:40,114827.22087434193,3270.0002426147457,121941,127382,0.9572859587696849
11,2026-02-01 02:45:40,114827.22087434193,3272.0002429962155,123196,127680,0.9648809523809524
11,2026-02-01 02:45:40,114827.22087434193,3274.0002433776854,123906,127900,0.9687724784988272
11,2026-02-01 02:45:40,114827.22087434193,3276.000243759155,125727,126432,0.9944238800303721
11,2026-02-01 02:45:40,114827.22087434193,3278.000244140625,124757,126627,0.9852322174575723
11,2026-02-01 02:45:40,114827.22087434193,3280.0002445220944,125335,126589,0.9900939260125288
11,2026-02-01 02:45:40,114827.22087434193,3282.000244903564,124114,125862,0.9861117732119306
11,2026-02-01 02:45:40,114827.22087434193,3284.000245285034,124681,125317,0.9949248705283401
11,2026-02-01 02:45:40,114827.22087434193,3286.000245666504,123940,124775,0.993307954317772
11,2026-02-01 02:45:40,114827.22087434193,3288.0002460479736,122937,123887,0.9923317216495677
11,2026-02-01 02:45:40,114827.22087434193,3290.000246429443,122481,122697,0.998239565759554
11,2026-02-01 02:45:40,114827.22087434193,3292.000246810913,121785,122185,0.9967262757294267
11,2026-02-01 02:45:40,114827.22087434193,3294.0002471923826,121044,120954,1.0007440845280025
11,2026-02-01 02:45:40,114827.22087434193,3296.0002475738524,119858,119790,1.0005676600717923
11,2026-02-01 02:45:40,114827.22087434193,3298.0002479553223,119226,119179,1.0003943647790299
11,2026-02-01 02:45:40,114827.22087434193,3300.0002483367916,117727,118233,0.9957203149712855
11,2026-02-01 02:45:40,114827.22087434193,3302.0002487182614,117776,118038,0.9977803758111794
11,2026-02-01 02:45:40,114827.22087434193,3304.0002490997313,116178,117158,0.9916352276413049
11,2026-02-01 02:45:40,114827.22087434193,3306.000249481201,115510,116899,0.9881179479721811
11,2026-02-01 02:45:40,114827.22087434193,3308.000249862671,115881,116071,0.998363070879031
11,2026-02-01 02:45:40,114827.22087434193,3310.0002502441403,114804,115754,0.9917929402007706
11,2026-02-01 02:45:40,114827.22087434193,3312.00025062561,114640,114386,1.0022205514660885
11,2026-02-01 02:45:40,114827.22087434193,3314.00025100708,114183,114299,0.9989851179800349
11,2026-02-01 02:45:40,114827.22087434193,3316.0002513885497,114323,114698,0.996730544560498
11,2026-02-01 02:45:40,114827.22087434193,3318.0002517700195,113608,114047,0.9961507097950845
11,2026-02-01 02:45:40,114827.22087434193,3320.000252151489,113314,114106,0.9930590854118101
11,2026-02-01 02:45:40,114827.22087434193,3322.0002525329587,113393,114246,0.9925336554452673
11,2026-02-01 02:45:40,114827.22087434193,3324.0002529144285,113492,114806,0.988554605160009
11,2026-02-01 02:45:40,114827.22087434193,3326.0002532958983,113532,115495,0.9830035932291441
11,2026-02-01 02:45:40,114827.22087434193,3328.000253677368,114428,115036,0.9947146980075803
11,2026-02-01 02:45:40,114827.22087434193,3330.0002540588375,114396,115761,0.9882084639904631
11,2026-02-01 02:45:40,114827.22087434193,3332.0002544403073,115646,116972,0.9886639537667135
11,2026-02-01 02:45:40,114827.22087434193,3334.000254821777,116721,116988,0.9977177146373987
11,2026-02-01 02:45:40,114827.22087434193,3336.000255203247,117328,118361,0.9912724630579329
11,2026-02-01 02:45:40,114827.22087434193,3338.000255584717,118134,118349,0.9981833391072168
11,2026-02-01 02:45:40,114827.22087434193,3340.000255966186,118440,119902,0.9878067088121967
11,2026-02-01 02:45:40,114827.22087434193,3342.000256347656,119290,120157,0.9927844403571994
11,2026-02-01 02:45:40,114827.22087434193,3344.000256729126,119717,121358,0.9864780236984789
11,2026-02-01 02:45:40,114827.22087434193,3346.0002571105956,120846,122335,0.9878285036988597
11,2026-02-01 02:45:40,114827.22087434193,3348.0002574920654,122140,122329,0.9984549861439234
11,2026-02-01 02:45:40,114827.22087434193,3350.000257873535,122828,122975,0.9988046350884326
11,2026-02-01 02:45:40,114827.22087434193,3352.0002582550046,123488,123794,0.9975281516067015
11,2026-02-01 02:45:40,114827.22087434193,3354.0002586364744,123091,124735,0.9868200585240711
11,2026-02-01 02:45:40,114827.22087434193,3356.0002590179442,124329,125205,0.9930034743021445
11,2026-02-01 02:45:40,114827.22087434193,3358.000259399414,125167,126089,0.9926877047165098
11,2026-02-01 02:45:40,114827.22087434193,3360.0002597808834,126187,126611,0.9966511598518296
11,2026-02-01 02:45:40,114827.22087434193,3362.0002601623532,125780,126847,0.9915882914061822
11,2026-02-01 02:45:40,114827.22087434193,3364.000260543823,126183,126630,0.996470030798389
11,2026-02-01 02:45:40,114827.22087434193,3366.000260925293,126775,127746,0.9923989792243985
11,2026-02-01 02:45:40,114827.22087434193,3368.0002613067627,127372,127282,1.000707091340488
11,2026-02-01 02:45:40,114827.22087434193,3370.000261688232,127470,126907,1.004436319509562
11,2026-02-01 02:45:40,114827.22087434193,3372.000262069702,127099,127589,0.9961595435343172
11,2026-02-01 02:45:40,114827.22087434193,3374.0002624511717,127329,127717,0.9969620332453785
11,2026-02-01 02:45:40,114827.22087434193,3376.0002628326415,126591,126836,0.998068371755653
11,2026-02-01 02:45:40,114827.22087434193,3378.0002632141113,126099,127192,0.9914066922447953
11,2026-02-01 02:45:40,114827.22087434193,3380.0002635955807,125072,125874,0.9936285491841047
11,2026-02-01 02:45:40,114827.22087434193,3382.0002639770505,124701,125204,0.9959825564678445
11,2026-02-01 02:45:40,114827.22087434193,3384.0002643585203,124775,124565,1.0016858668165214
11,2026-02-01 02:45:40,114827.22087434193,3386.00026473999,123497,123257,1.001947151074584
11,2026-02-01 02:45:40,114827.22087434193,3388.00026512146,122307,122879,0.9953450142009619
11,2026-02-01 02:45:40,114827.22087434193,3390.0002655029293,121861,122265,0.9966957019588598
11,2026-02-01 02:45:40,114827.22087434193,3392.000265884399,120099,120472,0.9969038448768178
11,2026-02-01 02:45:40,114827.22087434193,3394.000266265869,118936,119785,0.992912301206328
11,2026-02-01 02:45:40,114827.22087434193,3396.000266647339,118313,117779,1.0045339152140873
11,2026-02-01 02:45:40,114827.22087434193,3398.0002670288086,115880,117036,0.9901226972897228
11,2026-02-01 02:45:40,114827.22087434193,3400.000267410278,115878,115854,1.000207157284168
11,2026-02-01 02:45:40,114827.22087434193,3402.000267791748,115014,114590,1.0037001483550048
11,2026-02-01 02:45:40,114827.22087434193,3404.0002681732176,113916,114006,0.9992105678648492
11,2026-02-01 02:45:40,114827.22087434193,3406.0002685546874,112472,113599,0.9900791380205811
11,2026-02-01 02:45:40,114827.22087434193,3408.000268936157,113021,112615,1.0036052035696843
11,2026-02-01 02:45:40,114827.22087434193,3410.0002693176266,112238,112570,0.9970507239939593
11,2026-02-01 02:45:40,114827.22087434193,3412.0002696990964,112030,111818,1.0018959380421757
11,2026-02-01 02:45:40,114827.22087434193,3414.000270080566,110733,111724,0.9911299273208979
11,2026-02-01 02:45:40,114827.22087434193,3416.000270462036,111312,112154,0.9924924657167823
11,2026-02-01 02:45:40,114827.22087434193,3418.000270843506,111684,112284,0.9946564069680454
11,2026-02-01 02:45:40,114827.22087434193,3420.000271224975,111859,112575,0.9936397956917611
11,2026-02-01 02:45:40,114827.22087434193,3422.000271606445,112271,113316,0.9907780013413816
11,2026-02-01 02:45:40,114827.22087434193,3424.000271987915,112505,113505,0.9911898154266332
11,2026-02-01 02:45:40,114827.22087434193,3426.0002723693847,113056,114613,0.9864151536038669
11,2026-02-01 02:45:40,114827.22087434193,3428.0002727508545,115353,115206,1.0012759752096245
11,2026-02-01 02:45:40,114827.22087434193,3430.000273132324,114837,116347,0.9870215819918003
11,2026-02-01 02:45:40,114827.22087434193,3432.0002735137937,115743,117095,0.9884538195482301
11,2026-02-01 02:45:40,114827.22087434193,3434.0002738952635,116911,118384,0.9875574401946209
11,2026-02-01 02:45:40,114827.22087434193,3436.0002742767333,117925,119159,0.9896440889903406
11,2026-02-01 02:45:40,114827.22087434193,3438.000274658203,118499,119945,0.9879444745508358
11,2026-02-01 02:45:40,114827.22087434193,3440.0002750396725,119717,120977,0.9895847971101945
11,2026-02-01 02:45:40,114827.22087434193,3442.0002754211423,121018,121748,0.9940040082793968
11,2026-02-01 02:45:40,114827.22087434193,3444.000275802612,121784,122914,0.9908065802105537
11,2026-02-01 02:45:40,114827.22087434193,3446.000276184082,121876,123388,0.9877459720556294
11,2026-02-01 02:45:40,114827.22087434193,3448.0002765655518,122678,124200,0.9877455716586151
11,2026-02-01 02:45:40,114827.22087434193,3450.000276947021,123673,123980,0.9975237941603484
11,2026-02-01 02:45:40,114827.22087434193,3452.000277328491,122999,124213,0.9902264658288585
11,2026-02-01 02:45:40,114827.22087434193,3454.0002777099608,124145,125130,0.9921281866858467
11,2026-02-01 02:45:40,114827.22087434193,3456.0002780914306,124237,124748,0.9959037419437586
11,2026-02-01 02:45:40,114827.22087434193,3458.0002784729004,125383,125248,1.001077861522739
11,2026-02-01 02:45:40,114827.22087434193,3460.0002788543698,125089,125325,0.9981168960702175
11,2026-02-01 02:45:40,114827.22087434193,3462.0002792358396,124351,125176,0.9934092797341343
11,2026-02-01 02:45:40,114827.22087434193,3464.0002796173094,125043,124792,1.0020113468812104
11,2026-02-01 02:45:40,114827.22087434193,3466.000279998779,124482,124691,0.9983238565734496
11,2026-02-01 02:45:40,114827.22087434193,3468.000280380249,124441,125130,0.9944937265244146
11,2026-02-01 02:45:40,114827.22087434193,3470.0002807617184,123520,125388,0.985102242638849
11,2026-02-01 02:45:40,114827.22087434193,3472.000281143188,124168,123696,1.0038158064933385
11,2026-02-01 02:45:40,114827.22087434193,3474.000281524658,122994,123715,0.9941720890756982
11,2026-02-01 02:45:40,114827.22087434193,3476.000281906128,123272,123455,0.9985176785063383
11,2026-02-01 02:45:40,114827.22087434193,3478.0002822875977,122704,123131,0.9965321486871705
11,2026-02-01 02:45:40,114827.22087434193,3480.000282669067,121968,122315,0.997163062584311
11,2026-02-01 02:45:40,114827.22087434193,3482.000283050537,121136,121768,0.9948098022468957
11,2026-02-01 02:45:40,114827.22087434193,3484.0002834320067,120710,120462,1.0020587405156813
11,2026-02-01 02:45:40,114827.22087434193,3486.0002838134765,119526,120267,0.9938387088727582
11,2026-02-01 02:45:40,114827.22087434193,3488.0002841949463,118679,118602,1.0006492301984788
11,2026-02-01 02:45:40,114827.22087434193,3490.0002845764157,117824,117471,1.0030049969779775
11,2026-02-01 02:45:40,114827.22087434193,3492.0002849578855,116369,116293,1.0006535217080994
11,2026-02-01 02:45:40,114827.22087434193,3494.0002853393553,116130,115853,1.0023909609591466
11,2026-02-01 02:45:40,114827.22087434193,3496.000285720825,114624,114523,1.0008819189158509
11,2026-02-01 02:45:40,114827.22087434193,3498.000286102295,113847,113573,1.002412545235223
11,2026-02-01 02:45:40,114827.22087434193,3500.0002864837643,112945,112334,1.005439136859722
