index,timestamp,cps_prior,frequency_MHz,signal,reference,ratio
0,2026-02-03 00:00:51,110070.74204623484,999.9999996185302,115940,115590,1.0030279435937366
0,2026-02-03 00:00:51,110070.74204623484,1001.9999999999999,115744,116312,0.995116582983699
0,2026-02-03 00:00:51,110070.74204623484,1004.0000003814696,115611,115781,0.9985317107297398
0,2026-02-03 00:00:51,110070.74204623484,1006.0000007629394,115607,116183,0.9950423039515247
0,2026-02-03 00:00:51,110070.74204623484,1008.0000011444091,115375,115897,0.9954960007592949
0,2026-02-03 00:00:51,110070.74204623484,1010.0000015258788,114772,116431,0.9857512174592677
0,2026-02-03 00:00:51,110070.74204623484,1012.0000019073485,115470,116100,0.9945736434108527
0,2026-02-03 00:00:51,110070.74204623484,1014.0000022888182,115907,115490,1.003610702225301
0,2026-02-03 00:00:51,110070.74204623484,1016.000002670288,115270,115833,0.9951395543584298
0,2026-02-03 00:00:51,110070.74204623484,1018.0000030517577,114322,115162,0.9927059273024088
0,2026-02-03 00:00:51,110070.74204623484,1020.0000034332274,115764,115725,1.0003370058327932
0,2026-02-03 00:00:51,110070.74204623484,1022.0000038146972,115022,114909,1.0009833868539453
0,2026-02-03 00:00:51,110070.74204623484,1024.0000041961669,115504,116003,0.9956983871106782
0,2026-02-03 00:00:51,110070.74204623484,1026.0000045776367,115331,116781,0.9875835966467148
0,2026-02-03 00:00:51,110070.74204623484,1028.0000049591063,114607,115421,0.9929475572036285
0,2026-02-03 00:00:51,110070.74204623484,1030.000005340576,115336,116181,0.9927268658386483
0,2026-02-03 00:00:51,110070.74204623484,1032.000005722046,115408,115878,0.9959440100795665
0,2026-02-03 00:00:51,110070.74204623484,1034.0000061035155,115444,116120,0.9941784361005856
0,2026-02-03 00:00:51,110070.74204623484,1036.0000064849853,114938,116553,0.986143642806277
0,2026-02-03 00:00:51,110070.74204623484,1038.000006866455,115764,115743,1.0001814364583603
0,2026-02-03 00:00:51,110070.74204623484,1040.0000072479247,115567,115790,0.9980740996631834
0,2026-02-03 00:00:51,110070.74204623484,1042.0000076293945,115266,116281,0.9912711448989947
0,2026-02-03 00:00:51,110070.74204623484,1044.0000080108641,115617,115900,0.9975582398619499
0,2026-02-03 00:00:51,110070.74204623484,1046.000008392334,115265,115824,0.9951737118386518
0,2026-02-03 00:00:51,110070.74204623484,1048.0000087738035,115410,115974,0.9951368410160898
0,2026-02-03 00:00:51,110070.74204623484,1050.0000091552733,115021,116300,0.9890025795356836
0,2026-02-03 00:00:51,110070.74204623484,1052.0000095367432,115399,116127,0.9937310014036357
0,2026-02-03 00:00:51,110070.74204623484,1054.0000099182128,114815,116743,0.9834850911831973
0,2026-02-03 00:00:51,110070.74204623484,1056.0000102996826,115497,115529,0.9997230132693956
0,2026-02-03 00:00:51,110070.74204623484,1058.0000106811522,115555,116079,0.9954858329241293
0,2026-02-03 00:00:51,110070.74204623484,1060.000011062622,115065,115473,0.9964667065028189
0,2026-02-03 00:00:51,110070.74204623484,1062.0000114440918,115292,116184,0.9923225228947187
0,2026-02-03 00:00:51,110070.74204623484,1064.0000118255614,114994,115724,0.9936918875946217
0,2026-02-03 00:00:51,110070.74204623484,1066.0000122070312,115113,116363,0.9892577537533408
0,2026-02-03 00:00:51,110070.74204623484,1068.0000125885008,115880,116178,0.997434970476338
0,2026-02-03 00:00:51,110070.74204623484,1070.0000129699706,115258,116245,0.9915093122284829
0,2026-02-03 00:00:51,110070.74204623484,1072.0000133514404,115286,115656,0.9968008577159854
0,2026-02-03 00:00:51,110070.74204623484,1074.00001373291,115352,116053,0.9939596563639027
0,2026-02-03 00:00:51,110070.74204623484,1076.0000141143798,115698,116488,0.9932181855641783
0,2026-02-03 00:00:51,110070.74204623484,1078.0000144958494,115391,116353,0.9917320567583131
0,2026-02-03 00:00:51,110070.74204623484,1080.0000148773192,115206,115851,0.9944325038195614
0,2026-02-03 00:00:51,110070.74204623484,1082.000015258789,115698,115900,0.9982571182053495
0,2026-02-03 00:00:51,110070.74204623484,1084.0000156402587,115576,116230,0.9943732255011615
0,2026-02-03 00:00:51,110070.74204623484,1086.0000160217285,115755,116186,0.996290430860861
0,2026-02-03 00:00:51,110070.74204623484,1088.000016403198,115721,115839,0.9989813447975207
0,2026-02-03 00:00:51,110070.74204623484,1090.0000167846679,115433,115801,0.9968221345238815
0,2026-02-03 00:00:51,110070.74204623484,1092.0000171661377,115748,115968,0.9981029249448123
0,2026-02-03 00:00:51,110070.74204623484,1094.0000175476073,115853,115902,0.9995772290383255
0,2026-02-03 00:00:51,110070.74204623484,1096.000017929077,114686,115712,0.9911331581858407
0,2026-02-03 00:00:51,110070.74204623484,1098.0000183105467,115055,115993,0.9919133051132396
0,2026-02-03 00:00:51,110070.74204623484,1100.0000186920165,115729,116556,0.9929046981708364
0,2026-02-03 00:00:51,110070.74204623484,1102.0000190734863,116184,115448,1.0063751645762595
0,2026-02-03 00:00:51,110070.74204623484,1104.000019454956,115374,116219,0.9927292439274129
0,2026-02-03 00:00:51,110070.74204623484,1106.0000198364257,116123,116204,0.99930294998451
0,2026-02-03 00:00:51,110070.74204623484,1108.0000202178953,115622,115483,1.0012036403626507
0,2026-02-03 00:00:51,110070.74204623484,1110.0000205993651,115473,115947,0.9959119252762038
0,2026-02-03 00:00:51,110070.74204623484,1112.000020980835,115632,116394,0.993453270787154
0,2026-02-03 00:00:51,110070.74204623484,1114.0000213623046,114889,115695,0.9930334068023683
0,2026-02-03 00:00:51,110070.74204623484,1116.0000217437744,115372,115668,0.9974409516893177
0,2026-02-03 00:00:51,110070.74204623484,1118.000022125244,115048,115590,0.9953110130634137
0,2026-02-03 00:00:51,110070.74204623484,1120.0000225067138,115337,116058,0.9937875889641387
0,2026-02-03 00:00:51,110070.74204623484,1122.0000228881836,115443,116373,0.9920084555695908
0,2026-02-03 00:00:51,110070.74204623484,1124.0000232696532,114938,115848,0.9921448794972723
0,2026-02-03 00:00:51,110070.74204623484,1126.000023651123,114603,116105,0.9870634339606391
0,2026-02-03 00:00:51,110070.74204623484,1128.0000240325926,115805,116479,0.9942135492234652
0,2026-02-03 00:00:51,110070.74204623484,1130.0000244140624,115313,116293,0.9915730095534555
0,2026-02-03 00:00:51,110070.74204623484,1132.0000247955322,115459,116253,0.9931700687294092
0,2026-02-03 00:00:51,110070.74204623484,1134.0000251770018,115155,116529,0.9882089436964189
0,2026-02-03 00:00:51,110070.74204623484,1136.0000255584716,115773,115773,1.0
0,2026-02-03 00:00:51,110070.74204623484,1138.0000259399412,115812,116229,0.9964122551170534
0,2026-02-03 00:00:51,110070.74204623484,1140.000026321411,115720,116096,0.9967613009922822
0,2026-02-03 00:00:51,110070.74204623484,1142.0000267028809,115193,115921,0.9937198609397779
0,2026-02-03 00:00:51,110070.74204623484,1144.0000270843504,115733,116161,0.9963154587167811
0,2026-02-03 00:00:51,110070.74204623484,1146.0000274658203,115087,116628,0.9867870494220942
0,2026-02-03 00:00:51,110070.74204623484,1148.0000278472899,115161,115962,0.9930925648057122
0,2026-02-03 00:00:51,110070.74204623484,1150.0000282287597,115268,115980,0.993861010519055
0,2026-02-03 00:00:51,110070.74204623484,1152.0000286102295,115236,116201,0.9916954243078803
0,2026-02-03 00:00:51,110070.74204623484,1154.000028991699,115474,116002,0.9954483543387183
0,2026-02-03 00:00:51,110070.74204623484,1156.000029373169,115836,115404,1.003743371113653
0,2026-02-03 00:00:51,110070.74204623484,1158.0000297546385,115865,115790,1.000647724328526
0,2026-02-03 00:00:51,110070.74204623484,1160.0000301361083,115665,116278,0.9947281514989937
0,2026-02-03 00:00:51,110070.74204623484,1162.0000305175781,115769,115587,1.0015745715348612
0,2026-02-03 00:00:51,110070.74204623484,1164.0000308990477,115261,115557,0.9974384935572921
0,2026-02-03 00:00:51,110070.74204623484,1166.0000312805175,115429,115573,0.9987540342467531
0,2026-02-03 00:00:51,110070.74204623484,1168.0000316619871,115532,115382,1.0013000294673347
0,2026-02-03 00:00:51,110070.74204623484,1170.000032043457,115255,115456,0.9982590770509978
0,2026-02-03 00:00:51,110070.74204623484,1172.0000324249268,116115,115546,1.0049244456753155
0,2026-02-03 00:00:51,110070.74204623484,1174.0000328063963,116111,116201,0.9992254799872634
0,2026-02-03 00:00:51,110070.74204623484,1176.0000331878662,115290,115761,0.9959312721901158
0,2026-02-03 00:00:51,110070.74204623484,1178.0000335693358,115594,116011,0.9964055132702934
0,2026-02-03 00:00:51,110070.74204623484,1180.0000339508056,115533,115924,0.99662710051413
0,2026-02-03 00:00:51,110070.74204623484,1182.0000343322754,115564,116357,0.9931847675687754
0,2026-02-03 00:00:51,110070.74204623484,1184.000034713745,115278,115686,0.9964732119703335
0,2026-02-03 00:00:51,110070.74204623484,1186.0000350952148,115498,116086,0.9949347897248592
0,2026-02-03 00:00:51,110070.74204623484,1188.0000354766844,115193,115600,0.9964792387543253
0,2026-02-03 00:00:51,110070.74204623484,1190.0000358581542,115537,115564,0.9997663632273026
0,2026-02-03 00:00:51,110070.74204623484,1192.000036239624,115089,116162,0.9907629000878084
0,2026-02-03 00:00:51,110070.74204623484,1194.0000366210936,115141,116082,0.9918936613773023
0,2026-02-03 00:00:51,110070.74204623484,1196.0000370025634,114998,116094,0.9905593743001361
0,2026-02-03 00:00:51,110070.74204623484,1198.000037384033,115149,116048,0.9922532055701089
0,2026-02-03 00:00:51,110070.74204623484,1200.0000377655028,115805,116553,0.9935823187734335
0,2026-02-03 00:00:51,110070.74204623484,1202.0000381469727,115272,115896,0.9946158624974115
0,2026-02-03 00:00:51,110070.74204623484,1204.0000385284422,115299,115688,0.996637507779545
0,2026-02-03 00:00:51,110070.74204623484,1206.000038909912,115786,115938,0.9986889544411668
0,2026-02-03 00:00:51,110070.74204623484,1208.0000392913817,115483,115015,1.0040690344737644
0,2026-02-03 00:00:51,110070.74204623484,1210.0000396728515,115747,116475,0.993749731702082
0,2026-02-03 00:00:51,110070.74204623484,1212.0000400543213,115567,116040,0.9959238193726301
0,2026-02-03 00:00:51,110070.74204623484,1214.0000404357909,115356,115844,0.9957874382790649
0,2026-02-03 00:00:51,110070.74204623484,1216.0000408172607,115150,115164,0.99987843423292
0,2026-02-03 00:00:51,110070.74204623484,1218.0000411987303,115684,115968,0.9975510485651214
0,2026-02-03 00:00:51,110070.74204623484,1220.0000415802,116173,116475,0.9974071689203692
0,2026-02-03 00:00:51,110070.74204623484,1222.00004196167,115379,115972,0.9948866967888801
0,2026-02-03 00:00:51,110070.74204623484,1224.0000423431395,115791,116068,0.9976134679670537
0,2026-02-03 00:00:51,110070.74204623484,1226.0000427246093,115272,115536,0.9977149979227253
0,2026-02-03 00:00:51,110070.74204623484,1228.000043106079,115755,116112,0.9969253823894171
0,2026-02-03 00:00:51,110070.74204623484,1230.0000434875487,115355,115767,0.9964411274370071
0,2026-02-03 00:00:51,110070.74204623484,1232.0000438690186,115689,116138,0.9961339096591986
0,2026-02-03 00:00:51,110070.74204623484,1234.0000442504881,115619,116219,0.9948373329662104
0,2026-02-03 00:00:51,110070.74204623484,1236.000044631958,115542,115931,0.9966445558133717
0,2026-02-03 00:00:51,110070.74204623484,1238.0000450134276,116152,115604,1.0047403204041383
0,2026-02-03 00:00:51,110070.74204623484,1240.0000453948974,115586,116224,0.9945106002202643
0,2026-02-03 00:00:51,110070.74204623484,1242.0000457763672,115563,115848,0.9975398798425523
0,2026-02-03 00:00:51,110070.74204623484,1244.0000461578368,116474,115295,1.010225942148402
0,2026-02-03 00:00:51,110070.74204623484,1246.0000465393066,115869,116052,0.9984231206700445
0,2026-02-03 00:00:51,110070.74204623484,1248.0000469207762,114999,115785,0.9932115559010235
0,2026-02-03 00:00:51,110070.74204623484,1250.000047302246,114995,115468,0.9959036269789032
0,2026-02-03 00:00:51,110070.74204623484,1252.0000476837158,115308,115847,0.9953473115402212
0,2026-02-03 00:00:51,110070.74204623484,1254.0000480651854,115256,115756,0.9956805694737206
0,2026-02-03 00:00:51,110070.74204623484,1256.0000484466552,114877,115897,0.9911990819434497
0,2026-02-03 00:00:51,110070.74204623484,1258.0000488281248,115178,116090,0.9921440261865794
0,2026-02-03 00:00:51,110070.74204623484,1260.0000492095946,115719,115419,1.0025992254308216
0,2026-02-03 00:00:51,110070.74204623484,1262.0000495910645,114773,116240,0.9873795595320027
0,2026-02-03 00:00:51,110070.74204623484,1264.000049972534,116307,116063,1.0021023065059493
0,2026-02-03 00:00:51,110070.74204623484,1266.0000503540039,115182,115684,0.9956605926489402
0,2026-02-03 00:00:51,110070.74204623484,1268.0000507354735,115538,115924,0.9966702322211104
0,2026-02-03 00:00:51,110070.74204623484,1270.0000511169433,115721,116425,0.9939531887481211
0,2026-02-03 00:00:51,110070.74204623484,1272.000051498413,115515,115488,1.0002337905236909
0,2026-02-03 00:00:51,110070.74204623484,1274.0000518798827,116027,115480,1.004736750952546
0,2026-02-03 00:00:51,110070.74204623484,1276.0000522613525,115254,116125,0.9924994617868677
0,2026-02-03 00:00:51,110070.74204623484,1278.000052642822,115701,116591,0.992366477686957
0,2026-02-03 00:00:51,110070.74204623484,1280.000053024292,116074,115592,1.0041698387431657
0,2026-02-03 00:00:51,110070.74204623484,1282.0000534057617,116283,116306,0.9998022457998728
0,2026-02-03 00:00:51,110070.74204623484,1284.0000537872313,115830,116107,0.9976142695961484
0,2026-02-03 00:00:51,110070.74204623484,1286.0000541687011,115492,115034,1.0039814315767512
0,2026-02-03 00:00:51,110070.74204623484,1288.0000545501707,114973,116328,0.9883519015198404
0,2026-02-03 00:00:51,110070.74204623484,1290.0000549316405,115844,116190,0.9970221189431104
0,2026-02-03 00:00:51,110070.74204623484,1292.0000553131104,115168,115841,0.9941903125836276
0,2026-02-03 00:00:51,110070.74204623484,1294.00005569458,115275,115577,0.9973870233697015
0,2026-02-03 00:00:51,110070.74204623484,1296.0000560760498,114655,115563,0.9921428138764137
0,2026-02-03 00:00:51,110070.74204623484,1298.0000564575193,115503,116040,0.9953722854188211
0,2026-02-03 00:00:51,110070.74204623484,1300.0000568389892,115510,115108,1.0034923723807208
0,2026-02-03 00:00:51,110070.74204623484,1302.000057220459,115735,116183,0.9961440141845193
0,2026-02-03 00:00:51,110070.74204623484,1304.0000576019286,114982,115652,0.9942067582056514
0,2026-02-03 00:00:51,110070.74204623484,1306.0000579833984,115415,116043,0.9945882129900123
0,2026-02-03 00:00:51,110070.74204623484,1308.000058364868,114957,115752,0.9931318681318682
0,2026-02-03 00:00:51,110070.74204623484,1310.0000587463378,114918,115808,0.9923148659850788
0,2026-02-03 00:00:51,110070.74204623484,1312.0000591278076,115800,116101,0.9974074297379006
0,2026-02-03 00:00:51,110070.74204623484,1314.0000595092772,115772,115581,1.0016525207430287
0,2026-02-03 00:00:51,110070.74204623484,1316.000059890747,115383,115461,0.999324447215943
0,2026-02-03 00:00:51,110070.74204623484,1318.0000602722166,114883,116086,0.9896369932636149
0,2026-02-03 00:00:51,110070.74204623484,1320.0000606536864,115345,116065,0.9937965795028648
0,2026-02-03 00:00:51,110070.74204623484,1322.0000610351562,115608,115936,0.99717085288435
0,2026-02-03 00:00:51,110070.74204623484,1324.0000614166258,115285,116190,0.9922110336517772
0,2026-02-03 00:00:51,110070.74204623484,1326.0000617980957,114799,115541,0.9935780372335361
0,2026-02-03 00:00:51,110070.74204623484,1328.0000621795652,115688,116396,0.9939173167462799
0,2026-02-03 00:00:51,110070.74204623484,1330.000062561035,115270,115571,0.9973955404037345
0,2026-02-03 00:00:51,110070.74204623484,1332.0000629425049,115373,115649,0.9976134683395447
0,2026-02-03 00:00:51,110070.74204623484,1334.0000633239745,114754,115827,0.9907361841366866
0,2026-02-03 00:00:51,110070.74204623484,1336.0000637054443,115875,115946,0.9993876459731255
0,2026-02-03 00:00:51,110070.74204623484,1338.0000640869139,115110,115906,0.993132365882698
0,2026-02-03 00:00:51,110070.74204623484,1340.0000644683837,115348,115915,0.9951084846654876
0,2026-02-03 00:00:51,110070.74204623484,1342.0000648498535,115907,116107,0.9982774509719483
0,2026-02-03 00:00:51,110070.74204623484,1344.000065231323,115085,116115,0.9911294837015028
0,2026-02-03 00:00:51,110070.74204623484,1346.000065612793,115141,115275,0.9988375623509
0,2026-02-03 00:00:51,110070.74204623484,1348.0000659942625,114967,115991,0.9911717288410308
0,2026-02-03 00:00:51,110070.74204623484,1350.0000663757323,115571,116191,0.9946639584821544
0,2026-02-03 00:00:51,110070.74204623484,1352.0000667572021,115733,116260,0.995467056597282
0,2026-02-03 00:00:51,110070.74204623484,1354.0000671386717,115265,115532,0.9976889519786726
0,2026-02-03 00:00:51,110070.74204623484,1356.0000675201416,115034,115816,0.9932479104786903
0,2026-02-03 00:00:51,110070.74204623484,1358.0000679016111,115427,115438,0.9999047107538246
0,2026-02-03 00:00:51,110070.74204623484,1360.000068283081,115563,115874,0.9973160501924504
0,2026-02-03 00:00:51,110070.74204623484,1362.0000686645508,115699,115844,0.9987483167017713
0,2026-02-03 00:00:51,110070.74204623484,1364.0000690460204,115485,115655,0.9985301111063075
0,2026-02-03 00:00:51,110070.74204623484,1366.0000694274902,115387,115894,0.9956253127858216
0,2026-02-03 00:00:51,110070.74204623484,1368.0000698089598,114606,116034,0.9876932623196649
0,2026-02-03 00:00:51,110070.74204623484,1370.0000701904296,115213,115629,0.9964022866235979
0,2026-02-03 00:00:51,110070.74204623484,1372.0000705718994,114799,115848,0.990945031420482
0,2026-02-03 00:00:51,110070.74204623484,1374.000070953369,115724,115796,0.9993782168641404
0,2026-02-03 00:00:51,110070.74204623484,1376.0000713348388,115642,116282,0.9944961386973048
0,2026-02-03 00:00:51,110070.74204623484,1378.0000717163084,115030,115705,0.9941661985221036
0,2026-02-03 00:00:51,110070.74204623484,1380.0000720977782,115781,115447,1.002893102462602
0,2026-02-03 00:00:51,110070.74204623484,1382.000072479248,115849,115423,1.0036907722031139
0,2026-02-03 00:00:51,110070.74204623484,1384.0000728607176,115241,115182,1.000512232814155
0,2026-02-03 00:00:51,110070.74204623484,1386.0000732421875,115474,115601,0.9989013935865607
0,2026-02-03 00:00:51,110070.74204623484,1388.000073623657,114942,115845,0.9922051016444386
0,2026-02-03 00:00:51,110070.74204623484,1390.0000740051269,115537,115895,0.9969109970231675
0,2026-02-03 00:00:51,110070.74204623484,1392.0000743865967,115136,116009,0.9924747217888267
0,2026-02-03 00:00:51,110070.74204623484,1394.0000747680663,115586,115356,1.0019938278026284
0,2026-02-03 00:00:51,110070.74204623484,1396.000075149536,116135,115393,1.0064301994055098
0,2026-02-03 00:00:51,110070.74204623484,1398.0000755310057,115111,115555,0.9961576738349703
0,2026-02-03 00:00:51,110070.74204623484,1400.0000759124755,115208,115982,0.993326550671656
0,2026-02-03 00:00:51,110070.74204623484,1402.0000762939453,115066,115864,0.9931126147897535
0,2026-02-03 00:00:51,110070.74204623484,1404.000076675415,115827,115941,0.9990167412735788
0,2026-02-03 00:00:51,110070.74204623484,1406.0000770568847,115380,116287,0.9922003319373619
0,2026-02-03 00:00:51,110070.74204623484,1408.0000774383543,115235,115405,0.9985269269095793
0,2026-02-03 00:00:51,110070.74204623484,1410.0000778198241,115398,115475,0.9993331890019485
0,2026-02-03 00:00:51,110070.74204623484,1412.000078201294,114961,115873,0.992129313990317
0,2026-02-03 00:00:51,110070.74204623484,1414.0000785827635,115448,116251,0.9930925325373545
0,2026-02-03 00:00:51,110070.74204623484,1416.0000789642334,115473,116805,0.9885963785796841
0,2026-02-03 00:00:51,110070.74204623484,1418.000079345703,115165,115728,0.995135144476704
0,2026-02-03 00:00:51,110070.74204623484,1420.0000797271728,115053,115746,0.9940127520605464
0,2026-02-03 00:00:51,110070.74204623484,1422.0000801086426,115646,116279,0.9945561967337181
0,2026-02-03 00:00:51,110070.74204623484,1424.0000804901122,115058,115150,0.9992010421189752
0,2026-02-03 00:00:51,110070.74204623484,1426.000080871582,115254,115885,0.9945549467144151
0,2026-02-03 00:00:51,110070.74204623484,1428.0000812530516,115175,115692,0.995531238114995
0,2026-02-03 00:00:51,110070.74204623484,1430.0000816345214,115179,115862,0.9941050560149143
0,2026-02-03 00:00:51,110070.74204623484,1432.0000820159912,115753,115742,1.000095038965976
0,2026-02-03 00:00:51,110070.74204623484,1434.0000823974608,115698,115935,0.9979557510674084
0,2026-02-03 00:00:51,110070.74204623484,1436.0000827789306,115759,116279,0.9955279973167984
0,2026-02-03 00:00:51,110070.74204623484,1438.0000831604002,115713,115685,1.0002420365648097
0,2026-02-03 00:00:51,110070.74204623484,1440.00008354187,115581,115468,1.0009786261128624
0,2026-02-03 00:00:51,110070.74204623484,1442.0000839233398,115665,115722,0.9995074402447244
0,2026-02-03 00:00:51,110070.74204623484,1444.0000843048094,115455,115787,0.9971326660160467
0,2026-02-03 00:00:51,110070.74204623484,1446.0000846862793,115744,115665,1.0006830069597545
0,2026-02-03 00:00:51,110070.74204623484,1448.0000850677488,115014,115378,0.9968451524554074
0,2026-02-03 00:00:51,110070.74204623484,1450.0000854492187,115619,116123,0.9956597745494002
0,2026-02-03 00:00:51,110070.74204623484,1452.0000858306885,115011,115149,0.9988015527707579
0,2026-02-03 00:00:51,110070.74204623484,1454.000086212158,115406,116502,0.9905924361813531
0,2026-02-03 00:00:51,110070.74204623484,1456.0000865936279,115380,115873,0.9957453418829235
0,2026-02-03 00:00:51,110070.74204623484,1458.0000869750975,115306,116243,0.9919392995707268
0,2026-02-03 00:00:51,110070.74204623484,1460.0000873565673,115266,116431,0.9899940737432471
0,2026-02-03 00:00:51,110070.74204623484,1462.000087738037,115140,115393,0.9978074926555337
0,2026-02-03 00:00:51,110070.74204623484,1464.0000881195067,115153,116408,0.9892189540237785
0,2026-02-03 00:00:51,110070.74204623484,1466.0000885009765,115588,115672,0.9992738087004633
0,2026-02-03 00:00:51,110070.74204623484,1468.000088882446,115177,115220,0.9996268009026211
0,2026-02-03 00:00:51,110070.74204623484,1470.000089263916,115946,116202,0.9977969398117073
0,2026-02-03 00:00:51,110070.74204623484,1472.0000896453857,115678,116085,0.9964939483998794
0,2026-02-03 00:00:51,110070.74204623484,1474.0000900268553,116289,115855,1.0037460618877045
0,2026-02-03 00:00:51,110070.74204623484,1476.0000904083251,115342,116191,0.9926930657279823
0,2026-02-03 00:00:51,110070.74204623484,1478.0000907897947,115420,115235,1.001605415021478
0,2026-02-03 00:00:51,110070.74204623484,1480.0000911712646,115482,115598,0.998996522431184
0,2026-02-03 00:00:51,110070.74204623484,1482.0000915527344,114975,116220,0.9892875580795044
0,2026-02-03 00:00:51,110070.74204623484,1484.000091934204,115980,116110,0.9988803720609767
0,2026-02-03 00:00:51,110070.74204623484,1486.0000923156738,115180,115746,0.9951099822024088
0,2026-02-03 00:00:51,110070.74204623484,1488.0000926971434,115639,116141,0.9956776676625826
0,2026-02-03 00:00:51,110070.74204623484,1490.0000930786132,115641,115441,1.0017324867248205
0,2026-02-03 00:00:51,110070.74204623484,1492.000093460083,115228,115438,0.9981808416639235
0,2026-02-03 00:00:51,110070.74204623484,1494.0000938415526,115795,115615,1.0015568914068245
0,2026-02-03 00:00:51,110070.74204623484,1496.0000942230224,115838,115778,1.0005182331703777
0,2026-02-03 00:00:51,110070.74204623484,1498.000094604492,116024,116309,0.9975496307250513
0,2026-02-03 00:00:51,110070.74204623484,1500.0000949859618,115310,115254,1.0004858833532893
0,2026-02-03 00:00:51,110070.74204623484,1502.0000953674316,115311,116330,0.9912404366887303
0,2026-02-03 00:00:51,110070.74204623484,1504.0000957489012,115151,115132,1.0001650279678977
0,2026-02-03 00:00:51,110070.74204623484,1506.000096130371,115522,115738,0.9981337158063903
0,2026-02-03 00:00:51,110070.74204623484,1508.0000965118406,115719,116069,0.9969845522921711
0,2026-02-03 00:00:51,110070.74204623484,1510.0000968933105,115324,115873,0.9952620541454869
0,2026-02-03 00:00:51,110070.74204623484,1512.0000972747803,115226,115835,0.9947425216903354
0,2026-02-03 00:00:51,110070.74204623484,1514.0000976562499,115039,115170,0.9988625510115482
0,2026-02-03 00:00:51,110070.74204623484,1516.0000980377195,115219,115922,0.9939355773709908
0,2026-02-03 00:00:51,110070.74204623484,1518.0000984191893,115083,116108,0.9911720122644434
0,2026-02-03 00:00:51,110070.74204623484,1520.000098800659,115139,115910,0.9933482874644121
0,2026-02-03 00:00:51,110070.74204623484,1522.000099182129,115900,115347,1.0047942295855115
0,2026-02-03 00:00:51,110070.74204623484,1524.0000995635985,115239,117021,0.9847719640064604
0,2026-02-03 00:00:51,110070.74204623484,1526.000099945068,114674,116098,0.9877345001636548
0,2026-02-03 00:00:51,110070.74204623484,1528.000100326538,115214,115502,0.9975065366833474
0,2026-02-03 00:00:51,110070.74204623484,1530.0001007080077,115113,115773,0.9942991889300614
0,2026-02-03 00:00:51,110070.74204623484,1532.0001010894775,115576,115453,1.001065368591548
0,2026-02-03 00:00:51,110070.74204623484,1534.0001014709471,115226,115693,0.9959634550059209
0,2026-02-03 00:00:51,110070.74204623484,1536.0001018524167,115182,116137,0.9917769530812747
0,2026-02-03 00:00:51,110070.74204623484,1538.0001022338865,115393,116028,0.994527183093736
0,2026-02-03 00:00:51,110070.74204623484,1540.0001026153564,115381,115524,0.9987621619750009
0,2026-02-03 00:00:51,110070.74204623484,1542.0001029968262,116136,115914,1.0019152130027433
0,2026-02-03 00:00:51,110070.74204623484,1544.0001033782958,114793,115886,0.9905683171392575
0,2026-02-03 00:00:51,110070.74204623484,1546.0001037597654,115655,115672,0.999853032713189
0,2026-02-03 00:00:51,110070.74204623484,1548.0001041412352,115149,114922,1.0019752527801464
0,2026-02-03 00:00:51,110070.74204623484,1550.000104522705,115071,116135,0.990838248590003
0,2026-02-03 00:00:51,110070.74204623484,1552.0001049041748,115202,115734,0.9954032522854132
0,2026-02-03 00:00:51,110070.74204623484,1554.0001052856444,115598,115747,0.9987127096166639
0,2026-02-03 00:00:51,110070.74204623484,1556.000105667114,115202,116446,0.9893169366058087
0,2026-02-03 00:00:51,110070.74204623484,1558.0001060485838,114692,116278,0.9863602745145256
0,2026-02-03 00:00:51,110070.74204623484,1560.0001064300536,115395,115836,0.9961928934010152
0,2026-02-03 00:00:51,110070.74204623484,1562.0001068115234,115031,115847,0.9929562267473478
0,2026-02-03 00:00:51,110070.74204623484,1564.000107192993,115211,115301,0.9992194343500924
0,2026-02-03 00:00:51,110070.74204623484,1566.0001075744626,114982,115897,0.9921050588022123
0,2026-02-03 00:00:51,110070.74204623484,1568.0001079559324,115052,115784,0.9936778829544669
0,2026-02-03 00:00:51,110070.74204623484,1570.0001083374023,115578,115523,1.0004760956692607
0,2026-02-03 00:00:51,110070.74204623484,1572.000108718872,115432,115805,0.9967790682613014
0,2026-02-03 00:00:51,110070.74204623484,1574.0001091003417,115384,115605,0.9980883179793262
0,2026-02-03 00:00:51,110070.74204623484,1576.0001094818113,114530,115445,0.9920741478626186
0,2026-02-03 00:00:51,110070.74204623484,1578.000109863281,115203,116690,0.9872568343474162
0,2026-02-03 00:00:51,110070.74204623484,1580.0001102447509,116091,115700,1.003379429559205
0,2026-02-03 00:00:51,110070.74204623484,1582.0001106262207,115435,115754,0.997244155709522
0,2026-02-03 00:00:51,110070.74204623484,1584.0001110076903,115174,115788,0.9946972052371575
0,2026-02-03 00:00:51,110070.74204623484,1586.0001113891599,115568,115243,1.002820127903647
0,2026-02-03 00:00:51,110070.74204623484,1588.0001117706297,114952,115545,0.9948678004240772
0,2026-02-03 00:00:51,110070.74204623484,1590.0001121520995,115816,115634,1.001573931542626
0,2026-02-03 00:00:51,110070.74204623484,1592.0001125335693,115374,115819,0.9961577979433426
0,2026-02-03 00:00:51,110070.74204623484,1594.000112915039,115443,115645,0.9982532751091703
0,2026-02-03 00:00:51,110070.74204623484,1596.0001132965085,115700,115767,0.9994212513065036
0,2026-02-03 00:00:51,110070.74204623484,1598.0001136779783,115323,115590,0.9976901116013496
0,2026-02-03 00:00:51,110070.74204623484,1600.0001140594482,115717,116440,0.9937907935417383
0,2026-02-03 00:00:51,110070.74204623484,1602.000114440918,115301,116310,0.9913249075745851
0,2026-02-03 00:00:51,110070.74204623484,1604.0001148223876,115744,116017,0.9976468965755019
0,2026-02-03 00:00:51,110070.74204623484,1606.0001152038571,115736,115445,1.0025206808436917
0,2026-02-03 00:00:51,110070.74204623484,1608.000115585327,115346,115733,0.9966560963597245
0,2026-02-03 00:00:51,110070.74204623484,1610.0001159667968,115815,116416,0.994837479384277
0,2026-02-03 00:00:51,110070.74204623484,1612.0001163482666,115086,116317,0.989416852222805
0,2026-02-03 00:00:51,110070.74204623484,1614.0001167297362,115021,115359,0.9970700162102654
0,2026-02-03 00:00:51,110070.74204623484,1616.0001171112058,115300,115788,0.9957854009051025
0,2026-02-03 00:00:51,110070.74204623484,1618.0001174926756,115535,116279,0.9936015961609577
0,2026-02-03 00:00:51,110070.74204623484,1620.0001178741454,115473,115732,0.9977620709916013
0,2026-02-03 00:00:51,110070.74204623484,1622.0001182556152,115549,116280,0.9937134502923977
0,2026-02-03 00:00:51,110070.74204623484,1624.0001186370848,114935,115919,0.9915113139347302
0,2026-02-03 00:00:51,110070.74204623484,1626.0001190185544,115111,115634,0.9954771088088279
0,2026-02-03 00:00:51,110070.74204623484,1628.0001194000242,115808,115650,1.0013661910938176
0,2026-02-03 00:00:51,110070.74204623484,1630.000119781494,115559,116285,0.9937567184073612
0,2026-02-03 00:00:51,110070.74204623484,1632.0001201629639,115179,115594,0.9964098482620205
0,2026-02-03 00:00:51,110070.74204623484,1634.0001205444335,115156,115838,0.9941124674113848
0,2026-02-03 00:00:51,110070.74204623484,1636.000120925903,116048,115972,1.0006553305970407
0,2026-02-03 00:00:51,110070.74204623484,1638.0001213073729,115021,115440,0.9963704088704088
0,2026-02-03 00:00:51,110070.74204623484,1640.0001216888427,115184,116329,0.9901572264869465
0,2026-02-03 00:00:51,110070.74204623484,1642.0001220703125,115408,115934,0.9954629358083047
0,2026-02-03 00:00:51,110070.74204623484,1644.000122451782,115096,115626,0.9954162558594087
0,2026-02-03 00:00:51,110070.74204623484,1646.0001228332517,115751,116323,0.9950826577718938
0,2026-02-03 00:00:51,110070.74204623484,1648.0001232147215,115241,115933,0.9940310351668636
0,2026-02-03 00:00:51,110070.74204623484,1650.0001235961913,115842,114732,1.0096747202175504
0,2026-02-03 00:00:51,110070.74204623484,1652.0001239776611,115210,115239,0.9997483490832096
0,2026-02-03 00:00:51,110070.74204623484,1654.0001243591307,115738,116325,0.9949537932516656
0,2026-02-03 00:00:51,110070.74204623484,1656.0001247406003,115578,116139,0.995169581277607
0,2026-02-03 00:00:51,110070.74204623484,1658.0001251220701,115044,115020,1.000208659363589
0,2026-02-03 00:00:51,110070.74204623484,1660.00012550354,115181,115084,1.0008428626047061
0,2026-02-03 00:00:51,110070.74204623484,1662.0001258850098,115200,116156,0.9917696890388787
0,2026-02-03 00:00:51,110070.74204623484,1664.0001262664794,114978,116197,0.9895091955902476
0,2026-02-03 00:00:51,110070.74204623484,1666.000126647949,115515,115537,0.9998095848083298
0,2026-02-03 00:00:51,110070.74204623484,1668.0001270294188,114942,115754,0.9929851236242376
0,2026-02-03 00:00:51,110070.74204623484,1670.0001274108886,115415,115700,0.9975367329299913
0,2026-02-03 00:00:51,110070.74204623484,1672.0001277923584,115662,115750,0.9992397408207343
0,2026-02-03 00:00:51,110070.74204623484,1674.000128173828,116022,115827,1.0016835452873682
0,2026-02-03 00:00:51,110070.74204623484,1676.0001285552976,114934,115855,0.992050407837383
0,2026-02-03 00:00:51,110070.74204623484,1678.0001289367674,115016,116217,0.9896658836486917
0,2026-02-03 00:00:51,110070.74204623484,1680.0001293182372,115911,114849,1.0092469242222397
0,2026-02-03 00:00:51,110070.74204623484,1682.000129699707,116262,115688,1.004961620911417
0,2026-02-03 00:00:51,110070.74204623484,1684.0001300811766,115898,115761,1.0011834728449132
0,2026-02-03 00:00:51,110070.74204623484,1686.0001304626462,115587,115948,0.9968865353434299
0,2026-02-03 00:00:51,110070.74204623484,1688.000130844116,115760,115812,0.9995509964425102
0,2026-02-03 00:00:51,110070.74204623484,1690.0001312255858,115219,115649,0.9962818528478413
0,2026-02-03 00:00:51,110070.74204623484,1692.0001316070557,115329,115943,0.9947042943515348
0,2026-02-03 00:00:51,110070.74204623484,1694.0001319885253,115288,115771,0.9958279707353309
0,2026-02-03 00:00:51,110070.74204623484,1696.0001323699948,115613,116510,0.9923010900351901
0,2026-02-03 00:00:51,110070.74204623484,1698.0001327514647,114859,116391,0.9868374702511362
0,2026-02-03 00:00:51,110070.74204623484,1700.0001331329345,115151,116110,0.9917405908190509
0,2026-02-03 00:00:51,110070.74204623484,1702.0001335144043,115041,116509,0.9874001150125742
0,2026-02-03 00:00:51,110070.74204623484,1704.000133895874,115401,116497,0.9905920324128519
0,2026-02-03 00:00:51,110070.74204623484,1706.0001342773435,115130,115647,0.9955294992520342
0,2026-02-03 00:00:51,110070.74204623484,1708.0001346588133,116007,115149,1.0074512153818096
0,2026-02-03 00:00:51,110070.74204623484,1710.000135040283,115983,115991,0.9999310291315705
0,2026-02-03 00:00:51,110070.74204623484,1712.000135421753,116048,115771,1.0023926544644168
0,2026-02-03 00:00:51,110070.74204623484,1714.0001358032225,115680,115787,0.9990758893485452
0,2026-02-03 00:00:51,110070.74204623484,1716.000136184692,115181,115766,0.994946702831574
0,2026-02-03 00:00:51,110070.74204623484,1718.000136566162,116187,115887,1.0025887286753474
0,2026-02-03 00:00:51,110070.74204623484,1720.0001369476317,114782,115768,0.9914829659318637
0,2026-02-03 00:00:51,110070.74204623484,1722.0001373291016,116277,116071,1.0017747757837876
0,2026-02-03 00:00:51,110070.74204623484,1724.0001377105712,115563,115787,0.998065413215646
0,2026-02-03 00:00:51,110070.74204623484,1726.0001380920407,115448,115528,0.9993075271795582
0,2026-02-03 00:00:51,110070.74204623484,1728.0001384735106,115614,115567,1.00040669049123
0,2026-02-03 00:00:51,110070.74204623484,1730.0001388549804,115358,115524,0.9985630691458052
0,2026-02-03 00:00:51,110070.74204623484,1732.0001392364502,114981,115905,0.9920279539277856
0,2026-02-03 00:00:51,110070.74204623484,1734.0001396179198,115043,115736,0.994012234741135
0,2026-02-03 00:00:51,110070.74204623484,1736.0001399993894,116045,115961,1.0007243814730815
0,2026-02-03 00:00:51,110070.74204623484,1738.0001403808592,114978,116076,0.9905406802439781
0,2026-02-03 00:00:51,110070.74204623484,1740.000140762329,115350,115688,0.9970783486619182
0,2026-02-03 00:00:51,110070.74204623484,1742.0001411437988,114892,116375,0.9872567132116005
0,2026-02-03 00:00:51,110070.74204623484,1744.0001415252684,115634,115576,1.0005018342908563
0,2026-02-03 00:00:51,110070.74204623484,1746.000141906738,115747,115982,0.9979738235243399
0,2026-02-03 00:00:51,110070.74204623484,1748.0001422882078,114685,116139,0.9874805190332274
0,2026-02-03 00:00:51,110070.74204623484,1750.0001426696776,115174,116812,0.9859774680683492
0,2026-02-03 00:00:51,110070.74204623484,1752.0001430511475,116004,116228,0.9980727535533607
0,2026-02-03 00:00:51,110070.74204623484,1754.000143432617,115185,115398,0.9981542141111631
0,2026-02-03 00:00:51,110070.74204623484,1756.0001438140866,115171,115721,0.9952471893606174
0,2026-02-03 00:00:51,110070.74204623484,1758.0001441955565,115220,116004,0.9932416123581945
0,2026-02-03 00:00:51,110070.74204623484,1760.0001445770263,115580,116113,0.9954096440536374
0,2026-02-03 00:00:51,110070.74204623484,1762.000144958496,115916,115277,1.0055431699298212
0,2026-02-03 00:00:51,110070.74204623484,1764.0001453399657,115891,115899,0.9999309743828678
0,2026-02-03 00:00:51,110070.74204623484,1766.0001457214353,115323,115799,0.9958894290969698
0,2026-02-03 00:00:51,110070.74204623484,1768.000146102905,115702,115822,0.9989639274058469
0,2026-02-03 00:00:51,110070.74204623484,1770.000146484375,115590,115180,1.0035596457718354
0,2026-02-03 00:00:51,110070.74204623484,1772.0001468658447,115314,116031,0.9938206169041032
0,2026-02-03 00:00:51,110070.74204623484,1774.0001472473143,115849,116289,0.996216323126005
0,2026-02-03 00:00:51,110070.74204623484,1776.000147628784,115051,115705,0.9943476945680826
0,2026-02-03 00:00:51,110070.74204623484,1778.0001480102537,115943,115090,1.0074115909288384
0,2026-02-03 00:00:51,110070.74204623484,1780.0001483917235,115466,116382,0.992129367084257
0,2026-02-03 00:00:51,110070.74204623484,1782.0001487731934,115508,116395,0.9923793977404528
0,2026-02-03 00:00:51,110070.74204623484,1784.000149154663,115736,115902,0.9985677555175925
0,2026-02-03 00:00:51,110070.74204623484,1786.0001495361325,115800,115515,1.002467212050383
0,2026-02-03 00:00:51,110070.74204623484,1788.0001499176024,114715,115785,0.9907587338601719
0,2026-02-03 00:00:51,110070.74204623484,1790.0001502990722,115626,115593,1.0002854844151463
0,2026-02-03 00:00:51,110070.74204623484,1792.000150680542,115723,116451,0.9937484435513649
0,2026-02-03 00:00:51,110070.74204623484,1794.0001510620116,115361,116156,0.9931557560522056
0,2026-02-03 00:00:51,110070.74204623484,1796.0001514434812,115974,116039,0.999439843500892
0,2026-02-03 00:00:51,110070.74204623484,1798.000151824951,115625,115637,0.9998962269861722
0,2026-02-03 00:00:51,110070.74204623484,1800.0001522064208,115514,115559,0.9996105885305342
0,2026-02-03 00:00:51,110070.74204623484,1802.0001525878906,115311,115965,0.9943603673522183
0,2026-02-03 00:00:51,110070.74204623484,1804.0001529693602,114985,115944,0.9917287656109847
0,2026-02-03 00:00:51,110070.74204623484,1806.0001533508298,114600,115479,0.9923882264307796
0,2026-02-03 00:00:51,110070.74204623484,1808.0001537322996,115508,115728,0.9980989907369003
0,2026-02-03 00:00:51,110070.74204623484,1810.0001541137694,115261,115595,0.9971106016696224
0,2026-02-03 00:00:51,110070.74204623484,1812.0001544952393,115282,115765,0.9958277545026563
0,2026-02-03 00:00:51,110070.74204623484,1814.0001548767088,115268,116079,0.993013378819597
0,2026-02-03 00:00:51,110070.74204623484,1816.0001552581784,115581,115513,1.0005886783305775
0,2026-02-03 00:00:51,110070.74204623484,1818.0001556396483,115076,115740,0.994263003283221
0,2026-02-03 00:00:51,110070.74204623484,1820.000156021118,115110,116249,0.9902020662543334
0,2026-02-03 00:00:51,110070.74204623484,1822.000156402588,115370,115318,1.0004509270018558
0,2026-02-03 00:00:51,110070.74204623484,1824.0001567840575,115251,115871,0.9946492219796153
0,2026-02-03 00:00:51,110070.74204623484,1826.000157165527,116147,116886,0.993677600396968
0,2026-02-03 00:00:51,110070.74204623484,1828.000157546997,114349,115886,0.9867369656386449
0,2026-02-03 00:00:51,110070.74204623484,1830.0001579284667,115488,115931,0.9961787615046881
0,2026-02-03 00:00:51,110070.74204623484,1832.0001583099365,115412,115409,1.0000259945064942
0,2026-02-03 00:00:51,110070.74204623484,1834.000158691406,115972,115717,1.002203652013101
0,2026-02-03 00:00:51,110070.74204623484,1836.0001590728757,115769,115788,0.9998359070024527
0,2026-02-03 00:00:51,110070.74204623484,1838.0001594543455,115723,115671,1.000449550881379
0,2026-02-03 00:00:51,110070.74204623484,1840.0001598358153,115447,116810,0.9883314784693091
0,2026-02-03 00:00:51,110070.74204623484,1842.0001602172852,115004,115920,0.9920979986197378
0,2026-02-03 00:00:51,110070.74204623484,1844.0001605987547,115623,116192,0.9951029330762875
0,2026-02-03 00:00:51,110070.74204623484,1846.0001609802243,115344,115830,0.9958041958041958
0,2026-02-03 00:00:51,110070.74204623484,1848.0001613616942,115298,115748,0.9961122438400664
0,2026-02-03 00:00:51,110070.74204623484,1850.000161743164,115230,115717,0.9957914567436073
0,2026-02-03 00:00:51,110070.74204623484,1852.0001621246338,115076,115642,0.9951055844762283
0,2026-02-03 00:00:51,110070.74204623484,1854.0001625061034,115863,115602,1.0022577464057716
0,2026-02-03 00:00:51,110070.74204623484,1856.000162887573,115227,115894,0.9942447408839111
0,2026-02-03 00:00:51,110070.74204623484,1858.0001632690428,114937,115175,0.9979335793357934
0,2026-02-03 00:00:51,110070.74204623484,1860.0001636505126,115736,116032,0.9974489795918368
0,2026-02-03 00:00:51,110070.74204623484,1862.0001640319824,115846,116832,0.9915605313612709
0,2026-02-03 00:00:51,110070.74204623484,1864.000164413452,115905,115523,1.0033067008301377
0,2026-02-03 00:00:51,110070.74204623484,1866.0001647949216,115466,115794,0.9971673834568285
0,2026-02-03 00:00:51,110070.74204623484,1868.0001651763914,114887,115751,0.992535701635407
0,2026-02-03 00:00:51,110070.74204623484,1870.0001655578612,115173,116582,0.9879140862225729
0,2026-02-03 00:00:51,110070.74204623484,1872.000165939331,115109,115371,0.9977290653630462
0,2026-02-03 00:00:51,110070.74204623484,1874.0001663208006,115266,115314,0.9995837452520943
0,2026-02-03 00:00:51,110070.74204623484,1876.0001667022702,115403,115670,0.9976917091726463
0,2026-02-03 00:00:51,110070.74204623484,1878.00016708374,115965,116330,0.9968623742800653
0,2026-02-03 00:00:51,110070.74204623484,1880.0001674652099,115329,115696,0.9968278937906238
0,2026-02-03 00:00:51,110070.74204623484,1882.0001678466797,115892,115824,1.0005870976654234
0,2026-02-03 00:00:51,110070.74204623484,1884.0001682281493,115695,115581,1.0009863212811794
0,2026-02-03 00:00:51,110070.74204623484,1886.0001686096189,115579,115911,0.9971357334506648
0,2026-02-03 00:00:51,110070.74204623484,1888.0001689910887,115618,115953,0.9971108983812407
0,2026-02-03 00:00:51,110070.74204623484,1890.0001693725585,115517,116198,0.9941393139296718
0,2026-02-03 00:00:51,110070.74204623484,1892.0001697540283,115928,115272,1.0056908876396697
0,2026-02-03 00:00:51,110070.74204623484,1894.000170135498,114857,115796,0.9918909116031642
0,2026-02-03 00:00:51,110070.74204623484,1896.0001705169675,115896,116980,0.9907334587108908
0,2026-02-03 00:00:51,110070.74204623484,1898.0001708984373,115630,115982,0.9969650463002879
0,2026-02-03 00:00:51,110070.74204623484,1900.0001712799071,115320,115998,0.9941550716391662
0,2026-02-03 00:00:51,110070.74204623484,1902.000171661377,115500,116429,0.992020888266669
0,2026-02-03 00:00:51,110070.74204623484,1904.0001720428465,115760,116073,0.997303421122914
0,2026-02-03 00:00:51,110070.74204623484,1906.0001724243161,115582,115631,0.9995762382060174
0,2026-02-03 00:00:51,110070.74204623484,1908.000172805786,115139,115433,0.9974530680134797
0,2026-02-03 00:00:51,110070.74204623484,1910.0001731872558,115871,116215,0.9970399690229317
0,2026-02-03 00:00:51,110070.74204623484,1912.0001735687256,115914,115879,1.000302039196058
0,2026-02-03 00:00:51,110070.74204623484,1914.0001739501952,115267,116076,0.9930304283400531
0,2026-02-03 00:00:51,110070.74204623484,1916.0001743316648,115375,115846,0.9959342575488148
0,2026-02-03 00:00:51,110070.74204623484,1918.0001747131346,115830,116118,0.9975197643776159
0,2026-02-03 00:00:51,110070.74204623484,1920.0001750946044,115801,116195,0.9966091484143036
0,2026-02-03 00:00:51,110070.74204623484,1922.0001754760742,115591,115530,1.0005280013849216
0,2026-02-03 00:00:51,110070.74204623484,1924.0001758575438,115738,116014,0.9976209767786647
0,2026-02-03 00:00:51,110070.74204623484,1926.0001762390134,115376,115390,0.9998786723286247
0,2026-02-03 00:00:51,110070.74204623484,1928.0001766204832,115921,116205,0.9975560431995181
0,2026-02-03 00:00:51,110070.74204623484,1930.000177001953,115360,115910,0.9952549391769476
0,2026-02-03 00:00:51,110070.74204623484,1932.0001773834229,115048,115502,0.9960693321327769
0,2026-02-03 00:00:51,110070.74204623484,1934.0001777648924,115207,115544,0.997083362182372
0,2026-02-03 00:00:51,110070.74204623484,1936.000178146362,115466,115790,0.9972018309007686
0,2026-02-03 00:00:51,110070.74204623484,1938.0001785278318,115385,115703,0.9972515837964443
0,2026-02-03 00:00:51,110070.74204623484,1940.0001789093017,115335,116258,0.9920607614099675
0,2026-02-03 00:00:51,110070.74204623484,1942.0001792907715,115306,115729,0.996344909227592
0,2026-02-03 00:00:51,110070.74204623484,1944.000179672241,115687,115583,1.0008997863007536
0,2026-02-03 00:00:51,110070.74204623484,1946.0001800537107,115092,115322,0.9980055843637814
0,2026-02-03 00:00:51,110070.74204623484,1948.0001804351805,115445,115556,0.9990394267714355
0,2026-02-03 00:00:51,110070.74204623484,1950.0001808166503,114767,116130,0.9882631533626108
0,2026-02-03 00:00:51,110070.74204623484,1952.0001811981201,114724,116716,0.9829329312176566
0,2026-02-03 00:00:51,110070.74204623484,1954.0001815795897,115434,116048,0.9947090858954916
0,2026-02-03 00:00:51,110070.74204623484,1956.0001819610593,115052,115237,0.9983946128413617
0,2026-02-03 00:00:51,110070.74204623484,1958.0001823425291,115323,115781,0.9960442559660048
0,2026-02-03 00:00:51,110070.74204623484,1960.000182723999,115798,115965,0.9985599103177683
0,2026-02-03 00:00:51,110070.74204623484,1962.0001831054688,115233,115498,0.9977055879755493
0,2026-02-03 00:00:51,110070.74204623484,1964.0001834869383,115136,116066,0.9919873175606982
0,2026-02-03 00:00:51,110070.74204623484,1966.000183868408,115298,115860,0.9951493181425859
0,2026-02-03 00:00:51,110070.74204623484,1968.0001842498777,115013,116164,0.9900915946420578
0,2026-02-03 00:00:51,110070.74204623484,1970.0001846313476,114935,115765,0.9928303027685397
0,2026-02-03 00:00:51,110070.74204623484,1972.0001850128174,115151,115893,0.9935975425608105
0,2026-02-03 00:00:51,110070.74204623484,1974.000185394287,115257,116776,0.9869921901760635
0,2026-02-03 00:00:51,110070.74204623484,1976.0001857757566,115308,115899,0.9949007325343618
0,2026-02-03 00:00:51,110070.74204623484,1978.0001861572264,114933,115922,0.9914684011663015
0,2026-02-03 00:00:51,110070.74204623484,1980.0001865386962,115392,115949,0.9951961638306497
0,2026-02-03 00:00:51,110070.74204623484,1982.000186920166,115106,116351,0.9892996192555286
0,2026-02-03 00:00:51,110070.74204623484,1984.0001873016356,115696,115439,1.0022262840114693
0,2026-02-03 00:00:51,110070.74204623484,1986.0001876831052,115071,115899,0.9928558486268216
0,2026-02-03 00:00:51,110070.74204623484,1988.000188064575,116023,115470,1.004789122715857
0,2026-02-03 00:00:51,110070.74204623484,1990.0001884460448,115629,115709,0.9993086103933143
0,2026-02-03 00:00:51,110070.74204623484,1992.0001888275146,115785,116574,0.9932317669463173
0,2026-02-03 00:00:51,110070.74204623484,1994.0001892089842,115363,116572,0.9896287273101603
0,2026-02-03 00:00:51,110070.74204623484,1996.0001895904538,114968,115952,0.9915137298192356
0,2026-02-03 00:00:51,110070.74204623484,1998.0001899719236,115082,115858,0.9933021457301179
0,2026-02-03 00:00:51,110070.74204623484,2000.0001903533935,115488,114955,1.0046365969292332
0,2026-02-03 00:00:51,110070.74204623484,2002.0001907348633,115033,116113,0.9906987159060571
0,2026-02-03 00:00:51,110070.74204623484,2004.0001911163329,115691,115393,1.0025824790065254
0,2026-02-03 00:00:51,110070.74204623484,2006.0001914978025,115379,115776,0.9965709646213378
0,2026-02-03 00:00:51,110070.74204623484,2008.0001918792723,115194,115290,0.9991673172001041
0,2026-02-03 00:00:51,110070.74204623484,2010.000192260742,115516,116499,0.9915621593318398
0,2026-02-03 00:00:51,110070.74204623484,2012.000192642212,115553,115802,0.9978497780694634
0,2026-02-03 00:00:51,110070.74204623484,2014.0001930236815,115428,116135,0.9939122572867783
0,2026-02-03 00:00:51,110070.74204623484,2016.000193405151,114922,115867,0.9918440971113431
0,2026-02-03 00:00:51,110070.74204623484,2018.000193786621,115275,116266,0.9914764419520754
0,2026-02-03 00:00:51,110070.74204623484,2020.0001941680907,114885,115523,0.9944772902365763
0,2026-02-03 00:00:51,110070.74204623484,2022.0001945495605,115494,116066,0.995071769510451
0,2026-02-03 00:00:51,110070.74204623484,2024.0001949310301,115214,116725,0.9870550439066181
0,2026-02-03 00:00:51,110070.74204623484,2026.0001953125,115359,115882,0.9954867882846343
0,2026-02-03 00:00:51,110070.74204623484,2028.0001956939695,116227,115191,1.0089937581929145
0,2026-02-03 00:00:51,110070.74204623484,2030.0001960754394,115129,115723,0.9948670532219178
0,2026-02-03 00:00:51,110070.74204623484,2032.000196456909,115190,116097,0.9921875672928672
0,2026-02-03 00:00:51,110070.74204623484,2034.0001968383788,115855,116008,0.9986811254396248
0,2026-02-03 00:00:51,110070.74204623484,2036.0001972198486,115808,116318,0.9956154679413333
0,2026-02-03 00:00:51,110070.74204623484,2038.0001976013182,115382,116277,0.9923028629909613
0,2026-02-03 00:00:51,110070.74204623484,2040.000197982788,115426,115914,0.9957899822282037
0,2026-02-03 00:00:51,110070.74204623484,2042.0001983642576,115318,115689,0.9967931263992255
0,2026-02-03 00:00:51,110070.74204623484,2044.0001987457274,116197,115236,1.0083394078239438
0,2026-02-03 00:00:51,110070.74204623484,2046.0001991271972,114996,115300,0.9973633998265394
0,2026-02-03 00:00:51,110070.74204623484,2048.000199508667,115929,116092,0.9985959411501223
0,2026-02-03 00:00:51,110070.74204623484,2050.0001998901366,115467,116262,0.9931619961810394
0,2026-02-03 00:00:51,110070.74204623484,2052.0002002716064,115301,115691,0.9966289512580927
0,2026-02-03 00:00:51,110070.74204623484,2054.000200653076,115596,115895,0.9974200785193494
0,2026-02-03 00:00:51,110070.74204623484,2056.000201034546,115570,115882,0.9973076060130133
0,2026-02-03 00:00:51,110070.74204623484,2058.0002014160154,115062,116051,0.9914778847230958
0,2026-02-03 00:00:51,110070.74204623484,2060.0002017974853,115083,115959,0.9924456057744547
0,2026-02-03 00:00:51,110070.74204623484,2062.000202178955,115219,116252,0.9911141313697829
0,2026-02-03 00:00:51,110070.74204623484,2064.0002025604244,115929,115583,1.0029935198082762
0,2026-02-03 00:00:51,110070.74204623484,2066.0002029418947,115519,116286,0.9934041931100906
0,2026-02-03 00:00:51,110070.74204623484,2068.000203323364,115326,115921,0.9948671940373185
0,2026-02-03 00:00:51,110070.74204623484,2070.000203704834,115343,115161,1.0015803961410548
0,2026-02-03 00:00:51,110070.74204623484,2072.0002040863037,115648,116367,0.993821272353846
0,2026-02-03 00:00:51,110070.74204623484,2074.000204467773,115421,116298,0.9924590276702953
0,2026-02-03 00:00:51,110070.74204623484,2076.0002048492433,115136,116075,0.9919104027568383
0,2026-02-03 00:00:51,110070.74204623484,2078.0002052307127,114746,115883,0.9901883796587938
0,2026-02-03 00:00:51,110070.74204623484,2080.0002056121825,115370,116044,0.9941918582606597
0,2026-02-03 00:00:51,110070.74204623484,2082.0002059936523,115825,115405,1.0036393570469218
0,2026-02-03 00:00:51,110070.74204623484,2084.0002063751217,114866,116305,0.987627359098921
0,2026-02-03 00:00:51,110070.74204623484,2086.000206756592,115726,115273,1.0039298014279145
0,2026-02-03 00:00:51,110070.74204623484,2088.0002071380613,115087,115832,0.9935682712894537
0,2026-02-03 00:00:51,110070.74204623484,2090.000207519531,115051,116269,0.9895242928037568
0,2026-02-03 00:00:51,110070.74204623484,2092.000207901001,115905,116420,0.9955763614499227
0,2026-02-03 00:00:51,110070.74204623484,2094.0002082824703,115350,116107,0.9934801519288243
0,2026-02-03 00:00:51,110070.74204623484,2096.0002086639406,114992,116108,0.9903882592069453
0,2026-02-03 00:00:51,110070.74204623484,2098.00020904541,115881,115754,1.0010971543100022
0,2026-02-03 00:00:51,110070.74204623484,2100.00020942688,115604,115981,0.9967494675852079
0,2026-02-03 00:00:51,110070.74204623484,2102.0002098083496,115283,115789,0.9956299821226542
0,2026-02-03 00:00:51,110070.74204623484,2104.000210189819,115552,115619,0.9994205104697325
0,2026-02-03 00:00:51,110070.74204623484,2106.0002105712892,115697,115867,0.9985328005385485
0,2026-02-03 00:00:51,110070.74204623484,2108.0002109527586,115110,115621,0.9955803876458429
0,2026-02-03 00:00:51,110070.74204623484,2110.0002113342284,115921,115924,0.9999741209758117
0,2026-02-03 00:00:51,110070.74204623484,2112.0002117156982,115318,115485,0.9985539247521323
0,2026-02-03 00:00:51,110070.74204623484,2114.0002120971676,115136,116200,0.9908433734939759
0,2026-02-03 00:00:51,110070.74204623484,2116.000212478638,115741,115641,1.000864745202826
0,2026-02-03 00:00:51,110070.74204623484,2118.0002128601072,115368,115354,1.0001213655356556
0,2026-02-03 00:00:51,110070.74204623484,2120.000213241577,115465,115678,0.9981586818582617
0,2026-02-03 00:00:51,110070.74204623484,2122.000213623047,115505,116005,0.9956898409551312
0,2026-02-03 00:00:51,110070.74204623484,2124.0002140045162,115728,115629,1.000856186596788
0,2026-02-03 00:00:51,110070.74204623484,2126.0002143859865,115719,115821,0.9991193306913254
0,2026-02-03 00:00:51,110070.74204623484,2128.000214767456,115270,115802,0.99540595153797
0,2026-02-03 00:00:51,110070.74204623484,2130.0002151489257,115641,115580,1.0005277729711022
0,2026-02-03 00:00:51,110070.74204623484,2132.0002155303955,115033,116437,0.9879419772065581
0,2026-02-03 00:00:51,110070.74204623484,2134.000215911865,115083,115992,0.992163252638113
0,2026-02-03 00:00:51,110070.74204623484,2136.000216293335,114702,115818,0.9903641920944931
0,2026-02-03 00:00:51,110070.74204623484,2138.0002166748045,115392,116181,0.993208872362951
0,2026-02-03 00:00:51,110070.74204623484,2140.0002170562743,115150,116641,0.9872171877813118
0,2026-02-03 00:00:51,110070.74204623484,2142.000217437744,115477,115511,0.9997056557384145
0,2026-02-03 00:00:51,110070.74204623484,2144.0002178192135,115089,115464,0.9967522344626897
0,2026-02-03 00:00:51,110070.74204623484,2146.000218200684,115571,116126,0.995220708540723
0,2026-02-03 00:00:51,110070.74204623484,2148.000218582153,116160,115919,1.0020790379489126
0,2026-02-03 00:00:51,110070.74204623484,2150.000218963623,115113,115905,0.9931668176523877
0,2026-02-03 00:00:51,110070.74204623484,2152.000219345093,115307,115908,0.9948148531594023
0,2026-02-03 00:00:51,110070.74204623484,2154.000219726562,115187,116333,0.9901489689082204
0,2026-02-03 00:00:51,110070.74204623484,2156.0002201080324,115230,116155,0.9920365029486462
0,2026-02-03 00:00:51,110070.74204623484,2158.0002204895018,114990,115292,0.9973805641328106
0,2026-02-03 00:00:51,110070.74204623484,2160.0002208709716,115573,116100,0.9954608096468561
0,2026-02-03 00:00:51,110070.74204623484,2162.0002212524414,115671,115937,0.9977056504825896
0,2026-02-03 00:00:51,110070.74204623484,2164.0002216339108,115578,116028,0.9961216258144586
0,2026-02-03 00:00:51,110070.74204623484,2166.000222015381,115523,115816,0.9974701250259032
0,2026-02-03 00:00:51,110070.74204623484,2168.0002223968504,115330,115745,0.9964145319452244
0,2026-02-03 00:00:51,110070.74204623484,2170.00022277832,115499,115527,0.9997576324149333
0,2026-02-03 00:00:51,110070.74204623484,2172.00022315979,115905,115481,1.0036715996570864
0,2026-02-03 00:00:51,110070.74204623484,2174.0002235412594,115247,115964,0.9938170466696561
0,2026-02-03 00:00:51,110070.74204623484,2176.0002239227297,115478,115788,0.9973226931979134
0,2026-02-03 00:00:51,110070.74204623484,2178.000224304199,114896,116102,0.9896125820399304
0,2026-02-03 00:00:51,110070.74204623484,2180.000224685669,115610,116183,0.9950681252851106
0,2026-02-03 00:00:51,110070.74204623484,2182.0002250671387,115159,115958,0.99310957415616
0,2026-02-03 00:00:51,110070.74204623484,2184.000225448608,115952,116616,0.9943060986485559
0,2026-02-03 00:00:51,110070.74204623484,2186.0002258300783,115694,115897,0.9982484447397257
0,2026-02-03 00:00:51,110070.74204623484,2188.0002262115477,115055,115580,0.9954576916421526
0,2026-02-03 00:00:51,110070.74204623484,2190.0002265930175,115107,116077,0.9916434780361312
0,2026-02-03 00:00:51,110070.74204623484,2192.0002269744873,115887,115553,1.0028904485387657
0,2026-02-03 00:00:51,110070.74204623484,2194.0002273559567,115144,115514,0.9967969250480462
0,2026-02-03 00:00:51,110070.74204623484,2196.000227737427,115233,115797,0.9951294074976036
0,2026-02-03 00:00:51,110070.74204623484,2198.0002281188963,115627,116049,0.9963636050289102
0,2026-02-03 00:00:51,110070.74204623484,2200.000228500366,115152,115356,0.9982315614272339
0,2026-02-03 00:00:51,110070.74204623484,2202.000228881836,115548,115474,1.0006408368983495
0,2026-02-03 00:00:51,110070.74204623484,2204.0002292633053,115468,115885,0.9964016050394788
0,2026-02-03 00:00:51,110070.74204623484,2206.0002296447756,115378,115811,0.9962611496317275
0,2026-02-03 00:00:51,110070.74204623484,2208.000230026245,115588,116320,0.993707015130674
0,2026-02-03 00:00:51,110070.74204623484,2210.0002304077148,115335,115407,0.9993761210325197
0,2026-02-03 00:00:51,110070.74204623484,2212.0002307891846,115458,115467,0.9999220556522643
0,2026-02-03 00:00:51,110070.74204623484,2214.000231170654,116044,115594,1.0038929356194959
0,2026-02-03 00:00:51,110070.74204623484,2216.000231552124,115152,115469,0.997254674414778
0,2026-02-03 00:00:51,110070.74204623484,2218.0002319335936,115283,115685,0.9965250464623763
0,2026-02-03 00:00:51,110070.74204623484,2220.0002323150634,115701,115806,0.9990933112273975
0,2026-02-03 00:00:51,110070.74204623484,2222.000232696533,115851,115475,1.0032561160424334
0,2026-02-03 00:00:51,110070.74204623484,2224.0002330780026,115340,115931,0.9949021400660738
0,2026-02-03 00:00:51,110070.74204623484,2226.000233459473,115760,116123,0.9968740042885561
0,2026-02-03 00:00:51,110070.74204623484,2228.000233840942,116217,115782,1.0037570606830077
0,2026-02-03 00:00:51,110070.74204623484,2230.000234222412,115195,116055,0.9925897203911939
0,2026-02-03 00:00:51,110070.74204623484,2232.000234603882,115760,116111,0.9969770306000293
0,2026-02-03 00:00:51,110070.74204623484,2234.000234985351,115531,115596,0.9994376968061178
0,2026-02-03 00:00:51,110070.74204623484,2236.0002353668215,115159,115691,0.9954015437674495
0,2026-02-03 00:00:51,110070.74204623484,2238.000235748291,114854,115951,0.9905391070365931
0,2026-02-03 00:00:51,110070.74204623484,2240.0002361297607,115621,115682,0.9994726923808371
0,2026-02-03 00:00:51,110070.74204623484,2242.0002365112305,115495,116343,0.9927112073781835
0,2026-02-03 00:00:51,110070.74204623484,2244.0002368927,115296,115630,0.997111476260486
0,2026-02-03 00:00:51,110070.74204623484,2246.00023727417,115446,115632,0.9983914487339145
0,2026-02-03 00:00:51,110070.74204623484,2248.0002376556395,115018,115453,0.996232233029891
0,2026-02-03 00:00:51,110070.74204623484,2250.0002380371093,115645,115629,1.0001383735914
0,2026-02-03 00:00:51,110070.74204623484,2252.000238418579,115690,115702,0.9998962852846105
0,2026-02-03 00:00:51,110070.74204623484,2254.0002388000485,115232,116396,0.9899996563455788
0,2026-02-03 00:00:51,110070.74204623484,2256.0002391815187,115033,115998,0.9916808910498457
0,2026-02-03 00:00:51,110070.74204623484,2258.000239562988,116073,115675,1.0034406743030042
0,2026-02-03 00:00:51,110070.74204623484,2260.000239944458,115478,116148,0.9942314977442573
0,2026-02-03 00:00:51,110070.74204623484,2262.0002403259277,114818,115250,0.9962516268980477
0,2026-02-03 00:00:51,110070.74204623484,2264.000240707397,115758,116241,0.9958448396004852
0,2026-02-03 00:00:51,110070.74204623484,2266.0002410888674,115389,115655,0.9977000562016342
0,2026-02-03 00:00:51,110070.74204623484,2268.0002414703367,115408,116180,0.9933551385780686
0,2026-02-03 00:00:51,110070.74204623484,2270.0002418518065,114922,116556,0.985980987679742
0,2026-02-03 00:00:51,110070.74204623484,2272.0002422332764,115275,115914,0.9944872923029142
0,2026-02-03 00:00:51,110070.74204623484,2274.0002426147457,114933,115545,0.9947033623263664
0,2026-02-03 00:00:51,110070.74204623484,2276.000242996216,115243,115963,0.9937911230306218
0,2026-02-03 00:00:51,110070.74204623484,2278.0002433776854,115625,115484,1.0012209483564822
0,2026-02-03 00:00:51,110070.74204623484,2280.000243759155,116010,115638,1.0032169356094018
0,2026-02-03 00:00:51,110070.74204623484,2282.000244140625,115969,116221,0.9978317171595494
0,2026-02-03 00:00:51,110070.74204623484,2284.0002445220944,115946,115379,1.004914239159639
0,2026-02-03 00:00:51,110070.74204623484,2286.0002449035646,114908,115938,0.9911159412789594
0,2026-02-03 00:00:51,110070.74204623484,2288.000245285034,115501,115656,0.9986598187729128
0,2026-02-03 00:00:51,110070.74204623484,2290.000245666504,115643,115942,0.9974211243552811
0,2026-02-03 00:00:51,110070.74204623484,2292.0002460479736,116133,115961,1.001483257302024
0,2026-02-03 00:00:51,110070.74204623484,2294.000246429443,114989,115593,0.9947747700985354
0,2026-02-03 00:00:51,110070.74204623484,2296.0002468109133,115552,115916,0.9968597950239829
0,2026-02-03 00:00:51,110070.74204623484,2298.0002471923826,115023,116307,0.9889602517475302
0,2026-02-03 00:00:51,110070.74204623484,2300.0002475738524,114729,116180,0.9875107591668101
0,2026-02-03 00:00:51,110070.74204623484,2302.0002479553223,115087,115912,0.9928825315756781
0,2026-02-03 00:00:51,110070.74204623484,2304.0002483367916,114641,115794,0.9900426619686685
0,2026-02-03 00:00:51,110070.74204623484,2306.000248718262,114170,115543,0.9881169780947353
0,2026-02-03 00:00:51,110070.74204623484,2308.0002490997313,114983,115496,0.9955582877329086
0,2026-02-03 00:00:51,110070.74204623484,2310.000249481201,114244,116010,0.9847771743815188
0,2026-02-03 00:00:51,110070.74204623484,2312.000249862671,114648,116173,0.9868730255739285
0,2026-02-03 00:00:51,110070.74204623484,2314.0002502441403,114635,115634,0.9913606724665756
0,2026-02-03 00:00:51,110070.74204623484,2316.0002506256105,114906,116162,0.9891875139890842
0,2026-02-03 00:00:51,110070.74204623484,2318.00025100708,115247,115693,0.9961449698771749
0,2026-02-03 00:00:51,110070.74204623484,2320.0002513885497,114769,115951,0.9898060387577511
0,2026-02-03 00:00:51,110070.74204623484,2322.0002517700195,115104,115964,0.9925839053499362
0,2026-02-03 00:00:51,110070.74204623484,2324.000252151489,115314,115726,0.9964398665814078
0,2026-02-03 00:00:51,110070.74204623484,2326.000252532959,114978,115849,0.9924815924177162
0,2026-02-03 00:00:51,110070.74204623484,2328.0002529144285,115328,115669,0.9970519326699462
0,2026-02-03 00:00:51,110070.74204623484,2330.0002532958983,115537,115799,0.9977374588727018
0,2026-02-03 00:00:51,110070.74204623484,2332.000253677368,115938,115835,1.0008891958389088
0,2026-02-03 00:00:51,110070.74204623484,2334.0002540588375,115506,116236,0.9937196737671633
0,2026-02-03 00:00:51,110070.74204623484,2336.000254440308,115467,115572,0.9990914754438791
0,2026-02-03 00:00:51,110070.74204623484,2338.000254821777,115151,115697,0.9952807765110591
0,2026-02-03 00:00:51,110070.74204623484,2340.000255203247,115471,115123,1.0030228538172217
0,2026-02-03 00:00:51,110070.74204623484,2342.000255584717,115307,115503,0.9983030743790204
0,2026-02-03 00:00:51,110070.74204623484,2344.000255966186,116249,115899,1.003019870749532
0,2026-02-03 00:00:51,110070.74204623484,2346.0002563476564,115536,116439,0.9922448664107387
0,2026-02-03 00:00:51,110070.74204623484,2348.000256729126,115506,115889,0.9966951134275039
0,2026-02-03 00:00:51,110070.74204623484,2350.0002571105956,115907,115813,1.0008116532686313
0,2026-02-03 00:00:51,110070.74204623484,2352.0002574920654,114846,115800,0.9917616580310881
0,2026-02-03 00:00:51,110070.74204623484,2354.000257873535,115388,115965,0.9950243607985167
0,2026-02-03 00:00:51,110070.74204623484,2356.000258255005,115292,115768,0.9958883283808997
0,2026-02-03 00:00:51,110070.74204623484,2358.0002586364744,114914,115286,0.9967732421976649
0,2026-02-03 00:00:51,110070.74204623484,2360.0002590179442,115295,116192,0.9922800192784357
0,2026-02-03 00:00:51,110070.74204623484,2362.000259399414,116223,115762,1.0039823085295694
0,2026-02-03 00:00:51,110070.74204623484,2364.0002597808834,115660,115789,0.9988859045332458
0,2026-02-03 00:00:51,110070.74204623484,2366.0002601623537,115553,115628,0.9993513681807175
0,2026-02-03 00:00:51,110070.74204623484,2368.000260543823,115404,115696,0.997476144378371
0,2026-02-03 00:00:51,110070.74204623484,2370.000260925293,115524,116379,0.99265331374217
0,2026-02-03 00:00:51,110070.74204623484,2372.0002613067627,114993,116094,0.9905163057522353
0,2026-02-03 00:00:51,110070.74204623484,2374.000261688232,115056,115932,0.992443846392713
0,2026-02-03 00:00:51,110070.74204623484,2376.0002620697023,115326,115726,0.9965435597877745
0,2026-02-03 00:00:51,110070.74204623484,2378.0002624511717,115400,115707,0.9973467465235465
0,2026-02-03 00:00:51,110070.74204623484,2380.0002628326415,115117,115835,0.9938015280355679
0,2026-02-03 00:00:51,110070.74204623484,2382.0002632141113,115328,116486,0.9900588911972255
0,2026-02-03 00:00:51,110070.74204623484,2384.0002635955807,115150,115715,0.9951173140906537
0,2026-02-03 00:00:51,110070.74204623484,2386.000263977051,115224,115615,0.9966180858885093
0,2026-02-03 00:00:51,110070.74204623484,2388.0002643585203,115918,115986,0.9994137223458004
0,2026-02-03 00:00:51,110070.74204623484,2390.00026473999,115117,116287,0.9899386861816024
0,2026-02-03 00:00:51,110070.74204623484,2392.00026512146,115195,115917,0.9937714054021412
0,2026-02-03 00:00:51,110070.74204623484,2394.0002655029293,115332,115632,0.9974055624740557
0,2026-02-03 00:00:51,110070.74204623484,2396.0002658843996,115705,115974,0.9976805145980996
0,2026-02-03 00:00:51,110070.74204623484,2398.000266265869,114989,115557,0.9950846768261551
0,2026-02-03 00:00:51,110070.74204623484,2400.000266647339,115972,115818,1.0013296724170682
0,2026-02-03 00:00:51,110070.74204623484,2402.0002670288086,115192,115651,0.9960311627223284
0,2026-02-03 00:00:51,110070.74204623484,2404.000267410278,114894,116450,0.9866380420781451
0,2026-02-03 00:00:51,110070.74204623484,2406.0002677917482,115379,116284,0.9922173299852086
0,2026-02-03 00:00:51,110070.74204623484,2408.0002681732176,115530,115446,1.0007276129099318
0,2026-02-03 00:00:51,110070.74204623484,2410.0002685546874,116062,115597,1.004022595742104
0,2026-02-03 00:00:51,110070.74204623484,2412.000268936157,115262,115591,0.9971537576454914
0,2026-02-03 00:00:51,110070.74204623484,2414.0002693176266,115337,115152,1.001606572182854
0,2026-02-03 00:00:51,110070.74204623484,2416.000269699097,115537,116353,0.9929868589550763
0,2026-02-03 00:00:51,110070.74204623484,2418.000270080566,115893,115446,1.003871940127852
0,2026-02-03 00:00:51,110070.74204623484,2420.000270462036,115530,116128,0.9948505097823092
0,2026-02-03 00:00:51,110070.74204623484,2422.000270843506,114956,115386,0.9962733780527967
0,2026-02-03 00:00:51,110070.74204623484,2424.000271224975,115661,116955,0.9889359155230645
0,2026-02-03 00:00:51,110070.74204623484,2426.0002716064455,115583,115786,0.9982467655847858
0,2026-02-03 00:00:51,110070.74204623484,2428.000271987915,116055,116479,0.9963598588586784
0,2026-02-03 00:00:51,110070.74204623484,2430.0002723693847,115333,115567,0.9979752005330241
0,2026-02-03 00:00:51,110070.74204623484,2432.0002727508545,115336,115581,0.9978802744395705
0,2026-02-03 00:00:51,110070.74204623484,2434.000273132324,115839,116408,0.9951120197924541
0,2026-02-03 00:00:51,110070.74204623484,2436.000273513794,115330,115668,0.9970778434830723
0,2026-02-03 00:00:51,110070.74204623484,2438.0002738952635,114905,115340,0.9962285417027917
0,2026-02-03 00:00:51,110070.74204623484,2440.0002742767333,116028,116082,0.9995348115986975
0,2026-02-03 00:00:51,110070.74204623484,2442.000274658203,114719,116062,0.9884285985076942
0,2026-02-03 00:00:51,110070.74204623484,2444.0002750396725,115796,115585,1.0018254963879396
0,2026-02-03 00:00:51,110070.74204623484,2446.0002754211428,115615,115899,0.9975495905918084
0,2026-02-03 00:00:51,110070.74204623484,2448.000275802612,114522,115900,0.9881104400345125
0,2026-02-03 00:00:51,110070.74204623484,2450.000276184082,115889,115903,0.9998792093388437
0,2026-02-03 00:00:51,110070.74204623484,2452.0002765655518,116256,115927,1.0028379928748263
0,2026-02-03 00:00:51,110070.74204623484,2454.000276947021,115277,116186,0.9921763379408879
0,2026-02-03 00:00:51,110070.74204623484,2456.0002773284914,115353,115164,1.0016411378555798
0,2026-02-03 00:00:51,110070.74204623484,2458.0002777099608,114850,115879,0.9911200476358961
0,2026-02-03 00:00:51,110070.74204623484,2460.0002780914306,116028,115642,1.0033378876186851
0,2026-02-03 00:00:51,110070.74204623484,2462.0002784729004,115114,116182,0.9908075261228073
0,2026-02-03 00:00:51,110070.74204623484,2464.0002788543698,115493,116161,0.9942493608009573
0,2026-02-03 00:00:51,110070.74204623484,2466.00027923584,115438,116224,0.9932371971365639
0,2026-02-03 00:00:51,110070.74204623484,2468.0002796173094,115252,115857,0.9947780453490078
0,2026-02-03 00:00:51,110070.74204623484,2470.000279998779,115538,116059,0.9955109039367908
0,2026-02-03 00:00:51,110070.74204623484,2472.000280380249,115863,116202,0.9970826663912842
0,2026-02-03 00:00:51,110070.74204623484,2474.0002807617184,115885,116070,0.9984061342293443
0,2026-02-03 00:00:51,110070.74204623484,2476.0002811431887,115769,115500,1.0023290043290043
0,2026-02-03 00:00:51,110070.74204623484,2478.000281524658,115910,115680,1.0019882434301521
0,2026-02-03 00:00:51,110070.74204623484,2480.000281906128,115881,115296,1.005073896752706
0,2026-02-03 00:00:51,110070.74204623484,2482.0002822875977,115194,115960,0.9933942738875474
0,2026-02-03 00:00:51,110070.74204623484,2484.000282669067,115443,115866,0.9963492310082337
0,2026-02-03 00:00:51,110070.74204623484,2486.0002830505373,115201,115624,0.9963415899813187
0,2026-02-03 00:00:51,110070.74204623484,2488.0002834320067,115735,116180,0.9961697366155965
0,2026-02-03 00:00:51,110070.74204623484,2490.0002838134765,115781,115569,1.0018344019590029
0,2026-02-03 00:00:51,110070.74204623484,2492.0002841949463,115631,115798,0.9985578334686264
0,2026-02-03 00:00:51,110070.74204623484,2494.0002845764157,115476,116565,0.9906575730279243
0,2026-02-03 00:00:51,110070.74204623484,2496.000284957886,115030,116057,0.9911508999887986
0,2026-02-03 00:00:51,110070.74204623484,2498.0002853393553,115728,115435,1.0025382249750943
0,2026-02-03 00:00:51,110070.74204623484,2500.000285720825,115446,115267,1.001552916272654
1,2026-02-03 00:32:47,107056.63355458915,999.9999996185302,111089,111713,0.9944142579646057
1,2026-02-03 00:32:47,107056.63355458915,1001.9999999999999,111244,111597,0.9968368325313405
1,2026-02-03 00:32:47,107056.63355458915,1004.0000003814696,111488,111962,0.9957664207498973
1,2026-02-03 00:32:47,107056.63355458915,1006.0000007629394,111313,111617,0.9972764005483036
1,2026-02-03 00:32:47,107056.63355458915,1008.0000011444091,111111,111532,0.9962252985690205
1,2026-02-03 00:32:47,107056.63355458915,1010.0000015258788,111432,111972,0.9951773657700139
1,2026-02-03 00:32:47,107056.63355458915,1012.0000019073485,110909,112284,0.9877542659684372
1,2026-02-03 00:32:47,107056.63355458915,1014.0000022888182,111672,111653,1.0001701700805172
1,2026-02-03 00:32:47,107056.63355458915,1016.000002670288,110732,112229,0.9866612016501973
1,2026-02-03 00:32:47,107056.63355458915,1018.0000030517577,110640,111749,0.9900759738342177
1,2026-02-03 00:32:47,107056.63355458915,1020.0000034332274,111429,111859,0.9961558748066762
1,2026-02-03 00:32:47,107056.63355458915,1022.0000038146972,111674,112286,0.9945496321892311
1,2026-02-03 00:32:47,107056.63355458915,1024.0000041961669,111462,112448,0.9912315025611839
1,2026-02-03 00:32:47,107056.63355458915,1026.0000045776367,111147,112052,0.9919233927105272
1,2026-02-03 00:32:47,107056.63355458915,1028.0000049591063,111055,111766,0.9936384947121665
1,2026-02-03 00:32:47,107056.63355458915,1030.000005340576,111222,112215,0.9911509156529875
1,2026-02-03 00:32:47,107056.63355458915,1032.000005722046,110999,111776,0.9930485971943888
1,2026-02-03 00:32:47,107056.63355458915,1034.0000061035155,111360,112491,0.9899458623356535
1,2026-02-03 00:32:47,107056.63355458915,1036.0000064849853,111230,111453,0.9979991565951567
1,2026-02-03 00:32:47,107056.63355458915,1038.000006866455,111078,111497,0.9962420513556418
1,2026-02-03 00:32:47,107056.63355458915,1040.0000072479247,111928,112254,0.9970958718620272
1,2026-02-03 00:32:47,107056.63355458915,1042.0000076293945,111124,111771,0.9942113786223618
1,2026-02-03 00:32:47,107056.63355458915,1044.0000080108641,111175,111914,0.9933967153349894
1,2026-02-03 00:32:47,107056.63355458915,1046.000008392334,110687,111897,0.9891864839986774
1,2026-02-03 00:32:47,107056.63355458915,1048.0000087738035,111121,111374,0.9977283746655413
1,2026-02-03 00:32:47,107056.63355458915,1050.0000091552733,111610,111667,0.9994895537625261
1,2026-02-03 00:32:47,107056.63355458915,1052.0000095367432,111614,112157,0.9951585723583904
1,2026-02-03 00:32:47,107056.63355458915,1054.0000099182128,110967,111859,0.992025675180361
1,2026-02-03 00:32:47,107056.63355458915,1056.0000102996826,111827,112111,0.9974667963000955
1,2026-02-03 00:32:47,107056.63355458915,1058.0000106811522,110959,111858,0.9919630245489818
1,2026-02-03 00:32:47,107056.63355458915,1060.000011062622,111848,111272,1.0051765044215974
1,2026-02-03 00:32:47,107056.63355458915,1062.0000114440918,111817,112425,0.9945919501890149
1,2026-02-03 00:32:47,107056.63355458915,1064.0000118255614,111198,111665,0.9958178480275826
1,2026-02-03 00:32:47,107056.63355458915,1066.0000122070312,110948,111934,0.9911912376936409
1,2026-02-03 00:32:47,107056.63355458915,1068.0000125885008,111713,111805,0.9991771387683914
1,2026-02-03 00:32:47,107056.63355458915,1070.0000129699706,111387,112163,0.9930814974635129
1,2026-02-03 00:32:47,107056.63355458915,1072.0000133514404,111356,111503,0.9986816498210811
1,2026-02-03 00:32:47,107056.63355458915,1074.00001373291,111817,111506,1.002789087582731
1,2026-02-03 00:32:47,107056.63355458915,1076.0000141143798,111069,112331,0.9887653452742342
1,2026-02-03 00:32:47,107056.63355458915,1078.0000144958494,111143,111976,0.992560905908409
1,2026-02-03 00:32:47,107056.63355458915,1080.0000148773192,110835,111370,0.9951961928706115
1,2026-02-03 00:32:47,107056.63355458915,1082.000015258789,112007,111706,1.0026945732547938
1,2026-02-03 00:32:47,107056.63355458915,1084.0000156402587,111017,112691,0.9851452201151822
1,2026-02-03 00:32:47,107056.63355458915,1086.0000160217285,111840,111943,0.9990798888720153
1,2026-02-03 00:32:47,107056.63355458915,1088.000016403198,111428,111256,1.001545984036816
1,2026-02-03 00:32:47,107056.63355458915,1090.0000167846679,111144,111703,0.994995658129146
1,2026-02-03 00:32:47,107056.63355458915,1092.0000171661377,111495,111634,0.9987548596305785
1,2026-02-03 00:32:47,107056.63355458915,1094.0000175476073,111723,111548,1.0015688313551117
1,2026-02-03 00:32:47,107056.63355458915,1096.000017929077,111599,111082,1.0046542194054842
1,2026-02-03 00:32:47,107056.63355458915,1098.0000183105467,111150,112129,0.9912689848299726
1,2026-02-03 00:32:47,107056.63355458915,1100.0000186920165,111388,111574,0.9983329449513327
1,2026-02-03 00:32:47,107056.63355458915,1102.0000190734863,111180,111843,0.9940720474236207
1,2026-02-03 00:32:47,107056.63355458915,1104.000019454956,111339,112368,0.9908425886373344
1,2026-02-03 00:32:47,107056.63355458915,1106.0000198364257,111279,112030,0.9932964384539855
1,2026-02-03 00:32:47,107056.63355458915,1108.0000202178953,111336,111543,0.9981442134423496
1,2026-02-03 00:32:47,107056.63355458915,1110.0000205993651,110902,111396,0.9955653703903192
1,2026-02-03 00:32:47,107056.63355458915,1112.000020980835,111039,111903,0.9922790273719203
1,2026-02-03 00:32:47,107056.63355458915,1114.0000213623046,111368,112358,0.991188878406522
1,2026-02-03 00:32:47,107056.63355458915,1116.0000217437744,111549,111750,0.9982013422818792
1,2026-02-03 00:32:47,107056.63355458915,1118.000022125244,112517,111553,1.0086416322286267
1,2026-02-03 00:32:47,107056.63355458915,1120.0000225067138,111419,111975,0.9950346059388256
1,2026-02-03 00:32:47,107056.63355458915,1122.0000228881836,111197,111633,0.9960943448621823
1,2026-02-03 00:32:47,107056.63355458915,1124.0000232696532,110511,111235,0.9934912572481683
1,2026-02-03 00:32:47,107056.63355458915,1126.000023651123,111506,111957,0.9959716676938467
1,2026-02-03 00:32:47,107056.63355458915,1128.0000240325926,111459,111606,0.9986828665125531
1,2026-02-03 00:32:47,107056.63355458915,1130.0000244140624,111489,111633,0.9987100588535648
1,2026-02-03 00:32:47,107056.63355458915,1132.0000247955322,111415,112209,0.9929239187587449
1,2026-02-03 00:32:47,107056.63355458915,1134.0000251770018,111541,111960,0.9962575919971418
1,2026-02-03 00:32:47,107056.63355458915,1136.0000255584716,111125,111177,0.9995322773595258
1,2026-02-03 00:32:47,107056.63355458915,1138.0000259399412,111861,111638,1.001997527723535
1,2026-02-03 00:32:47,107056.63355458915,1140.000026321411,110680,111656,0.9912588665185929
1,2026-02-03 00:32:47,107056.63355458915,1142.0000267028809,111061,111813,0.9932744850777637
1,2026-02-03 00:32:47,107056.63355458915,1144.0000270843504,111099,111808,0.9936587721808815
1,2026-02-03 00:32:47,107056.63355458915,1146.0000274658203,110710,111328,0.9944488358723771
1,2026-02-03 00:32:47,107056.63355458915,1148.0000278472899,111586,111441,1.0013011369244713
1,2026-02-03 00:32:47,107056.63355458915,1150.0000282287597,111127,110968,1.0014328455050105
1,2026-02-03 00:32:47,107056.63355458915,1152.0000286102295,110767,112236,0.9869115078940803
1,2026-02-03 00:32:47,107056.63355458915,1154.000028991699,110725,111895,0.9895437687117387
1,2026-02-03 00:32:47,107056.63355458915,1156.000029373169,111927,111479,1.0040186941038223
1,2026-02-03 00:32:47,107056.63355458915,1158.0000297546385,111148,111561,0.9962979894407544
1,2026-02-03 00:32:47,107056.63355458915,1160.0000301361083,111135,111857,0.9935453301983783
1,2026-02-03 00:32:47,107056.63355458915,1162.0000305175781,111159,111930,0.993111766282498
1,2026-02-03 00:32:47,107056.63355458915,1164.0000308990477,111053,112026,0.991314516273008
1,2026-02-03 00:32:47,107056.63355458915,1166.0000312805175,111318,111672,0.9968300021491511
1,2026-02-03 00:32:47,107056.63355458915,1168.0000316619871,111005,111912,0.9918954178282937
1,2026-02-03 00:32:47,107056.63355458915,1170.000032043457,111076,111989,0.9918474135852628
1,2026-02-03 00:32:47,107056.63355458915,1172.0000324249268,111215,111645,0.9961485064266201
1,2026-02-03 00:32:47,107056.63355458915,1174.0000328063963,110979,112712,0.9846245297750018
1,2026-02-03 00:32:47,107056.63355458915,1176.0000331878662,111382,111629,0.997787313332557
1,2026-02-03 00:32:47,107056.63355458915,1178.0000335693358,111833,111467,1.0032834830039383
1,2026-02-03 00:32:47,107056.63355458915,1180.0000339508056,111551,111702,0.9986481889312635
1,2026-02-03 00:32:47,107056.63355458915,1182.0000343322754,111422,111747,0.997091644518421
1,2026-02-03 00:32:47,107056.63355458915,1184.000034713745,111522,112046,0.9953233493386645
1,2026-02-03 00:32:47,107056.63355458915,1186.0000350952148,111245,110974,1.0024420134445906
1,2026-02-03 00:32:47,107056.63355458915,1188.0000354766844,111238,111474,0.9978829144015645
1,2026-02-03 00:32:47,107056.63355458915,1190.0000358581542,110905,112052,0.9897636811480384
1,2026-02-03 00:32:47,107056.63355458915,1192.000036239624,111264,112519,0.9888463281756859
1,2026-02-03 00:32:47,107056.63355458915,1194.0000366210936,111745,111572,1.0015505682429284
1,2026-02-03 00:32:47,107056.63355458915,1196.0000370025634,111542,111520,1.0001972740315639
1,2026-02-03 00:32:47,107056.63355458915,1198.000037384033,111367,112113,0.993345999125882
1,2026-02-03 00:32:47,107056.63355458915,1200.0000377655028,110721,111713,0.9911201024052706
1,2026-02-03 00:32:47,107056.63355458915,1202.0000381469727,111970,112214,0.9978255832605557
1,2026-02-03 00:32:47,107056.63355458915,1204.0000385284422,111585,111890,0.9972741084994191
1,2026-02-03 00:32:47,107056.63355458915,1206.000038909912,111228,111842,0.9945101124801059
1,2026-02-03 00:32:47,107056.63355458915,1208.0000392913817,111675,111543,1.0011834001237192
1,2026-02-03 00:32:47,107056.63355458915,1210.0000396728515,111217,111606,0.9965145243087289
1,2026-02-03 00:32:47,107056.63355458915,1212.0000400543213,111035,111923,0.9920659739285044
1,2026-02-03 00:32:47,107056.63355458915,1214.0000404357909,111104,111975,0.992221478008484
1,2026-02-03 00:32:47,107056.63355458915,1216.0000408172607,111509,111876,0.9967195823947942
1,2026-02-03 00:32:47,107056.63355458915,1218.0000411987303,111234,111857,0.9944303887999857
1,2026-02-03 00:32:47,107056.63355458915,1220.0000415802,111035,112007,0.9913219709482443
1,2026-02-03 00:32:47,107056.63355458915,1222.00004196167,110885,111856,0.9913191961092833
1,2026-02-03 00:32:47,107056.63355458915,1224.0000423431395,111065,111935,0.9922276321079198
1,2026-02-03 00:32:47,107056.63355458915,1226.0000427246093,111109,111558,0.9959751877946897
1,2026-02-03 00:32:47,107056.63355458915,1228.000043106079,111351,111785,0.9961175470769781
1,2026-02-03 00:32:47,107056.63355458915,1230.0000434875487,111284,111751,0.9958210664781523
1,2026-02-03 00:32:47,107056.63355458915,1232.0000438690186,111207,111904,0.9937714469545325
1,2026-02-03 00:32:47,107056.63355458915,1234.0000442504881,110986,111638,0.9941596947276017
1,2026-02-03 00:32:47,107056.63355458915,1236.000044631958,111497,111894,0.9964519992135414
1,2026-02-03 00:32:47,107056.63355458915,1238.0000450134276,111592,111999,0.9963660389824909
1,2026-02-03 00:32:47,107056.63355458915,1240.0000453948974,111190,111611,0.9962279703613444
1,2026-02-03 00:32:47,107056.63355458915,1242.0000457763672,111444,112087,0.994263384692248
1,2026-02-03 00:32:47,107056.63355458915,1244.0000461578368,111466,112077,0.9945483908384414
1,2026-02-03 00:32:47,107056.63355458915,1246.0000465393066,111744,111472,1.0024400746375772
1,2026-02-03 00:32:47,107056.63355458915,1248.0000469207762,111383,111651,0.9975996632363346
1,2026-02-03 00:32:47,107056.63355458915,1250.000047302246,111883,112072,0.9983135841244914
1,2026-02-03 00:32:47,107056.63355458915,1252.0000476837158,111855,111665,1.0017015179331035
1,2026-02-03 00:32:47,107056.63355458915,1254.0000480651854,111028,111986,0.9914453592413337
1,2026-02-03 00:32:47,107056.63355458915,1256.0000484466552,111917,111525,1.003514906971531
1,2026-02-03 00:32:47,107056.63355458915,1258.0000488281248,112033,111253,1.0070110468931175
1,2026-02-03 00:32:47,107056.63355458915,1260.0000492095946,110700,111581,0.9921043905324384
1,2026-02-03 00:32:47,107056.63355458915,1262.0000495910645,111556,112031,0.9957601021145933
1,2026-02-03 00:32:47,107056.63355458915,1264.000049972534,111287,111568,0.9974813566614082
1,2026-02-03 00:32:47,107056.63355458915,1266.0000503540039,110931,111894,0.9913936404096735
1,2026-02-03 00:32:47,107056.63355458915,1268.0000507354735,110711,111762,0.9905960881158176
1,2026-02-03 00:32:47,107056.63355458915,1270.0000511169433,111694,111717,0.999794122649194
1,2026-02-03 00:32:47,107056.63355458915,1272.000051498413,111498,111567,0.9993815375514264
1,2026-02-03 00:32:47,107056.63355458915,1274.0000518798827,111264,112230,0.9913926757551457
1,2026-02-03 00:32:47,107056.63355458915,1276.0000522613525,111515,112247,0.9934786675813162
1,2026-02-03 00:32:47,107056.63355458915,1278.000052642822,110880,111849,0.9913365340771934
1,2026-02-03 00:32:47,107056.63355458915,1280.000053024292,111029,111639,0.9945359596556759
1,2026-02-03 00:32:47,107056.63355458915,1282.0000534057617,111274,112014,0.9933936829324905
1,2026-02-03 00:32:47,107056.63355458915,1284.0000537872313,111214,111545,0.9970325877448564
1,2026-02-03 00:32:47,107056.63355458915,1286.0000541687011,110857,111915,0.9905463968190145
1,2026-02-03 00:32:47,107056.63355458915,1288.0000545501707,111329,111715,0.9965447791254531
1,2026-02-03 00:32:47,107056.63355458915,1290.0000549316405,112081,111541,1.004841269129737
1,2026-02-03 00:32:47,107056.63355458915,1292.0000553131104,111259,111596,0.9969801785010215
1,2026-02-03 00:32:47,107056.63355458915,1294.00005569458,111432,111702,0.9975828543804051
1,2026-02-03 00:32:47,107056.63355458915,1296.0000560760498,111640,112118,0.9957366346170998
1,2026-02-03 00:32:47,107056.63355458915,1298.0000564575193,110941,111279,0.9969625895272244
1,2026-02-03 00:32:47,107056.63355458915,1300.0000568389892,111705,112004,0.9973304524838399
1,2026-02-03 00:32:47,107056.63355458915,1302.000057220459,111735,111718,1.000152168853721
1,2026-02-03 00:32:47,107056.63355458915,1304.0000576019286,111057,111618,0.9949739289361931
1,2026-02-03 00:32:47,107056.63355458915,1306.0000579833984,111830,112382,0.99508818138136
1,2026-02-03 00:32:47,107056.63355458915,1308.000058364868,110993,112218,0.9890837477053592
1,2026-02-03 00:32:47,107056.63355458915,1310.0000587463378,111514,112021,0.9954740628989207
1,2026-02-03 00:32:47,107056.63355458915,1312.0000591278076,110729,111801,0.9904115347805476
1,2026-02-03 00:32:47,107056.63355458915,1314.0000595092772,111415,111564,0.9986644437273673
1,2026-02-03 00:32:47,107056.63355458915,1316.000059890747,111061,112512,0.9871035978384528
1,2026-02-03 00:32:47,107056.63355458915,1318.0000602722166,111546,111750,0.9981744966442953
1,2026-02-03 00:32:47,107056.63355458915,1320.0000606536864,111403,112295,0.9920566365376909
1,2026-02-03 00:32:47,107056.63355458915,1322.0000610351562,111115,111637,0.9953241308885047
1,2026-02-03 00:32:47,107056.63355458915,1324.0000614166258,111473,112461,0.9912147322182802
1,2026-02-03 00:32:47,107056.63355458915,1326.0000617980957,111359,111466,0.999040066029103
1,2026-02-03 00:32:47,107056.63355458915,1328.0000621795652,111398,111983,0.9947759927846191
1,2026-02-03 00:32:47,107056.63355458915,1330.000062561035,111381,111307,1.0006648279083974
1,2026-02-03 00:32:47,107056.63355458915,1332.0000629425049,111738,111767,0.9997405316417189
1,2026-02-03 00:32:47,107056.63355458915,1334.0000633239745,111289,111621,0.9970256492953835
1,2026-02-03 00:32:47,107056.63355458915,1336.0000637054443,111153,111938,0.9929871893369544
1,2026-02-03 00:32:47,107056.63355458915,1338.0000640869139,111184,111562,0.9966117495204461
1,2026-02-03 00:32:47,107056.63355458915,1340.0000644683837,111369,111497,0.9988519870489789
1,2026-02-03 00:32:47,107056.63355458915,1342.0000648498535,110456,111157,0.9936936045413244
1,2026-02-03 00:32:47,107056.63355458915,1344.000065231323,111748,112100,0.9968599464763604
1,2026-02-03 00:32:47,107056.63355458915,1346.000065612793,110648,111768,0.9899792427170567
1,2026-02-03 00:32:47,107056.63355458915,1348.0000659942625,112202,111538,1.0059531280819094
1,2026-02-03 00:32:47,107056.63355458915,1350.0000663757323,111500,111507,0.9999372236720565
1,2026-02-03 00:32:47,107056.63355458915,1352.0000667572021,110791,111432,0.9942476128939622
1,2026-02-03 00:32:47,107056.63355458915,1354.0000671386717,111039,112065,0.9908445991165842
1,2026-02-03 00:32:47,107056.63355458915,1356.0000675201416,112162,111162,1.0089958798870118
1,2026-02-03 00:32:47,107056.63355458915,1358.0000679016111,111387,111792,0.9963772005152426
1,2026-02-03 00:32:47,107056.63355458915,1360.000068283081,111318,112128,0.9927761130136986
1,2026-02-03 00:32:47,107056.63355458915,1362.0000686645508,110885,111764,0.9921352134855589
1,2026-02-03 00:32:47,107056.63355458915,1364.0000690460204,111624,112236,0.9945472041056346
1,2026-02-03 00:32:47,107056.63355458915,1366.0000694274902,112358,111669,1.0061700203279333
1,2026-02-03 00:32:47,107056.63355458915,1368.0000698089598,111275,112394,0.9900439525241561
1,2026-02-03 00:32:47,107056.63355458915,1370.0000701904296,111232,112447,0.9891949096018569
1,2026-02-03 00:32:47,107056.63355458915,1372.0000705718994,111552,112107,0.995049372474511
1,2026-02-03 00:32:47,107056.63355458915,1374.000070953369,111189,112125,0.9916521739130435
1,2026-02-03 00:32:47,107056.63355458915,1376.0000713348388,111364,111508,0.9987086128349535
1,2026-02-03 00:32:47,107056.63355458915,1378.0000717163084,111492,112141,0.9942126430119225
1,2026-02-03 00:32:47,107056.63355458915,1380.0000720977782,110824,111772,0.9915184482696918
1,2026-02-03 00:32:47,107056.63355458915,1382.000072479248,111375,111651,0.9975280113926431
1,2026-02-03 00:32:47,107056.63355458915,1384.0000728607176,111188,112020,0.9925727548652027
1,2026-02-03 00:32:47,107056.63355458915,1386.0000732421875,111433,111605,0.9984588504099279
1,2026-02-03 00:32:47,107056.63355458915,1388.000073623657,111834,111469,1.003274452986929
1,2026-02-03 00:32:47,107056.63355458915,1390.0000740051269,111639,111263,1.003379380387011
1,2026-02-03 00:32:47,107056.63355458915,1392.0000743865967,111413,112066,0.9941730765798725
1,2026-02-03 00:32:47,107056.63355458915,1394.0000747680663,111226,112032,0.9928056269637247
1,2026-02-03 00:32:47,107056.63355458915,1396.000075149536,111540,111625,0.9992385218365062
1,2026-02-03 00:32:47,107056.63355458915,1398.0000755310057,111086,111632,0.9951089293392575
1,2026-02-03 00:32:47,107056.63355458915,1400.0000759124755,110905,112113,0.9892251567614817
1,2026-02-03 00:32:47,107056.63355458915,1402.0000762939453,111609,111300,1.0027762803234501
1,2026-02-03 00:32:47,107056.63355458915,1404.000076675415,111305,111609,0.9972762053239435
1,2026-02-03 00:32:47,107056.63355458915,1406.0000770568847,111560,112019,0.995902480829145
1,2026-02-03 00:32:47,107056.63355458915,1408.0000774383543,111026,111968,0.9915868819662761
1,2026-02-03 00:32:47,107056.63355458915,1410.0000778198241,112064,112328,0.9976497400470052
1,2026-02-03 00:32:47,107056.63355458915,1412.000078201294,111531,112069,0.9951993860924966
1,2026-02-03 00:32:47,107056.63355458915,1414.0000785827635,111329,112112,0.9930159126587698
1,2026-02-03 00:32:47,107056.63355458915,1416.0000789642334,111569,112150,0.9948194382523406
1,2026-02-03 00:32:47,107056.63355458915,1418.000079345703,111313,111427,0.9989769086487117
1,2026-02-03 00:32:47,107056.63355458915,1420.0000797271728,111378,111029,1.0031433229156346
1,2026-02-03 00:32:47,107056.63355458915,1422.0000801086426,111780,111161,1.0055684997436152
1,2026-02-03 00:32:47,107056.63355458915,1424.0000804901122,110705,112097,0.9875821832876883
1,2026-02-03 00:32:47,107056.63355458915,1426.000080871582,110969,111948,0.9912548683317255
1,2026-02-03 00:32:47,107056.63355458915,1428.0000812530516,111173,111422,0.9977652528226023
1,2026-02-03 00:32:47,107056.63355458915,1430.0000816345214,111894,111334,1.0050299100005389
1,2026-02-03 00:32:47,107056.63355458915,1432.0000820159912,111142,112622,0.9868586954591465
1,2026-02-03 00:32:47,107056.63355458915,1434.0000823974608,111141,111810,0.9940166353635632
1,2026-02-03 00:32:47,107056.63355458915,1436.0000827789306,111567,112081,0.9954140309240639
1,2026-02-03 00:32:47,107056.63355458915,1438.0000831604002,111740,111817,0.999311374835669
1,2026-02-03 00:32:47,107056.63355458915,1440.00008354187,111308,111925,0.9944873799419254
1,2026-02-03 00:32:47,107056.63355458915,1442.0000839233398,111188,111713,0.9953004574221442
1,2026-02-03 00:32:47,107056.63355458915,1444.0000843048094,111302,112439,0.9898878503010521
1,2026-02-03 00:32:47,107056.63355458915,1446.0000846862793,111387,111641,0.9977248501894466
1,2026-02-03 00:32:47,107056.63355458915,1448.0000850677488,111093,111903,0.9927615881611753
1,2026-02-03 00:32:47,107056.63355458915,1450.0000854492187,110971,111691,0.993553643534394
1,2026-02-03 00:32:47,107056.63355458915,1452.0000858306885,111846,111730,1.0010382171305827
1,2026-02-03 00:32:47,107056.63355458915,1454.000086212158,110955,112139,0.9894416750639831
1,2026-02-03 00:32:47,107056.63355458915,1456.0000865936279,111802,111970,0.9984995981066357
1,2026-02-03 00:32:47,107056.63355458915,1458.0000869750975,111494,112046,0.9950734519750817
1,2026-02-03 00:32:47,107056.63355458915,1460.0000873565673,111318,111671,0.9968389286385901
1,2026-02-03 00:32:47,107056.63355458915,1462.000087738037,111456,112438,0.9912662978708265
1,2026-02-03 00:32:47,107056.63355458915,1464.0000881195067,110889,111946,0.9905579475818699
1,2026-02-03 00:32:47,107056.63355458915,1466.0000885009765,111258,111381,0.9988956823874808
1,2026-02-03 00:32:47,107056.63355458915,1468.000088882446,111291,111992,0.9937406243303093
1,2026-02-03 00:32:47,107056.63355458915,1470.000089263916,111615,112102,0.9956557420920233
1,2026-02-03 00:32:47,107056.63355458915,1472.0000896453857,111055,111640,0.9947599426728772
1,2026-02-03 00:32:47,107056.63355458915,1474.0000900268553,111197,111605,0.9963442498095963
1,2026-02-03 00:32:47,107056.63355458915,1476.0000904083251,111824,111439,1.0034548048708263
1,2026-02-03 00:32:47,107056.63355458915,1478.0000907897947,110849,112217,0.9878093337016673
1,2026-02-03 00:32:47,107056.63355458915,1480.0000911712646,111265,111927,0.9940854306824984
1,2026-02-03 00:32:47,107056.63355458915,1482.0000915527344,111462,111529,0.9993992593854513
1,2026-02-03 00:32:47,107056.63355458915,1484.000091934204,111537,111802,0.9976297382873294
1,2026-02-03 00:32:47,107056.63355458915,1486.0000923156738,110673,111332,0.9940807674343405
1,2026-02-03 00:32:47,107056.63355458915,1488.0000926971434,111494,111883,0.9965231536515825
1,2026-02-03 00:32:47,107056.63355458915,1490.0000930786132,110998,112182,0.98944572213011
1,2026-02-03 00:32:47,107056.63355458915,1492.000093460083,111475,111735,0.997673065735893
1,2026-02-03 00:32:47,107056.63355458915,1494.0000938415526,112113,111868,1.0021900811670899
1,2026-02-03 00:32:47,107056.63355458915,1496.0000942230224,111894,112073,0.9984028267290069
1,2026-02-03 00:32:47,107056.63355458915,1498.000094604492,110874,112254,0.9877064514404832
1,2026-02-03 00:32:47,107056.63355458915,1500.0000949859618,110944,112160,0.9891583452211127
1,2026-02-03 00:32:47,107056.63355458915,1502.0000953674316,111378,111815,0.9960917587085811
1,2026-02-03 00:32:47,107056.63355458915,1504.0000957489012,110913,112030,0.9900294563956084
1,2026-02-03 00:32:47,107056.63355458915,1506.000096130371,110702,111541,0.9924781022225011
1,2026-02-03 00:32:47,107056.63355458915,1508.0000965118406,111772,112286,0.9954224035053346
1,2026-02-03 00:32:47,107056.63355458915,1510.0000968933105,111522,111740,0.9980490424199033
1,2026-02-03 00:32:47,107056.63355458915,1512.0000972747803,110912,111810,0.9919685180216439
1,2026-02-03 00:32:47,107056.63355458915,1514.0000976562499,111434,111903,0.9958088701822114
1,2026-02-03 00:32:47,107056.63355458915,1516.0000980377195,111444,112276,0.9925896896932559
1,2026-02-03 00:32:47,107056.63355458915,1518.0000984191893,111433,111477,0.9996052997479301
1,2026-02-03 00:32:47,107056.63355458915,1520.000098800659,112100,112212,0.9990018892810039
1,2026-02-03 00:32:47,107056.63355458915,1522.000099182129,110692,111623,0.9916594250288919
1,2026-02-03 00:32:47,107056.63355458915,1524.0000995635985,111584,111589,0.999955192716128
1,2026-02-03 00:32:47,107056.63355458915,1526.000099945068,110870,111173,0.9972745180934219
1,2026-02-03 00:32:47,107056.63355458915,1528.000100326538,111590,111300,1.002605570530099
1,2026-02-03 00:32:47,107056.63355458915,1530.0001007080077,111664,111889,0.9979890784616897
1,2026-02-03 00:32:47,107056.63355458915,1532.0001010894775,111962,111829,1.0011893158304197
1,2026-02-03 00:32:47,107056.63355458915,1534.0001014709471,111756,111616,1.0012543004587156
1,2026-02-03 00:32:47,107056.63355458915,1536.0001018524167,111718,111854,0.9987841293114238
1,2026-02-03 00:32:47,107056.63355458915,1538.0001022338865,111373,112179,0.9928150545110939
1,2026-02-03 00:32:47,107056.63355458915,1540.0001026153564,111390,111648,0.997689165950129
1,2026-02-03 00:32:47,107056.63355458915,1542.0001029968262,111687,111813,0.99887311851037
1,2026-02-03 00:32:47,107056.63355458915,1544.0001033782958,110890,111848,0.9914348043773693
1,2026-02-03 00:32:47,107056.63355458915,1546.0001037597654,111593,112020,0.9961881806820211
1,2026-02-03 00:32:47,107056.63355458915,1548.0001041412352,110914,112007,0.9902416813234887
1,2026-02-03 00:32:47,107056.63355458915,1550.000104522705,111055,111928,0.9922003430776928
1,2026-02-03 00:32:47,107056.63355458915,1552.0001049041748,111012,111493,0.9956858278098176
1,2026-02-03 00:32:47,107056.63355458915,1554.0001052856444,111224,112327,0.990180455277894
1,2026-02-03 00:32:47,107056.63355458915,1556.000105667114,111568,112242,0.9939951176921296
1,2026-02-03 00:32:47,107056.63355458915,1558.0001060485838,111583,111592,0.9999193490572801
1,2026-02-03 00:32:47,107056.63355458915,1560.0001064300536,111164,111847,0.9938934437222277
1,2026-02-03 00:32:47,107056.63355458915,1562.0001068115234,111128,112477,0.9880064368715382
1,2026-02-03 00:32:47,107056.63355458915,1564.000107192993,111703,111470,1.0020902484973535
1,2026-02-03 00:32:47,107056.63355458915,1566.0001075744626,110448,111867,0.9873152940545469
1,2026-02-03 00:32:47,107056.63355458915,1568.0001079559324,111276,111818,0.9951528376468904
1,2026-02-03 00:32:47,107056.63355458915,1570.0001083374023,111529,111436,1.000834559747299
1,2026-02-03 00:32:47,107056.63355458915,1572.000108718872,111266,111989,0.9935440087865772
1,2026-02-03 00:32:47,107056.63355458915,1574.0001091003417,111279,112023,0.993358506735224
1,2026-02-03 00:32:47,107056.63355458915,1576.0001094818113,111646,112321,0.9939904381193188
1,2026-02-03 00:32:47,107056.63355458915,1578.000109863281,111682,111977,0.9973655304214258
1,2026-02-03 00:32:47,107056.63355458915,1580.0001102447509,111644,111729,0.9992392306384198
1,2026-02-03 00:32:47,107056.63355458915,1582.0001106262207,111349,111698,0.9968755035900374
1,2026-02-03 00:32:47,107056.63355458915,1584.0001110076903,111443,111366,1.0006914138965213
1,2026-02-03 00:32:47,107056.63355458915,1586.0001113891599,111198,111481,0.9974614508301863
1,2026-02-03 00:32:47,107056.63355458915,1588.0001117706297,111347,112407,0.9905699822964762
1,2026-02-03 00:32:47,107056.63355458915,1590.0001121520995,110927,111589,0.9940675156153385
1,2026-02-03 00:32:47,107056.63355458915,1592.0001125335693,111768,111390,1.0033934823592783
1,2026-02-03 00:32:47,107056.63355458915,1594.000112915039,111023,111923,0.9919587573599707
1,2026-02-03 00:32:47,107056.63355458915,1596.0001132965085,111168,111461,0.9973712778460627
1,2026-02-03 00:32:47,107056.63355458915,1598.0001136779783,111975,111547,1.003836947654352
1,2026-02-03 00:32:47,107056.63355458915,1600.0001140594482,111610,111972,0.9967670489050834
1,2026-02-03 00:32:47,107056.63355458915,1602.000114440918,111477,111838,0.9967721168118171
1,2026-02-03 00:32:47,107056.63355458915,1604.0001148223876,110656,111848,0.9893426793505472
1,2026-02-03 00:32:47,107056.63355458915,1606.0001152038571,111005,112013,0.9910010445216181
1,2026-02-03 00:32:47,107056.63355458915,1608.000115585327,110928,111958,0.9908001214741242
1,2026-02-03 00:32:47,107056.63355458915,1610.0001159667968,112221,112060,1.0014367303230411
1,2026-02-03 00:32:47,107056.63355458915,1612.0001163482666,111053,111924,0.9922179335977985
1,2026-02-03 00:32:47,107056.63355458915,1614.0001167297362,111302,112071,0.9931382784127919
1,2026-02-03 00:32:47,107056.63355458915,1616.0001171112058,111397,112049,0.9941811171898008
1,2026-02-03 00:32:47,107056.63355458915,1618.0001174926756,111998,111898,1.0008936710218235
1,2026-02-03 00:32:47,107056.63355458915,1620.0001178741454,110837,111730,0.9920075181240491
1,2026-02-03 00:32:47,107056.63355458915,1622.0001182556152,111971,111781,1.0016997521940223
1,2026-02-03 00:32:47,107056.63355458915,1624.0001186370848,111820,112072,0.9977514454993218
1,2026-02-03 00:32:47,107056.63355458915,1626.0001190185544,111101,112122,0.9908938477729616
1,2026-02-03 00:32:47,107056.63355458915,1628.0001194000242,111639,111973,0.9970171380600681
1,2026-02-03 00:32:47,107056.63355458915,1630.000119781494,111084,111795,0.9936401449080907
1,2026-02-03 00:32:47,107056.63355458915,1632.0001201629639,111234,111678,0.996024284102509
1,2026-02-03 00:32:47,107056.63355458915,1634.0001205444335,111366,112101,0.9934434126368186
1,2026-02-03 00:32:47,107056.63355458915,1636.000120925903,111164,112092,0.9917210862505799
1,2026-02-03 00:32:47,107056.63355458915,1638.0001213073729,110811,111935,0.9899584580336802
1,2026-02-03 00:32:47,107056.63355458915,1640.0001216888427,111522,111341,1.0016256365579617
1,2026-02-03 00:32:47,107056.63355458915,1642.0001220703125,111437,111612,0.9984320682363903
1,2026-02-03 00:32:47,107056.63355458915,1644.000122451782,110968,112117,0.9897517771613582
1,2026-02-03 00:32:47,107056.63355458915,1646.0001228332517,111286,111771,0.9956607706829141
1,2026-02-03 00:32:47,107056.63355458915,1648.0001232147215,110547,112125,0.9859264214046822
1,2026-02-03 00:32:47,107056.63355458915,1650.0001235961913,110888,112003,0.9900449095113524
1,2026-02-03 00:32:47,107056.63355458915,1652.0001239776611,111563,111164,1.0035892914972473
1,2026-02-03 00:32:47,107056.63355458915,1654.0001243591307,111092,111511,0.9962425231591502
1,2026-02-03 00:32:47,107056.63355458915,1656.0001247406003,111714,111263,1.004053458921654
1,2026-02-03 00:32:47,107056.63355458915,1658.0001251220701,111102,111787,0.9938722749514702
1,2026-02-03 00:32:47,107056.63355458915,1660.00012550354,111155,111447,0.9973799205003275
1,2026-02-03 00:32:47,107056.63355458915,1662.0001258850098,111712,111721,0.9999194421818638
1,2026-02-03 00:32:47,107056.63355458915,1664.0001262664794,111324,111755,0.9961433492908595
1,2026-02-03 00:32:47,107056.63355458915,1666.000126647949,111275,111736,0.9958742034796305
1,2026-02-03 00:32:47,107056.63355458915,1668.0001270294188,111216,111059,1.0014136630079506
1,2026-02-03 00:32:47,107056.63355458915,1670.0001274108886,111738,111210,1.004747774480712
1,2026-02-03 00:32:47,107056.63355458915,1672.0001277923584,111346,111759,0.9963045481795649
1,2026-02-03 00:32:47,107056.63355458915,1674.000128173828,111045,111986,0.9915971639312057
1,2026-02-03 00:32:47,107056.63355458915,1676.0001285552976,111269,111989,0.9935707971318611
1,2026-02-03 00:32:47,107056.63355458915,1678.0001289367674,111276,111766,0.9956158402376394
1,2026-02-03 00:32:47,107056.63355458915,1680.0001293182372,110983,112612,0.9855344013071431
1,2026-02-03 00:32:47,107056.63355458915,1682.000129699707,110696,111770,0.9903909814798246
1,2026-02-03 00:32:47,107056.63355458915,1684.0001300811766,111220,112052,0.9925748759504516
1,2026-02-03 00:32:47,107056.63355458915,1686.0001304626462,111134,111940,0.9927997141325711
1,2026-02-03 00:32:47,107056.63355458915,1688.000130844116,111966,111537,1.0038462572957854
1,2026-02-03 00:32:47,107056.63355458915,1690.0001312255858,111271,111802,0.9952505321908374
1,2026-02-03 00:32:47,107056.63355458915,1692.0001316070557,111702,111814,0.9989983365231545
1,2026-02-03 00:32:47,107056.63355458915,1694.0001319885253,111181,111474,0.9973715844053321
1,2026-02-03 00:32:47,107056.63355458915,1696.0001323699948,111257,111754,0.9955527318932655
1,2026-02-03 00:32:47,107056.63355458915,1698.0001327514647,111534,111881,0.9968984903602935
1,2026-02-03 00:32:47,107056.63355458915,1700.0001331329345,111593,111525,1.0006097287603677
1,2026-02-03 00:32:47,107056.63355458915,1702.0001335144043,110972,112457,0.9867949527374907
1,2026-02-03 00:32:47,107056.63355458915,1704.000133895874,111258,111337,0.9992904425303358
1,2026-02-03 00:32:47,107056.63355458915,1706.0001342773435,111452,112381,0.9917334780790347
1,2026-02-03 00:32:47,107056.63355458915,1708.0001346588133,111517,111423,1.000843631925186
1,2026-02-03 00:32:47,107056.63355458915,1710.000135040283,110822,111975,0.989703058718464
1,2026-02-03 00:32:47,107056.63355458915,1712.000135421753,110983,111795,0.9927367055771725
1,2026-02-03 00:32:47,107056.63355458915,1714.0001358032225,111524,111274,1.0022467063285223
1,2026-02-03 00:32:47,107056.63355458915,1716.000136184692,111574,111904,0.9970510437517872
1,2026-02-03 00:32:47,107056.63355458915,1718.000136566162,111504,111862,0.9967996281132109
1,2026-02-03 00:32:47,107056.63355458915,1720.0001369476317,111462,111784,0.9971194446432405
1,2026-02-03 00:32:47,107056.63355458915,1722.0001373291016,111153,112097,0.9915787219996967
1,2026-02-03 00:32:47,107056.63355458915,1724.0001377105712,111399,112020,0.9944563470808784
1,2026-02-03 00:32:47,107056.63355458915,1726.0001380920407,110736,111945,0.9892000535977489
1,2026-02-03 00:32:47,107056.63355458915,1728.0001384735106,111847,111921,0.9993388193457885
1,2026-02-03 00:32:47,107056.63355458915,1730.0001388549804,110988,112021,0.9907785147427715
1,2026-02-03 00:32:47,107056.63355458915,1732.0001392364502,111629,111658,0.9997402783499615
1,2026-02-03 00:32:47,107056.63355458915,1734.0001396179198,110967,112039,0.9904319031765725
1,2026-02-03 00:32:47,107056.63355458915,1736.0001399993894,111362,111520,0.9985832137733142
1,2026-02-03 00:32:47,107056.63355458915,1738.0001403808592,112201,111801,1.0035777855296464
1,2026-02-03 00:32:47,107056.63355458915,1740.000140762329,111228,112116,0.9920796318099112
1,2026-02-03 00:32:47,107056.63355458915,1742.0001411437988,111693,111552,1.0012639845094664
1,2026-02-03 00:32:47,107056.63355458915,1744.0001415252684,111579,112089,0.9954500441613361
1,2026-02-03 00:32:47,107056.63355458915,1746.000141906738,110860,111621,0.9931822864873098
1,2026-02-03 00:32:47,107056.63355458915,1748.0001422882078,110954,112115,0.9896445613878607
1,2026-02-03 00:32:47,107056.63355458915,1750.0001426696776,111210,111697,0.9956399903309847
1,2026-02-03 00:32:47,107056.63355458915,1752.0001430511475,111488,111761,0.9975572874258463
1,2026-02-03 00:32:47,107056.63355458915,1754.000143432617,111083,112331,0.9888899769431413
1,2026-02-03 00:32:47,107056.63355458915,1756.0001438140866,111300,111218,1.0007372907263212
1,2026-02-03 00:32:47,107056.63355458915,1758.0001441955565,112045,111919,1.001125814204916
1,2026-02-03 00:32:47,107056.63355458915,1760.0001445770263,110787,111586,0.9928396035344935
1,2026-02-03 00:32:47,107056.63355458915,1762.000144958496,111233,111517,0.9974533030838347
1,2026-02-03 00:32:47,107056.63355458915,1764.0001453399657,110769,111914,0.9897689297138874
1,2026-02-03 00:32:47,107056.63355458915,1766.0001457214353,111164,111049,1.0010355788885987
1,2026-02-03 00:32:47,107056.63355458915,1768.000146102905,111598,111596,1.0000179217893115
1,2026-02-03 00:32:47,107056.63355458915,1770.000146484375,110987,112413,0.9873146344284024
1,2026-02-03 00:32:47,107056.63355458915,1772.0001468658447,111502,111798,0.9973523676631066
1,2026-02-03 00:32:47,107056.63355458915,1774.0001472473143,110998,111907,0.9918771837329211
1,2026-02-03 00:32:47,107056.63355458915,1776.000147628784,111661,111991,0.9970533346429624
1,2026-02-03 00:32:47,107056.63355458915,1778.0001480102537,110829,112460,0.9854970656233327
1,2026-02-03 00:32:47,107056.63355458915,1780.0001483917235,111496,111318,1.0015990226198819
1,2026-02-03 00:32:47,107056.63355458915,1782.0001487731934,110819,111921,0.9901537691764727
1,2026-02-03 00:32:47,107056.63355458915,1784.000149154663,111469,112116,0.9942291911948339
1,2026-02-03 00:32:47,107056.63355458915,1786.0001495361325,112145,111643,1.0044964753723924
1,2026-02-03 00:32:47,107056.63355458915,1788.0001499176024,111023,112318,0.9884702362933813
1,2026-02-03 00:32:47,107056.63355458915,1790.0001502990722,111528,111359,1.0015176142027138
1,2026-02-03 00:32:47,107056.63355458915,1792.000150680542,111026,112011,0.9912062208175982
1,2026-02-03 00:32:47,107056.63355458915,1794.0001510620116,111367,111282,1.0007638252367859
1,2026-02-03 00:32:47,107056.63355458915,1796.0001514434812,110686,111520,0.9925215208034434
1,2026-02-03 00:32:47,107056.63355458915,1798.000151824951,111884,112248,0.996757180528829
1,2026-02-03 00:32:47,107056.63355458915,1800.0001522064208,112194,111669,1.0047013942992236
1,2026-02-03 00:32:47,107056.63355458915,1802.0001525878906,111365,111613,0.9977780366086387
1,2026-02-03 00:32:47,107056.63355458915,1804.0001529693602,111434,111900,0.9958355674709563
1,2026-02-03 00:32:47,107056.63355458915,1806.0001533508298,111366,111344,1.0001975858600374
1,2026-02-03 00:32:47,107056.63355458915,1808.0001537322996,111327,111516,0.9983051759388787
1,2026-02-03 00:32:47,107056.63355458915,1810.0001541137694,110370,112522,0.9808748511402214
1,2026-02-03 00:32:47,107056.63355458915,1812.0001544952393,110913,111904,0.9911441950243065
1,2026-02-03 00:32:47,107056.63355458915,1814.0001548767088,110963,111755,0.9929130687664981
1,2026-02-03 00:32:47,107056.63355458915,1816.0001552581784,110911,112223,0.9883089919178778
1,2026-02-03 00:32:47,107056.63355458915,1818.0001556396483,111927,111740,1.0016735278324682
1,2026-02-03 00:32:47,107056.63355458915,1820.000156021118,110990,111989,0.9910794810204574
1,2026-02-03 00:32:47,107056.63355458915,1822.000156402588,111294,111626,0.9970257825237848
1,2026-02-03 00:32:47,107056.63355458915,1824.0001567840575,111501,111746,0.9978075277862295
1,2026-02-03 00:32:47,107056.63355458915,1826.000157165527,110995,111586,0.9947036366569283
1,2026-02-03 00:32:47,107056.63355458915,1828.000157546997,111453,111564,0.9990050553942131
1,2026-02-03 00:32:47,107056.63355458915,1830.0001579284667,111453,112131,0.9939535008160099
1,2026-02-03 00:32:47,107056.63355458915,1832.0001583099365,110906,111665,0.9932028836251288
1,2026-02-03 00:32:47,107056.63355458915,1834.000158691406,111132,112180,0.9906578712783027
1,2026-02-03 00:32:47,107056.63355458915,1836.0001590728757,111028,111536,0.995445416726438
1,2026-02-03 00:32:47,107056.63355458915,1838.0001594543455,110495,112573,0.9815408668153109
1,2026-02-03 00:32:47,107056.63355458915,1840.0001598358153,111095,111292,0.9982298817525069
1,2026-02-03 00:32:47,107056.63355458915,1842.0001602172852,111060,112307,0.9888965068962754
1,2026-02-03 00:32:47,107056.63355458915,1844.0001605987547,111420,112105,0.9938896570179743
1,2026-02-03 00:32:47,107056.63355458915,1846.0001609802243,111803,111582,1.0019806061909626
1,2026-02-03 00:32:47,107056.63355458915,1848.0001613616942,111005,111379,0.9966420959067688
1,2026-02-03 00:32:47,107056.63355458915,1850.000161743164,111126,111599,0.9957616107671216
1,2026-02-03 00:32:47,107056.63355458915,1852.0001621246338,111312,111305,1.0000628902565023
1,2026-02-03 00:32:47,107056.63355458915,1854.0001625061034,110942,112167,0.9890787843126766
1,2026-02-03 00:32:47,107056.63355458915,1856.000162887573,111489,111637,0.9986742746580435
1,2026-02-03 00:32:47,107056.63355458915,1858.0001632690428,111069,111477,0.9963400522080788
1,2026-02-03 00:32:47,107056.63355458915,1860.0001636505126,111260,111801,0.9951610450711532
1,2026-02-03 00:32:47,107056.63355458915,1862.0001640319824,111266,111271,0.9999550646619515
1,2026-02-03 00:32:47,107056.63355458915,1864.000164413452,111485,111772,0.9974322728411409
1,2026-02-03 00:32:47,107056.63355458915,1866.0001647949216,111224,111331,0.9990389020129165
1,2026-02-03 00:32:47,107056.63355458915,1868.0001651763914,111403,112725,0.9882723442004879
1,2026-02-03 00:32:47,107056.63355458915,1870.0001655578612,111514,111777,0.9976471009241615
1,2026-02-03 00:32:47,107056.63355458915,1872.000165939331,111115,111928,0.9927364019726967
1,2026-02-03 00:32:47,107056.63355458915,1874.0001663208006,111350,111503,0.9986278396096966
1,2026-02-03 00:32:47,107056.63355458915,1876.0001667022702,111379,111422,0.9996140798047064
1,2026-02-03 00:32:47,107056.63355458915,1878.00016708374,111493,111909,0.9962826939745686
1,2026-02-03 00:32:47,107056.63355458915,1880.0001674652099,110639,111786,0.9897393233499723
1,2026-02-03 00:32:47,107056.63355458915,1882.0001678466797,111355,112078,0.9935491354235443
1,2026-02-03 00:32:47,107056.63355458915,1884.0001682281493,111065,111435,0.9966796787364831
1,2026-02-03 00:32:47,107056.63355458915,1886.0001686096189,110724,112090,0.9878133642608619
1,2026-02-03 00:32:47,107056.63355458915,1888.0001689910887,111211,111910,0.9937539093914753
1,2026-02-03 00:32:47,107056.63355458915,1890.0001693725585,110049,112556,0.9777266427378372
1,2026-02-03 00:32:47,107056.63355458915,1892.0001697540283,111206,111189,1.0001528928221317
1,2026-02-03 00:32:47,107056.63355458915,1894.000170135498,111350,111499,0.9986636651449788
1,2026-02-03 00:32:47,107056.63355458915,1896.0001705169675,111158,111930,0.9931028321272224
1,2026-02-03 00:32:47,107056.63355458915,1898.0001708984373,111388,112231,0.992488706328911
1,2026-02-03 00:32:47,107056.63355458915,1900.0001712799071,111902,111726,1.0015752823872688
1,2026-02-03 00:32:47,107056.63355458915,1902.000171661377,110934,111670,0.993409151965613
1,2026-02-03 00:32:47,107056.63355458915,1904.0001720428465,111447,111795,0.9968871595330739
1,2026-02-03 00:32:47,107056.63355458915,1906.0001724243161,111506,112183,0.9939652175463306
1,2026-02-03 00:32:47,107056.63355458915,1908.000172805786,111262,111883,0.9944495589142229
1,2026-02-03 00:32:47,107056.63355458915,1910.0001731872558,111099,111613,0.9953948016808077
1,2026-02-03 00:32:47,107056.63355458915,1912.0001735687256,111239,112128,0.9920715610730594
1,2026-02-03 00:32:47,107056.63355458915,1914.0001739501952,112073,111690,1.003429134210762
1,2026-02-03 00:32:47,107056.63355458915,1916.0001743316648,110686,111791,0.9901154833573365
1,2026-02-03 00:32:47,107056.63355458915,1918.0001747131346,111355,111701,0.9969024449199202
1,2026-02-03 00:32:47,107056.63355458915,1920.0001750946044,111326,111659,0.9970177056932267
1,2026-02-03 00:32:47,107056.63355458915,1922.0001754760742,111397,111429,0.9997128216173528
1,2026-02-03 00:32:47,107056.63355458915,1924.0001758575438,111210,111480,0.9975780409041981
1,2026-02-03 00:32:47,107056.63355458915,1926.0001762390134,111176,111586,0.9963257039413547
1,2026-02-03 00:32:47,107056.63355458915,1928.0001766204832,111071,111516,0.9960095412317514
1,2026-02-03 00:32:47,107056.63355458915,1930.000177001953,111209,112022,0.992742497009516
1,2026-02-03 00:32:47,107056.63355458915,1932.0001773834229,110997,111414,0.9962572028649901
1,2026-02-03 00:32:47,107056.63355458915,1934.0001777648924,110934,111901,0.9913584329005103
1,2026-02-03 00:32:47,107056.63355458915,1936.000178146362,111007,112081,0.9904176443821879
1,2026-02-03 00:32:47,107056.63355458915,1938.0001785278318,111124,111825,0.9937312765481779
1,2026-02-03 00:32:47,107056.63355458915,1940.0001789093017,111032,111580,0.9950887255780606
1,2026-02-03 00:32:47,107056.63355458915,1942.0001792907715,111072,112043,0.9913336843890292
1,2026-02-03 00:32:47,107056.63355458915,1944.000179672241,111426,111861,0.9961112452061041
1,2026-02-03 00:32:47,107056.63355458915,1946.0001800537107,111367,111102,1.0023851955860381
1,2026-02-03 00:32:47,107056.63355458915,1948.0001804351805,111889,111300,1.0052920035938904
1,2026-02-03 00:32:47,107056.63355458915,1950.0001808166503,111715,111767,0.9995347463920478
1,2026-02-03 00:32:47,107056.63355458915,1952.0001811981201,111703,111848,0.9987035977397897
1,2026-02-03 00:32:47,107056.63355458915,1954.0001815795897,111444,111879,0.9961118708604833
1,2026-02-03 00:32:47,107056.63355458915,1956.0001819610593,111391,111685,0.9973675963647759
1,2026-02-03 00:32:47,107056.63355458915,1958.0001823425291,111645,112071,0.996198838236475
1,2026-02-03 00:32:47,107056.63355458915,1960.000182723999,111318,111883,0.9949500817818614
1,2026-02-03 00:32:47,107056.63355458915,1962.0001831054688,110892,111985,0.9902397642541412
1,2026-02-03 00:32:47,107056.63355458915,1964.0001834869383,110915,110646,1.0024311769065308
1,2026-02-03 00:32:47,107056.63355458915,1966.000183868408,111054,112080,0.9908458244111349
1,2026-02-03 00:32:47,107056.63355458915,1968.0001842498777,111295,111689,0.9964723473215804
1,2026-02-03 00:32:47,107056.63355458915,1970.0001846313476,111148,111509,0.9967625931539158
1,2026-02-03 00:32:47,107056.63355458915,1972.0001850128174,111230,112107,0.9921771165047678
1,2026-02-03 00:32:47,107056.63355458915,1974.000185394287,110903,111664,0.9931849118784927
1,2026-02-03 00:32:47,107056.63355458915,1976.0001857757566,111335,111773,0.9960813434371449
1,2026-02-03 00:32:47,107056.63355458915,1978.0001861572264,111276,112347,0.9904670351678282
1,2026-02-03 00:32:47,107056.63355458915,1980.0001865386962,111298,111383,0.9992368673855077
1,2026-02-03 00:32:47,107056.63355458915,1982.000186920166,111386,112279,0.9920465982062541
1,2026-02-03 00:32:47,107056.63355458915,1984.0001873016356,111152,112013,0.9923133921955487
1,2026-02-03 00:32:47,107056.63355458915,1986.0001876831052,111396,111607,0.9981094375800801
1,2026-02-03 00:32:47,107056.63355458915,1988.000188064575,110949,111691,0.9933566715312783
1,2026-02-03 00:32:47,107056.63355458915,1990.0001884460448,110791,111407,0.994470724460761
1,2026-02-03 00:32:47,107056.63355458915,1992.0001888275146,111216,112296,0.9903825603761488
1,2026-02-03 00:32:47,107056.63355458915,1994.0001892089842,111387,111818,0.9961455221878409
1,2026-02-03 00:32:47,107056.63355458915,1996.0001895904538,111990,111727,1.0023539520438212
1,2026-02-03 00:32:47,107056.63355458915,1998.0001899719236,111441,111847,0.9963700412170197
1,2026-02-03 00:32:47,107056.63355458915,2000.0001903533935,111506,111285,1.0019858920788964
1,2026-02-03 00:32:47,107056.63355458915,2002.0001907348633,111561,112090,0.9952805781068784
1,2026-02-03 00:32:47,107056.63355458915,2004.0001911163329,111175,111638,0.9958526666547233
1,2026-02-03 00:32:47,107056.63355458915,2006.0001914978025,111077,111219,0.9987232397342181
1,2026-02-03 00:32:47,107056.63355458915,2008.0001918792723,111077,111828,0.9932843295060271
1,2026-02-03 00:32:47,107056.63355458915,2010.000192260742,111331,111616,0.9974466026376146
1,2026-02-03 00:32:47,107056.63355458915,2012.000192642212,111012,111565,0.9950432483305697
1,2026-02-03 00:32:47,107056.63355458915,2014.0001930236815,110800,111957,0.9896656752145914
1,2026-02-03 00:32:47,107056.63355458915,2016.000193405151,111241,111534,0.9973729983682106
1,2026-02-03 00:32:47,107056.63355458915,2018.000193786621,110662,112163,0.9866176903256867
1,2026-02-03 00:32:47,107056.63355458915,2020.0001941680907,111011,111902,0.9920376758234885
1,2026-02-03 00:32:47,107056.63355458915,2022.0001945495605,111421,111570,0.9986645155507753
1,2026-02-03 00:32:47,107056.63355458915,2024.0001949310301,111396,111669,0.9975552749644038
1,2026-02-03 00:32:47,107056.63355458915,2026.0001953125,111187,111653,0.9958263548673121
1,2026-02-03 00:32:47,107056.63355458915,2028.0001956939695,112090,112026,1.0005712959491546
1,2026-02-03 00:32:47,107056.63355458915,2030.0001960754394,111611,111339,1.0024429894286817
1,2026-02-03 00:32:47,107056.63355458915,2032.000196456909,111136,111749,0.9945144922997073
1,2026-02-03 00:32:47,107056.63355458915,2034.0001968383788,110954,111635,0.9938997626192503
1,2026-02-03 00:32:47,107056.63355458915,2036.0001972198486,111214,112342,0.989959231631981
1,2026-02-03 00:32:47,107056.63355458915,2038.0001976013182,111582,111256,1.0029301790465233
1,2026-02-03 00:32:47,107056.63355458915,2040.000197982788,111233,111951,0.9935864797991979
1,2026-02-03 00:32:47,107056.63355458915,2042.0001983642576,111371,111600,0.9979480286738351
1,2026-02-03 00:32:47,107056.63355458915,2044.0001987457274,111188,112396,0.9892522865582405
1,2026-02-03 00:32:47,107056.63355458915,2046.0001991271972,111218,112298,0.9903827316604036
1,2026-02-03 00:32:47,107056.63355458915,2048.000199508667,111067,111626,0.9949922061168545
1,2026-02-03 00:32:47,107056.63355458915,2050.0001998901366,111343,111466,0.9988965245007446
1,2026-02-03 00:32:47,107056.63355458915,2052.0002002716064,111369,111875,0.995477094972067
1,2026-02-03 00:32:47,107056.63355458915,2054.000200653076,111276,111743,0.9958207672963855
1,2026-02-03 00:32:47,107056.63355458915,2056.000201034546,111137,111517,0.9965924477882296
1,2026-02-03 00:32:47,107056.63355458915,2058.0002014160154,111108,111534,0.9961805368766474
1,2026-02-03 00:32:47,107056.63355458915,2060.0002017974853,111544,110904,1.005770756690471
1,2026-02-03 00:32:47,107056.63355458915,2062.000202178955,111359,111232,1.001141757767549
1,2026-02-03 00:32:47,107056.63355458915,2064.0002025604244,111119,112301,0.9894747152741293
1,2026-02-03 00:32:47,107056.63355458915,2066.0002029418947,111826,111976,0.9986604272344074
1,2026-02-03 00:32:47,107056.63355458915,2068.000203323364,111609,111772,0.9985416741223204
1,2026-02-03 00:32:47,107056.63355458915,2070.000203704834,111355,111535,0.9983861568117631
1,2026-02-03 00:32:47,107056.63355458915,2072.0002040863037,110605,111462,0.9923112809746819
1,2026-02-03 00:32:47,107056.63355458915,2074.000204467773,111288,111520,0.9979196556671449
1,2026-02-03 00:32:47,107056.63355458915,2076.0002048492433,111431,111787,0.996815372091567
1,2026-02-03 00:32:47,107056.63355458915,2078.0002052307127,111180,111893,0.9936278408837014
1,2026-02-03 00:32:47,107056.63355458915,2080.0002056121825,111249,111858,0.9945555972751167
1,2026-02-03 00:32:47,107056.63355458915,2082.0002059936523,111087,111656,0.9949039908289747
1,2026-02-03 00:32:47,107056.63355458915,2084.0002063751217,111023,112080,0.9905692362598144
1,2026-02-03 00:32:47,107056.63355458915,2086.000206756592,111483,111953,0.995801809687994
1,2026-02-03 00:32:47,107056.63355458915,2088.0002071380613,111423,111690,0.9976094547408004
1,2026-02-03 00:32:47,107056.63355458915,2090.000207519531,110831,112314,0.986795947076945
1,2026-02-03 00:32:47,107056.63355458915,2092.000207901001,110779,111996,0.9891335404835887
1,2026-02-03 00:32:47,107056.63355458915,2094.0002082824703,110818,111733,0.9918108347578602
1,2026-02-03 00:32:47,107056.63355458915,2096.0002086639406,110933,111985,0.9906058847167031
1,2026-02-03 00:32:47,107056.63355458915,2098.00020904541,111333,111999,0.9940535183349851
1,2026-02-03 00:32:47,107056.63355458915,2100.00020942688,111431,112005,0.9948752287844292
1,2026-02-03 00:32:47,107056.63355458915,2102.0002098083496,110846,112210,0.9878442206576954
1,2026-02-03 00:32:47,107056.63355458915,2104.000210189819,111598,111691,0.9991673456231925
1,2026-02-03 00:32:47,107056.63355458915,2106.0002105712892,111942,112259,0.9971761729571794
1,2026-02-03 00:32:47,107056.63355458915,2108.0002109527586,110793,111359,0.9949173394157634
1,2026-02-03 00:32:47,107056.63355458915,2110.0002113342284,111587,112307,0.9935890015760371
1,2026-02-03 00:32:47,107056.63355458915,2112.0002117156982,111149,112087,0.9916315005308377
1,2026-02-03 00:32:47,107056.63355458915,2114.0002120971676,111349,111783,0.996117477612875
1,2026-02-03 00:32:47,107056.63355458915,2116.000212478638,110621,111653,0.9907570777319015
1,2026-02-03 00:32:47,107056.63355458915,2118.0002128601072,111348,112066,0.9935930612317742
1,2026-02-03 00:32:47,107056.63355458915,2120.000213241577,111229,111386,0.9985904871348285
1,2026-02-03 00:32:47,107056.63355458915,2122.000213623047,111527,112184,0.9941435498823361
1,2026-02-03 00:32:47,107056.63355458915,2124.0002140045162,111463,111571,0.999032006524993
1,2026-02-03 00:32:47,107056.63355458915,2126.0002143859865,112184,111950,1.0020902188476999
1,2026-02-03 00:32:47,107056.63355458915,2128.000214767456,111302,111225,1.0006922904023376
1,2026-02-03 00:32:47,107056.63355458915,2130.0002151489257,111189,111499,0.9972197060063319
1,2026-02-03 00:32:47,107056.63355458915,2132.0002155303955,111362,111519,0.9985921681507187
1,2026-02-03 00:32:47,107056.63355458915,2134.000215911865,111199,112290,0.9902840858491406
1,2026-02-03 00:32:47,107056.63355458915,2136.000216293335,111282,111808,0.9952955065827133
1,2026-02-03 00:32:47,107056.63355458915,2138.0002166748045,111538,111837,0.9973264661963394
1,2026-02-03 00:32:47,107056.63355458915,2140.0002170562743,111622,111799,0.9984168015814094
1,2026-02-03 00:32:47,107056.63355458915,2142.000217437744,111372,111804,0.9961360953096491
1,2026-02-03 00:32:47,107056.63355458915,2144.0002178192135,111187,112049,0.9923069371435711
1,2026-02-03 00:32:47,107056.63355458915,2146.000218200684,111311,111142,1.0015205772795164
1,2026-02-03 00:32:47,107056.63355458915,2148.000218582153,110843,111271,0.9961535350630443
1,2026-02-03 00:32:47,107056.63355458915,2150.000218963623,111422,112280,0.9923583897399358
1,2026-02-03 00:32:47,107056.63355458915,2152.000219345093,111329,111763,0.9961167828351064
1,2026-02-03 00:32:47,107056.63355458915,2154.000219726562,111028,112294,0.9887260227616792
1,2026-02-03 00:32:47,107056.63355458915,2156.0002201080324,111974,111602,1.0033332735972473
1,2026-02-03 00:32:47,107056.63355458915,2158.0002204895018,111081,111517,0.9960902821991265
1,2026-02-03 00:32:47,107056.63355458915,2160.0002208709716,111542,111775,0.9979154551554462
1,2026-02-03 00:32:47,107056.63355458915,2162.0002212524414,110995,111847,0.9923824510268492
1,2026-02-03 00:32:47,107056.63355458915,2164.0002216339108,111565,111822,0.9977017044946432
1,2026-02-03 00:32:47,107056.63355458915,2166.000222015381,111779,112213,0.9961323554311889
1,2026-02-03 00:32:47,107056.63355458915,2168.0002223968504,110974,111523,0.9950772486392941
1,2026-02-03 00:32:47,107056.63355458915,2170.00022277832,111814,112209,0.9964797832615923
1,2026-02-03 00:32:47,107056.63355458915,2172.00022315979,111771,112251,0.9957238688296763
1,2026-02-03 00:32:47,107056.63355458915,2174.0002235412594,111473,111435,1.0003410059676043
1,2026-02-03 00:32:47,107056.63355458915,2176.0002239227297,111287,111379,0.9991739915064779
1,2026-02-03 00:32:47,107056.63355458915,2178.000224304199,111474,111562,0.9992112009465589
1,2026-02-03 00:32:47,107056.63355458915,2180.000224685669,111100,112119,0.9909114423068347
1,2026-02-03 00:32:47,107056.63355458915,2182.0002250671387,111659,112308,0.9942212487089076
1,2026-02-03 00:32:47,107056.63355458915,2184.000225448608,111287,111497,0.998116541252231
1,2026-02-03 00:32:47,107056.63355458915,2186.0002258300783,111596,112133,0.9952110440280738
1,2026-02-03 00:32:47,107056.63355458915,2188.0002262115477,111084,111663,0.9948147551113619
1,2026-02-03 00:32:47,107056.63355458915,2190.0002265930175,111101,111506,0.9963679084533568
1,2026-02-03 00:32:47,107056.63355458915,2192.0002269744873,111243,112000,0.9932410714285714
1,2026-02-03 00:32:47,107056.63355458915,2194.0002273559567,111030,111438,0.9963387713347333
1,2026-02-03 00:32:47,107056.63355458915,2196.000227737427,111518,111760,0.9978346456692914
1,2026-02-03 00:32:47,107056.63355458915,2198.0002281188963,111097,111249,0.9986336955837806
1,2026-02-03 00:32:47,107056.63355458915,2200.000228500366,111416,111750,0.9970111856823266
1,2026-02-03 00:32:47,107056.63355458915,2202.000228881836,111446,111455,0.999919249921493
1,2026-02-03 00:32:47,107056.63355458915,2204.0002292633053,111596,112159,0.994980340409597
1,2026-02-03 00:32:47,107056.63355458915,2206.0002296447756,111683,112104,0.9962445586241347
1,2026-02-03 00:32:47,107056.63355458915,2208.000230026245,111159,111812,0.994159839730977
1,2026-02-03 00:32:47,107056.63355458915,2210.0002304077148,111003,111863,0.9923120245300054
1,2026-02-03 00:32:47,107056.63355458915,2212.0002307891846,111865,111833,1.0002861409422978
1,2026-02-03 00:32:47,107056.63355458915,2214.000231170654,111580,111477,1.0009239574082547
1,2026-02-03 00:32:47,107056.63355458915,2216.000231552124,111313,112208,0.9920237416227007
1,2026-02-03 00:32:47,107056.63355458915,2218.0002319335936,111058,111852,0.992901333905518
1,2026-02-03 00:32:47,107056.63355458915,2220.0002323150634,110893,112029,0.9898597684528113
1,2026-02-03 00:32:47,107056.63355458915,2222.000232696533,110982,111800,0.9926833631484794
1,2026-02-03 00:32:47,107056.63355458915,2224.0002330780026,111215,112037,0.9926631380704589
1,2026-02-03 00:32:47,107056.63355458915,2226.000233459473,111013,112086,0.9904269935585176
1,2026-02-03 00:32:47,107056.63355458915,2228.000233840942,110735,111384,0.994173310349781
1,2026-02-03 00:32:47,107056.63355458915,2230.000234222412,110958,111629,0.9939890171908733
1,2026-02-03 00:32:47,107056.63355458915,2232.000234603882,111919,112424,0.995508076567281
1,2026-02-03 00:32:47,107056.63355458915,2234.000234985351,111492,111819,0.9970756311539184
1,2026-02-03 00:32:47,107056.63355458915,2236.0002353668215,111226,112197,0.9913455796500797
1,2026-02-03 00:32:47,107056.63355458915,2238.000235748291,111697,112056,0.9967962447347755
1,2026-02-03 00:32:47,107056.63355458915,2240.0002361297607,111082,111350,0.99759317467445
1,2026-02-03 00:32:47,107056.63355458915,2242.0002365112305,111749,112121,0.9966821558851597
1,2026-02-03 00:32:47,107056.63355458915,2244.0002368927,111359,111952,0.9947030870373017
1,2026-02-03 00:32:47,107056.63355458915,2246.00023727417,110887,111534,0.99419907830796
1,2026-02-03 00:32:47,107056.63355458915,2248.0002376556395,111058,111663,0.99458191164486
1,2026-02-03 00:32:47,107056.63355458915,2250.0002380371093,111767,111541,1.002026160783927
1,2026-02-03 00:32:47,107056.63355458915,2252.000238418579,111642,111412,1.0020644095788604
1,2026-02-03 00:32:47,107056.63355458915,2254.0002388000485,111332,112594,0.9887915874735776
1,2026-02-03 00:32:47,107056.63355458915,2256.0002391815187,111497,112217,0.9935838598429828
1,2026-02-03 00:32:47,107056.63355458915,2258.000239562988,110909,112143,0.9889961923615384
1,2026-02-03 00:32:47,107056.63355458915,2260.000239944458,111728,111752,0.9997852387429308
1,2026-02-03 00:32:47,107056.63355458915,2262.0002403259277,111286,111734,0.9959904773837865
1,2026-02-03 00:32:47,107056.63355458915,2264.000240707397,111695,110827,1.0078320264917393
1,2026-02-03 00:32:47,107056.63355458915,2266.0002410888674,111245,112425,0.9895041138536802
1,2026-02-03 00:32:47,107056.63355458915,2268.0002414703367,110932,112117,0.9894306840175888
1,2026-02-03 00:32:47,107056.63355458915,2270.0002418518065,111434,112390,0.9914939051517039
1,2026-02-03 00:32:47,107056.63355458915,2272.0002422332764,111348,112013,0.9940631890941231
1,2026-02-03 00:32:47,107056.63355458915,2274.0002426147457,111230,111463,0.997909620232723
1,2026-02-03 00:32:47,107056.63355458915,2276.000242996216,111080,111780,0.9937376990517087
1,2026-02-03 00:32:47,107056.63355458915,2278.0002433776854,111084,111557,0.995760015059566
1,2026-02-03 00:32:47,107056.63355458915,2280.000243759155,111025,112428,0.9875209022663394
1,2026-02-03 00:32:47,107056.63355458915,2282.000244140625,111419,111444,0.999775672086429
1,2026-02-03 00:32:47,107056.63355458915,2284.0002445220944,111483,111719,0.9978875571746972
1,2026-02-03 00:32:47,107056.63355458915,2286.0002449035646,110600,111770,0.989532074796457
1,2026-02-03 00:32:47,107056.63355458915,2288.000245285034,110830,111640,0.992744536008599
1,2026-02-03 00:32:47,107056.63355458915,2290.000245666504,111202,112175,0.9913260530421217
1,2026-02-03 00:32:47,107056.63355458915,2292.0002460479736,110930,111715,0.9929731907084993
1,2026-02-03 00:32:47,107056.63355458915,2294.000246429443,111431,111783,0.9968510417505345
1,2026-02-03 00:32:47,107056.63355458915,2296.0002468109133,110978,111721,0.9933495045694185
1,2026-02-03 00:32:47,107056.63355458915,2298.0002471923826,111751,112008,0.9977055210342118
1,2026-02-03 00:32:47,107056.63355458915,2300.0002475738524,111081,112228,0.9897797341126991
1,2026-02-03 00:32:47,107056.63355458915,2302.0002479553223,110772,112149,0.9877216916780355
1,2026-02-03 00:32:47,107056.63355458915,2304.0002483367916,110377,111789,0.987369061356663
1,2026-02-03 00:32:47,107056.63355458915,2306.000248718262,109734,111471,0.9844174718088112
1,2026-02-03 00:32:47,107056.63355458915,2308.0002490997313,110463,111659,0.9892888168441415
1,2026-02-03 00:32:47,107056.63355458915,2310.000249481201,110601,111635,0.9907376718770995
1,2026-02-03 00:32:47,107056.63355458915,2312.000249862671,110847,111007,0.9985586494545389
1,2026-02-03 00:32:47,107056.63355458915,2314.0002502441403,111141,111459,0.9971469329529244
1,2026-02-03 00:32:47,107056.63355458915,2316.0002506256105,110912,111373,0.9958607561976421
1,2026-02-03 00:32:47,107056.63355458915,2318.00025100708,110605,111095,0.9955893604572663
1,2026-02-03 00:32:47,107056.63355458915,2320.0002513885497,110486,111216,0.9934361962307582
1,2026-02-03 00:32:47,107056.63355458915,2322.0002517700195,110889,111898,0.9909828593898015
1,2026-02-03 00:32:47,107056.63355458915,2324.000252151489,110755,111531,0.9930422931740951
1,2026-02-03 00:32:47,107056.63355458915,2326.000252532959,111029,111523,0.9955704204513867
1,2026-02-03 00:32:47,107056.63355458915,2328.0002529144285,110915,111095,0.9983797650659345
1,2026-02-03 00:32:47,107056.63355458915,2330.0002532958983,110951,111884,0.991661006041972
1,2026-02-03 00:32:47,107056.63355458915,2332.000253677368,111106,111617,0.9954218443427076
1,2026-02-03 00:32:47,107056.63355458915,2334.0002540588375,111870,111903,0.9997051017398997
1,2026-02-03 00:32:47,107056.63355458915,2336.000254440308,111495,111904,0.9963450814984273
1,2026-02-03 00:32:47,107056.63355458915,2338.000254821777,111211,112112,0.991963393749108
1,2026-02-03 00:32:47,107056.63355458915,2340.000255203247,111081,111712,0.9943515468347178
1,2026-02-03 00:32:47,107056.63355458915,2342.000255584717,111461,112037,0.99485884127565
1,2026-02-03 00:32:47,107056.63355458915,2344.000255966186,111151,112093,0.9915962638166522
1,2026-02-03 00:32:47,107056.63355458915,2346.0002563476564,111069,112113,0.9906879666051216
1,2026-02-03 00:32:47,107056.63355458915,2348.000256729126,110658,112412,0.9843966836280824
1,2026-02-03 00:32:47,107056.63355458915,2350.0002571105956,111927,111865,1.0005542394850937
1,2026-02-03 00:32:47,107056.63355458915,2352.0002574920654,111232,110976,1.0023068050749713
1,2026-02-03 00:32:47,107056.63355458915,2354.000257873535,110676,112100,0.9872970561998216
1,2026-02-03 00:32:47,107056.63355458915,2356.000258255005,111582,111697,0.9989704289282613
1,2026-02-03 00:32:47,107056.63355458915,2358.0002586364744,111836,111740,1.0008591372829783
1,2026-02-03 00:32:47,107056.63355458915,2360.0002590179442,112077,112235,0.998592239497483
1,2026-02-03 00:32:47,107056.63355458915,2362.000259399414,111703,111581,1.0010933761124206
1,2026-02-03 00:32:47,107056.63355458915,2364.0002597808834,110918,112345,0.9872980550981352
1,2026-02-03 00:32:47,107056.63355458915,2366.0002601623537,111527,111666,0.9987552164490534
1,2026-02-03 00:32:47,107056.63355458915,2368.000260543823,111244,111821,0.9948399674479749
1,2026-02-03 00:32:47,107056.63355458915,2370.000260925293,111014,111627,0.9945084970482052
1,2026-02-03 00:32:47,107056.63355458915,2372.0002613067627,111352,111454,0.9990848242324187
1,2026-02-03 00:32:47,107056.63355458915,2374.000261688232,111074,111558,0.9956614496495096
1,2026-02-03 00:32:47,107056.63355458915,2376.0002620697023,111231,111242,0.999901116484781
1,2026-02-03 00:32:47,107056.63355458915,2378.0002624511717,111825,111521,1.0027259439926113
1,2026-02-03 00:32:47,107056.63355458915,2380.0002628326415,111193,111333,0.9987425112051234
1,2026-02-03 00:32:47,107056.63355458915,2382.0002632141113,112075,111708,1.0032853510939235
1,2026-02-03 00:32:47,107056.63355458915,2384.0002635955807,111399,111695,0.9973499261381441
1,2026-02-03 00:32:47,107056.63355458915,2386.000263977051,111540,111881,0.9969521187690492
1,2026-02-03 00:32:47,107056.63355458915,2388.0002643585203,110364,111761,0.9875001118458139
1,2026-02-03 00:32:47,107056.63355458915,2390.00026473999,111711,111390,1.0028817667654188
1,2026-02-03 00:32:47,107056.63355458915,2392.00026512146,111039,111980,0.9915967136988748
1,2026-02-03 00:32:47,107056.63355458915,2394.0002655029293,111617,111849,0.9979257749286985
1,2026-02-03 00:32:47,107056.63355458915,2396.0002658843996,111602,112320,0.9936075498575498
1,2026-02-03 00:32:47,107056.63355458915,2398.000266265869,111382,112067,0.9938875851053388
1,2026-02-03 00:32:47,107056.63355458915,2400.000266647339,111386,111591,0.9981629342868152
1,2026-02-03 00:32:47,107056.63355458915,2402.0002670288086,111093,112345,0.9888557568205083
1,2026-02-03 00:32:47,107056.63355458915,2404.000267410278,111108,111838,0.9934727015862229
1,2026-02-03 00:32:47,107056.63355458915,2406.0002677917482,111737,111537,1.001793126944422
1,2026-02-03 00:32:47,107056.63355458915,2408.0002681732176,111970,111318,1.005857094090803
1,2026-02-03 00:32:47,107056.63355458915,2410.0002685546874,111339,111782,0.9960369290225618
1,2026-02-03 00:32:47,107056.63355458915,2412.000268936157,110993,111786,0.9929060884189433
1,2026-02-03 00:32:47,107056.63355458915,2414.0002693176266,111936,111560,1.0033703836500538
1,2026-02-03 00:32:47,107056.63355458915,2416.000269699097,111554,111779,0.9979870995446372
1,2026-02-03 00:32:47,107056.63355458915,2418.000270080566,111526,111300,1.0020305480682838
1,2026-02-03 00:32:47,107056.63355458915,2420.000270462036,111577,111942,0.9967393828947133
1,2026-02-03 00:32:47,107056.63355458915,2422.000270843506,110881,111261,0.996584607364665
1,2026-02-03 00:32:47,107056.63355458915,2424.000271224975,111503,111219,1.0025535205315639
1,2026-02-03 00:32:47,107056.63355458915,2426.0002716064455,111739,112088,0.9968863749910785
1,2026-02-03 00:32:47,107056.63355458915,2428.000271987915,111510,111843,0.9970226120543977
1,2026-02-03 00:32:47,107056.63355458915,2430.0002723693847,110538,111899,0.9878372460879901
1,2026-02-03 00:32:47,107056.63355458915,2432.0002727508545,111074,111358,0.9974496668402809
1,2026-02-03 00:32:47,107056.63355458915,2434.000273132324,111101,111579,0.9957160397565851
1,2026-02-03 00:32:47,107056.63355458915,2436.000273513794,111910,111842,1.0006080005722358
1,2026-02-03 00:32:47,107056.63355458915,2438.0002738952635,110724,111913,0.9893756757481258
1,2026-02-03 00:32:47,107056.63355458915,2440.0002742767333,111033,111337,0.9972695510028113
1,2026-02-03 00:32:47,107056.63355458915,2442.000274658203,111038,111767,0.9934775023039001
1,2026-02-03 00:32:47,107056.63355458915,2444.0002750396725,111408,111729,0.9971269768815616
1,2026-02-03 00:32:47,107056.63355458915,2446.0002754211428,111275,111923,0.9942103052991789
1,2026-02-03 00:32:47,107056.63355458915,2448.000275802612,112012,111868,1.0012872313798404
1,2026-02-03 00:32:47,107056.63355458915,2450.000276184082,110843,111672,0.9925764739594527
1,2026-02-03 00:32:47,107056.63355458915,2452.0002765655518,111012,111655,0.9942411893779947
1,2026-02-03 00:32:47,107056.63355458915,2454.000276947021,111312,111450,0.9987617765814266
1,2026-02-03 00:32:47,107056.63355458915,2456.0002773284914,111647,111737,0.9991945371721095
1,2026-02-03 00:32:47,107056.63355458915,2458.0002777099608,111196,112017,0.99267075533178
1,2026-02-03 00:32:47,107056.63355458915,2460.0002780914306,111699,112098,0.9964406144623454
1,2026-02-03 00:32:47,107056.63355458915,2462.0002784729004,111216,111934,0.9935855057444566
1,2026-02-03 00:32:47,107056.63355458915,2464.0002788543698,111549,111657,0.9990327520889868
1,2026-02-03 00:32:47,107056.63355458915,2466.00027923584,111232,111220,1.0001078942636217
1,2026-02-03 00:32:47,107056.63355458915,2468.0002796173094,111279,111848,0.99491273871683
1,2026-02-03 00:32:47,107056.63355458915,2470.000279998779,111273,111595,0.9971145660647879
1,2026-02-03 00:32:47,107056.63355458915,2472.000280380249,111303,112059,0.9932535539314111
1,2026-02-03 00:32:47,107056.63355458915,2474.0002807617184,111332,111843,0.9954310953747664
1,2026-02-03 00:32:47,107056.63355458915,2476.0002811431887,110619,111420,0.99281098546042
1,2026-02-03 00:32:47,107056.63355458915,2478.000281524658,111771,111749,1.0001968697706467
1,2026-02-03 00:32:47,107056.63355458915,2480.000281906128,111388,111328,1.0005389479735556
1,2026-02-03 00:32:47,107056.63355458915,2482.0002822875977,111637,111902,0.9976318564458186
1,2026-02-03 00:32:47,107056.63355458915,2484.000282669067,111551,111688,0.9987733686698661
1,2026-02-03 00:32:47,107056.63355458915,2486.0002830505373,111307,111885,0.9948339813201055
1,2026-02-03 00:32:47,107056.63355458915,2488.0002834320067,111330,112321,0.991177072853696
1,2026-02-03 00:32:47,107056.63355458915,2490.0002838134765,111281,111362,0.9992726423735205
1,2026-02-03 00:32:47,107056.63355458915,2492.0002841949463,111163,111458,0.9973532631125626
1,2026-02-03 00:32:47,107056.63355458915,2494.0002845764157,111302,111682,0.9965974821367812
1,2026-02-03 00:32:47,107056.63355458915,2496.000284957886,111214,112121,0.9919105252361288
1,2026-02-03 00:32:47,107056.63355458915,2498.0002853393553,111067,110983,1.0007568726741933
1,2026-02-03 00:32:47,107056.63355458915,2500.000285720825,111534,111538,0.9999641377826392
2,2026-02-03 01:04:42,102012.3378347448,999.9999996185302,106018,107140,0.9895277207392197
2,2026-02-03 01:04:42,102012.3378347448,1001.9999999999999,106204,107528,0.9876869280559483
2,2026-02-03 01:04:42,102012.3378347448,1004.0000003814696,106070,106059,1.0001037158562687
2,2026-02-03 01:04:42,102012.3378347448,1006.0000007629394,106306,106098,1.0019604516579013
2,2026-02-03 01:04:42,102012.3378347448,1008.0000011444091,106082,106657,0.9946088864303327
2,2026-02-03 01:04:42,102012.3378347448,1010.0000015258788,105991,106372,0.9964182303613733
2,2026-02-03 01:04:42,102012.3378347448,1012.0000019073485,106136,106623,0.9954325051818088
2,2026-02-03 01:04:42,102012.3378347448,1014.0000022888182,105556,106357,0.9924687608714048
2,2026-02-03 01:04:42,102012.3378347448,1016.000002670288,106819,106661,1.001481328695587
2,2026-02-03 01:04:42,102012.3378347448,1018.0000030517577,106436,106583,0.9986207931846542
2,2026-02-03 01:04:42,102012.3378347448,1020.0000034332274,106107,106907,0.9925168604488013
2,2026-02-03 01:04:42,102012.3378347448,1022.0000038146972,106519,106871,0.9967063094759102
2,2026-02-03 01:04:42,102012.3378347448,1024.0000041961669,105992,106720,0.9931784107946027
2,2026-02-03 01:04:42,102012.3378347448,1026.0000045776367,105779,106611,0.9921959272495333
2,2026-02-03 01:04:42,102012.3378347448,1028.0000049591063,106470,106822,0.9967047986369849
2,2026-02-03 01:04:42,102012.3378347448,1030.000005340576,106175,106398,0.9979040959416531
2,2026-02-03 01:04:42,102012.3378347448,1032.000005722046,106037,106596,0.9947559007842696
2,2026-02-03 01:04:42,102012.3378347448,1034.0000061035155,106804,106415,1.003655499694592
2,2026-02-03 01:04:42,102012.3378347448,1036.0000064849853,106765,107141,0.9964906058371679
2,2026-02-03 01:04:42,102012.3378347448,1038.000006866455,106414,106465,0.9995209693326446
2,2026-02-03 01:04:42,102012.3378347448,1040.0000072479247,105697,107242,0.9855933309710747
2,2026-02-03 01:04:42,102012.3378347448,1042.0000076293945,106296,106457,0.9984876522915356
2,2026-02-03 01:04:42,102012.3378347448,1044.0000080108641,106016,106754,0.9930869100923618
2,2026-02-03 01:04:42,102012.3378347448,1046.000008392334,105538,106299,0.9928409486448603
2,2026-02-03 01:04:42,102012.3378347448,1048.0000087738035,106338,106970,0.994091801439656
2,2026-02-03 01:04:42,102012.3378347448,1050.0000091552733,106358,106593,0.9977953524152617
2,2026-02-03 01:04:42,102012.3378347448,1052.0000095367432,106079,106459,0.9964305507284494
2,2026-02-03 01:04:42,102012.3378347448,1054.0000099182128,106125,106933,0.9924438667202828
2,2026-02-03 01:04:42,102012.3378347448,1056.0000102996826,105628,107199,0.9853450125467589
2,2026-02-03 01:04:42,102012.3378347448,1058.0000106811522,105962,106137,0.9983511876160057
2,2026-02-03 01:04:42,102012.3378347448,1060.000011062622,106434,106659,0.997890473377774
2,2026-02-03 01:04:42,102012.3378347448,1062.0000114440918,106292,107138,0.9921036420317721
2,2026-02-03 01:04:42,102012.3378347448,1064.0000118255614,105375,106902,0.9857158893191895
2,2026-02-03 01:04:42,102012.3378347448,1066.0000122070312,105947,107128,0.9889758046449107
2,2026-02-03 01:04:42,102012.3378347448,1068.0000125885008,106209,106176,1.0003108047016276
2,2026-02-03 01:04:42,102012.3378347448,1070.0000129699706,106502,105773,1.0068921180263395
2,2026-02-03 01:04:42,102012.3378347448,1072.0000133514404,106173,106622,0.995788861585789
2,2026-02-03 01:04:42,102012.3378347448,1074.00001373291,106522,106073,1.0042329339228644
2,2026-02-03 01:04:42,102012.3378347448,1076.0000141143798,105757,106716,0.9910135312418007
2,2026-02-03 01:04:42,102012.3378347448,1078.0000144958494,106196,106957,0.9928849911646737
2,2026-02-03 01:04:42,102012.3378347448,1080.0000148773192,106593,107026,0.9959542541064788
2,2026-02-03 01:04:42,102012.3378347448,1082.000015258789,105694,106855,0.9891348088531187
2,2026-02-03 01:04:42,102012.3378347448,1084.0000156402587,106189,106515,0.9969393982068253
2,2026-02-03 01:04:42,102012.3378347448,1086.0000160217285,106187,106801,0.9942509901592682
2,2026-02-03 01:04:42,102012.3378347448,1088.000016403198,106460,106735,0.997423525553942
2,2026-02-03 01:04:42,102012.3378347448,1090.0000167846679,106086,106687,0.9943666988480321
2,2026-02-03 01:04:42,102012.3378347448,1092.0000171661377,106053,106808,0.9929312411055352
2,2026-02-03 01:04:42,102012.3378347448,1094.0000175476073,106868,106593,1.0025799067480978
2,2026-02-03 01:04:42,102012.3378347448,1096.000017929077,105944,106727,0.992663524693845
2,2026-02-03 01:04:42,102012.3378347448,1098.0000183105467,106227,106929,0.9934348960525208
2,2026-02-03 01:04:42,102012.3378347448,1100.0000186920165,106379,106986,0.9943263604583777
2,2026-02-03 01:04:42,102012.3378347448,1102.0000190734863,106427,106698,0.9974601210894299
2,2026-02-03 01:04:42,102012.3378347448,1104.000019454956,106019,106865,0.9920834697983437
2,2026-02-03 01:04:42,102012.3378347448,1106.0000198364257,106051,106323,0.9974417576629704
2,2026-02-03 01:04:42,102012.3378347448,1108.0000202178953,106350,106785,0.9959263941564827
2,2026-02-03 01:04:42,102012.3378347448,1110.0000205993651,106474,106796,0.9969849058017154
2,2026-02-03 01:04:42,102012.3378347448,1112.000020980835,106484,106994,0.9952333775725741
2,2026-02-03 01:04:42,102012.3378347448,1114.0000213623046,106118,106726,0.9943031688623203
2,2026-02-03 01:04:42,102012.3378347448,1116.0000217437744,106491,106538,0.9995588428541928
2,2026-02-03 01:04:42,102012.3378347448,1118.000022125244,106046,106695,0.9939172407329303
2,2026-02-03 01:04:42,102012.3378347448,1120.0000225067138,105952,106810,0.9919670442842431
2,2026-02-03 01:04:42,102012.3378347448,1122.0000228881836,106559,106083,1.0044870525908958
2,2026-02-03 01:04:42,102012.3378347448,1124.0000232696532,106583,106461,1.0011459595532637
2,2026-02-03 01:04:42,102012.3378347448,1126.000023651123,105872,106170,0.9971931807478572
2,2026-02-03 01:04:42,102012.3378347448,1128.0000240325926,106081,106916,0.9921901305697931
2,2026-02-03 01:04:42,102012.3378347448,1130.0000244140624,106058,106164,0.9990015447797747
2,2026-02-03 01:04:42,102012.3378347448,1132.0000247955322,105676,106489,0.9923654086337556
2,2026-02-03 01:04:42,102012.3378347448,1134.0000251770018,106170,106733,0.9947251552940515
2,2026-02-03 01:04:42,102012.3378347448,1136.0000255584716,106329,107150,0.9923378441437237
2,2026-02-03 01:04:42,102012.3378347448,1138.0000259399412,105949,106846,0.9916047395316624
2,2026-02-03 01:04:42,102012.3378347448,1140.000026321411,105950,106837,0.9916976328425545
2,2026-02-03 01:04:42,102012.3378347448,1142.0000267028809,106134,106251,0.998898833893328
2,2026-02-03 01:04:42,102012.3378347448,1144.0000270843504,105969,106709,0.993065252228022
2,2026-02-03 01:04:42,102012.3378347448,1146.0000274658203,105899,106694,0.9925487843740042
2,2026-02-03 01:04:42,102012.3378347448,1148.0000278472899,106508,107262,0.9929704834890268
2,2026-02-03 01:04:42,102012.3378347448,1150.0000282287597,105828,106232,0.9961970027863544
2,2026-02-03 01:04:42,102012.3378347448,1152.0000286102295,106007,106391,0.9963906721433204
2,2026-02-03 01:04:42,102012.3378347448,1154.000028991699,106090,106796,0.9933892655155624
2,2026-02-03 01:04:42,102012.3378347448,1156.000029373169,106649,106600,1.0004596622889306
2,2026-02-03 01:04:42,102012.3378347448,1158.0000297546385,105574,106938,0.9872449456694533
2,2026-02-03 01:04:42,102012.3378347448,1160.0000301361083,105658,106638,0.9908100301956151
2,2026-02-03 01:04:42,102012.3378347448,1162.0000305175781,106088,106766,0.9936496637506322
2,2026-02-03 01:04:42,102012.3378347448,1164.0000308990477,106168,106673,0.9952659060868261
2,2026-02-03 01:04:42,102012.3378347448,1166.0000312805175,106474,106859,0.9963971214404028
2,2026-02-03 01:04:42,102012.3378347448,1168.0000316619871,106376,106662,0.9973186326901802
2,2026-02-03 01:04:42,102012.3378347448,1170.000032043457,105691,106481,0.9925808360176933
2,2026-02-03 01:04:42,102012.3378347448,1172.0000324249268,105448,106676,0.9884885072556151
2,2026-02-03 01:04:42,102012.3378347448,1174.0000328063963,106621,106522,1.000929385479056
2,2026-02-03 01:04:42,102012.3378347448,1176.0000331878662,106896,107017,0.9988693385163105
2,2026-02-03 01:04:42,102012.3378347448,1178.0000335693358,106024,106613,0.9944753454081585
2,2026-02-03 01:04:42,102012.3378347448,1180.0000339508056,106700,106527,1.0016240014268682
2,2026-02-03 01:04:42,102012.3378347448,1182.0000343322754,106397,106515,0.9988921748110595
2,2026-02-03 01:04:42,102012.3378347448,1184.000034713745,106574,107147,0.9946522067813378
2,2026-02-03 01:04:42,102012.3378347448,1186.0000350952148,106954,106900,1.0005051449953228
2,2026-02-03 01:04:42,102012.3378347448,1188.0000354766844,106022,107751,0.9839537452088611
2,2026-02-03 01:04:42,102012.3378347448,1190.0000358581542,105960,106754,0.9925623395844653
2,2026-02-03 01:04:42,102012.3378347448,1192.000036239624,106719,106483,1.0022163162194904
2,2026-02-03 01:04:42,102012.3378347448,1194.0000366210936,106395,106802,0.9961892099398888
2,2026-02-03 01:04:42,102012.3378347448,1196.0000370025634,106232,106643,0.9961460198981649
2,2026-02-03 01:04:42,102012.3378347448,1198.000037384033,106234,106775,0.9949332708967455
2,2026-02-03 01:04:42,102012.3378347448,1200.0000377655028,105963,106224,0.9975429281518301
2,2026-02-03 01:04:42,102012.3378347448,1202.0000381469727,106639,106618,1.0001969648652198
2,2026-02-03 01:04:42,102012.3378347448,1204.0000385284422,106209,106698,0.995416971264691
2,2026-02-03 01:04:42,102012.3378347448,1206.000038909912,105571,106255,0.9935626558750177
2,2026-02-03 01:04:42,102012.3378347448,1208.0000392913817,106009,106799,0.9926029269936985
2,2026-02-03 01:04:42,102012.3378347448,1210.0000396728515,105584,106161,0.9945648590348621
2,2026-02-03 01:04:42,102012.3378347448,1212.0000400543213,106054,106607,0.9948127233671334
2,2026-02-03 01:04:42,102012.3378347448,1214.0000404357909,106183,106705,0.9951080080596035
2,2026-02-03 01:04:42,102012.3378347448,1216.0000408172607,106888,106685,1.0019027979566013
2,2026-02-03 01:04:42,102012.3378347448,1218.0000411987303,106285,106524,0.9977563741504262
2,2026-02-03 01:04:42,102012.3378347448,1220.0000415802,105773,106344,0.994630632663808
2,2026-02-03 01:04:42,102012.3378347448,1222.00004196167,105874,106664,0.992593564839121
2,2026-02-03 01:04:42,102012.3378347448,1224.0000423431395,105933,106413,0.9954892729271799
2,2026-02-03 01:04:42,102012.3378347448,1226.0000427246093,106530,106213,1.0029845687439392
2,2026-02-03 01:04:42,102012.3378347448,1228.000043106079,106539,106867,0.996930764408096
2,2026-02-03 01:04:42,102012.3378347448,1230.0000434875487,106271,106389,0.9988908627771668
2,2026-02-03 01:04:42,102012.3378347448,1232.0000438690186,105634,106630,0.9906592891306386
2,2026-02-03 01:04:42,102012.3378347448,1234.0000442504881,106270,106581,0.9970820315065537
2,2026-02-03 01:04:42,102012.3378347448,1236.000044631958,106676,106940,0.9975313259771834
2,2026-02-03 01:04:42,102012.3378347448,1238.0000450134276,106310,107300,0.9907735321528425
2,2026-02-03 01:04:42,102012.3378347448,1240.0000453948974,106127,106943,0.9923697670721786
2,2026-02-03 01:04:42,102012.3378347448,1242.0000457763672,105909,106383,0.9955444008911198
2,2026-02-03 01:04:42,102012.3378347448,1244.0000461578368,106301,106746,0.995831225526015
2,2026-02-03 01:04:42,102012.3378347448,1246.0000465393066,106476,106837,0.9966210208073982
2,2026-02-03 01:04:42,102012.3378347448,1248.0000469207762,107322,107077,1.002288073068913
2,2026-02-03 01:04:42,102012.3378347448,1250.000047302246,106366,106642,0.9974119015022224
2,2026-02-03 01:04:42,102012.3378347448,1252.0000476837158,106235,106655,0.9960620692888285
2,2026-02-03 01:04:42,102012.3378347448,1254.0000480651854,106296,106276,1.0001881892431028
2,2026-02-03 01:04:42,102012.3378347448,1256.0000484466552,106253,106736,0.9954748163693599
2,2026-02-03 01:04:42,102012.3378347448,1258.0000488281248,106514,106621,0.9989964453531668
2,2026-02-03 01:04:42,102012.3378347448,1260.0000492095946,106304,106464,0.998497144574692
2,2026-02-03 01:04:42,102012.3378347448,1262.0000495910645,106023,106334,0.9970752534466869
2,2026-02-03 01:04:42,102012.3378347448,1264.000049972534,106588,107054,0.9956470566256281
2,2026-02-03 01:04:42,102012.3378347448,1266.0000503540039,106115,106890,0.992749555617925
2,2026-02-03 01:04:42,102012.3378347448,1268.0000507354735,106736,106718,1.0001686688281264
2,2026-02-03 01:04:42,102012.3378347448,1270.0000511169433,106179,106204,0.9997646039697187
2,2026-02-03 01:04:42,102012.3378347448,1272.000051498413,106022,107033,0.9905543150243383
2,2026-02-03 01:04:42,102012.3378347448,1274.0000518798827,105924,106893,0.9909348600937385
2,2026-02-03 01:04:42,102012.3378347448,1276.0000522613525,106599,107131,0.9950341171089601
2,2026-02-03 01:04:42,102012.3378347448,1278.000052642822,105810,107015,0.9887398962762229
2,2026-02-03 01:04:42,102012.3378347448,1280.000053024292,106916,105878,1.0098037363758288
2,2026-02-03 01:04:42,102012.3378347448,1282.0000534057617,106185,106105,1.0007539701239339
2,2026-02-03 01:04:42,102012.3378347448,1284.0000537872313,106155,106450,0.9972287458900893
2,2026-02-03 01:04:42,102012.3378347448,1286.0000541687011,106586,106544,1.000394203333834
2,2026-02-03 01:04:42,102012.3378347448,1288.0000545501707,106019,106441,0.9960353623133943
2,2026-02-03 01:04:42,102012.3378347448,1290.0000549316405,106560,106252,1.002898768964349
2,2026-02-03 01:04:42,102012.3378347448,1292.0000553131104,106109,106972,0.9919324683094641
2,2026-02-03 01:04:42,102012.3378347448,1294.00005569458,106322,107113,0.9926152754567606
2,2026-02-03 01:04:42,102012.3378347448,1296.0000560760498,106774,107064,0.9972913397593962
2,2026-02-03 01:04:42,102012.3378347448,1298.0000564575193,106285,106283,1.0000188176848603
2,2026-02-03 01:04:42,102012.3378347448,1300.0000568389892,106415,106536,0.9988642336862656
2,2026-02-03 01:04:42,102012.3378347448,1302.000057220459,106370,106805,0.9959271569683067
2,2026-02-03 01:04:42,102012.3378347448,1304.0000576019286,106346,106931,0.9945291823699395
2,2026-02-03 01:04:42,102012.3378347448,1306.0000579833984,106720,106883,0.998474967955615
2,2026-02-03 01:04:42,102012.3378347448,1308.000058364868,106865,107076,0.9980294370353767
2,2026-02-03 01:04:42,102012.3378347448,1310.0000587463378,106045,106184,0.9986909515557899
2,2026-02-03 01:04:42,102012.3378347448,1312.0000591278076,106043,106882,0.9921502217398627
2,2026-02-03 01:04:42,102012.3378347448,1314.0000595092772,106731,106699,1.000299909090057
2,2026-02-03 01:04:42,102012.3378347448,1316.000059890747,106433,106680,0.9976846644169479
2,2026-02-03 01:04:42,102012.3378347448,1318.0000602722166,106953,106677,1.0025872493602181
2,2026-02-03 01:04:42,102012.3378347448,1320.0000606536864,106980,106621,1.0033670665253562
2,2026-02-03 01:04:42,102012.3378347448,1322.0000610351562,106104,106811,0.9933808315622923
2,2026-02-03 01:04:42,102012.3378347448,1324.0000614166258,106480,107446,0.9910094372987361
2,2026-02-03 01:04:42,102012.3378347448,1326.0000617980957,106655,106968,0.9970738912571984
2,2026-02-03 01:04:42,102012.3378347448,1328.0000621795652,105847,106734,0.9916896209267899
2,2026-02-03 01:04:42,102012.3378347448,1330.000062561035,106174,106576,0.9962280438372617
2,2026-02-03 01:04:42,102012.3378347448,1332.0000629425049,106232,106919,0.993574575145671
2,2026-02-03 01:04:42,102012.3378347448,1334.0000633239745,106059,106080,0.999802036199095
2,2026-02-03 01:04:42,102012.3378347448,1336.0000637054443,106079,106574,0.995355339951583
2,2026-02-03 01:04:42,102012.3378347448,1338.0000640869139,106010,106311,0.9971686843318189
2,2026-02-03 01:04:42,102012.3378347448,1340.0000644683837,106391,106166,1.0021193225703144
2,2026-02-03 01:04:42,102012.3378347448,1342.0000648498535,106141,106532,0.9963297412983892
2,2026-02-03 01:04:42,102012.3378347448,1344.000065231323,106078,106702,0.9941519371708122
2,2026-02-03 01:04:42,102012.3378347448,1346.000065612793,106225,106860,0.9940576455174995
2,2026-02-03 01:04:42,102012.3378347448,1348.0000659942625,106172,106388,0.9979696958303568
2,2026-02-03 01:04:42,102012.3378347448,1350.0000663757323,106499,106469,1.0002817721590322
2,2026-02-03 01:04:42,102012.3378347448,1352.0000667572021,106099,105934,1.001557573583552
2,2026-02-03 01:04:42,102012.3378347448,1354.0000671386717,106016,106357,0.9967938170501236
2,2026-02-03 01:04:42,102012.3378347448,1356.0000675201416,106493,106490,1.0000281716593107
2,2026-02-03 01:04:42,102012.3378347448,1358.0000679016111,106297,106753,0.9957284572798891
2,2026-02-03 01:04:42,102012.3378347448,1360.000068283081,105889,107125,0.9884620770128355
2,2026-02-03 01:04:42,102012.3378347448,1362.0000686645508,105897,106909,0.9905340055561271
2,2026-02-03 01:04:42,102012.3378347448,1364.0000690460204,106075,106574,0.9953178073451311
2,2026-02-03 01:04:42,102012.3378347448,1366.0000694274902,106271,106514,0.9977186097602193
2,2026-02-03 01:04:42,102012.3378347448,1368.0000698089598,106126,107142,0.9905172574713931
2,2026-02-03 01:04:42,102012.3378347448,1370.0000701904296,106449,106456,0.99993424513414
2,2026-02-03 01:04:42,102012.3378347448,1372.0000705718994,106052,106665,0.994253035203675
2,2026-02-03 01:04:42,102012.3378347448,1374.000070953369,106115,106120,0.9999528835280814
2,2026-02-03 01:04:42,102012.3378347448,1376.0000713348388,106577,106673,0.9991000534343273
2,2026-02-03 01:04:42,102012.3378347448,1378.0000717163084,106268,106196,1.0006779916381032
2,2026-02-03 01:04:42,102012.3378347448,1380.0000720977782,106225,106325,0.9990594874206442
2,2026-02-03 01:04:42,102012.3378347448,1382.000072479248,106059,106867,0.992439200127261
2,2026-02-03 01:04:42,102012.3378347448,1384.0000728607176,106976,106903,1.0006828620338064
2,2026-02-03 01:04:42,102012.3378347448,1386.0000732421875,106108,106467,0.9966280631557196
2,2026-02-03 01:04:42,102012.3378347448,1388.000073623657,106361,106689,0.9969256436933517
2,2026-02-03 01:04:42,102012.3378347448,1390.0000740051269,106278,106938,0.9938281995174774
2,2026-02-03 01:04:42,102012.3378347448,1392.0000743865967,106362,106664,0.9971686792169804
2,2026-02-03 01:04:42,102012.3378347448,1394.0000747680663,106620,105822,1.0075409650167262
2,2026-02-03 01:04:42,102012.3378347448,1396.000075149536,106244,106444,0.9981210777498027
2,2026-02-03 01:04:42,102012.3378347448,1398.0000755310057,106214,106665,0.9957718089345146
2,2026-02-03 01:04:42,102012.3378347448,1400.0000759124755,106434,106633,0.9981337859761987
2,2026-02-03 01:04:42,102012.3378347448,1402.0000762939453,106005,106645,0.9939987810023911
2,2026-02-03 01:04:42,102012.3378347448,1404.000076675415,106392,106241,1.0014212968627931
2,2026-02-03 01:04:42,102012.3378347448,1406.0000770568847,106343,106615,0.9974487642451813
2,2026-02-03 01:04:42,102012.3378347448,1408.0000774383543,105374,106640,0.9881282820705176
2,2026-02-03 01:04:42,102012.3378347448,1410.0000778198241,105841,105974,0.998744975182592
2,2026-02-03 01:04:42,102012.3378347448,1412.000078201294,106088,106382,0.9972363745746461
2,2026-02-03 01:04:42,102012.3378347448,1414.0000785827635,106372,106670,0.9972063373019593
2,2026-02-03 01:04:42,102012.3378347448,1416.0000789642334,105240,106367,0.9894046085722076
2,2026-02-03 01:04:42,102012.3378347448,1418.000079345703,105486,106179,0.9934732856779589
2,2026-02-03 01:04:42,102012.3378347448,1420.0000797271728,106122,107051,0.991321893303192
2,2026-02-03 01:04:42,102012.3378347448,1422.0000801086426,105890,107844,0.9818812358592041
2,2026-02-03 01:04:42,102012.3378347448,1424.0000804901122,106811,106493,1.0029861117632144
2,2026-02-03 01:04:42,102012.3378347448,1426.000080871582,106011,106079,0.9993589683160663
2,2026-02-03 01:04:42,102012.3378347448,1428.0000812530516,105857,106810,0.9910776144555753
2,2026-02-03 01:04:42,102012.3378347448,1430.0000816345214,106031,106382,0.9967005696452408
2,2026-02-03 01:04:42,102012.3378347448,1432.0000820159912,106153,106314,0.9984856180747597
2,2026-02-03 01:04:42,102012.3378347448,1434.0000823974608,106050,106552,0.995288685336737
2,2026-02-03 01:04:42,102012.3378347448,1436.0000827789306,105865,105893,0.99973558214424
2,2026-02-03 01:04:42,102012.3378347448,1438.0000831604002,105749,107086,0.9875147078049418
2,2026-02-03 01:04:42,102012.3378347448,1440.00008354187,106572,106758,0.9982577418085764
2,2026-02-03 01:04:42,102012.3378347448,1442.0000839233398,106381,106149,1.0021856070240889
2,2026-02-03 01:04:42,102012.3378347448,1444.0000843048094,106482,106837,0.9966771811263888
2,2026-02-03 01:04:42,102012.3378347448,1446.0000846862793,105589,106541,0.9910644728320552
2,2026-02-03 01:04:42,102012.3378347448,1448.0000850677488,106047,106897,0.9920484204421078
2,2026-02-03 01:04:42,102012.3378347448,1450.0000854492187,106052,106662,0.994280999793741
2,2026-02-03 01:04:42,102012.3378347448,1452.0000858306885,106394,106517,0.9988452547480684
2,2026-02-03 01:04:42,102012.3378347448,1454.000086212158,106085,106682,0.9944039294351437
2,2026-02-03 01:04:42,102012.3378347448,1456.0000865936279,105633,105856,0.9978933645707376
2,2026-02-03 01:04:42,102012.3378347448,1458.0000869750975,106156,106936,0.9927059175581656
2,2026-02-03 01:04:42,102012.3378347448,1460.0000873565673,105765,106945,0.9889662910842022
2,2026-02-03 01:04:42,102012.3378347448,1462.000087738037,105920,106335,0.9960972398551747
2,2026-02-03 01:04:42,102012.3378347448,1464.0000881195067,106165,106887,0.9932452028778055
2,2026-02-03 01:04:42,102012.3378347448,1466.0000885009765,106144,106619,0.9955448841200911
2,2026-02-03 01:04:42,102012.3378347448,1468.000088882446,106393,106451,0.999455148378127
2,2026-02-03 01:04:42,102012.3378347448,1470.000089263916,105809,106494,0.9935677127349898
2,2026-02-03 01:04:42,102012.3378347448,1472.0000896453857,106170,106607,0.9959008320279156
2,2026-02-03 01:04:42,102012.3378347448,1474.0000900268553,106650,106227,1.003982038464797
2,2026-02-03 01:04:42,102012.3378347448,1476.0000904083251,106555,106535,1.000187731731356
2,2026-02-03 01:04:42,102012.3378347448,1478.0000907897947,105973,106409,0.9959026022234961
2,2026-02-03 01:04:42,102012.3378347448,1480.0000911712646,107035,106573,1.0043350567216838
2,2026-02-03 01:04:42,102012.3378347448,1482.0000915527344,106134,106226,0.9991339220153258
2,2026-02-03 01:04:42,102012.3378347448,1484.000091934204,105738,106714,0.9908540585115355
2,2026-02-03 01:04:42,102012.3378347448,1486.0000923156738,106251,107363,0.9896426143084676
2,2026-02-03 01:04:42,102012.3378347448,1488.0000926971434,105744,106474,0.9931438661081579
2,2026-02-03 01:04:42,102012.3378347448,1490.0000930786132,106379,106266,1.0010633692808613
2,2026-02-03 01:04:42,102012.3378347448,1492.000093460083,105900,106658,0.9928931725702713
2,2026-02-03 01:04:42,102012.3378347448,1494.0000938415526,106576,106352,1.0021062133293215
2,2026-02-03 01:04:42,102012.3378347448,1496.0000942230224,106218,106665,0.9958093095204612
2,2026-02-03 01:04:42,102012.3378347448,1498.000094604492,105872,106775,0.9915429641770077
2,2026-02-03 01:04:42,102012.3378347448,1500.0000949859618,106117,106705,0.9944894803430018
2,2026-02-03 01:04:42,102012.3378347448,1502.0000953674316,106311,106371,0.9994359364864484
2,2026-02-03 01:04:42,102012.3378347448,1504.0000957489012,106304,106449,0.9986378453531738
2,2026-02-03 01:04:42,102012.3378347448,1506.000096130371,105696,107219,0.9857954280491331
2,2026-02-03 01:04:42,102012.3378347448,1508.0000965118406,106121,106548,0.9959924165634269
2,2026-02-03 01:04:42,102012.3378347448,1510.0000968933105,106278,106631,0.9966895180576005
2,2026-02-03 01:04:42,102012.3378347448,1512.0000972747803,106800,106815,0.9998595702850723
2,2026-02-03 01:04:42,102012.3378347448,1514.0000976562499,107164,106070,1.0103139436221362
2,2026-02-03 01:04:42,102012.3378347448,1516.0000980377195,105768,106001,0.9978019075291743
2,2026-02-03 01:04:42,102012.3378347448,1518.0000984191893,106425,107108,0.9936232587668522
2,2026-02-03 01:04:42,102012.3378347448,1520.000098800659,105885,106871,0.9907739237024076
2,2026-02-03 01:04:42,102012.3378347448,1522.000099182129,106117,106942,0.9922855379551533
2,2026-02-03 01:04:42,102012.3378347448,1524.0000995635985,106173,105975,1.0018683651804672
2,2026-02-03 01:04:42,102012.3378347448,1526.000099945068,106430,106932,0.9953054277484756
2,2026-02-03 01:04:42,102012.3378347448,1528.000100326538,106096,106706,0.9942833580117332
2,2026-02-03 01:04:42,102012.3378347448,1530.0001007080077,106517,106931,0.9961283444464187
2,2026-02-03 01:04:42,102012.3378347448,1532.0001010894775,105688,106138,0.9957602366730106
2,2026-02-03 01:04:42,102012.3378347448,1534.0001014709471,105689,106580,0.9916400825670858
2,2026-02-03 01:04:42,102012.3378347448,1536.0001018524167,105426,106270,0.9920579655594242
2,2026-02-03 01:04:42,102012.3378347448,1538.0001022338865,106748,106430,1.0029878793573241
2,2026-02-03 01:04:42,102012.3378347448,1540.0001026153564,106382,106484,0.9990421096127118
2,2026-02-03 01:04:42,102012.3378347448,1542.0001029968262,106228,106921,0.9935185791378681
2,2026-02-03 01:04:42,102012.3378347448,1544.0001033782958,106150,106741,0.9944632334342005
2,2026-02-03 01:04:42,102012.3378347448,1546.0001037597654,106184,106081,1.0009709561561448
2,2026-02-03 01:04:42,102012.3378347448,1548.0001041412352,105920,106478,0.994759480831721
2,2026-02-03 01:04:42,102012.3378347448,1550.000104522705,106280,106337,0.9994639683271109
2,2026-02-03 01:04:42,102012.3378347448,1552.0001049041748,105993,106635,0.9939794626529751
2,2026-02-03 01:04:42,102012.3378347448,1554.0001052856444,106638,106623,1.0001406825919361
2,2026-02-03 01:04:42,102012.3378347448,1556.000105667114,106482,106919,0.9959127937971736
2,2026-02-03 01:04:42,102012.3378347448,1558.0001060485838,106317,106785,0.9956173619890434
2,2026-02-03 01:04:42,102012.3378347448,1560.0001064300536,106893,106243,1.0061180501303615
2,2026-02-03 01:04:42,102012.3378347448,1562.0001068115234,106285,106737,0.9957652922604158
2,2026-02-03 01:04:42,102012.3378347448,1564.000107192993,105687,105961,0.9974141429393834
2,2026-02-03 01:04:42,102012.3378347448,1566.0001075744626,105931,106232,0.9971665788086452
2,2026-02-03 01:04:42,102012.3378347448,1568.0001079559324,106640,106114,1.0049569331096746
2,2026-02-03 01:04:42,102012.3378347448,1570.0001083374023,106565,107095,0.9950511228348662
2,2026-02-03 01:04:42,102012.3378347448,1572.000108718872,106436,106659,0.9979092247255271
2,2026-02-03 01:04:42,102012.3378347448,1574.0001091003417,106021,106500,0.9955023474178404
2,2026-02-03 01:04:42,102012.3378347448,1576.0001094818113,105293,106754,0.986314330142196
2,2026-02-03 01:04:42,102012.3378347448,1578.000109863281,106547,106990,0.9958594261145901
2,2026-02-03 01:04:42,102012.3378347448,1580.0001102447509,106152,106497,0.9967604721259754
2,2026-02-03 01:04:42,102012.3378347448,1582.0001106262207,105578,106502,0.9913241065895476
2,2026-02-03 01:04:42,102012.3378347448,1584.0001110076903,106465,106513,0.9995493507834724
2,2026-02-03 01:04:42,102012.3378347448,1586.0001113891599,106115,105830,1.002692998204668
2,2026-02-03 01:04:42,102012.3378347448,1588.0001117706297,106020,106645,0.9941394345726475
2,2026-02-03 01:04:42,102012.3378347448,1590.0001121520995,106246,106798,0.9948313638832188
2,2026-02-03 01:04:42,102012.3378347448,1592.0001125335693,106118,106985,0.9918960601953545
2,2026-02-03 01:04:42,102012.3378347448,1594.000112915039,106299,107147,0.9920856393552783
2,2026-02-03 01:04:42,102012.3378347448,1596.0001132965085,106228,106634,0.9961925839788435
2,2026-02-03 01:04:42,102012.3378347448,1598.0001136779783,105835,106831,0.9906768634572362
2,2026-02-03 01:04:42,102012.3378347448,1600.0001140594482,106419,106796,0.9964699052398966
2,2026-02-03 01:04:42,102012.3378347448,1602.000114440918,106261,106580,0.9970069431413023
2,2026-02-03 01:04:42,102012.3378347448,1604.0001148223876,106151,106800,0.9939232209737827
2,2026-02-03 01:04:42,102012.3378347448,1606.0001152038571,106247,107181,0.9912857689329265
2,2026-02-03 01:04:42,102012.3378347448,1608.000115585327,105963,106694,0.9931486306633925
2,2026-02-03 01:04:42,102012.3378347448,1610.0001159667968,105639,106742,0.9896666729122557
2,2026-02-03 01:04:42,102012.3378347448,1612.0001163482666,105604,106638,0.990303644104353
2,2026-02-03 01:04:42,102012.3378347448,1614.0001167297362,106160,107165,0.9906219381327859
2,2026-02-03 01:04:42,102012.3378347448,1616.0001171112058,105974,106906,0.9912820608759096
2,2026-02-03 01:04:42,102012.3378347448,1618.0001174926756,105954,106938,0.99079840655333
2,2026-02-03 01:04:42,102012.3378347448,1620.0001178741454,106274,106599,0.9969511909117347
2,2026-02-03 01:04:42,102012.3378347448,1622.0001182556152,106091,106417,0.9969365796818177
2,2026-02-03 01:04:42,102012.3378347448,1624.0001186370848,106464,106475,0.9998966893637004
2,2026-02-03 01:04:42,102012.3378347448,1626.0001190185544,106191,106585,0.9963034198057888
2,2026-02-03 01:04:42,102012.3378347448,1628.0001194000242,106419,106811,0.9963299660147363
2,2026-02-03 01:04:42,102012.3378347448,1630.000119781494,106109,106348,0.9977526610749614
2,2026-02-03 01:04:42,102012.3378347448,1632.0001201629639,105773,106009,0.9977737739248554
2,2026-02-03 01:04:42,102012.3378347448,1634.0001205444335,106117,106494,0.9964598944541476
2,2026-02-03 01:04:42,102012.3378347448,1636.000120925903,106354,106123,1.0021767194670335
2,2026-02-03 01:04:42,102012.3378347448,1638.0001213073729,105903,106778,0.9918054280844368
2,2026-02-03 01:04:42,102012.3378347448,1640.0001216888427,106088,106033,1.0005187064404477
2,2026-02-03 01:04:42,102012.3378347448,1642.0001220703125,106128,106335,0.9980533220482437
2,2026-02-03 01:04:42,102012.3378347448,1644.000122451782,106163,106756,0.9944452770804452
2,2026-02-03 01:04:42,102012.3378347448,1646.0001228332517,106883,106432,1.0042374473842453
2,2026-02-03 01:04:42,102012.3378347448,1648.0001232147215,105996,106226,0.9978348050383146
2,2026-02-03 01:04:42,102012.3378347448,1650.0001235961913,106073,106513,0.9958690488484974
2,2026-02-03 01:04:42,102012.3378347448,1652.0001239776611,106232,107025,0.9925905162345247
2,2026-02-03 01:04:42,102012.3378347448,1654.0001243591307,106033,106068,0.9996700230041106
2,2026-02-03 01:04:42,102012.3378347448,1656.0001247406003,106487,106626,0.9986963779941103
2,2026-02-03 01:04:42,102012.3378347448,1658.0001251220701,106253,106439,0.9982525202228506
2,2026-02-03 01:04:42,102012.3378347448,1660.00012550354,106642,106345,1.0027927970285393
2,2026-02-03 01:04:42,102012.3378347448,1662.0001258850098,105890,107007,0.9895614305606175
2,2026-02-03 01:04:42,102012.3378347448,1664.0001262664794,105939,106832,0.9916410813239479
2,2026-02-03 01:04:42,102012.3378347448,1666.000126647949,106700,107169,0.9956237344754546
2,2026-02-03 01:04:42,102012.3378347448,1668.0001270294188,106283,106345,0.9994169918660962
2,2026-02-03 01:04:42,102012.3378347448,1670.0001274108886,106405,106586,0.9983018407670801
2,2026-02-03 01:04:42,102012.3378347448,1672.0001277923584,105902,106454,0.9948146617318279
2,2026-02-03 01:04:42,102012.3378347448,1674.000128173828,105765,106920,0.9891975308641975
2,2026-02-03 01:04:42,102012.3378347448,1676.0001285552976,106011,106319,0.9971030577789483
2,2026-02-03 01:04:42,102012.3378347448,1678.0001289367674,106104,107094,0.9907557846377948
2,2026-02-03 01:04:42,102012.3378347448,1680.0001293182372,106185,106696,0.9952106920596836
2,2026-02-03 01:04:42,102012.3378347448,1682.000129699707,106676,106569,1.0010040443280879
2,2026-02-03 01:04:42,102012.3378347448,1684.0001300811766,105860,106479,0.9941866471322984
2,2026-02-03 01:04:42,102012.3378347448,1686.0001304626462,106368,106438,0.9993423401416788
2,2026-02-03 01:04:42,102012.3378347448,1688.000130844116,106578,106867,0.9972957040059139
2,2026-02-03 01:04:42,102012.3378347448,1690.0001312255858,106442,107191,0.993012473062104
2,2026-02-03 01:04:42,102012.3378347448,1692.0001316070557,106327,106671,0.9967751310103027
2,2026-02-03 01:04:42,102012.3378347448,1694.0001319885253,105690,106640,0.9910915228807202
2,2026-02-03 01:04:42,102012.3378347448,1696.0001323699948,106987,106593,1.003696302759093
2,2026-02-03 01:04:42,102012.3378347448,1698.0001327514647,106795,106733,1.0005808887598024
2,2026-02-03 01:04:42,102012.3378347448,1700.0001331329345,106188,106420,0.9978199586543883
2,2026-02-03 01:04:42,102012.3378347448,1702.0001335144043,106174,106735,0.9947439921300417
2,2026-02-03 01:04:42,102012.3378347448,1704.000133895874,106275,106714,0.9958862004985288
2,2026-02-03 01:04:42,102012.3378347448,1706.0001342773435,105867,106696,0.9922302616780385
2,2026-02-03 01:04:42,102012.3378347448,1708.0001346588133,106244,106730,0.9954464536681346
2,2026-02-03 01:04:42,102012.3378347448,1710.000135040283,106130,106829,0.993456832882457
2,2026-02-03 01:04:42,102012.3378347448,1712.000135421753,106055,106299,0.9977045880017686
2,2026-02-03 01:04:42,102012.3378347448,1714.0001358032225,105908,106833,0.9913416266509412
2,2026-02-03 01:04:42,102012.3378347448,1716.000136184692,106533,106496,1.0003474308894231
2,2026-02-03 01:04:42,102012.3378347448,1718.000136566162,106422,106324,1.0009217109965765
2,2026-02-03 01:04:42,102012.3378347448,1720.0001369476317,106636,106346,1.0027269478870855
2,2026-02-03 01:04:42,102012.3378347448,1722.0001373291016,106730,106533,1.0018491922690622
2,2026-02-03 01:04:42,102012.3378347448,1724.0001377105712,106206,106758,0.9948294273028719
2,2026-02-03 01:04:42,102012.3378347448,1726.0001380920407,106353,106351,1.0000188056529793
2,2026-02-03 01:04:42,102012.3378347448,1728.0001384735106,106004,106205,0.9981074337366413
2,2026-02-03 01:04:42,102012.3378347448,1730.0001388549804,106374,106410,0.9996616859317733
2,2026-02-03 01:04:42,102012.3378347448,1732.0001392364502,106602,106715,0.9989411048118821
2,2026-02-03 01:04:42,102012.3378347448,1734.0001396179198,106483,107433,0.9911572794206622
2,2026-02-03 01:04:42,102012.3378347448,1736.0001399993894,106650,106234,1.0039158838036786
2,2026-02-03 01:04:42,102012.3378347448,1738.0001403808592,106207,106613,0.9961918340164896
2,2026-02-03 01:04:42,102012.3378347448,1740.000140762329,105862,106294,0.9959358007037086
2,2026-02-03 01:04:42,102012.3378347448,1742.0001411437988,106021,105907,1.0010764161009187
2,2026-02-03 01:04:42,102012.3378347448,1744.0001415252684,106055,106299,0.9977045880017686
2,2026-02-03 01:04:42,102012.3378347448,1746.000141906738,106265,106572,0.9971193183950756
2,2026-02-03 01:04:42,102012.3378347448,1748.0001422882078,106001,106899,0.9915995472361762
2,2026-02-03 01:04:42,102012.3378347448,1750.0001426696776,106537,106429,1.0010147610143851
2,2026-02-03 01:04:42,102012.3378347448,1752.0001430511475,106120,106686,0.9946947115835255
2,2026-02-03 01:04:42,102012.3378347448,1754.000143432617,106209,105947,1.0024729345804977
2,2026-02-03 01:04:42,102012.3378347448,1756.0001438140866,106418,107015,0.9944213428024109
2,2026-02-03 01:04:42,102012.3378347448,1758.0001441955565,106147,105982,1.0015568681474212
2,2026-02-03 01:04:42,102012.3378347448,1760.0001445770263,105965,106790,0.9922745575428411
2,2026-02-03 01:04:42,102012.3378347448,1762.000144958496,105664,106720,0.9901049475262369
2,2026-02-03 01:04:42,102012.3378347448,1764.0001453399657,105962,106425,0.9956495184402161
2,2026-02-03 01:04:42,102012.3378347448,1766.0001457214353,106606,106604,1.0000187610221005
2,2026-02-03 01:04:42,102012.3378347448,1768.000146102905,106822,107030,0.9980566196393534
2,2026-02-03 01:04:42,102012.3378347448,1770.000146484375,105971,106519,0.9948553779137994
2,2026-02-03 01:04:42,102012.3378347448,1772.0001468658447,106308,106648,0.9968119420898657
2,2026-02-03 01:04:42,102012.3378347448,1774.0001472473143,105490,106417,0.9912889857823468
2,2026-02-03 01:04:42,102012.3378347448,1776.000147628784,105957,106458,0.9952939187285127
2,2026-02-03 01:04:42,102012.3378347448,1778.0001480102537,105913,106533,0.9941802070719871
2,2026-02-03 01:04:42,102012.3378347448,1780.0001483917235,105894,106678,0.9926507808545342
2,2026-02-03 01:04:42,102012.3378347448,1782.0001487731934,106329,106239,1.0008471465281112
2,2026-02-03 01:04:42,102012.3378347448,1784.000149154663,105759,106348,0.9944615789671644
2,2026-02-03 01:04:42,102012.3378347448,1786.0001495361325,105997,106420,0.9960251832362338
2,2026-02-03 01:04:42,102012.3378347448,1788.0001499176024,106351,106184,1.0015727416559934
2,2026-02-03 01:04:42,102012.3378347448,1790.0001502990722,106124,106363,0.9977529780092701
2,2026-02-03 01:04:42,102012.3378347448,1792.000150680542,105765,107026,0.9882178162315699
2,2026-02-03 01:04:42,102012.3378347448,1794.0001510620116,106567,106751,0.9982763627507002
2,2026-02-03 01:04:42,102012.3378347448,1796.0001514434812,106317,106602,0.9973265041931672
2,2026-02-03 01:04:42,102012.3378347448,1798.000151824951,106196,106826,0.9941025593020426
2,2026-02-03 01:04:42,102012.3378347448,1800.0001522064208,106373,106670,0.9972157120089997
2,2026-02-03 01:04:42,102012.3378347448,1802.0001525878906,105879,106172,0.9972403270165392
2,2026-02-03 01:04:42,102012.3378347448,1804.0001529693602,106752,106892,0.998690266811361
2,2026-02-03 01:04:42,102012.3378347448,1806.0001533508298,106224,107087,0.9919411319768039
2,2026-02-03 01:04:42,102012.3378347448,1808.0001537322996,106534,106515,1.0001783786321174
2,2026-02-03 01:04:42,102012.3378347448,1810.0001541137694,105870,106080,0.9980203619909502
2,2026-02-03 01:04:42,102012.3378347448,1812.0001544952393,106063,106772,0.9933596823137152
2,2026-02-03 01:04:42,102012.3378347448,1814.0001548767088,105675,106426,0.9929434536673369
2,2026-02-03 01:04:42,102012.3378347448,1816.0001552581784,105881,106478,0.9943932079866263
2,2026-02-03 01:04:42,102012.3378347448,1818.0001556396483,106536,106284,1.0023710059839674
2,2026-02-03 01:04:42,102012.3378347448,1820.000156021118,105610,106373,0.9928271271845299
2,2026-02-03 01:04:42,102012.3378347448,1822.000156402588,105741,106081,0.9967949020088424
2,2026-02-03 01:04:42,102012.3378347448,1824.0001567840575,105803,107262,0.9863977923216051
2,2026-02-03 01:04:42,102012.3378347448,1826.000157165527,106209,107149,0.9912271696422739
2,2026-02-03 01:04:42,102012.3378347448,1828.000157546997,106591,106649,0.9994561599264878
2,2026-02-03 01:04:42,102012.3378347448,1830.0001579284667,106674,106011,1.0062540679740781
2,2026-02-03 01:04:42,102012.3378347448,1832.0001583099365,106021,106834,0.9923900630885298
2,2026-02-03 01:04:42,102012.3378347448,1834.000158691406,106504,106655,0.9985842201490788
2,2026-02-03 01:04:42,102012.3378347448,1836.0001590728757,105748,106403,0.9938441585293648
2,2026-02-03 01:04:42,102012.3378347448,1838.0001594543455,106216,106697,0.9954919069889501
2,2026-02-03 01:04:42,102012.3378347448,1840.0001598358153,106473,106285,1.0017688290915934
2,2026-02-03 01:04:42,102012.3378347448,1842.0001602172852,106301,106488,0.9982439335887612
2,2026-02-03 01:04:42,102012.3378347448,1844.0001605987547,105404,106643,0.9883817972112563
2,2026-02-03 01:04:42,102012.3378347448,1846.0001609802243,106019,106784,0.9928360053940666
2,2026-02-03 01:04:42,102012.3378347448,1848.0001613616942,106112,106345,0.9978090178193615
2,2026-02-03 01:04:42,102012.3378347448,1850.000161743164,106863,106368,1.004653655234657
2,2026-02-03 01:04:42,102012.3378347448,1852.0001621246338,105994,106441,0.995800490412529
2,2026-02-03 01:04:42,102012.3378347448,1854.0001625061034,106136,106719,0.9945370552572644
2,2026-02-03 01:04:42,102012.3378347448,1856.000162887573,106150,106760,0.9942862495316598
2,2026-02-03 01:04:42,102012.3378347448,1858.0001632690428,105309,106294,0.990733249289706
2,2026-02-03 01:04:42,102012.3378347448,1860.0001636505126,105812,106463,0.9938851995528963
2,2026-02-03 01:04:42,102012.3378347448,1862.0001640319824,106259,106249,1.0000941185328802
2,2026-02-03 01:04:42,102012.3378347448,1864.000164413452,105742,106564,0.9922863255883788
2,2026-02-03 01:04:42,102012.3378347448,1866.0001647949216,106440,106373,1.0006298590807818
2,2026-02-03 01:04:42,102012.3378347448,1868.0001651763914,106451,106727,0.9974139627273324
2,2026-02-03 01:04:42,102012.3378347448,1870.0001655578612,106686,106717,0.9997095120739901
2,2026-02-03 01:04:42,102012.3378347448,1872.000165939331,106351,107169,0.9923671957375734
2,2026-02-03 01:04:42,102012.3378347448,1874.0001663208006,106847,106522,1.0030510129362948
2,2026-02-03 01:04:42,102012.3378347448,1876.0001667022702,106416,106495,0.9992581811352645
2,2026-02-03 01:04:42,102012.3378347448,1878.00016708374,105997,106259,0.9975343265041079
2,2026-02-03 01:04:42,102012.3378347448,1880.0001674652099,106113,106716,0.9943494883616327
2,2026-02-03 01:04:42,102012.3378347448,1882.0001678466797,106278,106928,0.993921143199162
2,2026-02-03 01:04:42,102012.3378347448,1884.0001682281493,106102,106792,0.9935388418608135
2,2026-02-03 01:04:42,102012.3378347448,1886.0001686096189,105491,106529,0.9902561743750528
2,2026-02-03 01:04:42,102012.3378347448,1888.0001689910887,106570,106595,0.9997654674234251
2,2026-02-03 01:04:42,102012.3378347448,1890.0001693725585,106227,106415,0.9982333317671381
2,2026-02-03 01:04:42,102012.3378347448,1892.0001697540283,106262,106422,0.9984965514649227
2,2026-02-03 01:04:42,102012.3378347448,1894.000170135498,106396,106710,0.9970574454128011
2,2026-02-03 01:04:42,102012.3378347448,1896.0001705169675,105884,106191,0.9971089828704881
2,2026-02-03 01:04:42,102012.3378347448,1898.0001708984373,105699,106440,0.9930383314543405
2,2026-02-03 01:04:42,102012.3378347448,1900.0001712799071,106972,106482,1.004601716722075
2,2026-02-03 01:04:42,102012.3378347448,1902.000171661377,106282,107045,0.992872156569667
2,2026-02-03 01:04:42,102012.3378347448,1904.0001720428465,106397,106647,0.9976558177914053
2,2026-02-03 01:04:42,102012.3378347448,1906.0001724243161,106048,106947,0.9915939671052016
2,2026-02-03 01:04:42,102012.3378347448,1908.000172805786,105745,106640,0.9916072768192048
2,2026-02-03 01:04:42,102012.3378347448,1910.0001731872558,106768,106749,1.000177987615809
2,2026-02-03 01:04:42,102012.3378347448,1912.0001735687256,106272,106567,0.9972317884523352
2,2026-02-03 01:04:42,102012.3378347448,1914.0001739501952,106452,106516,0.9993991513012129
2,2026-02-03 01:04:42,102012.3378347448,1916.0001743316648,105971,106292,0.9969800173108042
2,2026-02-03 01:04:42,102012.3378347448,1918.0001747131346,106133,106392,0.9975656064365742
2,2026-02-03 01:04:42,102012.3378347448,1920.0001750946044,106262,106682,0.996063065934272
2,2026-02-03 01:04:42,102012.3378347448,1922.0001754760742,106071,106014,1.0005376648367197
2,2026-02-03 01:04:42,102012.3378347448,1924.0001758575438,106183,106434,0.9976417310258
2,2026-02-03 01:04:42,102012.3378347448,1926.0001762390134,106562,106170,1.0036921917679194
2,2026-02-03 01:04:42,102012.3378347448,1928.0001766204832,106192,107302,0.9896553652308437
2,2026-02-03 01:04:42,102012.3378347448,1930.000177001953,106151,106744,0.9944446526268456
2,2026-02-03 01:04:42,102012.3378347448,1932.0001773834229,106581,106845,0.9975291309841359
2,2026-02-03 01:04:42,102012.3378347448,1934.0001777648924,106079,106446,0.9965522424515717
2,2026-02-03 01:04:42,102012.3378347448,1936.000178146362,105416,106386,0.990882258943846
2,2026-02-03 01:04:42,102012.3378347448,1938.0001785278318,106113,107347,0.9885045692939719
2,2026-02-03 01:04:42,102012.3378347448,1940.0001789093017,106111,106152,0.9996137613987489
2,2026-02-03 01:04:42,102012.3378347448,1942.0001792907715,106416,106476,0.9994364927307562
2,2026-02-03 01:04:42,102012.3378347448,1944.000179672241,106415,106504,0.999164350634718
2,2026-02-03 01:04:42,102012.3378347448,1946.0001800537107,106408,106168,1.0022605681561298
2,2026-02-03 01:04:42,102012.3378347448,1948.0001804351805,106386,106620,0.9978052898142937
2,2026-02-03 01:04:42,102012.3378347448,1950.0001808166503,105688,106666,0.9908311926949543
2,2026-02-03 01:04:42,102012.3378347448,1952.0001811981201,106816,106069,1.0070425854868057
2,2026-02-03 01:04:42,102012.3378347448,1954.0001815795897,106330,106629,0.9971958847968189
2,2026-02-03 01:04:42,102012.3378347448,1956.0001819610593,106196,106876,0.9936374864328755
2,2026-02-03 01:04:42,102012.3378347448,1958.0001823425291,106266,105914,1.0033234511018374
2,2026-02-03 01:04:42,102012.3378347448,1960.000182723999,105955,107447,0.9861140841531173
2,2026-02-03 01:04:42,102012.3378347448,1962.0001831054688,105415,106912,0.9859978299910207
2,2026-02-03 01:04:42,102012.3378347448,1964.0001834869383,105871,106731,0.9919423597642671
2,2026-02-03 01:04:42,102012.3378347448,1966.000183868408,106650,106967,0.9970364691914329
2,2026-02-03 01:04:42,102012.3378347448,1968.0001842498777,106297,106067,1.0021684407025748
2,2026-02-03 01:04:42,102012.3378347448,1970.0001846313476,106024,106901,0.991796147837719
2,2026-02-03 01:04:42,102012.3378347448,1972.0001850128174,105748,106286,0.9949381856500386
2,2026-02-03 01:04:42,102012.3378347448,1974.000185394287,106222,106845,0.994169123496654
2,2026-02-03 01:04:42,102012.3378347448,1976.0001857757566,106187,106347,0.9984954911751154
2,2026-02-03 01:04:42,102012.3378347448,1978.0001861572264,106514,106911,0.9962866309360122
2,2026-02-03 01:04:42,102012.3378347448,1980.0001865386962,106535,106547,0.9998873736473106
2,2026-02-03 01:04:42,102012.3378347448,1982.000186920166,106124,106741,0.9942196531791907
2,2026-02-03 01:04:42,102012.3378347448,1984.0001873016356,105877,106312,0.9959082699977425
2,2026-02-03 01:04:42,102012.3378347448,1986.0001876831052,105921,106346,0.9960036108551332
2,2026-02-03 01:04:42,102012.3378347448,1988.000188064575,106233,106648,0.9961086940214537
2,2026-02-03 01:04:42,102012.3378347448,1990.0001884460448,106552,105719,1.0078793783520466
2,2026-02-03 01:04:42,102012.3378347448,1992.0001888275146,105813,106402,0.9944643897671096
2,2026-02-03 01:04:42,102012.3378347448,1994.0001892089842,105645,106093,0.9957772897363634
2,2026-02-03 01:04:42,102012.3378347448,1996.0001895904538,106159,106925,0.9928361000701427
2,2026-02-03 01:04:42,102012.3378347448,1998.0001899719236,105916,105964,0.9995470159676871
2,2026-02-03 01:04:42,102012.3378347448,2000.0001903533935,106586,106513,1.0006853623501357
2,2026-02-03 01:04:42,102012.3378347448,2002.0001907348633,106031,107088,0.9901296130285373
2,2026-02-03 01:04:42,102012.3378347448,2004.0001911163329,106466,106679,0.9980033558619784
2,2026-02-03 01:04:42,102012.3378347448,2006.0001914978025,105827,106742,0.991427929025126
2,2026-02-03 01:04:42,102012.3378347448,2008.0001918792723,105964,106543,0.994565574462893
2,2026-02-03 01:04:42,102012.3378347448,2010.000192260742,106584,106835,0.9976505826742172
2,2026-02-03 01:04:42,102012.3378347448,2012.000192642212,106294,106507,0.9980001314467594
2,2026-02-03 01:04:42,102012.3378347448,2014.0001930236815,106069,107012,0.9911879041602811
2,2026-02-03 01:04:42,102012.3378347448,2016.000193405151,106802,106908,0.999008493283945
2,2026-02-03 01:04:42,102012.3378347448,2018.000193786621,105840,106604,0.9928332895576151
2,2026-02-03 01:04:42,102012.3378347448,2020.0001941680907,106432,106416,1.0001503533303262
2,2026-02-03 01:04:42,102012.3378347448,2022.0001945495605,105835,106529,0.993485342019544
2,2026-02-03 01:04:42,102012.3378347448,2024.0001949310301,106168,106225,0.9994634031536832
2,2026-02-03 01:04:42,102012.3378347448,2026.0001953125,106238,106946,0.9933798365530268
2,2026-02-03 01:04:42,102012.3378347448,2028.0001956939695,105873,106400,0.995046992481203
2,2026-02-03 01:04:42,102012.3378347448,2030.0001960754394,106179,106704,0.9950798470535313
2,2026-02-03 01:04:42,102012.3378347448,2032.000196456909,106388,106506,0.9988920811973034
2,2026-02-03 01:04:42,102012.3378347448,2034.0001968383788,106071,106284,0.9979959354183132
2,2026-02-03 01:04:42,102012.3378347448,2036.0001972198486,105674,106620,0.9911273682235978
2,2026-02-03 01:04:42,102012.3378347448,2038.0001976013182,106492,106713,0.997929024579948
2,2026-02-03 01:04:42,102012.3378347448,2040.000197982788,105718,105826,0.9989794568442538
2,2026-02-03 01:04:42,102012.3378347448,2042.0001983642576,106120,107008,0.9917015550239234
2,2026-02-03 01:04:42,102012.3378347448,2044.0001987457274,105529,105962,0.9959136294143184
2,2026-02-03 01:04:42,102012.3378347448,2046.0001991271972,106479,106640,0.9984902475618904
2,2026-02-03 01:04:42,102012.3378347448,2048.000199508667,106469,106361,1.0010154097836612
2,2026-02-03 01:04:42,102012.3378347448,2050.0001998901366,106063,106182,0.9988792827409542
2,2026-02-03 01:04:42,102012.3378347448,2052.0002002716064,106633,106026,1.0057250108463962
2,2026-02-03 01:04:42,102012.3378347448,2054.000200653076,105728,106125,0.9962591283863369
2,2026-02-03 01:04:42,102012.3378347448,2056.000201034546,106813,106603,1.0019699257994616
2,2026-02-03 01:04:42,102012.3378347448,2058.0002014160154,106053,105818,1.0022207941938044
2,2026-02-03 01:04:42,102012.3378347448,2060.0002017974853,105812,106075,0.9975206222012727
2,2026-02-03 01:04:42,102012.3378347448,2062.000202178955,106102,106283,0.998296999520149
2,2026-02-03 01:04:42,102012.3378347448,2064.0002025604244,105980,106836,0.9919877194953012
2,2026-02-03 01:04:42,102012.3378347448,2066.0002029418947,106333,106852,0.9951428143600494
2,2026-02-03 01:04:42,102012.3378347448,2068.000203323364,106095,106681,0.9945069881234709
2,2026-02-03 01:04:42,102012.3378347448,2070.000203704834,105396,106914,0.985801672372187
2,2026-02-03 01:04:42,102012.3378347448,2072.0002040863037,106071,106093,0.9997926347638393
2,2026-02-03 01:04:42,102012.3378347448,2074.000204467773,106250,107046,0.9925639444724698
2,2026-02-03 01:04:42,102012.3378347448,2076.0002048492433,106226,107563,0.9875700752117363
2,2026-02-03 01:04:42,102012.3378347448,2078.0002052307127,106612,106619,0.9999343456607171
2,2026-02-03 01:04:42,102012.3378347448,2080.0002056121825,106234,106353,0.9988810846896655
2,2026-02-03 01:04:42,102012.3378347448,2082.0002059936523,106957,105830,1.0106491543040725
2,2026-02-03 01:04:42,102012.3378347448,2084.0002063751217,106499,106552,0.9995025902845559
2,2026-02-03 01:04:42,102012.3378347448,2086.000206756592,106462,107045,0.9945536923723668
2,2026-02-03 01:04:42,102012.3378347448,2088.0002071380613,106299,106953,0.9938851645115144
2,2026-02-03 01:04:42,102012.3378347448,2090.000207519531,106016,106360,0.9967657013915006
2,2026-02-03 01:04:42,102012.3378347448,2092.000207901001,106360,106263,1.0009128294890979
2,2026-02-03 01:04:42,102012.3378347448,2094.0002082824703,105759,106416,0.9938261163734776
2,2026-02-03 01:04:42,102012.3378347448,2096.0002086639406,106422,106721,0.9971983021148603
2,2026-02-03 01:04:42,102012.3378347448,2098.00020904541,105899,106484,0.9945062168964351
2,2026-02-03 01:04:42,102012.3378347448,2100.00020942688,105580,106617,0.9902735961432042
2,2026-02-03 01:04:42,102012.3378347448,2102.0002098083496,105799,106825,0.990395506669787
2,2026-02-03 01:04:42,102012.3378347448,2104.000210189819,105608,106207,0.9943600704285028
2,2026-02-03 01:04:42,102012.3378347448,2106.0002105712892,106190,106515,0.9969487865558841
2,2026-02-03 01:04:42,102012.3378347448,2108.0002109527586,105992,106524,0.9950058202846307
2,2026-02-03 01:04:42,102012.3378347448,2110.0002113342284,106635,106092,1.005118199298722
2,2026-02-03 01:04:42,102012.3378347448,2112.0002117156982,105565,106503,0.9911927363548445
2,2026-02-03 01:04:42,102012.3378347448,2114.0002120971676,106541,105991,1.005189119830929
2,2026-02-03 01:04:42,102012.3378347448,2116.000212478638,106478,106829,0.996714375310075
2,2026-02-03 01:04:42,102012.3378347448,2118.0002128601072,106303,106578,0.9974197301506877
2,2026-02-03 01:04:42,102012.3378347448,2120.000213241577,106469,107338,0.9919040787046526
2,2026-02-03 01:04:42,102012.3378347448,2122.000213623047,106306,106264,1.0003952420386961
2,2026-02-03 01:04:42,102012.3378347448,2124.0002140045162,106229,106823,0.9944393997547345
2,2026-02-03 01:04:42,102012.3378347448,2126.0002143859865,106329,107222,0.9916714853295032
2,2026-02-03 01:04:42,102012.3378347448,2128.000214767456,105995,106752,0.9929087979616307
2,2026-02-03 01:04:42,102012.3378347448,2130.0002151489257,105802,106325,0.9950811192099694
2,2026-02-03 01:04:42,102012.3378347448,2132.0002155303955,105763,106722,0.9910140364685819
2,2026-02-03 01:04:42,102012.3378347448,2134.000215911865,106207,107052,0.992106639763853
2,2026-02-03 01:04:42,102012.3378347448,2136.000216293335,106012,106963,0.9911090751007358
2,2026-02-03 01:04:42,102012.3378347448,2138.0002166748045,105628,106945,0.9876852587778765
2,2026-02-03 01:04:42,102012.3378347448,2140.0002170562743,105709,106719,0.9905358933273363
2,2026-02-03 01:04:42,102012.3378347448,2142.000217437744,105598,106339,0.9930317193127639
2,2026-02-03 01:04:42,102012.3378347448,2144.0002178192135,106354,107086,0.993164372560372
2,2026-02-03 01:04:42,102012.3378347448,2146.000218200684,106023,106690,0.9937482425719374
2,2026-02-03 01:04:42,102012.3378347448,2148.000218582153,106387,106629,0.9977304485646494
2,2026-02-03 01:04:42,102012.3378347448,2150.000218963623,105150,106943,0.983234059265216
2,2026-02-03 01:04:42,102012.3378347448,2152.000219345093,106086,106583,0.9953369674338309
2,2026-02-03 01:04:42,102012.3378347448,2154.000219726562,106311,106552,0.9977381935580749
2,2026-02-03 01:04:42,102012.3378347448,2156.0002201080324,106135,107357,0.9886174166565758
2,2026-02-03 01:04:42,102012.3378347448,2158.0002204895018,105695,107007,0.9877391198706627
2,2026-02-03 01:04:42,102012.3378347448,2160.0002208709716,105860,106764,0.9915327263871717
2,2026-02-03 01:04:42,102012.3378347448,2162.0002212524414,106062,106633,0.9946451848864798
2,2026-02-03 01:04:42,102012.3378347448,2164.0002216339108,105982,107079,0.9897552274488929
2,2026-02-03 01:04:42,102012.3378347448,2166.000222015381,106417,106702,0.9973290097655152
2,2026-02-03 01:04:42,102012.3378347448,2168.0002223968504,105941,106773,0.9922077678813932
2,2026-02-03 01:04:42,102012.3378347448,2170.00022277832,106651,106708,0.9994658319901039
2,2026-02-03 01:04:42,102012.3378347448,2172.00022315979,105988,106588,0.9943708485007693
2,2026-02-03 01:04:42,102012.3378347448,2174.0002235412594,106445,106398,1.000441737626647
2,2026-02-03 01:04:42,102012.3378347448,2176.0002239227297,106661,106775,0.9989323343479278
2,2026-02-03 01:04:42,102012.3378347448,2178.000224304199,106039,106105,0.9993779746477546
2,2026-02-03 01:04:42,102012.3378347448,2180.000224685669,106416,107325,0.9915303983228512
2,2026-02-03 01:04:42,102012.3378347448,2182.0002250671387,106103,107132,0.9903950266960385
2,2026-02-03 01:04:42,102012.3378347448,2184.000225448608,106469,106730,0.9975545769699241
2,2026-02-03 01:04:42,102012.3378347448,2186.0002258300783,105807,106461,0.9938569053456195
2,2026-02-03 01:04:42,102012.3378347448,2188.0002262115477,105995,106677,0.9936068693345332
2,2026-02-03 01:04:42,102012.3378347448,2190.0002265930175,105963,106889,0.9913368073421961
2,2026-02-03 01:04:42,102012.3378347448,2192.0002269744873,106163,106490,0.99692928913513
2,2026-02-03 01:04:42,102012.3378347448,2194.0002273559567,106538,106631,0.9991278333692829
2,2026-02-03 01:04:42,102012.3378347448,2196.000227737427,105992,106735,0.9930388344966505
2,2026-02-03 01:04:42,102012.3378347448,2198.0002281188963,106556,106564,0.9999249277429526
2,2026-02-03 01:04:42,102012.3378347448,2200.000228500366,106540,106220,1.0030126153266805
2,2026-02-03 01:04:42,102012.3378347448,2202.000228881836,106597,106298,1.0028128469021054
2,2026-02-03 01:04:42,102012.3378347448,2204.0002292633053,105952,106829,0.9917906186522386
2,2026-02-03 01:04:42,102012.3378347448,2206.0002296447756,106040,106891,0.9920386187798785
2,2026-02-03 01:04:42,102012.3378347448,2208.000230026245,106103,106785,0.9936133352062556
2,2026-02-03 01:04:42,102012.3378347448,2210.0002304077148,105882,106254,0.9964989553334462
2,2026-02-03 01:04:42,102012.3378347448,2212.0002307891846,106409,106481,0.9993238230294607
2,2026-02-03 01:04:42,102012.3378347448,2214.000231170654,105465,106126,0.9937715545672126
2,2026-02-03 01:04:42,102012.3378347448,2216.000231552124,106213,106654,0.9958651339846607
2,2026-02-03 01:04:42,102012.3378347448,2218.0002319335936,105883,106002,0.9988773796720817
2,2026-02-03 01:04:42,102012.3378347448,2220.0002323150634,106050,106781,0.9931542128281249
2,2026-02-03 01:04:42,102012.3378347448,2222.000232696533,106230,106286,0.9994731196959148
2,2026-02-03 01:04:42,102012.3378347448,2224.0002330780026,105645,106648,0.9905952291651039
2,2026-02-03 01:04:42,102012.3378347448,2226.000233459473,106356,106253,1.0009693843938523
2,2026-02-03 01:04:42,102012.3378347448,2228.000233840942,106126,106257,0.998767140047244
2,2026-02-03 01:04:42,102012.3378347448,2230.000234222412,106086,106673,0.9944972017286473
2,2026-02-03 01:04:42,102012.3378347448,2232.000234603882,106287,106782,0.9953643872562792
2,2026-02-03 01:04:42,102012.3378347448,2234.000234985351,105593,106521,0.9912881028154072
2,2026-02-03 01:04:42,102012.3378347448,2236.0002353668215,106821,106627,1.0018194265992666
2,2026-02-03 01:04:42,102012.3378347448,2238.000235748291,106449,106698,0.9976663105212844
2,2026-02-03 01:04:42,102012.3378347448,2240.0002361297607,106282,106825,0.9949169201965832
2,2026-02-03 01:04:42,102012.3378347448,2242.0002365112305,105815,106511,0.9934654636610303
2,2026-02-03 01:04:42,102012.3378347448,2244.0002368927,105898,106333,0.9959090780848843
2,2026-02-03 01:04:42,102012.3378347448,2246.00023727417,106568,106838,0.9974728093000618
2,2026-02-03 01:04:42,102012.3378347448,2248.0002376556395,105907,106317,0.9961436082658465
2,2026-02-03 01:04:42,102012.3378347448,2250.0002380371093,106283,106429,0.9986281934435164
2,2026-02-03 01:04:42,102012.3378347448,2252.000238418579,105806,106929,0.9894977040840184
2,2026-02-03 01:04:42,102012.3378347448,2254.0002388000485,106235,106761,0.9950731072208016
2,2026-02-03 01:04:42,102012.3378347448,2256.0002391815187,105885,105766,1.0011251252765538
2,2026-02-03 01:04:42,102012.3378347448,2258.000239562988,106305,106508,0.998094039884328
2,2026-02-03 01:04:42,102012.3378347448,2260.000239944458,106052,106322,0.997460544384041
2,2026-02-03 01:04:42,102012.3378347448,2262.0002403259277,106512,106170,1.0032212489403787
2,2026-02-03 01:04:42,102012.3378347448,2264.000240707397,106520,106249,1.0025506122410563
2,2026-02-03 01:04:42,102012.3378347448,2266.0002410888674,105750,107116,0.9872474700324881
2,2026-02-03 01:04:42,102012.3378347448,2268.0002414703367,105959,107131,0.9890601226535737
2,2026-02-03 01:04:42,102012.3378347448,2270.0002418518065,106273,106468,0.99816846376376
2,2026-02-03 01:04:42,102012.3378347448,2272.0002422332764,106226,106440,0.997989477639985
2,2026-02-03 01:04:42,102012.3378347448,2274.0002426147457,106307,106194,1.00106409024992
2,2026-02-03 01:04:42,102012.3378347448,2276.000242996216,106402,106864,0.9956767480161701
2,2026-02-03 01:04:42,102012.3378347448,2278.0002433776854,106152,106842,0.9935418655584882
2,2026-02-03 01:04:42,102012.3378347448,2280.000243759155,106000,106853,0.9920170701805284
2,2026-02-03 01:04:42,102012.3378347448,2282.000244140625,106011,106966,0.9910719293981265
2,2026-02-03 01:04:42,102012.3378347448,2284.0002445220944,106129,107080,0.9911187896899515
2,2026-02-03 01:04:42,102012.3378347448,2286.0002449035646,106291,107038,0.9930211700517573
2,2026-02-03 01:04:42,102012.3378347448,2288.000245285034,105964,107256,0.9879540538524652
2,2026-02-03 01:04:42,102012.3378347448,2290.000245666504,106456,106620,0.9984618270493341
2,2026-02-03 01:04:42,102012.3378347448,2292.0002460479736,106252,106935,0.9936129424416702
2,2026-02-03 01:04:42,102012.3378347448,2294.000246429443,105956,106996,0.990280010467681
2,2026-02-03 01:04:42,102012.3378347448,2296.0002468109133,106429,106795,0.9965728732618568
2,2026-02-03 01:04:42,102012.3378347448,2298.0002471923826,105874,106914,0.9902725555119067
2,2026-02-03 01:04:42,102012.3378347448,2300.0002475738524,105882,106589,0.9933670453799173
2,2026-02-03 01:04:42,102012.3378347448,2302.0002479553223,106246,106812,0.9947009699284725
2,2026-02-03 01:04:42,102012.3378347448,2304.0002483367916,105726,106786,0.9900736051542337
2,2026-02-03 01:04:42,102012.3378347448,2306.000248718262,105657,106614,0.9910236929483933
2,2026-02-03 01:04:42,102012.3378347448,2308.0002490997313,105160,106959,0.9831804710216064
2,2026-02-03 01:04:42,102012.3378347448,2310.000249481201,105678,106243,0.9946820025789934
2,2026-02-03 01:04:42,102012.3378347448,2312.000249862671,105375,106626,0.9882674019469923
2,2026-02-03 01:04:42,102012.3378347448,2314.0002502441403,106204,106695,0.9953980973803833
2,2026-02-03 01:04:42,102012.3378347448,2316.0002506256105,105429,106388,0.9909858254690379
2,2026-02-03 01:04:42,102012.3378347448,2318.00025100708,105775,106235,0.9956699769379207
2,2026-02-03 01:04:42,102012.3378347448,2320.0002513885497,106212,106351,0.9986930071179396
2,2026-02-03 01:04:42,102012.3378347448,2322.0002517700195,106600,106455,1.0013620778732797
2,2026-02-03 01:04:42,102012.3378347448,2324.000252151489,105862,106291,0.9959639103969292
2,2026-02-03 01:04:42,102012.3378347448,2326.000252532959,105518,107042,0.9857625978587844
2,2026-02-03 01:04:42,102012.3378347448,2328.0002529144285,106564,106448,1.001089733954607
2,2026-02-03 01:04:42,102012.3378347448,2330.0002532958983,106281,106597,0.9970355638526412
2,2026-02-03 01:04:42,102012.3378347448,2332.000253677368,106168,106714,0.9948835204378057
2,2026-02-03 01:04:42,102012.3378347448,2334.0002540588375,105849,106805,0.9910491081878189
2,2026-02-03 01:04:42,102012.3378347448,2336.000254440308,106200,106840,0.9940097341819544
2,2026-02-03 01:04:42,102012.3378347448,2338.000254821777,106316,106276,1.0003763784862056
2,2026-02-03 01:04:42,102012.3378347448,2340.000255203247,105569,106751,0.9889275041919982
2,2026-02-03 01:04:42,102012.3378347448,2342.000255584717,106390,107006,0.9942433134590584
2,2026-02-03 01:04:42,102012.3378347448,2344.000255966186,106467,106643,0.998349633825005
2,2026-02-03 01:04:42,102012.3378347448,2346.0002563476564,106435,106497,0.9994178239762622
2,2026-02-03 01:04:42,102012.3378347448,2348.000256729126,106615,106817,0.998108915247573
2,2026-02-03 01:04:42,102012.3378347448,2350.0002571105956,106071,106217,0.9986254554355706
2,2026-02-03 01:04:42,102012.3378347448,2352.0002574920654,106545,106669,0.9988375254291313
2,2026-02-03 01:04:42,102012.3378347448,2354.000257873535,106564,105973,1.0055768922272654
2,2026-02-03 01:04:42,102012.3378347448,2356.000258255005,106183,106988,0.9924757916775713
2,2026-02-03 01:04:42,102012.3378347448,2358.0002586364744,106062,106395,0.996870153672635
2,2026-02-03 01:04:42,102012.3378347448,2360.0002590179442,106331,106466,0.998731989555351
2,2026-02-03 01:04:42,102012.3378347448,2362.000259399414,106210,106684,0.9955569719920513
2,2026-02-03 01:04:42,102012.3378347448,2364.0002597808834,105771,106448,0.9936400871787163
2,2026-02-03 01:04:42,102012.3378347448,2366.0002601623537,105682,106263,0.9945324336787028
2,2026-02-03 01:04:42,102012.3378347448,2368.000260543823,106011,106320,0.9970936794582392
2,2026-02-03 01:04:42,102012.3378347448,2370.000260925293,106013,106608,0.9944188053429386
2,2026-02-03 01:04:42,102012.3378347448,2372.0002613067627,106752,106401,1.0032988411763046
2,2026-02-03 01:04:42,102012.3378347448,2374.000261688232,105400,106985,0.985184838996121
2,2026-02-03 01:04:42,102012.3378347448,2376.0002620697023,105730,106251,0.995096516738666
2,2026-02-03 01:04:42,102012.3378347448,2378.0002624511717,105957,106238,0.9973549953877143
2,2026-02-03 01:04:42,102012.3378347448,2380.0002628326415,105964,106613,0.993912562257886
2,2026-02-03 01:04:42,102012.3378347448,2382.0002632141113,106478,106366,1.0010529680537015
2,2026-02-03 01:04:42,102012.3378347448,2384.0002635955807,105905,106750,0.9920843091334894
2,2026-02-03 01:04:42,102012.3378347448,2386.000263977051,106214,106533,0.9970056226709095
2,2026-02-03 01:04:42,102012.3378347448,2388.0002643585203,105998,106126,0.998793886512259
2,2026-02-03 01:04:42,102012.3378347448,2390.00026473999,106458,106526,0.9993616581867337
2,2026-02-03 01:04:42,102012.3378347448,2392.00026512146,106120,107067,0.991155071123689
2,2026-02-03 01:04:42,102012.3378347448,2394.0002655029293,106352,106547,0.9981698217687969
2,2026-02-03 01:04:42,102012.3378347448,2396.0002658843996,106254,106480,0.9978775356874531
2,2026-02-03 01:04:42,102012.3378347448,2398.000266265869,106600,106204,1.0037286731196564
2,2026-02-03 01:04:42,102012.3378347448,2400.000266647339,106109,106619,0.9952166124236769
2,2026-02-03 01:04:42,102012.3378347448,2402.0002670288086,105646,106376,0.9931375498232684
2,2026-02-03 01:04:42,102012.3378347448,2404.000267410278,106648,107077,0.9959935373609645
2,2026-02-03 01:04:42,102012.3378347448,2406.0002677917482,106690,106604,1.0008067239503209
2,2026-02-03 01:04:42,102012.3378347448,2408.0002681732176,106147,106924,0.9927331562605215
2,2026-02-03 01:04:42,102012.3378347448,2410.0002685546874,106533,106236,1.0027956624872925
2,2026-02-03 01:04:42,102012.3378347448,2412.000268936157,105185,106215,0.990302687944264
2,2026-02-03 01:04:42,102012.3378347448,2414.0002693176266,106488,106680,0.9982002249718785
2,2026-02-03 01:04:42,102012.3378347448,2416.000269699097,106495,106486,1.000084518152621
2,2026-02-03 01:04:42,102012.3378347448,2418.000270080566,106237,106388,0.9985806669925179
2,2026-02-03 01:04:42,102012.3378347448,2420.000270462036,105848,106198,0.9967042693836042
2,2026-02-03 01:04:42,102012.3378347448,2422.000270843506,106706,107035,0.9969262390806746
2,2026-02-03 01:04:42,102012.3378347448,2424.000271224975,106107,106672,0.9947033898305084
2,2026-02-03 01:04:42,102012.3378347448,2426.0002716064455,105431,106551,0.9894886017024711
2,2026-02-03 01:04:42,102012.3378347448,2428.000271987915,106218,107171,0.9911076690522622
2,2026-02-03 01:04:42,102012.3378347448,2430.0002723693847,105958,105334,1.0059240131391574
2,2026-02-03 01:04:42,102012.3378347448,2432.0002727508545,106219,107311,0.9898239695837333
2,2026-02-03 01:04:42,102012.3378347448,2434.000273132324,106063,106465,0.9962241112102569
2,2026-02-03 01:04:42,102012.3378347448,2436.000273513794,105667,106457,0.9925791634180937
2,2026-02-03 01:04:42,102012.3378347448,2438.0002738952635,106044,106886,0.9921224482158562
2,2026-02-03 01:04:42,102012.3378347448,2440.0002742767333,106285,106905,0.9942004583508722
2,2026-02-03 01:04:42,102012.3378347448,2442.000274658203,106126,106669,0.994909486354986
2,2026-02-03 01:04:42,102012.3378347448,2444.0002750396725,106502,106291,1.0019851163315803
2,2026-02-03 01:04:42,102012.3378347448,2446.0002754211428,105739,106263,0.9950688386362139
2,2026-02-03 01:04:42,102012.3378347448,2448.000275802612,106120,106562,0.9958521799515775
2,2026-02-03 01:04:42,102012.3378347448,2450.000276184082,106334,106828,0.9953757441869173
2,2026-02-03 01:04:42,102012.3378347448,2452.0002765655518,106031,106575,0.9948956134177809
2,2026-02-03 01:04:42,102012.3378347448,2454.000276947021,106189,106866,0.9936649635992738
2,2026-02-03 01:04:42,102012.3378347448,2456.0002773284914,106487,106837,0.9967239813922143
2,2026-02-03 01:04:42,102012.3378347448,2458.0002777099608,105989,106309,0.9969899067811756
2,2026-02-03 01:04:42,102012.3378347448,2460.0002780914306,106564,106572,0.9999249333783733
2,2026-02-03 01:04:42,102012.3378347448,2462.0002784729004,106403,106928,0.9950901541224001
2,2026-02-03 01:04:42,102012.3378347448,2464.0002788543698,105717,106483,0.9928063634570776
2,2026-02-03 01:04:42,102012.3378347448,2466.00027923584,107055,106933,1.0011409013120365
2,2026-02-03 01:04:42,102012.3378347448,2468.0002796173094,105748,106723,0.9908641998444572
2,2026-02-03 01:04:42,102012.3378347448,2470.000279998779,106376,107281,0.9915642098787297
2,2026-02-03 01:04:42,102012.3378347448,2472.000280380249,105984,106541,0.9947719657221163
2,2026-02-03 01:04:42,102012.3378347448,2474.0002807617184,106666,106589,1.0007224009982267
2,2026-02-03 01:04:42,102012.3378347448,2476.0002811431887,106410,106444,0.9996805832174664
2,2026-02-03 01:04:42,102012.3378347448,2478.000281524658,105743,106785,0.9902420751978274
2,2026-02-03 01:04:42,102012.3378347448,2480.000281906128,106348,106605,0.9975892312743305
2,2026-02-03 01:04:42,102012.3378347448,2482.0002822875977,105875,106627,0.9929473773059356
2,2026-02-03 01:04:42,102012.3378347448,2484.000282669067,106884,106903,0.9998222687857217
2,2026-02-03 01:04:42,102012.3378347448,2486.0002830505373,105937,106479,0.994909794419557
2,2026-02-03 01:04:42,102012.3378347448,2488.0002834320067,105998,106003,0.9999528315236361
2,2026-02-03 01:04:42,102012.3378347448,2490.0002838134765,105994,106534,0.9949311956746203
2,2026-02-03 01:04:42,102012.3378347448,2492.0002841949463,106782,105875,1.0085667060212515
2,2026-02-03 01:04:42,102012.3378347448,2494.0002845764157,106812,106522,1.0027224423123862
2,2026-02-03 01:04:42,102012.3378347448,2496.000284957886,106310,107218,0.9915312727340558
2,2026-02-03 01:04:42,102012.3378347448,2498.0002853393553,105618,106007,0.996330431009273
2,2026-02-03 01:04:42,102012.3378347448,2500.000285720825,106354,106611,0.9975893669508775
3,2026-02-03 01:36:37,97742.89768825818,999.9999996185302,102264,102409,0.9985841088185609
3,2026-02-03 01:36:37,97742.89768825818,1001.9999999999999,101506,102843,0.9869996013340723
3,2026-02-03 01:36:37,97742.89768825818,1004.0000003814696,101680,102089,0.9959936917787421
3,2026-02-03 01:36:37,97742.89768825818,1006.0000007629394,101576,101830,0.9975056466660119
3,2026-02-03 01:36:37,97742.89768825818,1008.0000011444091,101718,102212,0.9951669079951473
3,2026-02-03 01:36:37,97742.89768825818,1010.0000015258788,101606,101652,0.9995474757014127
3,2026-02-03 01:36:37,97742.89768825818,1012.0000019073485,101986,101545,1.0043429021616033
3,2026-02-03 01:36:37,97742.89768825818,1014.0000022888182,101465,101724,0.9974538948527388
3,2026-02-03 01:36:37,97742.89768825818,1016.000002670288,101476,102403,0.9909475308340576
3,2026-02-03 01:36:37,97742.89768825818,1018.0000030517577,101805,101967,0.9984112506987555
3,2026-02-03 01:36:37,97742.89768825818,1020.0000034332274,101573,102511,0.990849762464516
3,2026-02-03 01:36:37,97742.89768825818,1022.0000038146972,101560,102411,0.9916903457636387
3,2026-02-03 01:36:37,97742.89768825818,1024.0000041961669,100810,102472,0.9837809352798813
3,2026-02-03 01:36:37,97742.89768825818,1026.0000045776367,102144,101499,1.0063547424112553
3,2026-02-03 01:36:37,97742.89768825818,1028.0000049591063,101816,102369,0.994597973996034
3,2026-02-03 01:36:37,97742.89768825818,1030.000005340576,102056,101685,1.0036485223976004
3,2026-02-03 01:36:37,97742.89768825818,1032.000005722046,101432,102259,0.991912692281364
3,2026-02-03 01:36:37,97742.89768825818,1034.0000061035155,102373,101883,1.0048094382772397
3,2026-02-03 01:36:37,97742.89768825818,1036.0000064849853,102003,102648,0.9937163899929857
3,2026-02-03 01:36:37,97742.89768825818,1038.000006866455,101607,102711,0.9892513946899553
3,2026-02-03 01:36:37,97742.89768825818,1040.0000072479247,101714,102246,0.9947968624689475
3,2026-02-03 01:36:37,97742.89768825818,1042.0000076293945,101989,101764,1.0022109979953617
3,2026-02-03 01:36:37,97742.89768825818,1044.0000080108641,101440,102679,0.9879332677567955
3,2026-02-03 01:36:37,97742.89768825818,1046.000008392334,101975,101448,1.0051947795915148
3,2026-02-03 01:36:37,97742.89768825818,1048.0000087738035,102194,102261,0.9993448137608668
3,2026-02-03 01:36:37,97742.89768825818,1050.0000091552733,102301,102420,0.998838117555165
3,2026-02-03 01:36:37,97742.89768825818,1052.0000095367432,101154,101867,0.9930006773538045
3,2026-02-03 01:36:37,97742.89768825818,1054.0000099182128,101052,102042,0.9902981125418945
3,2026-02-03 01:36:37,97742.89768825818,1056.0000102996826,101868,102337,0.9954171023188094
3,2026-02-03 01:36:37,97742.89768825818,1058.0000106811522,101133,102134,0.9901991501360957
3,2026-02-03 01:36:37,97742.89768825818,1060.000011062622,101351,102104,0.9926251664969051
3,2026-02-03 01:36:37,97742.89768825818,1062.0000114440918,101905,102898,0.9903496666601878
3,2026-02-03 01:36:37,97742.89768825818,1064.0000118255614,101904,102292,0.9962069370038713
3,2026-02-03 01:36:37,97742.89768825818,1066.0000122070312,101397,102705,0.987264495399445
3,2026-02-03 01:36:37,97742.89768825818,1068.0000125885008,102259,101540,1.0070809533188891
3,2026-02-03 01:36:37,97742.89768825818,1070.0000129699706,102553,102227,1.0031889813845658
3,2026-02-03 01:36:37,97742.89768825818,1072.0000133514404,101729,102547,0.9920231698635747
3,2026-02-03 01:36:37,97742.89768825818,1074.00001373291,101888,101766,1.0011988286854157
3,2026-02-03 01:36:37,97742.89768825818,1076.0000141143798,101547,101567,0.9998030856478974
3,2026-02-03 01:36:37,97742.89768825818,1078.0000144958494,102041,102002,1.000382345444207
3,2026-02-03 01:36:37,97742.89768825818,1080.0000148773192,102024,102049,0.9997550196474243
3,2026-02-03 01:36:37,97742.89768825818,1082.000015258789,101495,101815,0.9968570446397879
3,2026-02-03 01:36:37,97742.89768825818,1084.0000156402587,101653,102042,0.996187844221007
3,2026-02-03 01:36:37,97742.89768825818,1086.0000160217285,101709,102448,0.9927865844135562
3,2026-02-03 01:36:37,97742.89768825818,1088.000016403198,101700,101661,1.0003836279399179
3,2026-02-03 01:36:37,97742.89768825818,1090.0000167846679,102028,102525,0.9951524018532065
3,2026-02-03 01:36:37,97742.89768825818,1092.0000171661377,101465,101705,0.9976402340101274
3,2026-02-03 01:36:37,97742.89768825818,1094.0000175476073,101230,102335,0.9892021302584648
3,2026-02-03 01:36:37,97742.89768825818,1096.000017929077,101198,101983,0.9923026386750733
3,2026-02-03 01:36:37,97742.89768825818,1098.0000183105467,101076,101796,0.9929270305316515
3,2026-02-03 01:36:37,97742.89768825818,1100.0000186920165,101217,101820,0.9940777843252799
3,2026-02-03 01:36:37,97742.89768825818,1102.0000190734863,101875,102200,0.9968199608610567
3,2026-02-03 01:36:37,97742.89768825818,1104.000019454956,101825,102175,0.9965745045265476
3,2026-02-03 01:36:37,97742.89768825818,1106.0000198364257,101663,102108,0.9956418693931915
3,2026-02-03 01:36:37,97742.89768825818,1108.0000202178953,101249,102240,0.9903071205007825
3,2026-02-03 01:36:37,97742.89768825818,1110.0000205993651,101910,102836,0.9909953712707612
3,2026-02-03 01:36:37,97742.89768825818,1112.000020980835,102147,101824,1.0031721401634193
3,2026-02-03 01:36:37,97742.89768825818,1114.0000213623046,101380,101991,0.9940092753282153
3,2026-02-03 01:36:37,97742.89768825818,1116.0000217437744,101259,101924,0.9934755307876457
3,2026-02-03 01:36:37,97742.89768825818,1118.000022125244,102021,102300,0.9972727272727273
3,2026-02-03 01:36:37,97742.89768825818,1120.0000225067138,101377,102054,0.9933662570795854
3,2026-02-03 01:36:37,97742.89768825818,1122.0000228881836,101488,101917,0.9957906924261899
3,2026-02-03 01:36:37,97742.89768825818,1124.0000232696532,101748,102480,0.9928571428571429
3,2026-02-03 01:36:37,97742.89768825818,1126.000023651123,101848,102225,0.9963120567375886
3,2026-02-03 01:36:37,97742.89768825818,1128.0000240325926,101315,101789,0.9953433082160155
3,2026-02-03 01:36:37,97742.89768825818,1130.0000244140624,101185,101781,0.994144290191686
3,2026-02-03 01:36:37,97742.89768825818,1132.0000247955322,102469,102582,0.9988984422218323
3,2026-02-03 01:36:37,97742.89768825818,1134.0000251770018,101625,102198,0.9943932366582516
3,2026-02-03 01:36:37,97742.89768825818,1136.0000255584716,102152,102591,0.9957208722012653
3,2026-02-03 01:36:37,97742.89768825818,1138.0000259399412,101989,102539,0.9946361872068189
3,2026-02-03 01:36:37,97742.89768825818,1140.000026321411,101250,102424,0.9885378426931188
3,2026-02-03 01:36:37,97742.89768825818,1142.0000267028809,101584,102122,0.9947317913867727
3,2026-02-03 01:36:37,97742.89768825818,1144.0000270843504,101833,101480,1.0034785179345684
3,2026-02-03 01:36:37,97742.89768825818,1146.0000274658203,101947,102765,0.9920400914708315
3,2026-02-03 01:36:37,97742.89768825818,1148.0000278472899,101421,102181,0.9925622180248774
3,2026-02-03 01:36:37,97742.89768825818,1150.0000282287597,102053,102859,0.9921640303716739
3,2026-02-03 01:36:37,97742.89768825818,1152.0000286102295,101295,101777,0.99526415594879
3,2026-02-03 01:36:37,97742.89768825818,1154.000028991699,101387,101718,0.996745905346153
3,2026-02-03 01:36:37,97742.89768825818,1156.000029373169,101930,101675,1.0025079911482666
3,2026-02-03 01:36:37,97742.89768825818,1158.0000297546385,101487,102049,0.9944928416740977
3,2026-02-03 01:36:37,97742.89768825818,1160.0000301361083,101857,101852,1.000049090837686
3,2026-02-03 01:36:37,97742.89768825818,1162.0000305175781,101839,102162,0.9968383547698753
3,2026-02-03 01:36:37,97742.89768825818,1164.0000308990477,101774,102008,0.9977060622696259
3,2026-02-03 01:36:37,97742.89768825818,1166.0000312805175,101352,102154,0.9921491082091743
3,2026-02-03 01:36:37,97742.89768825818,1168.0000316619871,101656,102274,0.9939574085300272
3,2026-02-03 01:36:37,97742.89768825818,1170.000032043457,102073,101666,1.0040033049397046
3,2026-02-03 01:36:37,97742.89768825818,1172.0000324249268,101713,101904,0.9981256869210237
3,2026-02-03 01:36:37,97742.89768825818,1174.0000328063963,101601,101918,0.9968896563904315
3,2026-02-03 01:36:37,97742.89768825818,1176.0000331878662,101429,101775,0.9966003438958487
3,2026-02-03 01:36:37,97742.89768825818,1178.0000335693358,101688,102718,0.9899725461944352
3,2026-02-03 01:36:37,97742.89768825818,1180.0000339508056,101392,102428,0.9898855781622212
3,2026-02-03 01:36:37,97742.89768825818,1182.0000343322754,102016,101624,1.0038573565299536
3,2026-02-03 01:36:37,97742.89768825818,1184.000034713745,101490,101977,0.995224413348108
3,2026-02-03 01:36:37,97742.89768825818,1186.0000350952148,102262,101931,1.0032472947385978
3,2026-02-03 01:36:37,97742.89768825818,1188.0000354766844,101679,101704,0.9997541886258161
3,2026-02-03 01:36:37,97742.89768825818,1190.0000358581542,101799,102246,0.9956281908338712
3,2026-02-03 01:36:37,97742.89768825818,1192.000036239624,101807,102352,0.9946752383929968
3,2026-02-03 01:36:37,97742.89768825818,1194.0000366210936,101660,102893,0.9880166775193647
3,2026-02-03 01:36:37,97742.89768825818,1196.0000370025634,102044,102221,0.9982684575576447
3,2026-02-03 01:36:37,97742.89768825818,1198.000037384033,102265,102295,0.9997067305342392
3,2026-02-03 01:36:37,97742.89768825818,1200.0000377655028,101948,101825,1.0012079548244537
3,2026-02-03 01:36:37,97742.89768825818,1202.0000381469727,101700,102648,0.9907645545943419
3,2026-02-03 01:36:37,97742.89768825818,1204.0000385284422,102240,102565,0.9968312777263199
3,2026-02-03 01:36:37,97742.89768825818,1206.000038909912,102212,101570,1.0063207640051197
3,2026-02-03 01:36:37,97742.89768825818,1208.0000392913817,101737,102852,0.9891591801812313
3,2026-02-03 01:36:37,97742.89768825818,1210.0000396728515,101218,102104,0.9913225730627595
3,2026-02-03 01:36:37,97742.89768825818,1212.0000400543213,101816,101998,0.9982156512872802
3,2026-02-03 01:36:37,97742.89768825818,1214.0000404357909,101501,101751,0.9975430216902045
3,2026-02-03 01:36:37,97742.89768825818,1216.0000408172607,102040,101926,1.0011184584894923
3,2026-02-03 01:36:37,97742.89768825818,1218.0000411987303,102019,102343,0.9968341752733455
3,2026-02-03 01:36:37,97742.89768825818,1220.0000415802,101440,102117,0.9933703496969163
3,2026-02-03 01:36:37,97742.89768825818,1222.00004196167,101677,102214,0.9947463165515487
3,2026-02-03 01:36:37,97742.89768825818,1224.0000423431395,101837,102384,0.9946573683388029
3,2026-02-03 01:36:37,97742.89768825818,1226.0000427246093,102022,102017,1.00004901143927
3,2026-02-03 01:36:37,97742.89768825818,1228.000043106079,101615,102312,0.9931875048870122
3,2026-02-03 01:36:37,97742.89768825818,1230.0000434875487,101888,102359,0.9953985482468567
3,2026-02-03 01:36:37,97742.89768825818,1232.0000438690186,101766,101892,0.9987633965375103
3,2026-02-03 01:36:37,97742.89768825818,1234.0000442504881,101661,102009,0.99658853630562
3,2026-02-03 01:36:37,97742.89768825818,1236.000044631958,102371,102272,1.0009680068836044
3,2026-02-03 01:36:37,97742.89768825818,1238.0000450134276,101874,101912,0.9996271292880132
3,2026-02-03 01:36:37,97742.89768825818,1240.0000453948974,101726,102015,0.9971670832720678
3,2026-02-03 01:36:37,97742.89768825818,1242.0000457763672,101773,102191,0.9959096202209587
3,2026-02-03 01:36:37,97742.89768825818,1244.0000461578368,101946,102633,0.9933062465288942
3,2026-02-03 01:36:37,97742.89768825818,1246.0000465393066,101712,101815,0.9989883612434317
3,2026-02-03 01:36:37,97742.89768825818,1248.0000469207762,102174,102252,0.9992371787348903
3,2026-02-03 01:36:37,97742.89768825818,1250.000047302246,102149,102326,0.9982702343490413
3,2026-02-03 01:36:37,97742.89768825818,1252.0000476837158,101611,102240,0.9938478090766824
3,2026-02-03 01:36:37,97742.89768825818,1254.0000480651854,101883,102308,0.9958458771552566
3,2026-02-03 01:36:37,97742.89768825818,1256.0000484466552,101884,102489,0.9940969274751437
3,2026-02-03 01:36:37,97742.89768825818,1258.0000488281248,101714,102869,0.9887721276575061
3,2026-02-03 01:36:37,97742.89768825818,1260.0000492095946,101664,102265,0.9941231115239818
3,2026-02-03 01:36:37,97742.89768825818,1262.0000495910645,101671,101844,0.9983013235929461
3,2026-02-03 01:36:37,97742.89768825818,1264.000049972534,102427,102058,1.0036155911344529
3,2026-02-03 01:36:37,97742.89768825818,1266.0000503540039,102407,101871,1.0052615562819645
3,2026-02-03 01:36:37,97742.89768825818,1268.0000507354735,101468,102578,0.9891789662500731
3,2026-02-03 01:36:37,97742.89768825818,1270.0000511169433,101247,101964,0.9929681063904907
3,2026-02-03 01:36:37,97742.89768825818,1272.000051498413,101767,102197,0.9957924400911964
3,2026-02-03 01:36:37,97742.89768825818,1274.0000518798827,102639,102412,1.0022165371245557
3,2026-02-03 01:36:37,97742.89768825818,1276.0000522613525,101381,101747,0.996402842344246
3,2026-02-03 01:36:37,97742.89768825818,1278.000052642822,101698,102077,0.9962871165884577
3,2026-02-03 01:36:37,97742.89768825818,1280.000053024292,102305,101604,1.0068993346718633
3,2026-02-03 01:36:37,97742.89768825818,1282.0000534057617,101734,102425,0.9932536001952649
3,2026-02-03 01:36:37,97742.89768825818,1284.0000537872313,101789,101698,1.000894806190879
3,2026-02-03 01:36:37,97742.89768825818,1286.0000541687011,101719,101877,0.9984491102015175
3,2026-02-03 01:36:37,97742.89768825818,1288.0000545501707,101548,101882,0.9967216976502228
3,2026-02-03 01:36:37,97742.89768825818,1290.0000549316405,101702,102154,0.9955753078685122
3,2026-02-03 01:36:37,97742.89768825818,1292.0000553131104,101537,102342,0.9921342166461472
3,2026-02-03 01:36:37,97742.89768825818,1294.00005569458,101815,102377,0.9945104857536361
3,2026-02-03 01:36:37,97742.89768825818,1296.0000560760498,102310,101910,1.0039250318908841
3,2026-02-03 01:36:37,97742.89768825818,1298.0000564575193,101753,102445,0.9932451559373322
3,2026-02-03 01:36:37,97742.89768825818,1300.0000568389892,102004,101625,1.003729397293973
3,2026-02-03 01:36:37,97742.89768825818,1302.000057220459,101698,102051,0.9965409452136677
3,2026-02-03 01:36:37,97742.89768825818,1304.0000576019286,101855,102446,0.9942311071198485
3,2026-02-03 01:36:37,97742.89768825818,1306.0000579833984,101899,102125,0.9977870257037944
3,2026-02-03 01:36:37,97742.89768825818,1308.000058364868,102193,102474,0.9972578410133303
3,2026-02-03 01:36:37,97742.89768825818,1310.0000587463378,102172,102848,0.9934271935283137
3,2026-02-03 01:36:37,97742.89768825818,1312.0000591278076,101909,102508,0.9941565536348382
3,2026-02-03 01:36:37,97742.89768825818,1314.0000595092772,101894,102162,0.9973767154127758
3,2026-02-03 01:36:37,97742.89768825818,1316.000059890747,102033,101909,1.0012167718258447
3,2026-02-03 01:36:37,97742.89768825818,1318.0000602722166,101456,102456,0.9902397126571406
3,2026-02-03 01:36:37,97742.89768825818,1320.0000606536864,101606,102200,0.994187866927593
3,2026-02-03 01:36:37,97742.89768825818,1322.0000610351562,101491,102324,0.9918591923693366
3,2026-02-03 01:36:37,97742.89768825818,1324.0000614166258,101579,102610,0.9899522463697495
3,2026-02-03 01:36:37,97742.89768825818,1326.0000617980957,101177,102350,0.9885393258426967
3,2026-02-03 01:36:37,97742.89768825818,1328.0000621795652,102061,102326,0.9974102378672087
3,2026-02-03 01:36:37,97742.89768825818,1330.000062561035,101573,102023,0.995589229879537
3,2026-02-03 01:36:37,97742.89768825818,1332.0000629425049,101322,102292,0.9905173425096782
3,2026-02-03 01:36:37,97742.89768825818,1334.0000633239745,101761,102364,0.9941092571607205
3,2026-02-03 01:36:37,97742.89768825818,1336.0000637054443,101939,101979,0.9996077623824513
3,2026-02-03 01:36:37,97742.89768825818,1338.0000640869139,101454,101706,0.9975222700725621
3,2026-02-03 01:36:37,97742.89768825818,1340.0000644683837,101990,102362,0.9963658388855239
3,2026-02-03 01:36:37,97742.89768825818,1342.0000648498535,101279,102045,0.9924935077661816
3,2026-02-03 01:36:37,97742.89768825818,1344.000065231323,102343,101996,1.0034020941997726
3,2026-02-03 01:36:37,97742.89768825818,1346.000065612793,101688,101685,1.0000295028765305
3,2026-02-03 01:36:37,97742.89768825818,1348.0000659942625,101720,102199,0.9953130656855742
3,2026-02-03 01:36:37,97742.89768825818,1350.0000663757323,101621,102090,0.9954060143011069
3,2026-02-03 01:36:37,97742.89768825818,1352.0000667572021,101623,102105,0.9952793692767249
3,2026-02-03 01:36:37,97742.89768825818,1354.0000671386717,101140,102147,0.9901416585900712
3,2026-02-03 01:36:37,97742.89768825818,1356.0000675201416,100740,102125,0.986438188494492
3,2026-02-03 01:36:37,97742.89768825818,1358.0000679016111,102331,102975,0.9937460548676863
3,2026-02-03 01:36:37,97742.89768825818,1360.000068283081,101581,101977,0.9961167714288516
3,2026-02-03 01:36:37,97742.89768825818,1362.0000686645508,101929,101720,1.0020546598505702
3,2026-02-03 01:36:37,97742.89768825818,1364.0000690460204,101827,102075,0.9975704139113397
3,2026-02-03 01:36:37,97742.89768825818,1366.0000694274902,102100,102406,0.9970118938343456
3,2026-02-03 01:36:37,97742.89768825818,1368.0000698089598,102131,102310,0.9982504154041638
3,2026-02-03 01:36:37,97742.89768825818,1370.0000701904296,101207,101951,0.9927023766319114
3,2026-02-03 01:36:37,97742.89768825818,1372.0000705718994,101695,101848,0.9984977613698846
3,2026-02-03 01:36:37,97742.89768825818,1374.000070953369,101695,101755,0.9994103483858287
3,2026-02-03 01:36:37,97742.89768825818,1376.0000713348388,101457,102744,0.9874737210932025
3,2026-02-03 01:36:37,97742.89768825818,1378.0000717163084,101418,102564,0.9888264888264888
3,2026-02-03 01:36:37,97742.89768825818,1380.0000720977782,101469,101720,0.9975324419976406
3,2026-02-03 01:36:37,97742.89768825818,1382.000072479248,101377,102252,0.9914427101670383
3,2026-02-03 01:36:37,97742.89768825818,1384.0000728607176,101438,102103,0.9934869690410664
3,2026-02-03 01:36:37,97742.89768825818,1386.0000732421875,102105,102789,0.9933455914543385
3,2026-02-03 01:36:37,97742.89768825818,1388.000073623657,101424,102093,0.9934471511269137
3,2026-02-03 01:36:37,97742.89768825818,1390.0000740051269,101787,102298,0.9950047899274668
3,2026-02-03 01:36:37,97742.89768825818,1392.0000743865967,101689,102229,0.99471774154105
3,2026-02-03 01:36:37,97742.89768825818,1394.0000747680663,101313,102017,0.9930991893507944
3,2026-02-03 01:36:37,97742.89768825818,1396.000075149536,101664,102121,0.9955249165205982
3,2026-02-03 01:36:37,97742.89768825818,1398.0000755310057,101672,102327,0.9935989523781602
3,2026-02-03 01:36:37,97742.89768825818,1400.0000759124755,101657,102040,0.9962465699725598
3,2026-02-03 01:36:37,97742.89768825818,1402.0000762939453,101504,102706,0.9882966915272721
3,2026-02-03 01:36:37,97742.89768825818,1404.000076675415,102163,102445,0.9972473034311093
3,2026-02-03 01:36:37,97742.89768825818,1406.0000770568847,102044,102332,0.9971856310831412
3,2026-02-03 01:36:37,97742.89768825818,1408.0000774383543,101526,101376,1.0014796401515151
3,2026-02-03 01:36:37,97742.89768825818,1410.0000778198241,101678,102627,0.990752920771337
3,2026-02-03 01:36:37,97742.89768825818,1412.000078201294,101728,103387,0.9839534951202762
3,2026-02-03 01:36:37,97742.89768825818,1414.0000785827635,101644,102173,0.99482250692453
3,2026-02-03 01:36:37,97742.89768825818,1416.0000789642334,101683,102388,0.9931144274719693
3,2026-02-03 01:36:37,97742.89768825818,1418.000079345703,102338,102634,0.9971159654695325
3,2026-02-03 01:36:37,97742.89768825818,1420.0000797271728,101328,102118,0.9922638516226326
3,2026-02-03 01:36:37,97742.89768825818,1422.0000801086426,102066,102250,0.998200488997555
3,2026-02-03 01:36:37,97742.89768825818,1424.0000804901122,101975,101843,1.0012961126439717
3,2026-02-03 01:36:37,97742.89768825818,1426.000080871582,101601,102350,0.9926819736199316
3,2026-02-03 01:36:37,97742.89768825818,1428.0000812530516,102087,102555,0.995436594997806
3,2026-02-03 01:36:37,97742.89768825818,1430.0000816345214,101340,102335,0.9902770313187081
3,2026-02-03 01:36:37,97742.89768825818,1432.0000820159912,101431,102357,0.9909532323143507
3,2026-02-03 01:36:37,97742.89768825818,1434.0000823974608,101450,102650,0.988309790550414
3,2026-02-03 01:36:37,97742.89768825818,1436.0000827789306,101498,102169,0.9934324501561139
3,2026-02-03 01:36:37,97742.89768825818,1438.0000831604002,101612,102196,0.9942854906258562
3,2026-02-03 01:36:37,97742.89768825818,1440.00008354187,101828,101638,1.001869379562762
3,2026-02-03 01:36:37,97742.89768825818,1442.0000839233398,101115,102485,0.9866321900765965
3,2026-02-03 01:36:37,97742.89768825818,1444.0000843048094,101826,102576,0.9926883481516144
3,2026-02-03 01:36:37,97742.89768825818,1446.0000846862793,101574,102569,0.9902992132125691
3,2026-02-03 01:36:37,97742.89768825818,1448.0000850677488,101605,102027,0.9958638399639311
3,2026-02-03 01:36:37,97742.89768825818,1450.0000854492187,101597,102305,0.9930795171301501
3,2026-02-03 01:36:37,97742.89768825818,1452.0000858306885,101458,102542,0.9894287218895672
3,2026-02-03 01:36:37,97742.89768825818,1454.000086212158,102136,101531,1.0059587712127331
3,2026-02-03 01:36:37,97742.89768825818,1456.0000865936279,101612,101804,0.9981140230246356
3,2026-02-03 01:36:37,97742.89768825818,1458.0000869750975,101040,102817,0.9827168658879368
3,2026-02-03 01:36:37,97742.89768825818,1460.0000873565673,101423,102359,0.9908557137134986
3,2026-02-03 01:36:37,97742.89768825818,1462.000087738037,101481,102410,0.9909286202519285
3,2026-02-03 01:36:37,97742.89768825818,1464.0000881195067,101763,101570,1.0019001673722556
3,2026-02-03 01:36:37,97742.89768825818,1466.0000885009765,102009,102033,0.9997647819822999
3,2026-02-03 01:36:37,97742.89768825818,1468.000088882446,101857,101842,1.00014728697394
3,2026-02-03 01:36:37,97742.89768825818,1470.000089263916,102018,102575,0.9945698269558859
3,2026-02-03 01:36:37,97742.89768825818,1472.0000896453857,101801,102500,0.993180487804878
3,2026-02-03 01:36:37,97742.89768825818,1474.0000900268553,101402,101742,0.9966582139136246
3,2026-02-03 01:36:37,97742.89768825818,1476.0000904083251,101425,101962,0.9947333320256566
3,2026-02-03 01:36:37,97742.89768825818,1478.0000907897947,101468,102165,0.9931777027357706
3,2026-02-03 01:36:37,97742.89768825818,1480.0000911712646,102172,102040,1.0012936103488828
3,2026-02-03 01:36:37,97742.89768825818,1482.0000915527344,101976,102291,0.9969205501950318
3,2026-02-03 01:36:37,97742.89768825818,1484.000091934204,101984,102222,0.9976717340689871
3,2026-02-03 01:36:37,97742.89768825818,1486.0000923156738,102501,102389,1.0010938675052985
3,2026-02-03 01:36:37,97742.89768825818,1488.0000926971434,102133,102395,0.997441281312564
3,2026-02-03 01:36:37,97742.89768825818,1490.0000930786132,102194,102217,0.9997749885048476
3,2026-02-03 01:36:37,97742.89768825818,1492.000093460083,101195,102162,0.9905346410602768
3,2026-02-03 01:36:37,97742.89768825818,1494.0000938415526,102029,102981,0.990755576271351
3,2026-02-03 01:36:37,97742.89768825818,1496.0000942230224,101428,102172,0.992718161531535
3,2026-02-03 01:36:37,97742.89768825818,1498.000094604492,102036,101975,1.0005981858298603
3,2026-02-03 01:36:37,97742.89768825818,1500.0000949859618,101853,102006,0.9985000882301042
3,2026-02-03 01:36:37,97742.89768825818,1502.0000953674316,102152,101721,1.0042370798556837
3,2026-02-03 01:36:37,97742.89768825818,1504.0000957489012,101752,101900,0.9985475956820412
3,2026-02-03 01:36:37,97742.89768825818,1506.000096130371,101663,102073,0.9959832668776268
3,2026-02-03 01:36:37,97742.89768825818,1508.0000965118406,101756,102249,0.9951784369529286
3,2026-02-03 01:36:37,97742.89768825818,1510.0000968933105,101625,101394,1.0022782413160543
3,2026-02-03 01:36:37,97742.89768825818,1512.0000972747803,100957,102449,0.9854366562875186
3,2026-02-03 01:36:37,97742.89768825818,1514.0000976562499,101638,102294,0.9935871116585528
3,2026-02-03 01:36:37,97742.89768825818,1516.0000980377195,101561,101564,0.9999704619747154
3,2026-02-03 01:36:37,97742.89768825818,1518.0000984191893,102499,102568,0.9993272755635286
3,2026-02-03 01:36:37,97742.89768825818,1520.000098800659,101960,102339,0.996296622011159
3,2026-02-03 01:36:37,97742.89768825818,1522.000099182129,101654,102570,0.9910695135029736
3,2026-02-03 01:36:37,97742.89768825818,1524.0000995635985,102059,102525,0.9954547671299683
3,2026-02-03 01:36:37,97742.89768825818,1526.000099945068,101565,102157,0.9942049981890619
3,2026-02-03 01:36:37,97742.89768825818,1528.000100326538,101854,101876,0.9997840511994974
3,2026-02-03 01:36:37,97742.89768825818,1530.0001007080077,101837,102005,0.9983530219106906
3,2026-02-03 01:36:37,97742.89768825818,1532.0001010894775,101289,102355,0.9895852669630208
3,2026-02-03 01:36:37,97742.89768825818,1534.0001014709471,102086,101981,1.001029603553603
3,2026-02-03 01:36:37,97742.89768825818,1536.0001018524167,101742,102117,0.9963277417080407
3,2026-02-03 01:36:37,97742.89768825818,1538.0001022338865,102365,101977,1.003804779509105
3,2026-02-03 01:36:37,97742.89768825818,1540.0001026153564,101953,102258,0.9970173482759295
3,2026-02-03 01:36:37,97742.89768825818,1542.0001029968262,101212,102175,0.9905749938830438
3,2026-02-03 01:36:37,97742.89768825818,1544.0001033782958,102065,102099,0.9996669898823691
3,2026-02-03 01:36:37,97742.89768825818,1546.0001037597654,102257,102300,0.9995796676441838
3,2026-02-03 01:36:37,97742.89768825818,1548.0001041412352,101852,101870,0.9998233042112497
3,2026-02-03 01:36:37,97742.89768825818,1550.000104522705,101406,102128,0.9929304402318659
3,2026-02-03 01:36:37,97742.89768825818,1552.0001049041748,101784,101939,0.9984794828279657
3,2026-02-03 01:36:37,97742.89768825818,1554.0001052856444,101507,102524,0.9900803714252273
3,2026-02-03 01:36:37,97742.89768825818,1556.000105667114,101623,102150,0.9948409202153695
3,2026-02-03 01:36:37,97742.89768825818,1558.0001060485838,101905,102152,0.9975820346150834
3,2026-02-03 01:36:37,97742.89768825818,1560.0001064300536,101716,102369,0.9936211157674687
3,2026-02-03 01:36:37,97742.89768825818,1562.0001068115234,101591,102327,0.9928073724432457
3,2026-02-03 01:36:37,97742.89768825818,1564.000107192993,101392,102477,0.9894122583604126
3,2026-02-03 01:36:37,97742.89768825818,1566.0001075744626,102272,102313,0.9995992689101092
3,2026-02-03 01:36:37,97742.89768825818,1568.0001079559324,102104,102244,0.9986307264973984
3,2026-02-03 01:36:37,97742.89768825818,1570.0001083374023,101849,101716,1.0013075622320973
3,2026-02-03 01:36:37,97742.89768825818,1572.000108718872,101267,101939,0.993407822325116
3,2026-02-03 01:36:37,97742.89768825818,1574.0001091003417,101585,101941,0.9965077839142249
3,2026-02-03 01:36:37,97742.89768825818,1576.0001094818113,101444,102038,0.9941786393304455
3,2026-02-03 01:36:37,97742.89768825818,1578.000109863281,102301,102204,1.0009490822277014
3,2026-02-03 01:36:37,97742.89768825818,1580.0001102447509,101858,102707,0.9917337669292259
3,2026-02-03 01:36:37,97742.89768825818,1582.0001106262207,101881,101832,1.0004811846963626
3,2026-02-03 01:36:37,97742.89768825818,1584.0001110076903,102010,102081,0.9993044738981789
3,2026-02-03 01:36:37,97742.89768825818,1586.0001113891599,101212,102488,0.9875497619233471
3,2026-02-03 01:36:37,97742.89768825818,1588.0001117706297,101898,101665,1.00229184084985
3,2026-02-03 01:36:37,97742.89768825818,1590.0001121520995,102064,102084,0.9998040829121116
3,2026-02-03 01:36:37,97742.89768825818,1592.0001125335693,101179,101829,0.9936167496489212
3,2026-02-03 01:36:37,97742.89768825818,1594.000112915039,101657,102350,0.993229115779189
3,2026-02-03 01:36:37,97742.89768825818,1596.0001132965085,102111,102170,0.9994225310756583
3,2026-02-03 01:36:37,97742.89768825818,1598.0001136779783,101637,102115,0.9953190030847574
3,2026-02-03 01:36:37,97742.89768825818,1600.0001140594482,101223,102182,0.9906147853829441
3,2026-02-03 01:36:37,97742.89768825818,1602.000114440918,102127,102339,0.9979284534732604
3,2026-02-03 01:36:37,97742.89768825818,1604.0001148223876,102257,102638,0.9962879245503614
3,2026-02-03 01:36:37,97742.89768825818,1606.0001152038571,101484,101775,0.9971407516580693
3,2026-02-03 01:36:37,97742.89768825818,1608.000115585327,101746,102409,0.9935259596324542
3,2026-02-03 01:36:37,97742.89768825818,1610.0001159667968,101426,103167,0.9831244487093741
3,2026-02-03 01:36:37,97742.89768825818,1612.0001163482666,101955,101825,1.0012767002209673
3,2026-02-03 01:36:37,97742.89768825818,1614.0001167297362,101477,102195,0.9929742159596849
3,2026-02-03 01:36:37,97742.89768825818,1616.0001171112058,102051,101914,1.0013442706595757
3,2026-02-03 01:36:37,97742.89768825818,1618.0001174926756,101940,102164,0.9978074468501625
3,2026-02-03 01:36:37,97742.89768825818,1620.0001178741454,101938,102679,0.9927833344695605
3,2026-02-03 01:36:37,97742.89768825818,1622.0001182556152,101332,102203,0.9914777452716652
3,2026-02-03 01:36:37,97742.89768825818,1624.0001186370848,101822,102487,0.9935113721740318
3,2026-02-03 01:36:37,97742.89768825818,1626.0001190185544,101018,101958,0.990780517467977
3,2026-02-03 01:36:37,97742.89768825818,1628.0001194000242,101589,101888,0.9970654051507538
3,2026-02-03 01:36:37,97742.89768825818,1630.000119781494,101784,102580,0.9922402027685708
3,2026-02-03 01:36:37,97742.89768825818,1632.0001201629639,100868,102130,0.9876431998433369
3,2026-02-03 01:36:37,97742.89768825818,1634.0001205444335,101512,102387,0.9914539931827283
3,2026-02-03 01:36:37,97742.89768825818,1636.000120925903,101977,102414,0.9957330052531881
3,2026-02-03 01:36:37,97742.89768825818,1638.0001213073729,101885,102149,0.9974155400444449
3,2026-02-03 01:36:37,97742.89768825818,1640.0001216888427,101715,102090,0.9963267704966207
3,2026-02-03 01:36:37,97742.89768825818,1642.0001220703125,101547,101500,1.0004630541871922
3,2026-02-03 01:36:37,97742.89768825818,1644.000122451782,101328,102266,0.9908278411202159
3,2026-02-03 01:36:37,97742.89768825818,1646.0001228332517,101641,102225,0.9942871117632673
3,2026-02-03 01:36:37,97742.89768825818,1648.0001232147215,100773,102217,0.9858731913478188
3,2026-02-03 01:36:37,97742.89768825818,1650.0001235961913,101210,102460,0.9878001171188756
3,2026-02-03 01:36:37,97742.89768825818,1652.0001239776611,101037,102018,0.9903840498735518
3,2026-02-03 01:36:37,97742.89768825818,1654.0001243591307,101583,102288,0.9931076959174097
3,2026-02-03 01:36:37,97742.89768825818,1656.0001247406003,101824,102055,0.9977365146244672
3,2026-02-03 01:36:37,97742.89768825818,1658.0001251220701,101361,102453,0.9893414541301865
3,2026-02-03 01:36:37,97742.89768825818,1660.00012550354,101823,102137,0.9969256978372186
3,2026-02-03 01:36:37,97742.89768825818,1662.0001258850098,101376,102298,0.9909871160726504
3,2026-02-03 01:36:37,97742.89768825818,1664.0001262664794,101610,102294,0.9933133908147106
3,2026-02-03 01:36:37,97742.89768825818,1666.000126647949,101374,101911,0.9947306963919499
3,2026-02-03 01:36:37,97742.89768825818,1668.0001270294188,102035,101971,1.000627629424052
3,2026-02-03 01:36:37,97742.89768825818,1670.0001274108886,101608,102129,0.9948986086224285
3,2026-02-03 01:36:37,97742.89768825818,1672.0001277923584,101606,102400,0.99224609375
3,2026-02-03 01:36:37,97742.89768825818,1674.000128173828,101463,101867,0.996034044391216
3,2026-02-03 01:36:37,97742.89768825818,1676.0001285552976,101417,101808,0.9961594373723086
3,2026-02-03 01:36:37,97742.89768825818,1678.0001289367674,101625,102149,0.9948702385730649
3,2026-02-03 01:36:37,97742.89768825818,1680.0001293182372,101699,101843,0.9985860589338491
3,2026-02-03 01:36:37,97742.89768825818,1682.000129699707,101941,102183,0.997631699989235
3,2026-02-03 01:36:37,97742.89768825818,1684.0001300811766,101515,102609,0.9893381672173006
3,2026-02-03 01:36:37,97742.89768825818,1686.0001304626462,101880,102357,0.9953398399718631
3,2026-02-03 01:36:37,97742.89768825818,1688.000130844116,102136,101368,1.0075763554573436
3,2026-02-03 01:36:37,97742.89768825818,1690.0001312255858,101262,102004,0.9927257754597859
3,2026-02-03 01:36:37,97742.89768825818,1692.0001316070557,102028,102386,0.9965034282030747
3,2026-02-03 01:36:37,97742.89768825818,1694.0001319885253,101780,102263,0.9952768841125333
3,2026-02-03 01:36:37,97742.89768825818,1696.0001323699948,101968,101903,1.000637861495736
3,2026-02-03 01:36:37,97742.89768825818,1698.0001327514647,101797,101684,1.0011112859446913
3,2026-02-03 01:36:37,97742.89768825818,1700.0001331329345,102160,102358,0.9980656128490201
3,2026-02-03 01:36:37,97742.89768825818,1702.0001335144043,101593,101613,0.9998031747906272
3,2026-02-03 01:36:37,97742.89768825818,1704.000133895874,101238,101865,0.9938447945810631
3,2026-02-03 01:36:37,97742.89768825818,1706.0001342773435,101124,101479,0.9965017392761064
3,2026-02-03 01:36:37,97742.89768825818,1708.0001346588133,101320,102306,0.9903622465935527
3,2026-02-03 01:36:37,97742.89768825818,1710.000135040283,101682,102671,0.9903672896923181
3,2026-02-03 01:36:37,97742.89768825818,1712.000135421753,101838,102104,0.9973948131317089
3,2026-02-03 01:36:37,97742.89768825818,1714.0001358032225,102021,102559,0.9947542390233914
3,2026-02-03 01:36:37,97742.89768825818,1716.000136184692,101691,101794,0.9989881525433719
3,2026-02-03 01:36:37,97742.89768825818,1718.000136566162,102113,102218,0.9989727836584554
3,2026-02-03 01:36:37,97742.89768825818,1720.0001369476317,102013,102649,0.9938041286325244
3,2026-02-03 01:36:37,97742.89768825818,1722.0001373291016,101860,102357,0.9951444454214172
3,2026-02-03 01:36:37,97742.89768825818,1724.0001377105712,101567,103089,0.9852360581633346
3,2026-02-03 01:36:37,97742.89768825818,1726.0001380920407,101610,102241,0.9938283076260991
3,2026-02-03 01:36:37,97742.89768825818,1728.0001384735106,101772,102524,0.9926651320666381
3,2026-02-03 01:36:37,97742.89768825818,1730.0001388549804,101806,102199,0.996154561199229
3,2026-02-03 01:36:37,97742.89768825818,1732.0001392364502,101976,102349,0.9963556067963536
3,2026-02-03 01:36:37,97742.89768825818,1734.0001396179198,102297,102255,1.0004107378612292
3,2026-02-03 01:36:37,97742.89768825818,1736.0001399993894,101547,102268,0.9929498963507647
3,2026-02-03 01:36:37,97742.89768825818,1738.0001403808592,101240,102295,0.9896866904540789
3,2026-02-03 01:36:37,97742.89768825818,1740.000140762329,102173,102392,0.9978611610282053
3,2026-02-03 01:36:37,97742.89768825818,1742.0001411437988,101094,102622,0.985110405176278
3,2026-02-03 01:36:37,97742.89768825818,1744.0001415252684,101733,102149,0.9959275176457919
3,2026-02-03 01:36:37,97742.89768825818,1746.000141906738,101643,102158,0.9949587893263376
3,2026-02-03 01:36:37,97742.89768825818,1748.0001422882078,102003,102138,0.9986782588262938
3,2026-02-03 01:36:37,97742.89768825818,1750.0001426696776,101608,101940,0.9967431822640769
3,2026-02-03 01:36:37,97742.89768825818,1752.0001430511475,101534,101837,0.9970246570499917
3,2026-02-03 01:36:37,97742.89768825818,1754.000143432617,101637,101781,0.998585197630206
3,2026-02-03 01:36:37,97742.89768825818,1756.0001438140866,101644,102073,0.99579712558659
3,2026-02-03 01:36:37,97742.89768825818,1758.0001441955565,101403,101842,0.9956894012293552
3,2026-02-03 01:36:37,97742.89768825818,1760.0001445770263,101465,102184,0.9929636733735223
3,2026-02-03 01:36:37,97742.89768825818,1762.000144958496,102194,101784,1.0040281380177631
3,2026-02-03 01:36:37,97742.89768825818,1764.0001453399657,101413,101702,0.9971583646339305
3,2026-02-03 01:36:37,97742.89768825818,1766.0001457214353,101552,102432,0.9914089347079038
3,2026-02-03 01:36:37,97742.89768825818,1768.000146102905,101751,102576,0.9919571829667758
3,2026-02-03 01:36:37,97742.89768825818,1770.000146484375,101906,101894,1.0001177694466798
3,2026-02-03 01:36:37,97742.89768825818,1772.0001468658447,101808,101936,0.9987443101553917
3,2026-02-03 01:36:37,97742.89768825818,1774.0001472473143,100919,101906,0.9903146036543481
3,2026-02-03 01:36:37,97742.89768825818,1776.000147628784,101532,102226,0.9932111204585917
3,2026-02-03 01:36:37,97742.89768825818,1778.0001480102537,102172,102300,0.9987487781036168
3,2026-02-03 01:36:37,97742.89768825818,1780.0001483917235,101604,102360,0.9926143024618992
3,2026-02-03 01:36:37,97742.89768825818,1782.0001487731934,101237,102090,0.9916446272896464
3,2026-02-03 01:36:37,97742.89768825818,1784.000149154663,102458,102712,0.99752706597087
3,2026-02-03 01:36:37,97742.89768825818,1786.0001495361325,101814,102117,0.9970328153000969
3,2026-02-03 01:36:37,97742.89768825818,1788.0001499176024,101562,102277,0.9930091809497736
3,2026-02-03 01:36:37,97742.89768825818,1790.0001502990722,102067,102234,0.9983664925562924
3,2026-02-03 01:36:37,97742.89768825818,1792.000150680542,101557,102953,0.9864404145580993
3,2026-02-03 01:36:37,97742.89768825818,1794.0001510620116,101853,102524,0.993455190979673
3,2026-02-03 01:36:37,97742.89768825818,1796.0001514434812,101729,101443,1.002819317252053
3,2026-02-03 01:36:37,97742.89768825818,1798.000151824951,102311,102602,0.9971637979766477
3,2026-02-03 01:36:37,97742.89768825818,1800.0001522064208,101115,102349,0.987943213905363
3,2026-02-03 01:36:37,97742.89768825818,1802.0001525878906,101710,102758,0.9898012806788766
3,2026-02-03 01:36:37,97742.89768825818,1804.0001529693602,101844,102209,0.9964288859102427
3,2026-02-03 01:36:37,97742.89768825818,1806.0001533508298,101623,101516,1.0010540210410181
3,2026-02-03 01:36:37,97742.89768825818,1808.0001537322996,102491,101769,1.0070944983246373
3,2026-02-03 01:36:37,97742.89768825818,1810.0001541137694,101869,102172,0.9970344125592139
3,2026-02-03 01:36:37,97742.89768825818,1812.0001544952393,101673,101732,0.9994200448236543
3,2026-02-03 01:36:37,97742.89768825818,1814.0001548767088,101287,102433,0.9888121991936193
3,2026-02-03 01:36:37,97742.89768825818,1816.0001552581784,101417,102882,0.9857603856845707
3,2026-02-03 01:36:37,97742.89768825818,1818.0001556396483,102136,102281,0.9985823368954155
3,2026-02-03 01:36:37,97742.89768825818,1820.000156021118,100790,102109,0.9870824315192588
3,2026-02-03 01:36:37,97742.89768825818,1822.000156402588,101111,102180,0.9895380700724212
3,2026-02-03 01:36:37,97742.89768825818,1824.0001567840575,102032,101909,1.0012069591498298
3,2026-02-03 01:36:37,97742.89768825818,1826.000157165527,102027,101880,1.0014428739693757
3,2026-02-03 01:36:37,97742.89768825818,1828.000157546997,101841,102493,0.9936385899524846
3,2026-02-03 01:36:37,97742.89768825818,1830.0001579284667,101726,102887,0.9887157755595946
3,2026-02-03 01:36:37,97742.89768825818,1832.0001583099365,101473,101860,0.996200667582957
3,2026-02-03 01:36:37,97742.89768825818,1834.000158691406,101780,102483,0.9931403257125572
3,2026-02-03 01:36:37,97742.89768825818,1836.0001590728757,101342,102656,0.9871999688279302
3,2026-02-03 01:36:37,97742.89768825818,1838.0001594543455,101677,101680,0.9999704956726987
3,2026-02-03 01:36:37,97742.89768825818,1840.0001598358153,101314,101926,0.9939956438985146
3,2026-02-03 01:36:37,97742.89768825818,1842.0001602172852,102202,102175,1.0002642525079521
3,2026-02-03 01:36:37,97742.89768825818,1844.0001605987547,102211,102160,1.0004992169146436
3,2026-02-03 01:36:37,97742.89768825818,1846.0001609802243,101604,102148,0.994674394016525
3,2026-02-03 01:36:37,97742.89768825818,1848.0001613616942,101090,102493,0.98631126028119
3,2026-02-03 01:36:37,97742.89768825818,1850.000161743164,101886,102356,0.9954081832037204
3,2026-02-03 01:36:37,97742.89768825818,1852.0001621246338,101100,102410,0.9872082804413631
3,2026-02-03 01:36:37,97742.89768825818,1854.0001625061034,101894,101980,0.9991566973916454
3,2026-02-03 01:36:37,97742.89768825818,1856.000162887573,101841,101561,1.0027569637951577
3,2026-02-03 01:36:37,97742.89768825818,1858.0001632690428,101619,102473,0.9916660974110253
3,2026-02-03 01:36:37,97742.89768825818,1860.0001636505126,102974,101992,1.0096282061338144
3,2026-02-03 01:36:37,97742.89768825818,1862.0001640319824,101516,102790,0.9876057982293998
3,2026-02-03 01:36:37,97742.89768825818,1864.000164413452,102159,101765,1.0038716651107944
3,2026-02-03 01:36:37,97742.89768825818,1866.0001647949216,101712,101040,1.0066508313539193
3,2026-02-03 01:36:37,97742.89768825818,1868.0001651763914,102107,101628,1.0047132679970088
3,2026-02-03 01:36:37,97742.89768825818,1870.0001655578612,101970,102094,0.9987854330323036
3,2026-02-03 01:36:37,97742.89768825818,1872.000165939331,101664,102379,0.9930161458892937
3,2026-02-03 01:36:37,97742.89768825818,1874.0001663208006,102374,101842,1.005223778009073
3,2026-02-03 01:36:37,97742.89768825818,1876.0001667022702,101683,102192,0.995019179583529
3,2026-02-03 01:36:37,97742.89768825818,1878.00016708374,101924,102325,0.9960811140972392
3,2026-02-03 01:36:37,97742.89768825818,1880.0001674652099,101887,101443,1.0043768421675225
3,2026-02-03 01:36:37,97742.89768825818,1882.0001678466797,101775,101989,0.9979017345007795
3,2026-02-03 01:36:37,97742.89768825818,1884.0001682281493,101658,101881,0.997811171857363
3,2026-02-03 01:36:37,97742.89768825818,1886.0001686096189,102440,102400,1.000390625
3,2026-02-03 01:36:37,97742.89768825818,1888.0001689910887,101719,101749,0.9997051568074379
3,2026-02-03 01:36:37,97742.89768825818,1890.0001693725585,101270,101872,0.994090623527564
3,2026-02-03 01:36:37,97742.89768825818,1892.0001697540283,101398,102183,0.992317704510535
3,2026-02-03 01:36:37,97742.89768825818,1894.000170135498,101425,101756,0.9967471205629153
3,2026-02-03 01:36:37,97742.89768825818,1896.0001705169675,101910,102611,0.9931683737610978
3,2026-02-03 01:36:37,97742.89768825818,1898.0001708984373,101797,102009,0.9979217520022743
3,2026-02-03 01:36:37,97742.89768825818,1900.0001712799071,101772,102006,0.9977060172931004
3,2026-02-03 01:36:37,97742.89768825818,1902.000171661377,101422,103107,0.9836577535957791
3,2026-02-03 01:36:37,97742.89768825818,1904.0001720428465,101272,101842,0.994403094990279
3,2026-02-03 01:36:37,97742.89768825818,1906.0001724243161,102185,102219,0.9996673808196128
3,2026-02-03 01:36:37,97742.89768825818,1908.000172805786,102004,101925,1.000775079715477
3,2026-02-03 01:36:37,97742.89768825818,1910.0001731872558,101570,101979,0.9959893703605645
3,2026-02-03 01:36:37,97742.89768825818,1912.0001735687256,101876,102063,0.9981677983206451
3,2026-02-03 01:36:37,97742.89768825818,1914.0001739501952,101720,101695,1.0002458331284725
3,2026-02-03 01:36:37,97742.89768825818,1916.0001743316648,101667,102411,0.9927351554032282
3,2026-02-03 01:36:37,97742.89768825818,1918.0001747131346,102270,101665,1.0059509172281513
3,2026-02-03 01:36:37,97742.89768825818,1920.0001750946044,101667,102494,0.991931234999122
3,2026-02-03 01:36:37,97742.89768825818,1922.0001754760742,101591,102702,0.9891822944051722
3,2026-02-03 01:36:37,97742.89768825818,1924.0001758575438,101951,101652,1.0029414079408177
3,2026-02-03 01:36:37,97742.89768825818,1926.0001762390134,102077,102236,0.9984447748346962
3,2026-02-03 01:36:37,97742.89768825818,1928.0001766204832,102125,102038,1.0008526235324096
3,2026-02-03 01:36:37,97742.89768825818,1930.000177001953,101469,102709,0.9879270560515632
3,2026-02-03 01:36:37,97742.89768825818,1932.0001773834229,101886,101990,0.9989802921855084
3,2026-02-03 01:36:37,97742.89768825818,1934.0001777648924,101776,102289,0.9949847979743668
3,2026-02-03 01:36:37,97742.89768825818,1936.000178146362,102309,102340,0.9996970881375806
3,2026-02-03 01:36:37,97742.89768825818,1938.0001785278318,102060,102043,1.0001665964348363
3,2026-02-03 01:36:37,97742.89768825818,1940.0001789093017,101696,102254,0.9945430007628063
3,2026-02-03 01:36:37,97742.89768825818,1942.0001792907715,102024,102282,0.9974775620343755
3,2026-02-03 01:36:37,97742.89768825818,1944.000179672241,101634,102352,0.9929849929654525
3,2026-02-03 01:36:37,97742.89768825818,1946.0001800537107,101481,101778,0.9970818841006898
3,2026-02-03 01:36:37,97742.89768825818,1948.0001804351805,101911,102424,0.9949914082636881
3,2026-02-03 01:36:37,97742.89768825818,1950.0001808166503,101466,102625,0.988706455542022
3,2026-02-03 01:36:37,97742.89768825818,1952.0001811981201,101369,101964,0.9941646071162371
3,2026-02-03 01:36:37,97742.89768825818,1954.0001815795897,101588,102283,0.9932051269516928
3,2026-02-03 01:36:37,97742.89768825818,1956.0001819610593,102053,102223,0.9983369691752345
3,2026-02-03 01:36:37,97742.89768825818,1958.0001823425291,102146,101122,1.010126381994027
3,2026-02-03 01:36:37,97742.89768825818,1960.000182723999,101652,102106,0.9955536403345543
3,2026-02-03 01:36:37,97742.89768825818,1962.0001831054688,100617,102422,0.9823768331022632
3,2026-02-03 01:36:37,97742.89768825818,1964.0001834869383,101320,101336,0.9998421094181732
3,2026-02-03 01:36:37,97742.89768825818,1966.000183868408,101209,101735,0.9948297046247604
3,2026-02-03 01:36:37,97742.89768825818,1968.0001842498777,101970,101929,1.0004022407754418
3,2026-02-03 01:36:37,97742.89768825818,1970.0001846313476,101219,102819,0.9844386737859734
3,2026-02-03 01:36:37,97742.89768825818,1972.0001850128174,101618,102228,0.9940329459639238
3,2026-02-03 01:36:37,97742.89768825818,1974.000185394287,101036,101828,0.9922221785756373
3,2026-02-03 01:36:37,97742.89768825818,1976.0001857757566,101232,101847,0.9939615305310907
3,2026-02-03 01:36:37,97742.89768825818,1978.0001861572264,101398,101938,0.9947026624026369
3,2026-02-03 01:36:37,97742.89768825818,1980.0001865386962,101867,102072,0.9979916137628341
3,2026-02-03 01:36:37,97742.89768825818,1982.000186920166,101810,102078,0.9973745567115343
3,2026-02-03 01:36:37,97742.89768825818,1984.0001873016356,102161,101533,1.0061851811726237
3,2026-02-03 01:36:37,97742.89768825818,1986.0001876831052,101471,102036,0.9944627386412639
3,2026-02-03 01:36:37,97742.89768825818,1988.000188064575,101380,102627,0.9878492014771941
3,2026-02-03 01:36:37,97742.89768825818,1990.0001884460448,102199,102274,0.9992666757924791
3,2026-02-03 01:36:37,97742.89768825818,1992.0001888275146,102227,102211,1.0001565389243818
3,2026-02-03 01:36:37,97742.89768825818,1994.0001892089842,101182,102861,0.9836770010013514
3,2026-02-03 01:36:37,97742.89768825818,1996.0001895904538,102659,102371,1.0028132967344268
3,2026-02-03 01:36:37,97742.89768825818,1998.0001899719236,101884,102108,0.9978062443687077
3,2026-02-03 01:36:37,97742.89768825818,2000.0001903533935,101719,101913,0.9980964155701432
3,2026-02-03 01:36:37,97742.89768825818,2002.0001907348633,101528,102110,0.9943002644207227
3,2026-02-03 01:36:37,97742.89768825818,2004.0001911163329,101390,102014,0.9938831925029897
3,2026-02-03 01:36:37,97742.89768825818,2006.0001914978025,102365,101797,1.0055797322121478
3,2026-02-03 01:36:37,97742.89768825818,2008.0001918792723,101856,102700,0.9917818889970789
3,2026-02-03 01:36:37,97742.89768825818,2010.000192260742,101761,101844,0.9991850280821649
3,2026-02-03 01:36:37,97742.89768825818,2012.000192642212,101822,102016,0.9980983375156838
3,2026-02-03 01:36:37,97742.89768825818,2014.0001930236815,101521,102555,0.9899176051874604
3,2026-02-03 01:36:37,97742.89768825818,2016.000193405151,101891,102225,0.9967326974810468
3,2026-02-03 01:36:37,97742.89768825818,2018.000193786621,102271,102308,0.99963834695234
3,2026-02-03 01:36:37,97742.89768825818,2020.0001941680907,102033,101702,1.0032546065957404
3,2026-02-03 01:36:37,97742.89768825818,2022.0001945495605,101875,102097,0.9978255972261673
3,2026-02-03 01:36:37,97742.89768825818,2024.0001949310301,101541,102005,0.9954512033723837
3,2026-02-03 01:36:37,97742.89768825818,2026.0001953125,101714,101875,0.9984196319018405
3,2026-02-03 01:36:37,97742.89768825818,2028.0001956939695,101422,102372,0.9907201187824796
3,2026-02-03 01:36:37,97742.89768825818,2030.0001960754394,101466,102241,0.9924198706976654
3,2026-02-03 01:36:37,97742.89768825818,2032.000196456909,101555,102213,0.9935624627004392
3,2026-02-03 01:36:37,97742.89768825818,2034.0001968383788,102011,102142,0.9987174717550077
3,2026-02-03 01:36:37,97742.89768825818,2036.0001972198486,101370,102082,0.9930252150232166
3,2026-02-03 01:36:37,97742.89768825818,2038.0001976013182,101854,102083,0.9977567273689057
3,2026-02-03 01:36:37,97742.89768825818,2040.000197982788,101348,101641,0.9971173050245472
3,2026-02-03 01:36:37,97742.89768825818,2042.0001983642576,101668,101767,0.9990271895604665
3,2026-02-03 01:36:37,97742.89768825818,2044.0001987457274,101816,102475,0.9935691632105391
3,2026-02-03 01:36:37,97742.89768825818,2046.0001991271972,101418,101866,0.9956020654585436
3,2026-02-03 01:36:37,97742.89768825818,2048.000199508667,101396,102008,0.9940004705513293
3,2026-02-03 01:36:37,97742.89768825818,2050.0001998901366,102136,102323,0.998172453895996
3,2026-02-03 01:36:37,97742.89768825818,2052.0002002716064,101494,102590,0.9893166975338727
3,2026-02-03 01:36:37,97742.89768825818,2054.000200653076,101522,102454,0.9909032346223671
3,2026-02-03 01:36:37,97742.89768825818,2056.000201034546,101934,102399,0.9954589400287113
3,2026-02-03 01:36:37,97742.89768825818,2058.0002014160154,101356,101900,0.9946614327772326
3,2026-02-03 01:36:37,97742.89768825818,2060.0002017974853,101824,102769,0.9908046200702546
3,2026-02-03 01:36:37,97742.89768825818,2062.000202178955,101698,102170,0.9953802486052657
3,2026-02-03 01:36:37,97742.89768825818,2064.0002025604244,101594,102386,0.9922645674213272
3,2026-02-03 01:36:37,97742.89768825818,2066.0002029418947,101310,102456,0.9888147107050832
3,2026-02-03 01:36:37,97742.89768825818,2068.000203323364,101236,102840,0.9844029560482302
3,2026-02-03 01:36:37,97742.89768825818,2070.000203704834,101502,102059,0.9945423725492117
3,2026-02-03 01:36:37,97742.89768825818,2072.0002040863037,101782,102549,0.992520648665516
3,2026-02-03 01:36:37,97742.89768825818,2074.000204467773,101737,102614,0.9914534079170484
3,2026-02-03 01:36:37,97742.89768825818,2076.0002048492433,101432,101939,0.995026437379217
3,2026-02-03 01:36:37,97742.89768825818,2078.0002052307127,101568,102132,0.9944777346962754
3,2026-02-03 01:36:37,97742.89768825818,2080.0002056121825,101958,102201,0.9976223324625003
3,2026-02-03 01:36:37,97742.89768825818,2082.0002059936523,102020,101449,1.0056284438486334
3,2026-02-03 01:36:37,97742.89768825818,2084.0002063751217,101367,102771,0.9863385585427796
3,2026-02-03 01:36:37,97742.89768825818,2086.000206756592,101902,102127,0.9977968607713925
3,2026-02-03 01:36:37,97742.89768825818,2088.0002071380613,102265,101696,1.0055951069855256
3,2026-02-03 01:36:37,97742.89768825818,2090.000207519531,101240,102228,0.9903353288727159
3,2026-02-03 01:36:37,97742.89768825818,2092.000207901001,101568,102019,0.9955792548446858
3,2026-02-03 01:36:37,97742.89768825818,2094.0002082824703,101651,102022,0.9963635294348278
3,2026-02-03 01:36:37,97742.89768825818,2096.0002086639406,101046,101711,0.9934618674479653
3,2026-02-03 01:36:37,97742.89768825818,2098.00020904541,101582,102556,0.9905027497172276
3,2026-02-03 01:36:37,97742.89768825818,2100.00020942688,101647,102092,0.9956411863809114
3,2026-02-03 01:36:37,97742.89768825818,2102.0002098083496,101637,103021,0.9865658457984294
3,2026-02-03 01:36:37,97742.89768825818,2104.000210189819,101402,102247,0.9917356988469099
3,2026-02-03 01:36:37,97742.89768825818,2106.0002105712892,101740,102179,0.9957036181602873
3,2026-02-03 01:36:37,97742.89768825818,2108.0002109527586,101400,101872,0.9953667347259306
3,2026-02-03 01:36:37,97742.89768825818,2110.0002113342284,101647,102235,0.9942485450188292
3,2026-02-03 01:36:37,97742.89768825818,2112.0002117156982,101386,102119,0.9928220997072044
3,2026-02-03 01:36:37,97742.89768825818,2114.0002120971676,101704,101773,0.9993220205752017
3,2026-02-03 01:36:37,97742.89768825818,2116.000212478638,102109,102411,0.9970510980265792
3,2026-02-03 01:36:37,97742.89768825818,2118.0002128601072,102203,101849,1.0034757336841795
3,2026-02-03 01:36:37,97742.89768825818,2120.000213241577,101634,101890,0.9974874865050545
3,2026-02-03 01:36:37,97742.89768825818,2122.000213623047,101205,102189,0.9903707835481314
3,2026-02-03 01:36:37,97742.89768825818,2124.0002140045162,101709,102451,0.9927575133478443
3,2026-02-03 01:36:37,97742.89768825818,2126.0002143859865,101808,102364,0.9945684029541636
3,2026-02-03 01:36:37,97742.89768825818,2128.000214767456,101942,102545,0.9941196547857039
3,2026-02-03 01:36:37,97742.89768825818,2130.0002151489257,101996,102385,0.9962006153245104
3,2026-02-03 01:36:37,97742.89768825818,2132.0002155303955,101262,101717,0.9955268047622324
3,2026-02-03 01:36:37,97742.89768825818,2134.000215911865,102057,102211,0.998493312852824
3,2026-02-03 01:36:37,97742.89768825818,2136.000216293335,101440,101962,0.9948804456562249
3,2026-02-03 01:36:37,97742.89768825818,2138.0002166748045,101998,101803,1.00191546418082
3,2026-02-03 01:36:37,97742.89768825818,2140.0002170562743,101611,101697,0.9991543506691446
3,2026-02-03 01:36:37,97742.89768825818,2142.000217437744,100985,101508,0.9948476967332625
3,2026-02-03 01:36:37,97742.89768825818,2144.0002178192135,101702,102209,0.9950395757712139
3,2026-02-03 01:36:37,97742.89768825818,2146.000218200684,101912,102191,0.9972698182814533
3,2026-02-03 01:36:37,97742.89768825818,2148.000218582153,101244,102437,0.9883538174682975
3,2026-02-03 01:36:37,97742.89768825818,2150.000218963623,102227,102416,0.9981545852210592
3,2026-02-03 01:36:37,97742.89768825818,2152.000219345093,102095,102413,0.9968949254489177
3,2026-02-03 01:36:37,97742.89768825818,2154.000219726562,102441,101887,1.0054373963312297
3,2026-02-03 01:36:37,97742.89768825818,2156.0002201080324,102445,102274,1.0016719791931479
3,2026-02-03 01:36:37,97742.89768825818,2158.0002204895018,102245,102359,0.9988862728240799
3,2026-02-03 01:36:37,97742.89768825818,2160.0002208709716,101861,102163,0.9970439395867389
3,2026-02-03 01:36:37,97742.89768825818,2162.0002212524414,101298,102534,0.987945461993095
3,2026-02-03 01:36:37,97742.89768825818,2164.0002216339108,101632,102808,0.9885612014629211
3,2026-02-03 01:36:37,97742.89768825818,2166.000222015381,102198,102402,0.9980078514091522
3,2026-02-03 01:36:37,97742.89768825818,2168.0002223968504,102696,102199,1.0048630612824
3,2026-02-03 01:36:37,97742.89768825818,2170.00022277832,101999,102804,0.9921695653865609
3,2026-02-03 01:36:37,97742.89768825818,2172.00022315979,101643,101518,1.0012313087334266
3,2026-02-03 01:36:37,97742.89768825818,2174.0002235412594,101912,102658,0.9927331527986129
3,2026-02-03 01:36:37,97742.89768825818,2176.0002239227297,102046,101990,1.0005490734385725
3,2026-02-03 01:36:37,97742.89768825818,2178.000224304199,101272,102208,0.9908422041327489
3,2026-02-03 01:36:37,97742.89768825818,2180.000224685669,101490,102215,0.9929071075673824
3,2026-02-03 01:36:37,97742.89768825818,2182.0002250671387,101712,101837,0.9987725482879504
3,2026-02-03 01:36:37,97742.89768825818,2184.000225448608,101280,101965,0.9932820085323395
3,2026-02-03 01:36:37,97742.89768825818,2186.0002258300783,101554,102096,0.9946912709606645
3,2026-02-03 01:36:37,97742.89768825818,2188.0002262115477,102674,101498,1.0115864352006936
3,2026-02-03 01:36:37,97742.89768825818,2190.0002265930175,102333,101390,1.0093007199921096
3,2026-02-03 01:36:37,97742.89768825818,2192.0002269744873,101659,101879,0.9978405755847624
3,2026-02-03 01:36:37,97742.89768825818,2194.0002273559567,102572,102541,1.0003023180971513
3,2026-02-03 01:36:37,97742.89768825818,2196.000227737427,101689,101961,0.997332313335491
3,2026-02-03 01:36:37,97742.89768825818,2198.0002281188963,101928,102548,0.9939540507859734
3,2026-02-03 01:36:37,97742.89768825818,2200.000228500366,101561,102146,0.9942729034910814
3,2026-02-03 01:36:37,97742.89768825818,2202.000228881836,102196,101450,1.007353376047314
3,2026-02-03 01:36:37,97742.89768825818,2204.0002292633053,101386,102472,0.9894019829807167
3,2026-02-03 01:36:37,97742.89768825818,2206.0002296447756,101535,102291,0.9926093204680764
3,2026-02-03 01:36:37,97742.89768825818,2208.000230026245,101822,102016,0.9980983375156838
3,2026-02-03 01:36:37,97742.89768825818,2210.0002304077148,101337,101729,0.9961466248562357
3,2026-02-03 01:36:37,97742.89768825818,2212.0002307891846,101564,101965,0.9960672779875448
3,2026-02-03 01:36:37,97742.89768825818,2214.000231170654,101927,102431,0.995079614569808
3,2026-02-03 01:36:37,97742.89768825818,2216.000231552124,102315,102166,1.001458410821604
3,2026-02-03 01:36:37,97742.89768825818,2218.0002319335936,102108,101978,1.0012747847574968
3,2026-02-03 01:36:37,97742.89768825818,2220.0002323150634,101629,102825,0.9883685874057865
3,2026-02-03 01:36:37,97742.89768825818,2222.000232696533,101817,102407,0.99423867509057
3,2026-02-03 01:36:37,97742.89768825818,2224.0002330780026,102114,102628,0.9949916202206026
3,2026-02-03 01:36:37,97742.89768825818,2226.000233459473,101944,101434,1.0050278999152158
3,2026-02-03 01:36:37,97742.89768825818,2228.000233840942,101667,102413,0.9927157685059514
3,2026-02-03 01:36:37,97742.89768825818,2230.000234222412,102291,102005,1.002803784128229
3,2026-02-03 01:36:37,97742.89768825818,2232.000234603882,101405,101838,0.9957481490209942
3,2026-02-03 01:36:37,97742.89768825818,2234.000234985351,101601,102482,0.9914033683964013
3,2026-02-03 01:36:37,97742.89768825818,2236.0002353668215,101679,101988,0.9969702317919755
3,2026-02-03 01:36:37,97742.89768825818,2238.000235748291,102473,102032,1.0043221734357848
3,2026-02-03 01:36:37,97742.89768825818,2240.0002361297607,101345,102505,0.98868347885469
3,2026-02-03 01:36:37,97742.89768825818,2242.0002365112305,101673,101722,0.9995182949607755
3,2026-02-03 01:36:37,97742.89768825818,2244.0002368927,101100,101700,0.9941002949852508
3,2026-02-03 01:36:37,97742.89768825818,2246.00023727417,102366,102113,1.0024776473122914
3,2026-02-03 01:36:37,97742.89768825818,2248.0002376556395,101654,102199,0.994667266803002
3,2026-02-03 01:36:37,97742.89768825818,2250.0002380371093,101609,102821,0.9882125246788107
3,2026-02-03 01:36:37,97742.89768825818,2252.000238418579,102011,102788,0.992440751838736
3,2026-02-03 01:36:37,97742.89768825818,2254.0002388000485,102215,102113,1.0009988933828209
3,2026-02-03 01:36:37,97742.89768825818,2256.0002391815187,101352,102198,0.9917219515059003
3,2026-02-03 01:36:37,97742.89768825818,2258.000239562988,101177,101791,0.9939680325372577
3,2026-02-03 01:36:37,97742.89768825818,2260.000239944458,101587,102440,0.9916731745411949
3,2026-02-03 01:36:37,97742.89768825818,2262.0002403259277,102324,102354,0.9997068995837974
3,2026-02-03 01:36:37,97742.89768825818,2264.000240707397,101095,102017,0.9909622905986257
3,2026-02-03 01:36:37,97742.89768825818,2266.0002410888674,101572,101729,0.9984566839347678
3,2026-02-03 01:36:37,97742.89768825818,2268.0002414703367,101791,101998,0.9979705484421263
3,2026-02-03 01:36:37,97742.89768825818,2270.0002418518065,101259,102159,0.991190203506299
3,2026-02-03 01:36:37,97742.89768825818,2272.0002422332764,102047,102548,0.9951144829738269
3,2026-02-03 01:36:37,97742.89768825818,2274.0002426147457,101476,101869,0.9961421040748413
3,2026-02-03 01:36:37,97742.89768825818,2276.000242996216,101858,101566,1.0028749778469173
3,2026-02-03 01:36:37,97742.89768825818,2278.0002433776854,102561,101923,1.0062596273657565
3,2026-02-03 01:36:37,97742.89768825818,2280.000243759155,101639,102350,0.9930532486565706
3,2026-02-03 01:36:37,97742.89768825818,2282.000244140625,102320,102036,1.0027833313732408
3,2026-02-03 01:36:37,97742.89768825818,2284.0002445220944,101494,102265,0.9924607637021464
3,2026-02-03 01:36:37,97742.89768825818,2286.0002449035646,102275,101450,1.008132084770823
3,2026-02-03 01:36:37,97742.89768825818,2288.000245285034,101815,101959,0.9985876675918751
3,2026-02-03 01:36:37,97742.89768825818,2290.000245666504,101630,102344,0.9930235284921441
3,2026-02-03 01:36:37,97742.89768825818,2292.0002460479736,102230,102128,1.0009987466708445
3,2026-02-03 01:36:37,97742.89768825818,2294.000246429443,101895,102131,0.9976892422477015
3,2026-02-03 01:36:37,97742.89768825818,2296.0002468109133,101522,101554,0.9996848967052012
3,2026-02-03 01:36:37,97742.89768825818,2298.0002471923826,101905,101985,0.9992155709172917
3,2026-02-03 01:36:37,97742.89768825818,2300.0002475738524,101412,101996,0.9942742852660889
3,2026-02-03 01:36:37,97742.89768825818,2302.0002479553223,101250,102315,0.9895909690661193
3,2026-02-03 01:36:37,97742.89768825818,2304.0002483367916,101209,102234,0.9899739812586811
3,2026-02-03 01:36:37,97742.89768825818,2306.000248718262,100888,101929,0.9897870086040282
3,2026-02-03 01:36:37,97742.89768825818,2308.0002490997313,100238,102403,0.9788580412683222
3,2026-02-03 01:36:37,97742.89768825818,2310.000249481201,100871,101749,0.9913709225643496
3,2026-02-03 01:36:37,97742.89768825818,2312.000249862671,100754,102142,0.9864110747782499
3,2026-02-03 01:36:37,97742.89768825818,2314.0002502441403,101215,101962,0.9926737411977011
3,2026-02-03 01:36:37,97742.89768825818,2316.0002506256105,101470,101697,0.997767879091812
3,2026-02-03 01:36:37,97742.89768825818,2318.00025100708,101308,101909,0.9941025817150595
3,2026-02-03 01:36:37,97742.89768825818,2320.0002513885497,101394,102171,0.9923951023284494
3,2026-02-03 01:36:37,97742.89768825818,2322.0002517700195,101455,102383,0.9909359952335837
3,2026-02-03 01:36:37,97742.89768825818,2324.000252151489,102022,102562,0.9947348920652873
3,2026-02-03 01:36:37,97742.89768825818,2326.000252532959,101560,101784,0.9977992611805392
3,2026-02-03 01:36:37,97742.89768825818,2328.0002529144285,101127,102273,0.9887946965474759
3,2026-02-03 01:36:37,97742.89768825818,2330.0002532958983,101695,101668,1.0002655702876029
3,2026-02-03 01:36:37,97742.89768825818,2332.000253677368,101780,102133,0.9965437224011827
3,2026-02-03 01:36:37,97742.89768825818,2334.0002540588375,101962,102184,0.9978274485242308
3,2026-02-03 01:36:37,97742.89768825818,2336.000254440308,101751,101940,0.998145968216598
3,2026-02-03 01:36:37,97742.89768825818,2338.000254821777,101677,102089,0.9959643056548698
3,2026-02-03 01:36:37,97742.89768825818,2340.000255203247,101713,101672,1.000403257534031
3,2026-02-03 01:36:37,97742.89768825818,2342.000255584717,101889,102001,0.9989019715492985
3,2026-02-03 01:36:37,97742.89768825818,2344.000255966186,101138,102468,0.9870203380567592
3,2026-02-03 01:36:37,97742.89768825818,2346.0002563476564,101982,102072,0.999118269456854
3,2026-02-03 01:36:37,97742.89768825818,2348.000256729126,101697,102761,0.9896458773270015
3,2026-02-03 01:36:37,97742.89768825818,2350.0002571105956,101895,102867,0.9905509055382192
3,2026-02-03 01:36:37,97742.89768825818,2352.0002574920654,102088,101664,1.004170601196097
3,2026-02-03 01:36:37,97742.89768825818,2354.000257873535,101466,101815,0.9965722143102687
3,2026-02-03 01:36:37,97742.89768825818,2356.000258255005,101504,102072,0.9944353005721451
3,2026-02-03 01:36:37,97742.89768825818,2358.0002586364744,101402,101949,0.9946345721880548
3,2026-02-03 01:36:37,97742.89768825818,2360.0002590179442,101391,102041,0.9936300114659794
3,2026-02-03 01:36:37,97742.89768825818,2362.000259399414,101148,102402,0.9877541454268471
3,2026-02-03 01:36:37,97742.89768825818,2364.0002597808834,101775,101827,0.9994893299419604
3,2026-02-03 01:36:37,97742.89768825818,2366.0002601623537,101476,101836,0.9964649043560234
3,2026-02-03 01:36:37,97742.89768825818,2368.000260543823,101536,101931,0.9961248295415526
3,2026-02-03 01:36:37,97742.89768825818,2370.000260925293,101275,101971,0.9931745300134351
3,2026-02-03 01:36:37,97742.89768825818,2372.0002613067627,101914,102509,0.9941956316030788
3,2026-02-03 01:36:37,97742.89768825818,2374.000261688232,101992,101423,1.0056101673190498
3,2026-02-03 01:36:37,97742.89768825818,2376.0002620697023,101311,101869,0.9945223767780188
3,2026-02-03 01:36:37,97742.89768825818,2378.0002624511717,102158,101968,1.001863329672054
3,2026-02-03 01:36:37,97742.89768825818,2380.0002628326415,101128,101976,0.9916843178787166
3,2026-02-03 01:36:37,97742.89768825818,2382.0002632141113,101894,102299,0.9960410170187391
3,2026-02-03 01:36:37,97742.89768825818,2384.0002635955807,102061,102021,1.0003920761411866
3,2026-02-03 01:36:37,97742.89768825818,2386.000263977051,100968,102327,0.986719047758656
3,2026-02-03 01:36:37,97742.89768825818,2388.0002643585203,101573,101895,0.996839884194514
3,2026-02-03 01:36:37,97742.89768825818,2390.00026473999,101739,102184,0.9956451107805527
3,2026-02-03 01:36:37,97742.89768825818,2392.00026512146,101508,101980,0.995371641498333
3,2026-02-03 01:36:37,97742.89768825818,2394.0002655029293,101765,102160,0.9961335160532498
3,2026-02-03 01:36:37,97742.89768825818,2396.0002658843996,102060,102672,0.9940392706872371
3,2026-02-03 01:36:37,97742.89768825818,2398.000266265869,101241,102282,0.9898222561154455
3,2026-02-03 01:36:37,97742.89768825818,2400.000266647339,101778,102283,0.9950627181447552
3,2026-02-03 01:36:37,97742.89768825818,2402.0002670288086,102027,102220,0.9981119154764234
3,2026-02-03 01:36:37,97742.89768825818,2404.000267410278,101342,101669,0.9967836803745488
3,2026-02-03 01:36:37,97742.89768825818,2406.0002677917482,101361,102311,0.9907145859194026
3,2026-02-03 01:36:37,97742.89768825818,2408.0002681732176,101929,102475,0.9946718711880946
3,2026-02-03 01:36:37,97742.89768825818,2410.0002685546874,101832,102059,0.9977757963530899
3,2026-02-03 01:36:37,97742.89768825818,2412.000268936157,102090,101847,1.0023859318389348
3,2026-02-03 01:36:37,97742.89768825818,2414.0002693176266,101410,101927,0.9949277424038773
3,2026-02-03 01:36:37,97742.89768825818,2416.000269699097,101714,102365,0.9936404044351097
3,2026-02-03 01:36:37,97742.89768825818,2418.000270080566,101647,102131,0.9952609883385064
3,2026-02-03 01:36:37,97742.89768825818,2420.000270462036,102195,101766,1.0042155533282235
3,2026-02-03 01:36:37,97742.89768825818,2422.000270843506,101659,102111,0.9955734445848146
3,2026-02-03 01:36:37,97742.89768825818,2424.000271224975,101590,101869,0.9972611883890095
3,2026-02-03 01:36:37,97742.89768825818,2426.0002716064455,101656,102344,0.9932775736731024
3,2026-02-03 01:36:37,97742.89768825818,2428.000271987915,101217,101901,0.9932876026731828
3,2026-02-03 01:36:37,97742.89768825818,2430.0002723693847,101545,102221,0.9933868774517957
3,2026-02-03 01:36:37,97742.89768825818,2432.0002727508545,101217,102313,0.9892877737921867
3,2026-02-03 01:36:37,97742.89768825818,2434.000273132324,101714,101761,0.9995381334696003
3,2026-02-03 01:36:37,97742.89768825818,2436.000273513794,102178,102305,0.9987586139484874
3,2026-02-03 01:36:37,97742.89768825818,2438.0002738952635,101571,102320,0.9926798279906177
3,2026-02-03 01:36:37,97742.89768825818,2440.0002742767333,101720,102020,0.997059400117624
3,2026-02-03 01:36:37,97742.89768825818,2442.000274658203,101922,102688,0.9925405110626363
3,2026-02-03 01:36:37,97742.89768825818,2444.0002750396725,101788,102187,0.9960953937389296
3,2026-02-03 01:36:37,97742.89768825818,2446.0002754211428,102108,102664,0.9945842749162316
3,2026-02-03 01:36:37,97742.89768825818,2448.000275802612,100926,102228,0.9872637633525062
3,2026-02-03 01:36:37,97742.89768825818,2450.000276184082,101940,102095,0.9984818061609285
3,2026-02-03 01:36:37,97742.89768825818,2452.0002765655518,102065,102331,0.9974005921959133
3,2026-02-03 01:36:37,97742.89768825818,2454.000276947021,101619,101630,0.9998917642428417
3,2026-02-03 01:36:37,97742.89768825818,2456.0002773284914,101847,102022,0.9982846836956735
3,2026-02-03 01:36:37,97742.89768825818,2458.0002777099608,101706,102314,0.9940575092362727
3,2026-02-03 01:36:37,97742.89768825818,2460.0002780914306,102087,103329,0.9879801411026914
3,2026-02-03 01:36:37,97742.89768825818,2462.0002784729004,101934,102595,0.9935571908962425
3,2026-02-03 01:36:37,97742.89768825818,2464.0002788543698,101553,102152,0.9941361892082387
3,2026-02-03 01:36:37,97742.89768825818,2466.00027923584,101684,102303,0.993949346548977
3,2026-02-03 01:36:37,97742.89768825818,2468.0002796173094,102011,102560,0.9946470358814352
3,2026-02-03 01:36:37,97742.89768825818,2470.000279998779,101584,102503,0.9910344087490123
3,2026-02-03 01:36:37,97742.89768825818,2472.000280380249,101869,102496,0.9938826881049017
3,2026-02-03 01:36:37,97742.89768825818,2474.0002807617184,102013,101907,1.001040164071163
3,2026-02-03 01:36:37,97742.89768825818,2476.0002811431887,101264,102099,0.9918216632875935
3,2026-02-03 01:36:37,97742.89768825818,2478.000281524658,101582,101848,0.9973882648652894
3,2026-02-03 01:36:37,97742.89768825818,2480.000281906128,102574,102094,1.0047015495523732
3,2026-02-03 01:36:37,97742.89768825818,2482.0002822875977,101407,101650,0.9976094441711756
3,2026-02-03 01:36:37,97742.89768825818,2484.000282669067,101617,102706,0.9893969193620625
3,2026-02-03 01:36:37,97742.89768825818,2486.0002830505373,101629,102357,0.992887638363766
3,2026-02-03 01:36:37,97742.89768825818,2488.0002834320067,101236,103028,0.9826066700314477
3,2026-02-03 01:36:37,97742.89768825818,2490.0002838134765,102107,101466,1.0063173871050402
3,2026-02-03 01:36:37,97742.89768825818,2492.0002841949463,102102,102190,0.9991388589881594
3,2026-02-03 01:36:37,97742.89768825818,2494.0002845764157,101297,102386,0.9893637802043248
3,2026-02-03 01:36:37,97742.89768825818,2496.000284957886,101492,102569,0.9894997513868713
3,2026-02-03 01:36:37,97742.89768825818,2498.0002853393553,101731,102326,0.9941852510603366
3,2026-02-03 01:36:37,97742.89768825818,2500.000285720825,102071,102291,0.9978492731520857
4,2026-02-03 02:08:32,93030.4820325017,999.9999996185302,95729,96145,0.995673201934578
4,2026-02-03 02:08:32,93030.4820325017,1001.9999999999999,95342,96447,0.9885429303140585
4,2026-02-03 02:08:32,93030.4820325017,1004.0000003814696,95906,95815,1.0009497469081041
4,2026-02-03 02:08:32,93030.4820325017,1006.0000007629394,96231,96207,1.0002494620973525
4,2026-02-03 02:08:32,93030.4820325017,1008.0000011444091,95958,96112,0.9983977026802064
4,2026-02-03 02:08:32,93030.4820325017,1010.0000015258788,95923,96172,0.99741088882419
4,2026-02-03 02:08:32,93030.4820325017,1012.0000019073485,96458,95944,1.005357291753523
4,2026-02-03 02:08:32,93030.4820325017,1014.0000022888182,95948,96219,0.9971835084546711
4,2026-02-03 02:08:32,93030.4820325017,1016.000002670288,96253,96448,0.9979781851360319
4,2026-02-03 02:08:32,93030.4820325017,1018.0000030517577,96047,96362,0.9967310765654511
4,2026-02-03 02:08:32,93030.4820325017,1020.0000034332274,96081,96815,0.992418530186438
4,2026-02-03 02:08:32,93030.4820325017,1022.0000038146972,95770,96175,0.995788926436184
4,2026-02-03 02:08:32,93030.4820325017,1024.0000041961669,95683,96495,0.9915850562205296
4,2026-02-03 02:08:32,93030.4820325017,1026.0000045776367,96157,96077,1.0008326654662407
4,2026-02-03 02:08:32,93030.4820325017,1028.0000049591063,95928,96648,0.9925502855723863
4,2026-02-03 02:08:32,93030.4820325017,1030.000005340576,96320,96792,0.9951235639309034
4,2026-02-03 02:08:32,93030.4820325017,1032.000005722046,96007,96678,0.993059434411138
4,2026-02-03 02:08:32,93030.4820325017,1034.0000061035155,95708,96642,0.9903354649117361
4,2026-02-03 02:08:32,93030.4820325017,1036.0000064849853,96204,96818,0.9936582040529653
4,2026-02-03 02:08:32,93030.4820325017,1038.000006866455,96205,96527,0.9966641457830452
4,2026-02-03 02:08:32,93030.4820325017,1040.0000072479247,96055,96470,0.9956981445008811
4,2026-02-03 02:08:32,93030.4820325017,1042.0000076293945,96006,96363,0.9962952585535942
4,2026-02-03 02:08:32,93030.4820325017,1044.0000080108641,96195,96224,0.9996986198869305
4,2026-02-03 02:08:32,93030.4820325017,1046.000008392334,95128,95978,0.9911438037883682
4,2026-02-03 02:08:32,93030.4820325017,1048.0000087738035,96239,96183,1.000582223469844
4,2026-02-03 02:08:32,93030.4820325017,1050.0000091552733,95662,96511,0.9912030752971164
4,2026-02-03 02:08:32,93030.4820325017,1052.0000095367432,96176,95613,1.0058883206258564
4,2026-02-03 02:08:32,93030.4820325017,1054.0000099182128,95961,96675,0.9926144297905353
4,2026-02-03 02:08:32,93030.4820325017,1056.0000102996826,96242,96477,0.997564186282741
4,2026-02-03 02:08:32,93030.4820325017,1058.0000106811522,95907,96248,0.9964570692378023
4,2026-02-03 02:08:32,93030.4820325017,1060.000011062622,95789,96609,0.9915121779544349
4,2026-02-03 02:08:32,93030.4820325017,1062.0000114440918,95625,96012,0.9959692538432696
4,2026-02-03 02:08:32,93030.4820325017,1064.0000118255614,95352,96196,0.9912262464135723
4,2026-02-03 02:08:32,93030.4820325017,1066.0000122070312,95535,96221,0.9928705791874954
4,2026-02-03 02:08:32,93030.4820325017,1068.0000125885008,96319,96433,0.9988178320699346
4,2026-02-03 02:08:32,93030.4820325017,1070.0000129699706,95643,96590,0.9901956724298582
4,2026-02-03 02:08:32,93030.4820325017,1072.0000133514404,95328,96009,0.9929069149767209
4,2026-02-03 02:08:32,93030.4820325017,1074.00001373291,95421,96422,0.9896185517827881
4,2026-02-03 02:08:32,93030.4820325017,1076.0000141143798,95290,96255,0.9899745467767909
4,2026-02-03 02:08:32,93030.4820325017,1078.0000144958494,95870,96417,0.9943267266146012
4,2026-02-03 02:08:32,93030.4820325017,1080.0000148773192,95683,95550,1.0013919413919414
4,2026-02-03 02:08:32,93030.4820325017,1082.000015258789,96579,95868,1.0074164476154712
4,2026-02-03 02:08:32,93030.4820325017,1084.0000156402587,96605,95713,1.0093195281727665
4,2026-02-03 02:08:32,93030.4820325017,1086.0000160217285,96083,95661,1.0044114111288822
4,2026-02-03 02:08:32,93030.4820325017,1088.000016403198,95462,96561,0.9886185934279885
4,2026-02-03 02:08:32,93030.4820325017,1090.0000167846679,96173,96516,0.9964461850884827
4,2026-02-03 02:08:32,93030.4820325017,1092.0000171661377,96014,95898,1.001209618553046
4,2026-02-03 02:08:32,93030.4820325017,1094.0000175476073,96136,96316,0.998131151625898
4,2026-02-03 02:08:32,93030.4820325017,1096.000017929077,95793,96076,0.9970544152545902
4,2026-02-03 02:08:32,93030.4820325017,1098.0000183105467,95909,96488,0.9939992537932179
4,2026-02-03 02:08:32,93030.4820325017,1100.0000186920165,96258,95730,1.0055155123785646
4,2026-02-03 02:08:32,93030.4820325017,1102.0000190734863,96170,96172,0.9999792039262987
4,2026-02-03 02:08:32,93030.4820325017,1104.000019454956,96173,96340,0.9982665559476853
4,2026-02-03 02:08:32,93030.4820325017,1106.0000198364257,95997,96556,0.9942106135299722
4,2026-02-03 02:08:32,93030.4820325017,1108.0000202178953,95548,96258,0.992623989694363
4,2026-02-03 02:08:32,93030.4820325017,1110.0000205993651,95279,96253,0.9898808348830685
4,2026-02-03 02:08:32,93030.4820325017,1112.000020980835,95667,96465,0.9917275695848236
4,2026-02-03 02:08:32,93030.4820325017,1114.0000213623046,95678,96415,0.9923559612093554
4,2026-02-03 02:08:32,93030.4820325017,1116.0000217437744,96463,96069,1.0041012189155711
4,2026-02-03 02:08:32,93030.4820325017,1118.000022125244,95884,96357,0.9950911713731229
4,2026-02-03 02:08:32,93030.4820325017,1120.0000225067138,96005,96450,0.995386210471747
4,2026-02-03 02:08:32,93030.4820325017,1122.0000228881836,95973,96619,0.9933139444622693
4,2026-02-03 02:08:32,93030.4820325017,1124.0000232696532,96232,96119,1.0011756260468794
4,2026-02-03 02:08:32,93030.4820325017,1126.000023651123,95554,96324,0.9920061459241726
4,2026-02-03 02:08:32,93030.4820325017,1128.0000240325926,96254,96138,1.00120659884749
4,2026-02-03 02:08:32,93030.4820325017,1130.0000244140624,95818,96136,0.9966921860697345
4,2026-02-03 02:08:32,93030.4820325017,1132.0000247955322,96416,96955,0.9944407199216131
4,2026-02-03 02:08:32,93030.4820325017,1134.0000251770018,96046,96263,0.9977457590143669
4,2026-02-03 02:08:32,93030.4820325017,1136.0000255584716,95607,96353,0.9922576359843492
4,2026-02-03 02:08:32,93030.4820325017,1138.0000259399412,95894,96157,0.9972648897116174
4,2026-02-03 02:08:32,93030.4820325017,1140.000026321411,95469,96373,0.9906197793987943
4,2026-02-03 02:08:32,93030.4820325017,1142.0000267028809,95962,96338,0.9960970748821857
4,2026-02-03 02:08:32,93030.4820325017,1144.0000270843504,95979,96589,0.993684581059955
4,2026-02-03 02:08:32,93030.4820325017,1146.0000274658203,96036,96710,0.9930307103712129
4,2026-02-03 02:08:32,93030.4820325017,1148.0000278472899,95735,96879,0.9881914553205545
4,2026-02-03 02:08:32,93030.4820325017,1150.0000282287597,96202,95860,1.0035677029000627
4,2026-02-03 02:08:32,93030.4820325017,1152.0000286102295,95959,97307,0.9861469370137811
4,2026-02-03 02:08:32,93030.4820325017,1154.000028991699,95825,96341,0.994644024869993
4,2026-02-03 02:08:32,93030.4820325017,1156.000029373169,95654,96495,0.9912845225141199
4,2026-02-03 02:08:32,93030.4820325017,1158.0000297546385,96131,96106,1.0002601294404097
4,2026-02-03 02:08:32,93030.4820325017,1160.0000301361083,95903,96119,0.9977527856095049
4,2026-02-03 02:08:32,93030.4820325017,1162.0000305175781,95957,96104,0.9984704070590193
4,2026-02-03 02:08:32,93030.4820325017,1164.0000308990477,95775,95723,1.0005432341234604
4,2026-02-03 02:08:32,93030.4820325017,1166.0000312805175,95389,96870,0.984711468979044
4,2026-02-03 02:08:32,93030.4820325017,1168.0000316619871,95741,96273,0.9944740477600158
4,2026-02-03 02:08:32,93030.4820325017,1170.000032043457,95450,96633,0.9877578053046061
4,2026-02-03 02:08:32,93030.4820325017,1172.0000324249268,96249,96092,1.0016338508928944
4,2026-02-03 02:08:32,93030.4820325017,1174.0000328063963,95829,96287,0.995243386957741
4,2026-02-03 02:08:32,93030.4820325017,1176.0000331878662,96085,96170,0.9991161484870542
4,2026-02-03 02:08:32,93030.4820325017,1178.0000335693358,96103,96556,0.9953084220555947
4,2026-02-03 02:08:32,93030.4820325017,1180.0000339508056,95717,96280,0.9941524719567927
4,2026-02-03 02:08:32,93030.4820325017,1182.0000343322754,95479,96253,0.9919586921966068
4,2026-02-03 02:08:32,93030.4820325017,1184.000034713745,95872,96251,0.9960623785726902
4,2026-02-03 02:08:32,93030.4820325017,1186.0000350952148,96172,96616,0.995404487869504
4,2026-02-03 02:08:32,93030.4820325017,1188.0000354766844,96415,96816,0.9958581226243596
4,2026-02-03 02:08:32,93030.4820325017,1190.0000358581542,96577,96043,1.0055600095790427
4,2026-02-03 02:08:32,93030.4820325017,1192.000036239624,96600,96986,0.9960200441300806
4,2026-02-03 02:08:32,93030.4820325017,1194.0000366210936,95918,96254,0.9965092359798035
4,2026-02-03 02:08:32,93030.4820325017,1196.0000370025634,96539,96697,0.998366029969906
4,2026-02-03 02:08:32,93030.4820325017,1198.000037384033,95769,96200,0.9955197505197505
4,2026-02-03 02:08:32,93030.4820325017,1200.0000377655028,95927,96416,0.9949282276800531
4,2026-02-03 02:08:32,93030.4820325017,1202.0000381469727,96285,96340,0.9994291052522317
4,2026-02-03 02:08:32,93030.4820325017,1204.0000385284422,95737,96917,0.9878246334492401
4,2026-02-03 02:08:32,93030.4820325017,1206.000038909912,96343,96301,1.0004361325427567
4,2026-02-03 02:08:32,93030.4820325017,1208.0000392913817,95885,96074,0.9980327664092262
4,2026-02-03 02:08:32,93030.4820325017,1210.0000396728515,95721,96094,0.9961183840822528
4,2026-02-03 02:08:32,93030.4820325017,1212.0000400543213,95005,96544,0.9840590818694067
4,2026-02-03 02:08:32,93030.4820325017,1214.0000404357909,95933,96623,0.9928588431325874
4,2026-02-03 02:08:32,93030.4820325017,1216.0000408172607,96199,96481,0.9970771447227952
4,2026-02-03 02:08:32,93030.4820325017,1218.0000411987303,94796,96133,0.9860921847856615
4,2026-02-03 02:08:32,93030.4820325017,1220.0000415802,96327,96392,0.9993256701800979
4,2026-02-03 02:08:32,93030.4820325017,1222.00004196167,95407,96284,0.9908915292260396
4,2026-02-03 02:08:32,93030.4820325017,1224.0000423431395,95845,96153,0.996796771811592
4,2026-02-03 02:08:32,93030.4820325017,1226.0000427246093,95442,95996,0.9942289262052586
4,2026-02-03 02:08:32,93030.4820325017,1228.000043106079,95776,95946,0.9982281700122986
4,2026-02-03 02:08:32,93030.4820325017,1230.0000434875487,95897,96347,0.9953293823367619
4,2026-02-03 02:08:32,93030.4820325017,1232.0000438690186,95813,96577,0.9920892137879619
4,2026-02-03 02:08:32,93030.4820325017,1234.0000442504881,95618,96629,0.9895373024661334
4,2026-02-03 02:08:32,93030.4820325017,1236.000044631958,95835,96287,0.9953057006657181
4,2026-02-03 02:08:32,93030.4820325017,1238.0000450134276,96402,96313,1.0009240704785438
4,2026-02-03 02:08:32,93030.4820325017,1240.0000453948974,96159,96422,0.9972724067121611
4,2026-02-03 02:08:32,93030.4820325017,1242.0000457763672,96066,96399,0.996545607319578
4,2026-02-03 02:08:32,93030.4820325017,1244.0000461578368,95691,96370,0.992954238871018
4,2026-02-03 02:08:32,93030.4820325017,1246.0000465393066,95821,95872,0.9994680407209613
4,2026-02-03 02:08:32,93030.4820325017,1248.0000469207762,96075,96952,0.990954286657315
4,2026-02-03 02:08:32,93030.4820325017,1250.000047302246,96053,96212,0.9983473994927867
4,2026-02-03 02:08:32,93030.4820325017,1252.0000476837158,95541,96044,0.994762817042189
4,2026-02-03 02:08:32,93030.4820325017,1254.0000480651854,96243,96479,0.9975538718270297
4,2026-02-03 02:08:32,93030.4820325017,1256.0000484466552,95869,96519,0.9932655746536951
4,2026-02-03 02:08:32,93030.4820325017,1258.0000488281248,96106,95912,1.0020226874635083
4,2026-02-03 02:08:32,93030.4820325017,1260.0000492095946,96017,96383,0.9962026498448897
4,2026-02-03 02:08:32,93030.4820325017,1262.0000495910645,96177,96210,0.9996570003118179
4,2026-02-03 02:08:32,93030.4820325017,1264.000049972534,95649,95778,0.998653135375556
4,2026-02-03 02:08:32,93030.4820325017,1266.0000503540039,96667,96262,1.00420726766533
4,2026-02-03 02:08:32,93030.4820325017,1268.0000507354735,95994,96904,0.9906092627755304
4,2026-02-03 02:08:32,93030.4820325017,1270.0000511169433,95936,96471,0.994454291963388
4,2026-02-03 02:08:32,93030.4820325017,1272.000051498413,95712,96546,0.9913616307252502
4,2026-02-03 02:08:32,93030.4820325017,1274.0000518798827,95981,96575,0.9938493398912762
4,2026-02-03 02:08:32,93030.4820325017,1276.0000522613525,96130,95942,1.0019595172083133
4,2026-02-03 02:08:32,93030.4820325017,1278.000052642822,95345,96228,0.9908238766263457
4,2026-02-03 02:08:32,93030.4820325017,1280.000053024292,95975,95614,1.0037755977158156
4,2026-02-03 02:08:32,93030.4820325017,1282.0000534057617,95934,96400,0.9951659751037344
4,2026-02-03 02:08:32,93030.4820325017,1284.0000537872313,96275,95778,1.0051890830879742
4,2026-02-03 02:08:32,93030.4820325017,1286.0000541687011,96082,96228,0.9984827700877084
4,2026-02-03 02:08:32,93030.4820325017,1288.0000545501707,96042,96494,0.9953157709287624
4,2026-02-03 02:08:32,93030.4820325017,1290.0000549316405,95542,96591,0.9891397749272707
4,2026-02-03 02:08:32,93030.4820325017,1292.0000553131104,96517,96799,0.9970867467639128
4,2026-02-03 02:08:32,93030.4820325017,1294.00005569458,95611,96475,0.991044311997927
4,2026-02-03 02:08:32,93030.4820325017,1296.0000560760498,96192,96460,0.99722164627825
4,2026-02-03 02:08:32,93030.4820325017,1298.0000564575193,95926,96093,0.9982621002570427
4,2026-02-03 02:08:32,93030.4820325017,1300.0000568389892,95971,96578,0.9937149247240572
4,2026-02-03 02:08:32,93030.4820325017,1302.000057220459,95754,96361,0.9937007710588308
4,2026-02-03 02:08:32,93030.4820325017,1304.0000576019286,95992,96440,0.99535462463708
4,2026-02-03 02:08:32,93030.4820325017,1306.0000579833984,95582,95640,0.9993935591802593
4,2026-02-03 02:08:32,93030.4820325017,1308.000058364868,95715,96139,0.9955897190526217
4,2026-02-03 02:08:32,93030.4820325017,1310.0000587463378,96177,96178,0.9999896026118239
4,2026-02-03 02:08:32,93030.4820325017,1312.0000591278076,96319,96867,0.9943427586278093
4,2026-02-03 02:08:32,93030.4820325017,1314.0000595092772,95798,96170,0.9961318498492253
4,2026-02-03 02:08:32,93030.4820325017,1316.000059890747,96329,96150,1.0018616744669786
4,2026-02-03 02:08:32,93030.4820325017,1318.0000602722166,96065,96020,1.0004686523640909
4,2026-02-03 02:08:32,93030.4820325017,1320.0000606536864,96287,95919,1.0038365704396417
4,2026-02-03 02:08:32,93030.4820325017,1322.0000610351562,96340,96205,1.0014032534691544
4,2026-02-03 02:08:32,93030.4820325017,1324.0000614166258,95782,96418,0.9934037212968533
4,2026-02-03 02:08:32,93030.4820325017,1326.0000617980957,96322,96316,1.0000622949458033
4,2026-02-03 02:08:32,93030.4820325017,1328.0000621795652,95633,95996,0.9962185924413517
4,2026-02-03 02:08:32,93030.4820325017,1330.000062561035,95160,96476,0.9863593017952651
4,2026-02-03 02:08:32,93030.4820325017,1332.0000629425049,95641,95860,0.997715418318381
4,2026-02-03 02:08:32,93030.4820325017,1334.0000633239745,96122,95742,1.0039690000208894
4,2026-02-03 02:08:32,93030.4820325017,1336.0000637054443,95697,96404,0.9926662794074934
4,2026-02-03 02:08:32,93030.4820325017,1338.0000640869139,95565,96542,0.9898800522052578
4,2026-02-03 02:08:32,93030.4820325017,1340.0000644683837,95796,96542,0.9922727931884568
4,2026-02-03 02:08:32,93030.4820325017,1342.0000648498535,96126,95903,1.0023252661543434
4,2026-02-03 02:08:32,93030.4820325017,1344.000065231323,96182,96463,0.9970869659869588
4,2026-02-03 02:08:32,93030.4820325017,1346.000065612793,96249,96380,0.9986407968458186
4,2026-02-03 02:08:32,93030.4820325017,1348.0000659942625,96224,96368,0.9985057280425037
4,2026-02-03 02:08:32,93030.4820325017,1350.0000663757323,95742,95841,0.9989670391586064
4,2026-02-03 02:08:32,93030.4820325017,1352.0000667572021,95980,96019,0.9995938303877357
4,2026-02-03 02:08:32,93030.4820325017,1354.0000671386717,96253,96006,1.0025727558694248
4,2026-02-03 02:08:32,93030.4820325017,1356.0000675201416,95762,96358,0.993814732559829
4,2026-02-03 02:08:32,93030.4820325017,1358.0000679016111,95562,96265,0.9926972419882616
4,2026-02-03 02:08:32,93030.4820325017,1360.000068283081,95799,96694,0.9907439965251205
4,2026-02-03 02:08:32,93030.4820325017,1362.0000686645508,95711,96303,0.9938527356364807
4,2026-02-03 02:08:32,93030.4820325017,1364.0000690460204,96218,96794,0.994049217926731
4,2026-02-03 02:08:32,93030.4820325017,1366.0000694274902,96142,96748,0.9937363046264522
4,2026-02-03 02:08:32,93030.4820325017,1368.0000698089598,96302,96927,0.9935518482982038
4,2026-02-03 02:08:32,93030.4820325017,1370.0000701904296,96367,95940,1.0044506983531374
4,2026-02-03 02:08:32,93030.4820325017,1372.0000705718994,96075,96385,0.996783731908492
4,2026-02-03 02:08:32,93030.4820325017,1374.000070953369,95406,96542,0.9882331006194195
4,2026-02-03 02:08:32,93030.4820325017,1376.0000713348388,95415,96571,0.9880295326754409
4,2026-02-03 02:08:32,93030.4820325017,1378.0000717163084,95843,95996,0.998406183590983
4,2026-02-03 02:08:32,93030.4820325017,1380.0000720977782,95834,96261,0.9955641433186857
4,2026-02-03 02:08:32,93030.4820325017,1382.000072479248,95686,96152,0.9951535069473334
4,2026-02-03 02:08:32,93030.4820325017,1384.0000728607176,96069,96180,0.9988459139114161
4,2026-02-03 02:08:32,93030.4820325017,1386.0000732421875,95770,95648,1.0012755102040816
4,2026-02-03 02:08:32,93030.4820325017,1388.000073623657,96279,96485,0.9978649531015183
4,2026-02-03 02:08:32,93030.4820325017,1390.0000740051269,95439,95378,1.0006395604856466
4,2026-02-03 02:08:32,93030.4820325017,1392.0000743865967,95931,95955,0.9997498827575426
4,2026-02-03 02:08:32,93030.4820325017,1394.0000747680663,96565,95650,1.009566126502875
4,2026-02-03 02:08:32,93030.4820325017,1396.000075149536,96215,96317,0.9989409969164322
4,2026-02-03 02:08:32,93030.4820325017,1398.0000755310057,95864,96522,0.993182901307474
4,2026-02-03 02:08:32,93030.4820325017,1400.0000759124755,95117,95762,0.9932645517010923
4,2026-02-03 02:08:32,93030.4820325017,1402.0000762939453,95771,96234,0.9951888106074777
4,2026-02-03 02:08:32,93030.4820325017,1404.000076675415,96177,96964,0.9918835856606576
4,2026-02-03 02:08:32,93030.4820325017,1406.0000770568847,95416,96776,0.9859469289906588
4,2026-02-03 02:08:32,93030.4820325017,1408.0000774383543,96228,96653,0.9956028266065202
4,2026-02-03 02:08:32,93030.4820325017,1410.0000778198241,95712,96267,0.9942347845055938
4,2026-02-03 02:08:32,93030.4820325017,1412.000078201294,95878,96922,0.989228451744702
4,2026-02-03 02:08:32,93030.4820325017,1414.0000785827635,95605,96201,0.9938046382054241
4,2026-02-03 02:08:32,93030.4820325017,1416.0000789642334,95881,96263,0.9960317048087012
4,2026-02-03 02:08:32,93030.4820325017,1418.000079345703,96189,96864,0.9930314667988107
4,2026-02-03 02:08:32,93030.4820325017,1420.0000797271728,95415,95977,0.9941444304364587
4,2026-02-03 02:08:32,93030.4820325017,1422.0000801086426,95702,96443,0.9923167052041102
4,2026-02-03 02:08:32,93030.4820325017,1424.0000804901122,95851,96259,0.9957614352943621
4,2026-02-03 02:08:32,93030.4820325017,1426.000080871582,95652,95630,1.0002300533305448
4,2026-02-03 02:08:32,93030.4820325017,1428.0000812530516,95893,95693,1.0020900170336389
4,2026-02-03 02:08:32,93030.4820325017,1430.0000816345214,95243,96376,0.9882439611521541
4,2026-02-03 02:08:32,93030.4820325017,1432.0000820159912,95804,96266,0.9952007977894584
4,2026-02-03 02:08:32,93030.4820325017,1434.0000823974608,96022,96099,0.999198742962986
4,2026-02-03 02:08:32,93030.4820325017,1436.0000827789306,95387,96737,0.9860446364886238
4,2026-02-03 02:08:32,93030.4820325017,1438.0000831604002,95723,96811,0.98876160766855
4,2026-02-03 02:08:32,93030.4820325017,1440.00008354187,96279,95877,1.0041928721174005
4,2026-02-03 02:08:32,93030.4820325017,1442.0000839233398,95848,96639,0.9918148987468828
4,2026-02-03 02:08:32,93030.4820325017,1444.0000843048094,96190,96245,0.9994285417424281
4,2026-02-03 02:08:32,93030.4820325017,1446.0000846862793,95993,96201,0.9978378603133023
4,2026-02-03 02:08:32,93030.4820325017,1448.0000850677488,95924,96294,0.996157600681247
4,2026-02-03 02:08:32,93030.4820325017,1450.0000854492187,96087,96187,0.9989603584684001
4,2026-02-03 02:08:32,93030.4820325017,1452.0000858306885,96217,96955,0.9923882213397968
4,2026-02-03 02:08:32,93030.4820325017,1454.000086212158,95119,96148,0.9892977493031576
4,2026-02-03 02:08:32,93030.4820325017,1456.0000865936279,95876,96810,0.9903522363392212
4,2026-02-03 02:08:32,93030.4820325017,1458.0000869750975,95887,96689,0.9917053646226561
4,2026-02-03 02:08:32,93030.4820325017,1460.0000873565673,96343,97189,0.9912953111977693
4,2026-02-03 02:08:32,93030.4820325017,1462.000087738037,96293,97052,0.9921794501916499
4,2026-02-03 02:08:32,93030.4820325017,1464.0000881195067,95862,95775,1.0009083790133124
4,2026-02-03 02:08:32,93030.4820325017,1466.0000885009765,96731,95717,1.0105937294315535
4,2026-02-03 02:08:32,93030.4820325017,1468.000088882446,95197,96220,0.9893681147370609
4,2026-02-03 02:08:32,93030.4820325017,1470.000089263916,95393,95990,0.9937806021460569
4,2026-02-03 02:08:32,93030.4820325017,1472.0000896453857,96124,95853,1.002827245886931
4,2026-02-03 02:08:32,93030.4820325017,1474.0000900268553,95959,95928,1.0003231590359436
4,2026-02-03 02:08:32,93030.4820325017,1476.0000904083251,96481,96091,1.0040586527354278
4,2026-02-03 02:08:32,93030.4820325017,1478.0000907897947,96035,96217,0.998108442375048
4,2026-02-03 02:08:32,93030.4820325017,1480.0000911712646,95991,96247,0.9973401768366806
4,2026-02-03 02:08:32,93030.4820325017,1482.0000915527344,95704,95984,0.9970828471411902
4,2026-02-03 02:08:32,93030.4820325017,1484.000091934204,96177,95876,1.0031394718177646
4,2026-02-03 02:08:32,93030.4820325017,1486.0000923156738,96413,96598,0.9980848464771528
4,2026-02-03 02:08:32,93030.4820325017,1488.0000926971434,96313,95704,1.006363370392042
4,2026-02-03 02:08:32,93030.4820325017,1490.0000930786132,95881,96434,0.994265508015845
4,2026-02-03 02:08:32,93030.4820325017,1492.000093460083,95895,95574,1.0033586540272459
4,2026-02-03 02:08:32,93030.4820325017,1494.0000938415526,96045,96163,0.9987729168183189
4,2026-02-03 02:08:32,93030.4820325017,1496.0000942230224,95325,96040,0.9925551853394419
4,2026-02-03 02:08:32,93030.4820325017,1498.000094604492,95840,97031,0.9877255722397996
4,2026-02-03 02:08:32,93030.4820325017,1500.0000949859618,95712,96129,0.9956620790812346
4,2026-02-03 02:08:32,93030.4820325017,1502.0000953674316,95940,96505,0.9941453810683384
4,2026-02-03 02:08:32,93030.4820325017,1504.0000957489012,96382,96907,0.9945824347054393
4,2026-02-03 02:08:32,93030.4820325017,1506.000096130371,95568,96083,0.9946400507894216
4,2026-02-03 02:08:32,93030.4820325017,1508.0000965118406,95784,96672,0.9908142999006951
4,2026-02-03 02:08:32,93030.4820325017,1510.0000968933105,95940,96318,0.9960754999065595
4,2026-02-03 02:08:32,93030.4820325017,1512.0000972747803,96499,96512,0.9998653017241379
4,2026-02-03 02:08:32,93030.4820325017,1514.0000976562499,95818,96378,0.9941895453319223
4,2026-02-03 02:08:32,93030.4820325017,1516.0000980377195,96225,96757,0.9945016898002211
4,2026-02-03 02:08:32,93030.4820325017,1518.0000984191893,95740,96831,0.9887329470933895
4,2026-02-03 02:08:32,93030.4820325017,1520.000098800659,95639,96468,0.9914064767591325
4,2026-02-03 02:08:32,93030.4820325017,1522.000099182129,95375,95952,0.9939865766216441
4,2026-02-03 02:08:32,93030.4820325017,1524.0000995635985,96081,95959,1.0012713763169687
4,2026-02-03 02:08:32,93030.4820325017,1526.000099945068,95772,96358,0.9939185122148654
4,2026-02-03 02:08:32,93030.4820325017,1528.000100326538,95448,96577,0.9883098460295929
4,2026-02-03 02:08:32,93030.4820325017,1530.0001007080077,95516,96494,0.9898646547971894
4,2026-02-03 02:08:32,93030.4820325017,1532.0001010894775,96382,96695,0.9967630177361808
4,2026-02-03 02:08:32,93030.4820325017,1534.0001014709471,95787,96336,0.9943011958146487
4,2026-02-03 02:08:32,93030.4820325017,1536.0001018524167,96379,95973,1.0042303564544195
4,2026-02-03 02:08:32,93030.4820325017,1538.0001022338865,96383,96499,0.9987979150043006
4,2026-02-03 02:08:32,93030.4820325017,1540.0001026153564,95725,96265,0.9943904845998026
4,2026-02-03 02:08:32,93030.4820325017,1542.0001029968262,96106,96404,0.9969088419567653
4,2026-02-03 02:08:32,93030.4820325017,1544.0001033782958,96158,96092,1.0006868417766308
4,2026-02-03 02:08:32,93030.4820325017,1546.0001037597654,95546,96327,0.991892200525294
4,2026-02-03 02:08:32,93030.4820325017,1548.0001041412352,95479,96390,0.9905488121174396
4,2026-02-03 02:08:32,93030.4820325017,1550.000104522705,95810,96445,0.9934159365441443
4,2026-02-03 02:08:32,93030.4820325017,1552.0001049041748,95990,96728,0.9923703581176081
4,2026-02-03 02:08:32,93030.4820325017,1554.0001052856444,95672,96450,0.991933644375324
4,2026-02-03 02:08:32,93030.4820325017,1556.000105667114,95845,96285,0.9954302331619671
4,2026-02-03 02:08:32,93030.4820325017,1558.0001060485838,95612,95870,0.9973088557421508
4,2026-02-03 02:08:32,93030.4820325017,1560.0001064300536,96007,95942,1.0006774926518105
4,2026-02-03 02:08:32,93030.4820325017,1562.0001068115234,95485,96225,0.9923096908287867
4,2026-02-03 02:08:32,93030.4820325017,1564.000107192993,95932,96294,0.9962406795854363
4,2026-02-03 02:08:32,93030.4820325017,1566.0001075744626,95410,96103,0.9927889868162284
4,2026-02-03 02:08:32,93030.4820325017,1568.0001079559324,96397,96038,1.0037381036672983
4,2026-02-03 02:08:32,93030.4820325017,1570.0001083374023,95970,96227,0.9973292319203549
4,2026-02-03 02:08:32,93030.4820325017,1572.000108718872,95839,96383,0.9943558511355737
4,2026-02-03 02:08:32,93030.4820325017,1574.0001091003417,96083,95914,1.001761995120629
4,2026-02-03 02:08:32,93030.4820325017,1576.0001094818113,95869,96177,0.9967975711448683
4,2026-02-03 02:08:32,93030.4820325017,1578.000109863281,95958,96319,0.9962520375003894
4,2026-02-03 02:08:32,93030.4820325017,1580.0001102447509,95752,96416,0.9931131762363093
4,2026-02-03 02:08:32,93030.4820325017,1582.0001106262207,95342,96597,0.9870078780914521
4,2026-02-03 02:08:32,93030.4820325017,1584.0001110076903,95741,96436,0.9927931477871335
4,2026-02-03 02:08:32,93030.4820325017,1586.0001113891599,95885,96421,0.9944410450005704
4,2026-02-03 02:08:32,93030.4820325017,1588.0001117706297,96133,96100,1.0003433922996878
4,2026-02-03 02:08:32,93030.4820325017,1590.0001121520995,96245,96500,0.9973575129533678
4,2026-02-03 02:08:32,93030.4820325017,1592.0001125335693,96049,96666,0.9936171973599818
4,2026-02-03 02:08:32,93030.4820325017,1594.000112915039,96446,96587,0.9985401762141903
4,2026-02-03 02:08:32,93030.4820325017,1596.0001132965085,95504,96127,0.9935189905021482
4,2026-02-03 02:08:32,93030.4820325017,1598.0001136779783,96071,95545,1.0055052593018996
4,2026-02-03 02:08:32,93030.4820325017,1600.0001140594482,95635,96356,0.9925173315621237
4,2026-02-03 02:08:32,93030.4820325017,1602.000114440918,95498,96549,0.9891143357259008
4,2026-02-03 02:08:32,93030.4820325017,1604.0001148223876,95891,95888,1.0000312865009178
4,2026-02-03 02:08:32,93030.4820325017,1606.0001152038571,96417,96680,0.9972796855606123
4,2026-02-03 02:08:32,93030.4820325017,1608.000115585327,96031,95791,1.002505454583416
4,2026-02-03 02:08:32,93030.4820325017,1610.0001159667968,95825,96349,0.9945614381052217
4,2026-02-03 02:08:32,93030.4820325017,1612.0001163482666,96092,95912,1.0018767203269663
4,2026-02-03 02:08:32,93030.4820325017,1614.0001167297362,95803,95802,1.0000104381954447
4,2026-02-03 02:08:32,93030.4820325017,1616.0001171112058,95815,96509,0.9928089608223067
4,2026-02-03 02:08:32,93030.4820325017,1618.0001174926756,95990,96618,0.993500175950651
4,2026-02-03 02:08:32,93030.4820325017,1620.0001178741454,96224,96078,1.0015195986594225
4,2026-02-03 02:08:32,93030.4820325017,1622.0001182556152,96127,96015,1.0011664844034787
4,2026-02-03 02:08:32,93030.4820325017,1624.0001186370848,95635,96242,0.9936929822738514
4,2026-02-03 02:08:32,93030.4820325017,1626.0001190185544,95971,96226,0.9973499885685781
4,2026-02-03 02:08:32,93030.4820325017,1628.0001194000242,96101,96488,0.9959891385457259
4,2026-02-03 02:08:32,93030.4820325017,1630.000119781494,95954,96055,0.9989485190776117
4,2026-02-03 02:08:32,93030.4820325017,1632.0001201629639,95941,97111,0.9879519312951159
4,2026-02-03 02:08:32,93030.4820325017,1634.0001205444335,95742,96468,0.9924741883318821
4,2026-02-03 02:08:32,93030.4820325017,1636.000120925903,96353,96015,1.0035202832890695
4,2026-02-03 02:08:32,93030.4820325017,1638.0001213073729,95772,96420,0.9932794026135656
4,2026-02-03 02:08:32,93030.4820325017,1640.0001216888427,95371,96005,0.9933961772824332
4,2026-02-03 02:08:32,93030.4820325017,1642.0001220703125,96137,96406,0.9972097172375164
4,2026-02-03 02:08:32,93030.4820325017,1644.000122451782,96063,96060,1.0000312304809493
4,2026-02-03 02:08:32,93030.4820325017,1646.0001228332517,96352,96049,1.003154639819259
4,2026-02-03 02:08:32,93030.4820325017,1648.0001232147215,95045,96620,0.983699027116539
4,2026-02-03 02:08:32,93030.4820325017,1650.0001235961913,95553,96031,0.9950224406702003
4,2026-02-03 02:08:32,93030.4820325017,1652.0001239776611,95849,96294,0.9953787359544728
4,2026-02-03 02:08:32,93030.4820325017,1654.0001243591307,95999,95601,1.0041631363688663
4,2026-02-03 02:08:32,93030.4820325017,1656.0001247406003,95764,96699,0.9903308203807691
4,2026-02-03 02:08:32,93030.4820325017,1658.0001251220701,95878,96267,0.9959591552660829
4,2026-02-03 02:08:32,93030.4820325017,1660.00012550354,95443,95998,0.9942186295547824
4,2026-02-03 02:08:32,93030.4820325017,1662.0001258850098,95726,96900,0.9878844169246646
4,2026-02-03 02:08:32,93030.4820325017,1664.0001262664794,95567,96193,0.993492249955818
4,2026-02-03 02:08:32,93030.4820325017,1666.000126647949,95897,96522,0.9935247922753362
4,2026-02-03 02:08:32,93030.4820325017,1668.0001270294188,95617,96031,0.9956888921285835
4,2026-02-03 02:08:32,93030.4820325017,1670.0001274108886,96088,96225,0.9985762535723565
4,2026-02-03 02:08:32,93030.4820325017,1672.0001277923584,95791,96403,0.9936516498449218
4,2026-02-03 02:08:32,93030.4820325017,1674.000128173828,95469,96541,0.9888959095099491
4,2026-02-03 02:08:32,93030.4820325017,1676.0001285552976,95621,96804,0.9877794306020412
4,2026-02-03 02:08:32,93030.4820325017,1678.0001289367674,96588,96273,1.0032719454052539
4,2026-02-03 02:08:32,93030.4820325017,1680.0001293182372,96169,96441,0.9971796227745461
4,2026-02-03 02:08:32,93030.4820325017,1682.000129699707,95873,95852,1.0002190877602972
4,2026-02-03 02:08:32,93030.4820325017,1684.0001300811766,95945,96823,0.9909319066750669
4,2026-02-03 02:08:32,93030.4820325017,1686.0001304626462,96310,96193,1.0012163047207177
4,2026-02-03 02:08:32,93030.4820325017,1688.000130844116,96509,96907,0.9958929695481235
4,2026-02-03 02:08:32,93030.4820325017,1690.0001312255858,95861,96419,0.9942127588960682
4,2026-02-03 02:08:32,93030.4820325017,1692.0001316070557,95202,96695,0.984559698019546
4,2026-02-03 02:08:32,93030.4820325017,1694.0001319885253,95793,96276,0.9949831733765424
4,2026-02-03 02:08:32,93030.4820325017,1696.0001323699948,95472,96691,0.9873928287017406
4,2026-02-03 02:08:32,93030.4820325017,1698.0001327514647,95727,96086,0.9962637637116749
4,2026-02-03 02:08:32,93030.4820325017,1700.0001331329345,95660,96742,0.9888156126604783
4,2026-02-03 02:08:32,93030.4820325017,1702.0001335144043,96145,96679,0.9944765667828588
4,2026-02-03 02:08:32,93030.4820325017,1704.000133895874,96032,96401,0.9961722388771901
4,2026-02-03 02:08:32,93030.4820325017,1706.0001342773435,95444,96118,0.9929877858465636
4,2026-02-03 02:08:32,93030.4820325017,1708.0001346588133,96014,96208,0.9979835356727091
4,2026-02-03 02:08:32,93030.4820325017,1710.000135040283,95861,96150,0.9969942797711908
4,2026-02-03 02:08:32,93030.4820325017,1712.000135421753,95885,95976,0.9990518462949071
4,2026-02-03 02:08:32,93030.4820325017,1714.0001358032225,95753,96438,0.9928969908127502
4,2026-02-03 02:08:32,93030.4820325017,1716.000136184692,96038,96448,0.99574900464499
4,2026-02-03 02:08:32,93030.4820325017,1718.000136566162,95496,96153,0.9931671398708308
4,2026-02-03 02:08:32,93030.4820325017,1720.0001369476317,96370,95655,1.0074747791542522
4,2026-02-03 02:08:32,93030.4820325017,1722.0001373291016,95998,96498,0.9948185454620821
4,2026-02-03 02:08:32,93030.4820325017,1724.0001377105712,96008,95830,1.0018574559115099
4,2026-02-03 02:08:32,93030.4820325017,1726.0001380920407,96041,96616,0.9940486047859568
4,2026-02-03 02:08:32,93030.4820325017,1728.0001384735106,95548,96679,0.9883014925681896
4,2026-02-03 02:08:32,93030.4820325017,1730.0001388549804,95451,96330,0.990875116786048
4,2026-02-03 02:08:32,93030.4820325017,1732.0001392364502,96150,96056,1.0009785958191055
4,2026-02-03 02:08:32,93030.4820325017,1734.0001396179198,96521,95705,1.0085262003030144
4,2026-02-03 02:08:32,93030.4820325017,1736.0001399993894,96596,96498,1.001015565089432
4,2026-02-03 02:08:32,93030.4820325017,1738.0001403808592,95955,96623,0.9930865321921282
4,2026-02-03 02:08:32,93030.4820325017,1740.000140762329,96510,96400,1.0011410788381743
4,2026-02-03 02:08:32,93030.4820325017,1742.0001411437988,96285,96320,0.9996366279069767
4,2026-02-03 02:08:32,93030.4820325017,1744.0001415252684,96140,95535,1.0063327576280945
4,2026-02-03 02:08:32,93030.4820325017,1746.000141906738,95875,96020,0.9984898979379296
4,2026-02-03 02:08:32,93030.4820325017,1748.0001422882078,95720,96565,0.9912494174908093
4,2026-02-03 02:08:32,93030.4820325017,1750.0001426696776,96132,96112,1.0002080905610122
4,2026-02-03 02:08:32,93030.4820325017,1752.0001430511475,96016,96452,0.9954796168042135
4,2026-02-03 02:08:32,93030.4820325017,1754.000143432617,95693,96107,0.9956923012891881
4,2026-02-03 02:08:32,93030.4820325017,1756.0001438140866,95833,96688,0.9911571239450604
4,2026-02-03 02:08:32,93030.4820325017,1758.0001441955565,94951,96991,0.9789671206606798
4,2026-02-03 02:08:32,93030.4820325017,1760.0001445770263,96361,95700,1.0069070010449321
4,2026-02-03 02:08:32,93030.4820325017,1762.000144958496,95919,96006,0.9990938066370851
4,2026-02-03 02:08:32,93030.4820325017,1764.0001453399657,96242,96123,1.0012379971494856
4,2026-02-03 02:08:32,93030.4820325017,1766.0001457214353,95718,96027,0.9967821550189009
4,2026-02-03 02:08:32,93030.4820325017,1768.000146102905,95611,96601,0.9897516588855187
4,2026-02-03 02:08:32,93030.4820325017,1770.000146484375,96101,96316,0.997767764442045
4,2026-02-03 02:08:32,93030.4820325017,1772.0001468658447,95611,96166,0.9942287294885926
4,2026-02-03 02:08:32,93030.4820325017,1774.0001472473143,96138,95993,1.0015105268092466
4,2026-02-03 02:08:32,93030.4820325017,1776.000147628784,96250,96056,1.0020196552011327
4,2026-02-03 02:08:32,93030.4820325017,1778.0001480102537,95627,96139,0.9946743777239205
4,2026-02-03 02:08:32,93030.4820325017,1780.0001483917235,95599,96410,0.9915880095425785
4,2026-02-03 02:08:32,93030.4820325017,1782.0001487731934,96264,96461,0.9979577238469434
4,2026-02-03 02:08:32,93030.4820325017,1784.000149154663,96468,96336,1.0013702042850026
4,2026-02-03 02:08:32,93030.4820325017,1786.0001495361325,96170,95760,1.004281537176274
4,2026-02-03 02:08:32,93030.4820325017,1788.0001499176024,96198,96881,0.9929501140574519
4,2026-02-03 02:08:32,93030.4820325017,1790.0001502990722,95837,95386,1.004728157171912
4,2026-02-03 02:08:32,93030.4820325017,1792.000150680542,95999,96297,0.9969054072297164
4,2026-02-03 02:08:32,93030.4820325017,1794.0001510620116,96332,96394,0.9993568064402348
4,2026-02-03 02:08:32,93030.4820325017,1796.0001514434812,96288,95968,1.0033344448149384
4,2026-02-03 02:08:32,93030.4820325017,1798.000151824951,96265,96283,0.9998130511097494
4,2026-02-03 02:08:32,93030.4820325017,1800.0001522064208,96170,96405,0.9975623670971423
4,2026-02-03 02:08:32,93030.4820325017,1802.0001525878906,95932,96227,0.9969343323599406
4,2026-02-03 02:08:32,93030.4820325017,1804.0001529693602,95923,96036,0.9988233579074514
4,2026-02-03 02:08:32,93030.4820325017,1806.0001533508298,95652,96879,0.9873347165020283
4,2026-02-03 02:08:32,93030.4820325017,1808.0001537322996,95374,96711,0.9861753058080259
4,2026-02-03 02:08:32,93030.4820325017,1810.0001541137694,95861,96237,0.9960929787919407
4,2026-02-03 02:08:32,93030.4820325017,1812.0001544952393,95510,96536,0.9893718405568906
4,2026-02-03 02:08:32,93030.4820325017,1814.0001548767088,95895,96072,0.9981576317761679
4,2026-02-03 02:08:32,93030.4820325017,1816.0001552581784,95497,96274,0.9919292851652575
4,2026-02-03 02:08:32,93030.4820325017,1818.0001556396483,95760,96263,0.9947747317245463
4,2026-02-03 02:08:32,93030.4820325017,1820.000156021118,95703,96391,0.9928624041663641
4,2026-02-03 02:08:32,93030.4820325017,1822.000156402588,95771,95840,0.9992800500834724
4,2026-02-03 02:08:32,93030.4820325017,1824.0001567840575,95934,96020,0.9991043532597376
4,2026-02-03 02:08:32,93030.4820325017,1826.000157165527,96215,96672,0.995272674611056
4,2026-02-03 02:08:32,93030.4820325017,1828.000157546997,95918,96224,0.9968199201862321
4,2026-02-03 02:08:32,93030.4820325017,1830.0001579284667,95994,96653,0.993181794667522
4,2026-02-03 02:08:32,93030.4820325017,1832.0001583099365,95595,96646,0.9891252612627527
4,2026-02-03 02:08:32,93030.4820325017,1834.000158691406,96239,96093,1.0015193614519269
4,2026-02-03 02:08:32,93030.4820325017,1836.0001590728757,95782,95996,0.9977707404475187
4,2026-02-03 02:08:32,93030.4820325017,1838.0001594543455,95988,95938,1.0005211699222414
4,2026-02-03 02:08:32,93030.4820325017,1840.0001598358153,95657,96165,0.9947174127801175
4,2026-02-03 02:08:32,93030.4820325017,1842.0001602172852,95796,96692,0.990733462954536
4,2026-02-03 02:08:32,93030.4820325017,1844.0001605987547,95948,96304,0.9963033726532646
4,2026-02-03 02:08:32,93030.4820325017,1846.0001609802243,96529,96684,0.998396839187456
4,2026-02-03 02:08:32,93030.4820325017,1848.0001613616942,95918,96476,0.9942161781168374
4,2026-02-03 02:08:32,93030.4820325017,1850.000161743164,95784,97002,0.9874435578647863
4,2026-02-03 02:08:32,93030.4820325017,1852.0001621246338,96092,96419,0.9966085522562981
4,2026-02-03 02:08:32,93030.4820325017,1854.0001625061034,96079,96075,1.0000416341399947
4,2026-02-03 02:08:32,93030.4820325017,1856.000162887573,95460,97183,0.9822705617237583
4,2026-02-03 02:08:32,93030.4820325017,1858.0001632690428,95373,95861,0.9949092957511396
4,2026-02-03 02:08:32,93030.4820325017,1860.0001636505126,96076,95946,1.0013549288141246
4,2026-02-03 02:08:32,93030.4820325017,1862.0001640319824,95969,96574,0.9937353739101622
4,2026-02-03 02:08:32,93030.4820325017,1864.000164413452,95897,96668,0.9920242479414078
4,2026-02-03 02:08:32,93030.4820325017,1866.0001647949216,95958,96391,0.9955078793663309
4,2026-02-03 02:08:32,93030.4820325017,1868.0001651763914,95493,96033,0.9943769329293055
4,2026-02-03 02:08:32,93030.4820325017,1870.0001655578612,95420,96365,0.9901935349971462
4,2026-02-03 02:08:32,93030.4820325017,1872.000165939331,95904,96320,0.9956810631229236
4,2026-02-03 02:08:32,93030.4820325017,1874.0001663208006,95819,96360,0.9943856371938564
4,2026-02-03 02:08:32,93030.4820325017,1876.0001667022702,95788,96443,0.9932084236284645
4,2026-02-03 02:08:32,93030.4820325017,1878.00016708374,96315,96263,1.0005401867799675
4,2026-02-03 02:08:32,93030.4820325017,1880.0001674652099,96092,96369,0.9971256316865382
4,2026-02-03 02:08:32,93030.4820325017,1882.0001678466797,95593,96304,0.9926171290912111
4,2026-02-03 02:08:32,93030.4820325017,1884.0001682281493,95899,96750,0.9912041343669251
4,2026-02-03 02:08:32,93030.4820325017,1886.0001686096189,95167,96724,0.9839026508415698
4,2026-02-03 02:08:32,93030.4820325017,1888.0001689910887,95280,96462,0.9877464701125832
4,2026-02-03 02:08:32,93030.4820325017,1890.0001693725585,96174,96197,0.9997609073048016
4,2026-02-03 02:08:32,93030.4820325017,1892.0001697540283,95803,96618,0.9915647187894595
4,2026-02-03 02:08:32,93030.4820325017,1894.000170135498,96486,96640,0.9984064569536424
4,2026-02-03 02:08:32,93030.4820325017,1896.0001705169675,96050,96379,0.9965863933014454
4,2026-02-03 02:08:32,93030.4820325017,1898.0001708984373,96329,95891,1.0045676862270703
4,2026-02-03 02:08:32,93030.4820325017,1900.0001712799071,96276,96199,1.0008004241208328
4,2026-02-03 02:08:32,93030.4820325017,1902.000171661377,95342,96880,0.9841246903385632
4,2026-02-03 02:08:32,93030.4820325017,1904.0001720428465,95961,96378,0.9956732864346635
4,2026-02-03 02:08:32,93030.4820325017,1906.0001724243161,96366,96322,1.0004568011461556
4,2026-02-03 02:08:32,93030.4820325017,1908.000172805786,96024,97137,0.988541956206183
4,2026-02-03 02:08:32,93030.4820325017,1910.0001731872558,96300,96648,0.99639930469332
4,2026-02-03 02:08:32,93030.4820325017,1912.0001735687256,95818,96241,0.995604783823942
4,2026-02-03 02:08:32,93030.4820325017,1914.0001739501952,95901,96550,0.9932780942516831
4,2026-02-03 02:08:32,93030.4820325017,1916.0001743316648,95821,96226,0.9957911583148006
4,2026-02-03 02:08:32,93030.4820325017,1918.0001747131346,96262,96649,0.9959958199257105
4,2026-02-03 02:08:32,93030.4820325017,1920.0001750946044,95800,95623,1.001851019106282
4,2026-02-03 02:08:32,93030.4820325017,1922.0001754760742,96079,96716,0.9934137061086067
4,2026-02-03 02:08:32,93030.4820325017,1924.0001758575438,96282,96282,1.0
4,2026-02-03 02:08:32,93030.4820325017,1926.0001762390134,95886,96159,0.9971609521729635
4,2026-02-03 02:08:32,93030.4820325017,1928.0001766204832,95919,96724,0.9916773499855258
4,2026-02-03 02:08:32,93030.4820325017,1930.000177001953,96143,95382,1.0079784445702544
4,2026-02-03 02:08:32,93030.4820325017,1932.0001773834229,95663,96471,0.9916244259933037
4,2026-02-03 02:08:32,93030.4820325017,1934.0001777648924,95550,97149,0.9835407466880771
4,2026-02-03 02:08:32,93030.4820325017,1936.000178146362,95258,96655,0.985546531477937
4,2026-02-03 02:08:32,93030.4820325017,1938.0001785278318,95852,96023,0.9982191766555929
4,2026-02-03 02:08:32,93030.4820325017,1940.0001789093017,95845,95929,0.9991243523856185
4,2026-02-03 02:08:32,93030.4820325017,1942.0001792907715,95594,96323,0.9924317141285052
4,2026-02-03 02:08:32,93030.4820325017,1944.000179672241,96266,95855,1.0042877262531948
4,2026-02-03 02:08:32,93030.4820325017,1946.0001800537107,95900,96866,0.9900274606156959
4,2026-02-03 02:08:32,93030.4820325017,1948.0001804351805,96127,96926,0.9917565978168912
4,2026-02-03 02:08:32,93030.4820325017,1950.0001808166503,95859,96654,0.9917747842820783
4,2026-02-03 02:08:32,93030.4820325017,1952.0001811981201,96439,96201,1.0024739867568944
4,2026-02-03 02:08:32,93030.4820325017,1954.0001815795897,95592,96042,0.9953145498844256
4,2026-02-03 02:08:32,93030.4820325017,1956.0001819610593,96013,96186,0.9982014014513547
4,2026-02-03 02:08:32,93030.4820325017,1958.0001823425291,95726,96228,0.9947832231782849
4,2026-02-03 02:08:32,93030.4820325017,1960.000182723999,95999,96313,0.9967397962891822
4,2026-02-03 02:08:32,93030.4820325017,1962.0001831054688,96257,96409,0.9984233837089899
4,2026-02-03 02:08:32,93030.4820325017,1964.0001834869383,95694,96074,0.9960447155317775
4,2026-02-03 02:08:32,93030.4820325017,1966.000183868408,95947,96649,0.9927366035861727
4,2026-02-03 02:08:32,93030.4820325017,1968.0001842498777,95040,96373,0.9861683251533105
4,2026-02-03 02:08:32,93030.4820325017,1970.0001846313476,95649,96133,0.9949653084788782
4,2026-02-03 02:08:32,93030.4820325017,1972.0001850128174,95352,96845,0.9845836129898291
4,2026-02-03 02:08:32,93030.4820325017,1974.000185394287,95318,96054,0.9923376434089158
4,2026-02-03 02:08:32,93030.4820325017,1976.0001857757566,95412,96598,0.9877223130913684
4,2026-02-03 02:08:32,93030.4820325017,1978.0001861572264,95702,97230,0.9842846857965648
4,2026-02-03 02:08:32,93030.4820325017,1980.0001865386962,95422,96892,0.9848284688106346
4,2026-02-03 02:08:32,93030.4820325017,1982.000186920166,95533,95980,0.9953427797457803
4,2026-02-03 02:08:32,93030.4820325017,1984.0001873016356,95035,95882,0.991166225151749
4,2026-02-03 02:08:32,93030.4820325017,1986.0001876831052,96491,97062,0.9941171622262059
4,2026-02-03 02:08:32,93030.4820325017,1988.000188064575,95420,96522,0.9885829137398727
4,2026-02-03 02:08:32,93030.4820325017,1990.0001884460448,95656,96233,0.9940041357954132
4,2026-02-03 02:08:32,93030.4820325017,1992.0001888275146,95689,96078,0.9959512063115386
4,2026-02-03 02:08:32,93030.4820325017,1994.0001892089842,96207,96220,0.9998648929536479
4,2026-02-03 02:08:32,93030.4820325017,1996.0001895904538,95751,96748,0.9896948774134866
4,2026-02-03 02:08:32,93030.4820325017,1998.0001899719236,95613,96342,0.9924332067011272
4,2026-02-03 02:08:32,93030.4820325017,2000.0001903533935,95841,96143,0.9968588456777925
4,2026-02-03 02:08:32,93030.4820325017,2002.0001907348633,95912,96285,0.9961260840213948
4,2026-02-03 02:08:32,93030.4820325017,2004.0001911163329,96219,95859,1.0037555159139986
4,2026-02-03 02:08:32,93030.4820325017,2006.0001914978025,95711,96091,0.9960454152834293
4,2026-02-03 02:08:32,93030.4820325017,2008.0001918792723,96308,96834,0.9945680236280645
4,2026-02-03 02:08:32,93030.4820325017,2010.000192260742,95241,96428,0.9876902974239847
4,2026-02-03 02:08:32,93030.4820325017,2012.000192642212,95842,96812,0.9899805809197207
4,2026-02-03 02:08:32,93030.4820325017,2014.0001930236815,96019,95948,1.0007399841580857
4,2026-02-03 02:08:32,93030.4820325017,2016.000193405151,95546,96216,0.9930365012056207
4,2026-02-03 02:08:32,93030.4820325017,2018.000193786621,95999,96337,0.9964914830231375
4,2026-02-03 02:08:32,93030.4820325017,2020.0001941680907,95687,95961,0.9971446733568846
4,2026-02-03 02:08:32,93030.4820325017,2022.0001945495605,95968,96035,0.999302337689384
4,2026-02-03 02:08:32,93030.4820325017,2024.0001949310301,95984,96312,0.9965944015283661
4,2026-02-03 02:08:32,93030.4820325017,2026.0001953125,96251,96676,0.9956038727295295
4,2026-02-03 02:08:32,93030.4820325017,2028.0001956939695,95982,95986,0.9999583272560582
4,2026-02-03 02:08:32,93030.4820325017,2030.0001960754394,95501,96519,0.9894528538422487
4,2026-02-03 02:08:32,93030.4820325017,2032.000196456909,96105,96426,0.9966710223383735
4,2026-02-03 02:08:32,93030.4820325017,2034.0001968383788,96203,97276,0.9889695299971216
4,2026-02-03 02:08:32,93030.4820325017,2036.0001972198486,96160,95716,1.0046387228885454
4,2026-02-03 02:08:32,93030.4820325017,2038.0001976013182,95649,96025,0.9960843530330643
4,2026-02-03 02:08:32,93030.4820325017,2040.000197982788,95338,96480,0.9881633499170812
4,2026-02-03 02:08:32,93030.4820325017,2042.0001983642576,95596,95896,0.9968716109118212
4,2026-02-03 02:08:32,93030.4820325017,2044.0001987457274,96107,96011,1.0009998854297946
4,2026-02-03 02:08:32,93030.4820325017,2046.0001991271972,95738,96408,0.9930503692639615
4,2026-02-03 02:08:32,93030.4820325017,2048.000199508667,96260,96773,0.9946989346201937
4,2026-02-03 02:08:32,93030.4820325017,2050.0001998901366,95605,96406,0.9916913885027903
4,2026-02-03 02:08:32,93030.4820325017,2052.0002002716064,96119,96203,0.9991268463561428
4,2026-02-03 02:08:32,93030.4820325017,2054.000200653076,96506,96422,1.000871170479766
4,2026-02-03 02:08:32,93030.4820325017,2056.000201034546,96095,96219,0.9987112732412518
4,2026-02-03 02:08:32,93030.4820325017,2058.0002014160154,95376,95594,0.9977195221457413
4,2026-02-03 02:08:32,93030.4820325017,2060.0002017974853,96259,96242,1.0001766380582282
4,2026-02-03 02:08:32,93030.4820325017,2062.000202178955,95735,96368,0.9934314295201727
4,2026-02-03 02:08:32,93030.4820325017,2064.0002025604244,95932,96114,0.9981064152984997
4,2026-02-03 02:08:32,93030.4820325017,2066.0002029418947,95882,96554,0.9930401640532759
4,2026-02-03 02:08:32,93030.4820325017,2068.000203323364,96138,96589,0.9953307312426881
4,2026-02-03 02:08:32,93030.4820325017,2070.000203704834,95222,96202,0.9898131015987194
4,2026-02-03 02:08:32,93030.4820325017,2072.0002040863037,96034,95792,1.0025263069984967
4,2026-02-03 02:08:32,93030.4820325017,2074.000204467773,95835,95580,1.0026679221594477
4,2026-02-03 02:08:32,93030.4820325017,2076.0002048492433,96007,96260,0.9973717016413879
4,2026-02-03 02:08:32,93030.4820325017,2078.0002052307127,96291,96302,0.9998857759963449
4,2026-02-03 02:08:32,93030.4820325017,2080.0002056121825,95582,96309,0.9924513804525018
4,2026-02-03 02:08:32,93030.4820325017,2082.0002059936523,95546,96460,0.9905245697698528
4,2026-02-03 02:08:32,93030.4820325017,2084.0002063751217,95976,95621,1.0037125735978498
4,2026-02-03 02:08:32,93030.4820325017,2086.000206756592,95973,96202,0.9976195921082722
4,2026-02-03 02:08:32,93030.4820325017,2088.0002071380613,96290,96230,1.000623506183103
4,2026-02-03 02:08:32,93030.4820325017,2090.000207519531,95808,95956,0.9984576264121056
4,2026-02-03 02:08:32,93030.4820325017,2092.000207901001,96048,96266,0.997735441381173
4,2026-02-03 02:08:32,93030.4820325017,2094.0002082824703,95553,95910,0.9962777604003753
4,2026-02-03 02:08:32,93030.4820325017,2096.0002086639406,95829,95943,0.9988117945029862
4,2026-02-03 02:08:32,93030.4820325017,2098.00020904541,95343,95995,0.9932079795822699
4,2026-02-03 02:08:32,93030.4820325017,2100.00020942688,96051,96142,0.9990534833891536
4,2026-02-03 02:08:32,93030.4820325017,2102.0002098083496,95977,96561,0.9939520096105052
4,2026-02-03 02:08:32,93030.4820325017,2104.000210189819,96024,96181,0.9983676609725414
4,2026-02-03 02:08:32,93030.4820325017,2106.0002105712892,95883,96279,0.9958869535412707
4,2026-02-03 02:08:32,93030.4820325017,2108.0002109527586,95811,96115,0.9968371221973678
4,2026-02-03 02:08:32,93030.4820325017,2110.0002113342284,96508,95974,1.0055640069185405
4,2026-02-03 02:08:32,93030.4820325017,2112.0002117156982,95885,96638,0.9922080341066661
4,2026-02-03 02:08:32,93030.4820325017,2114.0002120971676,96311,96700,0.9959772492244053
4,2026-02-03 02:08:32,93030.4820325017,2116.000212478638,95743,95972,0.9976138873838203
4,2026-02-03 02:08:32,93030.4820325017,2118.0002128601072,95714,96367,0.9932238214326481
4,2026-02-03 02:08:32,93030.4820325017,2120.000213241577,95755,96320,0.9941341362126246
4,2026-02-03 02:08:32,93030.4820325017,2122.000213623047,96029,96230,0.997911254286605
4,2026-02-03 02:08:32,93030.4820325017,2124.0002140045162,96368,95596,1.008075651700908
4,2026-02-03 02:08:32,93030.4820325017,2126.0002143859865,95653,96190,0.9944172990955401
4,2026-02-03 02:08:32,93030.4820325017,2128.000214767456,96495,96025,1.0048945587086697
4,2026-02-03 02:08:32,93030.4820325017,2130.0002151489257,95981,96692,0.9926467546436106
4,2026-02-03 02:08:32,93030.4820325017,2132.0002155303955,95543,96659,0.988454256716912
4,2026-02-03 02:08:32,93030.4820325017,2134.000215911865,95736,96392,0.99319445597145
4,2026-02-03 02:08:32,93030.4820325017,2136.000216293335,96042,96453,0.9957388572672701
4,2026-02-03 02:08:32,93030.4820325017,2138.0002166748045,95893,95952,0.9993851092212773
4,2026-02-03 02:08:32,93030.4820325017,2140.0002170562743,95614,96031,0.9956576522164717
4,2026-02-03 02:08:32,93030.4820325017,2142.000217437744,96687,96210,1.0049579045837231
4,2026-02-03 02:08:32,93030.4820325017,2144.0002178192135,95707,96567,0.9910942661571759
4,2026-02-03 02:08:32,93030.4820325017,2146.000218200684,95814,96794,0.9898754055003409
4,2026-02-03 02:08:32,93030.4820325017,2148.000218582153,95486,96331,0.9912281612357393
4,2026-02-03 02:08:32,93030.4820325017,2150.000218963623,95952,96546,0.9938474923870486
4,2026-02-03 02:08:32,93030.4820325017,2152.000219345093,95868,97005,0.988278954693057
4,2026-02-03 02:08:32,93030.4820325017,2154.000219726562,95887,96453,0.9941318569666054
4,2026-02-03 02:08:32,93030.4820325017,2156.0002201080324,95815,96261,0.9953667632790019
4,2026-02-03 02:08:32,93030.4820325017,2158.0002204895018,95872,96082,0.9978143668949438
4,2026-02-03 02:08:32,93030.4820325017,2160.0002208709716,96294,96479,0.9980824842711885
4,2026-02-03 02:08:32,93030.4820325017,2162.0002212524414,95674,96262,0.9938916706488542
4,2026-02-03 02:08:32,93030.4820325017,2164.0002216339108,95663,96500,0.9913264248704663
4,2026-02-03 02:08:32,93030.4820325017,2166.000222015381,96018,96482,0.9951908127940963
4,2026-02-03 02:08:32,93030.4820325017,2168.0002223968504,95868,96776,0.9906175084731752
4,2026-02-03 02:08:32,93030.4820325017,2170.00022277832,96123,96148,0.9997399841910388
4,2026-02-03 02:08:32,93030.4820325017,2172.00022315979,96554,95737,1.008533795711167
4,2026-02-03 02:08:32,93030.4820325017,2174.0002235412594,95508,95895,0.9959643359924918
4,2026-02-03 02:08:32,93030.4820325017,2176.0002239227297,96196,96735,0.9944280767043986
4,2026-02-03 02:08:32,93030.4820325017,2178.000224304199,95785,96642,0.9911322199457793
4,2026-02-03 02:08:32,93030.4820325017,2180.000224685669,95777,96302,0.9945483998255488
4,2026-02-03 02:08:32,93030.4820325017,2182.0002250671387,96073,96054,1.0001978054011285
4,2026-02-03 02:08:32,93030.4820325017,2184.000225448608,95962,96097,0.9985951694641872
4,2026-02-03 02:08:32,93030.4820325017,2186.0002258300783,96481,96381,1.0010375488944916
4,2026-02-03 02:08:32,93030.4820325017,2188.0002262115477,95984,96301,0.996708237713004
4,2026-02-03 02:08:32,93030.4820325017,2190.0002265930175,96475,96285,1.0019733084073323
4,2026-02-03 02:08:32,93030.4820325017,2192.0002269744873,96192,96329,0.9985777906964673
4,2026-02-03 02:08:32,93030.4820325017,2194.0002273559567,95893,95997,0.998916632811442
4,2026-02-03 02:08:32,93030.4820325017,2196.000227737427,96236,95896,1.0035455076332693
4,2026-02-03 02:08:32,93030.4820325017,2198.0002281188963,95479,96844,0.9859051670728182
4,2026-02-03 02:08:32,93030.4820325017,2200.000228500366,95174,96238,0.9889440761445583
4,2026-02-03 02:08:32,93030.4820325017,2202.000228881836,95679,96166,0.9949358401098101
4,2026-02-03 02:08:32,93030.4820325017,2204.0002292633053,95977,95911,1.000688137961235
4,2026-02-03 02:08:32,93030.4820325017,2206.0002296447756,95480,96666,0.9877309498686198
4,2026-02-03 02:08:32,93030.4820325017,2208.000230026245,95845,96601,0.9921739940580325
4,2026-02-03 02:08:32,93030.4820325017,2210.0002304077148,95383,96313,0.9903439826399344
4,2026-02-03 02:08:32,93030.4820325017,2212.0002307891846,96164,96192,0.9997089155023287
4,2026-02-03 02:08:32,93030.4820325017,2214.000231170654,95367,96458,0.9886893777602688
4,2026-02-03 02:08:32,93030.4820325017,2216.000231552124,95786,96304,0.9946211995348064
4,2026-02-03 02:08:32,93030.4820325017,2218.0002319335936,96026,96716,0.9928657099135614
4,2026-02-03 02:08:32,93030.4820325017,2220.0002323150634,95700,96804,0.9885955125821247
4,2026-02-03 02:08:32,93030.4820325017,2222.000232696533,95528,96614,0.9887593930486265
4,2026-02-03 02:08:32,93030.4820325017,2224.0002330780026,96162,95760,1.0041979949874686
4,2026-02-03 02:08:32,93030.4820325017,2226.000233459473,95674,95996,0.9966456935705654
4,2026-02-03 02:08:32,93030.4820325017,2228.000233840942,95826,96226,0.9958431193232599
4,2026-02-03 02:08:32,93030.4820325017,2230.000234222412,96132,96400,0.9972199170124482
4,2026-02-03 02:08:32,93030.4820325017,2232.000234603882,95935,96034,0.9989691151050669
4,2026-02-03 02:08:32,93030.4820325017,2234.000234985351,95955,96218,0.9972666237086616
4,2026-02-03 02:08:32,93030.4820325017,2236.0002353668215,95491,96056,0.9941180144915466
4,2026-02-03 02:08:32,93030.4820325017,2238.000235748291,95698,95948,0.9973944219785718
4,2026-02-03 02:08:32,93030.4820325017,2240.0002361297607,95519,96203,0.9928900346143051
4,2026-02-03 02:08:32,93030.4820325017,2242.0002365112305,96343,96637,0.9969576870142906
4,2026-02-03 02:08:32,93030.4820325017,2244.0002368927,95962,96695,0.9924194632607684
4,2026-02-03 02:08:32,93030.4820325017,2246.00023727417,96467,96142,1.0033804164673088
4,2026-02-03 02:08:32,93030.4820325017,2248.0002376556395,96062,96715,0.9932482034844646
4,2026-02-03 02:08:32,93030.4820325017,2250.0002380371093,95603,96324,0.992514845728998
4,2026-02-03 02:08:32,93030.4820325017,2252.000238418579,95816,96665,0.9912170899498267
4,2026-02-03 02:08:32,93030.4820325017,2254.0002388000485,95971,96654,0.9929335568108925
4,2026-02-03 02:08:32,93030.4820325017,2256.0002391815187,95729,96375,0.9932970168612192
4,2026-02-03 02:08:32,93030.4820325017,2258.000239562988,96344,97124,0.9919690292821548
4,2026-02-03 02:08:32,93030.4820325017,2260.000239944458,95541,95941,0.9958307709946738
4,2026-02-03 02:08:32,93030.4820325017,2262.0002403259277,95586,96601,0.9894928623927288
4,2026-02-03 02:08:32,93030.4820325017,2264.000240707397,95896,96261,0.9962082255534432
4,2026-02-03 02:08:32,93030.4820325017,2266.0002410888674,95288,96203,0.9904888620936977
4,2026-02-03 02:08:32,93030.4820325017,2268.0002414703367,95935,96651,0.9925919028256304
4,2026-02-03 02:08:32,93030.4820325017,2270.0002418518065,96378,96769,0.9959594498238072
4,2026-02-03 02:08:32,93030.4820325017,2272.0002422332764,95749,96116,0.9961816971159848
4,2026-02-03 02:08:32,93030.4820325017,2274.0002426147457,96151,96693,0.9943946304282626
4,2026-02-03 02:08:32,93030.4820325017,2276.000242996216,95878,96420,0.9943787595934453
4,2026-02-03 02:08:32,93030.4820325017,2278.0002433776854,96030,95989,1.0004271322755733
4,2026-02-03 02:08:32,93030.4820325017,2280.000243759155,95165,95853,0.992822342545356
4,2026-02-03 02:08:32,93030.4820325017,2282.000244140625,96174,95978,1.0020421346558586
4,2026-02-03 02:08:32,93030.4820325017,2284.0002445220944,95598,96531,0.9903347111290673
4,2026-02-03 02:08:32,93030.4820325017,2286.0002449035646,96690,96386,1.0031539850185711
4,2026-02-03 02:08:32,93030.4820325017,2288.000245285034,95694,96546,0.9911751911006152
4,2026-02-03 02:08:32,93030.4820325017,2290.000245666504,96126,96581,0.9952889284641907
4,2026-02-03 02:08:32,93030.4820325017,2292.0002460479736,95980,96167,0.9980554660122495
4,2026-02-03 02:08:32,93030.4820325017,2294.000246429443,95514,96414,0.9906652560831415
4,2026-02-03 02:08:32,93030.4820325017,2296.0002468109133,95980,95773,1.00216136071753
4,2026-02-03 02:08:32,93030.4820325017,2298.0002471923826,96350,96318,1.0003322328121431
4,2026-02-03 02:08:32,93030.4820325017,2300.0002475738524,95537,95700,0.9982967607105538
4,2026-02-03 02:08:32,93030.4820325017,2302.0002479553223,95243,96159,0.9904741105876725
4,2026-02-03 02:08:32,93030.4820325017,2304.0002483367916,95086,96270,0.987701256881687
4,2026-02-03 02:08:32,93030.4820325017,2306.000248718262,94761,96590,0.9810642923698105
4,2026-02-03 02:08:32,93030.4820325017,2308.0002490997313,94719,95836,0.9883446721482533
4,2026-02-03 02:08:32,93030.4820325017,2310.000249481201,94956,95949,0.9896507519619798
4,2026-02-03 02:08:32,93030.4820325017,2312.000249862671,95906,96283,0.9960844593541954
4,2026-02-03 02:08:32,93030.4820325017,2314.0002502441403,95763,96396,0.9934333374828831
4,2026-02-03 02:08:32,93030.4820325017,2316.0002506256105,95645,96634,0.9897655069644224
4,2026-02-03 02:08:32,93030.4820325017,2318.00025100708,95963,96384,0.9956320551128818
4,2026-02-03 02:08:32,93030.4820325017,2320.0002513885497,95713,96303,0.9938735034214926
4,2026-02-03 02:08:32,93030.4820325017,2322.0002517700195,95702,96186,0.9949680826731541
4,2026-02-03 02:08:32,93030.4820325017,2324.000252151489,96036,96321,0.997041143675834
4,2026-02-03 02:08:32,93030.4820325017,2326.000252532959,96455,96810,0.9963330234479909
4,2026-02-03 02:08:32,93030.4820325017,2328.0002529144285,96254,96199,1.0005717315148805
4,2026-02-03 02:08:32,93030.4820325017,2330.0002532958983,95589,96241,0.9932253405513243
4,2026-02-03 02:08:32,93030.4820325017,2332.000253677368,96025,96320,0.996937292358804
4,2026-02-03 02:08:32,93030.4820325017,2334.0002540588375,95729,95656,1.0007631512921302
4,2026-02-03 02:08:32,93030.4820325017,2336.000254440308,96117,96425,0.9968058076225046
4,2026-02-03 02:08:32,93030.4820325017,2338.000254821777,95844,96351,0.9947379892268892
4,2026-02-03 02:08:32,93030.4820325017,2340.000255203247,95665,96662,0.9896857089652604
4,2026-02-03 02:08:32,93030.4820325017,2342.000255584717,95998,96666,0.9930896075145346
4,2026-02-03 02:08:32,93030.4820325017,2344.000255966186,96315,96957,0.993378507998391
4,2026-02-03 02:08:32,93030.4820325017,2346.0002563476564,95904,96400,0.9948547717842323
4,2026-02-03 02:08:32,93030.4820325017,2348.000256729126,95426,95622,0.9979502624918952
4,2026-02-03 02:08:32,93030.4820325017,2350.0002571105956,95560,96669,0.9885278631205454
4,2026-02-03 02:08:32,93030.4820325017,2352.0002574920654,96153,96597,0.9954035839622348
4,2026-02-03 02:08:32,93030.4820325017,2354.000257873535,95398,96516,0.9884164283642091
4,2026-02-03 02:08:32,93030.4820325017,2356.000258255005,95625,96997,0.9858552326360609
4,2026-02-03 02:08:32,93030.4820325017,2358.0002586364744,95967,95671,1.0030939365115865
4,2026-02-03 02:08:32,93030.4820325017,2360.0002590179442,95417,96682,0.9869158685174075
4,2026-02-03 02:08:32,93030.4820325017,2362.000259399414,96147,95910,1.002471066624961
4,2026-02-03 02:08:32,93030.4820325017,2364.0002597808834,96100,96064,1.0003747501665556
4,2026-02-03 02:08:32,93030.4820325017,2366.0002601623537,95925,96241,0.9967165760954271
4,2026-02-03 02:08:32,93030.4820325017,2368.000260543823,96429,96842,0.9957353214514364
4,2026-02-03 02:08:32,93030.4820325017,2370.000260925293,95567,95981,0.9956866463154166
4,2026-02-03 02:08:32,93030.4820325017,2372.0002613067627,95891,96647,0.9921777189152275
4,2026-02-03 02:08:32,93030.4820325017,2374.000261688232,95425,95884,0.9952129656668475
4,2026-02-03 02:08:32,93030.4820325017,2376.0002620697023,95611,96080,0.9951186511240633
4,2026-02-03 02:08:32,93030.4820325017,2378.0002624511717,95844,96899,0.9891123747407093
4,2026-02-03 02:08:32,93030.4820325017,2380.0002628326415,95509,96016,0.9947196300616564
4,2026-02-03 02:08:32,93030.4820325017,2382.0002632141113,96187,96515,0.9966015645236491
4,2026-02-03 02:08:32,93030.4820325017,2384.0002635955807,96330,95750,1.0060574412532637
4,2026-02-03 02:08:32,93030.4820325017,2386.000263977051,95807,96180,0.9961218548554793
4,2026-02-03 02:08:32,93030.4820325017,2388.0002643585203,96281,96286,0.9999480713707081
4,2026-02-03 02:08:32,93030.4820325017,2390.00026473999,96034,95931,1.0010736883801898
4,2026-02-03 02:08:32,93030.4820325017,2392.00026512146,95313,95603,0.9969666223863268
4,2026-02-03 02:08:32,93030.4820325017,2394.0002655029293,95967,96168,0.9979099076615923
4,2026-02-03 02:08:32,93030.4820325017,2396.0002658843996,95667,96505,0.9913165120978188
4,2026-02-03 02:08:32,93030.4820325017,2398.000266265869,95767,96289,0.9945788200105931
4,2026-02-03 02:08:32,93030.4820325017,2400.000266647339,95511,96218,0.9926521025172005
4,2026-02-03 02:08:32,93030.4820325017,2402.0002670288086,96222,96165,1.0005927312431757
4,2026-02-03 02:08:32,93030.4820325017,2404.000267410278,95612,96210,0.9937844298929425
4,2026-02-03 02:08:32,93030.4820325017,2406.0002677917482,95768,96552,0.9918800231999337
4,2026-02-03 02:08:32,93030.4820325017,2408.0002681732176,95957,96493,0.9944451929155482
4,2026-02-03 02:08:32,93030.4820325017,2410.0002685546874,96090,95927,1.001699208773338
4,2026-02-03 02:08:32,93030.4820325017,2412.000268936157,96333,96386,0.9994501276118939
4,2026-02-03 02:08:32,93030.4820325017,2414.0002693176266,95608,95817,0.9978187586753916
4,2026-02-03 02:08:32,93030.4820325017,2416.000269699097,96229,96502,0.99717104308719
4,2026-02-03 02:08:32,93030.4820325017,2418.000270080566,96242,96501,0.9973160899887048
4,2026-02-03 02:08:32,93030.4820325017,2420.000270462036,95933,96347,0.995703031749821
4,2026-02-03 02:08:32,93030.4820325017,2422.000270843506,95954,96459,0.9947646150177796
4,2026-02-03 02:08:32,93030.4820325017,2424.000271224975,96453,96640,0.9980649834437086
4,2026-02-03 02:08:32,93030.4820325017,2426.0002716064455,95757,96103,0.9963996961593291
4,2026-02-03 02:08:32,93030.4820325017,2428.000271987915,95811,95943,0.9986241831087208
4,2026-02-03 02:08:32,93030.4820325017,2430.0002723693847,94973,96553,0.9836359305252038
4,2026-02-03 02:08:32,93030.4820325017,2432.0002727508545,95358,96212,0.991123768344905
4,2026-02-03 02:08:32,93030.4820325017,2434.000273132324,95819,96379,0.9941896056194814
4,2026-02-03 02:08:32,93030.4820325017,2436.000273513794,95498,96607,0.9885205005848438
4,2026-02-03 02:08:32,93030.4820325017,2438.0002738952635,96214,96856,0.9933716032047576
4,2026-02-03 02:08:32,93030.4820325017,2440.0002742767333,95737,95729,1.0000835692423404
4,2026-02-03 02:08:32,93030.4820325017,2442.000274658203,95849,96280,0.9955234732031575
4,2026-02-03 02:08:32,93030.4820325017,2444.0002750396725,96242,96523,0.9970887767682314
4,2026-02-03 02:08:32,93030.4820325017,2446.0002754211428,96166,95624,1.0056680331297583
4,2026-02-03 02:08:32,93030.4820325017,2448.000275802612,95793,96554,0.9921184000662842
4,2026-02-03 02:08:32,93030.4820325017,2450.000276184082,95564,96446,0.9908549862098999
4,2026-02-03 02:08:32,93030.4820325017,2452.0002765655518,95801,96570,0.9920368644506575
4,2026-02-03 02:08:32,93030.4820325017,2454.000276947021,95625,96394,0.9920223250409776
4,2026-02-03 02:08:32,93030.4820325017,2456.0002773284914,95515,95782,0.9972124198701218
4,2026-02-03 02:08:32,93030.4820325017,2458.0002777099608,95915,96699,0.9918923670358535
4,2026-02-03 02:08:32,93030.4820325017,2460.0002780914306,95915,96298,0.9960227626741989
4,2026-02-03 02:08:32,93030.4820325017,2462.0002784729004,96146,97089,0.9902872622027212
4,2026-02-03 02:08:32,93030.4820325017,2464.0002788543698,95906,96260,0.9963224600041554
4,2026-02-03 02:08:32,93030.4820325017,2466.00027923584,95714,96240,0.9945344970906068
4,2026-02-03 02:08:32,93030.4820325017,2468.0002796173094,95879,96251,0.9961351050898173
4,2026-02-03 02:08:32,93030.4820325017,2470.000279998779,96012,96047,0.9996355950732454
4,2026-02-03 02:08:32,93030.4820325017,2472.000280380249,95727,96418,0.9928332883901346
4,2026-02-03 02:08:32,93030.4820325017,2474.0002807617184,96282,96618,0.9965223871328324
4,2026-02-03 02:08:32,93030.4820325017,2476.0002811431887,96305,96566,0.9972971853447383
4,2026-02-03 02:08:32,93030.4820325017,2478.000281524658,95912,95965,0.9994477153128745
4,2026-02-03 02:08:32,93030.4820325017,2480.000281906128,96239,96151,1.0009152270907218
4,2026-02-03 02:08:32,93030.4820325017,2482.0002822875977,95724,96409,0.9928948542148555
4,2026-02-03 02:08:32,93030.4820325017,2484.000282669067,95326,96415,0.9887050770108385
4,2026-02-03 02:08:32,93030.4820325017,2486.0002830505373,95853,96140,0.9970147701268983
4,2026-02-03 02:08:32,93030.4820325017,2488.0002834320067,96176,95865,1.00324414541282
4,2026-02-03 02:08:32,93030.4820325017,2490.0002838134765,95711,96082,0.9961387148477342
4,2026-02-03 02:08:32,93030.4820325017,2492.0002841949463,95443,96637,0.9876444839968128
4,2026-02-03 02:08:32,93030.4820325017,2494.0002845764157,95393,96313,0.990447810783591
4,2026-02-03 02:08:32,93030.4820325017,2496.000284957886,95742,96586,0.9912616735344667
4,2026-02-03 02:08:32,93030.4820325017,2498.0002853393553,96152,95911,1.002512746191782
4,2026-02-03 02:08:32,93030.4820325017,2500.000285720825,95931,96135,0.9978779840848806
5,2026-02-03 02:40:27,89919.34081025406,999.9999996185302,93361,93641,0.9970098567934986
5,2026-02-03 02:40:27,89919.34081025406,1001.9999999999999,93119,93584,0.9950312019148573
5,2026-02-03 02:40:27,89919.34081025406,1004.0000003814696,93147,93368,0.9976330220203924
5,2026-02-03 02:40:27,89919.34081025406,1006.0000007629394,92957,93766,0.9913721391549175
5,2026-02-03 02:40:27,89919.34081025406,1008.0000011444091,92694,93270,0.9938243808298488
5,2026-02-03 02:40:27,89919.34081025406,1010.0000015258788,93549,93284,1.002840787273273
5,2026-02-03 02:40:27,89919.34081025406,1012.0000019073485,92959,93837,0.9906433496382024
5,2026-02-03 02:40:27,89919.34081025406,1014.0000022888182,93569,92980,1.0063346956334696
5,2026-02-03 02:40:27,89919.34081025406,1016.000002670288,93493,93422,1.000759992293036
5,2026-02-03 02:40:27,89919.34081025406,1018.0000030517577,92641,93521,0.9905903486917377
5,2026-02-03 02:40:27,89919.34081025406,1020.0000034332274,92983,93449,0.9950133227749896
5,2026-02-03 02:40:27,89919.34081025406,1022.0000038146972,93150,93519,0.9960542777403523
5,2026-02-03 02:40:27,89919.34081025406,1024.0000041961669,92584,93692,0.9881740169918456
5,2026-02-03 02:40:27,89919.34081025406,1026.0000045776367,93413,93294,1.0012755375479667
5,2026-02-03 02:40:27,89919.34081025406,1028.0000049591063,93507,93494,1.0001390463559159
5,2026-02-03 02:40:27,89919.34081025406,1030.000005340576,93856,93292,1.0060455344509711
5,2026-02-03 02:40:27,89919.34081025406,1032.000005722046,93174,93483,0.9966945861814448
5,2026-02-03 02:40:27,89919.34081025406,1034.0000061035155,93443,93496,0.9994331308291263
5,2026-02-03 02:40:27,89919.34081025406,1036.0000064849853,93624,93619,1.0000534079620589
5,2026-02-03 02:40:27,89919.34081025406,1038.000006866455,92712,93264,0.9940813175501801
5,2026-02-03 02:40:27,89919.34081025406,1040.0000072479247,93037,93272,0.9974804871772879
5,2026-02-03 02:40:27,89919.34081025406,1042.0000076293945,93117,93727,0.9934917366393888
5,2026-02-03 02:40:27,89919.34081025406,1044.0000080108641,92996,93390,0.9957811328836064
5,2026-02-03 02:40:27,89919.34081025406,1046.000008392334,93030,93564,0.9942926766705144
5,2026-02-03 02:40:27,89919.34081025406,1048.0000087738035,93185,93449,0.9971749296407666
5,2026-02-03 02:40:27,89919.34081025406,1050.0000091552733,93382,93364,1.000192793796324
5,2026-02-03 02:40:27,89919.34081025406,1052.0000095367432,92316,93958,0.9825241065156772
5,2026-02-03 02:40:27,89919.34081025406,1054.0000099182128,92843,93652,0.9913616366975612
5,2026-02-03 02:40:27,89919.34081025406,1056.0000102996826,93609,93509,1.0010694157781603
5,2026-02-03 02:40:27,89919.34081025406,1058.0000106811522,93137,93716,0.9938217593580605
5,2026-02-03 02:40:27,89919.34081025406,1060.000011062622,93058,93836,0.9917089389999574
5,2026-02-03 02:40:27,89919.34081025406,1062.0000114440918,93241,93315,0.9992069870867492
5,2026-02-03 02:40:27,89919.34081025406,1064.0000118255614,92809,93874,0.9886550056458657
5,2026-02-03 02:40:27,89919.34081025406,1066.0000122070312,93119,93794,0.9928033776147728
5,2026-02-03 02:40:27,89919.34081025406,1068.0000125885008,92823,92947,0.9986659063767523
5,2026-02-03 02:40:27,89919.34081025406,1070.0000129699706,93083,93423,0.996360639243013
5,2026-02-03 02:40:27,89919.34081025406,1072.0000133514404,93836,94070,0.9975124906984161
5,2026-02-03 02:40:27,89919.34081025406,1074.00001373291,93005,94108,0.9882794236409232
5,2026-02-03 02:40:27,89919.34081025406,1076.0000141143798,92887,93604,0.9923400709371394
5,2026-02-03 02:40:27,89919.34081025406,1078.0000144958494,92946,93114,0.9981957600360848
5,2026-02-03 02:40:27,89919.34081025406,1080.0000148773192,92565,93655,0.9883615396935561
5,2026-02-03 02:40:27,89919.34081025406,1082.000015258789,92957,93571,0.993438137884601
5,2026-02-03 02:40:27,89919.34081025406,1084.0000156402587,93024,93534,0.9945474372955289
5,2026-02-03 02:40:27,89919.34081025406,1086.0000160217285,92693,93832,0.9878612839969307
5,2026-02-03 02:40:27,89919.34081025406,1088.000016403198,92511,93556,0.9888302193338749
5,2026-02-03 02:40:27,89919.34081025406,1090.0000167846679,92895,93234,0.9963639873865757
5,2026-02-03 02:40:27,89919.34081025406,1092.0000171661377,92959,93275,0.9966121683194854
5,2026-02-03 02:40:27,89919.34081025406,1094.0000175476073,93293,93704,0.9956138478613507
5,2026-02-03 02:40:27,89919.34081025406,1096.000017929077,93281,93299,0.9998070718871584
5,2026-02-03 02:40:27,89919.34081025406,1098.0000183105467,93317,92834,1.0052028351681497
5,2026-02-03 02:40:27,89919.34081025406,1100.0000186920165,92863,92914,0.9994511053232021
5,2026-02-03 02:40:27,89919.34081025406,1102.0000190734863,93376,93669,0.9968719640436003
5,2026-02-03 02:40:27,89919.34081025406,1104.000019454956,92925,92383,1.0058668802701796
5,2026-02-03 02:40:27,89919.34081025406,1106.0000198364257,92981,93399,0.9955245773509352
5,2026-02-03 02:40:27,89919.34081025406,1108.0000202178953,92784,93235,0.9951627607658068
5,2026-02-03 02:40:27,89919.34081025406,1110.0000205993651,92795,93212,0.9955263270823499
5,2026-02-03 02:40:27,89919.34081025406,1112.000020980835,92499,92802,0.9967349841598241
5,2026-02-03 02:40:27,89919.34081025406,1114.0000213623046,93452,93800,0.9962899786780384
5,2026-02-03 02:40:27,89919.34081025406,1116.0000217437744,93084,93446,0.9961261049162083
5,2026-02-03 02:40:27,89919.34081025406,1118.000022125244,92801,93147,0.9962854412917217
5,2026-02-03 02:40:27,89919.34081025406,1120.0000225067138,93101,93509,0.9956367836251057
5,2026-02-03 02:40:27,89919.34081025406,1122.0000228881836,92980,93775,0.9915222607304719
5,2026-02-03 02:40:27,89919.34081025406,1124.0000232696532,92709,93570,0.990798332798974
5,2026-02-03 02:40:27,89919.34081025406,1126.000023651123,93063,93368,0.9967333561819895
5,2026-02-03 02:40:27,89919.34081025406,1128.0000240325926,92998,93744,0.992042157364738
5,2026-02-03 02:40:27,89919.34081025406,1130.0000244140624,93319,93648,0.9964868443533231
5,2026-02-03 02:40:27,89919.34081025406,1132.0000247955322,93075,93085,0.9998925713057958
5,2026-02-03 02:40:27,89919.34081025406,1134.0000251770018,93350,93568,0.9976701436388509
5,2026-02-03 02:40:27,89919.34081025406,1136.0000255584716,93924,93174,1.008049455856784
5,2026-02-03 02:40:27,89919.34081025406,1138.0000259399412,93435,93379,1.0005997065721415
5,2026-02-03 02:40:27,89919.34081025406,1140.000026321411,93087,92967,1.0012907805995677
5,2026-02-03 02:40:27,89919.34081025406,1142.0000267028809,93108,93430,0.9965535695172857
5,2026-02-03 02:40:27,89919.34081025406,1144.0000270843504,92820,93459,0.993162777260617
5,2026-02-03 02:40:27,89919.34081025406,1146.0000274658203,92926,93468,0.9942012239483031
5,2026-02-03 02:40:27,89919.34081025406,1148.0000278472899,92984,93348,0.9961006127608518
5,2026-02-03 02:40:27,89919.34081025406,1150.0000282287597,93188,93660,0.994960495408926
5,2026-02-03 02:40:27,89919.34081025406,1152.0000286102295,93167,93399,0.9975160333622416
5,2026-02-03 02:40:27,89919.34081025406,1154.000028991699,93104,93462,0.9961695662408252
5,2026-02-03 02:40:27,89919.34081025406,1156.000029373169,93309,93007,1.0032470674250324
5,2026-02-03 02:40:27,89919.34081025406,1158.0000297546385,92892,93928,0.9889702751043352
5,2026-02-03 02:40:27,89919.34081025406,1160.0000301361083,92926,92657,1.0029031805476112
5,2026-02-03 02:40:27,89919.34081025406,1162.0000305175781,93320,93623,0.9967636157781742
5,2026-02-03 02:40:27,89919.34081025406,1164.0000308990477,92664,93907,0.9867635000585686
5,2026-02-03 02:40:27,89919.34081025406,1166.0000312805175,93175,93772,0.9936334940067397
5,2026-02-03 02:40:27,89919.34081025406,1168.0000316619871,92488,93718,0.986875520177554
5,2026-02-03 02:40:27,89919.34081025406,1170.000032043457,92965,93687,0.9922934878905291
5,2026-02-03 02:40:27,89919.34081025406,1172.0000324249268,93732,93323,1.0043826280766799
5,2026-02-03 02:40:27,89919.34081025406,1174.0000328063963,93159,93134,1.000268430433569
5,2026-02-03 02:40:27,89919.34081025406,1176.0000331878662,93021,92789,1.0025002963713372
5,2026-02-03 02:40:27,89919.34081025406,1178.0000335693358,93110,93349,0.9974397154763308
5,2026-02-03 02:40:27,89919.34081025406,1180.0000339508056,93254,93085,1.0018155449320514
5,2026-02-03 02:40:27,89919.34081025406,1182.0000343322754,93154,93693,0.9942471689453855
5,2026-02-03 02:40:27,89919.34081025406,1184.000034713745,92948,93441,0.9947239434509476
5,2026-02-03 02:40:27,89919.34081025406,1186.0000350952148,93310,93604,0.9968591085851032
5,2026-02-03 02:40:27,89919.34081025406,1188.0000354766844,92527,93451,0.9901124653561759
5,2026-02-03 02:40:27,89919.34081025406,1190.0000358581542,93506,93543,0.9996044599809714
5,2026-02-03 02:40:27,89919.34081025406,1192.000036239624,93108,94014,0.9903631374050673
5,2026-02-03 02:40:27,89919.34081025406,1194.0000366210936,93678,93867,0.9979865128319857
5,2026-02-03 02:40:27,89919.34081025406,1196.0000370025634,93446,92933,1.0055201058827328
5,2026-02-03 02:40:27,89919.34081025406,1198.000037384033,92688,93793,0.98821873700596
5,2026-02-03 02:40:27,89919.34081025406,1200.0000377655028,93025,93335,0.9966786307387369
5,2026-02-03 02:40:27,89919.34081025406,1202.0000381469727,93506,93747,0.9974292510693675
5,2026-02-03 02:40:27,89919.34081025406,1204.0000385284422,93435,93139,1.003178045716617
5,2026-02-03 02:40:27,89919.34081025406,1206.000038909912,93334,93249,1.0009115379253397
5,2026-02-03 02:40:27,89919.34081025406,1208.0000392913817,93516,93054,1.0049648591140627
5,2026-02-03 02:40:27,89919.34081025406,1210.0000396728515,93072,93487,0.99556088012237
5,2026-02-03 02:40:27,89919.34081025406,1212.0000400543213,93320,92961,1.003861834532761
5,2026-02-03 02:40:27,89919.34081025406,1214.0000404357909,92790,92656,1.0014462096356416
5,2026-02-03 02:40:27,89919.34081025406,1216.0000408172607,92667,93660,0.9893978219090327
5,2026-02-03 02:40:27,89919.34081025406,1218.0000411987303,93170,93088,1.0008808869027157
5,2026-02-03 02:40:27,89919.34081025406,1220.0000415802,93729,93178,1.0059134130374123
5,2026-02-03 02:40:27,89919.34081025406,1222.00004196167,93372,93027,1.0037086007288207
5,2026-02-03 02:40:27,89919.34081025406,1224.0000423431395,93464,92808,1.0070683561761917
5,2026-02-03 02:40:27,89919.34081025406,1226.0000427246093,92950,94192,0.9868141668082215
5,2026-02-03 02:40:27,89919.34081025406,1228.000043106079,93140,93539,0.9957343995552658
5,2026-02-03 02:40:27,89919.34081025406,1230.0000434875487,92561,93407,0.9909428629545965
5,2026-02-03 02:40:27,89919.34081025406,1232.0000438690186,93238,93979,0.9921152597920813
5,2026-02-03 02:40:27,89919.34081025406,1234.0000442504881,93051,93686,0.9932220395790192
5,2026-02-03 02:40:27,89919.34081025406,1236.000044631958,92699,93326,0.9932816149840344
5,2026-02-03 02:40:27,89919.34081025406,1238.0000450134276,92893,93786,0.9904783229906383
5,2026-02-03 02:40:27,89919.34081025406,1240.0000453948974,92790,93387,0.9936072472613962
5,2026-02-03 02:40:27,89919.34081025406,1242.0000457763672,93317,93230,1.0009331760163038
5,2026-02-03 02:40:27,89919.34081025406,1244.0000461578368,92976,93570,0.9936518114780378
5,2026-02-03 02:40:27,89919.34081025406,1246.0000465393066,93635,93852,0.9976878489536717
5,2026-02-03 02:40:27,89919.34081025406,1248.0000469207762,92841,93579,0.9921136152341872
5,2026-02-03 02:40:27,89919.34081025406,1250.000047302246,92896,93733,0.9910703807623782
5,2026-02-03 02:40:27,89919.34081025406,1252.0000476837158,93074,93780,0.9924717423757731
5,2026-02-03 02:40:27,89919.34081025406,1254.0000480651854,92603,94203,0.9830154029064891
5,2026-02-03 02:40:27,89919.34081025406,1256.0000484466552,92506,93715,0.9870991836952462
5,2026-02-03 02:40:27,89919.34081025406,1258.0000488281248,93286,93085,1.0021593167535048
5,2026-02-03 02:40:27,89919.34081025406,1260.0000492095946,93191,93670,0.9948863029785416
5,2026-02-03 02:40:27,89919.34081025406,1262.0000495910645,93159,93374,0.9976974318332726
5,2026-02-03 02:40:27,89919.34081025406,1264.000049972534,92997,93531,0.9942906629887417
5,2026-02-03 02:40:27,89919.34081025406,1266.0000503540039,92775,93305,0.9943197041959166
5,2026-02-03 02:40:27,89919.34081025406,1268.0000507354735,92420,94039,0.9827837386616192
5,2026-02-03 02:40:27,89919.34081025406,1270.0000511169433,92348,93631,0.9862972733389582
5,2026-02-03 02:40:27,89919.34081025406,1272.000051498413,93315,93355,0.999571528038134
5,2026-02-03 02:40:27,89919.34081025406,1274.0000518798827,93408,93086,1.0034591667919988
5,2026-02-03 02:40:27,89919.34081025406,1276.0000522613525,92698,93538,0.9910196925313777
5,2026-02-03 02:40:27,89919.34081025406,1278.000052642822,92839,93627,0.9915836243818557
5,2026-02-03 02:40:27,89919.34081025406,1280.000053024292,92782,93507,0.9922465697755248
5,2026-02-03 02:40:27,89919.34081025406,1282.0000534057617,93158,92949,1.0022485449009673
5,2026-02-03 02:40:27,89919.34081025406,1284.0000537872313,92788,93580,0.9915366531310109
5,2026-02-03 02:40:27,89919.34081025406,1286.0000541687011,93281,93037,1.0026226125090019
5,2026-02-03 02:40:27,89919.34081025406,1288.0000545501707,93278,93685,0.9956556545871804
5,2026-02-03 02:40:27,89919.34081025406,1290.0000549316405,92582,93236,0.9929855420652967
5,2026-02-03 02:40:27,89919.34081025406,1292.0000553131104,93410,93719,0.9967029097621614
5,2026-02-03 02:40:27,89919.34081025406,1294.00005569458,93560,93497,1.000673818411286
5,2026-02-03 02:40:27,89919.34081025406,1296.0000560760498,92662,93322,0.9929277126508219
5,2026-02-03 02:40:27,89919.34081025406,1298.0000564575193,92842,93415,0.9938660814644329
5,2026-02-03 02:40:27,89919.34081025406,1300.0000568389892,93445,93596,0.9983866831915894
5,2026-02-03 02:40:27,89919.34081025406,1302.000057220459,92808,93464,0.992981254814688
5,2026-02-03 02:40:27,89919.34081025406,1304.0000576019286,92957,93580,0.9933425945714897
5,2026-02-03 02:40:27,89919.34081025406,1306.0000579833984,93792,93986,0.9979358627880748
5,2026-02-03 02:40:27,89919.34081025406,1308.000058364868,93164,94044,0.9906426778954532
5,2026-02-03 02:40:27,89919.34081025406,1310.0000587463378,92865,94066,0.9872323687623583
5,2026-02-03 02:40:27,89919.34081025406,1312.0000591278076,93631,93817,0.9980174168860654
5,2026-02-03 02:40:27,89919.34081025406,1314.0000595092772,93155,93090,1.0006982490063379
5,2026-02-03 02:40:27,89919.34081025406,1316.000059890747,92786,93255,0.9949707790467
5,2026-02-03 02:40:27,89919.34081025406,1318.0000602722166,92834,93760,0.9901237201365187
5,2026-02-03 02:40:27,89919.34081025406,1320.0000606536864,93794,93640,1.0016445963263563
5,2026-02-03 02:40:27,89919.34081025406,1322.0000610351562,93043,93431,0.9958472027485524
5,2026-02-03 02:40:27,89919.34081025406,1324.0000614166258,92721,92975,0.9972680828179619
5,2026-02-03 02:40:27,89919.34081025406,1326.0000617980957,93100,93282,0.9980489269098004
5,2026-02-03 02:40:27,89919.34081025406,1328.0000621795652,93374,93122,1.0027061274457163
5,2026-02-03 02:40:27,89919.34081025406,1330.000062561035,92629,93171,0.9941827392643634
5,2026-02-03 02:40:27,89919.34081025406,1332.0000629425049,93395,93441,0.9995077107479586
5,2026-02-03 02:40:27,89919.34081025406,1334.0000633239745,92672,93516,0.9909748064502332
5,2026-02-03 02:40:27,89919.34081025406,1336.0000637054443,93221,92961,1.0027968718064564
5,2026-02-03 02:40:27,89919.34081025406,1338.0000640869139,93142,93456,0.9966401301147064
5,2026-02-03 02:40:27,89919.34081025406,1340.0000644683837,93077,93406,0.9964777423291865
5,2026-02-03 02:40:27,89919.34081025406,1342.0000648498535,92972,93408,0.9953323055841041
5,2026-02-03 02:40:27,89919.34081025406,1344.000065231323,92803,93382,0.9937996616050202
5,2026-02-03 02:40:27,89919.34081025406,1346.000065612793,93006,94022,0.9891940184212206
5,2026-02-03 02:40:27,89919.34081025406,1348.0000659942625,92965,93356,0.9958117314366511
5,2026-02-03 02:40:27,89919.34081025406,1350.0000663757323,93158,93563,0.9956713658176843
5,2026-02-03 02:40:27,89919.34081025406,1352.0000667572021,92818,93855,0.9889510415001864
5,2026-02-03 02:40:27,89919.34081025406,1354.0000671386717,93114,93229,0.9987664782417488
5,2026-02-03 02:40:27,89919.34081025406,1356.0000675201416,93358,93307,1.0005465827858575
5,2026-02-03 02:40:27,89919.34081025406,1358.0000679016111,92638,93665,0.9890353920888272
5,2026-02-03 02:40:27,89919.34081025406,1360.000068283081,93473,94117,0.993157452957489
5,2026-02-03 02:40:27,89919.34081025406,1362.0000686645508,93450,93154,1.0031775339759967
5,2026-02-03 02:40:27,89919.34081025406,1364.0000690460204,92917,93455,0.9942432186613879
5,2026-02-03 02:40:27,89919.34081025406,1366.0000694274902,92982,93295,0.996645050645801
5,2026-02-03 02:40:27,89919.34081025406,1368.0000698089598,92475,93271,0.9914657288975137
5,2026-02-03 02:40:27,89919.34081025406,1370.0000701904296,92614,93763,0.9877456992630356
5,2026-02-03 02:40:27,89919.34081025406,1372.0000705718994,92846,92994,0.9984084994730843
5,2026-02-03 02:40:27,89919.34081025406,1374.000070953369,92907,93743,0.9910820007893922
5,2026-02-03 02:40:27,89919.34081025406,1376.0000713348388,92885,93344,0.9950827048337333
5,2026-02-03 02:40:27,89919.34081025406,1378.0000717163084,93464,93388,1.0008138090546965
5,2026-02-03 02:40:27,89919.34081025406,1380.0000720977782,92953,93340,0.9958538675808871
5,2026-02-03 02:40:27,89919.34081025406,1382.000072479248,92982,93475,0.9947258625300882
5,2026-02-03 02:40:27,89919.34081025406,1384.0000728607176,93003,93441,0.9953125501653449
5,2026-02-03 02:40:27,89919.34081025406,1386.0000732421875,92383,93276,0.9904262618465629
5,2026-02-03 02:40:27,89919.34081025406,1388.000073623657,93185,93623,0.9953216624120141
5,2026-02-03 02:40:27,89919.34081025406,1390.0000740051269,92269,93230,0.9896921591762309
5,2026-02-03 02:40:27,89919.34081025406,1392.0000743865967,92782,92924,0.9984718694847402
5,2026-02-03 02:40:27,89919.34081025406,1394.0000747680663,93279,93899,0.993397160779135
5,2026-02-03 02:40:27,89919.34081025406,1396.000075149536,93319,93259,1.0006433695407413
5,2026-02-03 02:40:27,89919.34081025406,1398.0000755310057,93564,93649,0.9990923554976562
5,2026-02-03 02:40:27,89919.34081025406,1400.0000759124755,92927,93130,0.9978202512616772
5,2026-02-03 02:40:27,89919.34081025406,1402.0000762939453,93172,93146,1.0002791316857407
5,2026-02-03 02:40:27,89919.34081025406,1404.000076675415,93072,94272,0.9872708757637475
5,2026-02-03 02:40:27,89919.34081025406,1406.0000770568847,92486,93603,0.98806662179631
5,2026-02-03 02:40:27,89919.34081025406,1408.0000774383543,93316,93643,0.9965080144805271
5,2026-02-03 02:40:27,89919.34081025406,1410.0000778198241,93381,92916,1.0050045202118043
5,2026-02-03 02:40:27,89919.34081025406,1412.000078201294,93709,93240,1.00503003003003
5,2026-02-03 02:40:27,89919.34081025406,1414.0000785827635,93401,93102,1.0032115314386372
5,2026-02-03 02:40:27,89919.34081025406,1416.0000789642334,92998,93748,0.9919998293296923
5,2026-02-03 02:40:27,89919.34081025406,1418.000079345703,92996,93899,0.9903832841670306
5,2026-02-03 02:40:27,89919.34081025406,1420.0000797271728,93361,93075,1.0030727907601398
5,2026-02-03 02:40:27,89919.34081025406,1422.0000801086426,93002,93295,0.9968594244064527
5,2026-02-03 02:40:27,89919.34081025406,1424.0000804901122,93027,94001,0.9896384081020415
5,2026-02-03 02:40:27,89919.34081025406,1426.000080871582,93133,93175,0.9995492353099007
5,2026-02-03 02:40:27,89919.34081025406,1428.0000812530516,92900,93482,0.9937742025202713
5,2026-02-03 02:40:27,89919.34081025406,1430.0000816345214,93130,93599,0.9949892627057981
5,2026-02-03 02:40:27,89919.34081025406,1432.0000820159912,93050,93612,0.993996496175704
5,2026-02-03 02:40:27,89919.34081025406,1434.0000823974608,93218,93852,0.9932446831181009
5,2026-02-03 02:40:27,89919.34081025406,1436.0000827789306,92656,93812,0.9876774826248241
5,2026-02-03 02:40:27,89919.34081025406,1438.0000831604002,93387,93289,1.0010504989870188
5,2026-02-03 02:40:27,89919.34081025406,1440.00008354187,92995,93795,0.99147076070153
5,2026-02-03 02:40:27,89919.34081025406,1442.0000839233398,93182,93127,1.0005905913430047
5,2026-02-03 02:40:27,89919.34081025406,1444.0000843048094,93013,93240,0.9975654225654226
5,2026-02-03 02:40:27,89919.34081025406,1446.0000846862793,93009,93054,0.9995164098265523
5,2026-02-03 02:40:27,89919.34081025406,1448.0000850677488,93170,94088,0.9902431766006292
5,2026-02-03 02:40:27,89919.34081025406,1450.0000854492187,92753,93053,0.9967760308641312
5,2026-02-03 02:40:27,89919.34081025406,1452.0000858306885,92916,92984,0.9992686913877656
5,2026-02-03 02:40:27,89919.34081025406,1454.000086212158,93030,93438,0.9956334681821101
5,2026-02-03 02:40:27,89919.34081025406,1456.0000865936279,93258,92757,1.0054012096122125
5,2026-02-03 02:40:27,89919.34081025406,1458.0000869750975,93180,93287,0.9988530020260058
5,2026-02-03 02:40:27,89919.34081025406,1460.0000873565673,92618,93647,0.9890119277713114
5,2026-02-03 02:40:27,89919.34081025406,1462.000087738037,92203,93491,0.9862232728284006
5,2026-02-03 02:40:27,89919.34081025406,1464.0000881195067,93483,93007,1.005117894352038
5,2026-02-03 02:40:27,89919.34081025406,1466.0000885009765,93282,93331,0.9994749868746718
5,2026-02-03 02:40:27,89919.34081025406,1468.000088882446,93855,93862,0.9999254224286719
5,2026-02-03 02:40:27,89919.34081025406,1470.000089263916,92994,93185,0.9979503138917207
5,2026-02-03 02:40:27,89919.34081025406,1472.0000896453857,93358,94000,0.9931702127659574
5,2026-02-03 02:40:27,89919.34081025406,1474.0000900268553,93081,93550,0.994986638161411
5,2026-02-03 02:40:27,89919.34081025406,1476.0000904083251,93155,93783,0.9933036904343004
5,2026-02-03 02:40:27,89919.34081025406,1478.0000907897947,93162,93530,0.9960654335507324
5,2026-02-03 02:40:27,89919.34081025406,1480.0000911712646,93062,93763,0.992523703379798
5,2026-02-03 02:40:27,89919.34081025406,1482.0000915527344,92492,93503,0.9891875127001273
5,2026-02-03 02:40:27,89919.34081025406,1484.000091934204,92929,93452,0.9944035440654025
5,2026-02-03 02:40:27,89919.34081025406,1486.0000923156738,93569,93142,1.0045843980159326
5,2026-02-03 02:40:27,89919.34081025406,1488.0000926971434,92957,93200,0.997392703862661
5,2026-02-03 02:40:27,89919.34081025406,1490.0000930786132,93047,93718,0.9928402227960477
5,2026-02-03 02:40:27,89919.34081025406,1492.000093460083,92922,93341,0.9955110830181807
5,2026-02-03 02:40:27,89919.34081025406,1494.0000938415526,92689,93116,0.9954143219210447
5,2026-02-03 02:40:27,89919.34081025406,1496.0000942230224,93047,93623,0.9938476656377172
5,2026-02-03 02:40:27,89919.34081025406,1498.000094604492,92953,93024,0.9992367561059512
5,2026-02-03 02:40:27,89919.34081025406,1500.0000949859618,92811,93516,0.9924611831130502
5,2026-02-03 02:40:27,89919.34081025406,1502.0000953674316,92857,93489,0.9932398463990416
5,2026-02-03 02:40:27,89919.34081025406,1504.0000957489012,93523,93139,1.0041228701188547
5,2026-02-03 02:40:27,89919.34081025406,1506.000096130371,92949,93783,0.9911071302901379
5,2026-02-03 02:40:27,89919.34081025406,1508.0000965118406,92577,93214,0.9931662625785826
5,2026-02-03 02:40:27,89919.34081025406,1510.0000968933105,92835,93537,0.9924949485230443
5,2026-02-03 02:40:27,89919.34081025406,1512.0000972747803,92508,93474,0.989665575454137
5,2026-02-03 02:40:27,89919.34081025406,1514.0000976562499,93025,93661,0.993209553602887
5,2026-02-03 02:40:27,89919.34081025406,1516.0000980377195,93554,93684,0.9986123564322616
5,2026-02-03 02:40:27,89919.34081025406,1518.0000984191893,93039,93025,1.0001504971781778
5,2026-02-03 02:40:27,89919.34081025406,1520.000098800659,92838,93236,0.9957312626024283
5,2026-02-03 02:40:27,89919.34081025406,1522.000099182129,93483,93233,1.0026814539916125
5,2026-02-03 02:40:27,89919.34081025406,1524.0000995635985,93240,93812,0.9939026990150513
5,2026-02-03 02:40:27,89919.34081025406,1526.000099945068,93325,93868,0.9942152810329399
5,2026-02-03 02:40:27,89919.34081025406,1528.000100326538,93328,93615,0.9969342519895316
5,2026-02-03 02:40:27,89919.34081025406,1530.0001007080077,93198,93309,0.9988104041410797
5,2026-02-03 02:40:27,89919.34081025406,1532.0001010894775,93381,92990,1.0042047531992688
5,2026-02-03 02:40:27,89919.34081025406,1534.0001014709471,92885,93924,0.9889378646565308
5,2026-02-03 02:40:27,89919.34081025406,1536.0001018524167,93366,93172,1.0020821706091958
5,2026-02-03 02:40:27,89919.34081025406,1538.0001022338865,92553,92989,0.9953112733764209
5,2026-02-03 02:40:27,89919.34081025406,1540.0001026153564,93473,93842,0.9960678587412886
5,2026-02-03 02:40:27,89919.34081025406,1542.0001029968262,93192,94052,0.9908561221451962
5,2026-02-03 02:40:27,89919.34081025406,1544.0001033782958,93032,93476,0.9952501176772648
5,2026-02-03 02:40:27,89919.34081025406,1546.0001037597654,93576,92785,1.0085250848736327
5,2026-02-03 02:40:27,89919.34081025406,1548.0001041412352,93134,93507,0.996010993829339
5,2026-02-03 02:40:27,89919.34081025406,1550.000104522705,93294,93792,0.9946903787103377
5,2026-02-03 02:40:27,89919.34081025406,1552.0001049041748,92925,94214,0.9863183815568811
5,2026-02-03 02:40:27,89919.34081025406,1554.0001052856444,92969,93523,0.9940763234712316
5,2026-02-03 02:40:27,89919.34081025406,1556.000105667114,92670,93930,0.9865857553497285
5,2026-02-03 02:40:27,89919.34081025406,1558.0001060485838,92854,93594,0.9920935102677522
5,2026-02-03 02:40:27,89919.34081025406,1560.0001064300536,93478,93646,0.9982060098669457
5,2026-02-03 02:40:27,89919.34081025406,1562.0001068115234,93329,94143,0.991353579129622
5,2026-02-03 02:40:27,89919.34081025406,1564.000107192993,93636,92669,1.0104349890470383
5,2026-02-03 02:40:27,89919.34081025406,1566.0001075744626,93382,93897,0.9945152667284365
5,2026-02-03 02:40:27,89919.34081025406,1568.0001079559324,93010,92833,1.0019066495750433
5,2026-02-03 02:40:27,89919.34081025406,1570.0001083374023,92145,93471,0.9858137818146805
5,2026-02-03 02:40:27,89919.34081025406,1572.000108718872,92864,93796,0.9900635421553158
5,2026-02-03 02:40:27,89919.34081025406,1574.0001091003417,93378,93624,0.9973724685977955
5,2026-02-03 02:40:27,89919.34081025406,1576.0001094818113,92834,93869,0.9889739956748235
5,2026-02-03 02:40:27,89919.34081025406,1578.000109863281,93267,93468,0.9978495313904224
5,2026-02-03 02:40:27,89919.34081025406,1580.0001102447509,93198,93347,0.998403805157102
5,2026-02-03 02:40:27,89919.34081025406,1582.0001106262207,93005,93494,0.9947697178428562
5,2026-02-03 02:40:27,89919.34081025406,1584.0001110076903,92910,93821,0.9902900203579156
5,2026-02-03 02:40:27,89919.34081025406,1586.0001113891599,93420,93219,1.0021562127892383
5,2026-02-03 02:40:27,89919.34081025406,1588.0001117706297,93543,93488,1.000588310799247
5,2026-02-03 02:40:27,89919.34081025406,1590.0001121520995,93069,93397,0.9964881098964635
5,2026-02-03 02:40:27,89919.34081025406,1592.0001125335693,92737,92962,0.9975796562036101
5,2026-02-03 02:40:27,89919.34081025406,1594.000112915039,93282,93808,0.9943928023196316
5,2026-02-03 02:40:27,89919.34081025406,1596.0001132965085,93238,94218,0.9895985905028764
5,2026-02-03 02:40:27,89919.34081025406,1598.0001136779783,93331,93686,0.9962107465363021
5,2026-02-03 02:40:27,89919.34081025406,1600.0001140594482,93257,93373,0.9987576708470328
5,2026-02-03 02:40:27,89919.34081025406,1602.000114440918,92667,93319,0.9930132127433856
5,2026-02-03 02:40:27,89919.34081025406,1604.0001148223876,93022,93036,0.9998495206156757
5,2026-02-03 02:40:27,89919.34081025406,1606.0001152038571,92843,93318,0.9949098780513942
5,2026-02-03 02:40:27,89919.34081025406,1608.000115585327,93275,93475,0.9978603904787376
5,2026-02-03 02:40:27,89919.34081025406,1610.0001159667968,93324,92973,1.0037752896002066
5,2026-02-03 02:40:27,89919.34081025406,1612.0001163482666,93164,93579,0.9955652443390077
5,2026-02-03 02:40:27,89919.34081025406,1614.0001167297362,92393,93952,0.9834064202997275
5,2026-02-03 02:40:27,89919.34081025406,1616.0001171112058,93227,93937,0.9924417428702216
5,2026-02-03 02:40:27,89919.34081025406,1618.0001174926756,92930,93184,0.9972742101648352
5,2026-02-03 02:40:27,89919.34081025406,1620.0001178741454,93437,93372,1.0006961401705008
5,2026-02-03 02:40:27,89919.34081025406,1622.0001182556152,93362,94315,0.9898955627418756
5,2026-02-03 02:40:27,89919.34081025406,1624.0001186370848,93451,93129,1.0034575696077483
5,2026-02-03 02:40:27,89919.34081025406,1626.0001190185544,93218,93570,0.9962381105055039
5,2026-02-03 02:40:27,89919.34081025406,1628.0001194000242,93636,93441,1.002086878351045
5,2026-02-03 02:40:27,89919.34081025406,1630.000119781494,93066,93868,0.9914560872714876
5,2026-02-03 02:40:27,89919.34081025406,1632.0001201629639,93170,92815,1.0038248127996552
5,2026-02-03 02:40:27,89919.34081025406,1634.0001205444335,92923,93562,0.9931703041833223
5,2026-02-03 02:40:27,89919.34081025406,1636.000120925903,93593,93305,1.0030866513048604
5,2026-02-03 02:40:27,89919.34081025406,1638.0001213073729,93095,93262,0.9982093457142245
5,2026-02-03 02:40:27,89919.34081025406,1640.0001216888427,92871,93631,0.9918830301929916
5,2026-02-03 02:40:27,89919.34081025406,1642.0001220703125,93005,93528,0.9944080916944659
5,2026-02-03 02:40:27,89919.34081025406,1644.000122451782,92756,93529,0.9917351837398026
5,2026-02-03 02:40:27,89919.34081025406,1646.0001228332517,92882,93453,0.9938899767797716
5,2026-02-03 02:40:27,89919.34081025406,1648.0001232147215,92567,93505,0.9899684508849794
5,2026-02-03 02:40:27,89919.34081025406,1650.0001235961913,93424,93397,1.0002890885146203
5,2026-02-03 02:40:27,89919.34081025406,1652.0001239776611,93307,93909,0.9935895388088468
5,2026-02-03 02:40:27,89919.34081025406,1654.0001243591307,92493,94005,0.9839157491622786
5,2026-02-03 02:40:27,89919.34081025406,1656.0001247406003,92884,93563,0.9927428577535992
5,2026-02-03 02:40:27,89919.34081025406,1658.0001251220701,93051,93015,1.0003870343492984
5,2026-02-03 02:40:27,89919.34081025406,1660.00012550354,93164,94000,0.9911063829787234
5,2026-02-03 02:40:27,89919.34081025406,1662.0001258850098,93332,93406,0.9992077596728262
5,2026-02-03 02:40:27,89919.34081025406,1664.0001262664794,93161,93183,0.9997639054333946
5,2026-02-03 02:40:27,89919.34081025406,1666.000126647949,92736,93166,0.9953845823583711
5,2026-02-03 02:40:27,89919.34081025406,1668.0001270294188,93303,93710,0.9956568135737914
5,2026-02-03 02:40:27,89919.34081025406,1670.0001274108886,93274,93304,0.999678470376404
5,2026-02-03 02:40:27,89919.34081025406,1672.0001277923584,93283,93618,0.9964216283193403
5,2026-02-03 02:40:27,89919.34081025406,1674.000128173828,92719,93194,0.9949031053501298
5,2026-02-03 02:40:27,89919.34081025406,1676.0001285552976,93419,93136,1.0030385672564852
5,2026-02-03 02:40:27,89919.34081025406,1678.0001289367674,93248,93572,0.9965374257256444
5,2026-02-03 02:40:27,89919.34081025406,1680.0001293182372,93501,92912,1.0063393318408818
5,2026-02-03 02:40:27,89919.34081025406,1682.000129699707,92837,93357,0.9944299838255299
5,2026-02-03 02:40:27,89919.34081025406,1684.0001300811766,93196,93553,0.9961839812726476
5,2026-02-03 02:40:27,89919.34081025406,1686.0001304626462,92915,93735,0.9912519336427161
5,2026-02-03 02:40:27,89919.34081025406,1688.000130844116,93134,93167,0.9996457973316732
5,2026-02-03 02:40:27,89919.34081025406,1690.0001312255858,93268,92913,1.0038207785778093
5,2026-02-03 02:40:27,89919.34081025406,1692.0001316070557,93177,93204,0.9997103128621089
5,2026-02-03 02:40:27,89919.34081025406,1694.0001319885253,93344,93404,0.9993576292235878
5,2026-02-03 02:40:27,89919.34081025406,1696.0001323699948,93459,93679,0.9976515547774848
5,2026-02-03 02:40:27,89919.34081025406,1698.0001327514647,93280,93171,1.0011698919191594
5,2026-02-03 02:40:27,89919.34081025406,1700.0001331329345,93049,93756,0.9924591492811127
5,2026-02-03 02:40:27,89919.34081025406,1702.0001335144043,92758,93816,0.9887226059520764
5,2026-02-03 02:40:27,89919.34081025406,1704.000133895874,92701,93112,0.9955859609932125
5,2026-02-03 02:40:27,89919.34081025406,1706.0001342773435,93477,93768,0.9968965958535961
5,2026-02-03 02:40:27,89919.34081025406,1708.0001346588133,93071,93166,0.9989803147070819
5,2026-02-03 02:40:27,89919.34081025406,1710.000135040283,92681,93625,0.9899172229639519
5,2026-02-03 02:40:27,89919.34081025406,1712.000135421753,92591,93324,0.9921456431357422
5,2026-02-03 02:40:27,89919.34081025406,1714.0001358032225,92871,93496,0.9933152220415846
5,2026-02-03 02:40:27,89919.34081025406,1716.000136184692,92684,93725,0.9888930381435049
5,2026-02-03 02:40:27,89919.34081025406,1718.000136566162,92948,92855,1.0010015615744978
5,2026-02-03 02:40:27,89919.34081025406,1720.0001369476317,92942,93278,0.9963978644482085
5,2026-02-03 02:40:27,89919.34081025406,1722.0001373291016,93180,94034,0.9909181785311696
5,2026-02-03 02:40:27,89919.34081025406,1724.0001377105712,93650,93342,1.00329969359988
5,2026-02-03 02:40:27,89919.34081025406,1726.0001380920407,92969,93554,0.9937469269085234
5,2026-02-03 02:40:27,89919.34081025406,1728.0001384735106,92799,93081,0.9969703806362201
5,2026-02-03 02:40:27,89919.34081025406,1730.0001388549804,92745,93367,0.993338117321966
5,2026-02-03 02:40:27,89919.34081025406,1732.0001392364502,93100,93680,0.9938087105038429
5,2026-02-03 02:40:27,89919.34081025406,1734.0001396179198,93105,93528,0.9954772902232486
5,2026-02-03 02:40:27,89919.34081025406,1736.0001399993894,92987,92850,1.0014754981152396
5,2026-02-03 02:40:27,89919.34081025406,1738.0001403808592,93157,93530,0.9960119747674543
5,2026-02-03 02:40:27,89919.34081025406,1740.000140762329,93209,93363,0.9983505242976339
5,2026-02-03 02:40:27,89919.34081025406,1742.0001411437988,93300,93701,0.9957204298780162
5,2026-02-03 02:40:27,89919.34081025406,1744.0001415252684,93311,93294,1.0001822196497094
5,2026-02-03 02:40:27,89919.34081025406,1746.000141906738,92865,93252,0.9958499549607515
5,2026-02-03 02:40:27,89919.34081025406,1748.0001422882078,92972,93280,0.9966981132075472
5,2026-02-03 02:40:27,89919.34081025406,1750.0001426696776,92267,93530,0.9864963113439538
5,2026-02-03 02:40:27,89919.34081025406,1752.0001430511475,93036,93599,0.9939849784719922
5,2026-02-03 02:40:27,89919.34081025406,1754.000143432617,92913,93224,0.9966639491976315
5,2026-02-03 02:40:27,89919.34081025406,1756.0001438140866,93359,93514,0.9983424941719956
5,2026-02-03 02:40:27,89919.34081025406,1758.0001441955565,93293,93209,1.000901200527846
5,2026-02-03 02:40:27,89919.34081025406,1760.0001445770263,93372,93405,0.9996466998554682
5,2026-02-03 02:40:27,89919.34081025406,1762.000144958496,93378,93377,1.0000107092753034
5,2026-02-03 02:40:27,89919.34081025406,1764.0001453399657,93347,93173,1.0018674938018524
5,2026-02-03 02:40:27,89919.34081025406,1766.0001457214353,92632,93797,0.9875795601138629
5,2026-02-03 02:40:27,89919.34081025406,1768.000146102905,92330,93840,0.9839087809036658
5,2026-02-03 02:40:27,89919.34081025406,1770.000146484375,93033,93466,0.995367299338797
5,2026-02-03 02:40:27,89919.34081025406,1772.0001468658447,93445,93148,1.0031884742560226
5,2026-02-03 02:40:27,89919.34081025406,1774.0001472473143,92816,93494,0.9927481977453099
5,2026-02-03 02:40:27,89919.34081025406,1776.000147628784,93239,92922,1.0034114633778868
5,2026-02-03 02:40:27,89919.34081025406,1778.0001480102537,92772,93362,0.9936805124140442
5,2026-02-03 02:40:27,89919.34081025406,1780.0001483917235,92908,93115,0.9977769424904688
5,2026-02-03 02:40:27,89919.34081025406,1782.0001487731934,93082,93279,0.9978880562613236
5,2026-02-03 02:40:27,89919.34081025406,1784.000149154663,92988,93276,0.996912389038981
5,2026-02-03 02:40:27,89919.34081025406,1786.0001495361325,92735,93435,0.9925081607534649
5,2026-02-03 02:40:27,89919.34081025406,1788.0001499176024,93116,92990,1.0013549844069254
5,2026-02-03 02:40:27,89919.34081025406,1790.0001502990722,93040,93525,0.9948142207965784
5,2026-02-03 02:40:27,89919.34081025406,1792.000150680542,92689,93456,0.9917929292929293
5,2026-02-03 02:40:27,89919.34081025406,1794.0001510620116,92577,93397,0.9912202747411587
5,2026-02-03 02:40:27,89919.34081025406,1796.0001514434812,93260,93237,1.0002466831837147
5,2026-02-03 02:40:27,89919.34081025406,1798.000151824951,93055,93225,0.9981764548136229
5,2026-02-03 02:40:27,89919.34081025406,1800.0001522064208,93425,93865,0.9953124167687637
5,2026-02-03 02:40:27,89919.34081025406,1802.0001525878906,92585,93709,0.988005421037467
5,2026-02-03 02:40:27,89919.34081025406,1804.0001529693602,93290,93857,0.9939588949146041
5,2026-02-03 02:40:27,89919.34081025406,1806.0001533508298,93467,92992,1.0051079662766689
5,2026-02-03 02:40:27,89919.34081025406,1808.0001537322996,93141,93463,0.9965547863860565
5,2026-02-03 02:40:27,89919.34081025406,1810.0001541137694,92755,92869,0.9987724644391562
5,2026-02-03 02:40:27,89919.34081025406,1812.0001544952393,93243,93421,0.9980946468138855
5,2026-02-03 02:40:27,89919.34081025406,1814.0001548767088,93017,92941,1.000817723071626
5,2026-02-03 02:40:27,89919.34081025406,1816.0001552581784,92872,93863,0.9894420591713454
5,2026-02-03 02:40:27,89919.34081025406,1818.0001556396483,93136,93327,0.9979534325543519
5,2026-02-03 02:40:27,89919.34081025406,1820.000156021118,92868,93614,0.9920311064584357
5,2026-02-03 02:40:27,89919.34081025406,1822.000156402588,92994,93515,0.9944287012778699
5,2026-02-03 02:40:27,89919.34081025406,1824.0001567840575,93177,94246,0.9886573435477368
5,2026-02-03 02:40:27,89919.34081025406,1826.000157165527,93750,94042,0.9968950043597542
5,2026-02-03 02:40:27,89919.34081025406,1828.000157546997,92651,93581,0.9900620852523482
5,2026-02-03 02:40:27,89919.34081025406,1830.0001579284667,92924,93787,0.9907982982716155
5,2026-02-03 02:40:27,89919.34081025406,1832.0001583099365,92841,93402,0.9939937046315924
5,2026-02-03 02:40:27,89919.34081025406,1834.000158691406,93511,94044,0.9943324401344051
5,2026-02-03 02:40:27,89919.34081025406,1836.0001590728757,92574,93390,0.9912624477995503
5,2026-02-03 02:40:27,89919.34081025406,1838.0001594543455,93411,92959,1.0048623586742542
5,2026-02-03 02:40:27,89919.34081025406,1840.0001598358153,92844,93173,0.996468934133279
5,2026-02-03 02:40:27,89919.34081025406,1842.0001602172852,92927,93610,0.9927037709646406
5,2026-02-03 02:40:27,89919.34081025406,1844.0001605987547,92950,93542,0.9936712920399393
5,2026-02-03 02:40:27,89919.34081025406,1846.0001609802243,93513,92785,1.0078460958129007
5,2026-02-03 02:40:27,89919.34081025406,1848.0001613616942,92873,93720,0.990962441314554
5,2026-02-03 02:40:27,89919.34081025406,1850.000161743164,93656,93148,1.005453686606261
5,2026-02-03 02:40:27,89919.34081025406,1852.0001621246338,92887,93109,0.9976156977306168
5,2026-02-03 02:40:27,89919.34081025406,1854.0001625061034,93290,93304,0.9998499528423219
5,2026-02-03 02:40:27,89919.34081025406,1856.000162887573,92560,93265,0.9924408942261298
5,2026-02-03 02:40:27,89919.34081025406,1858.0001632690428,93007,92952,1.0005917032446854
5,2026-02-03 02:40:27,89919.34081025406,1860.0001636505126,92641,93688,0.9888246093416446
5,2026-02-03 02:40:27,89919.34081025406,1862.0001640319824,93312,93557,0.9973812755860064
5,2026-02-03 02:40:27,89919.34081025406,1864.000164413452,93765,93506,1.0027698757298997
5,2026-02-03 02:40:27,89919.34081025406,1866.0001647949216,92755,93189,0.9953427979697175
5,2026-02-03 02:40:27,89919.34081025406,1868.0001651763914,93192,93474,0.996983118300276
5,2026-02-03 02:40:27,89919.34081025406,1870.0001655578612,92804,93438,0.9932147520280828
5,2026-02-03 02:40:27,89919.34081025406,1872.000165939331,92859,93938,0.9885137005258787
5,2026-02-03 02:40:27,89919.34081025406,1874.0001663208006,92580,93300,0.992282958199357
5,2026-02-03 02:40:27,89919.34081025406,1876.0001667022702,93376,93651,0.9970635657921432
5,2026-02-03 02:40:27,89919.34081025406,1878.00016708374,93343,93362,0.9997964910777404
5,2026-02-03 02:40:27,89919.34081025406,1880.0001674652099,93355,93412,0.9993898000256927
5,2026-02-03 02:40:27,89919.34081025406,1882.0001678466797,93585,93006,1.0062254048125927
5,2026-02-03 02:40:27,89919.34081025406,1884.0001682281493,92579,92693,0.9987701336670515
5,2026-02-03 02:40:27,89919.34081025406,1886.0001686096189,93174,93752,0.993834798190972
5,2026-02-03 02:40:27,89919.34081025406,1888.0001689910887,93206,94021,0.99133172376384
5,2026-02-03 02:40:27,89919.34081025406,1890.0001693725585,93007,94139,0.9879752281201203
5,2026-02-03 02:40:27,89919.34081025406,1892.0001697540283,92741,93384,0.9931144521545446
5,2026-02-03 02:40:27,89919.34081025406,1894.000170135498,92598,93200,0.9935407725321889
5,2026-02-03 02:40:27,89919.34081025406,1896.0001705169675,93249,93712,0.9950593307153833
5,2026-02-03 02:40:27,89919.34081025406,1898.0001708984373,92713,93076,0.9960999613219305
5,2026-02-03 02:40:27,89919.34081025406,1900.0001712799071,93037,93588,0.9941124930546651
5,2026-02-03 02:40:27,89919.34081025406,1902.000171661377,92667,93105,0.9952956339616562
5,2026-02-03 02:40:27,89919.34081025406,1904.0001720428465,93151,94191,0.9889586053869266
5,2026-02-03 02:40:27,89919.34081025406,1906.0001724243161,93096,93663,0.9939463822427212
5,2026-02-03 02:40:27,89919.34081025406,1908.000172805786,92498,94257,0.9813382560446439
5,2026-02-03 02:40:27,89919.34081025406,1910.0001731872558,93376,93477,0.9989195203098088
5,2026-02-03 02:40:27,89919.34081025406,1912.0001735687256,92778,92908,0.998600766349507
5,2026-02-03 02:40:27,89919.34081025406,1914.0001739501952,93417,94321,0.9904157080607712
5,2026-02-03 02:40:27,89919.34081025406,1916.0001743316648,93168,94227,0.9887611831003852
5,2026-02-03 02:40:27,89919.34081025406,1918.0001747131346,92638,93526,0.9905053140303232
5,2026-02-03 02:40:27,89919.34081025406,1920.0001750946044,93061,92942,1.001280368401799
5,2026-02-03 02:40:27,89919.34081025406,1922.0001754760742,92935,93279,0.9963121388522604
5,2026-02-03 02:40:27,89919.34081025406,1924.0001758575438,93302,93096,1.0022127696141618
5,2026-02-03 02:40:27,89919.34081025406,1926.0001762390134,92842,93071,0.9975395128450323
5,2026-02-03 02:40:27,89919.34081025406,1928.0001766204832,93494,92955,1.005798504652789
5,2026-02-03 02:40:27,89919.34081025406,1930.000177001953,93305,93405,0.9989293935014185
5,2026-02-03 02:40:27,89919.34081025406,1932.0001773834229,93268,93564,0.9968363900645547
5,2026-02-03 02:40:27,89919.34081025406,1934.0001777648924,93155,93467,0.9966619234596168
5,2026-02-03 02:40:27,89919.34081025406,1936.000178146362,93187,94220,0.9890362980258969
5,2026-02-03 02:40:27,89919.34081025406,1938.0001785278318,92973,93536,0.9939809271296614
5,2026-02-03 02:40:27,89919.34081025406,1940.0001789093017,92526,93340,0.9912791943432612
5,2026-02-03 02:40:27,89919.34081025406,1942.0001792907715,92887,93511,0.9933269882687599
5,2026-02-03 02:40:27,89919.34081025406,1944.000179672241,92962,93247,0.9969436014027261
5,2026-02-03 02:40:27,89919.34081025406,1946.0001800537107,92509,93425,0.9901953438587102
5,2026-02-03 02:40:27,89919.34081025406,1948.0001804351805,92818,93849,0.9890142676000809
5,2026-02-03 02:40:27,89919.34081025406,1950.0001808166503,93719,93845,0.9986573605413182
5,2026-02-03 02:40:27,89919.34081025406,1952.0001811981201,93591,93686,0.9989859744252076
5,2026-02-03 02:40:27,89919.34081025406,1954.0001815795897,92549,93808,0.9865789698106772
5,2026-02-03 02:40:27,89919.34081025406,1956.0001819610593,93098,93549,0.9951789971031224
5,2026-02-03 02:40:27,89919.34081025406,1958.0001823425291,93350,93002,1.0037418550138706
5,2026-02-03 02:40:27,89919.34081025406,1960.000182723999,92713,93671,0.9897727151412924
5,2026-02-03 02:40:27,89919.34081025406,1962.0001831054688,92880,93191,0.9966627678638496
5,2026-02-03 02:40:27,89919.34081025406,1964.0001834869383,92722,93789,0.9886233993325443
5,2026-02-03 02:40:27,89919.34081025406,1966.000183868408,93365,93149,1.0023188654735962
5,2026-02-03 02:40:27,89919.34081025406,1968.0001842498777,92905,93178,0.9970701238489772
5,2026-02-03 02:40:27,89919.34081025406,1970.0001846313476,93160,92913,1.0026584008696307
5,2026-02-03 02:40:27,89919.34081025406,1972.0001850128174,92985,93543,0.9940348289022161
5,2026-02-03 02:40:27,89919.34081025406,1974.000185394287,93192,93596,0.9956835762212061
5,2026-02-03 02:40:27,89919.34081025406,1976.0001857757566,92990,93643,0.9930267078158538
5,2026-02-03 02:40:27,89919.34081025406,1978.0001861572264,94176,93444,1.0078335687684603
5,2026-02-03 02:40:27,89919.34081025406,1980.0001865386962,93159,93029,1.0013974137097035
5,2026-02-03 02:40:27,89919.34081025406,1982.000186920166,92492,93135,0.9930960433778923
5,2026-02-03 02:40:27,89919.34081025406,1984.0001873016356,93183,92986,1.0021185984986987
5,2026-02-03 02:40:27,89919.34081025406,1986.0001876831052,93540,93073,1.0050175668561236
5,2026-02-03 02:40:27,89919.34081025406,1988.000188064575,93025,93033,0.9999140090075564
5,2026-02-03 02:40:27,89919.34081025406,1990.0001884460448,93167,92935,1.0024963684295476
5,2026-02-03 02:40:27,89919.34081025406,1992.0001888275146,92987,92803,1.0019826945249615
5,2026-02-03 02:40:27,89919.34081025406,1994.0001892089842,93348,93209,1.0014912723020308
5,2026-02-03 02:40:27,89919.34081025406,1996.0001895904538,93158,93268,0.998820602993524
5,2026-02-03 02:40:27,89919.34081025406,1998.0001899719236,93184,93363,0.9980827522680291
5,2026-02-03 02:40:27,89919.34081025406,2000.0001903533935,92787,93738,0.9898547014017794
5,2026-02-03 02:40:27,89919.34081025406,2002.0001907348633,93223,93584,0.9961425029919644
5,2026-02-03 02:40:27,89919.34081025406,2004.0001911163329,93257,93780,0.9944231179355939
5,2026-02-03 02:40:27,89919.34081025406,2006.0001914978025,92870,93433,0.993974291738465
5,2026-02-03 02:40:27,89919.34081025406,2008.0001918792723,93216,93790,0.993879944556989
5,2026-02-03 02:40:27,89919.34081025406,2010.000192260742,92947,92873,1.0007967870102183
5,2026-02-03 02:40:27,89919.34081025406,2012.000192642212,93783,93709,1.0007896786861454
5,2026-02-03 02:40:27,89919.34081025406,2014.0001930236815,93473,93461,1.0001283958014573
5,2026-02-03 02:40:27,89919.34081025406,2016.000193405151,91976,93261,0.9862214644921242
5,2026-02-03 02:40:27,89919.34081025406,2018.000193786621,92687,93630,0.9899284417387589
5,2026-02-03 02:40:27,89919.34081025406,2020.0001941680907,92355,93476,0.9880076169284094
5,2026-02-03 02:40:27,89919.34081025406,2022.0001945495605,92785,93478,0.9925864909390445
5,2026-02-03 02:40:27,89919.34081025406,2024.0001949310301,92863,93208,0.9962986009784568
5,2026-02-03 02:40:27,89919.34081025406,2026.0001953125,92889,93232,0.9963210056632916
5,2026-02-03 02:40:27,89919.34081025406,2028.0001956939695,92617,93330,0.9923604414443373
5,2026-02-03 02:40:27,89919.34081025406,2030.0001960754394,92856,93874,0.9891556767582078
5,2026-02-03 02:40:27,89919.34081025406,2032.000196456909,93062,93687,0.9933288503207489
5,2026-02-03 02:40:27,89919.34081025406,2034.0001968383788,93770,93618,1.0016236193894337
5,2026-02-03 02:40:27,89919.34081025406,2036.0001972198486,92936,93591,0.9930014638159652
5,2026-02-03 02:40:27,89919.34081025406,2038.0001976013182,92669,93487,0.9912501203375871
5,2026-02-03 02:40:27,89919.34081025406,2040.000197982788,92987,93623,0.9932067974749794
5,2026-02-03 02:40:27,89919.34081025406,2042.0001983642576,93002,92981,1.0002258525935406
5,2026-02-03 02:40:27,89919.34081025406,2044.0001987457274,93394,93798,0.9956928719162456
5,2026-02-03 02:40:27,89919.34081025406,2046.0001991271972,93260,93803,0.9942112725605791
5,2026-02-03 02:40:27,89919.34081025406,2048.000199508667,92959,92960,0.9999892426850259
5,2026-02-03 02:40:27,89919.34081025406,2050.0001998901366,93038,93188,0.9983903506889299
5,2026-02-03 02:40:27,89919.34081025406,2052.0002002716064,92804,93115,0.9966600440315738
5,2026-02-03 02:40:27,89919.34081025406,2054.000200653076,93078,93048,1.0003224142378127
5,2026-02-03 02:40:27,89919.34081025406,2056.000201034546,93308,93401,0.9990042933159173
5,2026-02-03 02:40:27,89919.34081025406,2058.0002014160154,93274,93257,1.000182291945913
5,2026-02-03 02:40:27,89919.34081025406,2060.0002017974853,92982,93767,0.9916281847558309
5,2026-02-03 02:40:27,89919.34081025406,2062.000202178955,93334,93210,1.001330329363802
5,2026-02-03 02:40:27,89919.34081025406,2064.0002025604244,93307,93914,0.9935366399045935
5,2026-02-03 02:40:27,89919.34081025406,2066.0002029418947,93002,93464,0.9950569203115638
5,2026-02-03 02:40:27,89919.34081025406,2068.000203323364,93401,93112,1.003103788985308
5,2026-02-03 02:40:27,89919.34081025406,2070.000203704834,93396,93516,0.9987167971256256
5,2026-02-03 02:40:27,89919.34081025406,2072.0002040863037,92933,93653,0.9923120455297748
5,2026-02-03 02:40:27,89919.34081025406,2074.000204467773,93441,92869,1.0061592135158126
5,2026-02-03 02:40:27,89919.34081025406,2076.0002048492433,92935,93357,0.9954797176430262
5,2026-02-03 02:40:27,89919.34081025406,2078.0002052307127,93587,93460,1.0013588701048577
5,2026-02-03 02:40:27,89919.34081025406,2080.0002056121825,93100,93801,0.992526732124391
5,2026-02-03 02:40:27,89919.34081025406,2082.0002059936523,92974,93228,0.9972754966319132
5,2026-02-03 02:40:27,89919.34081025406,2084.0002063751217,92515,93248,0.9921392415923129
5,2026-02-03 02:40:27,89919.34081025406,2086.000206756592,93041,92999,1.0004516177593308
5,2026-02-03 02:40:27,89919.34081025406,2088.0002071380613,93211,93598,0.9958652962670143
5,2026-02-03 02:40:27,89919.34081025406,2090.000207519531,93517,93113,1.004338814129069
5,2026-02-03 02:40:27,89919.34081025406,2092.000207901001,92724,93223,0.9946472437059524
5,2026-02-03 02:40:27,89919.34081025406,2094.0002082824703,92618,93254,0.9931799172153474
5,2026-02-03 02:40:27,89919.34081025406,2096.0002086639406,93089,93637,0.9941476125890406
5,2026-02-03 02:40:27,89919.34081025406,2098.00020904541,93295,93108,1.0020084203290802
5,2026-02-03 02:40:27,89919.34081025406,2100.00020942688,93313,92899,1.004456452706703
5,2026-02-03 02:40:27,89919.34081025406,2102.0002098083496,93575,93247,1.003517539438266
5,2026-02-03 02:40:27,89919.34081025406,2104.000210189819,93307,93473,0.9982240860997293
5,2026-02-03 02:40:27,89919.34081025406,2106.0002105712892,92671,93341,0.9928220181913628
5,2026-02-03 02:40:27,89919.34081025406,2108.0002109527586,93419,93751,0.996458704440486
5,2026-02-03 02:40:27,89919.34081025406,2110.0002113342284,92958,93678,0.9923140972266701
5,2026-02-03 02:40:27,89919.34081025406,2112.0002117156982,93201,93414,0.9977198278630612
5,2026-02-03 02:40:27,89919.34081025406,2114.0002120971676,92951,93527,0.9938413506260224
5,2026-02-03 02:40:27,89919.34081025406,2116.000212478638,92527,93330,0.9913961212900461
5,2026-02-03 02:40:27,89919.34081025406,2118.0002128601072,93050,93075,0.9997313994090787
5,2026-02-03 02:40:27,89919.34081025406,2120.000213241577,92578,93444,0.9907324172766577
5,2026-02-03 02:40:27,89919.34081025406,2122.000213623047,93159,93932,0.9917706425925137
5,2026-02-03 02:40:27,89919.34081025406,2124.0002140045162,93157,93142,1.0001610444267892
5,2026-02-03 02:40:27,89919.34081025406,2126.0002143859865,93159,93611,0.9951715076219675
5,2026-02-03 02:40:27,89919.34081025406,2128.000214767456,93040,93588,0.994144548446382
5,2026-02-03 02:40:27,89919.34081025406,2130.0002151489257,92089,93657,0.9832580586608582
5,2026-02-03 02:40:27,89919.34081025406,2132.0002155303955,93364,93714,0.9962652325159528
5,2026-02-03 02:40:27,89919.34081025406,2134.000215911865,93148,93363,0.997697160545398
5,2026-02-03 02:40:27,89919.34081025406,2136.000216293335,92794,93490,0.9925553535137448
5,2026-02-03 02:40:27,89919.34081025406,2138.0002166748045,93357,93653,0.9968393964955741
5,2026-02-03 02:40:27,89919.34081025406,2140.0002170562743,93071,93413,0.9963388393478424
5,2026-02-03 02:40:27,89919.34081025406,2142.000217437744,93299,93544,0.9973809116565466
5,2026-02-03 02:40:27,89919.34081025406,2144.0002178192135,92518,93187,0.992820887033599
5,2026-02-03 02:40:27,89919.34081025406,2146.000218200684,93341,94070,0.9922504517912193
5,2026-02-03 02:40:27,89919.34081025406,2148.000218582153,92920,93418,0.9946691215825644
5,2026-02-03 02:40:27,89919.34081025406,2150.000218963623,93271,93340,0.9992607670880651
5,2026-02-03 02:40:27,89919.34081025406,2152.000219345093,93434,93525,0.9990269981288425
5,2026-02-03 02:40:27,89919.34081025406,2154.000219726562,92862,93718,0.9908662156682815
5,2026-02-03 02:40:27,89919.34081025406,2156.0002201080324,93023,93470,0.995217716914518
5,2026-02-03 02:40:27,89919.34081025406,2158.0002204895018,93468,93671,0.9978328404735723
5,2026-02-03 02:40:27,89919.34081025406,2160.0002208709716,93110,93415,0.996734999732377
5,2026-02-03 02:40:27,89919.34081025406,2162.0002212524414,93088,93444,0.9961902315825522
5,2026-02-03 02:40:27,89919.34081025406,2164.0002216339108,93239,93716,0.9949101540825472
5,2026-02-03 02:40:27,89919.34081025406,2166.000222015381,93048,93715,0.9928826761991143
5,2026-02-03 02:40:27,89919.34081025406,2168.0002223968504,93045,93867,0.9912429288248266
5,2026-02-03 02:40:27,89919.34081025406,2170.00022277832,93100,94004,0.9903833879409387
5,2026-02-03 02:40:27,89919.34081025406,2172.00022315979,92732,93391,0.9929436455332955
5,2026-02-03 02:40:27,89919.34081025406,2174.0002235412594,92650,93300,0.9930332261521972
5,2026-02-03 02:40:27,89919.34081025406,2176.0002239227297,92964,93756,0.9915525406373992
5,2026-02-03 02:40:27,89919.34081025406,2178.000224304199,92300,93451,0.9876833848754962
5,2026-02-03 02:40:27,89919.34081025406,2180.000224685669,92842,93387,0.9941640699454957
5,2026-02-03 02:40:27,89919.34081025406,2182.0002250671387,93006,93729,0.992286272124956
5,2026-02-03 02:40:27,89919.34081025406,2184.000225448608,92856,93866,0.9892399803975881
5,2026-02-03 02:40:27,89919.34081025406,2186.0002258300783,92513,93034,0.9943998968119182
5,2026-02-03 02:40:27,89919.34081025406,2188.0002262115477,92823,93575,0.99196366550895
5,2026-02-03 02:40:27,89919.34081025406,2190.0002265930175,93363,93685,0.9965629503122164
5,2026-02-03 02:40:27,89919.34081025406,2192.0002269744873,93660,93482,1.0019041098821164
5,2026-02-03 02:40:27,89919.34081025406,2194.0002273559567,93191,92784,1.0043865321607173
5,2026-02-03 02:40:27,89919.34081025406,2196.000227737427,93254,93579,0.9965269985787409
5,2026-02-03 02:40:27,89919.34081025406,2198.0002281188963,92925,93553,0.9932872275608479
5,2026-02-03 02:40:27,89919.34081025406,2200.000228500366,92617,93342,0.9922328640911915
5,2026-02-03 02:40:27,89919.34081025406,2202.000228881836,92963,93303,0.9963559585436695
5,2026-02-03 02:40:27,89919.34081025406,2204.0002292633053,93263,93443,0.9980736919833482
5,2026-02-03 02:40:27,89919.34081025406,2206.0002296447756,93290,92970,1.0034419705281274
5,2026-02-03 02:40:27,89919.34081025406,2208.000230026245,93562,93316,1.0026362038664323
5,2026-02-03 02:40:27,89919.34081025406,2210.0002304077148,92933,92909,1.000258317278197
5,2026-02-03 02:40:27,89919.34081025406,2212.0002307891846,92811,93778,0.9896884130606326
5,2026-02-03 02:40:27,89919.34081025406,2214.000231170654,93263,93876,0.9934701095061571
5,2026-02-03 02:40:27,89919.34081025406,2216.000231552124,93446,93298,1.0015863148191815
5,2026-02-03 02:40:27,89919.34081025406,2218.0002319335936,92858,93426,0.993920321966048
5,2026-02-03 02:40:27,89919.34081025406,2220.0002323150634,93410,93029,1.0040954971030538
5,2026-02-03 02:40:27,89919.34081025406,2222.000232696533,92806,93793,0.989476826628853
5,2026-02-03 02:40:27,89919.34081025406,2224.0002330780026,93216,93838,0.9933715552334875
5,2026-02-03 02:40:27,89919.34081025406,2226.000233459473,92967,93582,0.9934282233762903
5,2026-02-03 02:40:27,89919.34081025406,2228.000233840942,92808,93530,0.9922805516946435
5,2026-02-03 02:40:27,89919.34081025406,2230.000234222412,92692,93168,0.9948909496822943
5,2026-02-03 02:40:27,89919.34081025406,2232.000234603882,93027,93532,0.9946007783432408
5,2026-02-03 02:40:27,89919.34081025406,2234.000234985351,92966,93169,0.9978211636917859
5,2026-02-03 02:40:27,89919.34081025406,2236.0002353668215,93322,93859,0.9942786520205841
5,2026-02-03 02:40:27,89919.34081025406,2238.000235748291,92965,93788,0.9912248901778479
5,2026-02-03 02:40:27,89919.34081025406,2240.0002361297607,92523,93108,0.9937169738368347
5,2026-02-03 02:40:27,89919.34081025406,2242.0002365112305,92971,93656,0.9926859998291621
5,2026-02-03 02:40:27,89919.34081025406,2244.0002368927,93434,93438,0.9999571908645305
5,2026-02-03 02:40:27,89919.34081025406,2246.00023727417,92995,93683,0.9926560848819956
5,2026-02-03 02:40:27,89919.34081025406,2248.0002376556395,93472,93715,0.9974070319585979
5,2026-02-03 02:40:27,89919.34081025406,2250.0002380371093,93519,93351,1.0017996593501943
5,2026-02-03 02:40:27,89919.34081025406,2252.000238418579,92697,93111,0.9955536939781551
5,2026-02-03 02:40:27,89919.34081025406,2254.0002388000485,93101,92984,1.0012582809945798
5,2026-02-03 02:40:27,89919.34081025406,2256.0002391815187,93042,93700,0.9929775880469583
5,2026-02-03 02:40:27,89919.34081025406,2258.000239562988,92679,93529,0.990911909675074
5,2026-02-03 02:40:27,89919.34081025406,2260.000239944458,93134,93113,1.0002255324176001
5,2026-02-03 02:40:27,89919.34081025406,2262.0002403259277,92547,94261,0.9818164458259514
5,2026-02-03 02:40:27,89919.34081025406,2264.000240707397,93225,94192,0.9897337353490743
5,2026-02-03 02:40:27,89919.34081025406,2266.0002410888674,92523,93356,0.9910771669737349
5,2026-02-03 02:40:27,89919.34081025406,2268.0002414703367,93173,93476,0.996758526252728
5,2026-02-03 02:40:27,89919.34081025406,2270.0002418518065,93381,93492,0.9988127326402259
5,2026-02-03 02:40:27,89919.34081025406,2272.0002422332764,93536,93440,1.001027397260274
5,2026-02-03 02:40:27,89919.34081025406,2274.0002426147457,93297,93484,0.9979996576954345
5,2026-02-03 02:40:27,89919.34081025406,2276.000242996216,92847,93082,0.9974753443200619
5,2026-02-03 02:40:27,89919.34081025406,2278.0002433776854,92910,93447,0.9942534270763106
5,2026-02-03 02:40:27,89919.34081025406,2280.000243759155,92735,93310,0.9938377451505733
5,2026-02-03 02:40:27,89919.34081025406,2282.000244140625,92671,93194,0.9943880507328798
5,2026-02-03 02:40:27,89919.34081025406,2284.0002445220944,93283,93497,0.9977111565076955
5,2026-02-03 02:40:27,89919.34081025406,2286.0002449035646,93473,93177,1.0031767496270538
5,2026-02-03 02:40:27,89919.34081025406,2288.000245285034,92670,93156,0.9947829447378591
5,2026-02-03 02:40:27,89919.34081025406,2290.000245666504,92495,93720,0.9869291506615451
5,2026-02-03 02:40:27,89919.34081025406,2292.0002460479736,93624,93228,1.0042476509203244
5,2026-02-03 02:40:27,89919.34081025406,2294.000246429443,92695,93579,0.9905534361341755
5,2026-02-03 02:40:27,89919.34081025406,2296.0002468109133,93031,93383,0.9962305772999368
5,2026-02-03 02:40:27,89919.34081025406,2298.0002471923826,92528,93606,0.9884836442108412
5,2026-02-03 02:40:27,89919.34081025406,2300.0002475738524,92624,93483,0.9908111635270584
5,2026-02-03 02:40:27,89919.34081025406,2302.0002479553223,93367,93808,0.9952989084086645
5,2026-02-03 02:40:27,89919.34081025406,2304.0002483367916,92164,93653,0.9841008830469926
5,2026-02-03 02:40:27,89919.34081025406,2306.000248718262,91736,93006,0.9863449669913769
5,2026-02-03 02:40:27,89919.34081025406,2308.0002490997313,92382,93823,0.9846412926467923
5,2026-02-03 02:40:27,89919.34081025406,2310.000249481201,92424,93331,0.9902818999046404
5,2026-02-03 02:40:27,89919.34081025406,2312.000249862671,93010,93375,0.996091030789826
5,2026-02-03 02:40:27,89919.34081025406,2314.0002502441403,92921,93485,0.9939669465689683
5,2026-02-03 02:40:27,89919.34081025406,2316.0002506256105,93014,92832,1.0019605308514306
5,2026-02-03 02:40:27,89919.34081025406,2318.00025100708,93162,93421,0.9972276040718896
5,2026-02-03 02:40:27,89919.34081025406,2320.0002513885497,92478,93931,0.9845311984328923
5,2026-02-03 02:40:27,89919.34081025406,2322.0002517700195,92336,92589,0.9972674939787664
5,2026-02-03 02:40:27,89919.34081025406,2324.000252151489,92497,92744,0.9973367549383249
5,2026-02-03 02:40:27,89919.34081025406,2326.000252532959,93574,93552,1.000235163331623
5,2026-02-03 02:40:27,89919.34081025406,2328.0002529144285,93352,93451,0.9989406212881617
5,2026-02-03 02:40:27,89919.34081025406,2330.0002532958983,92978,93297,0.9965808118160284
5,2026-02-03 02:40:27,89919.34081025406,2332.000253677368,93386,93031,1.003815932323634
5,2026-02-03 02:40:27,89919.34081025406,2334.0002540588375,93041,93709,0.9928715491574982
5,2026-02-03 02:40:27,89919.34081025406,2336.000254440308,92983,92532,1.0048739895387542
5,2026-02-03 02:40:27,89919.34081025406,2338.000254821777,93125,93636,0.9945426972531932
5,2026-02-03 02:40:27,89919.34081025406,2340.000255203247,93306,93451,0.9984483847149843
5,2026-02-03 02:40:27,89919.34081025406,2342.000255584717,92988,93816,0.991174213353799
5,2026-02-03 02:40:27,89919.34081025406,2344.000255966186,92904,93797,0.9904794396409267
5,2026-02-03 02:40:27,89919.34081025406,2346.0002563476564,93224,93557,0.9964406725311842
5,2026-02-03 02:40:27,89919.34081025406,2348.000256729126,93011,93560,0.9941321077383497
5,2026-02-03 02:40:27,89919.34081025406,2350.0002571105956,92556,93429,0.9906560061651093
5,2026-02-03 02:40:27,89919.34081025406,2352.0002574920654,92853,93705,0.9909076356651193
5,2026-02-03 02:40:27,89919.34081025406,2354.000257873535,93343,93172,1.0018353153307862
5,2026-02-03 02:40:27,89919.34081025406,2356.000258255005,93090,93719,0.9932884473799336
5,2026-02-03 02:40:27,89919.34081025406,2358.0002586364744,92781,93342,0.9939898438002186
5,2026-02-03 02:40:27,89919.34081025406,2360.0002590179442,93028,92813,1.0023164858371134
5,2026-02-03 02:40:27,89919.34081025406,2362.000259399414,93405,93689,0.9969686942970893
5,2026-02-03 02:40:27,89919.34081025406,2364.0002597808834,93096,93511,0.995562019441563
5,2026-02-03 02:40:27,89919.34081025406,2366.0002601623537,92574,93445,0.9906790090427524
5,2026-02-03 02:40:27,89919.34081025406,2368.000260543823,93157,93452,0.9968432992338313
5,2026-02-03 02:40:27,89919.34081025406,2370.000260925293,92608,94157,0.9835487536773686
5,2026-02-03 02:40:27,89919.34081025406,2372.0002613067627,93379,93134,1.0026306182489746
5,2026-02-03 02:40:27,89919.34081025406,2374.000261688232,93035,93516,0.9948564951452158
5,2026-02-03 02:40:27,89919.34081025406,2376.0002620697023,92627,93425,0.9914583890821514
5,2026-02-03 02:40:27,89919.34081025406,2378.0002624511717,93259,93513,0.9972838001133533
5,2026-02-03 02:40:27,89919.34081025406,2380.0002628326415,93465,92927,1.0057894906754765
5,2026-02-03 02:40:27,89919.34081025406,2382.0002632141113,93289,93646,0.9961877709672596
5,2026-02-03 02:40:27,89919.34081025406,2384.0002635955807,93463,93403,1.0006423776538227
5,2026-02-03 02:40:27,89919.34081025406,2386.000263977051,93438,93198,1.0025751625571364
5,2026-02-03 02:40:27,89919.34081025406,2388.0002643585203,92953,93320,0.996067295327904
5,2026-02-03 02:40:27,89919.34081025406,2390.00026473999,92918,93552,0.9932230203523175
5,2026-02-03 02:40:27,89919.34081025406,2392.00026512146,92573,93059,0.994777506743034
5,2026-02-03 02:40:27,89919.34081025406,2394.0002655029293,93057,92955,1.0010973051476522
5,2026-02-03 02:40:27,89919.34081025406,2396.0002658843996,93729,93444,1.0030499550532939
5,2026-02-03 02:40:27,89919.34081025406,2398.000266265869,93235,93353,0.9987359806326525
5,2026-02-03 02:40:27,89919.34081025406,2400.000266647339,93187,93076,1.0011925738106493
5,2026-02-03 02:40:27,89919.34081025406,2402.0002670288086,93105,93711,0.9935333098569005
5,2026-02-03 02:40:27,89919.34081025406,2404.000267410278,93186,93342,0.9983287266182426
5,2026-02-03 02:40:27,89919.34081025406,2406.0002677917482,93150,93760,0.9934940273037542
5,2026-02-03 02:40:27,89919.34081025406,2408.0002681732176,93076,93089,0.9998603486985573
5,2026-02-03 02:40:27,89919.34081025406,2410.0002685546874,93145,93595,0.9951920508574176
5,2026-02-03 02:40:27,89919.34081025406,2412.000268936157,92886,93719,0.9911117276112634
5,2026-02-03 02:40:27,89919.34081025406,2414.0002693176266,93074,93436,0.9961256903120853
5,2026-02-03 02:40:27,89919.34081025406,2416.000269699097,93514,93362,1.0016280713780767
5,2026-02-03 02:40:27,89919.34081025406,2418.000270080566,93133,93392,0.9972267431899948
5,2026-02-03 02:40:27,89919.34081025406,2420.000270462036,93104,93771,0.9928869266617611
5,2026-02-03 02:40:27,89919.34081025406,2422.000270843506,92429,93650,0.9869620928990923
5,2026-02-03 02:40:27,89919.34081025406,2424.000271224975,92985,93361,0.9959726224012168
5,2026-02-03 02:40:27,89919.34081025406,2426.0002716064455,91930,93154,0.9868604676127702
5,2026-02-03 02:40:27,89919.34081025406,2428.000271987915,92897,93178,0.9969842666723905
5,2026-02-03 02:40:27,89919.34081025406,2430.0002723693847,93158,92829,1.0035441510734793
5,2026-02-03 02:40:27,89919.34081025406,2432.0002727508545,92958,93348,0.9958220851009127
5,2026-02-03 02:40:27,89919.34081025406,2434.000273132324,93251,93059,1.0020632072126285
5,2026-02-03 02:40:27,89919.34081025406,2436.000273513794,93133,93406,0.9970772755497506
5,2026-02-03 02:40:27,89919.34081025406,2438.0002738952635,92922,92987,0.9993009775560024
5,2026-02-03 02:40:27,89919.34081025406,2440.0002742767333,92788,93398,0.9934688108953083
5,2026-02-03 02:40:27,89919.34081025406,2442.000274658203,93043,93693,0.993062448635437
5,2026-02-03 02:40:27,89919.34081025406,2444.0002750396725,93055,93162,0.9988514630428715
5,2026-02-03 02:40:27,89919.34081025406,2446.0002754211428,93776,93682,1.0010033944621166
5,2026-02-03 02:40:27,89919.34081025406,2448.000275802612,92945,93520,0.9938515825491874
5,2026-02-03 02:40:27,89919.34081025406,2450.000276184082,93278,92898,1.0040905078688454
5,2026-02-03 02:40:27,89919.34081025406,2452.0002765655518,92791,93440,0.9930543664383562
5,2026-02-03 02:40:27,89919.34081025406,2454.000276947021,93448,93649,0.9978536877062222
5,2026-02-03 02:40:27,89919.34081025406,2456.0002773284914,92889,93221,0.9964385707083168
5,2026-02-03 02:40:27,89919.34081025406,2458.0002777099608,93720,93780,0.999360204734485
5,2026-02-03 02:40:27,89919.34081025406,2460.0002780914306,93290,93928,0.9932075632399284
5,2026-02-03 02:40:27,89919.34081025406,2462.0002784729004,92857,93457,0.9935799351573451
5,2026-02-03 02:40:27,89919.34081025406,2464.0002788543698,93377,93506,0.998620409385494
5,2026-02-03 02:40:27,89919.34081025406,2466.00027923584,93229,93711,0.9948565269818911
5,2026-02-03 02:40:27,89919.34081025406,2468.0002796173094,93071,93682,0.9934779359962426
5,2026-02-03 02:40:27,89919.34081025406,2470.000279998779,93120,94198,0.9885560202976709
5,2026-02-03 02:40:27,89919.34081025406,2472.000280380249,93484,93402,1.00087792552622
5,2026-02-03 02:40:27,89919.34081025406,2474.0002807617184,92441,93364,0.9901139625551605
5,2026-02-03 02:40:27,89919.34081025406,2476.0002811431887,93530,93072,1.0049209214371668
5,2026-02-03 02:40:27,89919.34081025406,2478.000281524658,92758,93495,0.9921172255200813
5,2026-02-03 02:40:27,89919.34081025406,2480.000281906128,93006,92911,1.001022483882425
5,2026-02-03 02:40:27,89919.34081025406,2482.0002822875977,92733,93598,0.9907583495373833
5,2026-02-03 02:40:27,89919.34081025406,2484.000282669067,92936,93224,0.9969106667810864
5,2026-02-03 02:40:27,89919.34081025406,2486.0002830505373,93379,93538,0.9983001560862965
5,2026-02-03 02:40:27,89919.34081025406,2488.0002834320067,92612,93343,0.9921686682450747
5,2026-02-03 02:40:27,89919.34081025406,2490.0002838134765,92940,93255,0.9966221650313656
5,2026-02-03 02:40:27,89919.34081025406,2492.0002841949463,93279,93371,0.9990146833599297
5,2026-02-03 02:40:27,89919.34081025406,2494.0002845764157,93133,93297,0.9982421728458578
5,2026-02-03 02:40:27,89919.34081025406,2496.000284957886,92454,92947,0.9946959019656363
5,2026-02-03 02:40:27,89919.34081025406,2498.0002853393553,93252,93267,0.99983917141111
5,2026-02-03 02:40:27,89919.34081025406,2500.000285720825,93312,93333,0.9997749991964257
6,2026-02-03 03:12:23,85403.33440146488,999.9999996185302,87693,88236,0.9938460492316061
6,2026-02-03 03:12:23,85403.33440146488,1001.9999999999999,87924,88224,0.9965995647442872
6,2026-02-03 03:12:23,85403.33440146488,1004.0000003814696,87281,88450,0.9867834934991521
6,2026-02-03 03:12:23,85403.33440146488,1006.0000007629394,88265,88612,0.9960840518214238
6,2026-02-03 03:12:23,85403.33440146488,1008.0000011444091,88195,88684,0.9944860403229444
6,2026-02-03 03:12:23,85403.33440146488,1010.0000015258788,87116,88541,0.98390576117279
6,2026-02-03 03:12:23,85403.33440146488,1012.0000019073485,87903,88395,0.9944340743254709
6,2026-02-03 03:12:23,85403.33440146488,1014.0000022888182,87279,87802,0.9940434158675201
6,2026-02-03 03:12:23,85403.33440146488,1016.000002670288,87709,88309,0.9932056755257108
6,2026-02-03 03:12:23,85403.33440146488,1018.0000030517577,87505,87975,0.9946575731741972
6,2026-02-03 03:12:23,85403.33440146488,1020.0000034332274,87670,88552,0.9900397506549824
6,2026-02-03 03:12:23,85403.33440146488,1022.0000038146972,87627,88024,0.9954898664000728
6,2026-02-03 03:12:23,85403.33440146488,1024.0000041961669,87974,87822,1.0017307736102572
6,2026-02-03 03:12:23,85403.33440146488,1026.0000045776367,87762,87934,0.9980439875361067
6,2026-02-03 03:12:23,85403.33440146488,1028.0000049591063,87732,88531,0.9909749127424292
6,2026-02-03 03:12:23,85403.33440146488,1030.000005340576,87195,88445,0.9858669229464639
6,2026-02-03 03:12:23,85403.33440146488,1032.000005722046,87590,88465,0.9901090826880687
6,2026-02-03 03:12:23,85403.33440146488,1034.0000061035155,87984,88862,0.9901195111521235
6,2026-02-03 03:12:23,85403.33440146488,1036.0000064849853,88000,88284,0.9967831090571337
6,2026-02-03 03:12:23,85403.33440146488,1038.000006866455,87767,88159,0.9955534885831282
6,2026-02-03 03:12:23,85403.33440146488,1040.0000072479247,87456,88404,0.9892765033256413
6,2026-02-03 03:12:23,85403.33440146488,1042.0000076293945,88034,87709,1.0037054350180712
6,2026-02-03 03:12:23,85403.33440146488,1044.0000080108641,87930,88222,0.9966901679853097
6,2026-02-03 03:12:23,85403.33440146488,1046.000008392334,87569,88424,0.990330679453542
6,2026-02-03 03:12:23,85403.33440146488,1048.0000087738035,88230,87940,1.003297702979304
6,2026-02-03 03:12:23,85403.33440146488,1050.0000091552733,87516,88119,0.9931569809008273
6,2026-02-03 03:12:23,85403.33440146488,1052.0000095367432,87777,88595,0.9907669733054912
6,2026-02-03 03:12:23,85403.33440146488,1054.0000099182128,87783,88275,0.9944265080713679
6,2026-02-03 03:12:23,85403.33440146488,1056.0000102996826,87692,88321,0.9928782509256009
6,2026-02-03 03:12:23,85403.33440146488,1058.0000106811522,87930,88746,0.9908052193901697
6,2026-02-03 03:12:23,85403.33440146488,1060.000011062622,88039,88448,0.9953758140376266
6,2026-02-03 03:12:23,85403.33440146488,1062.0000114440918,88017,88003,1.000159085485722
6,2026-02-03 03:12:23,85403.33440146488,1064.0000118255614,87934,88717,0.9911741830765243
6,2026-02-03 03:12:23,85403.33440146488,1066.0000122070312,87762,88853,0.9877212924718355
6,2026-02-03 03:12:23,85403.33440146488,1068.0000125885008,88037,88464,0.9951731777898354
6,2026-02-03 03:12:23,85403.33440146488,1070.0000129699706,87396,88083,0.9922005381288104
6,2026-02-03 03:12:23,85403.33440146488,1072.0000133514404,87687,87703,0.999817566103782
6,2026-02-03 03:12:23,85403.33440146488,1074.00001373291,87941,88185,0.9972330895276974
6,2026-02-03 03:12:23,85403.33440146488,1076.0000141143798,88199,88033,1.0018856565151704
6,2026-02-03 03:12:23,85403.33440146488,1078.0000144958494,87521,87994,0.9946246334977384
6,2026-02-03 03:12:23,85403.33440146488,1080.0000148773192,88285,88089,1.0022250224205065
6,2026-02-03 03:12:23,85403.33440146488,1082.000015258789,87634,87931,0.9966223516166085
6,2026-02-03 03:12:23,85403.33440146488,1084.0000156402587,88216,88168,1.0005444152073315
6,2026-02-03 03:12:23,85403.33440146488,1086.0000160217285,88247,89023,0.9912831515451063
6,2026-02-03 03:12:23,85403.33440146488,1088.000016403198,87892,88500,0.9931299435028249
6,2026-02-03 03:12:23,85403.33440146488,1090.0000167846679,87739,87815,0.9991345442122644
6,2026-02-03 03:12:23,85403.33440146488,1092.0000171661377,88017,88350,0.9962308998302207
6,2026-02-03 03:12:23,85403.33440146488,1094.0000175476073,88818,88288,1.0060030808263865
6,2026-02-03 03:12:23,85403.33440146488,1096.000017929077,87475,88088,0.9930410498592317
6,2026-02-03 03:12:23,85403.33440146488,1098.0000183105467,88136,88170,0.9996143813088352
6,2026-02-03 03:12:23,85403.33440146488,1100.0000186920165,88043,88492,0.9949260950142386
6,2026-02-03 03:12:23,85403.33440146488,1102.0000190734863,87833,88653,0.9907504540173485
6,2026-02-03 03:12:23,85403.33440146488,1104.000019454956,87919,88611,0.9921905858189164
6,2026-02-03 03:12:23,85403.33440146488,1106.0000198364257,88068,87921,1.0016719555055107
6,2026-02-03 03:12:23,85403.33440146488,1108.0000202178953,87694,88422,0.9917667548800072
6,2026-02-03 03:12:23,85403.33440146488,1110.0000205993651,87957,88409,0.9948873983417977
6,2026-02-03 03:12:23,85403.33440146488,1112.000020980835,87816,88180,0.9958720798366977
6,2026-02-03 03:12:23,85403.33440146488,1114.0000213623046,87908,88152,0.9972320537253835
6,2026-02-03 03:12:23,85403.33440146488,1116.0000217437744,87567,88306,0.991631372726655
6,2026-02-03 03:12:23,85403.33440146488,1118.000022125244,88231,88444,0.9975916964406857
6,2026-02-03 03:12:23,85403.33440146488,1120.0000225067138,87788,87944,0.9982261439097607
6,2026-02-03 03:12:23,85403.33440146488,1122.0000228881836,87948,88648,0.9921036007580544
6,2026-02-03 03:12:23,85403.33440146488,1124.0000232696532,88053,88120,0.9992396731729459
6,2026-02-03 03:12:23,85403.33440146488,1126.000023651123,87367,88048,0.9922655824095947
6,2026-02-03 03:12:23,85403.33440146488,1128.0000240325926,88342,87863,1.0054516690757203
6,2026-02-03 03:12:23,85403.33440146488,1130.0000244140624,88152,88125,1.0003063829787233
6,2026-02-03 03:12:23,85403.33440146488,1132.0000247955322,88101,88150,0.9994441293250141
6,2026-02-03 03:12:23,85403.33440146488,1134.0000251770018,87924,88057,0.9984896146813995
6,2026-02-03 03:12:23,85403.33440146488,1136.0000255584716,87499,88096,0.9932233018525245
6,2026-02-03 03:12:23,85403.33440146488,1138.0000259399412,88067,88122,0.9993758652776832
6,2026-02-03 03:12:23,85403.33440146488,1140.000026321411,87922,88708,0.9911394688190468
6,2026-02-03 03:12:23,85403.33440146488,1142.0000267028809,88055,88299,0.9972366617968493
6,2026-02-03 03:12:23,85403.33440146488,1144.0000270843504,87627,87985,0.9959311246235154
6,2026-02-03 03:12:23,85403.33440146488,1146.0000274658203,88042,87997,1.0005113810698092
6,2026-02-03 03:12:23,85403.33440146488,1148.0000278472899,87629,87909,0.9968148881229453
6,2026-02-03 03:12:23,85403.33440146488,1150.0000282287597,87242,88317,0.9878279379960823
6,2026-02-03 03:12:23,85403.33440146488,1152.0000286102295,87909,88690,0.9911940466794452
6,2026-02-03 03:12:23,85403.33440146488,1154.000028991699,88405,88945,0.993928832424532
6,2026-02-03 03:12:23,85403.33440146488,1156.000029373169,87917,88402,0.9945136987850953
6,2026-02-03 03:12:23,85403.33440146488,1158.0000297546385,87968,88448,0.9945730824891461
6,2026-02-03 03:12:23,85403.33440146488,1160.0000301361083,88530,88491,1.000440722785368
6,2026-02-03 03:12:23,85403.33440146488,1162.0000305175781,88249,87922,1.0037192056595619
6,2026-02-03 03:12:23,85403.33440146488,1164.0000308990477,87315,88207,0.9898874239005975
6,2026-02-03 03:12:23,85403.33440146488,1166.0000312805175,87930,88677,0.9915761696945092
6,2026-02-03 03:12:23,85403.33440146488,1168.0000316619871,87829,88021,0.9978187023551198
6,2026-02-03 03:12:23,85403.33440146488,1170.000032043457,88391,88490,0.9988812295174596
6,2026-02-03 03:12:23,85403.33440146488,1172.0000324249268,87984,88291,0.9965228618998538
6,2026-02-03 03:12:23,85403.33440146488,1174.0000328063963,88208,87890,1.0036181590624644
6,2026-02-03 03:12:23,85403.33440146488,1176.0000331878662,88344,87755,1.0067118682696143
6,2026-02-03 03:12:23,85403.33440146488,1178.0000335693358,87925,88289,0.9958771760921519
6,2026-02-03 03:12:23,85403.33440146488,1180.0000339508056,88174,88200,0.9997052154195011
6,2026-02-03 03:12:23,85403.33440146488,1182.0000343322754,87897,87827,1.000797021417104
6,2026-02-03 03:12:23,85403.33440146488,1184.000034713745,87859,88326,0.9947127686072051
6,2026-02-03 03:12:23,85403.33440146488,1186.0000350952148,87071,87853,0.991098767258944
6,2026-02-03 03:12:23,85403.33440146488,1188.0000354766844,87514,87955,0.9949860724233983
6,2026-02-03 03:12:23,85403.33440146488,1190.0000358581542,87754,87958,0.9976807112485504
6,2026-02-03 03:12:23,85403.33440146488,1192.000036239624,87699,88108,0.9953579697643801
6,2026-02-03 03:12:23,85403.33440146488,1194.0000366210936,87851,88309,0.9948136656512926
6,2026-02-03 03:12:23,85403.33440146488,1196.0000370025634,87966,88008,0.999522770657213
6,2026-02-03 03:12:23,85403.33440146488,1198.000037384033,88119,88476,0.9959650074596501
6,2026-02-03 03:12:23,85403.33440146488,1200.0000377655028,87520,88326,0.9908747141272105
6,2026-02-03 03:12:23,85403.33440146488,1202.0000381469727,87874,88550,0.9923658949745906
6,2026-02-03 03:12:23,85403.33440146488,1204.0000385284422,87588,88615,0.988410539976302
6,2026-02-03 03:12:23,85403.33440146488,1206.000038909912,87289,88561,0.9856370185521843
6,2026-02-03 03:12:23,85403.33440146488,1208.0000392913817,88123,88027,1.0010905744828291
6,2026-02-03 03:12:23,85403.33440146488,1210.0000396728515,87859,88255,0.9955130020961985
6,2026-02-03 03:12:23,85403.33440146488,1212.0000400543213,88003,88301,0.9966251797827884
6,2026-02-03 03:12:23,85403.33440146488,1214.0000404357909,88531,88468,1.000712121897183
6,2026-02-03 03:12:23,85403.33440146488,1216.0000408172607,88175,88499,0.9963389416829569
6,2026-02-03 03:12:23,85403.33440146488,1218.0000411987303,87985,88388,0.9954405575417478
6,2026-02-03 03:12:23,85403.33440146488,1220.0000415802,88006,88344,0.9961740469075432
6,2026-02-03 03:12:23,85403.33440146488,1222.00004196167,88230,88464,0.9973548562126967
6,2026-02-03 03:12:23,85403.33440146488,1224.0000423431395,88112,88037,1.0008519145359338
6,2026-02-03 03:12:23,85403.33440146488,1226.0000427246093,87790,88331,0.9938753099138468
6,2026-02-03 03:12:23,85403.33440146488,1228.000043106079,87863,87995,0.9984999147678846
6,2026-02-03 03:12:23,85403.33440146488,1230.0000434875487,87657,88554,0.9898705874381734
6,2026-02-03 03:12:23,85403.33440146488,1232.0000438690186,87956,88371,0.9953038892849464
6,2026-02-03 03:12:23,85403.33440146488,1234.0000442504881,88135,87774,1.004112835235947
6,2026-02-03 03:12:23,85403.33440146488,1236.000044631958,87440,87854,0.995287636305689
6,2026-02-03 03:12:23,85403.33440146488,1238.0000450134276,88243,88699,0.9948590175762974
6,2026-02-03 03:12:23,85403.33440146488,1240.0000453948974,88101,88458,0.9959641863935427
6,2026-02-03 03:12:23,85403.33440146488,1242.0000457763672,87601,88350,0.9915223542727787
6,2026-02-03 03:12:23,85403.33440146488,1244.0000461578368,87200,87979,0.9911456142943202
6,2026-02-03 03:12:23,85403.33440146488,1246.0000465393066,87817,88335,0.9941359596988736
6,2026-02-03 03:12:23,85403.33440146488,1248.0000469207762,87887,88675,0.9911136171412461
6,2026-02-03 03:12:23,85403.33440146488,1250.000047302246,88079,88605,0.9940635404322555
6,2026-02-03 03:12:23,85403.33440146488,1252.0000476837158,87910,88511,0.9932098835173029
6,2026-02-03 03:12:23,85403.33440146488,1254.0000480651854,87965,88083,0.9986603544384274
6,2026-02-03 03:12:23,85403.33440146488,1256.0000484466552,88006,88255,0.997178630105943
6,2026-02-03 03:12:23,85403.33440146488,1258.0000488281248,88181,88109,1.0008171696421477
6,2026-02-03 03:12:23,85403.33440146488,1260.0000492095946,87353,88229,0.990071291752145
6,2026-02-03 03:12:23,85403.33440146488,1262.0000495910645,87590,88675,0.987764307865802
6,2026-02-03 03:12:23,85403.33440146488,1264.000049972534,88528,87966,1.0063888320487462
6,2026-02-03 03:12:23,85403.33440146488,1266.0000503540039,87392,88276,0.9899859531469483
6,2026-02-03 03:12:23,85403.33440146488,1268.0000507354735,88023,87939,1.0009552075870773
6,2026-02-03 03:12:23,85403.33440146488,1270.0000511169433,88354,88950,0.9932996065205172
6,2026-02-03 03:12:23,85403.33440146488,1272.000051498413,87672,89087,0.9841166500162762
6,2026-02-03 03:12:23,85403.33440146488,1274.0000518798827,87735,88422,0.9922304403881387
6,2026-02-03 03:12:23,85403.33440146488,1276.0000522613525,88337,87862,1.0054062051854045
6,2026-02-03 03:12:23,85403.33440146488,1278.000052642822,88431,88359,1.0008148575696874
6,2026-02-03 03:12:23,85403.33440146488,1280.000053024292,88117,88608,0.9944587396171903
6,2026-02-03 03:12:23,85403.33440146488,1282.0000534057617,87740,88040,0.9965924579736484
6,2026-02-03 03:12:23,85403.33440146488,1284.0000537872313,87917,87972,0.9993748010730688
6,2026-02-03 03:12:23,85403.33440146488,1286.0000541687011,87564,88037,0.9946272589933778
6,2026-02-03 03:12:23,85403.33440146488,1288.0000545501707,87546,88629,0.987780523305013
6,2026-02-03 03:12:23,85403.33440146488,1290.0000549316405,88153,88110,1.000488026330723
6,2026-02-03 03:12:23,85403.33440146488,1292.0000553131104,87513,88087,0.9934837149636155
6,2026-02-03 03:12:23,85403.33440146488,1294.00005569458,88026,88405,0.9957129121656015
6,2026-02-03 03:12:23,85403.33440146488,1296.0000560760498,87663,88239,0.9934722741644851
6,2026-02-03 03:12:23,85403.33440146488,1298.0000564575193,87407,87986,0.9934194076330325
6,2026-02-03 03:12:23,85403.33440146488,1300.0000568389892,88419,87857,1.0063967583687128
6,2026-02-03 03:12:23,85403.33440146488,1302.000057220459,88097,88291,0.9978027205490934
6,2026-02-03 03:12:23,85403.33440146488,1304.0000576019286,88056,87988,1.0007728326589989
6,2026-02-03 03:12:23,85403.33440146488,1306.0000579833984,87136,88439,0.9852666809891564
6,2026-02-03 03:12:23,85403.33440146488,1308.000058364868,87149,88295,0.9870207826037715
6,2026-02-03 03:12:23,85403.33440146488,1310.0000587463378,87738,88511,0.9912666222277458
6,2026-02-03 03:12:23,85403.33440146488,1312.0000591278076,87934,88379,0.9949648672195883
6,2026-02-03 03:12:23,85403.33440146488,1314.0000595092772,87979,88386,0.9953951983345779
6,2026-02-03 03:12:23,85403.33440146488,1316.000059890747,87702,88168,0.9947146356954905
6,2026-02-03 03:12:23,85403.33440146488,1318.0000602722166,88278,88493,0.9975704292994926
6,2026-02-03 03:12:23,85403.33440146488,1320.0000606536864,88186,88193,0.9999206286213191
6,2026-02-03 03:12:23,85403.33440146488,1322.0000610351562,88019,88490,0.9946773646739745
6,2026-02-03 03:12:23,85403.33440146488,1324.0000614166258,87619,88338,0.9918608073535737
6,2026-02-03 03:12:23,85403.33440146488,1326.0000617980957,88458,88446,1.0001356760056983
6,2026-02-03 03:12:23,85403.33440146488,1328.0000621795652,88591,88334,1.0029094120044377
6,2026-02-03 03:12:23,85403.33440146488,1330.000062561035,88152,88845,0.9921998986999832
6,2026-02-03 03:12:23,85403.33440146488,1332.0000629425049,87776,88403,0.9929074805153671
6,2026-02-03 03:12:23,85403.33440146488,1334.0000633239745,88501,88867,0.9958814858158822
6,2026-02-03 03:12:23,85403.33440146488,1336.0000637054443,87666,88435,0.991304347826087
6,2026-02-03 03:12:23,85403.33440146488,1338.0000640869139,88326,88152,1.0019738633269806
6,2026-02-03 03:12:23,85403.33440146488,1340.0000644683837,87738,88052,0.9964339254077136
6,2026-02-03 03:12:23,85403.33440146488,1342.0000648498535,88318,88453,0.9984737657286921
6,2026-02-03 03:12:23,85403.33440146488,1344.000065231323,87776,87887,0.9987370145755345
6,2026-02-03 03:12:23,85403.33440146488,1346.000065612793,87638,88429,0.9910549706544233
6,2026-02-03 03:12:23,85403.33440146488,1348.0000659942625,87623,88354,0.9917264639971025
6,2026-02-03 03:12:23,85403.33440146488,1350.0000663757323,87510,88017,0.9942397491393709
6,2026-02-03 03:12:23,85403.33440146488,1352.0000667572021,88133,87733,1.0045592878392395
6,2026-02-03 03:12:23,85403.33440146488,1354.0000671386717,88166,88463,0.9966426641646791
6,2026-02-03 03:12:23,85403.33440146488,1356.0000675201416,87838,88353,0.9941711090738289
6,2026-02-03 03:12:23,85403.33440146488,1358.0000679016111,87915,87900,1.000170648464164
6,2026-02-03 03:12:23,85403.33440146488,1360.000068283081,88316,88307,1.000101917175309
6,2026-02-03 03:12:23,85403.33440146488,1362.0000686645508,87462,88580,0.987378640776699
6,2026-02-03 03:12:23,85403.33440146488,1364.0000690460204,88286,88511,0.997457943080521
6,2026-02-03 03:12:23,85403.33440146488,1366.0000694274902,87886,87966,0.9990905577154809
6,2026-02-03 03:12:23,85403.33440146488,1368.0000698089598,88329,88269,1.0006797403391905
6,2026-02-03 03:12:23,85403.33440146488,1370.0000701904296,87724,88896,0.9868160547156227
6,2026-02-03 03:12:23,85403.33440146488,1372.0000705718994,88065,87921,1.001637833964582
6,2026-02-03 03:12:23,85403.33440146488,1374.000070953369,87742,88756,0.9885754202532786
6,2026-02-03 03:12:23,85403.33440146488,1376.0000713348388,87745,88307,0.9936358386084908
6,2026-02-03 03:12:23,85403.33440146488,1378.0000717163084,87468,87995,0.9940110233535996
6,2026-02-03 03:12:23,85403.33440146488,1380.0000720977782,87642,87952,0.9964753501910133
6,2026-02-03 03:12:23,85403.33440146488,1382.000072479248,87481,87932,0.9948710367101852
6,2026-02-03 03:12:23,85403.33440146488,1384.0000728607176,87571,88588,0.9885198898270646
6,2026-02-03 03:12:23,85403.33440146488,1386.0000732421875,87604,88388,0.9911300176494546
6,2026-02-03 03:12:23,85403.33440146488,1388.000073623657,87726,88492,0.9913438502915518
6,2026-02-03 03:12:23,85403.33440146488,1390.0000740051269,88355,88498,0.9983841442744469
6,2026-02-03 03:12:23,85403.33440146488,1392.0000743865967,88059,88042,1.0001930896617524
6,2026-02-03 03:12:23,85403.33440146488,1394.0000747680663,87685,88517,0.9906006755764429
6,2026-02-03 03:12:23,85403.33440146488,1396.000075149536,88096,88524,0.9951651529528716
6,2026-02-03 03:12:23,85403.33440146488,1398.0000755310057,88510,88040,1.005338482507951
6,2026-02-03 03:12:23,85403.33440146488,1400.0000759124755,88057,88206,0.9983107725098066
6,2026-02-03 03:12:23,85403.33440146488,1402.0000762939453,87824,88180,0.9959628033567702
6,2026-02-03 03:12:23,85403.33440146488,1404.000076675415,88202,87958,1.0027740512517338
6,2026-02-03 03:12:23,85403.33440146488,1406.0000770568847,88015,88313,0.9966256383544891
6,2026-02-03 03:12:23,85403.33440146488,1408.0000774383543,88219,88228,0.9998979915673029
6,2026-02-03 03:12:23,85403.33440146488,1410.0000778198241,87839,88290,0.9948918337297542
6,2026-02-03 03:12:23,85403.33440146488,1412.000078201294,88082,88496,0.9953218224552522
6,2026-02-03 03:12:23,85403.33440146488,1414.0000785827635,87320,87782,0.9947369620195484
6,2026-02-03 03:12:23,85403.33440146488,1416.0000789642334,88611,88607,1.0000451431602468
6,2026-02-03 03:12:23,85403.33440146488,1418.000079345703,88000,88583,0.993418601763318
6,2026-02-03 03:12:23,85403.33440146488,1420.0000797271728,87912,88375,0.9947609618104668
6,2026-02-03 03:12:23,85403.33440146488,1422.0000801086426,87896,87986,0.9989771099947719
6,2026-02-03 03:12:23,85403.33440146488,1424.0000804901122,88291,88135,1.0017700119135418
6,2026-02-03 03:12:23,85403.33440146488,1426.000080871582,87669,88707,0.9882985559200514
6,2026-02-03 03:12:23,85403.33440146488,1428.0000812530516,87172,88379,0.9863429095147037
6,2026-02-03 03:12:23,85403.33440146488,1430.0000816345214,87966,87700,1.0030330672748005
6,2026-02-03 03:12:23,85403.33440146488,1432.0000820159912,87805,88052,0.9971948394130741
6,2026-02-03 03:12:23,85403.33440146488,1434.0000823974608,88067,88981,0.9897281442105618
6,2026-02-03 03:12:23,85403.33440146488,1436.0000827789306,87949,88466,0.9941559469174598
6,2026-02-03 03:12:23,85403.33440146488,1438.0000831604002,88034,88808,0.9912845689577515
6,2026-02-03 03:12:23,85403.33440146488,1440.00008354187,87859,88039,0.9979554515612399
6,2026-02-03 03:12:23,85403.33440146488,1442.0000839233398,88193,88479,0.996767594570463
6,2026-02-03 03:12:23,85403.33440146488,1444.0000843048094,87313,88386,0.9878600683366144
6,2026-02-03 03:12:23,85403.33440146488,1446.0000846862793,87721,88115,0.9955285706179424
6,2026-02-03 03:12:23,85403.33440146488,1448.0000850677488,88178,87885,1.0033339022586334
6,2026-02-03 03:12:23,85403.33440146488,1450.0000854492187,87998,87747,1.0028604966551562
6,2026-02-03 03:12:23,85403.33440146488,1452.0000858306885,87918,88209,0.9967010169030371
6,2026-02-03 03:12:23,85403.33440146488,1454.000086212158,88006,87910,1.001092025935616
6,2026-02-03 03:12:23,85403.33440146488,1456.0000865936279,87670,88059,0.9955825071826844
6,2026-02-03 03:12:23,85403.33440146488,1458.0000869750975,88902,88432,1.00531481816537
6,2026-02-03 03:12:23,85403.33440146488,1460.0000873565673,88003,88027,0.9997273563792927
6,2026-02-03 03:12:23,85403.33440146488,1462.000087738037,87653,87516,1.0015654280360162
6,2026-02-03 03:12:23,85403.33440146488,1464.0000881195067,87523,88571,0.9881676846823453
6,2026-02-03 03:12:23,85403.33440146488,1466.0000885009765,87828,87881,0.9993969117329116
6,2026-02-03 03:12:23,85403.33440146488,1468.000088882446,87613,87817,0.9976769873714657
6,2026-02-03 03:12:23,85403.33440146488,1470.000089263916,87911,88155,0.997232147921275
6,2026-02-03 03:12:23,85403.33440146488,1472.0000896453857,88595,88200,1.0044784580498867
6,2026-02-03 03:12:23,85403.33440146488,1474.0000900268553,87477,88160,0.992252722323049
6,2026-02-03 03:12:23,85403.33440146488,1476.0000904083251,87822,88501,0.9923277703076802
6,2026-02-03 03:12:23,85403.33440146488,1478.0000907897947,88395,87662,1.0083616618375122
6,2026-02-03 03:12:23,85403.33440146488,1480.0000911712646,87599,88367,0.9913089728065907
6,2026-02-03 03:12:23,85403.33440146488,1482.0000915527344,87458,88095,0.9927691696464045
6,2026-02-03 03:12:23,85403.33440146488,1484.000091934204,88367,87748,1.0070542918357113
6,2026-02-03 03:12:23,85403.33440146488,1486.0000923156738,87956,88014,0.9993410139296021
6,2026-02-03 03:12:23,85403.33440146488,1488.0000926971434,87338,88199,0.990237984557648
6,2026-02-03 03:12:23,85403.33440146488,1490.0000930786132,87886,88142,0.9970955957432325
6,2026-02-03 03:12:23,85403.33440146488,1492.000093460083,88027,88252,0.9974504827086071
6,2026-02-03 03:12:23,85403.33440146488,1494.0000938415526,88300,88641,0.9961530217393757
6,2026-02-03 03:12:23,85403.33440146488,1496.0000942230224,87770,88807,0.988322992556893
6,2026-02-03 03:12:23,85403.33440146488,1498.000094604492,88011,88271,0.9970545252687746
6,2026-02-03 03:12:23,85403.33440146488,1500.0000949859618,88332,88574,0.9972678212568022
6,2026-02-03 03:12:23,85403.33440146488,1502.0000953674316,87893,87845,1.0005464169844613
6,2026-02-03 03:12:23,85403.33440146488,1504.0000957489012,88010,88242,0.9973708664808141
6,2026-02-03 03:12:23,85403.33440146488,1506.000096130371,88028,88282,0.9971228563013977
6,2026-02-03 03:12:23,85403.33440146488,1508.0000965118406,87871,88336,0.9947360079695707
6,2026-02-03 03:12:23,85403.33440146488,1510.0000968933105,87692,87996,0.9965452975135234
6,2026-02-03 03:12:23,85403.33440146488,1512.0000972747803,88154,87908,1.0027983801246758
6,2026-02-03 03:12:23,85403.33440146488,1514.0000976562499,87979,88103,0.9985925564396219
6,2026-02-03 03:12:23,85403.33440146488,1516.0000980377195,87526,88387,0.9902587484584837
6,2026-02-03 03:12:23,85403.33440146488,1518.0000984191893,87308,88515,0.9863638931254589
6,2026-02-03 03:12:23,85403.33440146488,1520.000098800659,88460,88328,1.0014944298523685
6,2026-02-03 03:12:23,85403.33440146488,1522.000099182129,87670,88229,0.9936642147139829
6,2026-02-03 03:12:23,85403.33440146488,1524.0000995635985,87335,87694,0.9959062193536616
6,2026-02-03 03:12:23,85403.33440146488,1526.000099945068,88031,88043,0.9998637029633247
6,2026-02-03 03:12:23,85403.33440146488,1528.000100326538,87814,88258,0.9949692945681978
6,2026-02-03 03:12:23,85403.33440146488,1530.0001007080077,87963,88574,0.9931018131731659
6,2026-02-03 03:12:23,85403.33440146488,1532.0001010894775,87871,88236,0.9958633664264019
6,2026-02-03 03:12:23,85403.33440146488,1534.0001014709471,87302,88365,0.9879703502517966
6,2026-02-03 03:12:23,85403.33440146488,1536.0001018524167,87960,88327,0.9958449851121401
6,2026-02-03 03:12:23,85403.33440146488,1538.0001022338865,87817,88651,0.9905923227036356
6,2026-02-03 03:12:23,85403.33440146488,1540.0001026153564,88232,88009,1.0025338317672057
6,2026-02-03 03:12:23,85403.33440146488,1542.0001029968262,88040,88461,0.995240840596421
6,2026-02-03 03:12:23,85403.33440146488,1544.0001033782958,87091,88010,0.989558004772185
6,2026-02-03 03:12:23,85403.33440146488,1546.0001037597654,87736,88195,0.9947956233346562
6,2026-02-03 03:12:23,85403.33440146488,1548.0001041412352,87289,88564,0.9856036312723002
6,2026-02-03 03:12:23,85403.33440146488,1550.000104522705,88399,87970,1.004876662498579
6,2026-02-03 03:12:23,85403.33440146488,1552.0001049041748,87875,88127,0.997140490428586
6,2026-02-03 03:12:23,85403.33440146488,1554.0001052856444,87976,89018,0.988294502235503
6,2026-02-03 03:12:23,85403.33440146488,1556.000105667114,87665,88225,0.9936525928024936
6,2026-02-03 03:12:23,85403.33440146488,1558.0001060485838,88171,88677,0.9942938980795472
6,2026-02-03 03:12:23,85403.33440146488,1560.0001064300536,88119,88514,0.9955374291072598
6,2026-02-03 03:12:23,85403.33440146488,1562.0001068115234,88318,87944,1.0042527062676248
6,2026-02-03 03:12:23,85403.33440146488,1564.000107192993,87800,88695,0.989909239528722
6,2026-02-03 03:12:23,85403.33440146488,1566.0001075744626,87441,88154,0.991911881480137
6,2026-02-03 03:12:23,85403.33440146488,1568.0001079559324,87979,88612,0.9928564979912428
6,2026-02-03 03:12:23,85403.33440146488,1570.0001083374023,88067,88068,0.999988645137848
6,2026-02-03 03:12:23,85403.33440146488,1572.000108718872,88041,88009,1.000363599177357
6,2026-02-03 03:12:23,85403.33440146488,1574.0001091003417,87617,88558,0.9893741954425348
6,2026-02-03 03:12:23,85403.33440146488,1576.0001094818113,88181,89076,0.9899524001975841
6,2026-02-03 03:12:23,85403.33440146488,1578.000109863281,87123,88051,0.9894606534849122
6,2026-02-03 03:12:23,85403.33440146488,1580.0001102447509,88041,88281,0.9972814082305366
6,2026-02-03 03:12:23,85403.33440146488,1582.0001106262207,87888,88166,0.9968468570650818
6,2026-02-03 03:12:23,85403.33440146488,1584.0001110076903,87911,88763,0.990401405991235
6,2026-02-03 03:12:23,85403.33440146488,1586.0001113891599,88072,87618,1.0051815836928486
6,2026-02-03 03:12:23,85403.33440146488,1588.0001117706297,88093,88209,0.9986849414458842
6,2026-02-03 03:12:23,85403.33440146488,1590.0001121520995,87986,87932,1.0006141109038802
6,2026-02-03 03:12:23,85403.33440146488,1592.0001125335693,88021,88844,0.9907365719688442
6,2026-02-03 03:12:23,85403.33440146488,1594.000112915039,88103,88369,0.9969898946463126
6,2026-02-03 03:12:23,85403.33440146488,1596.0001132965085,88043,88471,0.9951622565586463
6,2026-02-03 03:12:23,85403.33440146488,1598.0001136779783,88027,88341,0.9964455915146987
6,2026-02-03 03:12:23,85403.33440146488,1600.0001140594482,87703,88747,0.9882362220694784
6,2026-02-03 03:12:23,85403.33440146488,1602.000114440918,88000,88275,0.9968847352024922
6,2026-02-03 03:12:23,85403.33440146488,1604.0001148223876,88083,87938,1.0016488889899702
6,2026-02-03 03:12:23,85403.33440146488,1606.0001152038571,87965,88520,0.9937302304563941
6,2026-02-03 03:12:23,85403.33440146488,1608.000115585327,88270,88021,1.002828870383204
6,2026-02-03 03:12:23,85403.33440146488,1610.0001159667968,87968,88055,0.999011981148146
6,2026-02-03 03:12:23,85403.33440146488,1612.0001163482666,87568,88534,0.9890889375833013
6,2026-02-03 03:12:23,85403.33440146488,1614.0001167297362,88104,88860,0.9914922349763673
6,2026-02-03 03:12:23,85403.33440146488,1616.0001171112058,88299,87802,1.0056604633151864
6,2026-02-03 03:12:23,85403.33440146488,1618.0001174926756,87870,88656,0.9911342717920953
6,2026-02-03 03:12:23,85403.33440146488,1620.0001178741454,88364,88397,0.9996266841634898
6,2026-02-03 03:12:23,85403.33440146488,1622.0001182556152,88220,88207,1.000147380593377
6,2026-02-03 03:12:23,85403.33440146488,1624.0001186370848,87155,88060,0.9897229161935044
6,2026-02-03 03:12:23,85403.33440146488,1626.0001190185544,88335,88761,0.9952005948558489
6,2026-02-03 03:12:23,85403.33440146488,1628.0001194000242,87901,87253,1.00742667873884
6,2026-02-03 03:12:23,85403.33440146488,1630.000119781494,87964,88311,0.9960707046687276
6,2026-02-03 03:12:23,85403.33440146488,1632.0001201629639,88126,87758,1.0041933498940268
6,2026-02-03 03:12:23,85403.33440146488,1634.0001205444335,87800,88208,0.9953745692000725
6,2026-02-03 03:12:23,85403.33440146488,1636.000120925903,87934,88820,0.990024769196127
6,2026-02-03 03:12:23,85403.33440146488,1638.0001213073729,87403,88235,0.9905706352354507
6,2026-02-03 03:12:23,85403.33440146488,1640.0001216888427,87840,88016,0.99800036357026
6,2026-02-03 03:12:23,85403.33440146488,1642.0001220703125,87618,88564,0.9893184589675263
6,2026-02-03 03:12:23,85403.33440146488,1644.000122451782,87692,88079,0.9956062171459712
6,2026-02-03 03:12:23,85403.33440146488,1646.0001228332517,87699,88406,0.9920028052394634
6,2026-02-03 03:12:23,85403.33440146488,1648.0001232147215,87368,88256,0.9899383611312546
6,2026-02-03 03:12:23,85403.33440146488,1650.0001235961913,87552,87894,0.9961089494163424
6,2026-02-03 03:12:23,85403.33440146488,1652.0001239776611,87366,88099,0.9916798147538565
6,2026-02-03 03:12:23,85403.33440146488,1654.0001243591307,87980,88198,0.9975282886233248
6,2026-02-03 03:12:23,85403.33440146488,1656.0001247406003,87450,87475,0.9997142040583024
6,2026-02-03 03:12:23,85403.33440146488,1658.0001251220701,87501,88006,0.9942617548803491
6,2026-02-03 03:12:23,85403.33440146488,1660.00012550354,88426,88076,1.0039738407738772
6,2026-02-03 03:12:23,85403.33440146488,1662.0001258850098,88279,87963,1.0035924195400339
6,2026-02-03 03:12:23,85403.33440146488,1664.0001262664794,87354,88145,0.9910261500935957
6,2026-02-03 03:12:23,85403.33440146488,1666.000126647949,88231,88647,0.9953072297990908
6,2026-02-03 03:12:23,85403.33440146488,1668.0001270294188,88301,88034,1.003032919099439
6,2026-02-03 03:12:23,85403.33440146488,1670.0001274108886,87361,88848,0.9832635512335675
6,2026-02-03 03:12:23,85403.33440146488,1672.0001277923584,87574,88397,0.9906897292894555
6,2026-02-03 03:12:23,85403.33440146488,1674.000128173828,87567,88721,0.9869929329020187
6,2026-02-03 03:12:23,85403.33440146488,1676.0001285552976,87447,88568,0.9873430584409719
6,2026-02-03 03:12:23,85403.33440146488,1678.0001289367674,88061,88345,0.9967853302394023
6,2026-02-03 03:12:23,85403.33440146488,1680.0001293182372,88345,88139,1.002337217349868
6,2026-02-03 03:12:23,85403.33440146488,1682.000129699707,87715,88335,0.9929812645044434
6,2026-02-03 03:12:23,85403.33440146488,1684.0001300811766,88482,88447,1.0003957172091762
6,2026-02-03 03:12:23,85403.33440146488,1686.0001304626462,87788,88286,0.9943592415558525
6,2026-02-03 03:12:23,85403.33440146488,1688.000130844116,88003,88228,0.9974497891825724
6,2026-02-03 03:12:23,85403.33440146488,1690.0001312255858,87607,87873,0.9969729040774754
6,2026-02-03 03:12:23,85403.33440146488,1692.0001316070557,88059,88135,0.9991376865036592
6,2026-02-03 03:12:23,85403.33440146488,1694.0001319885253,88111,88172,0.9993081703942295
6,2026-02-03 03:12:23,85403.33440146488,1696.0001323699948,87831,88475,0.9927211076575304
6,2026-02-03 03:12:23,85403.33440146488,1698.0001327514647,87828,88218,0.995579133510168
6,2026-02-03 03:12:23,85403.33440146488,1700.0001331329345,88085,88138,0.9993986702670812
6,2026-02-03 03:12:23,85403.33440146488,1702.0001335144043,87569,88332,0.9913621337680569
6,2026-02-03 03:12:23,85403.33440146488,1704.000133895874,87913,88372,0.9948060471642601
6,2026-02-03 03:12:23,85403.33440146488,1706.0001342773435,87838,87654,1.0020991626166518
6,2026-02-03 03:12:23,85403.33440146488,1708.0001346588133,87593,89094,0.9831526253170808
6,2026-02-03 03:12:23,85403.33440146488,1710.000135040283,87892,88435,0.9938598970995647
6,2026-02-03 03:12:23,85403.33440146488,1712.000135421753,87351,88152,0.9909134222706235
6,2026-02-03 03:12:23,85403.33440146488,1714.0001358032225,87949,88435,0.9945044382880082
6,2026-02-03 03:12:23,85403.33440146488,1716.000136184692,88146,88139,1.0000794200070344
6,2026-02-03 03:12:23,85403.33440146488,1718.000136566162,87878,88621,0.991615982667765
6,2026-02-03 03:12:23,85403.33440146488,1720.0001369476317,87621,88612,0.9888164131268903
6,2026-02-03 03:12:23,85403.33440146488,1722.0001373291016,88239,87995,1.0027728848230013
6,2026-02-03 03:12:23,85403.33440146488,1724.0001377105712,88145,88438,0.9966869445261087
6,2026-02-03 03:12:23,85403.33440146488,1726.0001380920407,87544,88808,0.9857670480136924
6,2026-02-03 03:12:23,85403.33440146488,1728.0001384735106,87421,88644,0.9862032399259961
6,2026-02-03 03:12:23,85403.33440146488,1730.0001388549804,88233,88053,1.0020442233654732
6,2026-02-03 03:12:23,85403.33440146488,1732.0001392364502,87661,88873,0.9863625623080126
6,2026-02-03 03:12:23,85403.33440146488,1734.0001396179198,87576,88062,0.9944811610002044
6,2026-02-03 03:12:23,85403.33440146488,1736.0001399993894,87931,88155,0.997459021042482
6,2026-02-03 03:12:23,85403.33440146488,1738.0001403808592,87612,88772,0.9869328166538999
6,2026-02-03 03:12:23,85403.33440146488,1740.000140762329,88093,88296,0.9977009151037419
6,2026-02-03 03:12:23,85403.33440146488,1742.0001411437988,87778,88511,0.9917185434578752
6,2026-02-03 03:12:23,85403.33440146488,1744.0001415252684,87834,87783,1.0005809780937083
6,2026-02-03 03:12:23,85403.33440146488,1746.000141906738,87745,88382,0.9927926500871218
6,2026-02-03 03:12:23,85403.33440146488,1748.0001422882078,87915,87591,1.003699010172278
6,2026-02-03 03:12:23,85403.33440146488,1750.0001426696776,87768,88008,0.9972729751840742
6,2026-02-03 03:12:23,85403.33440146488,1752.0001430511475,86940,87767,0.9905773240511809
6,2026-02-03 03:12:23,85403.33440146488,1754.000143432617,87717,88547,0.9906264469716648
6,2026-02-03 03:12:23,85403.33440146488,1756.0001438140866,87193,88759,0.9823567187552812
6,2026-02-03 03:12:23,85403.33440146488,1758.0001441955565,87914,88222,0.9965088073269706
6,2026-02-03 03:12:23,85403.33440146488,1760.0001445770263,88070,88518,0.9949388824871778
6,2026-02-03 03:12:23,85403.33440146488,1762.000144958496,87764,88357,0.9932885906040269
6,2026-02-03 03:12:23,85403.33440146488,1764.0001453399657,88162,88085,1.0008741556451155
6,2026-02-03 03:12:23,85403.33440146488,1766.0001457214353,87773,88072,0.9966050504132982
6,2026-02-03 03:12:23,85403.33440146488,1768.000146102905,87655,88219,0.9936068193926478
6,2026-02-03 03:12:23,85403.33440146488,1770.000146484375,87693,88159,0.99471409612178
6,2026-02-03 03:12:23,85403.33440146488,1772.0001468658447,87573,87953,0.9956795106477323
6,2026-02-03 03:12:23,85403.33440146488,1774.0001472473143,87908,88283,0.9957522965916428
6,2026-02-03 03:12:23,85403.33440146488,1776.000147628784,87439,88252,0.9907877441871006
6,2026-02-03 03:12:23,85403.33440146488,1778.0001480102537,88722,88750,0.9996845070422535
6,2026-02-03 03:12:23,85403.33440146488,1780.0001483917235,87640,88388,0.9915373127573879
6,2026-02-03 03:12:23,85403.33440146488,1782.0001487731934,87616,88552,0.9894299394705935
6,2026-02-03 03:12:23,85403.33440146488,1784.000149154663,88182,88579,0.9955181250635027
6,2026-02-03 03:12:23,85403.33440146488,1786.0001495361325,87802,87990,0.9978633935674508
6,2026-02-03 03:12:23,85403.33440146488,1788.0001499176024,88300,87750,1.0062678062678063
6,2026-02-03 03:12:23,85403.33440146488,1790.0001502990722,88649,88167,1.0054668980457542
6,2026-02-03 03:12:23,85403.33440146488,1792.000150680542,88081,87995,1.0009773282572874
6,2026-02-03 03:12:23,85403.33440146488,1794.0001510620116,87954,88561,0.9931459671864591
6,2026-02-03 03:12:23,85403.33440146488,1796.0001514434812,87461,88692,0.986120506922834
6,2026-02-03 03:12:23,85403.33440146488,1798.000151824951,88241,88060,1.0020554167612992
6,2026-02-03 03:12:23,85403.33440146488,1800.0001522064208,87835,88688,0.9903820133501714
6,2026-02-03 03:12:23,85403.33440146488,1802.0001525878906,87436,88573,0.9871631309767085
6,2026-02-03 03:12:23,85403.33440146488,1804.0001529693602,87920,88279,0.9959333476817817
6,2026-02-03 03:12:23,85403.33440146488,1806.0001533508298,87616,88059,0.9949692819586868
6,2026-02-03 03:12:23,85403.33440146488,1808.0001537322996,87956,88247,0.9967024374766281
6,2026-02-03 03:12:23,85403.33440146488,1810.0001541137694,88259,87888,1.0042212816311669
6,2026-02-03 03:12:23,85403.33440146488,1812.0001544952393,88022,88358,0.996197288304398
6,2026-02-03 03:12:23,85403.33440146488,1814.0001548767088,87938,87965,0.9996930597396692
6,2026-02-03 03:12:23,85403.33440146488,1816.0001552581784,88011,88222,0.9976083063181519
6,2026-02-03 03:12:23,85403.33440146488,1818.0001556396483,87898,88050,0.9982737081203862
6,2026-02-03 03:12:23,85403.33440146488,1820.000156021118,87834,87834,1.0
6,2026-02-03 03:12:23,85403.33440146488,1822.000156402588,88011,87939,1.000818749360352
6,2026-02-03 03:12:23,85403.33440146488,1824.0001567840575,88211,87655,1.0063430494552508
6,2026-02-03 03:12:23,85403.33440146488,1826.000157165527,87651,87894,0.9972353061642433
6,2026-02-03 03:12:23,85403.33440146488,1828.000157546997,87442,88521,0.9878108019565979
6,2026-02-03 03:12:23,85403.33440146488,1830.0001579284667,88087,88231,0.9983679205721345
6,2026-02-03 03:12:23,85403.33440146488,1832.0001583099365,87208,88096,0.9899200871776244
6,2026-02-03 03:12:23,85403.33440146488,1834.000158691406,87603,87922,0.9963717840813449
6,2026-02-03 03:12:23,85403.33440146488,1836.0001590728757,87723,88514,0.99106356056669
6,2026-02-03 03:12:23,85403.33440146488,1838.0001594543455,87515,88649,0.9872079775293574
6,2026-02-03 03:12:23,85403.33440146488,1840.0001598358153,87702,88260,0.9936777702243372
6,2026-02-03 03:12:23,85403.33440146488,1842.0001602172852,87636,87947,0.9964637793216369
6,2026-02-03 03:12:23,85403.33440146488,1844.0001605987547,87802,88063,0.9970362127113543
6,2026-02-03 03:12:23,85403.33440146488,1846.0001609802243,87650,87823,0.9980301287817542
6,2026-02-03 03:12:23,85403.33440146488,1848.0001613616942,87867,88106,0.9972873584091889
6,2026-02-03 03:12:23,85403.33440146488,1850.000161743164,87954,88518,0.9936284145597506
6,2026-02-03 03:12:23,85403.33440146488,1852.0001621246338,87952,88253,0.9965893510702186
6,2026-02-03 03:12:23,85403.33440146488,1854.0001625061034,87639,88010,0.9957845699352347
6,2026-02-03 03:12:23,85403.33440146488,1856.000162887573,88206,88422,0.9975571690303319
6,2026-02-03 03:12:23,85403.33440146488,1858.0001632690428,88281,88377,0.9989137445262908
6,2026-02-03 03:12:23,85403.33440146488,1860.0001636505126,88035,88209,0.9980274121688263
6,2026-02-03 03:12:23,85403.33440146488,1862.0001640319824,87870,87976,0.9987951259434391
6,2026-02-03 03:12:23,85403.33440146488,1864.000164413452,88465,87976,1.0055583340911158
6,2026-02-03 03:12:23,85403.33440146488,1866.0001647949216,87655,88581,0.9895462909653312
6,2026-02-03 03:12:23,85403.33440146488,1868.0001651763914,88423,88160,1.002983212341198
6,2026-02-03 03:12:23,85403.33440146488,1870.0001655578612,87400,87811,0.9953194930020157
6,2026-02-03 03:12:23,85403.33440146488,1872.000165939331,87604,88125,0.9940879432624113
6,2026-02-03 03:12:23,85403.33440146488,1874.0001663208006,88289,88320,0.9996490036231884
6,2026-02-03 03:12:23,85403.33440146488,1876.0001667022702,87867,88763,0.9899057039532237
6,2026-02-03 03:12:23,85403.33440146488,1878.00016708374,88115,88213,0.9988890526339655
6,2026-02-03 03:12:23,85403.33440146488,1880.0001674652099,87728,88300,0.9935220838052096
6,2026-02-03 03:12:23,85403.33440146488,1882.0001678466797,87607,88634,0.9884130243473159
6,2026-02-03 03:12:23,85403.33440146488,1884.0001682281493,88025,88149,0.9985932909051719
6,2026-02-03 03:12:23,85403.33440146488,1886.0001686096189,88067,88985,0.9896836545485194
6,2026-02-03 03:12:23,85403.33440146488,1888.0001689910887,88075,88308,0.9973615074511936
6,2026-02-03 03:12:23,85403.33440146488,1890.0001693725585,87916,88376,0.9947949669593554
6,2026-02-03 03:12:23,85403.33440146488,1892.0001697540283,87594,88449,0.9903334124749856
6,2026-02-03 03:12:23,85403.33440146488,1894.000170135498,88684,87760,1.0105287146763902
6,2026-02-03 03:12:23,85403.33440146488,1896.0001705169675,87926,88324,0.9954938635025588
6,2026-02-03 03:12:23,85403.33440146488,1898.0001708984373,88097,88242,0.9983567915505088
6,2026-02-03 03:12:23,85403.33440146488,1900.0001712799071,87586,88626,0.9882652946088055
6,2026-02-03 03:12:23,85403.33440146488,1902.000171661377,87678,88388,0.9919672353713174
6,2026-02-03 03:12:23,85403.33440146488,1904.0001720428465,87803,88225,0.9952167752904506
6,2026-02-03 03:12:23,85403.33440146488,1906.0001724243161,88109,88127,0.9997957493163275
6,2026-02-03 03:12:23,85403.33440146488,1908.000172805786,88157,88076,1.000919660293383
6,2026-02-03 03:12:23,85403.33440146488,1910.0001731872558,87971,87806,1.0018791426553995
6,2026-02-03 03:12:23,85403.33440146488,1912.0001735687256,88027,88204,0.9979932882862456
6,2026-02-03 03:12:23,85403.33440146488,1914.0001739501952,87752,87833,0.9990777953616522
6,2026-02-03 03:12:23,85403.33440146488,1916.0001743316648,87894,87631,1.003001221029088
6,2026-02-03 03:12:23,85403.33440146488,1918.0001747131346,87858,88902,0.9882567321320105
6,2026-02-03 03:12:23,85403.33440146488,1920.0001750946044,87196,87843,0.9926345867058275
6,2026-02-03 03:12:23,85403.33440146488,1922.0001754760742,88002,88349,0.9960723947073538
6,2026-02-03 03:12:23,85403.33440146488,1924.0001758575438,87815,88541,0.9918004088501372
6,2026-02-03 03:12:23,85403.33440146488,1926.0001762390134,87645,88704,0.9880614177489178
6,2026-02-03 03:12:23,85403.33440146488,1928.0001766204832,87375,88173,0.99094961042496
6,2026-02-03 03:12:23,85403.33440146488,1930.000177001953,87735,88243,0.9942431694298698
6,2026-02-03 03:12:23,85403.33440146488,1932.0001773834229,87298,87584,0.9967345633905736
6,2026-02-03 03:12:23,85403.33440146488,1934.0001777648924,87725,88147,0.9952125426843795
6,2026-02-03 03:12:23,85403.33440146488,1936.000178146362,87881,88462,0.9934322081797834
6,2026-02-03 03:12:23,85403.33440146488,1938.0001785278318,87539,87999,0.9947726678712258
6,2026-02-03 03:12:23,85403.33440146488,1940.0001789093017,87867,88375,0.9942517680339462
6,2026-02-03 03:12:23,85403.33440146488,1942.0001792907715,88048,87909,1.0015811805389665
6,2026-02-03 03:12:23,85403.33440146488,1944.000179672241,87908,88495,0.9933668568845697
6,2026-02-03 03:12:23,85403.33440146488,1946.0001800537107,87349,87800,0.9948633257403189
6,2026-02-03 03:12:23,85403.33440146488,1948.0001804351805,87585,88517,0.989470949083227
6,2026-02-03 03:12:23,85403.33440146488,1950.0001808166503,88289,88584,0.9966698275083536
6,2026-02-03 03:12:23,85403.33440146488,1952.0001811981201,87329,88552,0.986188905953564
6,2026-02-03 03:12:23,85403.33440146488,1954.0001815795897,87556,88664,0.9875033835604078
6,2026-02-03 03:12:23,85403.33440146488,1956.0001819610593,87915,88484,0.9935694588852222
6,2026-02-03 03:12:23,85403.33440146488,1958.0001823425291,88025,87988,1.0004205118879848
6,2026-02-03 03:12:23,85403.33440146488,1960.000182723999,87631,88625,0.9887842031029619
6,2026-02-03 03:12:23,85403.33440146488,1962.0001831054688,88093,88336,0.9972491396486144
6,2026-02-03 03:12:23,85403.33440146488,1964.0001834869383,88394,87977,1.0047398751946532
6,2026-02-03 03:12:23,85403.33440146488,1966.000183868408,88219,87933,1.003252476317196
6,2026-02-03 03:12:23,85403.33440146488,1968.0001842498777,87697,88339,0.992732541686005
6,2026-02-03 03:12:23,85403.33440146488,1970.0001846313476,87641,88152,0.9942031944822579
6,2026-02-03 03:12:23,85403.33440146488,1972.0001850128174,87756,88466,0.9919743178170144
6,2026-02-03 03:12:23,85403.33440146488,1974.000185394287,88041,88057,0.9998182995105444
6,2026-02-03 03:12:23,85403.33440146488,1976.0001857757566,87758,88166,0.9953723657645804
6,2026-02-03 03:12:23,85403.33440146488,1978.0001861572264,87739,88084,0.9960832841378684
6,2026-02-03 03:12:23,85403.33440146488,1980.0001865386962,88058,88166,0.9987750379965066
6,2026-02-03 03:12:23,85403.33440146488,1982.000186920166,87821,88211,0.995578782691501
6,2026-02-03 03:12:23,85403.33440146488,1984.0001873016356,87250,87977,0.9917364765791059
6,2026-02-03 03:12:23,85403.33440146488,1986.0001876831052,88025,88002,1.0002613576964159
6,2026-02-03 03:12:23,85403.33440146488,1988.000188064575,87575,87981,0.9953853672952114
6,2026-02-03 03:12:23,85403.33440146488,1990.0001884460448,87672,88211,0.9938896509505617
6,2026-02-03 03:12:23,85403.33440146488,1992.0001888275146,87615,88745,0.9872668882753958
6,2026-02-03 03:12:23,85403.33440146488,1994.0001892089842,88115,87586,1.0060397780467198
6,2026-02-03 03:12:23,85403.33440146488,1996.0001895904538,87649,88298,0.9926498901447371
6,2026-02-03 03:12:23,85403.33440146488,1998.0001899719236,87688,88575,0.98998588766582
6,2026-02-03 03:12:23,85403.33440146488,2000.0001903533935,88123,88065,1.0006586044399024
6,2026-02-03 03:12:23,85403.33440146488,2002.0001907348633,87954,88304,0.9960364196412393
6,2026-02-03 03:12:23,85403.33440146488,2004.0001911163329,88187,88374,0.997883993029624
6,2026-02-03 03:12:23,85403.33440146488,2006.0001914978025,88110,87909,1.0022864553117428
6,2026-02-03 03:12:23,85403.33440146488,2008.0001918792723,87732,87621,1.0012668195980416
6,2026-02-03 03:12:23,85403.33440146488,2010.000192260742,87984,87864,1.001365747063644
6,2026-02-03 03:12:23,85403.33440146488,2012.000192642212,87681,88167,0.9944877335057334
6,2026-02-03 03:12:23,85403.33440146488,2014.0001930236815,88222,88353,0.998517311240139
6,2026-02-03 03:12:23,85403.33440146488,2016.000193405151,88075,88305,0.9973953909744635
6,2026-02-03 03:12:23,85403.33440146488,2018.000193786621,87981,87919,1.0007051945540781
6,2026-02-03 03:12:23,85403.33440146488,2020.0001941680907,87903,88022,0.9986480652564131
6,2026-02-03 03:12:23,85403.33440146488,2022.0001945495605,87367,88223,0.9902973147591898
6,2026-02-03 03:12:23,85403.33440146488,2024.0001949310301,88051,88466,0.9953089322451564
6,2026-02-03 03:12:23,85403.33440146488,2026.0001953125,87864,88269,0.9954117527104646
6,2026-02-03 03:12:23,85403.33440146488,2028.0001956939695,87874,88543,0.9924443490733316
6,2026-02-03 03:12:23,85403.33440146488,2030.0001960754394,87757,87713,1.0005016360174661
6,2026-02-03 03:12:23,85403.33440146488,2032.000196456909,87685,88430,0.9915752572656338
6,2026-02-03 03:12:23,85403.33440146488,2034.0001968383788,87417,88146,0.9917296303859506
6,2026-02-03 03:12:23,85403.33440146488,2036.0001972198486,87624,87971,0.9960555182958021
6,2026-02-03 03:12:23,85403.33440146488,2038.0001976013182,87749,88224,0.9946159775117882
6,2026-02-03 03:12:23,85403.33440146488,2040.000197982788,87987,88429,0.9950016397335716
6,2026-02-03 03:12:23,85403.33440146488,2042.0001983642576,87874,87968,0.9989314296107675
6,2026-02-03 03:12:23,85403.33440146488,2044.0001987457274,88301,88322,0.9997622336450714
6,2026-02-03 03:12:23,85403.33440146488,2046.0001991271972,87609,89041,0.9839175211419459
6,2026-02-03 03:12:23,85403.33440146488,2048.000199508667,88499,88938,0.9950639771526232
6,2026-02-03 03:12:23,85403.33440146488,2050.0001998901366,87765,88698,0.9894811607928026
6,2026-02-03 03:12:23,85403.33440146488,2052.0002002716064,87878,88665,0.9911238933062652
6,2026-02-03 03:12:23,85403.33440146488,2054.000200653076,88040,88638,0.9932534578848801
6,2026-02-03 03:12:23,85403.33440146488,2056.000201034546,87888,88161,0.9969033926566169
6,2026-02-03 03:12:23,85403.33440146488,2058.0002014160154,87804,88510,0.9920235001694724
6,2026-02-03 03:12:23,85403.33440146488,2060.0002017974853,87808,88022,0.9975687896207767
6,2026-02-03 03:12:23,85403.33440146488,2062.000202178955,88125,88455,0.9962692894692217
6,2026-02-03 03:12:23,85403.33440146488,2064.0002025604244,87744,88344,0.9932083672914969
6,2026-02-03 03:12:23,85403.33440146488,2066.0002029418947,87899,87854,1.0005122134450337
6,2026-02-03 03:12:23,85403.33440146488,2068.000203323364,87674,88234,0.9936532402475237
6,2026-02-03 03:12:23,85403.33440146488,2070.000203704834,87962,88107,0.9983542737807438
6,2026-02-03 03:12:23,85403.33440146488,2072.0002040863037,87726,88222,0.9943778195914851
6,2026-02-03 03:12:23,85403.33440146488,2074.000204467773,88069,88180,0.998741211158993
6,2026-02-03 03:12:23,85403.33440146488,2076.0002048492433,87606,87797,0.9978245270339533
6,2026-02-03 03:12:23,85403.33440146488,2078.0002052307127,87988,88296,0.9965117332608499
6,2026-02-03 03:12:23,85403.33440146488,2080.0002056121825,87958,87975,0.9998067632850242
6,2026-02-03 03:12:23,85403.33440146488,2082.0002059936523,88029,88341,0.9964682310591911
6,2026-02-03 03:12:23,85403.33440146488,2084.0002063751217,87701,88012,0.9964663909466891
6,2026-02-03 03:12:23,85403.33440146488,2086.000206756592,87463,88682,0.9862542567826617
6,2026-02-03 03:12:23,85403.33440146488,2088.0002071380613,87541,88259,0.9918648523096795
6,2026-02-03 03:12:23,85403.33440146488,2090.000207519531,87926,87546,1.004340575240445
6,2026-02-03 03:12:23,85403.33440146488,2092.000207901001,88243,88576,0.9962405166184971
6,2026-02-03 03:12:23,85403.33440146488,2094.0002082824703,88038,88503,0.9947459408155656
6,2026-02-03 03:12:23,85403.33440146488,2096.0002086639406,88293,87978,1.0035804405646866
6,2026-02-03 03:12:23,85403.33440146488,2098.00020904541,87852,88534,0.9922967447534281
6,2026-02-03 03:12:23,85403.33440146488,2100.00020942688,87647,88318,0.992402454765733
6,2026-02-03 03:12:23,85403.33440146488,2102.0002098083496,88004,88093,0.9989897040627519
6,2026-02-03 03:12:23,85403.33440146488,2104.000210189819,87259,88244,0.9888377680068899
6,2026-02-03 03:12:23,85403.33440146488,2106.0002105712892,87460,88166,0.9919923780142005
6,2026-02-03 03:12:23,85403.33440146488,2108.0002109527586,88011,88041,0.9996592496677684
6,2026-02-03 03:12:23,85403.33440146488,2110.0002113342284,87779,88295,0.9941559544708081
6,2026-02-03 03:12:23,85403.33440146488,2112.0002117156982,87556,88524,0.9890651122859337
6,2026-02-03 03:12:23,85403.33440146488,2114.0002120971676,87208,88527,0.985100590780214
6,2026-02-03 03:12:23,85403.33440146488,2116.000212478638,87305,87608,0.9965414117432198
6,2026-02-03 03:12:23,85403.33440146488,2118.0002128601072,87872,88246,0.9957618475624957
6,2026-02-03 03:12:23,85403.33440146488,2120.000213241577,88495,88276,1.0024808554986633
6,2026-02-03 03:12:23,85403.33440146488,2122.000213623047,87397,87843,0.9949227599239553
6,2026-02-03 03:12:23,85403.33440146488,2124.0002140045162,88108,87947,1.0018306480039114
6,2026-02-03 03:12:23,85403.33440146488,2126.0002143859865,87856,87487,1.0042177694971823
6,2026-02-03 03:12:23,85403.33440146488,2128.000214767456,87599,88047,0.994911808465933
6,2026-02-03 03:12:23,85403.33440146488,2130.0002151489257,87620,87970,0.9960213709219052
6,2026-02-03 03:12:23,85403.33440146488,2132.0002155303955,87201,87663,0.9947298175969337
6,2026-02-03 03:12:23,85403.33440146488,2134.000215911865,87563,87896,0.9962114316919997
6,2026-02-03 03:12:23,85403.33440146488,2136.000216293335,88423,88274,1.0016879262296938
6,2026-02-03 03:12:23,85403.33440146488,2138.0002166748045,87687,88004,0.9963978910049544
6,2026-02-03 03:12:23,85403.33440146488,2140.0002170562743,87466,88184,0.9918579334119568
6,2026-02-03 03:12:23,85403.33440146488,2142.000217437744,88157,88303,0.9983466020407008
6,2026-02-03 03:12:23,85403.33440146488,2144.0002178192135,88114,88494,0.9957059235654394
6,2026-02-03 03:12:23,85403.33440146488,2146.000218200684,88134,88174,0.9995463515321977
6,2026-02-03 03:12:23,85403.33440146488,2148.000218582153,88056,88896,0.9905507559395248
6,2026-02-03 03:12:23,85403.33440146488,2150.000218963623,88284,87541,1.0084874515941102
6,2026-02-03 03:12:23,85403.33440146488,2152.000219345093,88247,87978,1.0030575825774626
6,2026-02-03 03:12:23,85403.33440146488,2154.000219726562,88146,88256,0.9987536258158085
6,2026-02-03 03:12:23,85403.33440146488,2156.0002201080324,87820,88605,0.9911404548276057
6,2026-02-03 03:12:23,85403.33440146488,2158.0002204895018,87965,88108,0.9983769918736096
6,2026-02-03 03:12:23,85403.33440146488,2160.0002208709716,88352,87764,1.0066997857891617
6,2026-02-03 03:12:23,85403.33440146488,2162.0002212524414,88174,88587,0.9953379163985686
6,2026-02-03 03:12:23,85403.33440146488,2164.0002216339108,88035,87838,1.0022427650902799
6,2026-02-03 03:12:23,85403.33440146488,2166.000222015381,87618,88349,0.9917259957667885
6,2026-02-03 03:12:23,85403.33440146488,2168.0002223968504,87756,88441,0.992254723487975
6,2026-02-03 03:12:23,85403.33440146488,2170.00022277832,88124,88407,0.9967988960150215
6,2026-02-03 03:12:23,85403.33440146488,2172.00022315979,88496,87959,1.0061051171568571
6,2026-02-03 03:12:23,85403.33440146488,2174.0002235412594,87612,88522,0.9897200695872213
6,2026-02-03 03:12:23,85403.33440146488,2176.0002239227297,87681,88624,0.9893595414334717
6,2026-02-03 03:12:23,85403.33440146488,2178.000224304199,87177,88441,0.9857079861150372
6,2026-02-03 03:12:23,85403.33440146488,2180.000224685669,87814,88569,0.9914755727173165
6,2026-02-03 03:12:23,85403.33440146488,2182.0002250671387,87799,88799,0.9887386119213054
6,2026-02-03 03:12:23,85403.33440146488,2184.000225448608,87675,88337,0.9925059714502417
6,2026-02-03 03:12:23,85403.33440146488,2186.0002258300783,87737,88267,0.993995490953584
6,2026-02-03 03:12:23,85403.33440146488,2188.0002262115477,88073,88169,0.9989111819346936
6,2026-02-03 03:12:23,85403.33440146488,2190.0002265930175,87836,88203,0.995839143793295
6,2026-02-03 03:12:23,85403.33440146488,2192.0002269744873,87846,88430,0.9933959063666177
6,2026-02-03 03:12:23,85403.33440146488,2194.0002273559567,87670,88372,0.992056307427692
6,2026-02-03 03:12:23,85403.33440146488,2196.000227737427,87800,88556,0.9914630290437689
6,2026-02-03 03:12:23,85403.33440146488,2198.0002281188963,87734,88178,0.9949647304316269
6,2026-02-03 03:12:23,85403.33440146488,2200.000228500366,87486,88137,0.9926137717417203
6,2026-02-03 03:12:23,85403.33440146488,2202.000228881836,87514,88477,0.9891158154096545
6,2026-02-03 03:12:23,85403.33440146488,2204.0002292633053,87927,88317,0.9955840891334624
6,2026-02-03 03:12:23,85403.33440146488,2206.0002296447756,88289,87925,1.0041398919533693
6,2026-02-03 03:12:23,85403.33440146488,2208.000230026245,88016,88528,0.9942165190674137
6,2026-02-03 03:12:23,85403.33440146488,2210.0002304077148,87765,88252,0.9944817114626298
6,2026-02-03 03:12:23,85403.33440146488,2212.0002307891846,87688,88311,0.9929453861919806
6,2026-02-03 03:12:23,85403.33440146488,2214.000231170654,87883,88412,0.9940166493236212
6,2026-02-03 03:12:23,85403.33440146488,2216.000231552124,87724,88487,0.9913772644569259
6,2026-02-03 03:12:23,85403.33440146488,2218.0002319335936,87897,87614,1.0032300773848928
6,2026-02-03 03:12:23,85403.33440146488,2220.0002323150634,87667,88029,0.9958877188199343
6,2026-02-03 03:12:23,85403.33440146488,2222.000232696533,87782,88456,0.9923803925115312
6,2026-02-03 03:12:23,85403.33440146488,2224.0002330780026,88305,88509,0.9976951496457988
6,2026-02-03 03:12:23,85403.33440146488,2226.000233459473,88201,88464,0.9970270392476035
6,2026-02-03 03:12:23,85403.33440146488,2228.000233840942,87955,87522,1.0049473275290783
6,2026-02-03 03:12:23,85403.33440146488,2230.000234222412,87784,88219,0.9950690894251805
6,2026-02-03 03:12:23,85403.33440146488,2232.000234603882,87923,88745,0.9907375063383853
6,2026-02-03 03:12:23,85403.33440146488,2234.000234985351,88065,88848,0.9911871961102107
6,2026-02-03 03:12:23,85403.33440146488,2236.0002353668215,88109,87975,1.0015231599886332
6,2026-02-03 03:12:23,85403.33440146488,2238.000235748291,87619,88947,0.985069760643979
6,2026-02-03 03:12:23,85403.33440146488,2240.0002361297607,87909,88172,0.9970171936669238
6,2026-02-03 03:12:23,85403.33440146488,2242.0002365112305,88114,88272,0.9982100779409099
6,2026-02-03 03:12:23,85403.33440146488,2244.0002368927,87331,88659,0.9850212612368738
6,2026-02-03 03:12:23,85403.33440146488,2246.00023727417,88046,88095,0.9994437822804927
6,2026-02-03 03:12:23,85403.33440146488,2248.0002376556395,87691,88133,0.9949848524389275
6,2026-02-03 03:12:23,85403.33440146488,2250.0002380371093,87621,88403,0.9911541463524993
6,2026-02-03 03:12:23,85403.33440146488,2252.000238418579,87607,88180,0.9935019278748015
6,2026-02-03 03:12:23,85403.33440146488,2254.0002388000485,88350,88002,1.003954455580555
6,2026-02-03 03:12:23,85403.33440146488,2256.0002391815187,87880,88359,0.9945789336683304
6,2026-02-03 03:12:23,85403.33440146488,2258.000239562988,88465,88067,1.0045192864523602
6,2026-02-03 03:12:23,85403.33440146488,2260.000239944458,88342,88425,0.9990613514277636
6,2026-02-03 03:12:23,85403.33440146488,2262.0002403259277,87666,88292,0.9929098899107507
6,2026-02-03 03:12:23,85403.33440146488,2264.000240707397,87724,88410,0.9922406967537609
6,2026-02-03 03:12:23,85403.33440146488,2266.0002410888674,87511,88552,0.9882441955009486
6,2026-02-03 03:12:23,85403.33440146488,2268.0002414703367,88297,88613,0.9964339318158735
6,2026-02-03 03:12:23,85403.33440146488,2270.0002418518065,88092,87938,1.0017512338238304
6,2026-02-03 03:12:23,85403.33440146488,2272.0002422332764,87679,88038,0.9959222154069833
6,2026-02-03 03:12:23,85403.33440146488,2274.0002426147457,87981,88473,0.9944389813841511
6,2026-02-03 03:12:23,85403.33440146488,2276.000242996216,88394,88071,1.0036674955433684
6,2026-02-03 03:12:23,85403.33440146488,2278.0002433776854,87998,88509,0.9942265758284469
6,2026-02-03 03:12:23,85403.33440146488,2280.000243759155,87863,88529,0.9924770414214551
6,2026-02-03 03:12:23,85403.33440146488,2282.000244140625,87943,88222,0.9968375235202104
6,2026-02-03 03:12:23,85403.33440146488,2284.0002445220944,87945,88096,0.998285960770069
6,2026-02-03 03:12:23,85403.33440146488,2286.0002449035646,87869,88032,0.9981484005816067
6,2026-02-03 03:12:23,85403.33440146488,2288.000245285034,87895,88542,0.9926927333920625
6,2026-02-03 03:12:23,85403.33440146488,2290.000245666504,87564,87990,0.9951585407432663
6,2026-02-03 03:12:23,85403.33440146488,2292.0002460479736,87925,88352,0.995167059036581
6,2026-02-03 03:12:23,85403.33440146488,2294.000246429443,87795,88091,0.9966398383489801
6,2026-02-03 03:12:23,85403.33440146488,2296.0002468109133,87238,88240,0.9886446056210335
6,2026-02-03 03:12:23,85403.33440146488,2298.0002471923826,87287,88465,0.9866839993217656
6,2026-02-03 03:12:23,85403.33440146488,2300.0002475738524,87777,87673,1.0011862260901303
6,2026-02-03 03:12:23,85403.33440146488,2302.0002479553223,87197,88382,0.9865922925482564
6,2026-02-03 03:12:23,85403.33440146488,2304.0002483367916,86802,88030,0.9860502101556288
6,2026-02-03 03:12:23,85403.33440146488,2306.000248718262,86663,88399,0.9803617687982896
6,2026-02-03 03:12:23,85403.33440146488,2308.0002490997313,87004,88258,0.9857916562804505
6,2026-02-03 03:12:23,85403.33440146488,2310.000249481201,87450,88342,0.9899028774535329
6,2026-02-03 03:12:23,85403.33440146488,2312.000249862671,87306,88497,0.9865419166751416
6,2026-02-03 03:12:23,85403.33440146488,2314.0002502441403,87686,88394,0.9919904065886825
6,2026-02-03 03:12:23,85403.33440146488,2316.0002506256105,87769,88491,0.9918409781785719
6,2026-02-03 03:12:23,85403.33440146488,2318.00025100708,87873,88254,0.9956829152219729
6,2026-02-03 03:12:23,85403.33440146488,2320.0002513885497,87571,88440,0.9901741293532338
6,2026-02-03 03:12:23,85403.33440146488,2322.0002517700195,87859,88276,0.9952761792559699
6,2026-02-03 03:12:23,85403.33440146488,2324.000252151489,87827,88051,0.997456019806703
6,2026-02-03 03:12:23,85403.33440146488,2326.000252532959,87978,88214,0.9973246876912961
6,2026-02-03 03:12:23,85403.33440146488,2328.0002529144285,87644,88198,0.9937186784280823
6,2026-02-03 03:12:23,85403.33440146488,2330.0002532958983,87552,88636,0.9877702062367435
6,2026-02-03 03:12:23,85403.33440146488,2332.000253677368,87908,87920,0.9998635122838945
6,2026-02-03 03:12:23,85403.33440146488,2334.0002540588375,87394,88767,0.984532540245812
6,2026-02-03 03:12:23,85403.33440146488,2336.000254440308,87642,88075,0.9950837354527391
6,2026-02-03 03:12:23,85403.33440146488,2338.000254821777,87833,88247,0.9953086223894296
6,2026-02-03 03:12:23,85403.33440146488,2340.000255203247,87901,88080,0.9979677565849228
6,2026-02-03 03:12:23,85403.33440146488,2342.000255584717,87607,87962,0.9959641663445579
6,2026-02-03 03:12:23,85403.33440146488,2344.000255966186,87644,88450,0.990887507066139
6,2026-02-03 03:12:23,85403.33440146488,2346.0002563476564,87643,87857,0.9975642236816645
6,2026-02-03 03:12:23,85403.33440146488,2348.000256729126,88397,88320,1.0008718297101449
6,2026-02-03 03:12:23,85403.33440146488,2350.0002571105956,87737,88368,0.9928594061198623
6,2026-02-03 03:12:23,85403.33440146488,2352.0002574920654,87720,88525,0.9909065235809094
6,2026-02-03 03:12:23,85403.33440146488,2354.000257873535,87972,87969,1.0000341029226205
6,2026-02-03 03:12:23,85403.33440146488,2356.000258255005,87713,88555,0.9904917847665293
6,2026-02-03 03:12:23,85403.33440146488,2358.0002586364744,87886,88351,0.9947369016762685
6,2026-02-03 03:12:23,85403.33440146488,2360.0002590179442,88067,88762,0.9921700727788919
6,2026-02-03 03:12:23,85403.33440146488,2362.000259399414,88051,88254,0.9976998209712874
6,2026-02-03 03:12:23,85403.33440146488,2364.0002597808834,87093,88561,0.9834238547441876
6,2026-02-03 03:12:23,85403.33440146488,2366.0002601623537,87094,88670,0.9822262320965377
6,2026-02-03 03:12:23,85403.33440146488,2368.000260543823,87917,88366,0.9949188601950977
6,2026-02-03 03:12:23,85403.33440146488,2370.000260925293,87980,88276,0.9966468802392496
6,2026-02-03 03:12:23,85403.33440146488,2372.0002613067627,87738,88174,0.9950552317009549
6,2026-02-03 03:12:23,85403.33440146488,2374.000261688232,87755,88225,0.9946727118163786
6,2026-02-03 03:12:23,85403.33440146488,2376.0002620697023,88095,88848,0.9915248514316586
6,2026-02-03 03:12:23,85403.33440146488,2378.0002624511717,88293,88552,0.9970751648748758
6,2026-02-03 03:12:23,85403.33440146488,2380.0002628326415,87382,88216,0.9905459327106194
6,2026-02-03 03:12:23,85403.33440146488,2382.0002632141113,87656,88225,0.9935505809011052
6,2026-02-03 03:12:23,85403.33440146488,2384.0002635955807,87828,88431,0.9931811242663772
6,2026-02-03 03:12:23,85403.33440146488,2386.000263977051,87828,87985,0.9982156049326589
6,2026-02-03 03:12:23,85403.33440146488,2388.0002643585203,87991,88154,0.9981509630873244
6,2026-02-03 03:12:23,85403.33440146488,2390.00026473999,87957,87400,1.0063729977116704
6,2026-02-03 03:12:23,85403.33440146488,2392.00026512146,87908,88268,0.995921511759641
6,2026-02-03 03:12:23,85403.33440146488,2394.0002655029293,87711,88172,0.9947715828154062
6,2026-02-03 03:12:23,85403.33440146488,2396.0002658843996,87357,87987,0.9928398513416755
6,2026-02-03 03:12:23,85403.33440146488,2398.000266265869,87729,87920,0.9978275705186533
6,2026-02-03 03:12:23,85403.33440146488,2400.000266647339,88287,88518,0.9973903612824511
6,2026-02-03 03:12:23,85403.33440146488,2402.0002670288086,87661,88264,0.9931682226049126
6,2026-02-03 03:12:23,85403.33440146488,2404.000267410278,87636,88306,0.992412746585736
6,2026-02-03 03:12:23,85403.33440146488,2406.0002677917482,88076,87948,1.0014554054668667
6,2026-02-03 03:12:23,85403.33440146488,2408.0002681732176,87959,88011,0.9994091647634955
6,2026-02-03 03:12:23,85403.33440146488,2410.0002685546874,88014,88312,0.9966256001449406
6,2026-02-03 03:12:23,85403.33440146488,2412.000268936157,88058,88019,1.0004430861518536
6,2026-02-03 03:12:23,85403.33440146488,2414.0002693176266,87681,88395,0.9919226200576956
6,2026-02-03 03:12:23,85403.33440146488,2416.000269699097,87723,87868,0.9983497974234078
6,2026-02-03 03:12:23,85403.33440146488,2418.000270080566,88028,88427,0.9954878034989313
6,2026-02-03 03:12:23,85403.33440146488,2420.000270462036,87685,87669,1.0001825046481652
6,2026-02-03 03:12:23,85403.33440146488,2422.000270843506,87879,88142,0.9970161784393365
6,2026-02-03 03:12:23,85403.33440146488,2424.000271224975,87925,88435,0.994233052524453
6,2026-02-03 03:12:23,85403.33440146488,2426.0002716064455,88111,87596,1.0058792638933285
6,2026-02-03 03:12:23,85403.33440146488,2428.000271987915,88394,88917,0.9941181101476658
6,2026-02-03 03:12:23,85403.33440146488,2430.0002723693847,88025,88432,0.9953975936312647
6,2026-02-03 03:12:23,85403.33440146488,2432.0002727508545,87761,88601,0.9905192943646234
6,2026-02-03 03:12:23,85403.33440146488,2434.000273132324,88487,88316,1.0019362289958784
6,2026-02-03 03:12:23,85403.33440146488,2436.000273513794,88107,87581,1.0060058688528333
6,2026-02-03 03:12:23,85403.33440146488,2438.0002738952635,87838,88408,0.9935526196724278
6,2026-02-03 03:12:23,85403.33440146488,2440.0002742767333,88172,88287,0.9986974299727026
6,2026-02-03 03:12:23,85403.33440146488,2442.000274658203,87865,88723,0.9903294523404303
6,2026-02-03 03:12:23,85403.33440146488,2444.0002750396725,87751,88106,0.9959707624906363
6,2026-02-03 03:12:23,85403.33440146488,2446.0002754211428,87981,88297,0.9964211694621561
6,2026-02-03 03:12:23,85403.33440146488,2448.000275802612,88152,88346,0.9978040884703325
6,2026-02-03 03:12:23,85403.33440146488,2450.000276184082,87980,88261,0.9968162608626687
6,2026-02-03 03:12:23,85403.33440146488,2452.0002765655518,87693,87672,1.00023952915412
6,2026-02-03 03:12:23,85403.33440146488,2454.000276947021,87518,88320,0.990919384057971
6,2026-02-03 03:12:23,85403.33440146488,2456.0002773284914,87953,88242,0.9967249155730831
6,2026-02-03 03:12:23,85403.33440146488,2458.0002777099608,88145,87974,1.0019437561097597
6,2026-02-03 03:12:23,85403.33440146488,2460.0002780914306,87798,88196,0.9954873236881491
6,2026-02-03 03:12:23,85403.33440146488,2462.0002784729004,87704,87820,0.9986791163744022
6,2026-02-03 03:12:23,85403.33440146488,2464.0002788543698,87695,88015,0.9963642560927115
6,2026-02-03 03:12:23,85403.33440146488,2466.00027923584,87416,88578,0.9868816184605659
6,2026-02-03 03:12:23,85403.33440146488,2468.0002796173094,88169,88567,0.9955062269242494
6,2026-02-03 03:12:23,85403.33440146488,2470.000279998779,87863,88406,0.9938578829491211
6,2026-02-03 03:12:23,85403.33440146488,2472.000280380249,87720,88603,0.9900341974876697
6,2026-02-03 03:12:23,85403.33440146488,2474.0002807617184,87931,88344,0.9953250928189803
6,2026-02-03 03:12:23,85403.33440146488,2476.0002811431887,87774,88871,0.987656265823497
6,2026-02-03 03:12:23,85403.33440146488,2478.000281524658,87769,88146,0.9957230050144079
6,2026-02-03 03:12:23,85403.33440146488,2480.000281906128,87973,88054,0.9990801099325414
6,2026-02-03 03:12:23,85403.33440146488,2482.0002822875977,87321,88416,0.9876153637350705
6,2026-02-03 03:12:23,85403.33440146488,2484.000282669067,87985,88317,0.9962408143392552
6,2026-02-03 03:12:23,85403.33440146488,2486.0002830505373,87659,88263,0.9931568154266227
6,2026-02-03 03:12:23,85403.33440146488,2488.0002834320067,87736,88797,0.9880513981328198
6,2026-02-03 03:12:23,85403.33440146488,2490.0002838134765,88083,88176,0.9989452912357104
6,2026-02-03 03:12:23,85403.33440146488,2492.0002841949463,87863,87711,1.0017329639383885
6,2026-02-03 03:12:23,85403.33440146488,2494.0002845764157,87438,88530,0.9876651982378855
6,2026-02-03 03:12:23,85403.33440146488,2496.000284957886,88266,87966,1.0034104085669464
6,2026-02-03 03:12:23,85403.33440146488,2498.0002853393553,88096,87865,1.002629033175895
6,2026-02-03 03:12:23,85403.33440146488,2500.000285720825,88075,88447,0.9957940913767567
7,2026-02-03 03:44:18,81485.46211947814,999.9999996185302,83244,83627,0.9954201394286534
7,2026-02-03 03:44:18,81485.46211947814,1001.9999999999999,82948,83346,0.9952247258416721
7,2026-02-03 03:44:18,81485.46211947814,1004.0000003814696,82851,82916,0.9992160740990882
7,2026-02-03 03:44:18,81485.46211947814,1006.0000007629394,82803,83734,0.9888814579501756
7,2026-02-03 03:44:18,81485.46211947814,1008.0000011444091,82963,83632,0.9920006696001531
7,2026-02-03 03:44:18,81485.46211947814,1010.0000015258788,82983,82850,1.0016053108026555
7,2026-02-03 03:44:18,81485.46211947814,1012.0000019073485,82710,83289,0.9930483016965025
7,2026-02-03 03:44:18,81485.46211947814,1014.0000022888182,83050,83361,0.9962692386127806
7,2026-02-03 03:44:18,81485.46211947814,1016.000002670288,83062,83719,0.9921523190673562
7,2026-02-03 03:44:18,81485.46211947814,1018.0000030517577,83041,82982,1.0007109975657371
7,2026-02-03 03:44:18,81485.46211947814,1020.0000034332274,83355,83445,0.9989214452633471
7,2026-02-03 03:44:18,81485.46211947814,1022.0000038146972,82569,82374,1.0023672518027533
7,2026-02-03 03:44:18,81485.46211947814,1024.0000041961669,83099,83303,0.9975511086035317
7,2026-02-03 03:44:18,81485.46211947814,1026.0000045776367,83058,83127,0.9991699447832834
7,2026-02-03 03:44:18,81485.46211947814,1028.0000049591063,83580,83208,1.004470723968849
7,2026-02-03 03:44:18,81485.46211947814,1030.000005340576,82688,83090,0.9951618726681911
7,2026-02-03 03:44:18,81485.46211947814,1032.000005722046,82980,83730,0.9910426370476532
7,2026-02-03 03:44:18,81485.46211947814,1034.0000061035155,82756,83090,0.995980262366109
7,2026-02-03 03:44:18,81485.46211947814,1036.0000064849853,82870,82685,1.0022374070266675
7,2026-02-03 03:44:18,81485.46211947814,1038.000006866455,83608,83196,1.0049521611615944
7,2026-02-03 03:44:18,81485.46211947814,1040.0000072479247,82466,83610,0.9863174261451979
7,2026-02-03 03:44:18,81485.46211947814,1042.0000076293945,83254,83364,0.9986804855813061
7,2026-02-03 03:44:18,81485.46211947814,1044.0000080108641,82886,83162,0.9966811764988817
7,2026-02-03 03:44:18,81485.46211947814,1046.000008392334,83231,83710,0.9942778640544738
7,2026-02-03 03:44:18,81485.46211947814,1048.0000087738035,82719,82986,0.9967825898344299
7,2026-02-03 03:44:18,81485.46211947814,1050.0000091552733,83146,83235,0.99893073827116
7,2026-02-03 03:44:18,81485.46211947814,1052.0000095367432,82945,83532,0.9929727529569506
7,2026-02-03 03:44:18,81485.46211947814,1054.0000099182128,83488,83148,1.0040890941453793
7,2026-02-03 03:44:18,81485.46211947814,1056.0000102996826,82672,83281,0.9926874076920306
7,2026-02-03 03:44:18,81485.46211947814,1058.0000106811522,82729,83486,0.9909326114558129
7,2026-02-03 03:44:18,81485.46211947814,1060.000011062622,83232,83848,0.9926533727697738
7,2026-02-03 03:44:18,81485.46211947814,1062.0000114440918,83259,83092,1.0020098204399943
7,2026-02-03 03:44:18,81485.46211947814,1064.0000118255614,82991,82739,1.0030457220899456
7,2026-02-03 03:44:18,81485.46211947814,1066.0000122070312,82783,83505,0.991353811149033
7,2026-02-03 03:44:18,81485.46211947814,1068.0000125885008,82771,83379,0.992707996018182
7,2026-02-03 03:44:18,81485.46211947814,1070.0000129699706,82621,83200,0.9930408653846153
7,2026-02-03 03:44:18,81485.46211947814,1072.0000133514404,83105,82794,1.003756310843781
7,2026-02-03 03:44:18,81485.46211947814,1074.00001373291,82968,83063,0.9988562898041246
7,2026-02-03 03:44:18,81485.46211947814,1076.0000141143798,82669,83053,0.9953764463655738
7,2026-02-03 03:44:18,81485.46211947814,1078.0000144958494,82935,82575,1.0043596730245232
7,2026-02-03 03:44:18,81485.46211947814,1080.0000148773192,82939,83582,0.9923069560431672
7,2026-02-03 03:44:18,81485.46211947814,1082.000015258789,82543,83091,0.9934048212201081
7,2026-02-03 03:44:18,81485.46211947814,1084.0000156402587,82913,83083,0.9979538533755401
7,2026-02-03 03:44:18,81485.46211947814,1086.0000160217285,82624,83011,0.9953379672573515
7,2026-02-03 03:44:18,81485.46211947814,1088.000016403198,83017,83487,0.9943703810174039
7,2026-02-03 03:44:18,81485.46211947814,1090.0000167846679,83090,83228,0.998341904166867
7,2026-02-03 03:44:18,81485.46211947814,1092.0000171661377,82645,83027,0.9953990870439736
7,2026-02-03 03:44:18,81485.46211947814,1094.0000175476073,82537,83467,0.9888578719733547
7,2026-02-03 03:44:18,81485.46211947814,1096.000017929077,82997,83519,0.9937499251667286
7,2026-02-03 03:44:18,81485.46211947814,1098.0000183105467,83205,83539,0.9960018673912783
7,2026-02-03 03:44:18,81485.46211947814,1100.0000186920165,82599,83276,0.9918704068399059
7,2026-02-03 03:44:18,81485.46211947814,1102.0000190734863,83630,83907,0.9966987259704196
7,2026-02-03 03:44:18,81485.46211947814,1104.000019454956,83099,83214,0.9986180210060807
7,2026-02-03 03:44:18,81485.46211947814,1106.0000198364257,83049,83386,0.9959585541937496
7,2026-02-03 03:44:18,81485.46211947814,1108.0000202178953,83098,83198,0.9987980480300007
7,2026-02-03 03:44:18,81485.46211947814,1110.0000205993651,82393,83439,0.9874638957801508
7,2026-02-03 03:44:18,81485.46211947814,1112.000020980835,82803,83287,0.9941887689555393
7,2026-02-03 03:44:18,81485.46211947814,1114.0000213623046,83553,83275,1.003338336835785
7,2026-02-03 03:44:18,81485.46211947814,1116.0000217437744,83638,83402,1.002829668353277
7,2026-02-03 03:44:18,81485.46211947814,1118.000022125244,82732,83453,0.9913604064563287
7,2026-02-03 03:44:18,81485.46211947814,1120.0000225067138,82996,83403,0.9951200796134432
7,2026-02-03 03:44:18,81485.46211947814,1122.0000228881836,82614,83596,0.9882530264605962
7,2026-02-03 03:44:18,81485.46211947814,1124.0000232696532,83082,83254,0.997934033199606
7,2026-02-03 03:44:18,81485.46211947814,1126.000023651123,82994,83144,0.9981959010872703
7,2026-02-03 03:44:18,81485.46211947814,1128.0000240325926,82703,83061,0.995689914641047
7,2026-02-03 03:44:18,81485.46211947814,1130.0000244140624,82764,83486,0.9913518434228493
7,2026-02-03 03:44:18,81485.46211947814,1132.0000247955322,83022,83915,0.9893582792111065
7,2026-02-03 03:44:18,81485.46211947814,1134.0000251770018,82757,83401,0.9922782700447237
7,2026-02-03 03:44:18,81485.46211947814,1136.0000255584716,82790,82905,0.9986128701525843
7,2026-02-03 03:44:18,81485.46211947814,1138.0000259399412,82692,83731,0.9875912147233402
7,2026-02-03 03:44:18,81485.46211947814,1140.000026321411,83248,83271,0.9997237933974613
7,2026-02-03 03:44:18,81485.46211947814,1142.0000267028809,83544,82875,1.0080723981900452
7,2026-02-03 03:44:18,81485.46211947814,1144.0000270843504,83048,83160,0.9986531986531987
7,2026-02-03 03:44:18,81485.46211947814,1146.0000274658203,83506,83278,1.002737817911093
7,2026-02-03 03:44:18,81485.46211947814,1148.0000278472899,83191,83335,0.9982720345593088
7,2026-02-03 03:44:18,81485.46211947814,1150.0000282287597,83366,83327,1.0004680355707034
7,2026-02-03 03:44:18,81485.46211947814,1152.0000286102295,82402,83051,0.9921855245571998
7,2026-02-03 03:44:18,81485.46211947814,1154.000028991699,83236,82877,1.0043317205014661
7,2026-02-03 03:44:18,81485.46211947814,1156.000029373169,82927,83128,0.9975820421518622
7,2026-02-03 03:44:18,81485.46211947814,1158.0000297546385,82895,83433,0.9935517121522659
7,2026-02-03 03:44:18,81485.46211947814,1160.0000301361083,83254,83345,0.9989081528585998
7,2026-02-03 03:44:18,81485.46211947814,1162.0000305175781,83008,83062,0.9993498832197636
7,2026-02-03 03:44:18,81485.46211947814,1164.0000308990477,83423,83355,1.0008157878951474
7,2026-02-03 03:44:18,81485.46211947814,1166.0000312805175,82883,83259,0.9954839717027588
7,2026-02-03 03:44:18,81485.46211947814,1168.0000316619871,83441,84002,0.9933215875812481
7,2026-02-03 03:44:18,81485.46211947814,1170.000032043457,82927,83099,0.9979301796652186
7,2026-02-03 03:44:18,81485.46211947814,1172.0000324249268,83302,83599,0.9964473259249512
7,2026-02-03 03:44:18,81485.46211947814,1174.0000328063963,82957,83055,0.9988200589970502
7,2026-02-03 03:44:18,81485.46211947814,1176.0000331878662,82963,83510,0.9934498862411687
7,2026-02-03 03:44:18,81485.46211947814,1178.0000335693358,83016,83675,0.9921242904093218
7,2026-02-03 03:44:18,81485.46211947814,1180.0000339508056,82946,83637,0.9917381063404952
7,2026-02-03 03:44:18,81485.46211947814,1182.0000343322754,82708,82868,0.9980692185161945
7,2026-02-03 03:44:18,81485.46211947814,1184.000034713745,82478,83471,0.9881036527656312
7,2026-02-03 03:44:18,81485.46211947814,1186.0000350952148,82716,83280,0.9932276657060519
7,2026-02-03 03:44:18,81485.46211947814,1188.0000354766844,83369,83111,1.0031042822249763
7,2026-02-03 03:44:18,81485.46211947814,1190.0000358581542,83238,83309,0.9991477511433339
7,2026-02-03 03:44:18,81485.46211947814,1192.000036239624,83181,83180,1.000012022120702
7,2026-02-03 03:44:18,81485.46211947814,1194.0000366210936,82709,83310,0.9927859800744209
7,2026-02-03 03:44:18,81485.46211947814,1196.0000370025634,83157,83102,1.0006618372602345
7,2026-02-03 03:44:18,81485.46211947814,1198.000037384033,82747,83282,0.9935760428423909
7,2026-02-03 03:44:18,81485.46211947814,1200.0000377655028,83614,83208,1.0048793385251418
7,2026-02-03 03:44:18,81485.46211947814,1202.0000381469727,82966,83954,0.9882316506658408
7,2026-02-03 03:44:18,81485.46211947814,1204.0000385284422,82410,83536,0.9865207814594905
7,2026-02-03 03:44:18,81485.46211947814,1206.000038909912,83043,83682,0.9923639492363949
7,2026-02-03 03:44:18,81485.46211947814,1208.0000392913817,83485,83231,1.0030517475459864
7,2026-02-03 03:44:18,81485.46211947814,1210.0000396728515,82973,83485,0.9938671617655866
7,2026-02-03 03:44:18,81485.46211947814,1212.0000400543213,83227,83285,0.9993035960857297
7,2026-02-03 03:44:18,81485.46211947814,1214.0000404357909,83037,83440,0.9951701821668265
7,2026-02-03 03:44:18,81485.46211947814,1216.0000408172607,82768,83362,0.992874451188791
7,2026-02-03 03:44:18,81485.46211947814,1218.0000411987303,82482,83327,0.9898592293014269
7,2026-02-03 03:44:18,81485.46211947814,1220.0000415802,82309,82932,0.99248782134761
7,2026-02-03 03:44:18,81485.46211947814,1222.00004196167,83475,83420,1.0006593143131144
7,2026-02-03 03:44:18,81485.46211947814,1224.0000423431395,83096,82845,1.0030297543605529
7,2026-02-03 03:44:18,81485.46211947814,1226.0000427246093,82433,83824,0.9834057071960298
7,2026-02-03 03:44:18,81485.46211947814,1228.000043106079,83010,83890,0.9895100727142687
7,2026-02-03 03:44:18,81485.46211947814,1230.0000434875487,82763,83032,0.9967602851912516
7,2026-02-03 03:44:18,81485.46211947814,1232.0000438690186,83332,83673,0.9959246112844048
7,2026-02-03 03:44:18,81485.46211947814,1234.0000442504881,83444,83371,1.0008756042268894
7,2026-02-03 03:44:18,81485.46211947814,1236.000044631958,82654,83154,0.9939870601534502
7,2026-02-03 03:44:18,81485.46211947814,1238.0000450134276,82862,83365,0.9939662928087327
7,2026-02-03 03:44:18,81485.46211947814,1240.0000453948974,83055,83070,0.9998194293968942
7,2026-02-03 03:44:18,81485.46211947814,1242.0000457763672,83325,83292,1.0003961965134707
7,2026-02-03 03:44:18,81485.46211947814,1244.0000461578368,83098,82888,1.0025335392336647
7,2026-02-03 03:44:18,81485.46211947814,1246.0000465393066,82623,83475,0.9897933513027852
7,2026-02-03 03:44:18,81485.46211947814,1248.0000469207762,83325,83485,0.9980834880517458
7,2026-02-03 03:44:18,81485.46211947814,1250.000047302246,82626,83585,0.9885266495184543
7,2026-02-03 03:44:18,81485.46211947814,1252.0000476837158,82241,83039,0.990390057683739
7,2026-02-03 03:44:18,81485.46211947814,1254.0000480651854,82660,83605,0.9886968482746247
7,2026-02-03 03:44:18,81485.46211947814,1256.0000484466552,83295,83474,0.9978556197139229
7,2026-02-03 03:44:18,81485.46211947814,1258.0000488281248,83081,83351,0.9967606867344123
7,2026-02-03 03:44:18,81485.46211947814,1260.0000492095946,83342,83257,1.0010209351766217
7,2026-02-03 03:44:18,81485.46211947814,1262.0000495910645,82565,83293,0.9912597697285486
7,2026-02-03 03:44:18,81485.46211947814,1264.000049972534,82997,83605,0.992727707672986
7,2026-02-03 03:44:18,81485.46211947814,1266.0000503540039,83064,83343,0.9966523883229546
7,2026-02-03 03:44:18,81485.46211947814,1268.0000507354735,82905,82912,0.9999155731377847
7,2026-02-03 03:44:18,81485.46211947814,1270.0000511169433,83251,83404,0.9981655556088437
7,2026-02-03 03:44:18,81485.46211947814,1272.000051498413,83070,83282,0.9974544319300689
7,2026-02-03 03:44:18,81485.46211947814,1274.0000518798827,83023,83523,0.9940136249895238
7,2026-02-03 03:44:18,81485.46211947814,1276.0000522613525,82835,83705,0.9896063556537841
7,2026-02-03 03:44:18,81485.46211947814,1278.000052642822,82746,83339,0.9928844838550979
7,2026-02-03 03:44:18,81485.46211947814,1280.000053024292,82368,83116,0.9910005293806247
7,2026-02-03 03:44:18,81485.46211947814,1282.0000534057617,82711,83661,0.9886446492391915
7,2026-02-03 03:44:18,81485.46211947814,1284.0000537872313,82979,83260,0.9966250300264232
7,2026-02-03 03:44:18,81485.46211947814,1286.0000541687011,82726,83447,0.991359785252915
7,2026-02-03 03:44:18,81485.46211947814,1288.0000545501707,82740,83535,0.9904830310648232
7,2026-02-03 03:44:18,81485.46211947814,1290.0000549316405,82892,82927,0.9995779420454134
7,2026-02-03 03:44:18,81485.46211947814,1292.0000553131104,82999,83495,0.9940595245224265
7,2026-02-03 03:44:18,81485.46211947814,1294.00005569458,82708,82972,0.9968182037313793
7,2026-02-03 03:44:18,81485.46211947814,1296.0000560760498,82181,83362,0.9858328734915189
7,2026-02-03 03:44:18,81485.46211947814,1298.0000564575193,83268,82770,1.0060166727075026
7,2026-02-03 03:44:18,81485.46211947814,1300.0000568389892,83418,83157,1.0031386413651286
7,2026-02-03 03:44:18,81485.46211947814,1302.000057220459,82402,83483,0.987051255944324
7,2026-02-03 03:44:18,81485.46211947814,1304.0000576019286,82913,83651,0.9911776308711193
7,2026-02-03 03:44:18,81485.46211947814,1306.0000579833984,82996,83351,0.9957409029285791
7,2026-02-03 03:44:18,81485.46211947814,1308.000058364868,83039,82956,1.0010005304016587
7,2026-02-03 03:44:18,81485.46211947814,1310.0000587463378,82508,83907,0.9833267784571014
7,2026-02-03 03:44:18,81485.46211947814,1312.0000591278076,83024,83417,0.9952887301149645
7,2026-02-03 03:44:18,81485.46211947814,1314.0000595092772,82752,83030,0.9966518125978562
7,2026-02-03 03:44:18,81485.46211947814,1316.000059890747,83063,83555,0.9941116629764826
7,2026-02-03 03:44:18,81485.46211947814,1318.0000602722166,83117,83552,0.9947936614324013
7,2026-02-03 03:44:18,81485.46211947814,1320.0000606536864,83374,83384,0.9998800729156673
7,2026-02-03 03:44:18,81485.46211947814,1322.0000610351562,82619,82973,0.9957335518783219
7,2026-02-03 03:44:18,81485.46211947814,1324.0000614166258,82667,83234,0.9931878799529038
7,2026-02-03 03:44:18,81485.46211947814,1326.0000617980957,83513,83409,1.0012468678439976
7,2026-02-03 03:44:18,81485.46211947814,1328.0000621795652,82985,83260,0.9966970934422291
7,2026-02-03 03:44:18,81485.46211947814,1330.000062561035,83548,83871,0.9961488476350586
7,2026-02-03 03:44:18,81485.46211947814,1332.0000629425049,83428,83501,0.9991257589729464
7,2026-02-03 03:44:18,81485.46211947814,1334.0000633239745,83395,83556,0.9980731485470822
7,2026-02-03 03:44:18,81485.46211947814,1336.0000637054443,83299,83295,1.0000480220901615
7,2026-02-03 03:44:18,81485.46211947814,1338.0000640869139,82653,83497,0.9898918524018827
7,2026-02-03 03:44:18,81485.46211947814,1340.0000644683837,83044,83105,0.9992659888093376
7,2026-02-03 03:44:18,81485.46211947814,1342.0000648498535,82867,83333,0.9944079776319106
7,2026-02-03 03:44:18,81485.46211947814,1344.000065231323,83387,82943,1.0053530737976684
7,2026-02-03 03:44:18,81485.46211947814,1346.000065612793,82734,82997,0.9968312107666543
7,2026-02-03 03:44:18,81485.46211947814,1348.0000659942625,82660,84187,0.9818618076425101
7,2026-02-03 03:44:18,81485.46211947814,1350.0000663757323,82676,82702,0.9996856182438152
7,2026-02-03 03:44:18,81485.46211947814,1352.0000667572021,83076,83244,0.9979818365287588
7,2026-02-03 03:44:18,81485.46211947814,1354.0000671386717,82426,83281,0.9897335526710774
7,2026-02-03 03:44:18,81485.46211947814,1356.0000675201416,82547,83191,0.9922587779928117
7,2026-02-03 03:44:18,81485.46211947814,1358.0000679016111,82980,82902,1.0009408699428242
7,2026-02-03 03:44:18,81485.46211947814,1360.000068283081,82546,83752,0.9856003438723852
7,2026-02-03 03:44:18,81485.46211947814,1362.0000686645508,83073,83246,0.9979218220695288
7,2026-02-03 03:44:18,81485.46211947814,1364.0000690460204,83073,83530,0.994528911768227
7,2026-02-03 03:44:18,81485.46211947814,1366.0000694274902,82684,83622,0.9887828561861711
7,2026-02-03 03:44:18,81485.46211947814,1368.0000698089598,83148,83316,0.9979835805847617
7,2026-02-03 03:44:18,81485.46211947814,1370.0000701904296,83055,83312,0.9969152102938352
7,2026-02-03 03:44:18,81485.46211947814,1372.0000705718994,82456,83065,0.9926683922229579
7,2026-02-03 03:44:18,81485.46211947814,1374.000070953369,82988,83446,0.9945114205594037
7,2026-02-03 03:44:18,81485.46211947814,1376.0000713348388,83318,82988,1.003976478527016
7,2026-02-03 03:44:18,81485.46211947814,1378.0000717163084,82967,83483,0.993819100894793
7,2026-02-03 03:44:18,81485.46211947814,1380.0000720977782,82792,83468,0.9919010878420472
7,2026-02-03 03:44:18,81485.46211947814,1382.000072479248,83105,83567,0.9944715019086482
7,2026-02-03 03:44:18,81485.46211947814,1384.0000728607176,83152,83995,0.9899636883147807
7,2026-02-03 03:44:18,81485.46211947814,1386.0000732421875,83303,83554,0.9969959547119228
7,2026-02-03 03:44:18,81485.46211947814,1388.000073623657,83100,83557,0.9945306796558038
7,2026-02-03 03:44:18,81485.46211947814,1390.0000740051269,82883,83516,0.9924206140140811
7,2026-02-03 03:44:18,81485.46211947814,1392.0000743865967,83316,83522,0.9975335839659012
7,2026-02-03 03:44:18,81485.46211947814,1394.0000747680663,83215,83178,1.000444829161557
7,2026-02-03 03:44:18,81485.46211947814,1396.000075149536,82738,83863,0.9865852640616243
7,2026-02-03 03:44:18,81485.46211947814,1398.0000755310057,82402,82940,0.9935133831685555
7,2026-02-03 03:44:18,81485.46211947814,1400.0000759124755,83062,83464,0.9951835521901659
7,2026-02-03 03:44:18,81485.46211947814,1402.0000762939453,82597,83282,0.9917749333589491
7,2026-02-03 03:44:18,81485.46211947814,1404.000076675415,82843,83077,0.9971833359413557
7,2026-02-03 03:44:18,81485.46211947814,1406.0000770568847,83319,82877,1.005333204628546
7,2026-02-03 03:44:18,81485.46211947814,1408.0000774383543,82620,83690,0.9872147209941451
7,2026-02-03 03:44:18,81485.46211947814,1410.0000778198241,83214,83288,0.9991115166650658
7,2026-02-03 03:44:18,81485.46211947814,1412.000078201294,83536,83226,1.0037247975392305
7,2026-02-03 03:44:18,81485.46211947814,1414.0000785827635,82911,83384,0.9943274489110621
7,2026-02-03 03:44:18,81485.46211947814,1416.0000789642334,82771,83770,0.9880744896741077
7,2026-02-03 03:44:18,81485.46211947814,1418.000079345703,83093,82572,1.006309644915952
7,2026-02-03 03:44:18,81485.46211947814,1420.0000797271728,83025,83310,0.9965790421317969
7,2026-02-03 03:44:18,81485.46211947814,1422.0000801086426,83126,83475,0.9958191075172207
7,2026-02-03 03:44:18,81485.46211947814,1424.0000804901122,82978,83211,0.9971998894376946
7,2026-02-03 03:44:18,81485.46211947814,1426.000080871582,83438,82922,1.0062227153228336
7,2026-02-03 03:44:18,81485.46211947814,1428.0000812530516,82818,83286,0.9943808082991139
7,2026-02-03 03:44:18,81485.46211947814,1430.0000816345214,83555,83336,1.002627915906691
7,2026-02-03 03:44:18,81485.46211947814,1432.0000820159912,82945,83705,0.9909204945941102
7,2026-02-03 03:44:18,81485.46211947814,1434.0000823974608,82858,83514,0.9921450295758795
7,2026-02-03 03:44:18,81485.46211947814,1436.0000827789306,82978,83184,0.9975235622235045
7,2026-02-03 03:44:18,81485.46211947814,1438.0000831604002,82400,83539,0.9863656495768444
7,2026-02-03 03:44:18,81485.46211947814,1440.00008354187,83033,83288,0.996938334453943
7,2026-02-03 03:44:18,81485.46211947814,1442.0000839233398,83160,84245,0.987120897382634
7,2026-02-03 03:44:18,81485.46211947814,1444.0000843048094,82737,83489,0.9909928254021488
7,2026-02-03 03:44:18,81485.46211947814,1446.0000846862793,82720,83405,0.9917870631257119
7,2026-02-03 03:44:18,81485.46211947814,1448.0000850677488,83546,83645,0.9988164265646482
7,2026-02-03 03:44:18,81485.46211947814,1450.0000854492187,82857,83166,0.9962845393550249
7,2026-02-03 03:44:18,81485.46211947814,1452.0000858306885,82855,83896,0.9875917802994183
7,2026-02-03 03:44:18,81485.46211947814,1454.000086212158,82752,82886,0.9983833216707285
7,2026-02-03 03:44:18,81485.46211947814,1456.0000865936279,83196,83231,0.999579483605868
7,2026-02-03 03:44:18,81485.46211947814,1458.0000869750975,82185,82361,0.9978630662570876
7,2026-02-03 03:44:18,81485.46211947814,1460.0000873565673,83031,83311,0.9966390992786067
7,2026-02-03 03:44:18,81485.46211947814,1462.000087738037,82667,82971,0.9963360692290077
7,2026-02-03 03:44:18,81485.46211947814,1464.0000881195067,82723,82789,0.9992027926415346
7,2026-02-03 03:44:18,81485.46211947814,1466.0000885009765,82804,83380,0.99309186855361
7,2026-02-03 03:44:18,81485.46211947814,1468.000088882446,82954,82625,1.003981845688351
7,2026-02-03 03:44:18,81485.46211947814,1470.000089263916,82950,83466,0.9938178419955431
7,2026-02-03 03:44:18,81485.46211947814,1472.0000896453857,83059,83515,0.994539903011435
7,2026-02-03 03:44:18,81485.46211947814,1474.0000900268553,82901,83246,0.9958556567282512
7,2026-02-03 03:44:18,81485.46211947814,1476.0000904083251,83363,83360,1.0000359884836851
7,2026-02-03 03:44:18,81485.46211947814,1478.0000907897947,82529,83110,0.9930092648297437
7,2026-02-03 03:44:18,81485.46211947814,1480.0000911712646,83108,83637,0.9936750481246338
7,2026-02-03 03:44:18,81485.46211947814,1482.0000915527344,82797,83371,0.9931151119693898
7,2026-02-03 03:44:18,81485.46211947814,1484.000091934204,83120,83458,0.9959500587121666
7,2026-02-03 03:44:18,81485.46211947814,1486.0000923156738,83248,82934,1.0037861431982058
7,2026-02-03 03:44:18,81485.46211947814,1488.0000926971434,83613,83483,1.0015572032629398
7,2026-02-03 03:44:18,81485.46211947814,1490.0000930786132,82951,83430,0.9942586599544528
7,2026-02-03 03:44:18,81485.46211947814,1492.000093460083,83186,83353,0.9979964728324116
7,2026-02-03 03:44:18,81485.46211947814,1494.0000938415526,83236,83498,0.9968622002922226
7,2026-02-03 03:44:18,81485.46211947814,1496.0000942230224,83489,83342,1.0017638165630773
7,2026-02-03 03:44:18,81485.46211947814,1498.000094604492,82997,82914,1.0010010372192875
7,2026-02-03 03:44:18,81485.46211947814,1500.0000949859618,82979,83243,0.9968285621613829
7,2026-02-03 03:44:18,81485.46211947814,1502.0000953674316,82709,83528,0.9901949047026147
7,2026-02-03 03:44:18,81485.46211947814,1504.0000957489012,83698,83185,1.0061669772194506
7,2026-02-03 03:44:18,81485.46211947814,1506.000096130371,82908,83251,0.9958799293702177
7,2026-02-03 03:44:18,81485.46211947814,1508.0000965118406,82978,83671,0.9917175604450765
7,2026-02-03 03:44:18,81485.46211947814,1510.0000968933105,83090,82783,1.0037084908737302
7,2026-02-03 03:44:18,81485.46211947814,1512.0000972747803,83387,83441,0.9993528361357127
7,2026-02-03 03:44:18,81485.46211947814,1514.0000976562499,82969,83384,0.9950230260001919
7,2026-02-03 03:44:18,81485.46211947814,1516.0000980377195,82396,83693,0.9845028855459835
7,2026-02-03 03:44:18,81485.46211947814,1518.0000984191893,82950,82930,1.0002411672494875
7,2026-02-03 03:44:18,81485.46211947814,1520.000098800659,82858,82860,0.9999758629012793
7,2026-02-03 03:44:18,81485.46211947814,1522.000099182129,82886,83427,0.9935152888153715
7,2026-02-03 03:44:18,81485.46211947814,1524.0000995635985,82787,83237,0.994593750375434
7,2026-02-03 03:44:18,81485.46211947814,1526.000099945068,82431,83518,0.9869848415910343
7,2026-02-03 03:44:18,81485.46211947814,1528.000100326538,82318,83694,0.9835591559729491
7,2026-02-03 03:44:18,81485.46211947814,1530.0001007080077,83319,83578,0.9969010983751705
7,2026-02-03 03:44:18,81485.46211947814,1532.0001010894775,82928,83627,0.99164145551078
7,2026-02-03 03:44:18,81485.46211947814,1534.0001014709471,82899,83108,0.9974851999807479
7,2026-02-03 03:44:18,81485.46211947814,1536.0001018524167,83237,83013,1.0026983725440595
7,2026-02-03 03:44:18,81485.46211947814,1538.0001022338865,83251,83195,1.0006731173748422
7,2026-02-03 03:44:18,81485.46211947814,1540.0001026153564,83433,82878,1.0066965901686817
7,2026-02-03 03:44:18,81485.46211947814,1542.0001029968262,82568,83351,0.9906059915297957
7,2026-02-03 03:44:18,81485.46211947814,1544.0001033782958,83088,83753,0.9920599859109525
7,2026-02-03 03:44:18,81485.46211947814,1546.0001037597654,83335,82902,1.0052230344261899
7,2026-02-03 03:44:18,81485.46211947814,1548.0001041412352,83199,84013,0.990311023294014
7,2026-02-03 03:44:18,81485.46211947814,1550.000104522705,83582,83094,1.0058728668736612
7,2026-02-03 03:44:18,81485.46211947814,1552.0001049041748,82985,83569,0.9930117627349855
7,2026-02-03 03:44:18,81485.46211947814,1554.0001052856444,83033,82994,1.000469913487722
7,2026-02-03 03:44:18,81485.46211947814,1556.000105667114,82911,83878,0.9884713512482415
7,2026-02-03 03:44:18,81485.46211947814,1558.0001060485838,83015,83596,0.9930499066941002
7,2026-02-03 03:44:18,81485.46211947814,1560.0001064300536,82954,82907,1.000566900261739
7,2026-02-03 03:44:18,81485.46211947814,1562.0001068115234,83073,83911,0.9900132283014146
7,2026-02-03 03:44:18,81485.46211947814,1564.000107192993,83093,83080,1.0001564756860857
7,2026-02-03 03:44:18,81485.46211947814,1566.0001075744626,83519,82940,1.0069809500843983
7,2026-02-03 03:44:18,81485.46211947814,1568.0001079559324,82693,83875,0.9859076005961251
7,2026-02-03 03:44:18,81485.46211947814,1570.0001083374023,83267,83580,0.9962550849485523
7,2026-02-03 03:44:18,81485.46211947814,1572.000108718872,82696,83493,0.9904542895811624
7,2026-02-03 03:44:18,81485.46211947814,1574.0001091003417,82627,83214,0.9929458985266902
7,2026-02-03 03:44:18,81485.46211947814,1576.0001094818113,82755,83033,0.9966519335685812
7,2026-02-03 03:44:18,81485.46211947814,1578.000109863281,82466,83517,0.9874157357184765
7,2026-02-03 03:44:18,81485.46211947814,1580.0001102447509,82659,83100,0.9946931407942238
7,2026-02-03 03:44:18,81485.46211947814,1582.0001106262207,82648,82652,0.9999516043168949
7,2026-02-03 03:44:18,81485.46211947814,1584.0001110076903,82870,82677,1.0023343856211522
7,2026-02-03 03:44:18,81485.46211947814,1586.0001113891599,82665,82974,0.996275941861306
7,2026-02-03 03:44:18,81485.46211947814,1588.0001117706297,82907,83166,0.9968857465791309
7,2026-02-03 03:44:18,81485.46211947814,1590.0001121520995,83215,83290,0.9990995317565133
7,2026-02-03 03:44:18,81485.46211947814,1592.0001125335693,82711,83461,0.9910137669090953
7,2026-02-03 03:44:18,81485.46211947814,1594.000112915039,83013,83674,0.9921002939981356
7,2026-02-03 03:44:18,81485.46211947814,1596.0001132965085,83348,83090,1.0031050667950414
7,2026-02-03 03:44:18,81485.46211947814,1598.0001136779783,83076,82968,1.0013017066820944
7,2026-02-03 03:44:18,81485.46211947814,1600.0001140594482,83403,83524,0.998551314592213
7,2026-02-03 03:44:18,81485.46211947814,1602.000114440918,82604,83527,0.9889496809414919
7,2026-02-03 03:44:18,81485.46211947814,1604.0001148223876,83244,83973,0.9913186381336858
7,2026-02-03 03:44:18,81485.46211947814,1606.0001152038571,83341,83377,0.9995682262494453
7,2026-02-03 03:44:18,81485.46211947814,1608.000115585327,83409,83828,0.9950016700863673
7,2026-02-03 03:44:18,81485.46211947814,1610.0001159667968,82963,83503,0.9935331664730609
7,2026-02-03 03:44:18,81485.46211947814,1612.0001163482666,83157,83883,0.9913450878008655
7,2026-02-03 03:44:18,81485.46211947814,1614.0001167297362,83288,83611,0.996136871942687
7,2026-02-03 03:44:18,81485.46211947814,1616.0001171112058,83122,83491,0.9955803619551808
7,2026-02-03 03:44:18,81485.46211947814,1618.0001174926756,82710,83568,0.9897329121194716
7,2026-02-03 03:44:18,81485.46211947814,1620.0001178741454,82825,83718,0.9893332377744333
7,2026-02-03 03:44:18,81485.46211947814,1622.0001182556152,82741,83788,0.9875041772091468
7,2026-02-03 03:44:18,81485.46211947814,1624.0001186370848,83008,83355,0.9958370823585868
7,2026-02-03 03:44:18,81485.46211947814,1626.0001190185544,83438,82883,1.0066961861901718
7,2026-02-03 03:44:18,81485.46211947814,1628.0001194000242,82522,83408,0.9893775177441013
7,2026-02-03 03:44:18,81485.46211947814,1630.000119781494,83101,83454,0.9957701248592039
7,2026-02-03 03:44:18,81485.46211947814,1632.0001201629639,83132,83457,0.9961057790239285
7,2026-02-03 03:44:18,81485.46211947814,1634.0001205444335,82691,82749,0.9992990851853195
7,2026-02-03 03:44:18,81485.46211947814,1636.000120925903,82607,83448,0.9899218675103059
7,2026-02-03 03:44:18,81485.46211947814,1638.0001213073729,82718,83477,0.9909076751680104
7,2026-02-03 03:44:18,81485.46211947814,1640.0001216888427,82573,83490,0.9890166487004431
7,2026-02-03 03:44:18,81485.46211947814,1642.0001220703125,82574,83053,0.9942325984612236
7,2026-02-03 03:44:18,81485.46211947814,1644.000122451782,82785,83574,0.9905592648431331
7,2026-02-03 03:44:18,81485.46211947814,1646.0001228332517,83286,83151,1.0016235523325034
7,2026-02-03 03:44:18,81485.46211947814,1648.0001232147215,83290,82956,1.00402623077294
7,2026-02-03 03:44:18,81485.46211947814,1650.0001235961913,82866,83340,0.9943124550035997
7,2026-02-03 03:44:18,81485.46211947814,1652.0001239776611,83156,83294,0.9983432179988955
7,2026-02-03 03:44:18,81485.46211947814,1654.0001243591307,83405,83762,0.9957379241183353
7,2026-02-03 03:44:18,81485.46211947814,1656.0001247406003,83012,82969,1.0005182658583327
7,2026-02-03 03:44:18,81485.46211947814,1658.0001251220701,82804,83737,0.988857971983711
7,2026-02-03 03:44:18,81485.46211947814,1660.00012550354,82901,83479,0.9930761029720049
7,2026-02-03 03:44:18,81485.46211947814,1662.0001258850098,83127,83751,0.9925493426944156
7,2026-02-03 03:44:18,81485.46211947814,1664.0001262664794,82563,83382,0.990177736202058
7,2026-02-03 03:44:18,81485.46211947814,1666.000126647949,83170,83397,0.9972780795472259
7,2026-02-03 03:44:18,81485.46211947814,1668.0001270294188,82850,83345,0.9940608314835923
7,2026-02-03 03:44:18,81485.46211947814,1670.0001274108886,83280,83435,0.9981422664349494
7,2026-02-03 03:44:18,81485.46211947814,1672.0001277923584,82476,83141,0.992001539553289
7,2026-02-03 03:44:18,81485.46211947814,1674.000128173828,82820,83128,0.9962948705610625
7,2026-02-03 03:44:18,81485.46211947814,1676.0001285552976,82879,83199,0.9961537999254799
7,2026-02-03 03:44:18,81485.46211947814,1678.0001289367674,82587,83687,0.9868557840524813
7,2026-02-03 03:44:18,81485.46211947814,1680.0001293182372,82861,83292,0.9948254334149739
7,2026-02-03 03:44:18,81485.46211947814,1682.000129699707,82822,83393,0.9931529025217944
7,2026-02-03 03:44:18,81485.46211947814,1684.0001300811766,82950,83083,0.9983991911702755
7,2026-02-03 03:44:18,81485.46211947814,1686.0001304626462,82894,82893,1.0000120637448278
7,2026-02-03 03:44:18,81485.46211947814,1688.000130844116,83014,83834,0.9902187656559391
7,2026-02-03 03:44:18,81485.46211947814,1690.0001312255858,83393,83034,1.0043235301201918
7,2026-02-03 03:44:18,81485.46211947814,1692.0001316070557,83108,82759,1.0042170640051233
7,2026-02-03 03:44:18,81485.46211947814,1694.0001319885253,82974,82897,1.0009288635294402
7,2026-02-03 03:44:18,81485.46211947814,1696.0001323699948,82139,83187,0.9874018776972363
7,2026-02-03 03:44:18,81485.46211947814,1698.0001327514647,83184,83565,0.9954406749237121
7,2026-02-03 03:44:18,81485.46211947814,1700.0001331329345,82788,83546,0.9909271539032389
7,2026-02-03 03:44:18,81485.46211947814,1702.0001335144043,82973,83602,0.9924762565488864
7,2026-02-03 03:44:18,81485.46211947814,1704.000133895874,83500,83465,1.000419337446834
7,2026-02-03 03:44:18,81485.46211947814,1706.0001342773435,83137,83692,0.9933685417961096
7,2026-02-03 03:44:18,81485.46211947814,1708.0001346588133,82975,83592,0.9926189109005646
7,2026-02-03 03:44:18,81485.46211947814,1710.000135040283,82916,83577,0.992091125548895
7,2026-02-03 03:44:18,81485.46211947814,1712.000135421753,83422,83275,1.0017652356649656
7,2026-02-03 03:44:18,81485.46211947814,1714.0001358032225,82881,83822,0.9887738302593592
7,2026-02-03 03:44:18,81485.46211947814,1716.000136184692,83461,83387,1.0008874284960485
7,2026-02-03 03:44:18,81485.46211947814,1718.000136566162,82626,83980,0.9838771135984758
7,2026-02-03 03:44:18,81485.46211947814,1720.0001369476317,83524,83306,1.002616858329532
7,2026-02-03 03:44:18,81485.46211947814,1722.0001373291016,82790,83606,0.9902399349328995
7,2026-02-03 03:44:18,81485.46211947814,1724.0001377105712,83122,83072,1.0006018875192604
7,2026-02-03 03:44:18,81485.46211947814,1726.0001380920407,82966,83463,0.9940452655667781
7,2026-02-03 03:44:18,81485.46211947814,1728.0001384735106,83144,83431,0.9965600316429145
7,2026-02-03 03:44:18,81485.46211947814,1730.0001388549804,82997,83533,0.9935833742353322
7,2026-02-03 03:44:18,81485.46211947814,1732.0001392364502,83084,83289,0.9975386905833904
7,2026-02-03 03:44:18,81485.46211947814,1734.0001396179198,82970,83556,0.992986739432237
7,2026-02-03 03:44:18,81485.46211947814,1736.0001399993894,83007,83562,0.9933582250305163
7,2026-02-03 03:44:18,81485.46211947814,1738.0001403808592,82947,83254,0.9963124894899945
7,2026-02-03 03:44:18,81485.46211947814,1740.000140762329,82688,83093,0.9951259432202472
7,2026-02-03 03:44:18,81485.46211947814,1742.0001411437988,83246,83249,0.9999639635310935
7,2026-02-03 03:44:18,81485.46211947814,1744.0001415252684,83006,82932,1.0008922973038152
7,2026-02-03 03:44:18,81485.46211947814,1746.000141906738,82847,83216,0.995565756585272
7,2026-02-03 03:44:18,81485.46211947814,1748.0001422882078,82716,83104,0.995331151328456
7,2026-02-03 03:44:18,81485.46211947814,1750.0001426696776,82587,83088,0.993970248411323
7,2026-02-03 03:44:18,81485.46211947814,1752.0001430511475,83241,83412,0.9979499352611135
7,2026-02-03 03:44:18,81485.46211947814,1754.000143432617,82727,82988,0.9968549669831783
7,2026-02-03 03:44:18,81485.46211947814,1756.0001438140866,82783,82969,0.9977581988453519
7,2026-02-03 03:44:18,81485.46211947814,1758.0001441955565,82709,83354,0.9922619190440771
7,2026-02-03 03:44:18,81485.46211947814,1760.0001445770263,82568,83120,0.9933589990375361
7,2026-02-03 03:44:18,81485.46211947814,1762.000144958496,83163,83435,0.9967399772277821
7,2026-02-03 03:44:18,81485.46211947814,1764.0001453399657,83083,83576,0.9941011773714942
7,2026-02-03 03:44:18,81485.46211947814,1766.0001457214353,83273,83045,1.002745499428021
7,2026-02-03 03:44:18,81485.46211947814,1768.000146102905,83071,83586,0.9938386811188477
7,2026-02-03 03:44:18,81485.46211947814,1770.000146484375,83390,83636,0.9970586828638386
7,2026-02-03 03:44:18,81485.46211947814,1772.0001468658447,83040,83441,0.9951942090818662
7,2026-02-03 03:44:18,81485.46211947814,1774.0001472473143,82576,83086,0.9938617817682883
7,2026-02-03 03:44:18,81485.46211947814,1776.000147628784,83462,83590,0.9984687163536308
7,2026-02-03 03:44:18,81485.46211947814,1778.0001480102537,83209,83618,0.9951087086512473
7,2026-02-03 03:44:18,81485.46211947814,1780.0001483917235,82630,83841,0.9855559928913061
7,2026-02-03 03:44:18,81485.46211947814,1782.0001487731934,82411,83447,0.9875849341498196
7,2026-02-03 03:44:18,81485.46211947814,1784.000149154663,82984,83323,0.9959314955054427
7,2026-02-03 03:44:18,81485.46211947814,1786.0001495361325,83387,83419,0.9996163943466116
7,2026-02-03 03:44:18,81485.46211947814,1788.0001499176024,82975,83070,0.9988563861803298
7,2026-02-03 03:44:18,81485.46211947814,1790.0001502990722,82625,83474,0.9898291683638019
7,2026-02-03 03:44:18,81485.46211947814,1792.000150680542,82690,83155,0.9944080331910288
7,2026-02-03 03:44:18,81485.46211947814,1794.0001510620116,83389,83247,1.001705767174793
7,2026-02-03 03:44:18,81485.46211947814,1796.0001514434812,83036,83390,0.9957548866770596
7,2026-02-03 03:44:18,81485.46211947814,1798.000151824951,83183,83583,0.99521433784382
7,2026-02-03 03:44:18,81485.46211947814,1800.0001522064208,83105,83169,0.9992304825115127
7,2026-02-03 03:44:18,81485.46211947814,1802.0001525878906,82792,83438,0.9922577242982814
7,2026-02-03 03:44:18,81485.46211947814,1804.0001529693602,83130,83275,0.9982587811468028
7,2026-02-03 03:44:18,81485.46211947814,1806.0001533508298,82908,83627,0.9914022983007881
7,2026-02-03 03:44:18,81485.46211947814,1808.0001537322996,83162,83394,0.997218025277598
7,2026-02-03 03:44:18,81485.46211947814,1810.0001541137694,83284,83166,1.0014188490488902
7,2026-02-03 03:44:18,81485.46211947814,1812.0001544952393,83185,83620,0.9947978952403731
7,2026-02-03 03:44:18,81485.46211947814,1814.0001548767088,83158,83425,0.9967995205274198
7,2026-02-03 03:44:18,81485.46211947814,1816.0001552581784,82959,83537,0.993080910255336
7,2026-02-03 03:44:18,81485.46211947814,1818.0001556396483,83057,83251,0.9976696976612893
7,2026-02-03 03:44:18,81485.46211947814,1820.000156021118,82681,83367,0.9917713243849485
7,2026-02-03 03:44:18,81485.46211947814,1822.000156402588,82937,83002,0.9992168863400882
7,2026-02-03 03:44:18,81485.46211947814,1824.0001567840575,83347,84100,0.9910463733650416
7,2026-02-03 03:44:18,81485.46211947814,1826.000157165527,82913,82959,0.9994455092274497
7,2026-02-03 03:44:18,81485.46211947814,1828.000157546997,82763,83544,0.9906516326726037
7,2026-02-03 03:44:18,81485.46211947814,1830.0001579284667,83829,83311,1.0062176663345777
7,2026-02-03 03:44:18,81485.46211947814,1832.0001583099365,83221,83245,0.9997116943960598
7,2026-02-03 03:44:18,81485.46211947814,1834.000158691406,82791,83397,0.9927335515666031
7,2026-02-03 03:44:18,81485.46211947814,1836.0001590728757,83067,83059,1.0000963170758135
7,2026-02-03 03:44:18,81485.46211947814,1838.0001594543455,82960,82571,1.004711097116421
7,2026-02-03 03:44:18,81485.46211947814,1840.0001598358153,82892,83460,0.9931943445962138
7,2026-02-03 03:44:18,81485.46211947814,1842.0001602172852,82988,83875,0.989424739195231
7,2026-02-03 03:44:18,81485.46211947814,1844.0001605987547,82621,83340,0.9913726901847852
7,2026-02-03 03:44:18,81485.46211947814,1846.0001609802243,82296,83495,0.9856398586741721
7,2026-02-03 03:44:18,81485.46211947814,1848.0001613616942,82811,83343,0.9936167404581069
7,2026-02-03 03:44:18,81485.46211947814,1850.000161743164,82748,83505,0.990934674570385
7,2026-02-03 03:44:18,81485.46211947814,1852.0001621246338,83257,83258,0.9999879891421846
7,2026-02-03 03:44:18,81485.46211947814,1854.0001625061034,83049,82334,1.0086841402093911
7,2026-02-03 03:44:18,81485.46211947814,1856.000162887573,83213,83737,0.9937423122395118
7,2026-02-03 03:44:18,81485.46211947814,1858.0001632690428,82870,83236,0.9956028641453217
7,2026-02-03 03:44:18,81485.46211947814,1860.0001636505126,82717,83178,0.9944576690951934
7,2026-02-03 03:44:18,81485.46211947814,1862.0001640319824,82794,82718,1.0009187843032956
7,2026-02-03 03:44:18,81485.46211947814,1864.000164413452,83208,83143,1.0007817855983066
7,2026-02-03 03:44:18,81485.46211947814,1866.0001647949216,82978,83272,0.9964694014794889
7,2026-02-03 03:44:18,81485.46211947814,1868.0001651763914,83183,83704,0.9937756857497849
7,2026-02-03 03:44:18,81485.46211947814,1870.0001655578612,82989,82964,1.0003013355190202
7,2026-02-03 03:44:18,81485.46211947814,1872.000165939331,83219,83847,0.9925101673285865
7,2026-02-03 03:44:18,81485.46211947814,1874.0001663208006,83371,83868,0.9940740210807459
7,2026-02-03 03:44:18,81485.46211947814,1876.0001667022702,83195,83532,0.9959656179667672
7,2026-02-03 03:44:18,81485.46211947814,1878.00016708374,83223,82922,1.003629917271653
7,2026-02-03 03:44:18,81485.46211947814,1880.0001674652099,82850,83926,0.9871791816600338
7,2026-02-03 03:44:18,81485.46211947814,1882.0001678466797,82906,83152,0.9970415624398692
7,2026-02-03 03:44:18,81485.46211947814,1884.0001682281493,82829,83820,0.9881770460510618
7,2026-02-03 03:44:18,81485.46211947814,1886.0001686096189,83444,83744,0.9964176538020635
7,2026-02-03 03:44:18,81485.46211947814,1888.0001689910887,83218,83374,0.9981289130904119
7,2026-02-03 03:44:18,81485.46211947814,1890.0001693725585,82790,83472,0.9918295955529998
7,2026-02-03 03:44:18,81485.46211947814,1892.0001697540283,82429,83192,0.9908284450427925
7,2026-02-03 03:44:18,81485.46211947814,1894.000170135498,83013,82941,1.0008680869533766
7,2026-02-03 03:44:18,81485.46211947814,1896.0001705169675,83401,83428,0.9996763676463537
7,2026-02-03 03:44:18,81485.46211947814,1898.0001708984373,82810,83654,0.9899108231525091
7,2026-02-03 03:44:18,81485.46211947814,1900.0001712799071,82906,83547,0.9923276718493782
7,2026-02-03 03:44:18,81485.46211947814,1902.000171661377,82713,83248,0.9935734191812416
7,2026-02-03 03:44:18,81485.46211947814,1904.0001720428465,83041,83059,0.9997832865794194
7,2026-02-03 03:44:18,81485.46211947814,1906.0001724243161,83134,83242,0.998702578025516
7,2026-02-03 03:44:18,81485.46211947814,1908.000172805786,82931,83197,0.996802769330625
7,2026-02-03 03:44:18,81485.46211947814,1910.0001731872558,82577,83556,0.9882833070036862
7,2026-02-03 03:44:18,81485.46211947814,1912.0001735687256,82522,83067,0.9934390311435347
7,2026-02-03 03:44:18,81485.46211947814,1914.0001739501952,82359,82798,0.9946979395637576
7,2026-02-03 03:44:18,81485.46211947814,1916.0001743316648,83099,83067,1.0003852311989117
7,2026-02-03 03:44:18,81485.46211947814,1918.0001747131346,82653,83102,0.9945970012755408
7,2026-02-03 03:44:18,81485.46211947814,1920.0001750946044,83326,83424,0.99882527809743
7,2026-02-03 03:44:18,81485.46211947814,1922.0001754760742,83638,83194,1.0053369233358176
7,2026-02-03 03:44:18,81485.46211947814,1924.0001758575438,82686,83489,0.990381966486603
7,2026-02-03 03:44:18,81485.46211947814,1926.0001762390134,83422,82967,1.0054841081393808
7,2026-02-03 03:44:18,81485.46211947814,1928.0001766204832,83150,82991,1.001915870395585
7,2026-02-03 03:44:18,81485.46211947814,1930.000177001953,82873,83140,0.9967885494346885
7,2026-02-03 03:44:18,81485.46211947814,1932.0001773834229,82714,83834,0.9866402652861608
7,2026-02-03 03:44:18,81485.46211947814,1934.0001777648924,83118,83554,0.994781817746607
7,2026-02-03 03:44:18,81485.46211947814,1936.000178146362,82911,82961,0.9993973071684286
7,2026-02-03 03:44:18,81485.46211947814,1938.0001785278318,82971,83070,0.9988082340195016
7,2026-02-03 03:44:18,81485.46211947814,1940.0001789093017,83318,83719,0.9952101673455249
7,2026-02-03 03:44:18,81485.46211947814,1942.0001792907715,82847,83467,0.9925719146489032
7,2026-02-03 03:44:18,81485.46211947814,1944.000179672241,82807,83530,0.9913444271519215
7,2026-02-03 03:44:18,81485.46211947814,1946.0001800537107,83389,83376,1.0001559201688734
7,2026-02-03 03:44:18,81485.46211947814,1948.0001804351805,82422,83610,0.9857911733046286
7,2026-02-03 03:44:18,81485.46211947814,1950.0001808166503,83375,83419,0.9994725422265911
7,2026-02-03 03:44:18,81485.46211947814,1952.0001811981201,83210,83319,0.9986917749852975
7,2026-02-03 03:44:18,81485.46211947814,1954.0001815795897,83187,83294,0.9987153936658103
7,2026-02-03 03:44:18,81485.46211947814,1956.0001819610593,82398,83427,0.987665863569348
7,2026-02-03 03:44:18,81485.46211947814,1958.0001823425291,82670,83339,0.9919725458668811
7,2026-02-03 03:44:18,81485.46211947814,1960.000182723999,82923,83083,0.9980742149416848
7,2026-02-03 03:44:18,81485.46211947814,1962.0001831054688,83059,83130,0.9991459160351257
7,2026-02-03 03:44:18,81485.46211947814,1964.0001834869383,82813,83109,0.9964384122056577
7,2026-02-03 03:44:18,81485.46211947814,1966.000183868408,82581,83038,0.9944964955803367
7,2026-02-03 03:44:18,81485.46211947814,1968.0001842498777,83282,83381,0.9988126791475276
7,2026-02-03 03:44:18,81485.46211947814,1970.0001846313476,82392,83191,0.990395595677417
7,2026-02-03 03:44:18,81485.46211947814,1972.0001850128174,82610,83203,0.9928728531423145
7,2026-02-03 03:44:18,81485.46211947814,1974.000185394287,83059,83423,0.99563669491627
7,2026-02-03 03:44:18,81485.46211947814,1976.0001857757566,83165,83420,0.9969431790937425
7,2026-02-03 03:44:18,81485.46211947814,1978.0001861572264,83171,83557,0.9953803990090597
7,2026-02-03 03:44:18,81485.46211947814,1980.0001865386962,82710,83724,0.987888777411495
7,2026-02-03 03:44:18,81485.46211947814,1982.000186920166,83087,82679,1.0049347476384571
7,2026-02-03 03:44:18,81485.46211947814,1984.0001873016356,82776,83586,0.9903093819539157
7,2026-02-03 03:44:18,81485.46211947814,1986.0001876831052,82969,83654,0.9918115093121668
7,2026-02-03 03:44:18,81485.46211947814,1988.000188064575,83037,83486,0.9946218527657332
7,2026-02-03 03:44:18,81485.46211947814,1990.0001884460448,82546,84088,0.9816620683093902
7,2026-02-03 03:44:18,81485.46211947814,1992.0001888275146,82963,83389,0.9948914125364257
7,2026-02-03 03:44:18,81485.46211947814,1994.0001892089842,83238,83309,0.9991477511433339
7,2026-02-03 03:44:18,81485.46211947814,1996.0001895904538,82997,83492,0.9940712882671394
7,2026-02-03 03:44:18,81485.46211947814,1998.0001899719236,82697,83919,0.9854383393510409
7,2026-02-03 03:44:18,81485.46211947814,2000.0001903533935,82800,83113,0.9962340428091875
7,2026-02-03 03:44:18,81485.46211947814,2002.0001907348633,82795,84069,0.984845781441435
7,2026-02-03 03:44:18,81485.46211947814,2004.0001911163329,82940,83450,0.9938885560215698
7,2026-02-03 03:44:18,81485.46211947814,2006.0001914978025,82775,83611,0.9900013156163663
7,2026-02-03 03:44:18,81485.46211947814,2008.0001918792723,83344,83187,1.001887314123601
7,2026-02-03 03:44:18,81485.46211947814,2010.000192260742,82922,83200,0.9966586538461538
7,2026-02-03 03:44:18,81485.46211947814,2012.000192642212,83348,82998,1.0042169690835925
7,2026-02-03 03:44:18,81485.46211947814,2014.0001930236815,82912,84158,0.9851945150787804
7,2026-02-03 03:44:18,81485.46211947814,2016.000193405151,83222,83245,0.9997237071295574
7,2026-02-03 03:44:18,81485.46211947814,2018.000193786621,83088,82804,1.0034297860006762
7,2026-02-03 03:44:18,81485.46211947814,2020.0001941680907,82999,83753,0.9909973374088092
7,2026-02-03 03:44:18,81485.46211947814,2022.0001945495605,82528,83252,0.9913035122279344
7,2026-02-03 03:44:18,81485.46211947814,2024.0001949310301,82234,83179,0.9886389593527213
7,2026-02-03 03:44:18,81485.46211947814,2026.0001953125,82898,82908,0.9998793843778646
7,2026-02-03 03:44:18,81485.46211947814,2028.0001956939695,82951,83180,0.997246934359221
7,2026-02-03 03:44:18,81485.46211947814,2030.0001960754394,82647,83506,0.9897133140133643
7,2026-02-03 03:44:18,81485.46211947814,2032.000196456909,83347,82910,1.0052707755397419
7,2026-02-03 03:44:18,81485.46211947814,2034.0001968383788,83060,83742,0.9918559384777054
7,2026-02-03 03:44:18,81485.46211947814,2036.0001972198486,82845,83175,0.9960324616771866
7,2026-02-03 03:44:18,81485.46211947814,2038.0001976013182,83007,83162,0.9981361679613285
7,2026-02-03 03:44:18,81485.46211947814,2040.000197982788,82876,83039,0.9980370669203628
7,2026-02-03 03:44:18,81485.46211947814,2042.0001983642576,83215,83446,0.9972317426838914
7,2026-02-03 03:44:18,81485.46211947814,2044.0001987457274,82880,83033,0.9981573591222767
7,2026-02-03 03:44:18,81485.46211947814,2046.0001991271972,82788,83480,0.9917105893627216
7,2026-02-03 03:44:18,81485.46211947814,2048.000199508667,83057,83454,0.9952428882977449
7,2026-02-03 03:44:18,81485.46211947814,2050.0001998901366,82373,83348,0.9883020588376445
7,2026-02-03 03:44:18,81485.46211947814,2052.0002002716064,83207,83632,0.994918213124163
7,2026-02-03 03:44:18,81485.46211947814,2054.000200653076,82650,83319,0.9919706189464588
7,2026-02-03 03:44:18,81485.46211947814,2056.000201034546,83211,83483,0.9967418516344645
7,2026-02-03 03:44:18,81485.46211947814,2058.0002014160154,82967,83944,0.988361288478033
7,2026-02-03 03:44:18,81485.46211947814,2060.0002017974853,83240,82939,1.0036291732478086
7,2026-02-03 03:44:18,81485.46211947814,2062.000202178955,82871,83245,0.9955072376719323
7,2026-02-03 03:44:18,81485.46211947814,2064.0002025604244,82933,83504,0.9931620042153669
7,2026-02-03 03:44:18,81485.46211947814,2066.0002029418947,83115,83846,0.9912816353791475
7,2026-02-03 03:44:18,81485.46211947814,2068.000203323364,83477,83579,0.9987795977458452
7,2026-02-03 03:44:18,81485.46211947814,2070.000203704834,83412,83084,1.0039478118530645
7,2026-02-03 03:44:18,81485.46211947814,2072.0002040863037,82836,82772,1.0007732083313197
7,2026-02-03 03:44:18,81485.46211947814,2074.000204467773,82600,83539,0.9887597409593124
7,2026-02-03 03:44:18,81485.46211947814,2076.0002048492433,82918,83218,0.9963950106948016
7,2026-02-03 03:44:18,81485.46211947814,2078.0002052307127,83265,83438,0.9979266041851435
7,2026-02-03 03:44:18,81485.46211947814,2080.0002056121825,82890,83393,0.9939683186838224
7,2026-02-03 03:44:18,81485.46211947814,2082.0002059936523,82883,83339,0.9945283720706992
7,2026-02-03 03:44:18,81485.46211947814,2084.0002063751217,83004,83327,0.9961237054016105
7,2026-02-03 03:44:18,81485.46211947814,2086.000206756592,82528,83245,0.9913868700822872
7,2026-02-03 03:44:18,81485.46211947814,2088.0002071380613,82632,83687,0.987393501977607
7,2026-02-03 03:44:18,81485.46211947814,2090.000207519531,82517,83040,0.99370183044316
7,2026-02-03 03:44:18,81485.46211947814,2092.000207901001,83012,83799,0.9906084798147949
7,2026-02-03 03:44:18,81485.46211947814,2094.0002082824703,83174,83772,0.9928615766604594
7,2026-02-03 03:44:18,81485.46211947814,2096.0002086639406,83031,83284,0.996962201623361
7,2026-02-03 03:44:18,81485.46211947814,2098.00020904541,82979,83238,0.9968884403757899
7,2026-02-03 03:44:18,81485.46211947814,2100.00020942688,83143,83313,0.9979595021185169
7,2026-02-03 03:44:18,81485.46211947814,2102.0002098083496,83004,83857,0.989827921342285
7,2026-02-03 03:44:18,81485.46211947814,2104.000210189819,82805,83300,0.9940576230492197
7,2026-02-03 03:44:18,81485.46211947814,2106.0002105712892,82653,82961,0.9962874121575198
7,2026-02-03 03:44:18,81485.46211947814,2108.0002109527586,83185,83182,1.0000360654949387
7,2026-02-03 03:44:18,81485.46211947814,2110.0002113342284,82723,83341,0.9925846822092368
7,2026-02-03 03:44:18,81485.46211947814,2112.0002117156982,83292,83423,0.9984296896539324
7,2026-02-03 03:44:18,81485.46211947814,2114.0002120971676,83113,84079,0.9885108053140499
7,2026-02-03 03:44:18,81485.46211947814,2116.000212478638,83251,83658,0.9951349542183653
7,2026-02-03 03:44:18,81485.46211947814,2118.0002128601072,83452,83436,1.0001917637470636
7,2026-02-03 03:44:18,81485.46211947814,2120.000213241577,83247,83358,0.99866839415533
7,2026-02-03 03:44:18,81485.46211947814,2122.000213623047,83243,83176,1.0008055208233144
7,2026-02-03 03:44:18,81485.46211947814,2124.0002140045162,82644,82727,0.9989966999891209
7,2026-02-03 03:44:18,81485.46211947814,2126.0002143859865,82550,83221,0.9919371312529289
7,2026-02-03 03:44:18,81485.46211947814,2128.000214767456,82924,83292,0.9955818085770543
7,2026-02-03 03:44:18,81485.46211947814,2130.0002151489257,83243,82849,1.004755639778392
7,2026-02-03 03:44:18,81485.46211947814,2132.0002155303955,82750,83233,0.9941970132038975
7,2026-02-03 03:44:18,81485.46211947814,2134.000215911865,82695,83498,0.990383003185705
7,2026-02-03 03:44:18,81485.46211947814,2136.000216293335,83270,83419,0.9982138361764107
7,2026-02-03 03:44:18,81485.46211947814,2138.0002166748045,83160,83302,0.9982953590550047
7,2026-02-03 03:44:18,81485.46211947814,2140.0002170562743,83475,83388,1.0010433155849763
7,2026-02-03 03:44:18,81485.46211947814,2142.000217437744,82743,83260,0.9937905356713909
7,2026-02-03 03:44:18,81485.46211947814,2144.0002178192135,82863,83376,0.9938471502590673
7,2026-02-03 03:44:18,81485.46211947814,2146.000218200684,83113,83660,0.9934616304087975
7,2026-02-03 03:44:18,81485.46211947814,2148.000218582153,82620,83707,0.9870142282007478
7,2026-02-03 03:44:18,81485.46211947814,2150.000218963623,83195,83603,0.9951197923519491
7,2026-02-03 03:44:18,81485.46211947814,2152.000219345093,83009,83275,0.9968057640348243
7,2026-02-03 03:44:18,81485.46211947814,2154.000219726562,82995,83915,0.9890365250551153
7,2026-02-03 03:44:18,81485.46211947814,2156.0002201080324,83161,83853,0.991747462821843
7,2026-02-03 03:44:18,81485.46211947814,2158.0002204895018,83208,83429,0.9973510410049263
7,2026-02-03 03:44:18,81485.46211947814,2160.0002208709716,83111,83714,0.9927969037436988
7,2026-02-03 03:44:18,81485.46211947814,2162.0002212524414,83554,83485,1.0008264957776847
7,2026-02-03 03:44:18,81485.46211947814,2164.0002216339108,83696,82707,1.011957875391442
7,2026-02-03 03:44:18,81485.46211947814,2166.000222015381,82782,83006,0.9973013998988025
7,2026-02-03 03:44:18,81485.46211947814,2168.0002223968504,83308,83282,1.0003121923104632
7,2026-02-03 03:44:18,81485.46211947814,2170.00022277832,82602,83393,0.990514791409351
7,2026-02-03 03:44:18,81485.46211947814,2172.00022315979,83049,82840,1.0025229357798164
7,2026-02-03 03:44:18,81485.46211947814,2174.0002235412594,83241,83722,0.9942547956331669
7,2026-02-03 03:44:18,81485.46211947814,2176.0002239227297,83039,83404,0.9956237110929932
7,2026-02-03 03:44:18,81485.46211947814,2178.000224304199,82751,83332,0.9930278884462151
7,2026-02-03 03:44:18,81485.46211947814,2180.000224685669,83122,83516,0.9952823411082906
7,2026-02-03 03:44:18,81485.46211947814,2182.0002250671387,83149,83318,0.9979716267793274
7,2026-02-03 03:44:18,81485.46211947814,2184.000225448608,83030,83106,0.9990855052583447
7,2026-02-03 03:44:18,81485.46211947814,2186.0002258300783,82948,83032,0.9989883418441083
7,2026-02-03 03:44:18,81485.46211947814,2188.0002262115477,83120,83143,0.999723368172907
7,2026-02-03 03:44:18,81485.46211947814,2190.0002265930175,83171,83432,0.9968717039025794
7,2026-02-03 03:44:18,81485.46211947814,2192.0002269744873,83087,82962,1.0015067139172151
7,2026-02-03 03:44:18,81485.46211947814,2194.0002273559567,82957,83678,0.9913836372762256
7,2026-02-03 03:44:18,81485.46211947814,2196.000227737427,82878,82849,1.0003500343999323
7,2026-02-03 03:44:18,81485.46211947814,2198.0002281188963,82306,83530,0.9853465820663235
7,2026-02-03 03:44:18,81485.46211947814,2200.000228500366,83359,83249,1.0013213371932395
7,2026-02-03 03:44:18,81485.46211947814,2202.000228881836,83270,83661,0.9953263766868672
7,2026-02-03 03:44:18,81485.46211947814,2204.0002292633053,83054,83677,0.9925547043990582
7,2026-02-03 03:44:18,81485.46211947814,2206.0002296447756,82705,83510,0.990360435875943
7,2026-02-03 03:44:18,81485.46211947814,2208.000230026245,82773,83055,0.9966046595629402
7,2026-02-03 03:44:18,81485.46211947814,2210.0002304077148,82828,83014,0.9977594140747343
7,2026-02-03 03:44:18,81485.46211947814,2212.0002307891846,82931,83438,0.9939236319183106
7,2026-02-03 03:44:18,81485.46211947814,2214.000231170654,82838,83375,0.993559220389805
7,2026-02-03 03:44:18,81485.46211947814,2216.000231552124,83172,83289,0.9985952526744228
7,2026-02-03 03:44:18,81485.46211947814,2218.0002319335936,83273,83798,0.9937349340079715
7,2026-02-03 03:44:18,81485.46211947814,2220.0002323150634,82879,83097,0.9973765599239444
7,2026-02-03 03:44:18,81485.46211947814,2222.000232696533,83301,83212,1.001069557275393
7,2026-02-03 03:44:18,81485.46211947814,2224.0002330780026,82863,83295,0.9948136142625608
7,2026-02-03 03:44:18,81485.46211947814,2226.000233459473,83381,83519,0.9983476813659168
7,2026-02-03 03:44:18,81485.46211947814,2228.000233840942,82681,83323,0.9922950445855286
7,2026-02-03 03:44:18,81485.46211947814,2230.000234222412,83055,82871,1.002220318326073
7,2026-02-03 03:44:18,81485.46211947814,2232.000234603882,82846,83773,0.9889343821995153
7,2026-02-03 03:44:18,81485.46211947814,2234.000234985351,83120,83363,0.9970850377265693
7,2026-02-03 03:44:18,81485.46211947814,2236.0002353668215,82968,83878,0.9891509096544981
7,2026-02-03 03:44:18,81485.46211947814,2238.000235748291,83203,83411,0.9975063241059333
7,2026-02-03 03:44:18,81485.46211947814,2240.0002361297607,83098,83387,0.9965342319546212
7,2026-02-03 03:44:18,81485.46211947814,2242.0002365112305,83021,83520,0.9940253831417625
7,2026-02-03 03:44:18,81485.46211947814,2244.0002368927,83067,83389,0.9961385794289415
7,2026-02-03 03:44:18,81485.46211947814,2246.00023727417,83278,83403,0.9985012529525317
7,2026-02-03 03:44:18,81485.46211947814,2248.0002376556395,83440,83259,1.0021739391537252
7,2026-02-03 03:44:18,81485.46211947814,2250.0002380371093,83392,83155,1.0028500992123144
7,2026-02-03 03:44:18,81485.46211947814,2252.000238418579,83054,83362,0.9963052709867806
7,2026-02-03 03:44:18,81485.46211947814,2254.0002388000485,82940,83913,0.9884046572044856
7,2026-02-03 03:44:18,81485.46211947814,2256.0002391815187,83392,83728,0.9959870055417542
7,2026-02-03 03:44:18,81485.46211947814,2258.000239562988,82582,82780,0.9976081179028751
7,2026-02-03 03:44:18,81485.46211947814,2260.000239944458,82680,83500,0.9901796407185629
7,2026-02-03 03:44:18,81485.46211947814,2262.0002403259277,82876,83573,0.9916599858806073
7,2026-02-03 03:44:18,81485.46211947814,2264.000240707397,83080,83569,0.9941485479065204
7,2026-02-03 03:44:18,81485.46211947814,2266.0002410888674,82991,83933,0.9887767624176427
7,2026-02-03 03:44:18,81485.46211947814,2268.0002414703367,82895,83586,0.9917330653458714
7,2026-02-03 03:44:18,81485.46211947814,2270.0002418518065,83245,83301,0.9993277391627952
7,2026-02-03 03:44:18,81485.46211947814,2272.0002422332764,83129,83467,0.9959504954053698
7,2026-02-03 03:44:18,81485.46211947814,2274.0002426147457,83385,83439,0.9993528206234494
7,2026-02-03 03:44:18,81485.46211947814,2276.000242996216,82985,83285,0.9963979107882572
7,2026-02-03 03:44:18,81485.46211947814,2278.0002433776854,82483,83341,0.9897049471448627
7,2026-02-03 03:44:18,81485.46211947814,2280.000243759155,82904,83309,0.995138580465496
7,2026-02-03 03:44:18,81485.46211947814,2282.000244140625,83373,82881,1.0059362218119956
7,2026-02-03 03:44:18,81485.46211947814,2284.0002445220944,83266,83149,1.001407112532923
7,2026-02-03 03:44:18,81485.46211947814,2286.0002449035646,83355,83267,1.0010568412456315
7,2026-02-03 03:44:18,81485.46211947814,2288.000245285034,83062,83221,0.9980894245442857
7,2026-02-03 03:44:18,81485.46211947814,2290.000245666504,83116,83275,0.9980906634644251
7,2026-02-03 03:44:18,81485.46211947814,2292.0002460479736,82373,83382,0.9878990669449041
7,2026-02-03 03:44:18,81485.46211947814,2294.000246429443,82990,83337,0.9958361832079389
7,2026-02-03 03:44:18,81485.46211947814,2296.0002468109133,82653,83027,0.9954954412420056
7,2026-02-03 03:44:18,81485.46211947814,2298.0002471923826,82509,82900,0.9952834740651387
7,2026-02-03 03:44:18,81485.46211947814,2300.0002475738524,83054,84042,0.9882439732514695
7,2026-02-03 03:44:18,81485.46211947814,2302.0002479553223,82145,83685,0.9815976578837307
7,2026-02-03 03:44:18,81485.46211947814,2304.0002483367916,81911,83644,0.9792812395389986
7,2026-02-03 03:44:18,81485.46211947814,2306.000248718262,81872,82610,0.9910664568454183
7,2026-02-03 03:44:18,81485.46211947814,2308.0002490997313,82192,82653,0.9944224650042951
7,2026-02-03 03:44:18,81485.46211947814,2310.000249481201,82576,83407,0.9900368074622035
7,2026-02-03 03:44:18,81485.46211947814,2312.000249862671,82671,82832,0.998056306741356
7,2026-02-03 03:44:18,81485.46211947814,2314.0002502441403,83027,83504,0.9942876987928722
7,2026-02-03 03:44:18,81485.46211947814,2316.0002506256105,82950,82688,1.0031685371517027
7,2026-02-03 03:44:18,81485.46211947814,2318.00025100708,82905,83210,0.9963345751712535
7,2026-02-03 03:44:18,81485.46211947814,2320.0002513885497,82792,83563,0.9907734284312435
7,2026-02-03 03:44:18,81485.46211947814,2322.0002517700195,82869,83175,0.9963210099188458
7,2026-02-03 03:44:18,81485.46211947814,2324.000252151489,83110,83464,0.9957586504361162
7,2026-02-03 03:44:18,81485.46211947814,2326.000252532959,82933,83592,0.9921164704756436
7,2026-02-03 03:44:18,81485.46211947814,2328.0002529144285,82945,83234,0.996527861210563
7,2026-02-03 03:44:18,81485.46211947814,2330.0002532958983,82769,83361,0.9928983577452286
7,2026-02-03 03:44:18,81485.46211947814,2332.000253677368,82545,83632,0.9870025827434474
7,2026-02-03 03:44:18,81485.46211947814,2334.0002540588375,82868,83330,0.9944557782311293
7,2026-02-03 03:44:18,81485.46211947814,2336.000254440308,82415,83226,0.9902554490183356
7,2026-02-03 03:44:18,81485.46211947814,2338.000254821777,83176,83138,1.0004570713753038
7,2026-02-03 03:44:18,81485.46211947814,2340.000255203247,83042,83317,0.9966993530732023
7,2026-02-03 03:44:18,81485.46211947814,2342.000255584717,83320,83568,0.9970323568830174
7,2026-02-03 03:44:18,81485.46211947814,2344.000255966186,82181,82763,0.9929678721167672
7,2026-02-03 03:44:18,81485.46211947814,2346.0002563476564,83516,83921,0.9951740327212497
7,2026-02-03 03:44:18,81485.46211947814,2348.000256729126,82524,83552,0.9876962849482956
7,2026-02-03 03:44:18,81485.46211947814,2350.0002571105956,83164,82993,1.0020604147337728
7,2026-02-03 03:44:18,81485.46211947814,2352.0002574920654,83469,83840,0.9955749045801526
7,2026-02-03 03:44:18,81485.46211947814,2354.000257873535,83986,83416,1.0068332214443272
7,2026-02-03 03:44:18,81485.46211947814,2356.000258255005,83249,83503,0.9969581931188101
7,2026-02-03 03:44:18,81485.46211947814,2358.0002586364744,82987,83373,0.9953702037829993
7,2026-02-03 03:44:18,81485.46211947814,2360.0002590179442,82748,83519,0.9907685676313174
7,2026-02-03 03:44:18,81485.46211947814,2362.000259399414,83117,83794,0.9919206625772728
7,2026-02-03 03:44:18,81485.46211947814,2364.0002597808834,83097,83186,0.9989301084317073
7,2026-02-03 03:44:18,81485.46211947814,2366.0002601623537,82965,83079,0.9986278120824758
7,2026-02-03 03:44:18,81485.46211947814,2368.000260543823,83119,83267,0.9982225851778015
7,2026-02-03 03:44:18,81485.46211947814,2370.000260925293,83086,83405,0.9961752892512439
7,2026-02-03 03:44:18,81485.46211947814,2372.0002613067627,83409,83673,0.9968448603492166
7,2026-02-03 03:44:18,81485.46211947814,2374.000261688232,82715,82846,0.9984187528667648
7,2026-02-03 03:44:18,81485.46211947814,2376.0002620697023,83043,83298,0.9969387020096521
7,2026-02-03 03:44:18,81485.46211947814,2378.0002624511717,83178,83628,0.9946190271201033
7,2026-02-03 03:44:18,81485.46211947814,2380.0002628326415,83202,83787,0.9930180099538114
7,2026-02-03 03:44:18,81485.46211947814,2382.0002632141113,82664,83032,0.9955679737932364
7,2026-02-03 03:44:18,81485.46211947814,2384.0002635955807,82643,83078,0.9947639567635235
7,2026-02-03 03:44:18,81485.46211947814,2386.000263977051,83023,83622,0.9928368132788022
7,2026-02-03 03:44:18,81485.46211947814,2388.0002643585203,83127,82812,1.0038037965512245
7,2026-02-03 03:44:18,81485.46211947814,2390.00026473999,82412,83330,0.9889835593423737
7,2026-02-03 03:44:18,81485.46211947814,2392.00026512146,83252,82694,1.0067477688828694
7,2026-02-03 03:44:18,81485.46211947814,2394.0002655029293,82828,83753,0.9889556195001971
7,2026-02-03 03:44:18,81485.46211947814,2396.0002658843996,83242,83390,0.9982252068593357
7,2026-02-03 03:44:18,81485.46211947814,2398.000266265869,82832,83637,0.9903750732331384
7,2026-02-03 03:44:18,81485.46211947814,2400.000266647339,82665,82772,0.9987072923210748
7,2026-02-03 03:44:18,81485.46211947814,2402.0002670288086,82980,83173,0.99767953542616
7,2026-02-03 03:44:18,81485.46211947814,2404.000267410278,82457,83142,0.9917610834475957
7,2026-02-03 03:44:18,81485.46211947814,2406.0002677917482,83120,83045,1.000903124811849
7,2026-02-03 03:44:18,81485.46211947814,2408.0002681732176,83029,82802,1.002741479674404
7,2026-02-03 03:44:18,81485.46211947814,2410.0002685546874,83108,83263,0.9981384288339359
7,2026-02-03 03:44:18,81485.46211947814,2412.000268936157,83042,83319,0.9966754281736458
7,2026-02-03 03:44:18,81485.46211947814,2414.0002693176266,82903,83439,0.9935761454475724
7,2026-02-03 03:44:18,81485.46211947814,2416.000269699097,82810,83474,0.9920454273186861
7,2026-02-03 03:44:18,81485.46211947814,2418.000270080566,82969,83145,0.9978832160683144
7,2026-02-03 03:44:18,81485.46211947814,2420.000270462036,83030,82898,1.0015923182706459
7,2026-02-03 03:44:18,81485.46211947814,2422.000270843506,82872,82682,1.002297960862098
7,2026-02-03 03:44:18,81485.46211947814,2424.000271224975,83023,83251,0.9972612941586287
7,2026-02-03 03:44:18,81485.46211947814,2426.0002716064455,83102,83939,0.9900284730578158
7,2026-02-03 03:44:18,81485.46211947814,2428.000271987915,82574,83377,0.9903690466195714
7,2026-02-03 03:44:18,81485.46211947814,2430.0002723693847,83246,83104,1.001708702348864
7,2026-02-03 03:44:18,81485.46211947814,2432.0002727508545,82994,83540,0.9934642087622696
7,2026-02-03 03:44:18,81485.46211947814,2434.000273132324,82931,83793,0.9897127445013306
7,2026-02-03 03:44:18,81485.46211947814,2436.000273513794,83050,82816,1.002825540958269
7,2026-02-03 03:44:18,81485.46211947814,2438.0002738952635,82952,83340,0.995344372450204
7,2026-02-03 03:44:18,81485.46211947814,2440.0002742767333,83284,83753,0.9944002005898296
7,2026-02-03 03:44:18,81485.46211947814,2442.000274658203,83099,83708,0.9927247097051656
7,2026-02-03 03:44:18,81485.46211947814,2444.0002750396725,82432,82394,1.0004611986309684
7,2026-02-03 03:44:18,81485.46211947814,2446.0002754211428,83141,83501,0.995688674387133
7,2026-02-03 03:44:18,81485.46211947814,2448.000275802612,82841,83731,0.9893707229102722
7,2026-02-03 03:44:18,81485.46211947814,2450.000276184082,83020,83605,0.9930028108366724
7,2026-02-03 03:44:18,81485.46211947814,2452.0002765655518,82891,84009,0.9866919020581129
7,2026-02-03 03:44:18,81485.46211947814,2454.000276947021,83000,83374,0.9955141890757311
7,2026-02-03 03:44:18,81485.46211947814,2456.0002773284914,82942,83441,0.9940197265133448
7,2026-02-03 03:44:18,81485.46211947814,2458.0002777099608,83127,83636,0.9939141039743651
7,2026-02-03 03:44:18,81485.46211947814,2460.0002780914306,83315,83104,1.0025389872930304
7,2026-02-03 03:44:18,81485.46211947814,2462.0002784729004,83228,82800,1.0051690821256039
7,2026-02-03 03:44:18,81485.46211947814,2464.0002788543698,82465,83379,0.9890380071720697
7,2026-02-03 03:44:18,81485.46211947814,2466.00027923584,83267,83474,0.9975201859261567
7,2026-02-03 03:44:18,81485.46211947814,2468.0002796173094,83596,83338,1.0030958266337084
7,2026-02-03 03:44:18,81485.46211947814,2470.000279998779,83148,83704,0.9933575456370066
7,2026-02-03 03:44:18,81485.46211947814,2472.000280380249,83200,83324,0.9985118333253324
7,2026-02-03 03:44:18,81485.46211947814,2474.0002807617184,83806,83231,1.0069084836178828
7,2026-02-03 03:44:18,81485.46211947814,2476.0002811431887,83006,83114,0.9987005799263662
7,2026-02-03 03:44:18,81485.46211947814,2478.000281524658,83124,83628,0.9939733103745158
7,2026-02-03 03:44:18,81485.46211947814,2480.000281906128,83418,83508,0.9989222589452508
7,2026-02-03 03:44:18,81485.46211947814,2482.0002822875977,82618,83274,0.9921223911424935
7,2026-02-03 03:44:18,81485.46211947814,2484.000282669067,83292,83894,0.9928242782558944
7,2026-02-03 03:44:18,81485.46211947814,2486.0002830505373,83194,83158,1.0004329108444165
7,2026-02-03 03:44:18,81485.46211947814,2488.0002834320067,82547,83553,0.9879597381302886
7,2026-02-03 03:44:18,81485.46211947814,2490.0002838134765,83590,83521,1.0008261395337699
7,2026-02-03 03:44:18,81485.46211947814,2492.0002841949463,82563,83480,0.9890153330138955
7,2026-02-03 03:44:18,81485.46211947814,2494.0002845764157,82762,83681,0.9890178176647029
7,2026-02-03 03:44:18,81485.46211947814,2496.000284957886,83180,83504,0.9961199463498754
7,2026-02-03 03:44:18,81485.46211947814,2498.0002853393553,83307,83395,0.998944780862162
7,2026-02-03 03:44:18,81485.46211947814,2500.000285720825,82690,83397,0.9915224768277037
8,2026-02-03 04:16:13,78246.35019455252,999.9999996185302,81576,81519,1.0006992234939094
8,2026-02-03 04:16:13,78246.35019455252,1001.9999999999999,81356,81780,0.9948153582783077
8,2026-02-03 04:16:13,78246.35019455252,1004.0000003814696,81361,81807,0.9945481438018752
8,2026-02-03 04:16:13,78246.35019455252,1006.0000007629394,81997,81832,1.0020163261315866
8,2026-02-03 04:16:13,78246.35019455252,1008.0000011444091,81796,81128,1.008233901982053
8,2026-02-03 04:16:13,78246.35019455252,1010.0000015258788,81107,81628,0.9936173861910129
8,2026-02-03 04:16:13,78246.35019455252,1012.0000019073485,82029,81764,1.0032410351744043
8,2026-02-03 04:16:13,78246.35019455252,1014.0000022888182,81385,82115,0.991110028618401
8,2026-02-03 04:16:13,78246.35019455252,1016.000002670288,81873,82051,0.9978306175427478
8,2026-02-03 04:16:13,78246.35019455252,1018.0000030517577,81897,81764,1.0016266327479086
8,2026-02-03 04:16:13,78246.35019455252,1020.0000034332274,81652,81599,1.000649517763698
8,2026-02-03 04:16:13,78246.35019455252,1022.0000038146972,81822,82328,0.9938538528811582
8,2026-02-03 04:16:13,78246.35019455252,1024.0000041961669,81901,81970,0.999158228620227
8,2026-02-03 04:16:13,78246.35019455252,1026.0000045776367,81552,82289,0.9910437604054004
8,2026-02-03 04:16:13,78246.35019455252,1028.0000049591063,81201,81858,0.9919739060323975
8,2026-02-03 04:16:13,78246.35019455252,1030.000005340576,81165,82107,0.9885271657714932
8,2026-02-03 04:16:13,78246.35019455252,1032.000005722046,81814,81878,0.9992183492513251
8,2026-02-03 04:16:13,78246.35019455252,1034.0000061035155,81334,81908,0.9929921375201446
8,2026-02-03 04:16:13,78246.35019455252,1036.0000064849853,81905,81911,0.9999267497649889
8,2026-02-03 04:16:13,78246.35019455252,1038.000006866455,81381,82013,0.9922939046248765
8,2026-02-03 04:16:13,78246.35019455252,1040.0000072479247,81405,82354,0.9884765767297278
8,2026-02-03 04:16:13,78246.35019455252,1042.0000076293945,81550,82265,0.9913085759435969
8,2026-02-03 04:16:13,78246.35019455252,1044.0000080108641,81633,81766,0.9983734070396008
8,2026-02-03 04:16:13,78246.35019455252,1046.000008392334,81263,81869,0.9925979308407333
8,2026-02-03 04:16:13,78246.35019455252,1048.0000087738035,80940,82079,0.9861231252817407
8,2026-02-03 04:16:13,78246.35019455252,1050.0000091552733,81917,81696,1.002705150802977
8,2026-02-03 04:16:13,78246.35019455252,1052.0000095367432,81498,81747,0.9969540166611619
8,2026-02-03 04:16:13,78246.35019455252,1054.0000099182128,81500,81706,0.9974787653293515
8,2026-02-03 04:16:13,78246.35019455252,1056.0000102996826,81802,81580,1.0027212552096103
8,2026-02-03 04:16:13,78246.35019455252,1058.0000106811522,81697,81624,1.000894344800549
8,2026-02-03 04:16:13,78246.35019455252,1060.000011062622,81468,81806,0.9958682737207539
8,2026-02-03 04:16:13,78246.35019455252,1062.0000114440918,81449,81847,0.9951372683177148
8,2026-02-03 04:16:13,78246.35019455252,1064.0000118255614,81375,82270,0.9891211863376687
8,2026-02-03 04:16:13,78246.35019455252,1066.0000122070312,81360,81842,0.9941106033576892
8,2026-02-03 04:16:13,78246.35019455252,1068.0000125885008,81172,82005,0.9898420827998293
8,2026-02-03 04:16:13,78246.35019455252,1070.0000129699706,81393,82333,0.9885829497285414
8,2026-02-03 04:16:13,78246.35019455252,1072.0000133514404,81523,81552,0.9996443986658818
8,2026-02-03 04:16:13,78246.35019455252,1074.00001373291,82288,82086,1.0024608337597154
8,2026-02-03 04:16:13,78246.35019455252,1076.0000141143798,81263,81656,0.9951871264818262
8,2026-02-03 04:16:13,78246.35019455252,1078.0000144958494,81529,81538,0.9998896220167284
8,2026-02-03 04:16:13,78246.35019455252,1080.0000148773192,81821,82158,0.9958981474719443
8,2026-02-03 04:16:13,78246.35019455252,1082.000015258789,81764,82362,0.9927393700978606
8,2026-02-03 04:16:13,78246.35019455252,1084.0000156402587,81449,81414,1.000429901491144
8,2026-02-03 04:16:13,78246.35019455252,1086.0000160217285,81264,81997,0.9910606485603132
8,2026-02-03 04:16:13,78246.35019455252,1088.000016403198,81868,81871,0.999963356988433
8,2026-02-03 04:16:13,78246.35019455252,1090.0000167846679,82026,82339,0.9961986421987151
8,2026-02-03 04:16:13,78246.35019455252,1092.0000171661377,81931,81814,1.0014300730926247
8,2026-02-03 04:16:13,78246.35019455252,1094.0000175476073,81675,82242,0.9931057124097177
8,2026-02-03 04:16:13,78246.35019455252,1096.000017929077,81589,81969,0.9953641010625969
8,2026-02-03 04:16:13,78246.35019455252,1098.0000183105467,81355,82373,0.9876415815861994
8,2026-02-03 04:16:13,78246.35019455252,1100.0000186920165,81225,82160,0.9886197663096398
8,2026-02-03 04:16:13,78246.35019455252,1102.0000190734863,81873,81630,1.0029768467475193
8,2026-02-03 04:16:13,78246.35019455252,1104.000019454956,81505,81937,0.994727656614228
8,2026-02-03 04:16:13,78246.35019455252,1106.0000198364257,81573,81897,0.9960438111286127
8,2026-02-03 04:16:13,78246.35019455252,1108.0000202178953,81870,82193,0.9960702249583298
8,2026-02-03 04:16:13,78246.35019455252,1110.0000205993651,81703,81584,1.0014586193371249
8,2026-02-03 04:16:13,78246.35019455252,1112.000020980835,81051,81365,0.9961408468014502
8,2026-02-03 04:16:13,78246.35019455252,1114.0000213623046,81315,81838,0.9936093257410983
8,2026-02-03 04:16:13,78246.35019455252,1116.0000217437744,81281,82207,0.9887357524298417
8,2026-02-03 04:16:13,78246.35019455252,1118.000022125244,81638,82080,0.9946150097465887
8,2026-02-03 04:16:13,78246.35019455252,1120.0000225067138,81526,81595,0.9991543599485263
8,2026-02-03 04:16:13,78246.35019455252,1122.0000228881836,81925,81673,1.0030854750039793
8,2026-02-03 04:16:13,78246.35019455252,1124.0000232696532,81611,81717,0.9987028402902701
8,2026-02-03 04:16:13,78246.35019455252,1126.000023651123,81350,82045,0.991529038942044
8,2026-02-03 04:16:13,78246.35019455252,1128.0000240325926,81520,81842,0.9960655897949708
8,2026-02-03 04:16:13,78246.35019455252,1130.0000244140624,81919,81689,1.002815556562083
8,2026-02-03 04:16:13,78246.35019455252,1132.0000247955322,81925,81766,1.001944573539124
8,2026-02-03 04:16:13,78246.35019455252,1134.0000251770018,81550,82223,0.9918149422910865
8,2026-02-03 04:16:13,78246.35019455252,1136.0000255584716,81081,82203,0.9863508631071859
8,2026-02-03 04:16:13,78246.35019455252,1138.0000259399412,81253,81896,0.9921485786851617
8,2026-02-03 04:16:13,78246.35019455252,1140.000026321411,81360,82119,0.9907573156029664
8,2026-02-03 04:16:13,78246.35019455252,1142.0000267028809,81393,81682,0.9964618887882275
8,2026-02-03 04:16:13,78246.35019455252,1144.0000270843504,81719,82116,0.99516537580983
8,2026-02-03 04:16:13,78246.35019455252,1146.0000274658203,81306,81724,0.9948852234349762
8,2026-02-03 04:16:13,78246.35019455252,1148.0000278472899,81975,81668,1.0037591223000442
8,2026-02-03 04:16:13,78246.35019455252,1150.0000282287597,81625,82054,0.9947717356862554
8,2026-02-03 04:16:13,78246.35019455252,1152.0000286102295,81775,81715,1.000734259315915
8,2026-02-03 04:16:13,78246.35019455252,1154.000028991699,81488,81938,0.9945080426664064
8,2026-02-03 04:16:13,78246.35019455252,1156.000029373169,82038,82034,1.0000487602701318
8,2026-02-03 04:16:13,78246.35019455252,1158.0000297546385,81966,81835,1.0016007820614652
8,2026-02-03 04:16:13,78246.35019455252,1160.0000301361083,81773,81811,0.9995355147840755
8,2026-02-03 04:16:13,78246.35019455252,1162.0000305175781,81539,82294,0.990825576591246
8,2026-02-03 04:16:13,78246.35019455252,1164.0000308990477,81576,81982,0.9950476933961113
8,2026-02-03 04:16:13,78246.35019455252,1166.0000312805175,81642,82092,0.9945183452711592
8,2026-02-03 04:16:13,78246.35019455252,1168.0000316619871,81247,82244,0.9878775351393415
8,2026-02-03 04:16:13,78246.35019455252,1170.000032043457,81715,82009,0.9964150276189199
8,2026-02-03 04:16:13,78246.35019455252,1172.0000324249268,80745,81770,0.9874648404060169
8,2026-02-03 04:16:13,78246.35019455252,1174.0000328063963,81318,81833,0.9937066953429545
8,2026-02-03 04:16:13,78246.35019455252,1176.0000331878662,81845,82004,0.998061070191698
8,2026-02-03 04:16:13,78246.35019455252,1178.0000335693358,81327,82054,0.9911399809881297
8,2026-02-03 04:16:13,78246.35019455252,1180.0000339508056,81785,82333,0.9933441026077029
8,2026-02-03 04:16:13,78246.35019455252,1182.0000343322754,80984,82151,0.9857944516804421
8,2026-02-03 04:16:13,78246.35019455252,1184.000034713745,81901,81514,1.0047476507103075
8,2026-02-03 04:16:13,78246.35019455252,1186.0000350952148,81510,81944,0.9947037000878649
8,2026-02-03 04:16:13,78246.35019455252,1188.0000354766844,80961,81812,0.9895981029677798
8,2026-02-03 04:16:13,78246.35019455252,1190.0000358581542,81533,82434,0.9890700439139191
8,2026-02-03 04:16:13,78246.35019455252,1192.000036239624,82023,82176,0.9981381425233645
8,2026-02-03 04:16:13,78246.35019455252,1194.0000366210936,81586,81830,0.9970182084809972
8,2026-02-03 04:16:13,78246.35019455252,1196.0000370025634,81200,81594,0.9951712135696252
8,2026-02-03 04:16:13,78246.35019455252,1198.000037384033,81568,81584,0.9998038831143361
8,2026-02-03 04:16:13,78246.35019455252,1200.0000377655028,82285,82003,1.0034388985768814
8,2026-02-03 04:16:13,78246.35019455252,1202.0000381469727,82203,82272,0.9991613185530922
8,2026-02-03 04:16:13,78246.35019455252,1204.0000385284422,81833,81682,1.0018486325016527
8,2026-02-03 04:16:13,78246.35019455252,1206.000038909912,81294,81795,0.9938749312305153
8,2026-02-03 04:16:13,78246.35019455252,1208.0000392913817,81871,82322,0.9945215130827725
8,2026-02-03 04:16:13,78246.35019455252,1210.0000396728515,82185,82231,0.9994406002602425
8,2026-02-03 04:16:13,78246.35019455252,1212.0000400543213,82270,82986,0.9913720386571229
8,2026-02-03 04:16:13,78246.35019455252,1214.0000404357909,81606,82217,0.9925684469148717
8,2026-02-03 04:16:13,78246.35019455252,1216.0000408172607,81622,82141,0.9936815962795681
8,2026-02-03 04:16:13,78246.35019455252,1218.0000411987303,81385,82356,0.9882097236388363
8,2026-02-03 04:16:13,78246.35019455252,1220.0000415802,81274,81698,0.9948101544713457
8,2026-02-03 04:16:13,78246.35019455252,1222.00004196167,81021,81686,0.9918590700976911
8,2026-02-03 04:16:13,78246.35019455252,1224.0000423431395,81644,82116,0.9942520337084125
8,2026-02-03 04:16:13,78246.35019455252,1226.0000427246093,81395,82202,0.9901827206150702
8,2026-02-03 04:16:13,78246.35019455252,1228.000043106079,81326,82595,0.9846358738422423
8,2026-02-03 04:16:13,78246.35019455252,1230.0000434875487,81578,81993,0.9949385923188565
8,2026-02-03 04:16:13,78246.35019455252,1232.0000438690186,81555,81805,0.9969439520811686
8,2026-02-03 04:16:13,78246.35019455252,1234.0000442504881,81422,81915,0.9939815662577062
8,2026-02-03 04:16:13,78246.35019455252,1236.000044631958,81836,81517,1.0039132941595004
8,2026-02-03 04:16:13,78246.35019455252,1238.0000450134276,81938,81886,1.0006350291869184
8,2026-02-03 04:16:13,78246.35019455252,1240.0000453948974,81456,81951,0.9939598052494784
8,2026-02-03 04:16:13,78246.35019455252,1242.0000457763672,81858,82234,0.9954276819806892
8,2026-02-03 04:16:13,78246.35019455252,1244.0000461578368,81973,82120,0.9982099366780322
8,2026-02-03 04:16:13,78246.35019455252,1246.0000465393066,81897,82759,0.989584214405684
8,2026-02-03 04:16:13,78246.35019455252,1248.0000469207762,82199,82014,1.0022557124393396
8,2026-02-03 04:16:13,78246.35019455252,1250.000047302246,82034,82155,0.9985271742438074
8,2026-02-03 04:16:13,78246.35019455252,1252.0000476837158,81261,82174,0.9888894297466352
8,2026-02-03 04:16:13,78246.35019455252,1254.0000480651854,81052,82222,0.9857702318114373
8,2026-02-03 04:16:13,78246.35019455252,1256.0000484466552,81357,81854,0.9939282136486915
8,2026-02-03 04:16:13,78246.35019455252,1258.0000488281248,81734,81730,1.0000489416370977
8,2026-02-03 04:16:13,78246.35019455252,1260.0000492095946,81710,81777,0.9991806987294716
8,2026-02-03 04:16:13,78246.35019455252,1262.0000495910645,81880,81915,0.9995727278276262
8,2026-02-03 04:16:13,78246.35019455252,1264.000049972534,81762,81798,0.9995598914398885
8,2026-02-03 04:16:13,78246.35019455252,1266.0000503540039,81548,81625,0.9990566615620214
8,2026-02-03 04:16:13,78246.35019455252,1268.0000507354735,82029,81443,1.007195216286237
8,2026-02-03 04:16:13,78246.35019455252,1270.0000511169433,81643,81864,0.9973004006645168
8,2026-02-03 04:16:13,78246.35019455252,1272.000051498413,81470,81537,0.9991782871579774
8,2026-02-03 04:16:13,78246.35019455252,1274.0000518798827,81685,81656,1.0003551484275497
8,2026-02-03 04:16:13,78246.35019455252,1276.0000522613525,81726,82113,0.995286982572796
8,2026-02-03 04:16:13,78246.35019455252,1278.000052642822,81816,81585,1.002831402831403
8,2026-02-03 04:16:13,78246.35019455252,1280.000053024292,82263,81801,1.0056478527157369
8,2026-02-03 04:16:13,78246.35019455252,1282.0000534057617,81266,81501,0.9971165997963215
8,2026-02-03 04:16:13,78246.35019455252,1284.0000537872313,81284,81646,0.9955662249222252
8,2026-02-03 04:16:13,78246.35019455252,1286.0000541687011,81611,82114,0.9938743697786004
8,2026-02-03 04:16:13,78246.35019455252,1288.0000545501707,81439,82069,0.9923235326371712
8,2026-02-03 04:16:13,78246.35019455252,1290.0000549316405,81295,81587,0.9964209984433795
8,2026-02-03 04:16:13,78246.35019455252,1292.0000553131104,81613,82124,0.9937777020115922
8,2026-02-03 04:16:13,78246.35019455252,1294.00005569458,81858,82214,0.9956698372539957
8,2026-02-03 04:16:13,78246.35019455252,1296.0000560760498,81552,81854,0.996310504068219
8,2026-02-03 04:16:13,78246.35019455252,1298.0000564575193,81498,81816,0.9961132296861249
8,2026-02-03 04:16:13,78246.35019455252,1300.0000568389892,82029,82173,0.9982475995765032
8,2026-02-03 04:16:13,78246.35019455252,1302.000057220459,81351,81987,0.9922426726188298
8,2026-02-03 04:16:13,78246.35019455252,1304.0000576019286,81896,81292,1.0074300054125866
8,2026-02-03 04:16:13,78246.35019455252,1306.0000579833984,81631,82009,0.9953907497957541
8,2026-02-03 04:16:13,78246.35019455252,1308.000058364868,81398,82183,0.9904481462102868
8,2026-02-03 04:16:13,78246.35019455252,1310.0000587463378,81699,82162,0.9943647915094569
8,2026-02-03 04:16:13,78246.35019455252,1312.0000591278076,81662,81857,0.9976177968896979
8,2026-02-03 04:16:13,78246.35019455252,1314.0000595092772,81462,81698,0.9971113123944283
8,2026-02-03 04:16:13,78246.35019455252,1316.000059890747,81142,82433,0.9843387963558283
8,2026-02-03 04:16:13,78246.35019455252,1318.0000602722166,81541,82179,0.9922364594361089
8,2026-02-03 04:16:13,78246.35019455252,1320.0000606536864,81286,82181,0.9891094048502695
8,2026-02-03 04:16:13,78246.35019455252,1322.0000610351562,81659,82134,0.9942167677210412
8,2026-02-03 04:16:13,78246.35019455252,1324.0000614166258,81642,81936,0.9964118336262449
8,2026-02-03 04:16:13,78246.35019455252,1326.0000617980957,81733,82086,0.9956996320931706
8,2026-02-03 04:16:13,78246.35019455252,1328.0000621795652,81255,81634,0.995357326604111
8,2026-02-03 04:16:13,78246.35019455252,1330.000062561035,81413,81909,0.9939444993834622
8,2026-02-03 04:16:13,78246.35019455252,1332.0000629425049,82067,81626,1.005402690319261
8,2026-02-03 04:16:13,78246.35019455252,1334.0000633239745,81871,82289,0.9949203417224659
8,2026-02-03 04:16:13,78246.35019455252,1336.0000637054443,81728,82606,0.98937123211389
8,2026-02-03 04:16:13,78246.35019455252,1338.0000640869139,81988,81890,1.0011967273171327
8,2026-02-03 04:16:13,78246.35019455252,1340.0000644683837,81354,81734,0.9953507720165414
8,2026-02-03 04:16:13,78246.35019455252,1342.0000648498535,81396,82014,0.9924647011485844
8,2026-02-03 04:16:13,78246.35019455252,1344.000065231323,81753,81602,1.0018504448420382
8,2026-02-03 04:16:13,78246.35019455252,1346.000065612793,81190,81850,0.9919364691508857
8,2026-02-03 04:16:13,78246.35019455252,1348.0000659942625,81467,82279,0.9901311391728145
8,2026-02-03 04:16:13,78246.35019455252,1350.0000663757323,81815,81642,1.0021190073736557
8,2026-02-03 04:16:13,78246.35019455252,1352.0000667572021,81797,81480,1.0038905252822778
8,2026-02-03 04:16:13,78246.35019455252,1354.0000671386717,82061,82156,0.9988436632747456
8,2026-02-03 04:16:13,78246.35019455252,1356.0000675201416,81768,81814,0.9994377490405065
8,2026-02-03 04:16:13,78246.35019455252,1358.0000679016111,81591,82094,0.9938728774331863
8,2026-02-03 04:16:13,78246.35019455252,1360.000068283081,81907,81666,1.0029510444983225
8,2026-02-03 04:16:13,78246.35019455252,1362.0000686645508,81405,81684,0.996584398413398
8,2026-02-03 04:16:13,78246.35019455252,1364.0000690460204,81685,82002,0.9961342406282774
8,2026-02-03 04:16:13,78246.35019455252,1366.0000694274902,81752,81653,1.0012124477973865
8,2026-02-03 04:16:13,78246.35019455252,1368.0000698089598,82286,81694,1.0072465542145077
8,2026-02-03 04:16:13,78246.35019455252,1370.0000701904296,81543,81744,0.9975411039342337
8,2026-02-03 04:16:13,78246.35019455252,1372.0000705718994,82030,81414,1.007566266244135
8,2026-02-03 04:16:13,78246.35019455252,1374.000070953369,81791,81827,0.9995600474171117
8,2026-02-03 04:16:13,78246.35019455252,1376.0000713348388,81287,81635,0.9957371225577265
8,2026-02-03 04:16:13,78246.35019455252,1378.0000717163084,82322,82436,0.9986171090300354
8,2026-02-03 04:16:13,78246.35019455252,1380.0000720977782,81324,81974,0.9920706565496377
8,2026-02-03 04:16:13,78246.35019455252,1382.000072479248,81354,82225,0.9894071146245059
8,2026-02-03 04:16:13,78246.35019455252,1384.0000728607176,81746,82086,0.9958580025826572
8,2026-02-03 04:16:13,78246.35019455252,1386.0000732421875,81730,81364,1.0044983039181947
8,2026-02-03 04:16:13,78246.35019455252,1388.000073623657,81394,81803,0.9950001833673582
8,2026-02-03 04:16:13,78246.35019455252,1390.0000740051269,81214,81575,0.9955746245786087
8,2026-02-03 04:16:13,78246.35019455252,1392.0000743865967,82337,81743,1.0072666772690015
8,2026-02-03 04:16:13,78246.35019455252,1394.0000747680663,81394,82213,0.9900380718377872
8,2026-02-03 04:16:13,78246.35019455252,1396.000075149536,81563,81664,0.99876322492163
8,2026-02-03 04:16:13,78246.35019455252,1398.0000755310057,81646,81596,1.000612775136036
8,2026-02-03 04:16:13,78246.35019455252,1400.0000759124755,81782,82018,0.9971225828476676
8,2026-02-03 04:16:13,78246.35019455252,1402.0000762939453,81494,81880,0.995285784074255
8,2026-02-03 04:16:13,78246.35019455252,1404.000076675415,81895,81423,1.0057968878572394
8,2026-02-03 04:16:13,78246.35019455252,1406.0000770568847,81892,81947,0.9993288344905854
8,2026-02-03 04:16:13,78246.35019455252,1408.0000774383543,80939,81700,0.9906854345165239
8,2026-02-03 04:16:13,78246.35019455252,1410.0000778198241,81757,82021,0.996781312102998
8,2026-02-03 04:16:13,78246.35019455252,1412.000078201294,81401,81950,0.9933007931665649
8,2026-02-03 04:16:13,78246.35019455252,1414.0000785827635,81491,81856,0.9955409499609069
8,2026-02-03 04:16:13,78246.35019455252,1416.0000789642334,81487,82020,0.9935015849792733
8,2026-02-03 04:16:13,78246.35019455252,1418.000079345703,81704,81950,0.9969981696156193
8,2026-02-03 04:16:13,78246.35019455252,1420.0000797271728,81476,81665,0.9976856670544297
8,2026-02-03 04:16:13,78246.35019455252,1422.0000801086426,81572,81932,0.9956061123858809
8,2026-02-03 04:16:13,78246.35019455252,1424.0000804901122,81107,82338,0.9850494303966577
8,2026-02-03 04:16:13,78246.35019455252,1426.000080871582,81804,81958,0.998120988799141
8,2026-02-03 04:16:13,78246.35019455252,1428.0000812530516,81459,81718,0.9968305636457084
8,2026-02-03 04:16:13,78246.35019455252,1430.0000816345214,81796,82197,0.9951214764529119
8,2026-02-03 04:16:13,78246.35019455252,1432.0000820159912,81255,81501,0.9969816321272131
8,2026-02-03 04:16:13,78246.35019455252,1434.0000823974608,81455,82658,0.9854460548283288
8,2026-02-03 04:16:13,78246.35019455252,1436.0000827789306,81445,82169,0.9911888911876742
8,2026-02-03 04:16:13,78246.35019455252,1438.0000831604002,81883,81879,1.0000488525751414
8,2026-02-03 04:16:13,78246.35019455252,1440.00008354187,81655,82629,0.9882123709593484
8,2026-02-03 04:16:13,78246.35019455252,1442.0000839233398,82104,81417,1.0084380411953278
8,2026-02-03 04:16:13,78246.35019455252,1444.0000843048094,81495,81301,1.0023861945117527
8,2026-02-03 04:16:13,78246.35019455252,1446.0000846862793,81873,81875,0.999975572519084
8,2026-02-03 04:16:13,78246.35019455252,1448.0000850677488,81775,81908,0.998376226986375
8,2026-02-03 04:16:13,78246.35019455252,1450.0000854492187,81694,81920,0.9972412109375
8,2026-02-03 04:16:13,78246.35019455252,1452.0000858306885,81774,82009,0.9971344608518578
8,2026-02-03 04:16:13,78246.35019455252,1454.000086212158,81547,81684,0.9983228049556829
8,2026-02-03 04:16:13,78246.35019455252,1456.0000865936279,81379,81637,0.9968396682876637
8,2026-02-03 04:16:13,78246.35019455252,1458.0000869750975,81629,81929,0.9963382929121557
8,2026-02-03 04:16:13,78246.35019455252,1460.0000873565673,81145,81949,0.990189020000244
8,2026-02-03 04:16:13,78246.35019455252,1462.000087738037,81177,81580,0.995060063741113
8,2026-02-03 04:16:13,78246.35019455252,1464.0000881195067,81482,82049,0.9930894953015881
8,2026-02-03 04:16:13,78246.35019455252,1466.0000885009765,81806,81929,0.9984987000939838
8,2026-02-03 04:16:13,78246.35019455252,1468.000088882446,81421,82389,0.9882508587311413
8,2026-02-03 04:16:13,78246.35019455252,1470.000089263916,81412,81733,0.9960725777837593
8,2026-02-03 04:16:13,78246.35019455252,1472.0000896453857,82225,82337,0.9986397366918882
8,2026-02-03 04:16:13,78246.35019455252,1474.0000900268553,81575,82080,0.9938474658869396
8,2026-02-03 04:16:13,78246.35019455252,1476.0000904083251,81907,81539,1.004513177743166
8,2026-02-03 04:16:13,78246.35019455252,1478.0000907897947,81134,81538,0.9950452549731413
8,2026-02-03 04:16:13,78246.35019455252,1480.0000911712646,81063,81537,0.9941866882519592
8,2026-02-03 04:16:13,78246.35019455252,1482.0000915527344,81361,81910,0.9932975216701257
8,2026-02-03 04:16:13,78246.35019455252,1484.000091934204,81989,82164,0.9978701134316732
8,2026-02-03 04:16:13,78246.35019455252,1486.0000923156738,81201,81973,0.9905822648920987
8,2026-02-03 04:16:13,78246.35019455252,1488.0000926971434,82028,81326,1.008631925829378
8,2026-02-03 04:16:13,78246.35019455252,1490.0000930786132,81298,82419,0.9863987672745362
8,2026-02-03 04:16:13,78246.35019455252,1492.000093460083,81307,82034,0.9911378209035278
8,2026-02-03 04:16:13,78246.35019455252,1494.0000938415526,82039,82288,0.9969740423877115
8,2026-02-03 04:16:13,78246.35019455252,1496.0000942230224,81601,82172,0.993051160979409
8,2026-02-03 04:16:13,78246.35019455252,1498.000094604492,81612,82599,0.988050702793012
8,2026-02-03 04:16:13,78246.35019455252,1500.0000949859618,81450,81943,0.9939836227621639
8,2026-02-03 04:16:13,78246.35019455252,1502.0000953674316,81598,81947,0.9957411497675327
8,2026-02-03 04:16:13,78246.35019455252,1504.0000957489012,81293,82141,0.9896762883334753
8,2026-02-03 04:16:13,78246.35019455252,1506.000096130371,81605,81643,0.9995345589946474
8,2026-02-03 04:16:13,78246.35019455252,1508.0000965118406,81632,81992,0.9956093277392917
8,2026-02-03 04:16:13,78246.35019455252,1510.0000968933105,81140,81940,0.9902367586038565
8,2026-02-03 04:16:13,78246.35019455252,1512.0000972747803,81602,81835,0.9971528074784628
8,2026-02-03 04:16:13,78246.35019455252,1514.0000976562499,81337,82272,0.9886352586542202
8,2026-02-03 04:16:13,78246.35019455252,1516.0000980377195,81582,81884,0.9963118557960041
8,2026-02-03 04:16:13,78246.35019455252,1518.0000984191893,81497,81773,0.9966248028077728
8,2026-02-03 04:16:13,78246.35019455252,1520.000098800659,81648,81946,0.9963634588631538
8,2026-02-03 04:16:13,78246.35019455252,1522.000099182129,81984,81523,1.0056548458717172
8,2026-02-03 04:16:13,78246.35019455252,1524.0000995635985,81217,82197,0.9880774237502585
8,2026-02-03 04:16:13,78246.35019455252,1526.000099945068,81356,81552,0.9975966254659604
8,2026-02-03 04:16:13,78246.35019455252,1528.000100326538,81323,81940,0.9924701000732243
8,2026-02-03 04:16:13,78246.35019455252,1530.0001007080077,81567,81967,0.995119987311967
8,2026-02-03 04:16:13,78246.35019455252,1532.0001010894775,81397,81847,0.9945019365401297
8,2026-02-03 04:16:13,78246.35019455252,1534.0001014709471,82156,81895,1.0031870077538312
8,2026-02-03 04:16:13,78246.35019455252,1536.0001018524167,81945,81947,0.9999755939814758
8,2026-02-03 04:16:13,78246.35019455252,1538.0001022338865,82232,81882,1.0042744437116826
8,2026-02-03 04:16:13,78246.35019455252,1540.0001026153564,81872,82463,0.9928331494124638
8,2026-02-03 04:16:13,78246.35019455252,1542.0001029968262,81680,82196,0.9937223222541243
8,2026-02-03 04:16:13,78246.35019455252,1544.0001033782958,81542,82576,0.9874782018988568
8,2026-02-03 04:16:13,78246.35019455252,1546.0001037597654,81914,82037,0.9985006765240074
8,2026-02-03 04:16:13,78246.35019455252,1548.0001041412352,81998,81607,1.0047912556520886
8,2026-02-03 04:16:13,78246.35019455252,1550.000104522705,81949,81658,1.0035636434886968
8,2026-02-03 04:16:13,78246.35019455252,1552.0001049041748,81915,81908,1.0000854617375592
8,2026-02-03 04:16:13,78246.35019455252,1554.0001052856444,81962,82171,0.997456523591048
8,2026-02-03 04:16:13,78246.35019455252,1556.000105667114,82025,82108,0.9989891362595605
8,2026-02-03 04:16:13,78246.35019455252,1558.0001060485838,81826,81939,0.998620925322496
8,2026-02-03 04:16:13,78246.35019455252,1560.0001064300536,81501,82106,0.9926314763841863
8,2026-02-03 04:16:13,78246.35019455252,1562.0001068115234,81766,82076,0.9962230128173888
8,2026-02-03 04:16:13,78246.35019455252,1564.000107192993,81375,81867,0.9939902524826854
8,2026-02-03 04:16:13,78246.35019455252,1566.0001075744626,81461,82574,0.9865211810012837
8,2026-02-03 04:16:13,78246.35019455252,1568.0001079559324,81654,81889,0.9971302616957101
8,2026-02-03 04:16:13,78246.35019455252,1570.0001083374023,81316,82373,0.9871681254780086
8,2026-02-03 04:16:13,78246.35019455252,1572.000108718872,81434,82279,0.9897300647795914
8,2026-02-03 04:16:13,78246.35019455252,1574.0001091003417,81995,81768,1.0027761471480285
8,2026-02-03 04:16:13,78246.35019455252,1576.0001094818113,81808,81533,1.0033728674279125
8,2026-02-03 04:16:13,78246.35019455252,1578.000109863281,81375,82309,0.9886525167357154
8,2026-02-03 04:16:13,78246.35019455252,1580.0001102447509,82061,82381,0.9961156091817288
8,2026-02-03 04:16:13,78246.35019455252,1582.0001106262207,81653,82421,0.9906819863869645
8,2026-02-03 04:16:13,78246.35019455252,1584.0001110076903,81804,82724,0.9888786809148494
8,2026-02-03 04:16:13,78246.35019455252,1586.0001113891599,81365,81923,0.9931887259988037
8,2026-02-03 04:16:13,78246.35019455252,1588.0001117706297,81451,82098,0.9921191746449365
8,2026-02-03 04:16:13,78246.35019455252,1590.0001121520995,81842,81968,0.9984628147569783
8,2026-02-03 04:16:13,78246.35019455252,1592.0001125335693,81603,81843,0.9970675561746271
8,2026-02-03 04:16:13,78246.35019455252,1594.000112915039,81210,81904,0.991526665364329
8,2026-02-03 04:16:13,78246.35019455252,1596.0001132965085,81697,81590,1.001311435224905
8,2026-02-03 04:16:13,78246.35019455252,1598.0001136779783,81618,82283,0.9919181361885201
8,2026-02-03 04:16:13,78246.35019455252,1600.0001140594482,81579,81956,0.995399970715994
8,2026-02-03 04:16:13,78246.35019455252,1602.000114440918,82006,81794,1.0025918771548035
8,2026-02-03 04:16:13,78246.35019455252,1604.0001148223876,81760,82312,0.9932938089221499
8,2026-02-03 04:16:13,78246.35019455252,1606.0001152038571,82081,82173,0.9988804108405437
8,2026-02-03 04:16:13,78246.35019455252,1608.000115585327,81619,82133,0.9937418577185784
8,2026-02-03 04:16:13,78246.35019455252,1610.0001159667968,81754,82576,0.9900455338112769
8,2026-02-03 04:16:13,78246.35019455252,1612.0001163482666,81879,82287,0.9950417441394145
8,2026-02-03 04:16:13,78246.35019455252,1614.0001167297362,81921,82453,0.9935478393751592
8,2026-02-03 04:16:13,78246.35019455252,1616.0001171112058,81943,82002,0.999280505353528
8,2026-02-03 04:16:13,78246.35019455252,1618.0001174926756,81912,82414,0.9939088019025893
8,2026-02-03 04:16:13,78246.35019455252,1620.0001178741454,81953,82147,0.9976383799773577
8,2026-02-03 04:16:13,78246.35019455252,1622.0001182556152,81820,81831,0.9998655766152191
8,2026-02-03 04:16:13,78246.35019455252,1624.0001186370848,82447,82216,1.0028096720832929
8,2026-02-03 04:16:13,78246.35019455252,1626.0001190185544,81221,81532,0.9961855467791787
8,2026-02-03 04:16:13,78246.35019455252,1628.0001194000242,81529,81924,0.9951784580831015
8,2026-02-03 04:16:13,78246.35019455252,1630.000119781494,81381,82160,0.990518500486855
8,2026-02-03 04:16:13,78246.35019455252,1632.0001201629639,80961,81791,0.9898521842256482
8,2026-02-03 04:16:13,78246.35019455252,1634.0001205444335,81398,82642,0.984947121318458
8,2026-02-03 04:16:13,78246.35019455252,1636.000120925903,80918,81895,0.988070089749069
8,2026-02-03 04:16:13,78246.35019455252,1638.0001213073729,81307,81783,0.9941797195016079
8,2026-02-03 04:16:13,78246.35019455252,1640.0001216888427,81581,82117,0.993472727936968
8,2026-02-03 04:16:13,78246.35019455252,1642.0001220703125,80861,81881,0.9875428976197164
8,2026-02-03 04:16:13,78246.35019455252,1644.000122451782,81843,81452,1.004800373225949
8,2026-02-03 04:16:13,78246.35019455252,1646.0001228332517,81492,82108,0.9924976859745701
8,2026-02-03 04:16:13,78246.35019455252,1648.0001232147215,81117,81575,0.9943855347839412
8,2026-02-03 04:16:13,78246.35019455252,1650.0001235961913,81529,82062,0.9935049109210109
8,2026-02-03 04:16:13,78246.35019455252,1652.0001239776611,81532,81985,0.9944745990120144
8,2026-02-03 04:16:13,78246.35019455252,1654.0001243591307,81613,81808,0.9976163700371602
8,2026-02-03 04:16:13,78246.35019455252,1656.0001247406003,81627,81556,1.0008705674628475
8,2026-02-03 04:16:13,78246.35019455252,1658.0001251220701,81465,82534,0.987047762134393
8,2026-02-03 04:16:13,78246.35019455252,1660.00012550354,81373,81809,0.9946705130242394
8,2026-02-03 04:16:13,78246.35019455252,1662.0001258850098,82012,82032,0.9997561927052857
8,2026-02-03 04:16:13,78246.35019455252,1664.0001262664794,81640,82336,0.9915468324912553
8,2026-02-03 04:16:13,78246.35019455252,1666.000126647949,81576,82023,0.994550309059654
8,2026-02-03 04:16:13,78246.35019455252,1668.0001270294188,81340,82168,0.9899230844124234
8,2026-02-03 04:16:13,78246.35019455252,1670.0001274108886,81565,81763,0.9975783667429032
8,2026-02-03 04:16:13,78246.35019455252,1672.0001277923584,81862,82183,0.9960940827178371
8,2026-02-03 04:16:13,78246.35019455252,1674.000128173828,81678,82393,0.9913220783318971
8,2026-02-03 04:16:13,78246.35019455252,1676.0001285552976,81831,82171,0.9958622871816091
8,2026-02-03 04:16:13,78246.35019455252,1678.0001289367674,82141,82125,1.0001948249619483
8,2026-02-03 04:16:13,78246.35019455252,1680.0001293182372,81320,82156,0.9898242368177613
8,2026-02-03 04:16:13,78246.35019455252,1682.000129699707,81903,81931,0.9996582490144146
8,2026-02-03 04:16:13,78246.35019455252,1684.0001300811766,81695,82239,0.993385133574095
8,2026-02-03 04:16:13,78246.35019455252,1686.0001304626462,81551,81902,0.9957143903689776
8,2026-02-03 04:16:13,78246.35019455252,1688.000130844116,81535,81704,0.9979315578184667
8,2026-02-03 04:16:13,78246.35019455252,1690.0001312255858,81538,81714,0.9978461463151969
8,2026-02-03 04:16:13,78246.35019455252,1692.0001316070557,81577,82012,0.9946958981612447
8,2026-02-03 04:16:13,78246.35019455252,1694.0001319885253,81536,81480,1.0006872852233677
8,2026-02-03 04:16:13,78246.35019455252,1696.0001323699948,81492,82115,0.9924130792181697
8,2026-02-03 04:16:13,78246.35019455252,1698.0001327514647,81635,81740,0.9987154391974553
8,2026-02-03 04:16:13,78246.35019455252,1700.0001331329345,81521,82130,0.9925849263362961
8,2026-02-03 04:16:13,78246.35019455252,1702.0001335144043,81101,81690,0.9927898151548538
8,2026-02-03 04:16:13,78246.35019455252,1704.000133895874,81580,82100,0.9936662606577344
8,2026-02-03 04:16:13,78246.35019455252,1706.0001342773435,81372,81603,0.9971692217197897
8,2026-02-03 04:16:13,78246.35019455252,1708.0001346588133,81325,81791,0.9943025516254844
8,2026-02-03 04:16:13,78246.35019455252,1710.000135040283,81727,81617,1.0013477584326795
8,2026-02-03 04:16:13,78246.35019455252,1712.000135421753,81617,81825,0.9974579896119767
8,2026-02-03 04:16:13,78246.35019455252,1714.0001358032225,81572,82597,0.9875903483177355
8,2026-02-03 04:16:13,78246.35019455252,1716.000136184692,82173,82235,0.9992460631118137
8,2026-02-03 04:16:13,78246.35019455252,1718.000136566162,81472,82488,0.9876830569294928
8,2026-02-03 04:16:13,78246.35019455252,1720.0001369476317,81983,82124,0.9982830841167015
8,2026-02-03 04:16:13,78246.35019455252,1722.0001373291016,81946,81828,1.001442049176321
8,2026-02-03 04:16:13,78246.35019455252,1724.0001377105712,81501,82133,0.9923051635761508
8,2026-02-03 04:16:13,78246.35019455252,1726.0001380920407,81731,82258,0.9935933283084928
8,2026-02-03 04:16:13,78246.35019455252,1728.0001384735106,82121,81762,1.004390792788826
8,2026-02-03 04:16:13,78246.35019455252,1730.0001388549804,81452,82139,0.9916361290008401
8,2026-02-03 04:16:13,78246.35019455252,1732.0001392364502,81606,82114,0.9938134788221253
8,2026-02-03 04:16:13,78246.35019455252,1734.0001396179198,82181,81725,1.0055796879779748
8,2026-02-03 04:16:13,78246.35019455252,1736.0001399993894,81663,81910,0.996984495177634
8,2026-02-03 04:16:13,78246.35019455252,1738.0001403808592,81549,82460,0.988952219257822
8,2026-02-03 04:16:13,78246.35019455252,1740.000140762329,81932,81924,1.0000976514818611
8,2026-02-03 04:16:13,78246.35019455252,1742.0001411437988,81072,81932,0.9895034906996045
8,2026-02-03 04:16:13,78246.35019455252,1744.0001415252684,81690,81699,0.9998898395329197
8,2026-02-03 04:16:13,78246.35019455252,1746.000141906738,81241,81764,0.9936035419010811
8,2026-02-03 04:16:13,78246.35019455252,1748.0001422882078,81903,81631,1.0033320674743664
8,2026-02-03 04:16:13,78246.35019455252,1750.0001426696776,81358,81848,0.9940132929332421
8,2026-02-03 04:16:13,78246.35019455252,1752.0001430511475,81715,81629,1.0010535471462347
8,2026-02-03 04:16:13,78246.35019455252,1754.000143432617,81888,82294,0.9950664690013853
8,2026-02-03 04:16:13,78246.35019455252,1756.0001438140866,81310,81718,0.9950072199515406
8,2026-02-03 04:16:13,78246.35019455252,1758.0001441955565,81331,81280,1.0006274606299213
8,2026-02-03 04:16:13,78246.35019455252,1760.0001445770263,81590,81792,0.9975303208137715
8,2026-02-03 04:16:13,78246.35019455252,1762.000144958496,81425,82347,0.9888034779651961
8,2026-02-03 04:16:13,78246.35019455252,1764.0001453399657,81808,82158,0.995739915772049
8,2026-02-03 04:16:13,78246.35019455252,1766.0001457214353,81694,81401,1.0035994643800445
8,2026-02-03 04:16:13,78246.35019455252,1768.000146102905,81076,81935,0.9895160798193691
8,2026-02-03 04:16:13,78246.35019455252,1770.000146484375,81825,81701,1.0015177292811595
8,2026-02-03 04:16:13,78246.35019455252,1772.0001468658447,81825,81846,0.9997434205703394
8,2026-02-03 04:16:13,78246.35019455252,1774.0001472473143,81682,82046,0.9955634643980206
8,2026-02-03 04:16:13,78246.35019455252,1776.000147628784,81458,82185,0.9911541035468759
8,2026-02-03 04:16:13,78246.35019455252,1778.0001480102537,81804,81378,1.0052348300523484
8,2026-02-03 04:16:13,78246.35019455252,1780.0001483917235,81800,81663,1.0016776263424072
8,2026-02-03 04:16:13,78246.35019455252,1782.0001487731934,81243,82428,0.9856238171495123
8,2026-02-03 04:16:13,78246.35019455252,1784.000149154663,80969,82032,0.9870416422859372
8,2026-02-03 04:16:13,78246.35019455252,1786.0001495361325,81372,82519,0.9861001708697391
8,2026-02-03 04:16:13,78246.35019455252,1788.0001499176024,81824,81900,0.9990720390720391
8,2026-02-03 04:16:13,78246.35019455252,1790.0001502990722,81727,81972,0.9970111745474064
8,2026-02-03 04:16:13,78246.35019455252,1792.000150680542,81548,82100,0.9932764920828259
8,2026-02-03 04:16:13,78246.35019455252,1794.0001510620116,81548,81687,0.9982983828516165
8,2026-02-03 04:16:13,78246.35019455252,1796.0001514434812,81738,81660,1.000955180014695
8,2026-02-03 04:16:13,78246.35019455252,1798.000151824951,81545,82364,0.9900563352921179
8,2026-02-03 04:16:13,78246.35019455252,1800.0001522064208,81648,81320,1.004033448106247
8,2026-02-03 04:16:13,78246.35019455252,1802.0001525878906,81685,82323,0.992250039478639
8,2026-02-03 04:16:13,78246.35019455252,1804.0001529693602,81753,81793,0.99951096059565
8,2026-02-03 04:16:13,78246.35019455252,1806.0001533508298,81352,82053,0.9914567413744775
8,2026-02-03 04:16:13,78246.35019455252,1808.0001537322996,82015,82006,1.0001097480672145
8,2026-02-03 04:16:13,78246.35019455252,1810.0001541137694,81257,82180,0.9887685568264785
8,2026-02-03 04:16:13,78246.35019455252,1812.0001544952393,82157,81694,1.0056674908806031
8,2026-02-03 04:16:13,78246.35019455252,1814.0001548767088,81040,82056,0.9876182119528127
8,2026-02-03 04:16:13,78246.35019455252,1816.0001552581784,81727,82080,0.9956993177387914
8,2026-02-03 04:16:13,78246.35019455252,1818.0001556396483,82017,81655,1.0044332863878513
8,2026-02-03 04:16:13,78246.35019455252,1820.000156021118,81500,82220,0.9912430065677451
8,2026-02-03 04:16:13,78246.35019455252,1822.000156402588,81551,81793,0.9970413116036825
8,2026-02-03 04:16:13,78246.35019455252,1824.0001567840575,81504,81784,0.9965763474518243
8,2026-02-03 04:16:13,78246.35019455252,1826.000157165527,81251,81813,0.9931306760539279
8,2026-02-03 04:16:13,78246.35019455252,1828.000157546997,81662,82426,0.9907310799990294
8,2026-02-03 04:16:13,78246.35019455252,1830.0001579284667,81877,82273,0.9951867562869957
8,2026-02-03 04:16:13,78246.35019455252,1832.0001583099365,81901,82377,0.9942216880925501
8,2026-02-03 04:16:13,78246.35019455252,1834.000158691406,82398,81695,1.0086051777954588
8,2026-02-03 04:16:13,78246.35019455252,1836.0001590728757,82240,81954,1.003489762549723
8,2026-02-03 04:16:13,78246.35019455252,1838.0001594543455,81268,82260,0.9879406759056649
8,2026-02-03 04:16:13,78246.35019455252,1840.0001598358153,81487,82000,0.9937439024390244
8,2026-02-03 04:16:13,78246.35019455252,1842.0001602172852,81643,81995,0.9957070553082505
8,2026-02-03 04:16:13,78246.35019455252,1844.0001605987547,81749,82060,0.9962100901779186
8,2026-02-03 04:16:13,78246.35019455252,1846.0001609802243,81480,81667,0.9977102134277003
8,2026-02-03 04:16:13,78246.35019455252,1848.0001613616942,81899,81734,1.0020187437296597
8,2026-02-03 04:16:13,78246.35019455252,1850.000161743164,81429,81997,0.9930729173018525
8,2026-02-03 04:16:13,78246.35019455252,1852.0001621246338,81758,82181,0.9948528248621944
8,2026-02-03 04:16:13,78246.35019455252,1854.0001625061034,80927,81773,0.9896542868673034
8,2026-02-03 04:16:13,78246.35019455252,1856.000162887573,81500,82412,0.9889336504392564
8,2026-02-03 04:16:13,78246.35019455252,1858.0001632690428,82012,81959,1.0006466647958125
8,2026-02-03 04:16:13,78246.35019455252,1860.0001636505126,81863,81391,1.0057991669840647
8,2026-02-03 04:16:13,78246.35019455252,1862.0001640319824,81440,81869,0.9947599213377469
8,2026-02-03 04:16:13,78246.35019455252,1864.000164413452,81964,81526,1.00537251919633
8,2026-02-03 04:16:13,78246.35019455252,1866.0001647949216,81828,82201,0.9954623423072712
8,2026-02-03 04:16:13,78246.35019455252,1868.0001651763914,81571,81439,1.001620845049669
8,2026-02-03 04:16:13,78246.35019455252,1870.0001655578612,80976,82330,0.9835539900400826
8,2026-02-03 04:16:13,78246.35019455252,1872.000165939331,81651,81846,0.9976174767245803
8,2026-02-03 04:16:13,78246.35019455252,1874.0001663208006,81999,81403,1.0073215974841223
8,2026-02-03 04:16:13,78246.35019455252,1876.0001667022702,81718,81855,0.9983263087166331
8,2026-02-03 04:16:13,78246.35019455252,1878.00016708374,81803,82119,0.9961519258636856
8,2026-02-03 04:16:13,78246.35019455252,1880.0001674652099,81701,81794,0.9988629972858645
8,2026-02-03 04:16:13,78246.35019455252,1882.0001678466797,81593,81949,0.9956558347264762
8,2026-02-03 04:16:13,78246.35019455252,1884.0001682281493,81553,82239,0.991658458882039
8,2026-02-03 04:16:13,78246.35019455252,1886.0001686096189,81725,82057,0.9959540319533983
8,2026-02-03 04:16:13,78246.35019455252,1888.0001689910887,81193,82222,0.9874851013110846
8,2026-02-03 04:16:13,78246.35019455252,1890.0001693725585,81529,81807,0.9966017577957876
8,2026-02-03 04:16:13,78246.35019455252,1892.0001697540283,81126,81978,0.9896069677230477
8,2026-02-03 04:16:13,78246.35019455252,1894.000170135498,82042,81533,1.0062428709847546
8,2026-02-03 04:16:13,78246.35019455252,1896.0001705169675,81568,82029,0.9943800363286155
8,2026-02-03 04:16:13,78246.35019455252,1898.0001708984373,81291,82052,0.9907253936528055
8,2026-02-03 04:16:13,78246.35019455252,1900.0001712799071,81488,82203,0.9913020206075204
8,2026-02-03 04:16:13,78246.35019455252,1902.000171661377,81787,81736,1.0006239600665559
8,2026-02-03 04:16:13,78246.35019455252,1904.0001720428465,81383,81993,0.9925603405168734
8,2026-02-03 04:16:13,78246.35019455252,1906.0001724243161,81687,81845,0.9980695216567903
8,2026-02-03 04:16:13,78246.35019455252,1908.000172805786,81549,81848,0.9963468869123253
8,2026-02-03 04:16:13,78246.35019455252,1910.0001731872558,81614,81510,1.0012759170653907
8,2026-02-03 04:16:13,78246.35019455252,1912.0001735687256,81776,81617,1.0019481235526912
8,2026-02-03 04:16:13,78246.35019455252,1914.0001739501952,81760,82112,0.9957131722525331
8,2026-02-03 04:16:13,78246.35019455252,1916.0001743316648,81747,81918,0.9979125466930345
8,2026-02-03 04:16:13,78246.35019455252,1918.0001747131346,81528,81745,0.9973454033885865
8,2026-02-03 04:16:13,78246.35019455252,1920.0001750946044,81615,81892,0.9966174962145264
8,2026-02-03 04:16:13,78246.35019455252,1922.0001754760742,81311,81862,0.9932691602941536
8,2026-02-03 04:16:13,78246.35019455252,1924.0001758575438,81715,81717,0.9999755252884956
8,2026-02-03 04:16:13,78246.35019455252,1926.0001762390134,81710,81529,1.0022200689325271
8,2026-02-03 04:16:13,78246.35019455252,1928.0001766204832,81289,81931,0.9921641381162197
8,2026-02-03 04:16:13,78246.35019455252,1930.000177001953,81579,81918,0.9958617153739105
8,2026-02-03 04:16:13,78246.35019455252,1932.0001773834229,80895,81736,0.9897107761573848
8,2026-02-03 04:16:13,78246.35019455252,1934.0001777648924,81236,81882,0.9921105981778657
8,2026-02-03 04:16:13,78246.35019455252,1936.000178146362,81326,81544,0.9973265966839988
8,2026-02-03 04:16:13,78246.35019455252,1938.0001785278318,81784,81708,1.0009301414794145
8,2026-02-03 04:16:13,78246.35019455252,1940.0001789093017,81708,82134,0.9948133537877127
8,2026-02-03 04:16:13,78246.35019455252,1942.0001792907715,81796,82241,0.99458907357644
8,2026-02-03 04:16:13,78246.35019455252,1944.000179672241,81863,82062,0.9975750042650678
8,2026-02-03 04:16:13,78246.35019455252,1946.0001800537107,81182,82107,0.9887342126737063
8,2026-02-03 04:16:13,78246.35019455252,1948.0001804351805,81978,81456,1.0064083677077196
8,2026-02-03 04:16:13,78246.35019455252,1950.0001808166503,82085,81985,1.0012197353174361
8,2026-02-03 04:16:13,78246.35019455252,1952.0001811981201,81615,81754,0.9982997773809232
8,2026-02-03 04:16:13,78246.35019455252,1954.0001815795897,81894,81972,0.9990484555701947
8,2026-02-03 04:16:13,78246.35019455252,1956.0001819610593,81680,82374,0.9915750115327652
8,2026-02-03 04:16:13,78246.35019455252,1958.0001823425291,81710,82410,0.9915058852081058
8,2026-02-03 04:16:13,78246.35019455252,1960.000182723999,81566,81682,0.9985798584755515
8,2026-02-03 04:16:13,78246.35019455252,1962.0001831054688,81608,82295,0.9916519837171153
8,2026-02-03 04:16:13,78246.35019455252,1964.0001834869383,81817,81855,0.9995357644615479
8,2026-02-03 04:16:13,78246.35019455252,1966.000183868408,81657,82006,0.9957442138380118
8,2026-02-03 04:16:13,78246.35019455252,1968.0001842498777,81206,81659,0.9944525404425721
8,2026-02-03 04:16:13,78246.35019455252,1970.0001846313476,81673,81842,0.9979350455756213
8,2026-02-03 04:16:13,78246.35019455252,1972.0001850128174,80905,81541,0.9922002428226291
8,2026-02-03 04:16:13,78246.35019455252,1974.000185394287,81889,81410,1.0058837980592066
8,2026-02-03 04:16:13,78246.35019455252,1976.0001857757566,81993,81751,1.0029602084378173
8,2026-02-03 04:16:13,78246.35019455252,1978.0001861572264,81618,82492,0.9894050332153421
8,2026-02-03 04:16:13,78246.35019455252,1980.0001865386962,81130,82066,0.9885945458533375
8,2026-02-03 04:16:13,78246.35019455252,1982.000186920166,81559,81937,0.9953866995374495
8,2026-02-03 04:16:13,78246.35019455252,1984.0001873016356,82062,81941,1.0014766722397823
8,2026-02-03 04:16:13,78246.35019455252,1986.0001876831052,81320,81999,0.9917194112123319
8,2026-02-03 04:16:13,78246.35019455252,1988.000188064575,81241,81807,0.9930812766633662
8,2026-02-03 04:16:13,78246.35019455252,1990.0001884460448,81656,81415,1.002960142479887
8,2026-02-03 04:16:13,78246.35019455252,1992.0001888275146,81231,82117,0.9892105167017792
8,2026-02-03 04:16:13,78246.35019455252,1994.0001892089842,81774,81790,0.9998043770632107
8,2026-02-03 04:16:13,78246.35019455252,1996.0001895904538,82182,82265,0.9989910654591868
8,2026-02-03 04:16:13,78246.35019455252,1998.0001899719236,82115,82055,1.0007312168667357
8,2026-02-03 04:16:13,78246.35019455252,2000.0001903533935,80821,82293,0.9821126948829183
8,2026-02-03 04:16:13,78246.35019455252,2002.0001907348633,81484,82166,0.991699729815252
8,2026-02-03 04:16:13,78246.35019455252,2004.0001911163329,81956,81995,0.9995243612415391
8,2026-02-03 04:16:13,78246.35019455252,2006.0001914978025,81642,82557,0.9889167484283586
8,2026-02-03 04:16:13,78246.35019455252,2008.0001918792723,82023,82187,0.9980045505980264
8,2026-02-03 04:16:13,78246.35019455252,2010.000192260742,81395,82163,0.9906527268965349
8,2026-02-03 04:16:13,78246.35019455252,2012.000192642212,81824,81550,1.0033599019006745
8,2026-02-03 04:16:13,78246.35019455252,2014.0001930236815,82038,81750,1.0035229357798165
8,2026-02-03 04:16:13,78246.35019455252,2016.000193405151,81574,81317,1.0031604707502737
8,2026-02-03 04:16:13,78246.35019455252,2018.000193786621,81222,82120,0.9890647832440331
8,2026-02-03 04:16:13,78246.35019455252,2020.0001941680907,82048,82474,0.9948347357955234
8,2026-02-03 04:16:13,78246.35019455252,2022.0001945495605,81527,82141,0.9925250483923984
8,2026-02-03 04:16:13,78246.35019455252,2024.0001949310301,81745,81534,1.0025878774498982
8,2026-02-03 04:16:13,78246.35019455252,2026.0001953125,81859,81938,0.9990358563792135
8,2026-02-03 04:16:13,78246.35019455252,2028.0001956939695,81821,81840,0.9997678396871945
8,2026-02-03 04:16:13,78246.35019455252,2030.0001960754394,81495,82164,0.9918577479187966
8,2026-02-03 04:16:13,78246.35019455252,2032.000196456909,81240,82228,0.9879846281072141
8,2026-02-03 04:16:13,78246.35019455252,2034.0001968383788,81118,81657,0.9933992186830278
8,2026-02-03 04:16:13,78246.35019455252,2036.0001972198486,81305,81693,0.9952505110596991
8,2026-02-03 04:16:13,78246.35019455252,2038.0001976013182,82083,81481,1.007388225475878
8,2026-02-03 04:16:13,78246.35019455252,2040.000197982788,81510,81790,0.9965765986061865
8,2026-02-03 04:16:13,78246.35019455252,2042.0001983642576,81395,81723,0.9959864420053106
8,2026-02-03 04:16:13,78246.35019455252,2044.0001987457274,81471,81613,0.9982600811145284
8,2026-02-03 04:16:13,78246.35019455252,2046.0001991271972,81595,81813,0.9973353867967194
8,2026-02-03 04:16:13,78246.35019455252,2048.000199508667,81037,81641,0.9926017564704009
8,2026-02-03 04:16:13,78246.35019455252,2050.0001998901366,81439,81310,1.0015865207231582
8,2026-02-03 04:16:13,78246.35019455252,2052.0002002716064,81415,81865,0.9945031454223416
8,2026-02-03 04:16:13,78246.35019455252,2054.000200653076,81699,82068,0.9955037286152947
8,2026-02-03 04:16:13,78246.35019455252,2056.000201034546,80643,82225,0.9807601094557616
8,2026-02-03 04:16:13,78246.35019455252,2058.0002014160154,81425,82057,0.9922980367305654
8,2026-02-03 04:16:13,78246.35019455252,2060.0002017974853,81956,81988,0.9996096989803386
8,2026-02-03 04:16:13,78246.35019455252,2062.000202178955,81218,82044,0.9899322314855443
8,2026-02-03 04:16:13,78246.35019455252,2064.0002025604244,81902,81829,1.0008921042662138
8,2026-02-03 04:16:13,78246.35019455252,2066.0002029418947,81374,82040,0.9918820087762067
8,2026-02-03 04:16:13,78246.35019455252,2068.000203323364,81859,82458,0.9927356957481385
8,2026-02-03 04:16:13,78246.35019455252,2070.000203704834,81464,82131,0.991878827726437
8,2026-02-03 04:16:13,78246.35019455252,2072.0002040863037,82081,81902,1.002185538814681
8,2026-02-03 04:16:13,78246.35019455252,2074.000204467773,81757,82224,0.9943203930725822
8,2026-02-03 04:16:13,78246.35019455252,2076.0002048492433,82434,81521,1.0111995682094184
8,2026-02-03 04:16:13,78246.35019455252,2078.0002052307127,81626,82097,0.9942628841492381
8,2026-02-03 04:16:13,78246.35019455252,2080.0002056121825,81642,82003,0.9955977220345598
8,2026-02-03 04:16:13,78246.35019455252,2082.0002059936523,82008,82265,0.9968759496748313
8,2026-02-03 04:16:13,78246.35019455252,2084.0002063751217,81822,81844,0.9997311959337276
8,2026-02-03 04:16:13,78246.35019455252,2086.000206756592,81648,81905,0.9968622184237836
8,2026-02-03 04:16:13,78246.35019455252,2088.0002071380613,81805,81656,1.0018247281277555
8,2026-02-03 04:16:13,78246.35019455252,2090.000207519531,81893,81863,1.0003664659247768
8,2026-02-03 04:16:13,78246.35019455252,2092.000207901001,81093,81683,0.992776954813119
8,2026-02-03 04:16:13,78246.35019455252,2094.0002082824703,81860,81916,0.999316372869769
8,2026-02-03 04:16:13,78246.35019455252,2096.0002086639406,81832,82314,0.9941443739825546
8,2026-02-03 04:16:13,78246.35019455252,2098.00020904541,81328,81966,0.9922162848010151
8,2026-02-03 04:16:13,78246.35019455252,2100.00020942688,81830,81817,1.0001588911839838
8,2026-02-03 04:16:13,78246.35019455252,2102.0002098083496,81281,81457,0.9978393508231337
8,2026-02-03 04:16:13,78246.35019455252,2104.000210189819,81801,81897,0.9988277958899593
8,2026-02-03 04:16:13,78246.35019455252,2106.0002105712892,81472,81677,0.9974901134958434
8,2026-02-03 04:16:13,78246.35019455252,2108.0002109527586,81114,81910,0.9902820168477597
8,2026-02-03 04:16:13,78246.35019455252,2110.0002113342284,81526,81875,0.9957374045801527
8,2026-02-03 04:16:13,78246.35019455252,2112.0002117156982,81119,82576,0.9823556481302074
8,2026-02-03 04:16:13,78246.35019455252,2114.0002120971676,81844,81876,0.9996091650788999
8,2026-02-03 04:16:13,78246.35019455252,2116.000212478638,81632,81303,1.0040465911466983
8,2026-02-03 04:16:13,78246.35019455252,2118.0002128601072,81870,82048,0.9978305382215289
8,2026-02-03 04:16:13,78246.35019455252,2120.000213241577,81612,82134,0.9936445321060706
8,2026-02-03 04:16:13,78246.35019455252,2122.000213623047,81549,81780,0.9971753484959648
8,2026-02-03 04:16:13,78246.35019455252,2124.0002140045162,81564,82083,0.9936771316837835
8,2026-02-03 04:16:13,78246.35019455252,2126.0002143859865,81726,82265,0.9934480034036346
8,2026-02-03 04:16:13,78246.35019455252,2128.000214767456,81818,81518,1.0036801687970756
8,2026-02-03 04:16:13,78246.35019455252,2130.0002151489257,81268,81393,0.9984642413966803
8,2026-02-03 04:16:13,78246.35019455252,2132.0002155303955,81702,82319,0.9925047680365408
8,2026-02-03 04:16:13,78246.35019455252,2134.000215911865,81357,82013,0.992001268091644
8,2026-02-03 04:16:13,78246.35019455252,2136.000216293335,81901,81801,1.0012224789428001
8,2026-02-03 04:16:13,78246.35019455252,2138.0002166748045,81662,81505,1.0019262621925036
8,2026-02-03 04:16:13,78246.35019455252,2140.0002170562743,81875,82009,0.9983660329963785
8,2026-02-03 04:16:13,78246.35019455252,2142.000217437744,81879,81740,1.0017005138243211
8,2026-02-03 04:16:13,78246.35019455252,2144.0002178192135,81916,82110,0.9976373157958836
8,2026-02-03 04:16:13,78246.35019455252,2146.000218200684,81945,81962,0.999792586808521
8,2026-02-03 04:16:13,78246.35019455252,2148.000218582153,81836,81928,0.9988770627868372
8,2026-02-03 04:16:13,78246.35019455252,2150.000218963623,81488,81832,0.9957962655196011
8,2026-02-03 04:16:13,78246.35019455252,2152.000219345093,81521,82368,0.9897168803418803
8,2026-02-03 04:16:13,78246.35019455252,2154.000219726562,81801,82503,0.9914912185011454
8,2026-02-03 04:16:13,78246.35019455252,2156.0002201080324,81292,82031,0.99099121063988
8,2026-02-03 04:16:13,78246.35019455252,2158.0002204895018,81504,81552,0.9994114184814596
8,2026-02-03 04:16:13,78246.35019455252,2160.0002208709716,80939,82108,0.9857626540653773
8,2026-02-03 04:16:13,78246.35019455252,2162.0002212524414,81592,82175,0.9929053848494067
8,2026-02-03 04:16:13,78246.35019455252,2164.0002216339108,81990,81890,1.0012211503236048
8,2026-02-03 04:16:13,78246.35019455252,2166.000222015381,82084,81968,1.0014151864142105
8,2026-02-03 04:16:13,78246.35019455252,2168.0002223968504,81418,81613,0.9976106747699509
8,2026-02-03 04:16:13,78246.35019455252,2170.00022277832,81974,82047,0.9991102660670104
8,2026-02-03 04:16:13,78246.35019455252,2172.00022315979,81868,81475,1.0048235655108928
8,2026-02-03 04:16:13,78246.35019455252,2174.0002235412594,81304,82254,0.9884504097065189
8,2026-02-03 04:16:13,78246.35019455252,2176.0002239227297,81829,82258,0.994784701791923
8,2026-02-03 04:16:13,78246.35019455252,2178.000224304199,81178,81602,0.9948040489203696
8,2026-02-03 04:16:13,78246.35019455252,2180.000224685669,81462,81910,0.9945305823464778
8,2026-02-03 04:16:13,78246.35019455252,2182.0002250671387,81436,81668,0.9971592300533869
8,2026-02-03 04:16:13,78246.35019455252,2184.000225448608,81960,81970,0.999878004147859
8,2026-02-03 04:16:13,78246.35019455252,2186.0002258300783,81644,81543,1.001238610303766
8,2026-02-03 04:16:13,78246.35019455252,2188.0002262115477,81925,81754,1.0020916407759866
8,2026-02-03 04:16:13,78246.35019455252,2190.0002265930175,81469,81756,0.9964895542834776
8,2026-02-03 04:16:13,78246.35019455252,2192.0002269744873,81662,81885,0.997276668498504
8,2026-02-03 04:16:13,78246.35019455252,2194.0002273559567,81763,82019,0.9968787719918556
8,2026-02-03 04:16:13,78246.35019455252,2196.000227737427,81788,81469,1.0039155997986964
8,2026-02-03 04:16:13,78246.35019455252,2198.0002281188963,81922,81763,1.0019446448882747
8,2026-02-03 04:16:13,78246.35019455252,2200.000228500366,81733,82076,0.995820946439885
8,2026-02-03 04:16:13,78246.35019455252,2202.000228881836,81355,81664,0.9962162029780565
8,2026-02-03 04:16:13,78246.35019455252,2204.0002292633053,81586,81804,0.9973350936384529
8,2026-02-03 04:16:13,78246.35019455252,2206.0002296447756,81845,81894,0.9994016655676851
8,2026-02-03 04:16:13,78246.35019455252,2208.000230026245,81582,81891,0.9962266915778291
8,2026-02-03 04:16:13,78246.35019455252,2210.0002304077148,81962,81652,1.0037966002057512
8,2026-02-03 04:16:13,78246.35019455252,2212.0002307891846,81882,81569,1.0038372420895194
8,2026-02-03 04:16:13,78246.35019455252,2214.000231170654,80968,82137,0.9857676808259371
8,2026-02-03 04:16:13,78246.35019455252,2216.000231552124,81394,82144,0.99086969224776
8,2026-02-03 04:16:13,78246.35019455252,2218.0002319335936,81490,82299,0.9901699899148227
8,2026-02-03 04:16:13,78246.35019455252,2220.0002323150634,81858,81470,1.0047624892598503
8,2026-02-03 04:16:13,78246.35019455252,2222.000232696533,81365,81892,0.993564694964099
8,2026-02-03 04:16:13,78246.35019455252,2224.0002330780026,81660,82344,0.991693383853104
8,2026-02-03 04:16:13,78246.35019455252,2226.000233459473,81709,81259,1.0055378481152857
8,2026-02-03 04:16:13,78246.35019455252,2228.000233840942,81401,81989,0.9928283062362024
8,2026-02-03 04:16:13,78246.35019455252,2230.000234222412,81954,82091,0.9983311203420594
8,2026-02-03 04:16:13,78246.35019455252,2232.000234603882,81176,82329,0.9859952143230211
8,2026-02-03 04:16:13,78246.35019455252,2234.000234985351,81135,82050,0.9888482632541133
8,2026-02-03 04:16:13,78246.35019455252,2236.0002353668215,82070,81867,1.0024796315975912
8,2026-02-03 04:16:13,78246.35019455252,2238.000235748291,82238,81868,1.0045194703669322
8,2026-02-03 04:16:13,78246.35019455252,2240.0002361297607,81805,81858,0.9993525373207262
8,2026-02-03 04:16:13,78246.35019455252,2242.0002365112305,82203,81789,1.0050618053772513
8,2026-02-03 04:16:13,78246.35019455252,2244.0002368927,81831,81830,1.0000122204570452
8,2026-02-03 04:16:13,78246.35019455252,2246.00023727417,81549,81866,0.9961278186304449
8,2026-02-03 04:16:13,78246.35019455252,2248.0002376556395,81658,82078,0.9948829162503959
8,2026-02-03 04:16:13,78246.35019455252,2250.0002380371093,81729,81923,0.9976319226590823
8,2026-02-03 04:16:13,78246.35019455252,2252.000238418579,81436,82143,0.9913930584468549
8,2026-02-03 04:16:13,78246.35019455252,2254.0002388000485,82212,82208,1.0000486570650058
8,2026-02-03 04:16:13,78246.35019455252,2256.0002391815187,81741,82331,0.9928338050066197
8,2026-02-03 04:16:13,78246.35019455252,2258.000239562988,81495,81775,0.996575970651177
8,2026-02-03 04:16:13,78246.35019455252,2260.000239944458,81479,82027,0.9933192729223305
8,2026-02-03 04:16:13,78246.35019455252,2262.0002403259277,81528,81938,0.9949962166516146
8,2026-02-03 04:16:13,78246.35019455252,2264.000240707397,81431,82379,0.9884922128212287
8,2026-02-03 04:16:13,78246.35019455252,2266.0002410888674,81724,81651,1.0008940490624731
8,2026-02-03 04:16:13,78246.35019455252,2268.0002414703367,81357,81350,1.0000860479409956
8,2026-02-03 04:16:13,78246.35019455252,2270.0002418518065,81457,81781,0.99603819958181
8,2026-02-03 04:16:13,78246.35019455252,2272.0002422332764,81589,81990,0.9951091596536163
8,2026-02-03 04:16:13,78246.35019455252,2274.0002426147457,81934,82099,0.9979902313061061
8,2026-02-03 04:16:13,78246.35019455252,2276.000242996216,81552,82180,0.9923582380141154
8,2026-02-03 04:16:13,78246.35019455252,2278.0002433776854,81256,81726,0.9942490761813866
8,2026-02-03 04:16:13,78246.35019455252,2280.000243759155,81495,81576,0.9990070609002648
8,2026-02-03 04:16:13,78246.35019455252,2282.000244140625,81918,82000,0.999
8,2026-02-03 04:16:13,78246.35019455252,2284.0002445220944,81808,81716,1.0011258505066327
8,2026-02-03 04:16:13,78246.35019455252,2286.0002449035646,81612,82513,0.9890805085259292
8,2026-02-03 04:16:13,78246.35019455252,2288.000245285034,81842,82166,0.9960567631380376
8,2026-02-03 04:16:13,78246.35019455252,2290.000245666504,81429,81817,0.9952577092780229
8,2026-02-03 04:16:13,78246.35019455252,2292.0002460479736,81580,82336,0.9908181111542946
8,2026-02-03 04:16:13,78246.35019455252,2294.000246429443,81832,81966,0.9983651758046019
8,2026-02-03 04:16:13,78246.35019455252,2296.0002468109133,81626,81913,0.9964962826413389
8,2026-02-03 04:16:13,78246.35019455252,2298.0002471923826,81433,81330,1.0012664453461206
8,2026-02-03 04:16:13,78246.35019455252,2300.0002475738524,81437,81710,0.9966589156773956
8,2026-02-03 04:16:13,78246.35019455252,2302.0002479553223,81263,81697,0.994687687430383
8,2026-02-03 04:16:13,78246.35019455252,2304.0002483367916,80732,81939,0.9852695297721475
8,2026-02-03 04:16:13,78246.35019455252,2306.000248718262,80388,81779,0.9829907433448685
8,2026-02-03 04:16:13,78246.35019455252,2308.0002490997313,80774,81713,0.9885085604493777
8,2026-02-03 04:16:13,78246.35019455252,2310.000249481201,81080,81296,0.9973430427081283
8,2026-02-03 04:16:13,78246.35019455252,2312.000249862671,81248,81790,0.9933732730162611
8,2026-02-03 04:16:13,78246.35019455252,2314.0002502441403,81744,81016,1.0089858793324775
8,2026-02-03 04:16:13,78246.35019455252,2316.0002506256105,80751,81873,0.9862958484482064
8,2026-02-03 04:16:13,78246.35019455252,2318.00025100708,81486,81382,1.0012779238652283
8,2026-02-03 04:16:13,78246.35019455252,2320.0002513885497,81501,81611,0.998652142480793
8,2026-02-03 04:16:13,78246.35019455252,2322.0002517700195,81871,81392,1.0058850992726558
8,2026-02-03 04:16:13,78246.35019455252,2324.000252151489,81304,81807,0.9938513819110834
8,2026-02-03 04:16:13,78246.35019455252,2326.000252532959,81592,81573,1.0002329202064408
8,2026-02-03 04:16:13,78246.35019455252,2328.0002529144285,81934,81516,1.0051278276657343
8,2026-02-03 04:16:13,78246.35019455252,2330.0002532958983,81680,81790,0.9986550923095733
8,2026-02-03 04:16:13,78246.35019455252,2332.000253677368,81198,81593,0.9951588984349148
8,2026-02-03 04:16:13,78246.35019455252,2334.0002540588375,81784,81688,1.001175203212222
8,2026-02-03 04:16:13,78246.35019455252,2336.000254440308,81785,82015,0.9971956349448272
8,2026-02-03 04:16:13,78246.35019455252,2338.000254821777,82189,81751,1.005357732627124
8,2026-02-03 04:16:13,78246.35019455252,2340.000255203247,82110,81971,1.0016957216576594
8,2026-02-03 04:16:13,78246.35019455252,2342.000255584717,82117,81894,1.0027230322123721
8,2026-02-03 04:16:13,78246.35019455252,2344.000255966186,81470,82255,0.9904565072032095
8,2026-02-03 04:16:13,78246.35019455252,2346.0002563476564,81746,82145,0.9951427354069025
8,2026-02-03 04:16:13,78246.35019455252,2348.000256729126,81529,81214,1.0038786416135148
8,2026-02-03 04:16:13,78246.35019455252,2350.0002571105956,82009,81857,1.001856896783415
8,2026-02-03 04:16:13,78246.35019455252,2352.0002574920654,82004,82340,0.995919358756376
8,2026-02-03 04:16:13,78246.35019455252,2354.000257873535,81541,82479,0.9886274081887511
8,2026-02-03 04:16:13,78246.35019455252,2356.000258255005,81562,82150,0.9928423615337797
8,2026-02-03 04:16:13,78246.35019455252,2358.0002586364744,81670,82102,0.9947382524177243
8,2026-02-03 04:16:13,78246.35019455252,2360.0002590179442,81925,82613,0.9916720128793289
8,2026-02-03 04:16:13,78246.35019455252,2362.000259399414,82074,82248,0.9978844470382259
8,2026-02-03 04:16:13,78246.35019455252,2364.0002597808834,81564,82207,0.9921782816548469
8,2026-02-03 04:16:13,78246.35019455252,2366.0002601623537,81564,82319,0.990828362832396
8,2026-02-03 04:16:13,78246.35019455252,2368.000260543823,81195,82075,0.9892780992994212
8,2026-02-03 04:16:13,78246.35019455252,2370.000260925293,81920,81568,1.0043154178109062
8,2026-02-03 04:16:13,78246.35019455252,2372.0002613067627,81666,81862,0.9976057267108059
8,2026-02-03 04:16:13,78246.35019455252,2374.000261688232,81408,81671,0.9967797627064686
8,2026-02-03 04:16:13,78246.35019455252,2376.0002620697023,81915,81944,0.9996460997754564
8,2026-02-03 04:16:13,78246.35019455252,2378.0002624511717,81526,82435,0.9889731303451204
8,2026-02-03 04:16:13,78246.35019455252,2380.0002628326415,81506,82007,0.9938907654224639
8,2026-02-03 04:16:13,78246.35019455252,2382.0002632141113,81431,81581,0.9981613365857246
8,2026-02-03 04:16:13,78246.35019455252,2384.0002635955807,81395,82526,0.986295228170516
8,2026-02-03 04:16:13,78246.35019455252,2386.000263977051,81626,82073,0.9945536290863012
8,2026-02-03 04:16:13,78246.35019455252,2388.0002643585203,81592,82060,0.9942968559590544
8,2026-02-03 04:16:13,78246.35019455252,2390.00026473999,81698,81343,1.0043642353982518
8,2026-02-03 04:16:13,78246.35019455252,2392.00026512146,81689,82339,0.9921058064829547
8,2026-02-03 04:16:13,78246.35019455252,2394.0002655029293,81696,81333,1.0044631330456273
8,2026-02-03 04:16:13,78246.35019455252,2396.0002658843996,81690,81584,1.001299274367523
8,2026-02-03 04:16:13,78246.35019455252,2398.000266265869,81735,81953,0.9973399387453784
8,2026-02-03 04:16:13,78246.35019455252,2400.000266647339,81727,81667,1.0007346908788128
8,2026-02-03 04:16:13,78246.35019455252,2402.0002670288086,81733,82204,0.994270351807698
8,2026-02-03 04:16:13,78246.35019455252,2404.000267410278,80918,82125,0.9853028919330289
8,2026-02-03 04:16:13,78246.35019455252,2406.0002677917482,81772,81810,0.9995355091064662
8,2026-02-03 04:16:13,78246.35019455252,2408.0002681732176,81431,82398,0.9882642782591811
8,2026-02-03 04:16:13,78246.35019455252,2410.0002685546874,81810,82116,0.9962735642262166
8,2026-02-03 04:16:13,78246.35019455252,2412.000268936157,81319,82029,0.9913445244974338
8,2026-02-03 04:16:13,78246.35019455252,2414.0002693176266,81339,81823,0.994084792784425
8,2026-02-03 04:16:13,78246.35019455252,2416.000269699097,81635,81898,0.9967886883684584
8,2026-02-03 04:16:13,78246.35019455252,2418.000270080566,80903,81613,0.9913004055726417
8,2026-02-03 04:16:13,78246.35019455252,2420.000270462036,81399,82018,0.9924528761979078
8,2026-02-03 04:16:13,78246.35019455252,2422.000270843506,81509,81871,0.9955784099375847
8,2026-02-03 04:16:13,78246.35019455252,2424.000271224975,80885,81677,0.9903032677497949
8,2026-02-03 04:16:13,78246.35019455252,2426.0002716064455,81919,81735,1.0022511775861014
8,2026-02-03 04:16:13,78246.35019455252,2428.000271987915,81324,82180,0.9895838403504502
8,2026-02-03 04:16:13,78246.35019455252,2430.0002723693847,81743,81846,0.9987415389878552
8,2026-02-03 04:16:13,78246.35019455252,2432.0002727508545,81332,81826,0.9939627991103073
8,2026-02-03 04:16:13,78246.35019455252,2434.000273132324,81933,82450,0.9937295330503335
8,2026-02-03 04:16:13,78246.35019455252,2436.000273513794,81549,81724,0.9978586461749303
8,2026-02-03 04:16:13,78246.35019455252,2438.0002738952635,80976,82303,0.9838766509118744
8,2026-02-03 04:16:13,78246.35019455252,2440.0002742767333,82020,82103,0.9989890746988539
8,2026-02-03 04:16:13,78246.35019455252,2442.000274658203,81696,81704,0.9999020855772055
8,2026-02-03 04:16:13,78246.35019455252,2444.0002750396725,81535,82660,0.9863900314541495
8,2026-02-03 04:16:13,78246.35019455252,2446.0002754211428,81968,81793,1.0021395473940313
8,2026-02-03 04:16:13,78246.35019455252,2448.000275802612,81925,82231,0.9962787756442217
8,2026-02-03 04:16:13,78246.35019455252,2450.000276184082,82021,81821,1.0024443602498136
8,2026-02-03 04:16:13,78246.35019455252,2452.0002765655518,81605,82055,0.994515873499482
8,2026-02-03 04:16:13,78246.35019455252,2454.000276947021,81583,82242,0.9919870625714355
8,2026-02-03 04:16:13,78246.35019455252,2456.0002773284914,81340,81848,0.9937933730818101
8,2026-02-03 04:16:13,78246.35019455252,2458.0002777099608,81819,82386,0.9931177627266768
8,2026-02-03 04:16:13,78246.35019455252,2460.0002780914306,81290,81922,0.9922853445960792
8,2026-02-03 04:16:13,78246.35019455252,2462.0002784729004,82022,81918,1.001269562245172
8,2026-02-03 04:16:13,78246.35019455252,2464.0002788543698,81697,82030,0.9959405095696696
8,2026-02-03 04:16:13,78246.35019455252,2466.00027923584,82058,82801,0.9910266784217582
8,2026-02-03 04:16:13,78246.35019455252,2468.0002796173094,81623,81526,1.0011898044795526
8,2026-02-03 04:16:13,78246.35019455252,2470.000279998779,81890,82178,0.9964954123974786
8,2026-02-03 04:16:13,78246.35019455252,2472.000280380249,81615,81544,1.000870695575395
8,2026-02-03 04:16:13,78246.35019455252,2474.0002807617184,81508,81800,0.9964303178484107
8,2026-02-03 04:16:13,78246.35019455252,2476.0002811431887,81453,81962,0.9937898050316
8,2026-02-03 04:16:13,78246.35019455252,2478.000281524658,81234,82402,0.985825586757603
8,2026-02-03 04:16:13,78246.35019455252,2480.000281906128,81738,82009,0.9966954846419296
8,2026-02-03 04:16:13,78246.35019455252,2482.0002822875977,81854,82103,0.9969672240965617
8,2026-02-03 04:16:13,78246.35019455252,2484.000282669067,81862,81486,1.0046142895712147
8,2026-02-03 04:16:13,78246.35019455252,2486.0002830505373,81278,82136,0.9895539105873186
8,2026-02-03 04:16:13,78246.35019455252,2488.0002834320067,81707,82008,0.9963296263779143
8,2026-02-03 04:16:13,78246.35019455252,2490.0002838134765,81787,82293,0.9938512388660031
8,2026-02-03 04:16:13,78246.35019455252,2492.0002841949463,80924,81203,0.996564166348534
8,2026-02-03 04:16:13,78246.35019455252,2494.0002845764157,81152,81628,0.994168667614054
8,2026-02-03 04:16:13,78246.35019455252,2496.000284957886,81159,81981,0.9899732864932118
8,2026-02-03 04:16:13,78246.35019455252,2498.0002853393553,81927,81474,1.0055600559687754
8,2026-02-03 04:16:13,78246.35019455252,2500.000285720825,81025,82476,0.9824070032494301
9,2026-02-03 04:48:08,75380.36896314945,999.9999996185302,81682,82220,0.9934565799075651
9,2026-02-03 04:48:08,75380.36896314945,1001.9999999999999,81145,81899,0.9907935383826421
9,2026-02-03 04:48:08,75380.36896314945,1004.0000003814696,81580,81794,0.9973836711739248
9,2026-02-03 04:48:08,75380.36896314945,1006.0000007629394,81669,82121,0.9944959267422462
9,2026-02-03 04:48:08,75380.36896314945,1008.0000011444091,80928,81523,0.9927014462176318
9,2026-02-03 04:48:08,75380.36896314945,1010.0000015258788,81211,82111,0.9890392273873172
9,2026-02-03 04:48:08,75380.36896314945,1012.0000019073485,81606,81872,0.9967510259917921
9,2026-02-03 04:48:08,75380.36896314945,1014.0000022888182,81810,82198,0.9952796905034186
9,2026-02-03 04:48:08,75380.36896314945,1016.000002670288,81123,82112,0.9879554754481683
9,2026-02-03 04:48:08,75380.36896314945,1018.0000030517577,81932,81641,1.0035643855415783
9,2026-02-03 04:48:08,75380.36896314945,1020.0000034332274,81656,82080,0.9948343079922027
9,2026-02-03 04:48:08,75380.36896314945,1022.0000038146972,81392,82647,0.9848149358113422
9,2026-02-03 04:48:08,75380.36896314945,1024.0000041961669,81466,82111,0.9921447796275773
9,2026-02-03 04:48:08,75380.36896314945,1026.0000045776367,81957,82491,0.9935265665345311
9,2026-02-03 04:48:08,75380.36896314945,1028.0000049591063,81519,81780,0.9968085106382979
9,2026-02-03 04:48:08,75380.36896314945,1030.000005340576,81260,81716,0.9944196974888638
9,2026-02-03 04:48:08,75380.36896314945,1032.000005722046,81791,81910,0.9985471859357832
9,2026-02-03 04:48:08,75380.36896314945,1034.0000061035155,81946,81912,1.000415079597617
9,2026-02-03 04:48:08,75380.36896314945,1036.0000064849853,82218,82133,1.0010349067975113
9,2026-02-03 04:48:08,75380.36896314945,1038.000006866455,81822,82132,0.9962255880777285
9,2026-02-03 04:48:08,75380.36896314945,1040.0000072479247,82054,82327,0.9966839554459654
9,2026-02-03 04:48:08,75380.36896314945,1042.0000076293945,82229,81929,1.0036617070878444
9,2026-02-03 04:48:08,75380.36896314945,1044.0000080108641,81829,82380,0.99331148336975
9,2026-02-03 04:48:08,75380.36896314945,1046.000008392334,81883,82329,0.9945827108309344
9,2026-02-03 04:48:08,75380.36896314945,1048.0000087738035,82044,82266,0.9973014368025673
9,2026-02-03 04:48:08,75380.36896314945,1050.0000091552733,81785,81974,0.9976943909044331
9,2026-02-03 04:48:08,75380.36896314945,1052.0000095367432,81995,82513,0.9937222013500903
9,2026-02-03 04:48:08,75380.36896314945,1054.0000099182128,81663,81783,0.9985327023953633
9,2026-02-03 04:48:08,75380.36896314945,1056.0000102996826,81874,82354,0.9941715035092406
9,2026-02-03 04:48:08,75380.36896314945,1058.0000106811522,81823,82461,0.9922630091800972
9,2026-02-03 04:48:08,75380.36896314945,1060.000011062622,82495,82001,1.0060243167766247
9,2026-02-03 04:48:08,75380.36896314945,1062.0000114440918,81487,82362,0.9893761686214516
9,2026-02-03 04:48:08,75380.36896314945,1064.0000118255614,81656,81788,0.9983860713063041
9,2026-02-03 04:48:08,75380.36896314945,1066.0000122070312,81687,82332,0.9921658650342515
9,2026-02-03 04:48:08,75380.36896314945,1068.0000125885008,81614,81925,0.9962038449801648
9,2026-02-03 04:48:08,75380.36896314945,1070.0000129699706,81967,81768,1.0024337149006946
9,2026-02-03 04:48:08,75380.36896314945,1072.0000133514404,82118,82126,0.9999025887051604
9,2026-02-03 04:48:08,75380.36896314945,1074.00001373291,81619,81911,0.9964351552294564
9,2026-02-03 04:48:08,75380.36896314945,1076.0000141143798,81767,82127,0.9956165451069685
9,2026-02-03 04:48:08,75380.36896314945,1078.0000144958494,82008,81965,1.0005246141645825
9,2026-02-03 04:48:08,75380.36896314945,1080.0000148773192,81846,82274,0.9947978705301797
9,2026-02-03 04:48:08,75380.36896314945,1082.000015258789,81807,82325,0.9937078651685394
9,2026-02-03 04:48:08,75380.36896314945,1084.0000156402587,81368,82393,0.9875596227834889
9,2026-02-03 04:48:08,75380.36896314945,1086.0000160217285,81658,82050,0.9952224253503961
9,2026-02-03 04:48:08,75380.36896314945,1088.000016403198,81719,81822,0.9987411698565178
9,2026-02-03 04:48:08,75380.36896314945,1090.0000167846679,81730,82536,0.9902345643113308
9,2026-02-03 04:48:08,75380.36896314945,1092.0000171661377,81953,81899,1.0006593487099964
9,2026-02-03 04:48:08,75380.36896314945,1094.0000175476073,81478,81895,0.9949081140484767
9,2026-02-03 04:48:08,75380.36896314945,1096.000017929077,82033,81849,1.0022480421263547
9,2026-02-03 04:48:08,75380.36896314945,1098.0000183105467,81761,81837,0.9990713247064287
9,2026-02-03 04:48:08,75380.36896314945,1100.0000186920165,81312,82094,0.9904743342997052
9,2026-02-03 04:48:08,75380.36896314945,1102.0000190734863,81743,81655,1.0010777049782622
9,2026-02-03 04:48:08,75380.36896314945,1104.000019454956,81510,82133,0.9924147419429462
9,2026-02-03 04:48:08,75380.36896314945,1106.0000198364257,81925,81787,1.0016873097191485
9,2026-02-03 04:48:08,75380.36896314945,1108.0000202178953,81949,82344,0.9952030506169242
9,2026-02-03 04:48:08,75380.36896314945,1110.0000205993651,81280,82228,0.9884710804105658
9,2026-02-03 04:48:08,75380.36896314945,1112.000020980835,82183,82060,1.0014989032415307
9,2026-02-03 04:48:08,75380.36896314945,1114.0000213623046,82042,81882,1.0019540314110549
9,2026-02-03 04:48:08,75380.36896314945,1116.0000217437744,81691,81688,1.0000367251003819
9,2026-02-03 04:48:08,75380.36896314945,1118.000022125244,81504,81939,0.9946911727016439
9,2026-02-03 04:48:08,75380.36896314945,1120.0000225067138,80647,82098,0.9823260006333894
9,2026-02-03 04:48:08,75380.36896314945,1122.0000228881836,81713,81636,1.0009432113283356
9,2026-02-03 04:48:08,75380.36896314945,1124.0000232696532,82219,81439,1.0095777207480445
9,2026-02-03 04:48:08,75380.36896314945,1126.000023651123,81875,81911,0.999560498589933
9,2026-02-03 04:48:08,75380.36896314945,1128.0000240325926,81830,81841,0.9998655930401632
9,2026-02-03 04:48:08,75380.36896314945,1130.0000244140624,81675,82083,0.9950294214392749
9,2026-02-03 04:48:08,75380.36896314945,1132.0000247955322,81667,81710,0.9994737486231795
9,2026-02-03 04:48:08,75380.36896314945,1134.0000251770018,82128,82144,0.9998052201012856
9,2026-02-03 04:48:08,75380.36896314945,1136.0000255584716,81629,81955,0.996022207308889
9,2026-02-03 04:48:08,75380.36896314945,1138.0000259399412,81721,82182,0.9943904991360638
9,2026-02-03 04:48:08,75380.36896314945,1140.000026321411,81665,82317,0.9920794003668744
9,2026-02-03 04:48:08,75380.36896314945,1142.0000267028809,82161,81477,1.0083950071799404
9,2026-02-03 04:48:08,75380.36896314945,1144.0000270843504,81902,81791,1.0013571175312688
9,2026-02-03 04:48:08,75380.36896314945,1146.0000274658203,81753,82150,0.9951673767498478
9,2026-02-03 04:48:08,75380.36896314945,1148.0000278472899,81802,81867,0.9992060292914117
9,2026-02-03 04:48:08,75380.36896314945,1150.0000282287597,81504,82400,0.989126213592233
9,2026-02-03 04:48:08,75380.36896314945,1152.0000286102295,81750,82468,0.9912935926662463
9,2026-02-03 04:48:08,75380.36896314945,1154.000028991699,81860,81948,0.9989261482891589
9,2026-02-03 04:48:08,75380.36896314945,1156.000029373169,81936,82089,0.9981361692796843
9,2026-02-03 04:48:08,75380.36896314945,1158.0000297546385,81908,81862,1.0005619212821577
9,2026-02-03 04:48:08,75380.36896314945,1160.0000301361083,81507,82041,0.9934910593483746
9,2026-02-03 04:48:08,75380.36896314945,1162.0000305175781,81547,82070,0.9936273912513708
9,2026-02-03 04:48:08,75380.36896314945,1164.0000308990477,81551,82095,0.9933735306656922
9,2026-02-03 04:48:08,75380.36896314945,1166.0000312805175,82161,81435,1.0089150856511329
9,2026-02-03 04:48:08,75380.36896314945,1168.0000316619871,81363,82316,0.988422663880655
9,2026-02-03 04:48:08,75380.36896314945,1170.000032043457,81294,82035,0.9909672700676541
9,2026-02-03 04:48:08,75380.36896314945,1172.0000324249268,81751,81674,1.000942772485736
9,2026-02-03 04:48:08,75380.36896314945,1174.0000328063963,81215,82005,0.9903664410706664
9,2026-02-03 04:48:08,75380.36896314945,1176.0000331878662,81999,81922,1.000939918459022
9,2026-02-03 04:48:08,75380.36896314945,1178.0000335693358,81671,81719,0.9994126212998201
9,2026-02-03 04:48:08,75380.36896314945,1180.0000339508056,81437,81982,0.9933521992632529
9,2026-02-03 04:48:08,75380.36896314945,1182.0000343322754,81801,81882,0.9990107715981534
9,2026-02-03 04:48:08,75380.36896314945,1184.000034713745,81850,82257,0.9950520928310053
9,2026-02-03 04:48:08,75380.36896314945,1186.0000350952148,81077,82168,0.9867223249926979
9,2026-02-03 04:48:08,75380.36896314945,1188.0000354766844,82139,81916,1.0027223008935984
9,2026-02-03 04:48:08,75380.36896314945,1190.0000358581542,81192,82202,0.9877131943261721
9,2026-02-03 04:48:08,75380.36896314945,1192.000036239624,81669,82179,0.9937940349724382
9,2026-02-03 04:48:08,75380.36896314945,1194.0000366210936,81766,82022,0.9968788861524956
9,2026-02-03 04:48:08,75380.36896314945,1196.0000370025634,81612,82109,0.9939470703576953
9,2026-02-03 04:48:08,75380.36896314945,1198.000037384033,81439,82076,0.992238900531215
9,2026-02-03 04:48:08,75380.36896314945,1200.0000377655028,81930,81594,1.0041179498492536
9,2026-02-03 04:48:08,75380.36896314945,1202.0000381469727,81960,82053,0.9988665862308508
9,2026-02-03 04:48:08,75380.36896314945,1204.0000385284422,82116,82259,0.9982615883976221
9,2026-02-03 04:48:08,75380.36896314945,1206.000038909912,81794,82272,0.9941900038895372
9,2026-02-03 04:48:08,75380.36896314945,1208.0000392913817,81692,81607,1.0010415773156716
9,2026-02-03 04:48:08,75380.36896314945,1210.0000396728515,81977,82119,0.9982708021286182
9,2026-02-03 04:48:08,75380.36896314945,1212.0000400543213,81603,82067,0.9943460830784603
9,2026-02-03 04:48:08,75380.36896314945,1214.0000404357909,81720,82596,0.9893941595234637
9,2026-02-03 04:48:08,75380.36896314945,1216.0000408172607,81398,82074,0.9917635304725004
9,2026-02-03 04:48:08,75380.36896314945,1218.0000411987303,81434,82471,0.9874258830376739
9,2026-02-03 04:48:08,75380.36896314945,1220.0000415802,81740,82262,0.9936544212394545
9,2026-02-03 04:48:08,75380.36896314945,1222.00004196167,81794,82095,0.9963335160484804
9,2026-02-03 04:48:08,75380.36896314945,1224.0000423431395,81414,82023,0.9925752532826159
9,2026-02-03 04:48:08,75380.36896314945,1226.0000427246093,81968,81952,1.0001952362358453
9,2026-02-03 04:48:08,75380.36896314945,1228.000043106079,81882,82313,0.9947638890576215
9,2026-02-03 04:48:08,75380.36896314945,1230.0000434875487,81536,82388,0.9896586881584697
9,2026-02-03 04:48:08,75380.36896314945,1232.0000438690186,81352,82040,0.9916138469039493
9,2026-02-03 04:48:08,75380.36896314945,1234.0000442504881,81447,81933,0.994068324118487
9,2026-02-03 04:48:08,75380.36896314945,1236.000044631958,81571,82529,0.9883919591901029
9,2026-02-03 04:48:08,75380.36896314945,1238.0000450134276,81556,82528,0.9882221791392013
9,2026-02-03 04:48:08,75380.36896314945,1240.0000453948974,81929,82058,0.9984279412123133
9,2026-02-03 04:48:08,75380.36896314945,1242.0000457763672,81544,82072,0.9935666244273321
9,2026-02-03 04:48:08,75380.36896314945,1244.0000461578368,81690,82164,0.9942310500949321
9,2026-02-03 04:48:08,75380.36896314945,1246.0000465393066,82462,82294,1.002041461102875
9,2026-02-03 04:48:08,75380.36896314945,1248.0000469207762,81976,82290,0.99618422651598
9,2026-02-03 04:48:08,75380.36896314945,1250.000047302246,81720,82136,0.9949352293756696
9,2026-02-03 04:48:08,75380.36896314945,1252.0000476837158,82151,82017,1.0016338076252485
9,2026-02-03 04:48:08,75380.36896314945,1254.0000480651854,81403,81904,0.9938830826333268
9,2026-02-03 04:48:08,75380.36896314945,1256.0000484466552,82186,82183,1.0000365038998333
9,2026-02-03 04:48:08,75380.36896314945,1258.0000488281248,81893,82431,0.9934733292086715
9,2026-02-03 04:48:08,75380.36896314945,1260.0000492095946,82025,82158,0.9983811679933786
9,2026-02-03 04:48:08,75380.36896314945,1262.0000495910645,81832,81861,0.9996457409511245
9,2026-02-03 04:48:08,75380.36896314945,1264.000049972534,81339,81420,0.9990051584377303
9,2026-02-03 04:48:08,75380.36896314945,1266.0000503540039,82049,81627,1.0051698580126673
9,2026-02-03 04:48:08,75380.36896314945,1268.0000507354735,81634,81603,1.000379887994314
9,2026-02-03 04:48:08,75380.36896314945,1270.0000511169433,81592,81670,0.9990449369413493
9,2026-02-03 04:48:08,75380.36896314945,1272.000051498413,81897,81665,1.0028408743035573
9,2026-02-03 04:48:08,75380.36896314945,1274.0000518798827,81777,82365,0.9928610453469313
9,2026-02-03 04:48:08,75380.36896314945,1276.0000522613525,81725,81594,1.001605510209084
9,2026-02-03 04:48:08,75380.36896314945,1278.000052642822,81592,81501,1.001116550717169
9,2026-02-03 04:48:08,75380.36896314945,1280.000053024292,81714,81773,0.9992784904552847
9,2026-02-03 04:48:08,75380.36896314945,1282.0000534057617,81790,82228,0.9946733472782994
9,2026-02-03 04:48:08,75380.36896314945,1284.0000537872313,81758,82330,0.9930523502975829
9,2026-02-03 04:48:08,75380.36896314945,1286.0000541687011,81760,81870,0.9986564064981067
9,2026-02-03 04:48:08,75380.36896314945,1288.0000545501707,81759,82171,0.9949860656435969
9,2026-02-03 04:48:08,75380.36896314945,1290.0000549316405,81607,82124,0.9937046417612391
9,2026-02-03 04:48:08,75380.36896314945,1292.0000553131104,82217,81831,1.0047170387750364
9,2026-02-03 04:48:08,75380.36896314945,1294.00005569458,81436,82034,0.9927103396152814
9,2026-02-03 04:48:08,75380.36896314945,1296.0000560760498,81654,81632,1.0002695021560173
9,2026-02-03 04:48:08,75380.36896314945,1298.0000564575193,81521,81401,1.0014741833638408
9,2026-02-03 04:48:08,75380.36896314945,1300.0000568389892,81911,82013,0.9987562947337617
9,2026-02-03 04:48:08,75380.36896314945,1302.000057220459,82223,81990,1.0028418099768264
9,2026-02-03 04:48:08,75380.36896314945,1304.0000576019286,82159,81650,1.0062339252908756
9,2026-02-03 04:48:08,75380.36896314945,1306.0000579833984,81895,82214,0.9961198822584961
9,2026-02-03 04:48:08,75380.36896314945,1308.000058364868,81880,81544,1.0041204748356716
9,2026-02-03 04:48:08,75380.36896314945,1310.0000587463378,81195,82570,0.9833474627588713
9,2026-02-03 04:48:08,75380.36896314945,1312.0000591278076,81855,81854,1.0000122168739463
9,2026-02-03 04:48:08,75380.36896314945,1314.0000595092772,81625,81872,0.9969830955638069
9,2026-02-03 04:48:08,75380.36896314945,1316.000059890747,81473,82485,0.9877311026247196
9,2026-02-03 04:48:08,75380.36896314945,1318.0000602722166,81620,82201,0.9929319594652133
9,2026-02-03 04:48:08,75380.36896314945,1320.0000606536864,81488,82417,0.988728053678246
9,2026-02-03 04:48:08,75380.36896314945,1322.0000610351562,82419,82641,0.9973136820706429
9,2026-02-03 04:48:08,75380.36896314945,1324.0000614166258,81763,82151,0.9952769899331718
9,2026-02-03 04:48:08,75380.36896314945,1326.0000617980957,81521,81796,0.9966379774072082
9,2026-02-03 04:48:08,75380.36896314945,1328.0000621795652,82201,82619,0.9949406310897009
9,2026-02-03 04:48:08,75380.36896314945,1330.000062561035,81665,81868,0.9975203986905751
9,2026-02-03 04:48:08,75380.36896314945,1332.0000629425049,81458,82706,0.9849104055328513
9,2026-02-03 04:48:08,75380.36896314945,1334.0000633239745,82123,81800,1.0039486552567236
9,2026-02-03 04:48:08,75380.36896314945,1336.0000637054443,81189,81596,0.9950120103926663
9,2026-02-03 04:48:08,75380.36896314945,1338.0000640869139,81828,82304,0.9942165629860031
9,2026-02-03 04:48:08,75380.36896314945,1340.0000644683837,81705,81744,0.9995229007633588
9,2026-02-03 04:48:08,75380.36896314945,1342.0000648498535,81331,81802,0.99424219456737
9,2026-02-03 04:48:08,75380.36896314945,1344.000065231323,81523,82189,0.9918967258392243
9,2026-02-03 04:48:08,75380.36896314945,1346.000065612793,82191,81808,1.0046816937218854
9,2026-02-03 04:48:08,75380.36896314945,1348.0000659942625,81894,82114,0.9973207979150936
9,2026-02-03 04:48:08,75380.36896314945,1350.0000663757323,81548,82530,0.9881012964982431
9,2026-02-03 04:48:08,75380.36896314945,1352.0000667572021,81410,81655,0.9969995713673382
9,2026-02-03 04:48:08,75380.36896314945,1354.0000671386717,81674,82647,0.9882270378840128
9,2026-02-03 04:48:08,75380.36896314945,1356.0000675201416,81876,81588,1.003529930872187
9,2026-02-03 04:48:08,75380.36896314945,1358.0000679016111,82209,82175,1.000413751140858
9,2026-02-03 04:48:08,75380.36896314945,1360.000068283081,81796,82125,0.9959939117199391
9,2026-02-03 04:48:08,75380.36896314945,1362.0000686645508,81750,82205,0.9944650568700201
9,2026-02-03 04:48:08,75380.36896314945,1364.0000690460204,81768,81937,0.9979374397402883
9,2026-02-03 04:48:08,75380.36896314945,1366.0000694274902,81068,82650,0.9808590441621294
9,2026-02-03 04:48:08,75380.36896314945,1368.0000698089598,81756,81972,0.997364953886693
9,2026-02-03 04:48:08,75380.36896314945,1370.0000701904296,81270,81856,0.992841086786552
9,2026-02-03 04:48:08,75380.36896314945,1372.0000705718994,82055,82007,1.000585315887668
9,2026-02-03 04:48:08,75380.36896314945,1374.000070953369,81302,82009,0.9913789949883549
9,2026-02-03 04:48:08,75380.36896314945,1376.0000713348388,81773,81695,1.0009547707938062
9,2026-02-03 04:48:08,75380.36896314945,1378.0000717163084,82615,81864,1.0091737515879997
9,2026-02-03 04:48:08,75380.36896314945,1380.0000720977782,81979,81998,0.999768287031391
9,2026-02-03 04:48:08,75380.36896314945,1382.000072479248,81787,81749,1.0004648374903669
9,2026-02-03 04:48:08,75380.36896314945,1384.0000728607176,81692,82376,0.9916966106633
9,2026-02-03 04:48:08,75380.36896314945,1386.0000732421875,82326,82046,1.0034127196938303
9,2026-02-03 04:48:08,75380.36896314945,1388.000073623657,81566,81785,0.997322247355872
9,2026-02-03 04:48:08,75380.36896314945,1390.0000740051269,81636,82110,0.9942272561198392
9,2026-02-03 04:48:08,75380.36896314945,1392.0000743865967,81474,82216,0.9909749927021504
9,2026-02-03 04:48:08,75380.36896314945,1394.0000747680663,81414,81561,0.9981976680030897
9,2026-02-03 04:48:08,75380.36896314945,1396.000075149536,81351,82175,0.9899726194097962
9,2026-02-03 04:48:08,75380.36896314945,1398.0000755310057,81709,81888,0.9978140875341931
9,2026-02-03 04:48:08,75380.36896314945,1400.0000759124755,81724,82188,0.9943544069693873
9,2026-02-03 04:48:08,75380.36896314945,1402.0000762939453,81954,82169,0.9973834414438535
9,2026-02-03 04:48:08,75380.36896314945,1404.000076675415,81637,81819,0.9977755777997775
9,2026-02-03 04:48:08,75380.36896314945,1406.0000770568847,82308,82095,1.0025945550886168
9,2026-02-03 04:48:08,75380.36896314945,1408.0000774383543,81404,82228,0.9899790825509559
9,2026-02-03 04:48:08,75380.36896314945,1410.0000778198241,81631,82094,0.9943601237605671
9,2026-02-03 04:48:08,75380.36896314945,1412.000078201294,81851,82052,0.997550333934578
9,2026-02-03 04:48:08,75380.36896314945,1414.0000785827635,82127,81983,1.0017564617054755
9,2026-02-03 04:48:08,75380.36896314945,1416.0000789642334,81952,82686,0.9911230438042716
9,2026-02-03 04:48:08,75380.36896314945,1418.000079345703,81927,82103,0.997856351168654
9,2026-02-03 04:48:08,75380.36896314945,1420.0000797271728,81012,82426,0.9828452187416592
9,2026-02-03 04:48:08,75380.36896314945,1422.0000801086426,81436,81833,0.9951486564100057
9,2026-02-03 04:48:08,75380.36896314945,1424.0000804901122,81238,81932,0.9915295610994483
9,2026-02-03 04:48:08,75380.36896314945,1426.000080871582,81586,82656,0.9870547812620983
9,2026-02-03 04:48:08,75380.36896314945,1428.0000812530516,81663,83009,0.983784890794974
9,2026-02-03 04:48:08,75380.36896314945,1430.0000816345214,81586,81822,0.9971156901566816
9,2026-02-03 04:48:08,75380.36896314945,1432.0000820159912,82236,82282,0.9994409469871904
9,2026-02-03 04:48:08,75380.36896314945,1434.0000823974608,81292,82195,0.9890139302877304
9,2026-02-03 04:48:08,75380.36896314945,1436.0000827789306,81928,82540,0.9925854131330264
9,2026-02-03 04:48:08,75380.36896314945,1438.0000831604002,81716,82579,0.9895494011794767
9,2026-02-03 04:48:08,75380.36896314945,1440.00008354187,81852,82372,0.993687175253727
9,2026-02-03 04:48:08,75380.36896314945,1442.0000839233398,81920,82227,0.9962664331667214
9,2026-02-03 04:48:08,75380.36896314945,1444.0000843048094,81438,82230,0.9903684786574243
9,2026-02-03 04:48:08,75380.36896314945,1446.0000846862793,81679,82128,0.9945329242158581
9,2026-02-03 04:48:08,75380.36896314945,1448.0000850677488,81877,82251,0.9954529428213639
9,2026-02-03 04:48:08,75380.36896314945,1450.0000854492187,81514,82148,0.992282222330428
9,2026-02-03 04:48:08,75380.36896314945,1452.0000858306885,81804,81818,0.9998288885086412
9,2026-02-03 04:48:08,75380.36896314945,1454.000086212158,81843,82459,0.9925296207812367
9,2026-02-03 04:48:08,75380.36896314945,1456.0000865936279,81906,82353,0.9945721467341809
9,2026-02-03 04:48:08,75380.36896314945,1458.0000869750975,81692,82079,0.99528503027571
9,2026-02-03 04:48:08,75380.36896314945,1460.0000873565673,81859,81857,1.0000244328524133
9,2026-02-03 04:48:08,75380.36896314945,1462.000087738037,81779,81672,1.0013101185228719
9,2026-02-03 04:48:08,75380.36896314945,1464.0000881195067,81799,81634,1.0020212166499254
9,2026-02-03 04:48:08,75380.36896314945,1466.0000885009765,81593,81648,0.9993263766411915
9,2026-02-03 04:48:08,75380.36896314945,1468.000088882446,81700,81812,0.9986310076761356
9,2026-02-03 04:48:08,75380.36896314945,1470.000089263916,81451,82187,0.9910448124399236
9,2026-02-03 04:48:08,75380.36896314945,1472.0000896453857,82061,82181,0.9985398084715446
9,2026-02-03 04:48:08,75380.36896314945,1474.0000900268553,81551,82348,0.9903215621508719
9,2026-02-03 04:48:08,75380.36896314945,1476.0000904083251,82114,82253,0.9983100920331174
9,2026-02-03 04:48:08,75380.36896314945,1478.0000907897947,81510,82575,0.987102633969119
9,2026-02-03 04:48:08,75380.36896314945,1480.0000911712646,81699,82476,0.9905790775498327
9,2026-02-03 04:48:08,75380.36896314945,1482.0000915527344,81908,82304,0.995188569206843
9,2026-02-03 04:48:08,75380.36896314945,1484.000091934204,81570,81540,1.0003679175864606
9,2026-02-03 04:48:08,75380.36896314945,1486.0000923156738,81454,82612,0.9859826659565196
9,2026-02-03 04:48:08,75380.36896314945,1488.0000926971434,81868,82664,0.9903706571179716
9,2026-02-03 04:48:08,75380.36896314945,1490.0000930786132,81894,82089,0.9976245294741074
9,2026-02-03 04:48:08,75380.36896314945,1492.000093460083,81894,81808,1.0010512419323294
9,2026-02-03 04:48:08,75380.36896314945,1494.0000938415526,82104,81835,1.0032871020956804
9,2026-02-03 04:48:08,75380.36896314945,1496.0000942230224,81476,82202,0.9911680980998029
9,2026-02-03 04:48:08,75380.36896314945,1498.000094604492,81910,82047,0.9983302253586359
9,2026-02-03 04:48:08,75380.36896314945,1500.0000949859618,81627,82348,0.9912444746684801
9,2026-02-03 04:48:08,75380.36896314945,1502.0000953674316,82291,82254,1.0004498261482724
9,2026-02-03 04:48:08,75380.36896314945,1504.0000957489012,81470,82091,0.9924352243242256
9,2026-02-03 04:48:08,75380.36896314945,1506.000096130371,81949,81959,0.999877987774375
9,2026-02-03 04:48:08,75380.36896314945,1508.0000965118406,81317,81885,0.9930634426329609
9,2026-02-03 04:48:08,75380.36896314945,1510.0000968933105,81915,82152,0.9971151037101957
9,2026-02-03 04:48:08,75380.36896314945,1512.0000972747803,81303,81531,0.9972035176803915
9,2026-02-03 04:48:08,75380.36896314945,1514.0000976562499,80908,81656,0.9908396198687175
9,2026-02-03 04:48:08,75380.36896314945,1516.0000980377195,81498,81958,0.9943873691402914
9,2026-02-03 04:48:08,75380.36896314945,1518.0000984191893,81467,81782,0.9961482966912034
9,2026-02-03 04:48:08,75380.36896314945,1520.000098800659,81498,81879,0.9953467922177848
9,2026-02-03 04:48:08,75380.36896314945,1522.000099182129,82264,81520,1.0091265947006869
9,2026-02-03 04:48:08,75380.36896314945,1524.0000995635985,81947,81736,1.0025814818439855
9,2026-02-03 04:48:08,75380.36896314945,1526.000099945068,81490,81482,1.0000981811933924
9,2026-02-03 04:48:08,75380.36896314945,1528.000100326538,81862,82056,0.9976357609437457
9,2026-02-03 04:48:08,75380.36896314945,1530.0001007080077,82094,82249,0.9981154786076426
9,2026-02-03 04:48:08,75380.36896314945,1532.0001010894775,81527,82082,0.993238468848225
9,2026-02-03 04:48:08,75380.36896314945,1534.0001014709471,81210,81496,0.9964906253067635
9,2026-02-03 04:48:08,75380.36896314945,1536.0001018524167,81304,82264,0.9883302538169795
9,2026-02-03 04:48:08,75380.36896314945,1538.0001022338865,81391,82143,0.9908452333126377
9,2026-02-03 04:48:08,75380.36896314945,1540.0001026153564,81319,82172,0.9896193350533028
9,2026-02-03 04:48:08,75380.36896314945,1542.0001029968262,81384,82103,0.9912427073310354
9,2026-02-03 04:48:08,75380.36896314945,1544.0001033782958,81204,82124,0.9887974282791876
9,2026-02-03 04:48:08,75380.36896314945,1546.0001037597654,81750,82311,0.9931843860480373
9,2026-02-03 04:48:08,75380.36896314945,1548.0001041412352,82001,81596,1.0049634786018922
9,2026-02-03 04:48:08,75380.36896314945,1550.000104522705,82599,82207,1.004768450375272
9,2026-02-03 04:48:08,75380.36896314945,1552.0001049041748,81609,82082,0.9942374698472259
9,2026-02-03 04:48:08,75380.36896314945,1554.0001052856444,82254,81623,1.007730664151036
9,2026-02-03 04:48:08,75380.36896314945,1556.000105667114,81308,82428,0.9864123841413112
9,2026-02-03 04:48:08,75380.36896314945,1558.0001060485838,82219,81898,1.0039195096339348
9,2026-02-03 04:48:08,75380.36896314945,1560.0001064300536,81508,82121,0.9925354050730021
9,2026-02-03 04:48:08,75380.36896314945,1562.0001068115234,81813,82228,0.9949530573527265
9,2026-02-03 04:48:08,75380.36896314945,1564.000107192993,81351,82704,0.9836404526987812
9,2026-02-03 04:48:08,75380.36896314945,1566.0001075744626,82269,82482,0.9974176183894667
9,2026-02-03 04:48:08,75380.36896314945,1568.0001079559324,81422,82214,0.9903666042279904
9,2026-02-03 04:48:08,75380.36896314945,1570.0001083374023,81271,82026,0.9907956013946797
9,2026-02-03 04:48:08,75380.36896314945,1572.000108718872,81191,82531,0.9837636766790661
9,2026-02-03 04:48:08,75380.36896314945,1574.0001091003417,81552,82218,0.9918995840326935
9,2026-02-03 04:48:08,75380.36896314945,1576.0001094818113,81748,81538,1.0025754862763374
9,2026-02-03 04:48:08,75380.36896314945,1578.000109863281,81554,81773,0.9973218544018196
9,2026-02-03 04:48:08,75380.36896314945,1580.0001102447509,81839,81791,1.0005868616351432
9,2026-02-03 04:48:08,75380.36896314945,1582.0001106262207,81732,82303,0.9930622213042052
9,2026-02-03 04:48:08,75380.36896314945,1584.0001110076903,81216,82508,0.9843409123963737
9,2026-02-03 04:48:08,75380.36896314945,1586.0001113891599,81800,81470,1.0040505707622438
9,2026-02-03 04:48:08,75380.36896314945,1588.0001117706297,81625,82409,0.9904864759916999
9,2026-02-03 04:48:08,75380.36896314945,1590.0001121520995,82208,81732,1.0058239122987325
9,2026-02-03 04:48:08,75380.36896314945,1592.0001125335693,81501,82288,0.9904360295547346
9,2026-02-03 04:48:08,75380.36896314945,1594.000112915039,81371,81925,0.9932377174244736
9,2026-02-03 04:48:08,75380.36896314945,1596.0001132965085,81506,82356,0.9896789547816796
9,2026-02-03 04:48:08,75380.36896314945,1598.0001136779783,81849,81764,1.001039577320092
9,2026-02-03 04:48:08,75380.36896314945,1600.0001140594482,81668,82320,0.9920796890184646
9,2026-02-03 04:48:08,75380.36896314945,1602.000114440918,81677,81482,1.0023931665889398
9,2026-02-03 04:48:08,75380.36896314945,1604.0001148223876,81631,82166,0.9934887909841054
9,2026-02-03 04:48:08,75380.36896314945,1606.0001152038571,81660,82554,0.9891707246166146
9,2026-02-03 04:48:08,75380.36896314945,1608.000115585327,81731,81764,0.9995963993933761
9,2026-02-03 04:48:08,75380.36896314945,1610.0001159667968,81601,81739,0.9983116994335629
9,2026-02-03 04:48:08,75380.36896314945,1612.0001163482666,82300,82163,1.0016674172072588
9,2026-02-03 04:48:08,75380.36896314945,1614.0001167297362,81403,82057,0.9920299304142243
9,2026-02-03 04:48:08,75380.36896314945,1616.0001171112058,81868,82155,0.9965066033716755
9,2026-02-03 04:48:08,75380.36896314945,1618.0001174926756,82135,82300,0.9979951397326853
9,2026-02-03 04:48:08,75380.36896314945,1620.0001178741454,82012,82553,0.99344663428343
9,2026-02-03 04:48:08,75380.36896314945,1622.0001182556152,82217,81727,1.0059955706192567
9,2026-02-03 04:48:08,75380.36896314945,1624.0001186370848,82070,82766,0.9915907498248073
9,2026-02-03 04:48:08,75380.36896314945,1626.0001190185544,81477,81908,0.9947379987302828
9,2026-02-03 04:48:08,75380.36896314945,1628.0001194000242,81729,82621,0.9892037133416444
9,2026-02-03 04:48:08,75380.36896314945,1630.000119781494,82381,81973,1.0049772486062485
9,2026-02-03 04:48:08,75380.36896314945,1632.0001201629639,81891,82127,0.997126401792346
9,2026-02-03 04:48:08,75380.36896314945,1634.0001205444335,81807,82077,0.9967104060820936
9,2026-02-03 04:48:08,75380.36896314945,1636.000120925903,82075,82713,0.9922865813112812
9,2026-02-03 04:48:08,75380.36896314945,1638.0001213073729,81552,81594,0.9994852562688433
9,2026-02-03 04:48:08,75380.36896314945,1640.0001216888427,82159,81925,1.0028562709795545
9,2026-02-03 04:48:08,75380.36896314945,1642.0001220703125,81893,82261,0.9955264341547028
9,2026-02-03 04:48:08,75380.36896314945,1644.000122451782,81600,82125,0.993607305936073
9,2026-02-03 04:48:08,75380.36896314945,1646.0001228332517,81411,81898,0.9940535788419742
9,2026-02-03 04:48:08,75380.36896314945,1648.0001232147215,81996,81985,1.000134170884918
9,2026-02-03 04:48:08,75380.36896314945,1650.0001235961913,81042,82271,0.9850615648284329
9,2026-02-03 04:48:08,75380.36896314945,1652.0001239776611,81492,81835,0.9958086393352478
9,2026-02-03 04:48:08,75380.36896314945,1654.0001243591307,81401,81625,0.9972557427258806
9,2026-02-03 04:48:08,75380.36896314945,1656.0001247406003,81525,81764,0.9970769531823296
9,2026-02-03 04:48:08,75380.36896314945,1658.0001251220701,81330,82188,0.98956051978391
9,2026-02-03 04:48:08,75380.36896314945,1660.00012550354,81578,81069,1.0062786021783912
9,2026-02-03 04:48:08,75380.36896314945,1662.0001258850098,81341,81682,0.9958252736220955
9,2026-02-03 04:48:08,75380.36896314945,1664.0001262664794,81923,81797,1.0015403987921316
9,2026-02-03 04:48:08,75380.36896314945,1666.000126647949,81525,81825,0.9963336388634281
9,2026-02-03 04:48:08,75380.36896314945,1668.0001270294188,82352,82128,1.0027274498344048
9,2026-02-03 04:48:08,75380.36896314945,1670.0001274108886,81589,81942,0.9956920748822338
9,2026-02-03 04:48:08,75380.36896314945,1672.0001277923584,81673,81797,0.9984840519823466
9,2026-02-03 04:48:08,75380.36896314945,1674.000128173828,81682,82257,0.9930097134590369
9,2026-02-03 04:48:08,75380.36896314945,1676.0001285552976,81548,82425,0.9893600242644829
9,2026-02-03 04:48:08,75380.36896314945,1678.0001289367674,81725,81773,0.9994130091839605
9,2026-02-03 04:48:08,75380.36896314945,1680.0001293182372,81766,82155,0.9952650477755463
9,2026-02-03 04:48:08,75380.36896314945,1682.000129699707,81451,81799,0.9957456692624604
9,2026-02-03 04:48:08,75380.36896314945,1684.0001300811766,81644,82224,0.992946098462736
9,2026-02-03 04:48:08,75380.36896314945,1686.0001304626462,81733,82025,0.9964401097226455
9,2026-02-03 04:48:08,75380.36896314945,1688.000130844116,81672,81927,0.996887472994251
9,2026-02-03 04:48:08,75380.36896314945,1690.0001312255858,82158,82112,1.0005602104442712
9,2026-02-03 04:48:08,75380.36896314945,1692.0001316070557,81388,82170,0.9904831447000122
9,2026-02-03 04:48:08,75380.36896314945,1694.0001319885253,82092,82511,0.9949218892026518
9,2026-02-03 04:48:08,75380.36896314945,1696.0001323699948,82011,82520,0.9938317983519147
9,2026-02-03 04:48:08,75380.36896314945,1698.0001327514647,81477,81994,0.9936946605849208
9,2026-02-03 04:48:08,75380.36896314945,1700.0001331329345,81446,82619,0.9858022972923903
9,2026-02-03 04:48:08,75380.36896314945,1702.0001335144043,81552,81924,0.9954592060934525
9,2026-02-03 04:48:08,75380.36896314945,1704.000133895874,81879,81694,1.0022645481920336
9,2026-02-03 04:48:08,75380.36896314945,1706.0001342773435,82412,82719,0.9962886398529963
9,2026-02-03 04:48:08,75380.36896314945,1708.0001346588133,81434,82155,0.9912239060312823
9,2026-02-03 04:48:08,75380.36896314945,1710.000135040283,81658,82578,0.9888590181404248
9,2026-02-03 04:48:08,75380.36896314945,1712.000135421753,81879,81823,1.000684404140645
9,2026-02-03 04:48:08,75380.36896314945,1714.0001358032225,81931,82848,0.9889315372730784
9,2026-02-03 04:48:08,75380.36896314945,1716.000136184692,82086,82084,1.0000243652843428
9,2026-02-03 04:48:08,75380.36896314945,1718.000136566162,81931,82058,0.9984523142167735
9,2026-02-03 04:48:08,75380.36896314945,1720.0001369476317,81935,81673,1.0032079144882642
9,2026-02-03 04:48:08,75380.36896314945,1722.0001373291016,81387,82256,0.9894354211242948
9,2026-02-03 04:48:08,75380.36896314945,1724.0001377105712,81854,82204,0.9957422996447861
9,2026-02-03 04:48:08,75380.36896314945,1726.0001380920407,82024,82700,0.991825876662636
9,2026-02-03 04:48:08,75380.36896314945,1728.0001384735106,82266,81835,1.0052666951793243
9,2026-02-03 04:48:08,75380.36896314945,1730.0001388549804,81648,81834,0.997727106092822
9,2026-02-03 04:48:08,75380.36896314945,1732.0001392364502,81826,81946,0.9985356210187196
9,2026-02-03 04:48:08,75380.36896314945,1734.0001396179198,82054,82372,0.9961394648667022
9,2026-02-03 04:48:08,75380.36896314945,1736.0001399993894,81802,81691,1.0013587788128435
9,2026-02-03 04:48:08,75380.36896314945,1738.0001403808592,81533,82254,0.9912344688404211
9,2026-02-03 04:48:08,75380.36896314945,1740.000140762329,81767,82020,0.9969153864910998
9,2026-02-03 04:48:08,75380.36896314945,1742.0001411437988,81672,82141,0.9942903056938679
9,2026-02-03 04:48:08,75380.36896314945,1744.0001415252684,81465,82784,0.9840669694626981
9,2026-02-03 04:48:08,75380.36896314945,1746.000141906738,81654,81746,0.9988745626697331
9,2026-02-03 04:48:08,75380.36896314945,1748.0001422882078,81607,82129,0.9936441451862315
9,2026-02-03 04:48:08,75380.36896314945,1750.0001426696776,81902,82352,0.994535651836021
9,2026-02-03 04:48:08,75380.36896314945,1752.0001430511475,81502,81676,0.9978696312258191
9,2026-02-03 04:48:08,75380.36896314945,1754.000143432617,81734,82128,0.9952026105591272
9,2026-02-03 04:48:08,75380.36896314945,1756.0001438140866,81896,81894,1.0000244218135639
9,2026-02-03 04:48:08,75380.36896314945,1758.0001441955565,81659,81252,1.0050091074681238
9,2026-02-03 04:48:08,75380.36896314945,1760.0001445770263,81412,82362,0.9884655545032903
9,2026-02-03 04:48:08,75380.36896314945,1762.000144958496,81422,82376,0.9884189569777605
9,2026-02-03 04:48:08,75380.36896314945,1764.0001453399657,82035,82123,0.9989284366133726
9,2026-02-03 04:48:08,75380.36896314945,1766.0001457214353,81958,81543,1.0050893393669598
9,2026-02-03 04:48:08,75380.36896314945,1768.000146102905,81197,82263,0.9870415618200163
9,2026-02-03 04:48:08,75380.36896314945,1770.000146484375,81952,81613,1.0041537500153161
9,2026-02-03 04:48:08,75380.36896314945,1772.0001468658447,81135,81772,0.9922100474490045
9,2026-02-03 04:48:08,75380.36896314945,1774.0001472473143,81833,81969,0.9983408361697715
9,2026-02-03 04:48:08,75380.36896314945,1776.000147628784,81461,82176,0.9912991627725857
9,2026-02-03 04:48:08,75380.36896314945,1778.0001480102537,82059,82314,0.9969021065675341
9,2026-02-03 04:48:08,75380.36896314945,1780.0001483917235,82546,82093,1.005518131874825
9,2026-02-03 04:48:08,75380.36896314945,1782.0001487731934,81733,82023,0.9964644063250552
9,2026-02-03 04:48:08,75380.36896314945,1784.000149154663,81537,81883,0.9957744586788466
9,2026-02-03 04:48:08,75380.36896314945,1786.0001495361325,81604,82347,0.9909772062127339
9,2026-02-03 04:48:08,75380.36896314945,1788.0001499176024,81583,82340,0.99080641243624
9,2026-02-03 04:48:08,75380.36896314945,1790.0001502990722,81695,82464,0.9906747186651145
9,2026-02-03 04:48:08,75380.36896314945,1792.000150680542,81630,82371,0.9910041155260954
9,2026-02-03 04:48:08,75380.36896314945,1794.0001510620116,81656,82005,0.9957441619413451
9,2026-02-03 04:48:08,75380.36896314945,1796.0001514434812,81436,81701,0.9967564656491352
9,2026-02-03 04:48:08,75380.36896314945,1798.000151824951,81660,82550,0.9892186553603877
9,2026-02-03 04:48:08,75380.36896314945,1800.0001522064208,81767,82111,0.9958105491347079
9,2026-02-03 04:48:08,75380.36896314945,1802.0001525878906,81343,82582,0.9849967305223899
9,2026-02-03 04:48:08,75380.36896314945,1804.0001529693602,82124,82619,0.994008642079909
9,2026-02-03 04:48:08,75380.36896314945,1806.0001533508298,81764,82258,0.9939945050937294
9,2026-02-03 04:48:08,75380.36896314945,1808.0001537322996,82105,82159,0.9993427378619506
9,2026-02-03 04:48:08,75380.36896314945,1810.0001541137694,81552,82400,0.9897087378640776
9,2026-02-03 04:48:08,75380.36896314945,1812.0001544952393,81756,81579,1.0021696760195637
9,2026-02-03 04:48:08,75380.36896314945,1814.0001548767088,81073,81939,0.9894311622060313
9,2026-02-03 04:48:08,75380.36896314945,1816.0001552581784,82082,82816,0.9911369783616693
9,2026-02-03 04:48:08,75380.36896314945,1818.0001556396483,82272,82461,0.9977080074216903
9,2026-02-03 04:48:08,75380.36896314945,1820.000156021118,82050,81870,1.0021986075485525
9,2026-02-03 04:48:08,75380.36896314945,1822.000156402588,81372,82131,0.9907586660335318
9,2026-02-03 04:48:08,75380.36896314945,1824.0001567840575,81271,81944,0.9917870740993849
9,2026-02-03 04:48:08,75380.36896314945,1826.000157165527,81952,81833,1.001454181076094
9,2026-02-03 04:48:08,75380.36896314945,1828.000157546997,81935,81611,1.0039700530565732
9,2026-02-03 04:48:08,75380.36896314945,1830.0001579284667,81516,81808,0.9964306669274399
9,2026-02-03 04:48:08,75380.36896314945,1832.0001583099365,81432,82159,0.9911513041784832
9,2026-02-03 04:48:08,75380.36896314945,1834.000158691406,81404,81902,0.9939195624038485
9,2026-02-03 04:48:08,75380.36896314945,1836.0001590728757,82129,82150,0.9997443700547779
9,2026-02-03 04:48:08,75380.36896314945,1838.0001594543455,82049,81778,1.0033138496906258
9,2026-02-03 04:48:08,75380.36896314945,1840.0001598358153,81656,82128,0.9942528735632183
9,2026-02-03 04:48:08,75380.36896314945,1842.0001602172852,81457,81938,0.9941297078278698
9,2026-02-03 04:48:08,75380.36896314945,1844.0001605987547,81902,81864,1.0004641845011237
9,2026-02-03 04:48:08,75380.36896314945,1846.0001609802243,81582,81790,0.9974569018217386
9,2026-02-03 04:48:08,75380.36896314945,1848.0001613616942,81890,81598,1.00357851908135
9,2026-02-03 04:48:08,75380.36896314945,1850.000161743164,81290,82075,0.990435577215961
9,2026-02-03 04:48:08,75380.36896314945,1852.0001621246338,81561,81990,0.9947676545920234
9,2026-02-03 04:48:08,75380.36896314945,1854.0001625061034,82005,82134,0.9984293958652933
9,2026-02-03 04:48:08,75380.36896314945,1856.000162887573,81794,81641,1.001874058377531
9,2026-02-03 04:48:08,75380.36896314945,1858.0001632690428,81898,82375,0.9942094081942336
9,2026-02-03 04:48:08,75380.36896314945,1860.0001636505126,82026,81874,1.0018565112245645
9,2026-02-03 04:48:08,75380.36896314945,1862.0001640319824,81630,81702,0.9991187486230447
9,2026-02-03 04:48:08,75380.36896314945,1864.000164413452,81612,82411,0.9903046923347611
9,2026-02-03 04:48:08,75380.36896314945,1866.0001647949216,81831,82185,0.9956926446431831
9,2026-02-03 04:48:08,75380.36896314945,1868.0001651763914,80983,81971,0.9879469568505935
9,2026-02-03 04:48:08,75380.36896314945,1870.0001655578612,81654,81966,0.9961935436644462
9,2026-02-03 04:48:08,75380.36896314945,1872.000165939331,81812,82169,0.9956552957928172
9,2026-02-03 04:48:08,75380.36896314945,1874.0001663208006,81935,82259,0.9960612212645424
9,2026-02-03 04:48:08,75380.36896314945,1876.0001667022702,81326,82041,0.991284845382187
9,2026-02-03 04:48:08,75380.36896314945,1878.00016708374,81895,81823,1.0008799481808293
9,2026-02-03 04:48:08,75380.36896314945,1880.0001674652099,81625,82083,0.9944202819097743
9,2026-02-03 04:48:08,75380.36896314945,1882.0001678466797,81674,82008,0.9959272266120378
9,2026-02-03 04:48:08,75380.36896314945,1884.0001682281493,81864,82137,0.9966762847437818
9,2026-02-03 04:48:08,75380.36896314945,1886.0001686096189,82071,81946,1.001525394772167
9,2026-02-03 04:48:08,75380.36896314945,1888.0001689910887,82068,82327,0.996854009012839
9,2026-02-03 04:48:08,75380.36896314945,1890.0001693725585,81739,82407,0.9918938925091315
9,2026-02-03 04:48:08,75380.36896314945,1892.0001697540283,82766,82095,1.0081734575796333
9,2026-02-03 04:48:08,75380.36896314945,1894.000170135498,81706,82111,0.9950676523242927
9,2026-02-03 04:48:08,75380.36896314945,1896.0001705169675,81945,81791,1.0018828477460846
9,2026-02-03 04:48:08,75380.36896314945,1898.0001708984373,81302,82495,0.9855385174859083
9,2026-02-03 04:48:08,75380.36896314945,1900.0001712799071,82162,81852,1.003787323461858
9,2026-02-03 04:48:08,75380.36896314945,1902.000171661377,81842,82657,0.990139976045586
9,2026-02-03 04:48:08,75380.36896314945,1904.0001720428465,81982,82028,0.9994392158775053
9,2026-02-03 04:48:08,75380.36896314945,1906.0001724243161,81871,82310,0.994666504677439
9,2026-02-03 04:48:08,75380.36896314945,1908.000172805786,81737,82414,0.9917853762710219
9,2026-02-03 04:48:08,75380.36896314945,1910.0001731872558,81625,81717,0.9988741632708005
9,2026-02-03 04:48:08,75380.36896314945,1912.0001735687256,81318,82053,0.9910423750502724
9,2026-02-03 04:48:08,75380.36896314945,1914.0001739501952,81642,82363,0.9912460692301155
9,2026-02-03 04:48:08,75380.36896314945,1916.0001743316648,82024,82258,0.9971552918865034
9,2026-02-03 04:48:08,75380.36896314945,1918.0001747131346,81419,82555,0.9862394767124947
9,2026-02-03 04:48:08,75380.36896314945,1920.0001750946044,81366,82319,0.988423085800362
9,2026-02-03 04:48:08,75380.36896314945,1922.0001754760742,81804,82221,0.9949283029882877
9,2026-02-03 04:48:08,75380.36896314945,1924.0001758575438,81661,82082,0.9948709826758607
9,2026-02-03 04:48:08,75380.36896314945,1926.0001762390134,81312,81478,0.9979626402219004
9,2026-02-03 04:48:08,75380.36896314945,1928.0001766204832,81354,82095,0.9909738717339668
9,2026-02-03 04:48:08,75380.36896314945,1930.000177001953,81755,81574,1.002218844239586
9,2026-02-03 04:48:08,75380.36896314945,1932.0001773834229,82060,81719,1.004172836182528
9,2026-02-03 04:48:08,75380.36896314945,1934.0001777648924,81617,82200,0.9929075425790754
9,2026-02-03 04:48:08,75380.36896314945,1936.000178146362,81844,82173,0.9959962518102053
9,2026-02-03 04:48:08,75380.36896314945,1938.0001785278318,81515,82431,0.988887675753054
9,2026-02-03 04:48:08,75380.36896314945,1940.0001789093017,81849,81785,1.0007825395854986
9,2026-02-03 04:48:08,75380.36896314945,1942.0001792907715,81582,81906,0.9960442458427954
9,2026-02-03 04:48:08,75380.36896314945,1944.000179672241,82071,82524,0.9945106877999128
9,2026-02-03 04:48:08,75380.36896314945,1946.0001800537107,81639,81978,0.9958647441996633
9,2026-02-03 04:48:08,75380.36896314945,1948.0001804351805,81053,82192,0.9861422036207903
9,2026-02-03 04:48:08,75380.36896314945,1950.0001808166503,82251,82587,0.9959315630789349
9,2026-02-03 04:48:08,75380.36896314945,1952.0001811981201,82295,82324,0.9996477333462903
9,2026-02-03 04:48:08,75380.36896314945,1954.0001815795897,81669,82489,0.990059280631357
9,2026-02-03 04:48:08,75380.36896314945,1956.0001819610593,81641,82326,0.9916794208391031
9,2026-02-03 04:48:08,75380.36896314945,1958.0001823425291,81832,81703,1.0015788893920663
9,2026-02-03 04:48:08,75380.36896314945,1960.000182723999,81552,82647,0.9867508802497368
9,2026-02-03 04:48:08,75380.36896314945,1962.0001831054688,82028,81688,1.0041621780432866
9,2026-02-03 04:48:08,75380.36896314945,1964.0001834869383,82061,82003,1.0007072911966635
9,2026-02-03 04:48:08,75380.36896314945,1966.000183868408,81538,81869,0.9959569556242289
9,2026-02-03 04:48:08,75380.36896314945,1968.0001842498777,82356,82177,1.002178225050805
9,2026-02-03 04:48:08,75380.36896314945,1970.0001846313476,81469,81858,0.9952478682596692
9,2026-02-03 04:48:08,75380.36896314945,1972.0001850128174,81267,82242,0.9881447435616838
9,2026-02-03 04:48:08,75380.36896314945,1974.000185394287,81796,82436,0.9922364015721287
9,2026-02-03 04:48:08,75380.36896314945,1976.0001857757566,82211,82169,1.0005111416714332
9,2026-02-03 04:48:08,75380.36896314945,1978.0001861572264,81937,81836,1.00123417566841
9,2026-02-03 04:48:08,75380.36896314945,1980.0001865386962,81733,82085,0.9957117621977218
9,2026-02-03 04:48:08,75380.36896314945,1982.000186920166,82214,82271,0.9993071677747931
9,2026-02-03 04:48:08,75380.36896314945,1984.0001873016356,81597,82339,0.9909884744774651
9,2026-02-03 04:48:08,75380.36896314945,1986.0001876831052,81498,81877,0.9953711054386458
9,2026-02-03 04:48:08,75380.36896314945,1988.000188064575,81841,81953,0.9986333630251486
9,2026-02-03 04:48:08,75380.36896314945,1990.0001884460448,82163,82394,0.997196397795956
9,2026-02-03 04:48:08,75380.36896314945,1992.0001888275146,81921,81641,1.0034296493183572
9,2026-02-03 04:48:08,75380.36896314945,1994.0001892089842,81458,81862,0.9950648652610491
9,2026-02-03 04:48:08,75380.36896314945,1996.0001895904538,81873,81809,1.0007823100147906
9,2026-02-03 04:48:08,75380.36896314945,1998.0001899719236,81841,82070,0.9972096990374071
9,2026-02-03 04:48:08,75380.36896314945,2000.0001903533935,81198,81811,0.9925071200694283
9,2026-02-03 04:48:08,75380.36896314945,2002.0001907348633,81918,82393,0.994234947143568
9,2026-02-03 04:48:08,75380.36896314945,2004.0001911163329,82381,82615,0.9971675845790716
9,2026-02-03 04:48:08,75380.36896314945,2006.0001914978025,82188,82313,0.9984814063392173
9,2026-02-03 04:48:08,75380.36896314945,2008.0001918792723,82372,81911,1.0056280597233582
9,2026-02-03 04:48:08,75380.36896314945,2010.000192260742,81715,81789,0.9990952328552739
9,2026-02-03 04:48:08,75380.36896314945,2012.000192642212,82084,82158,0.9990992964775189
9,2026-02-03 04:48:08,75380.36896314945,2014.0001930236815,81571,81527,1.0005396985047899
9,2026-02-03 04:48:08,75380.36896314945,2016.000193405151,81930,82115,0.997747062047129
9,2026-02-03 04:48:08,75380.36896314945,2018.000193786621,81833,81796,1.0004523448579392
9,2026-02-03 04:48:08,75380.36896314945,2020.0001941680907,81521,82305,0.9904744547718851
9,2026-02-03 04:48:08,75380.36896314945,2022.0001945495605,81822,81855,0.9995968480850284
9,2026-02-03 04:48:08,75380.36896314945,2024.0001949310301,81802,81936,0.9983645772310096
9,2026-02-03 04:48:08,75380.36896314945,2026.0001953125,81804,82043,0.9970868934583085
9,2026-02-03 04:48:08,75380.36896314945,2028.0001956939695,82101,81956,1.00176924203231
9,2026-02-03 04:48:08,75380.36896314945,2030.0001960754394,81539,82003,0.9943416704266917
9,2026-02-03 04:48:08,75380.36896314945,2032.000196456909,81497,81968,0.9942538551629905
9,2026-02-03 04:48:08,75380.36896314945,2034.0001968383788,81617,81687,0.9991430705008141
9,2026-02-03 04:48:08,75380.36896314945,2036.0001972198486,81501,81899,0.9951403558041002
9,2026-02-03 04:48:08,75380.36896314945,2038.0001976013182,81565,82108,0.9933867589029084
9,2026-02-03 04:48:08,75380.36896314945,2040.000197982788,81317,81679,0.9955680162587691
9,2026-02-03 04:48:08,75380.36896314945,2042.0001983642576,81493,82230,0.9910373343062143
9,2026-02-03 04:48:08,75380.36896314945,2044.0001987457274,81493,81915,0.9948483183788073
9,2026-02-03 04:48:08,75380.36896314945,2046.0001991271972,81511,81993,0.9941214493920213
9,2026-02-03 04:48:08,75380.36896314945,2048.000199508667,81846,81724,1.0014928295237628
9,2026-02-03 04:48:08,75380.36896314945,2050.0001998901366,81877,81820,1.0006966511855293
9,2026-02-03 04:48:08,75380.36896314945,2052.0002002716064,81301,81958,0.991983698967764
9,2026-02-03 04:48:08,75380.36896314945,2054.000200653076,81481,82333,0.9896517799667205
9,2026-02-03 04:48:08,75380.36896314945,2056.000201034546,82165,82101,1.0007795276549616
9,2026-02-03 04:48:08,75380.36896314945,2058.0002014160154,81936,81953,0.9997925640306029
9,2026-02-03 04:48:08,75380.36896314945,2060.0002017974853,81674,82488,0.9901318979730385
9,2026-02-03 04:48:08,75380.36896314945,2062.000202178955,81656,82182,0.9935995716823636
9,2026-02-03 04:48:08,75380.36896314945,2064.0002025604244,81652,81827,0.9978613416109597
9,2026-02-03 04:48:08,75380.36896314945,2066.0002029418947,82165,81754,1.0050272769528097
9,2026-02-03 04:48:08,75380.36896314945,2068.000203323364,81853,82243,0.9952579550843232
9,2026-02-03 04:48:08,75380.36896314945,2070.000203704834,81591,82318,0.9911683957336184
9,2026-02-03 04:48:08,75380.36896314945,2072.0002040863037,82008,81601,1.0049876839744611
9,2026-02-03 04:48:08,75380.36896314945,2074.000204467773,81921,81889,1.0003907728754777
9,2026-02-03 04:48:08,75380.36896314945,2076.0002048492433,81270,82312,0.9873408494508699
9,2026-02-03 04:48:08,75380.36896314945,2078.0002052307127,81704,81737,0.9995962660728923
9,2026-02-03 04:48:08,75380.36896314945,2080.0002056121825,81737,81609,1.0015684544596797
9,2026-02-03 04:48:08,75380.36896314945,2082.0002059936523,81995,82053,0.9992931397998854
9,2026-02-03 04:48:08,75380.36896314945,2084.0002063751217,81850,82861,0.9877988438469244
9,2026-02-03 04:48:08,75380.36896314945,2086.000206756592,82120,81866,1.003102631128918
9,2026-02-03 04:48:08,75380.36896314945,2088.0002071380613,81692,82038,0.9957824422828445
9,2026-02-03 04:48:08,75380.36896314945,2090.000207519531,81433,81792,0.995610817683881
9,2026-02-03 04:48:08,75380.36896314945,2092.000207901001,82025,82315,0.9964769483083278
9,2026-02-03 04:48:08,75380.36896314945,2094.0002082824703,82137,82563,0.9948403037680317
9,2026-02-03 04:48:08,75380.36896314945,2096.0002086639406,81859,82774,0.9889458042380458
9,2026-02-03 04:48:08,75380.36896314945,2098.00020904541,81728,82038,0.9962212633169995
9,2026-02-03 04:48:08,75380.36896314945,2100.00020942688,81584,81975,0.995230253125953
9,2026-02-03 04:48:08,75380.36896314945,2102.0002098083496,81510,82069,0.9931886583240931
9,2026-02-03 04:48:08,75380.36896314945,2104.000210189819,81201,82236,0.9874142711221363
9,2026-02-03 04:48:08,75380.36896314945,2106.0002105712892,81345,82279,0.9886483792948383
9,2026-02-03 04:48:08,75380.36896314945,2108.0002109527586,81544,81658,0.9986039334786548
9,2026-02-03 04:48:08,75380.36896314945,2110.0002113342284,81593,82464,0.9894378152890958
9,2026-02-03 04:48:08,75380.36896314945,2112.0002117156982,81331,82347,0.987661967041908
9,2026-02-03 04:48:08,75380.36896314945,2114.0002120971676,81763,81953,0.9976815979890913
9,2026-02-03 04:48:08,75380.36896314945,2116.000212478638,81649,81843,0.9976296079078235
9,2026-02-03 04:48:08,75380.36896314945,2118.0002128601072,81313,82759,0.9825275800819246
9,2026-02-03 04:48:08,75380.36896314945,2120.000213241577,81958,81846,1.0013684236248563
9,2026-02-03 04:48:08,75380.36896314945,2122.000213623047,81781,81783,0.9999755450399227
9,2026-02-03 04:48:08,75380.36896314945,2124.0002140045162,82128,81904,1.0027349091619457
9,2026-02-03 04:48:08,75380.36896314945,2126.0002143859865,81964,82105,0.9982826868034833
9,2026-02-03 04:48:08,75380.36896314945,2128.000214767456,81563,82304,0.9909967923794712
9,2026-02-03 04:48:08,75380.36896314945,2130.0002151489257,81685,81550,1.0016554261189454
9,2026-02-03 04:48:08,75380.36896314945,2132.0002155303955,81571,82532,0.9883560315998643
9,2026-02-03 04:48:08,75380.36896314945,2134.000215911865,81780,82811,0.9875499631691442
9,2026-02-03 04:48:08,75380.36896314945,2136.000216293335,81674,82342,0.991887493624153
9,2026-02-03 04:48:08,75380.36896314945,2138.0002166748045,81870,82252,0.9953557360307348
9,2026-02-03 04:48:08,75380.36896314945,2140.0002170562743,82251,81747,1.006165363866564
9,2026-02-03 04:48:08,75380.36896314945,2142.000217437744,81689,82020,0.995964398927091
9,2026-02-03 04:48:08,75380.36896314945,2144.0002178192135,81574,82389,0.9901079027540084
9,2026-02-03 04:48:08,75380.36896314945,2146.000218200684,81410,81841,0.9947336909373052
9,2026-02-03 04:48:08,75380.36896314945,2148.000218582153,81801,81813,0.9998533240438561
9,2026-02-03 04:48:08,75380.36896314945,2150.000218963623,82002,82090,0.9989280058472408
9,2026-02-03 04:48:08,75380.36896314945,2152.000219345093,81887,81947,0.999267819444275
9,2026-02-03 04:48:08,75380.36896314945,2154.000219726562,81559,81801,0.9970416009584235
9,2026-02-03 04:48:08,75380.36896314945,2156.0002201080324,81390,82395,0.9878026579282724
9,2026-02-03 04:48:08,75380.36896314945,2158.0002204895018,81856,82152,0.9963969227772909
9,2026-02-03 04:48:08,75380.36896314945,2160.0002208709716,81924,81471,1.0055602607062635
9,2026-02-03 04:48:08,75380.36896314945,2162.0002212524414,82201,81574,1.0076862725868536
9,2026-02-03 04:48:08,75380.36896314945,2164.0002216339108,81833,82170,0.9958987465011562
9,2026-02-03 04:48:08,75380.36896314945,2166.000222015381,81656,81667,0.9998653066722176
9,2026-02-03 04:48:08,75380.36896314945,2168.0002223968504,81746,82248,0.993896508121778
9,2026-02-03 04:48:08,75380.36896314945,2170.00022277832,81715,82426,0.9913740809938612
9,2026-02-03 04:48:08,75380.36896314945,2172.00022315979,81864,81627,1.0029034510639863
9,2026-02-03 04:48:08,75380.36896314945,2174.0002235412594,81523,82112,0.9928268706157444
9,2026-02-03 04:48:08,75380.36896314945,2176.0002239227297,81627,82086,0.9944083034865873
9,2026-02-03 04:48:08,75380.36896314945,2178.000224304199,81397,82198,0.9902552373537069
9,2026-02-03 04:48:08,75380.36896314945,2180.000224685669,81520,81999,0.9941584653471384
9,2026-02-03 04:48:08,75380.36896314945,2182.0002250671387,81855,82639,0.9905129539321628
9,2026-02-03 04:48:08,75380.36896314945,2184.000225448608,82012,82000,1.0001463414634146
9,2026-02-03 04:48:08,75380.36896314945,2186.0002258300783,81693,82063,0.9954912689031598
9,2026-02-03 04:48:08,75380.36896314945,2188.0002262115477,81369,81894,0.9935892739394827
9,2026-02-03 04:48:08,75380.36896314945,2190.0002265930175,81578,81478,1.0012273251675299
9,2026-02-03 04:48:08,75380.36896314945,2192.0002269744873,81750,82098,0.9957611634875393
9,2026-02-03 04:48:08,75380.36896314945,2194.0002273559567,81144,81812,0.9918349386398083
9,2026-02-03 04:48:08,75380.36896314945,2196.000227737427,81087,81498,0.9949569314584407
9,2026-02-03 04:48:08,75380.36896314945,2198.0002281188963,81771,82567,0.9903593445323192
9,2026-02-03 04:48:08,75380.36896314945,2200.000228500366,81705,82121,0.9949343042583505
9,2026-02-03 04:48:08,75380.36896314945,2202.000228881836,81364,82079,0.9912888802251489
9,2026-02-03 04:48:08,75380.36896314945,2204.0002292633053,81188,82467,0.984490766003371
9,2026-02-03 04:48:08,75380.36896314945,2206.0002296447756,81665,81747,0.9989969050852019
9,2026-02-03 04:48:08,75380.36896314945,2208.000230026245,81952,81976,0.9997072313847956
9,2026-02-03 04:48:08,75380.36896314945,2210.0002304077148,81539,82611,0.9870235198702352
9,2026-02-03 04:48:08,75380.36896314945,2212.0002307891846,81152,82547,0.9831005366639611
9,2026-02-03 04:48:08,75380.36896314945,2214.000231170654,81566,81950,0.995314215985357
9,2026-02-03 04:48:08,75380.36896314945,2216.000231552124,81826,82066,0.9970755245777788
9,2026-02-03 04:48:08,75380.36896314945,2218.0002319335936,81573,82243,0.9918534100166579
9,2026-02-03 04:48:08,75380.36896314945,2220.0002323150634,81661,82195,0.9935032544558672
9,2026-02-03 04:48:08,75380.36896314945,2222.000232696533,81807,82507,0.9915158713806101
9,2026-02-03 04:48:08,75380.36896314945,2224.0002330780026,82026,82132,0.9987093946330298
9,2026-02-03 04:48:08,75380.36896314945,2226.000233459473,81675,81811,0.9983376318587965
9,2026-02-03 04:48:08,75380.36896314945,2228.000233840942,81553,81776,0.9972730385443161
9,2026-02-03 04:48:08,75380.36896314945,2230.000234222412,81403,82139,0.9910395792498082
9,2026-02-03 04:48:08,75380.36896314945,2232.000234603882,81395,81847,0.9944775007025304
9,2026-02-03 04:48:08,75380.36896314945,2234.000234985351,81528,81949,0.9948626584827148
9,2026-02-03 04:48:08,75380.36896314945,2236.0002353668215,81399,82049,0.9920779046667235
9,2026-02-03 04:48:08,75380.36896314945,2238.000235748291,81450,82170,0.9912376779846659
9,2026-02-03 04:48:08,75380.36896314945,2240.0002361297607,81787,82632,0.9897739374576435
9,2026-02-03 04:48:08,75380.36896314945,2242.0002365112305,81715,82141,0.9948137957901657
9,2026-02-03 04:48:08,75380.36896314945,2244.0002368927,81386,82194,0.990169598754167
9,2026-02-03 04:48:08,75380.36896314945,2246.00023727417,81356,82588,0.985082578582845
9,2026-02-03 04:48:08,75380.36896314945,2248.0002376556395,81502,82050,0.9933211456429006
9,2026-02-03 04:48:08,75380.36896314945,2250.0002380371093,82233,82233,1.0
9,2026-02-03 04:48:08,75380.36896314945,2252.000238418579,81388,82395,0.9877783846107167
9,2026-02-03 04:48:08,75380.36896314945,2254.0002388000485,81215,82134,0.9888109674434461
9,2026-02-03 04:48:08,75380.36896314945,2256.0002391815187,82247,82053,1.002364325496935
9,2026-02-03 04:48:08,75380.36896314945,2258.000239562988,82194,82105,1.0010839778332623
9,2026-02-03 04:48:08,75380.36896314945,2260.000239944458,82160,81761,1.0048800772984674
9,2026-02-03 04:48:08,75380.36896314945,2262.0002403259277,81840,81945,0.9987186527548966
9,2026-02-03 04:48:08,75380.36896314945,2264.000240707397,82462,82143,1.003883471507006
9,2026-02-03 04:48:08,75380.36896314945,2266.0002410888674,81861,81837,1.0002932658821804
9,2026-02-03 04:48:08,75380.36896314945,2268.0002414703367,82042,82124,0.9990015099118407
9,2026-02-03 04:48:08,75380.36896314945,2270.0002418518065,81681,82246,0.9931303650025534
9,2026-02-03 04:48:08,75380.36896314945,2272.0002422332764,82022,81435,1.0072082028611777
9,2026-02-03 04:48:08,75380.36896314945,2274.0002426147457,81409,82135,0.991160893650697
9,2026-02-03 04:48:08,75380.36896314945,2276.000242996216,81824,81706,1.0014442023841579
9,2026-02-03 04:48:08,75380.36896314945,2278.0002433776854,81749,81720,1.000354870288791
9,2026-02-03 04:48:08,75380.36896314945,2280.000243759155,81890,82281,0.9952479916384098
9,2026-02-03 04:48:08,75380.36896314945,2282.000244140625,81372,81869,0.9939293261185552
9,2026-02-03 04:48:08,75380.36896314945,2284.0002445220944,81979,82453,0.9942512704207246
9,2026-02-03 04:48:08,75380.36896314945,2286.0002449035646,81486,82450,0.9883080654942389
9,2026-02-03 04:48:08,75380.36896314945,2288.000245285034,81294,81807,0.9937291429828743
9,2026-02-03 04:48:08,75380.36896314945,2290.000245666504,82060,81822,1.0029087531470753
9,2026-02-03 04:48:08,75380.36896314945,2292.0002460479736,81555,82105,0.9933012605809634
9,2026-02-03 04:48:08,75380.36896314945,2294.000246429443,81568,82517,0.9884993395300362
9,2026-02-03 04:48:08,75380.36896314945,2296.0002468109133,81511,81904,0.9952016995506935
9,2026-02-03 04:48:08,75380.36896314945,2298.0002471923826,81865,82126,0.9968219565058568
9,2026-02-03 04:48:08,75380.36896314945,2300.0002475738524,81344,82360,0.9876639145216124
9,2026-02-03 04:48:08,75380.36896314945,2302.0002479553223,81564,82164,0.9926975317657368
9,2026-02-03 04:48:08,75380.36896314945,2304.0002483367916,80250,81876,0.9801407005715961
9,2026-02-03 04:48:08,75380.36896314945,2306.000248718262,80690,81970,0.9843845309259485
9,2026-02-03 04:48:08,75380.36896314945,2308.0002490997313,80484,82032,0.9811293153891164
9,2026-02-03 04:48:08,75380.36896314945,2310.000249481201,80699,82042,0.983630335681724
9,2026-02-03 04:48:08,75380.36896314945,2312.000249862671,81450,81788,0.9958673644055362
9,2026-02-03 04:48:08,75380.36896314945,2314.0002502441403,81451,82042,0.9927963725896493
9,2026-02-03 04:48:08,75380.36896314945,2316.0002506256105,81481,81926,0.9945682689256158
9,2026-02-03 04:48:08,75380.36896314945,2318.00025100708,81633,81851,0.9973366238653163
9,2026-02-03 04:48:08,75380.36896314945,2320.0002513885497,81290,82264,0.988160070018477
9,2026-02-03 04:48:08,75380.36896314945,2322.0002517700195,81406,81966,0.9931678988849035
9,2026-02-03 04:48:08,75380.36896314945,2324.000252151489,81615,81747,0.9983852618444714
9,2026-02-03 04:48:08,75380.36896314945,2326.000252532959,81272,82021,0.9908681922922179
9,2026-02-03 04:48:08,75380.36896314945,2328.0002529144285,81823,82163,0.9958618843031535
9,2026-02-03 04:48:08,75380.36896314945,2330.0002532958983,81892,82388,0.9939797057823955
9,2026-02-03 04:48:08,75380.36896314945,2332.000253677368,81120,82215,0.9866812625433315
9,2026-02-03 04:48:08,75380.36896314945,2334.0002540588375,81795,82048,0.9969164391575663
9,2026-02-03 04:48:08,75380.36896314945,2336.000254440308,81204,81278,0.999089544526194
9,2026-02-03 04:48:08,75380.36896314945,2338.000254821777,81725,82503,0.9905700398773378
9,2026-02-03 04:48:08,75380.36896314945,2340.000255203247,81343,82123,0.9905020518003482
9,2026-02-03 04:48:08,75380.36896314945,2342.000255584717,81358,82085,0.9911433270390448
9,2026-02-03 04:48:08,75380.36896314945,2344.000255966186,81786,82289,0.9938873968574171
9,2026-02-03 04:48:08,75380.36896314945,2346.0002563476564,82160,82105,1.0006698739419038
9,2026-02-03 04:48:08,75380.36896314945,2348.000256729126,81203,82656,0.9824211188540457
9,2026-02-03 04:48:08,75380.36896314945,2350.0002571105956,81616,82141,0.9936085511498521
9,2026-02-03 04:48:08,75380.36896314945,2352.0002574920654,81348,82034,0.9916376136723798
9,2026-02-03 04:48:08,75380.36896314945,2354.000257873535,81470,82093,0.9924110460087949
9,2026-02-03 04:48:08,75380.36896314945,2356.000258255005,81668,82353,0.9916821487984652
9,2026-02-03 04:48:08,75380.36896314945,2358.0002586364744,82192,82844,0.9921297861040027
9,2026-02-03 04:48:08,75380.36896314945,2360.0002590179442,81834,81861,0.9996701726096676
9,2026-02-03 04:48:08,75380.36896314945,2362.000259399414,81930,82189,0.9968487267152538
9,2026-02-03 04:48:08,75380.36896314945,2364.0002597808834,82053,81988,1.0007927989461873
9,2026-02-03 04:48:08,75380.36896314945,2366.0002601623537,81870,82012,0.9982685460664293
9,2026-02-03 04:48:08,75380.36896314945,2368.000260543823,81787,82595,0.9902173255039651
9,2026-02-03 04:48:08,75380.36896314945,2370.000260925293,81590,82589,0.9879039581542336
9,2026-02-03 04:48:08,75380.36896314945,2372.0002613067627,81843,82447,0.9926740815311654
9,2026-02-03 04:48:08,75380.36896314945,2374.000261688232,81680,82738,0.9872126471512486
9,2026-02-03 04:48:08,75380.36896314945,2376.0002620697023,82288,81926,1.0044186216829822
9,2026-02-03 04:48:08,75380.36896314945,2378.0002624511717,81953,81693,1.0031826472280367
9,2026-02-03 04:48:08,75380.36896314945,2380.0002628326415,81505,82344,0.9898110366268338
9,2026-02-03 04:48:08,75380.36896314945,2382.0002632141113,81775,81721,1.0006607848655793
9,2026-02-03 04:48:08,75380.36896314945,2384.0002635955807,81649,82429,0.9905373108978636
9,2026-02-03 04:48:08,75380.36896314945,2386.000263977051,81106,82292,0.9855879064793661
9,2026-02-03 04:48:08,75380.36896314945,2388.0002643585203,80719,82101,0.9831670747006735
9,2026-02-03 04:48:08,75380.36896314945,2390.00026473999,81518,82082,0.9931288223971151
9,2026-02-03 04:48:08,75380.36896314945,2392.00026512146,81714,82202,0.9940634047833387
9,2026-02-03 04:48:08,75380.36896314945,2394.0002655029293,81677,81609,1.000833241431705
9,2026-02-03 04:48:08,75380.36896314945,2396.0002658843996,81590,81582,1.0000980608467553
9,2026-02-03 04:48:08,75380.36896314945,2398.000266265869,81426,82129,0.991440295145442
9,2026-02-03 04:48:08,75380.36896314945,2400.000266647339,81654,82178,0.9936235975565236
9,2026-02-03 04:48:08,75380.36896314945,2402.0002670288086,81373,81901,0.9935531922687146
9,2026-02-03 04:48:08,75380.36896314945,2404.000267410278,81017,81727,0.9913125405312809
9,2026-02-03 04:48:08,75380.36896314945,2406.0002677917482,81607,81646,0.9995223280993557
9,2026-02-03 04:48:08,75380.36896314945,2408.0002681732176,81218,81967,0.9908621762416582
9,2026-02-03 04:48:08,75380.36896314945,2410.0002685546874,81370,82469,0.9866737804508361
9,2026-02-03 04:48:08,75380.36896314945,2412.000268936157,81685,81709,0.9997062747065807
9,2026-02-03 04:48:08,75380.36896314945,2414.0002693176266,81756,81929,0.997888415579343
9,2026-02-03 04:48:08,75380.36896314945,2416.000269699097,81594,82311,0.9912891351095237
9,2026-02-03 04:48:08,75380.36896314945,2418.000270080566,81481,81733,0.9969167900358484
9,2026-02-03 04:48:08,75380.36896314945,2420.000270462036,81445,82347,0.9890463526297254
9,2026-02-03 04:48:08,75380.36896314945,2422.000270843506,81534,81908,0.9954339014504078
9,2026-02-03 04:48:08,75380.36896314945,2424.000271224975,81540,82018,0.9941720110219708
9,2026-02-03 04:48:08,75380.36896314945,2426.0002716064455,81658,81838,0.9978005327598426
9,2026-02-03 04:48:08,75380.36896314945,2428.000271987915,82146,81630,1.0063212054391768
9,2026-02-03 04:48:08,75380.36896314945,2430.0002723693847,81922,81871,1.0006229311966386
9,2026-02-03 04:48:08,75380.36896314945,2432.0002727508545,81579,82324,0.9909503911374569
9,2026-02-03 04:48:08,75380.36896314945,2434.000273132324,81518,81601,0.9989828556022597
9,2026-02-03 04:48:08,75380.36896314945,2436.000273513794,81655,82065,0.9950039602753915
9,2026-02-03 04:48:08,75380.36896314945,2438.0002738952635,82263,82312,0.999404704052872
9,2026-02-03 04:48:08,75380.36896314945,2440.0002742767333,81774,82527,0.9908757134028864
9,2026-02-03 04:48:08,75380.36896314945,2442.000274658203,81761,82389,0.9923776232264016
9,2026-02-03 04:48:08,75380.36896314945,2444.0002750396725,82089,81631,1.0056106136149257
9,2026-02-03 04:48:08,75380.36896314945,2446.0002754211428,81620,81604,1.0001960688201559
9,2026-02-03 04:48:08,75380.36896314945,2448.000275802612,81526,82311,0.9904630000850433
9,2026-02-03 04:48:08,75380.36896314945,2450.000276184082,82003,82212,0.9974577920498224
9,2026-02-03 04:48:08,75380.36896314945,2452.0002765655518,81682,82103,0.9948722945568371
9,2026-02-03 04:48:08,75380.36896314945,2454.000276947021,81487,82122,0.9922676018606463
9,2026-02-03 04:48:08,75380.36896314945,2456.0002773284914,82204,81872,1.0040551104162596
9,2026-02-03 04:48:08,75380.36896314945,2458.0002777099608,81327,82034,0.9913816222541872
9,2026-02-03 04:48:08,75380.36896314945,2460.0002780914306,81589,82078,0.9940422524915324
9,2026-02-03 04:48:08,75380.36896314945,2462.0002784729004,81784,82324,0.993440551965405
9,2026-02-03 04:48:08,75380.36896314945,2464.0002788543698,82054,81966,1.0010736158895153
9,2026-02-03 04:48:08,75380.36896314945,2466.00027923584,81749,81897,0.9981928519970207
9,2026-02-03 04:48:08,75380.36896314945,2468.0002796173094,81199,81982,0.9904491229782147
9,2026-02-03 04:48:08,75380.36896314945,2470.000279998779,81408,82321,0.9889092698096476
9,2026-02-03 04:48:08,75380.36896314945,2472.000280380249,81874,82079,0.9975024062183994
9,2026-02-03 04:48:08,75380.36896314945,2474.0002807617184,81872,81998,0.9984633771555403
9,2026-02-03 04:48:08,75380.36896314945,2476.0002811431887,81955,82042,0.9989395675385778
9,2026-02-03 04:48:08,75380.36896314945,2478.000281524658,81227,81985,0.9907544062938343
9,2026-02-03 04:48:08,75380.36896314945,2480.000281906128,81814,82728,0.9889517454791606
9,2026-02-03 04:48:08,75380.36896314945,2482.0002822875977,81927,82800,0.9894565217391305
9,2026-02-03 04:48:08,75380.36896314945,2484.000282669067,81655,82030,0.995428501767646
9,2026-02-03 04:48:08,75380.36896314945,2486.0002830505373,82406,82041,1.0044489950146878
9,2026-02-03 04:48:08,75380.36896314945,2488.0002834320067,81641,82114,0.9942397155174514
9,2026-02-03 04:48:08,75380.36896314945,2490.0002838134765,81338,81518,0.9977918987217547
9,2026-02-03 04:48:08,75380.36896314945,2492.0002841949463,81820,82100,0.9965895249695493
9,2026-02-03 04:48:08,75380.36896314945,2494.0002845764157,81295,82590,0.9843201356096379
9,2026-02-03 04:48:08,75380.36896314945,2496.000284957886,81436,82222,0.9904405147040938
9,2026-02-03 04:48:08,75380.36896314945,2498.0002853393553,81887,81968,0.9990118094866289
9,2026-02-03 04:48:08,75380.36896314945,2500.000285720825,80996,81884,0.9891553905524889
10,2026-02-03 05:20:03,78165.25520714122,999.9999996185302,82596,82801,0.9975241844905255
10,2026-02-03 05:20:03,78165.25520714122,1001.9999999999999,82768,82943,0.9978901173094776
10,2026-02-03 05:20:03,78165.25520714122,1004.0000003814696,82382,82837,0.9945072853917936
10,2026-02-03 05:20:03,78165.25520714122,1006.0000007629394,82203,82522,0.9961343641695548
10,2026-02-03 05:20:03,78165.25520714122,1008.0000011444091,82416,82829,0.9950138236607952
10,2026-02-03 05:20:03,78165.25520714122,1010.0000015258788,82741,82854,0.9986361551645062
10,2026-02-03 05:20:03,78165.25520714122,1012.0000019073485,81998,82737,0.9910680832034036
10,2026-02-03 05:20:03,78165.25520714122,1014.0000022888182,82579,82839,0.9968613817163413
10,2026-02-03 05:20:03,78165.25520714122,1016.000002670288,82677,83235,0.9932960893854749
10,2026-02-03 05:20:03,78165.25520714122,1018.0000030517577,82976,82745,1.00279170946885
10,2026-02-03 05:20:03,78165.25520714122,1020.0000034332274,81935,82493,0.9932357897033688
10,2026-02-03 05:20:03,78165.25520714122,1022.0000038146972,82430,82554,0.9984979528551009
10,2026-02-03 05:20:03,78165.25520714122,1024.0000041961669,82486,82749,0.9968217138575692
10,2026-02-03 05:20:03,78165.25520714122,1026.0000045776367,82626,83190,0.9932203389830508
10,2026-02-03 05:20:03,78165.25520714122,1028.0000049591063,82579,83129,0.9933837770212561
10,2026-02-03 05:20:03,78165.25520714122,1030.000005340576,82441,82957,0.9937799100738937
10,2026-02-03 05:20:03,78165.25520714122,1032.000005722046,82579,83102,0.9937065293254074
10,2026-02-03 05:20:03,78165.25520714122,1034.0000061035155,82552,83478,0.9889072570018448
10,2026-02-03 05:20:03,78165.25520714122,1036.0000064849853,82975,82963,1.0001446427925702
10,2026-02-03 05:20:03,78165.25520714122,1038.000006866455,82455,83068,0.992620503683729
10,2026-02-03 05:20:03,78165.25520714122,1040.0000072479247,82689,83255,0.9932016095129421
10,2026-02-03 05:20:03,78165.25520714122,1042.0000076293945,82620,83306,0.991765299018078
10,2026-02-03 05:20:03,78165.25520714122,1044.0000080108641,82825,83154,0.9960434855809702
10,2026-02-03 05:20:03,78165.25520714122,1046.000008392334,82772,83700,0.9889127837514934
10,2026-02-03 05:20:03,78165.25520714122,1048.0000087738035,82629,83513,0.9894148216445344
10,2026-02-03 05:20:03,78165.25520714122,1050.0000091552733,82695,82895,0.9975873092466373
10,2026-02-03 05:20:03,78165.25520714122,1052.0000095367432,82299,83062,0.9908140906792516
10,2026-02-03 05:20:03,78165.25520714122,1054.0000099182128,82695,82600,1.0011501210653753
10,2026-02-03 05:20:03,78165.25520714122,1056.0000102996826,82942,83051,0.9986875534310243
10,2026-02-03 05:20:03,78165.25520714122,1058.0000106811522,83111,82923,1.0022671635131386
10,2026-02-03 05:20:03,78165.25520714122,1060.000011062622,82647,83049,0.9951594841599538
10,2026-02-03 05:20:03,78165.25520714122,1062.0000114440918,82502,82873,0.9955232705464988
10,2026-02-03 05:20:03,78165.25520714122,1064.0000118255614,82761,82302,1.0055770212145514
10,2026-02-03 05:20:03,78165.25520714122,1066.0000122070312,82609,83209,0.9927892415483902
10,2026-02-03 05:20:03,78165.25520714122,1068.0000125885008,82369,82564,0.9976381958238457
10,2026-02-03 05:20:03,78165.25520714122,1070.0000129699706,83146,82979,1.0020125573940395
10,2026-02-03 05:20:03,78165.25520714122,1072.0000133514404,82358,83362,0.9879561430867781
10,2026-02-03 05:20:03,78165.25520714122,1074.00001373291,82500,82943,0.994658982674849
10,2026-02-03 05:20:03,78165.25520714122,1076.0000141143798,82637,82666,0.99964919071928
10,2026-02-03 05:20:03,78165.25520714122,1078.0000144958494,82790,83109,0.9961616672081243
10,2026-02-03 05:20:03,78165.25520714122,1080.0000148773192,83194,82736,1.0055356797524657
10,2026-02-03 05:20:03,78165.25520714122,1082.000015258789,82306,83114,0.9902784127824434
10,2026-02-03 05:20:03,78165.25520714122,1084.0000156402587,82521,83123,0.9927577204865079
10,2026-02-03 05:20:03,78165.25520714122,1086.0000160217285,82294,82684,0.9952832470611
10,2026-02-03 05:20:03,78165.25520714122,1088.000016403198,82931,82985,0.9993492799903597
10,2026-02-03 05:20:03,78165.25520714122,1090.0000167846679,82467,83052,0.9929562201993931
10,2026-02-03 05:20:03,78165.25520714122,1092.0000171661377,82560,82497,1.0007636641332411
10,2026-02-03 05:20:03,78165.25520714122,1094.0000175476073,82917,82726,1.0023088267292024
10,2026-02-03 05:20:03,78165.25520714122,1096.000017929077,82412,82943,0.9935980130933292
10,2026-02-03 05:20:03,78165.25520714122,1098.0000183105467,82346,82719,0.9954907578669955
10,2026-02-03 05:20:03,78165.25520714122,1100.0000186920165,82967,82792,1.002113730795246
10,2026-02-03 05:20:03,78165.25520714122,1102.0000190734863,82726,82758,0.9996133304333116
10,2026-02-03 05:20:03,78165.25520714122,1104.000019454956,82586,83135,0.9933962831539063
10,2026-02-03 05:20:03,78165.25520714122,1106.0000198364257,83021,83016,1.0000602293533776
10,2026-02-03 05:20:03,78165.25520714122,1108.0000202178953,82321,82842,0.9937109195818546
10,2026-02-03 05:20:03,78165.25520714122,1110.0000205993651,82639,82547,1.001114516578434
10,2026-02-03 05:20:03,78165.25520714122,1112.000020980835,82862,83377,0.9938232366240091
10,2026-02-03 05:20:03,78165.25520714122,1114.0000213623046,82678,82691,0.9998427882115345
10,2026-02-03 05:20:03,78165.25520714122,1116.0000217437744,82682,82947,0.9968051888555343
10,2026-02-03 05:20:03,78165.25520714122,1118.000022125244,82568,83124,0.9933111977286945
10,2026-02-03 05:20:03,78165.25520714122,1120.0000225067138,82697,82974,0.9966616048400704
10,2026-02-03 05:20:03,78165.25520714122,1122.0000228881836,82481,82821,0.9958947609905701
10,2026-02-03 05:20:03,78165.25520714122,1124.0000232696532,82604,83050,0.9946297411198074
10,2026-02-03 05:20:03,78165.25520714122,1126.000023651123,82301,83135,0.9899681241354423
10,2026-02-03 05:20:03,78165.25520714122,1128.0000240325926,82760,83073,0.9962322294849109
10,2026-02-03 05:20:03,78165.25520714122,1130.0000244140624,83101,83013,1.0010600749280234
10,2026-02-03 05:20:03,78165.25520714122,1132.0000247955322,82166,83082,0.9889747478394839
10,2026-02-03 05:20:03,78165.25520714122,1134.0000251770018,82783,83095,0.9962452614477405
10,2026-02-03 05:20:03,78165.25520714122,1136.0000255584716,82479,82666,0.9977378849829434
10,2026-02-03 05:20:03,78165.25520714122,1138.0000259399412,82685,82704,0.9997702650415942
10,2026-02-03 05:20:03,78165.25520714122,1140.000026321411,82233,83227,0.988056760426304
10,2026-02-03 05:20:03,78165.25520714122,1142.0000267028809,82831,83165,0.9959838874526543
10,2026-02-03 05:20:03,78165.25520714122,1144.0000270843504,82377,82564,0.9977350903541495
10,2026-02-03 05:20:03,78165.25520714122,1146.0000274658203,82570,82900,0.9960193003618818
10,2026-02-03 05:20:03,78165.25520714122,1148.0000278472899,82761,83436,0.9919099669207536
10,2026-02-03 05:20:03,78165.25520714122,1150.0000282287597,82714,82910,0.9976359908334338
10,2026-02-03 05:20:03,78165.25520714122,1152.0000286102295,82576,83144,0.9931684787837968
10,2026-02-03 05:20:03,78165.25520714122,1154.000028991699,82870,82957,0.9989512639078076
10,2026-02-03 05:20:03,78165.25520714122,1156.000029373169,82587,83026,0.9947124996988895
10,2026-02-03 05:20:03,78165.25520714122,1158.0000297546385,82575,82487,1.0010668347739644
10,2026-02-03 05:20:03,78165.25520714122,1160.0000301361083,82926,82762,1.0019815857519152
10,2026-02-03 05:20:03,78165.25520714122,1162.0000305175781,82682,82647,1.0004234878458989
10,2026-02-03 05:20:03,78165.25520714122,1164.0000308990477,83015,83466,0.9945966022092828
10,2026-02-03 05:20:03,78165.25520714122,1166.0000312805175,82102,82521,0.9949225045745931
10,2026-02-03 05:20:03,78165.25520714122,1168.0000316619871,82103,83320,0.9853936629860778
10,2026-02-03 05:20:03,78165.25520714122,1170.000032043457,82420,82860,0.9946898382814385
10,2026-02-03 05:20:03,78165.25520714122,1172.0000324249268,82715,82794,0.9990458245766601
10,2026-02-03 05:20:03,78165.25520714122,1174.0000328063963,82754,82953,0.9976010511976662
10,2026-02-03 05:20:03,78165.25520714122,1176.0000331878662,82518,82653,0.9983666654567892
10,2026-02-03 05:20:03,78165.25520714122,1178.0000335693358,82248,82857,0.9926499873275644
10,2026-02-03 05:20:03,78165.25520714122,1180.0000339508056,82602,83196,0.99286023366508
10,2026-02-03 05:20:03,78165.25520714122,1182.0000343322754,82617,83101,0.9941757620245244
10,2026-02-03 05:20:03,78165.25520714122,1184.000034713745,82491,82666,0.997883047443931
10,2026-02-03 05:20:03,78165.25520714122,1186.0000350952148,82762,82766,0.9999516709760047
10,2026-02-03 05:20:03,78165.25520714122,1188.0000354766844,82789,82855,0.9992034276748537
10,2026-02-03 05:20:03,78165.25520714122,1190.0000358581542,82650,82669,0.9997701677775224
10,2026-02-03 05:20:03,78165.25520714122,1192.000036239624,82579,83253,0.9919041956446014
10,2026-02-03 05:20:03,78165.25520714122,1194.0000366210936,82609,83134,0.9936848942670868
10,2026-02-03 05:20:03,78165.25520714122,1196.0000370025634,82334,82819,0.994143855878482
10,2026-02-03 05:20:03,78165.25520714122,1198.000037384033,82253,82818,0.9931778115868531
10,2026-02-03 05:20:03,78165.25520714122,1200.0000377655028,82740,83088,0.9958116695551704
10,2026-02-03 05:20:03,78165.25520714122,1202.0000381469727,82170,83243,0.9871100272695602
10,2026-02-03 05:20:03,78165.25520714122,1204.0000385284422,83156,82918,1.002870305603126
10,2026-02-03 05:20:03,78165.25520714122,1206.000038909912,83066,83697,0.9924609006296522
10,2026-02-03 05:20:03,78165.25520714122,1208.0000392913817,82894,82976,0.9990117624373313
10,2026-02-03 05:20:03,78165.25520714122,1210.0000396728515,82406,83269,0.9896359989912212
10,2026-02-03 05:20:03,78165.25520714122,1212.0000400543213,82964,83190,0.9972833273229955
10,2026-02-03 05:20:03,78165.25520714122,1214.0000404357909,82588,82776,0.9977288102831738
10,2026-02-03 05:20:03,78165.25520714122,1216.0000408172607,82606,82498,1.0013091226453974
10,2026-02-03 05:20:03,78165.25520714122,1218.0000411987303,82957,82591,1.0044314755845067
10,2026-02-03 05:20:03,78165.25520714122,1220.0000415802,82526,83431,0.9891527130203401
10,2026-02-03 05:20:03,78165.25520714122,1222.00004196167,82199,82820,0.9925018111567254
10,2026-02-03 05:20:03,78165.25520714122,1224.0000423431395,82424,82884,0.9944500748033396
10,2026-02-03 05:20:03,78165.25520714122,1226.0000427246093,82246,83517,0.9847815414825725
10,2026-02-03 05:20:03,78165.25520714122,1228.000043106079,82899,82991,0.9988914460604162
10,2026-02-03 05:20:03,78165.25520714122,1230.0000434875487,82821,82900,0.9990470446320868
10,2026-02-03 05:20:03,78165.25520714122,1232.0000438690186,82784,83049,0.9968091126925068
10,2026-02-03 05:20:03,78165.25520714122,1234.0000442504881,82521,83214,0.9916720744105559
10,2026-02-03 05:20:03,78165.25520714122,1236.000044631958,82239,82615,0.9954487683834655
10,2026-02-03 05:20:03,78165.25520714122,1238.0000450134276,82750,82825,0.9990944763054633
10,2026-02-03 05:20:03,78165.25520714122,1240.0000453948974,82509,83061,0.9933542817928992
10,2026-02-03 05:20:03,78165.25520714122,1242.0000457763672,82292,82599,0.9962832479812104
10,2026-02-03 05:20:03,78165.25520714122,1244.0000461578368,82519,83157,0.9923277655519078
10,2026-02-03 05:20:03,78165.25520714122,1246.0000465393066,82567,82724,0.9981021227213385
10,2026-02-03 05:20:03,78165.25520714122,1248.0000469207762,82738,82793,0.9993356926310195
10,2026-02-03 05:20:03,78165.25520714122,1250.000047302246,82790,83074,0.9965813611960421
10,2026-02-03 05:20:03,78165.25520714122,1252.0000476837158,82906,82578,1.0039720022281964
10,2026-02-03 05:20:03,78165.25520714122,1254.0000480651854,83026,82714,1.0037720337548661
10,2026-02-03 05:20:03,78165.25520714122,1256.0000484466552,82318,82853,0.9935427805873053
10,2026-02-03 05:20:03,78165.25520714122,1258.0000488281248,82073,82626,0.9933071914409508
10,2026-02-03 05:20:03,78165.25520714122,1260.0000492095946,82657,83276,0.9925668860175801
10,2026-02-03 05:20:03,78165.25520714122,1262.0000495910645,83036,82836,1.0024144091940703
10,2026-02-03 05:20:03,78165.25520714122,1264.000049972534,82961,83036,0.9990967773014114
10,2026-02-03 05:20:03,78165.25520714122,1266.0000503540039,82407,83433,0.9877027075617562
10,2026-02-03 05:20:03,78165.25520714122,1268.0000507354735,82974,83064,0.9989164981219301
10,2026-02-03 05:20:03,78165.25520714122,1270.0000511169433,82643,83172,0.9936396864329342
10,2026-02-03 05:20:03,78165.25520714122,1272.000051498413,83154,83278,0.9985110113115109
10,2026-02-03 05:20:03,78165.25520714122,1274.0000518798827,82135,82775,0.9922681969193597
10,2026-02-03 05:20:03,78165.25520714122,1276.0000522613525,82737,82806,0.9991667270487646
10,2026-02-03 05:20:03,78165.25520714122,1278.000052642822,82454,82674,0.9973389457386844
10,2026-02-03 05:20:03,78165.25520714122,1280.000053024292,82713,83040,0.9960621387283237
10,2026-02-03 05:20:03,78165.25520714122,1282.0000534057617,82470,82567,0.9988251965070791
10,2026-02-03 05:20:03,78165.25520714122,1284.0000537872313,82444,82865,0.9949194472937911
10,2026-02-03 05:20:03,78165.25520714122,1286.0000541687011,82751,82728,1.0002780195338943
10,2026-02-03 05:20:03,78165.25520714122,1288.0000545501707,82200,82714,0.9937858161858936
10,2026-02-03 05:20:03,78165.25520714122,1290.0000549316405,82809,82894,0.9989745940598838
10,2026-02-03 05:20:03,78165.25520714122,1292.0000553131104,82840,82111,1.0088782258162732
10,2026-02-03 05:20:03,78165.25520714122,1294.00005569458,82157,82711,0.9933019791805201
10,2026-02-03 05:20:03,78165.25520714122,1296.0000560760498,82327,83021,0.9916406692282675
10,2026-02-03 05:20:03,78165.25520714122,1298.0000564575193,82218,82681,0.994400164487609
10,2026-02-03 05:20:03,78165.25520714122,1300.0000568389892,82598,82761,0.9980304732905596
10,2026-02-03 05:20:03,78165.25520714122,1302.000057220459,82400,82683,0.9965772891646408
10,2026-02-03 05:20:03,78165.25520714122,1304.0000576019286,82777,82928,0.9981791433532703
10,2026-02-03 05:20:03,78165.25520714122,1306.0000579833984,82340,82334,1.0000728739038551
10,2026-02-03 05:20:03,78165.25520714122,1308.000058364868,82756,82967,0.9974568201815179
10,2026-02-03 05:20:03,78165.25520714122,1310.0000587463378,82964,82781,1.0022106522028003
10,2026-02-03 05:20:03,78165.25520714122,1312.0000591278076,82468,83174,0.991511770505206
10,2026-02-03 05:20:03,78165.25520714122,1314.0000595092772,82309,82801,0.9940580427772612
10,2026-02-03 05:20:03,78165.25520714122,1316.000059890747,82934,83231,0.996431618026937
10,2026-02-03 05:20:03,78165.25520714122,1318.0000602722166,81957,83019,0.9872077476240378
10,2026-02-03 05:20:03,78165.25520714122,1320.0000606536864,82411,83470,0.9873128069965257
10,2026-02-03 05:20:03,78165.25520714122,1322.0000610351562,82682,82768,0.9989609510922095
10,2026-02-03 05:20:03,78165.25520714122,1324.0000614166258,82741,83045,0.9963393340959721
10,2026-02-03 05:20:03,78165.25520714122,1326.0000617980957,82698,82880,0.997804054054054
10,2026-02-03 05:20:03,78165.25520714122,1328.0000621795652,82577,83180,0.9927506612166386
10,2026-02-03 05:20:03,78165.25520714122,1330.000062561035,82846,82640,1.0024927395934173
10,2026-02-03 05:20:03,78165.25520714122,1332.0000629425049,82604,83509,0.9891628447233233
10,2026-02-03 05:20:03,78165.25520714122,1334.0000633239745,82804,83058,0.9969418960244648
10,2026-02-03 05:20:03,78165.25520714122,1336.0000637054443,82736,83685,0.9886598554101691
10,2026-02-03 05:20:03,78165.25520714122,1338.0000640869139,82857,82540,1.003840562151684
10,2026-02-03 05:20:03,78165.25520714122,1340.0000644683837,82518,83288,0.990754970704063
10,2026-02-03 05:20:03,78165.25520714122,1342.0000648498535,82190,83524,0.9840285426943154
10,2026-02-03 05:20:03,78165.25520714122,1344.000065231323,82088,83384,0.9844574498704788
10,2026-02-03 05:20:03,78165.25520714122,1346.000065612793,81893,82980,0.9869004579416727
10,2026-02-03 05:20:03,78165.25520714122,1348.0000659942625,82140,83130,0.9880909418982317
10,2026-02-03 05:20:03,78165.25520714122,1350.0000663757323,82546,82669,0.9985121387702767
10,2026-02-03 05:20:03,78165.25520714122,1352.0000667572021,81980,83196,0.98538391268811
10,2026-02-03 05:20:03,78165.25520714122,1354.0000671386717,82495,83250,0.9909309309309309
10,2026-02-03 05:20:03,78165.25520714122,1356.0000675201416,82558,83386,0.9900702755858297
10,2026-02-03 05:20:03,78165.25520714122,1358.0000679016111,82820,82830,0.9998792707956055
10,2026-02-03 05:20:03,78165.25520714122,1360.000068283081,82580,83010,0.9948199012167209
10,2026-02-03 05:20:03,78165.25520714122,1362.0000686645508,82520,82737,0.9973772314683877
10,2026-02-03 05:20:03,78165.25520714122,1364.0000690460204,82929,82973,0.9994697070131248
10,2026-02-03 05:20:03,78165.25520714122,1366.0000694274902,82405,83420,0.9878326540397986
10,2026-02-03 05:20:03,78165.25520714122,1368.0000698089598,82657,83133,0.9942742352615688
10,2026-02-03 05:20:03,78165.25520714122,1370.0000701904296,82628,82548,1.0009691331104327
10,2026-02-03 05:20:03,78165.25520714122,1372.0000705718994,82027,82562,0.9935200213173131
10,2026-02-03 05:20:03,78165.25520714122,1374.000070953369,82582,82729,0.998223114022894
10,2026-02-03 05:20:03,78165.25520714122,1376.0000713348388,82661,82480,1.002194471387003
10,2026-02-03 05:20:03,78165.25520714122,1378.0000717163084,82320,83165,0.9898394757409968
10,2026-02-03 05:20:03,78165.25520714122,1380.0000720977782,82439,83387,0.9886313214289997
10,2026-02-03 05:20:03,78165.25520714122,1382.000072479248,82827,82502,1.0039392984412498
10,2026-02-03 05:20:03,78165.25520714122,1384.0000728607176,82222,82623,0.9951466298730378
10,2026-02-03 05:20:03,78165.25520714122,1386.0000732421875,82097,83241,0.9862567725039344
10,2026-02-03 05:20:03,78165.25520714122,1388.000073623657,82187,82619,0.994771178542466
10,2026-02-03 05:20:03,78165.25520714122,1390.0000740051269,82517,83340,0.9901247900167987
10,2026-02-03 05:20:03,78165.25520714122,1392.0000743865967,82195,83158,0.9884196349118546
10,2026-02-03 05:20:03,78165.25520714122,1394.0000747680663,82043,82612,0.9931123807679272
10,2026-02-03 05:20:03,78165.25520714122,1396.000075149536,82552,82334,1.002647751840066
10,2026-02-03 05:20:03,78165.25520714122,1398.0000755310057,82278,82888,0.9926406717498311
10,2026-02-03 05:20:03,78165.25520714122,1400.0000759124755,82480,83065,0.9929573225787034
10,2026-02-03 05:20:03,78165.25520714122,1402.0000762939453,82171,82121,1.000608857661256
10,2026-02-03 05:20:03,78165.25520714122,1404.000076675415,82916,83299,0.9954021056675351
10,2026-02-03 05:20:03,78165.25520714122,1406.0000770568847,82489,82921,0.9947902220185477
10,2026-02-03 05:20:03,78165.25520714122,1408.0000774383543,82480,82725,0.9970383801752796
10,2026-02-03 05:20:03,78165.25520714122,1410.0000778198241,82402,82671,0.9967461383072661
10,2026-02-03 05:20:03,78165.25520714122,1412.000078201294,82450,82805,0.9957128192741984
10,2026-02-03 05:20:03,78165.25520714122,1414.0000785827635,81975,83045,0.9871154193509543
10,2026-02-03 05:20:03,78165.25520714122,1416.0000789642334,83168,82867,1.003632326499089
10,2026-02-03 05:20:03,78165.25520714122,1418.000079345703,83017,82744,1.0032993328821425
10,2026-02-03 05:20:03,78165.25520714122,1420.0000797271728,82882,82969,0.998951415588955
10,2026-02-03 05:20:03,78165.25520714122,1422.0000801086426,82828,82886,0.9993002437082258
10,2026-02-03 05:20:03,78165.25520714122,1424.0000804901122,82493,82779,0.9965450174561181
10,2026-02-03 05:20:03,78165.25520714122,1426.000080871582,82708,82948,0.997106621015576
10,2026-02-03 05:20:03,78165.25520714122,1428.0000812530516,83089,82965,1.0014946061592238
10,2026-02-03 05:20:03,78165.25520714122,1430.0000816345214,83011,83117,0.9987246892934056
10,2026-02-03 05:20:03,78165.25520714122,1432.0000820159912,83554,83020,1.0064321850156588
10,2026-02-03 05:20:03,78165.25520714122,1434.0000823974608,82367,82742,0.995467839791158
10,2026-02-03 05:20:03,78165.25520714122,1436.0000827789306,83042,83367,0.9961015749637147
10,2026-02-03 05:20:03,78165.25520714122,1438.0000831604002,82815,82738,1.0009306485532645
10,2026-02-03 05:20:03,78165.25520714122,1440.00008354187,82350,83508,0.9861330650955598
10,2026-02-03 05:20:03,78165.25520714122,1442.0000839233398,82306,83033,0.9912444449797069
10,2026-02-03 05:20:03,78165.25520714122,1444.0000843048094,82756,82984,0.997252482406247
10,2026-02-03 05:20:03,78165.25520714122,1446.0000846862793,82457,83203,0.9910339771402473
10,2026-02-03 05:20:03,78165.25520714122,1448.0000850677488,82594,83274,0.9918341859403895
10,2026-02-03 05:20:03,78165.25520714122,1450.0000854492187,82650,82909,0.9968760930658915
10,2026-02-03 05:20:03,78165.25520714122,1452.0000858306885,82688,82882,0.9976593228927874
10,2026-02-03 05:20:03,78165.25520714122,1454.000086212158,82569,82735,0.9979935940049556
10,2026-02-03 05:20:03,78165.25520714122,1456.0000865936279,82574,82501,1.0008848377595423
10,2026-02-03 05:20:03,78165.25520714122,1458.0000869750975,82531,83004,0.9943014794467736
10,2026-02-03 05:20:03,78165.25520714122,1460.0000873565673,82005,82474,0.9943133593617383
10,2026-02-03 05:20:03,78165.25520714122,1462.000087738037,82105,82636,0.9935742291495232
10,2026-02-03 05:20:03,78165.25520714122,1464.0000881195067,82196,82796,0.992753273104981
10,2026-02-03 05:20:03,78165.25520714122,1466.0000885009765,82696,82866,0.9979484951608621
10,2026-02-03 05:20:03,78165.25520714122,1468.000088882446,82346,83088,0.9910697092239553
10,2026-02-03 05:20:03,78165.25520714122,1470.000089263916,82156,82638,0.994167332220044
10,2026-02-03 05:20:03,78165.25520714122,1472.0000896453857,82641,83170,0.9936395334856318
10,2026-02-03 05:20:03,78165.25520714122,1474.0000900268553,82736,83522,0.9905893058116424
10,2026-02-03 05:20:03,78165.25520714122,1476.0000904083251,82549,82928,0.9954297704032413
10,2026-02-03 05:20:03,78165.25520714122,1478.0000907897947,82830,82838,0.9999034259639296
10,2026-02-03 05:20:03,78165.25520714122,1480.0000911712646,81918,82853,0.9887149529890288
10,2026-02-03 05:20:03,78165.25520714122,1482.0000915527344,82741,83176,0.9947701259978841
10,2026-02-03 05:20:03,78165.25520714122,1484.000091934204,82747,82650,1.0011736237144586
10,2026-02-03 05:20:03,78165.25520714122,1486.0000923156738,82906,82652,1.0030731258771717
10,2026-02-03 05:20:03,78165.25520714122,1488.0000926971434,82703,83458,0.9909535335138633
10,2026-02-03 05:20:03,78165.25520714122,1490.0000930786132,82634,83005,0.9955303897355581
10,2026-02-03 05:20:03,78165.25520714122,1492.000093460083,82140,82974,0.9899486586159519
10,2026-02-03 05:20:03,78165.25520714122,1494.0000938415526,82829,83296,0.9943934882827506
10,2026-02-03 05:20:03,78165.25520714122,1496.0000942230224,82924,83158,0.9971860795112918
10,2026-02-03 05:20:03,78165.25520714122,1498.000094604492,82798,83244,0.9946422564989669
10,2026-02-03 05:20:03,78165.25520714122,1500.0000949859618,82522,83131,0.9926742129891376
10,2026-02-03 05:20:03,78165.25520714122,1502.0000953674316,82445,83799,0.9838422892874616
10,2026-02-03 05:20:03,78165.25520714122,1504.0000957489012,83148,83108,1.0004813014390912
10,2026-02-03 05:20:03,78165.25520714122,1506.000096130371,82520,82854,0.9959688126101335
10,2026-02-03 05:20:03,78165.25520714122,1508.0000965118406,82628,82798,0.9979468103094278
10,2026-02-03 05:20:03,78165.25520714122,1510.0000968933105,82448,82707,0.9968684633706941
10,2026-02-03 05:20:03,78165.25520714122,1512.0000972747803,82599,83015,0.9949888574354032
10,2026-02-03 05:20:03,78165.25520714122,1514.0000976562499,82811,82921,0.9986734361621302
10,2026-02-03 05:20:03,78165.25520714122,1516.0000980377195,82687,83065,0.9954493468970084
10,2026-02-03 05:20:03,78165.25520714122,1518.0000984191893,82489,82976,0.9941308330119553
10,2026-02-03 05:20:03,78165.25520714122,1520.000098800659,82504,82839,0.9959560110575937
10,2026-02-03 05:20:03,78165.25520714122,1522.000099182129,83126,82883,1.0029318436832644
10,2026-02-03 05:20:03,78165.25520714122,1524.0000995635985,82564,82566,0.9999757769541943
10,2026-02-03 05:20:03,78165.25520714122,1526.000099945068,82731,83318,0.9929547036654744
10,2026-02-03 05:20:03,78165.25520714122,1528.000100326538,82775,82948,0.997914355982061
10,2026-02-03 05:20:03,78165.25520714122,1530.0001007080077,82240,82564,0.9960757715226976
10,2026-02-03 05:20:03,78165.25520714122,1532.0001010894775,82748,82804,0.9993237041688807
10,2026-02-03 05:20:03,78165.25520714122,1534.0001014709471,82603,83035,0.9947973746010719
10,2026-02-03 05:20:03,78165.25520714122,1536.0001018524167,83057,82822,1.002837410349907
10,2026-02-03 05:20:03,78165.25520714122,1538.0001022338865,82888,82603,1.0034502378848227
10,2026-02-03 05:20:03,78165.25520714122,1540.0001026153564,82821,83221,0.9951935208661276
10,2026-02-03 05:20:03,78165.25520714122,1542.0001029968262,82415,83054,0.9923062104173188
10,2026-02-03 05:20:03,78165.25520714122,1544.0001033782958,82555,82837,0.9965957241329357
10,2026-02-03 05:20:03,78165.25520714122,1546.0001037597654,83051,83621,0.9931835304528767
10,2026-02-03 05:20:03,78165.25520714122,1548.0001041412352,82554,83146,0.9928799942270223
10,2026-02-03 05:20:03,78165.25520714122,1550.000104522705,81640,83319,0.979848533947839
10,2026-02-03 05:20:03,78165.25520714122,1552.0001049041748,83120,82594,1.0063685013439232
10,2026-02-03 05:20:03,78165.25520714122,1554.0001052856444,82724,82830,0.9987202704334178
10,2026-02-03 05:20:03,78165.25520714122,1556.000105667114,82579,82722,0.9982713183917217
10,2026-02-03 05:20:03,78165.25520714122,1558.0001060485838,82473,82440,1.0004002911208152
10,2026-02-03 05:20:03,78165.25520714122,1560.0001064300536,82693,82824,0.9984183328503815
10,2026-02-03 05:20:03,78165.25520714122,1562.0001068115234,82798,82860,0.9992517499396573
10,2026-02-03 05:20:03,78165.25520714122,1564.000107192993,82332,82603,0.9967192474849582
10,2026-02-03 05:20:03,78165.25520714122,1566.0001075744626,82880,82816,1.000772797527048
10,2026-02-03 05:20:03,78165.25520714122,1568.0001079559324,82717,83209,0.9940871780696799
10,2026-02-03 05:20:03,78165.25520714122,1570.0001083374023,81939,82759,0.990091712079653
10,2026-02-03 05:20:03,78165.25520714122,1572.000108718872,82348,83256,0.9890938791198232
10,2026-02-03 05:20:03,78165.25520714122,1574.0001091003417,82572,83169,0.9928218446777044
10,2026-02-03 05:20:03,78165.25520714122,1576.0001094818113,82853,82938,0.9989751380549327
10,2026-02-03 05:20:03,78165.25520714122,1578.000109863281,83181,82972,1.0025189220459914
10,2026-02-03 05:20:03,78165.25520714122,1580.0001102447509,82592,82818,0.9972711246347412
10,2026-02-03 05:20:03,78165.25520714122,1582.0001106262207,83019,82831,1.0022696816409316
10,2026-02-03 05:20:03,78165.25520714122,1584.0001110076903,82406,83195,0.9905162569865977
10,2026-02-03 05:20:03,78165.25520714122,1586.0001113891599,82135,83230,0.9868436861708518
10,2026-02-03 05:20:03,78165.25520714122,1588.0001117706297,82778,83330,0.9933757350294011
10,2026-02-03 05:20:03,78165.25520714122,1590.0001121520995,82824,83162,0.9959356436834131
10,2026-02-03 05:20:03,78165.25520714122,1592.0001125335693,83038,82933,1.001266082259173
10,2026-02-03 05:20:03,78165.25520714122,1594.000112915039,83495,83550,0.9993417115499701
10,2026-02-03 05:20:03,78165.25520714122,1596.0001132965085,82423,82859,0.9947380489747644
10,2026-02-03 05:20:03,78165.25520714122,1598.0001136779783,82943,83253,0.9962764104596832
10,2026-02-03 05:20:03,78165.25520714122,1600.0001140594482,82889,83644,0.9909736502319354
10,2026-02-03 05:20:03,78165.25520714122,1602.000114440918,82795,83054,0.9968815469453608
10,2026-02-03 05:20:03,78165.25520714122,1604.0001148223876,83455,82898,1.0067191005814373
10,2026-02-03 05:20:03,78165.25520714122,1606.0001152038571,83209,82544,1.0080563093622794
10,2026-02-03 05:20:03,78165.25520714122,1608.000115585327,82834,82685,1.0018020197133701
10,2026-02-03 05:20:03,78165.25520714122,1610.0001159667968,82639,82712,0.9991174194796402
10,2026-02-03 05:20:03,78165.25520714122,1612.0001163482666,82211,82428,0.9973673994273791
10,2026-02-03 05:20:03,78165.25520714122,1614.0001167297362,82246,83139,0.9892589518757743
10,2026-02-03 05:20:03,78165.25520714122,1616.0001171112058,82308,83341,0.9876051403270899
10,2026-02-03 05:20:03,78165.25520714122,1618.0001174926756,82640,82944,0.9963348765432098
10,2026-02-03 05:20:03,78165.25520714122,1620.0001178741454,83255,82877,1.0045609759040506
10,2026-02-03 05:20:03,78165.25520714122,1622.0001182556152,82044,83001,0.9884700184335129
10,2026-02-03 05:20:03,78165.25520714122,1624.0001186370848,82261,82925,0.9919927645462767
10,2026-02-03 05:20:03,78165.25520714122,1626.0001190185544,82450,82599,0.9981961040690566
10,2026-02-03 05:20:03,78165.25520714122,1628.0001194000242,82510,82519,0.9998909342090913
10,2026-02-03 05:20:03,78165.25520714122,1630.000119781494,82346,82895,0.9933771638820195
10,2026-02-03 05:20:03,78165.25520714122,1632.0001201629639,82583,83053,0.9943409629995305
10,2026-02-03 05:20:03,78165.25520714122,1634.0001205444335,82719,83216,0.9940275908479138
10,2026-02-03 05:20:03,78165.25520714122,1636.000120925903,82515,82636,0.9985357471320006
10,2026-02-03 05:20:03,78165.25520714122,1638.0001213073729,82836,82762,1.0008941301563519
10,2026-02-03 05:20:03,78165.25520714122,1640.0001216888427,82214,83448,0.9852123478094142
10,2026-02-03 05:20:03,78165.25520714122,1642.0001220703125,82022,83080,0.9872652864708714
10,2026-02-03 05:20:03,78165.25520714122,1644.000122451782,82632,82692,0.9992744159048034
10,2026-02-03 05:20:03,78165.25520714122,1646.0001228332517,82309,82452,0.9982656575947217
10,2026-02-03 05:20:03,78165.25520714122,1648.0001232147215,82472,83052,0.9930164234455522
10,2026-02-03 05:20:03,78165.25520714122,1650.0001235961913,82057,83134,0.9870450116679096
10,2026-02-03 05:20:03,78165.25520714122,1652.0001239776611,81933,82981,0.9873706029090997
10,2026-02-03 05:20:03,78165.25520714122,1654.0001243591307,82931,83462,0.9936378232009777
10,2026-02-03 05:20:03,78165.25520714122,1656.0001247406003,82271,82825,0.9933111983096891
10,2026-02-03 05:20:03,78165.25520714122,1658.0001251220701,83286,82699,1.0070980302059276
10,2026-02-03 05:20:03,78165.25520714122,1660.00012550354,82833,82933,0.9987942073722161
10,2026-02-03 05:20:03,78165.25520714122,1662.0001258850098,82776,82507,1.003260329426594
10,2026-02-03 05:20:03,78165.25520714122,1664.0001262664794,82440,83218,0.9906510610685189
10,2026-02-03 05:20:03,78165.25520714122,1666.000126647949,82613,82809,0.9976331075124685
10,2026-02-03 05:20:03,78165.25520714122,1668.0001270294188,82631,82994,0.995626189845049
10,2026-02-03 05:20:03,78165.25520714122,1670.0001274108886,82709,83393,0.9917978727231302
10,2026-02-03 05:20:03,78165.25520714122,1672.0001277923584,82717,82685,1.0003870109451534
10,2026-02-03 05:20:03,78165.25520714122,1674.000128173828,82603,83270,0.9919899123333734
10,2026-02-03 05:20:03,78165.25520714122,1676.0001285552976,82433,83056,0.992499036794452
10,2026-02-03 05:20:03,78165.25520714122,1678.0001289367674,82896,83028,0.9984101748807631
10,2026-02-03 05:20:03,78165.25520714122,1680.0001293182372,82069,82772,0.9915067897356594
10,2026-02-03 05:20:03,78165.25520714122,1682.000129699707,82492,83027,0.9935563130066123
10,2026-02-03 05:20:03,78165.25520714122,1684.0001300811766,82803,83041,0.9971339458821546
10,2026-02-03 05:20:03,78165.25520714122,1686.0001304626462,82636,83028,0.9952787011610541
10,2026-02-03 05:20:03,78165.25520714122,1688.000130844116,82849,83095,0.9970395330645646
10,2026-02-03 05:20:03,78165.25520714122,1690.0001312255858,82783,82975,0.9976860500150648
10,2026-02-03 05:20:03,78165.25520714122,1692.0001316070557,82393,83450,0.9873337327741163
10,2026-02-03 05:20:03,78165.25520714122,1694.0001319885253,82692,83072,0.995425654853621
10,2026-02-03 05:20:03,78165.25520714122,1696.0001323699948,82506,83033,0.9936531258656197
10,2026-02-03 05:20:03,78165.25520714122,1698.0001327514647,82246,83060,0.9901998555261257
10,2026-02-03 05:20:03,78165.25520714122,1700.0001331329345,82931,82806,1.0015095524478903
10,2026-02-03 05:20:03,78165.25520714122,1702.0001335144043,82595,83048,0.9945453231865908
10,2026-02-03 05:20:03,78165.25520714122,1704.000133895874,82982,82652,1.003992643856168
10,2026-02-03 05:20:03,78165.25520714122,1706.0001342773435,83039,83768,0.9912973927991596
10,2026-02-03 05:20:03,78165.25520714122,1708.0001346588133,82529,83221,0.9916847910984007
10,2026-02-03 05:20:03,78165.25520714122,1710.000135040283,82514,82987,0.9943003120970755
10,2026-02-03 05:20:03,78165.25520714122,1712.000135421753,82297,82670,0.9954880851578566
10,2026-02-03 05:20:03,78165.25520714122,1714.0001358032225,81979,83339,0.9836811096845415
10,2026-02-03 05:20:03,78165.25520714122,1716.000136184692,82292,82926,0.9923546294286473
10,2026-02-03 05:20:03,78165.25520714122,1718.000136566162,82927,82987,0.9992769951920181
10,2026-02-03 05:20:03,78165.25520714122,1720.0001369476317,82994,82676,1.003846339929363
10,2026-02-03 05:20:03,78165.25520714122,1722.0001373291016,82364,82809,0.994626187974737
10,2026-02-03 05:20:03,78165.25520714122,1724.0001377105712,83383,82781,1.0072722001425447
10,2026-02-03 05:20:03,78165.25520714122,1726.0001380920407,82999,82942,1.0006872272190206
10,2026-02-03 05:20:03,78165.25520714122,1728.0001384735106,82809,83224,0.9950134576564452
10,2026-02-03 05:20:03,78165.25520714122,1730.0001388549804,82731,82877,0.998238353222245
10,2026-02-03 05:20:03,78165.25520714122,1732.0001392364502,82523,82703,0.9978235372356504
10,2026-02-03 05:20:03,78165.25520714122,1734.0001396179198,82857,83214,0.9957098565145288
10,2026-02-03 05:20:03,78165.25520714122,1736.0001399993894,82520,83578,0.9873411663356386
10,2026-02-03 05:20:03,78165.25520714122,1738.0001403808592,82664,82902,0.9971291404308702
10,2026-02-03 05:20:03,78165.25520714122,1740.000140762329,82681,82605,1.000920041159736
10,2026-02-03 05:20:03,78165.25520714122,1742.0001411437988,82602,83069,0.9943781675474606
10,2026-02-03 05:20:03,78165.25520714122,1744.0001415252684,82857,83202,0.9958534650609361
10,2026-02-03 05:20:03,78165.25520714122,1746.000141906738,82142,82505,0.995600266650506
10,2026-02-03 05:20:03,78165.25520714122,1748.0001422882078,82565,82420,1.001759281727736
10,2026-02-03 05:20:03,78165.25520714122,1750.0001426696776,82365,82813,0.9945902213420599
10,2026-02-03 05:20:03,78165.25520714122,1752.0001430511475,82187,83216,0.9876345895020189
10,2026-02-03 05:20:03,78165.25520714122,1754.000143432617,83202,82837,1.004406243586803
10,2026-02-03 05:20:03,78165.25520714122,1756.0001438140866,82629,82537,1.0011146516107927
10,2026-02-03 05:20:03,78165.25520714122,1758.0001441955565,82948,83223,0.99669562500751
10,2026-02-03 05:20:03,78165.25520714122,1760.0001445770263,82373,82879,0.9938947139806223
10,2026-02-03 05:20:03,78165.25520714122,1762.000144958496,82764,83271,0.9939114457614295
10,2026-02-03 05:20:03,78165.25520714122,1764.0001453399657,82459,83122,0.9920237722865186
10,2026-02-03 05:20:03,78165.25520714122,1766.0001457214353,82391,82997,0.9926985312722146
10,2026-02-03 05:20:03,78165.25520714122,1768.000146102905,82868,83439,0.9931566773331416
10,2026-02-03 05:20:03,78165.25520714122,1770.000146484375,82261,83343,0.9870175059693076
10,2026-02-03 05:20:03,78165.25520714122,1772.0001468658447,82346,82926,0.9930058124110653
10,2026-02-03 05:20:03,78165.25520714122,1774.0001472473143,82556,83235,0.9918423740013216
10,2026-02-03 05:20:03,78165.25520714122,1776.000147628784,82463,82797,0.9959660374168147
10,2026-02-03 05:20:03,78165.25520714122,1778.0001480102537,82956,82901,1.000663441936768
10,2026-02-03 05:20:03,78165.25520714122,1780.0001483917235,82891,82762,1.0015586863536405
10,2026-02-03 05:20:03,78165.25520714122,1782.0001487731934,82655,83551,0.9892760110591136
10,2026-02-03 05:20:03,78165.25520714122,1784.000149154663,82825,83081,0.9969186697319483
10,2026-02-03 05:20:03,78165.25520714122,1786.0001495361325,82773,82846,0.9991188470173575
10,2026-02-03 05:20:03,78165.25520714122,1788.0001499176024,82582,82684,0.998766387692903
10,2026-02-03 05:20:03,78165.25520714122,1790.0001502990722,82620,82748,0.9984531348189685
10,2026-02-03 05:20:03,78165.25520714122,1792.000150680542,83228,82922,1.00369021490075
10,2026-02-03 05:20:03,78165.25520714122,1794.0001510620116,82605,82767,0.9980426981768096
10,2026-02-03 05:20:03,78165.25520714122,1796.0001514434812,82684,82957,0.9967091384693275
10,2026-02-03 05:20:03,78165.25520714122,1798.000151824951,83111,83554,0.9946980395911627
10,2026-02-03 05:20:03,78165.25520714122,1800.0001522064208,83014,82796,1.0026329774385236
10,2026-02-03 05:20:03,78165.25520714122,1802.0001525878906,83142,83075,1.0008065001504665
10,2026-02-03 05:20:03,78165.25520714122,1804.0001529693602,82305,82707,0.9951394682433168
10,2026-02-03 05:20:03,78165.25520714122,1806.0001533508298,82557,82875,0.9961628959276018
10,2026-02-03 05:20:03,78165.25520714122,1808.0001537322996,83216,82507,1.0085932102730677
10,2026-02-03 05:20:03,78165.25520714122,1810.0001541137694,82985,82640,1.004174733785092
10,2026-02-03 05:20:03,78165.25520714122,1812.0001544952393,82802,83074,0.9967258107229698
10,2026-02-03 05:20:03,78165.25520714122,1814.0001548767088,82724,83227,0.9939562882237736
10,2026-02-03 05:20:03,78165.25520714122,1816.0001552581784,82551,83392,0.9899150997697621
10,2026-02-03 05:20:03,78165.25520714122,1818.0001556396483,82416,82882,0.9943775488043243
10,2026-02-03 05:20:03,78165.25520714122,1820.000156021118,82929,83231,0.9963715442563468
10,2026-02-03 05:20:03,78165.25520714122,1822.000156402588,82538,82672,0.998379136829882
10,2026-02-03 05:20:03,78165.25520714122,1824.0001567840575,82731,83151,0.9949489482988779
10,2026-02-03 05:20:03,78165.25520714122,1826.000157165527,82958,82965,0.9999156270716567
10,2026-02-03 05:20:03,78165.25520714122,1828.000157546997,83498,83164,1.0040161608388245
10,2026-02-03 05:20:03,78165.25520714122,1830.0001579284667,83096,82854,1.0029208004441548
10,2026-02-03 05:20:03,78165.25520714122,1832.0001583099365,82391,83179,0.9905264549946501
10,2026-02-03 05:20:03,78165.25520714122,1834.000158691406,83046,82715,1.0040016925587862
10,2026-02-03 05:20:03,78165.25520714122,1836.0001590728757,82687,82979,0.9964810373709011
10,2026-02-03 05:20:03,78165.25520714122,1838.0001594543455,82232,83020,0.9905083112503011
10,2026-02-03 05:20:03,78165.25520714122,1840.0001598358153,82447,82576,0.9984378027514048
10,2026-02-03 05:20:03,78165.25520714122,1842.0001602172852,82553,83070,0.9937763332129529
10,2026-02-03 05:20:03,78165.25520714122,1844.0001605987547,81967,83049,0.9869715469180845
10,2026-02-03 05:20:03,78165.25520714122,1846.0001609802243,82642,82970,0.9960467638905629
10,2026-02-03 05:20:03,78165.25520714122,1848.0001613616942,82295,83187,0.9892771707117699
10,2026-02-03 05:20:03,78165.25520714122,1850.000161743164,82347,82870,0.9936889103414988
10,2026-02-03 05:20:03,78165.25520714122,1852.0001621246338,82331,82801,0.9943237400514486
10,2026-02-03 05:20:03,78165.25520714122,1854.0001625061034,83186,82892,1.003546783766829
10,2026-02-03 05:20:03,78165.25520714122,1856.000162887573,82208,83499,0.9845387369908621
10,2026-02-03 05:20:03,78165.25520714122,1858.0001632690428,82228,82784,0.9932837263239274
10,2026-02-03 05:20:03,78165.25520714122,1860.0001636505126,82737,83289,0.9933724741562511
10,2026-02-03 05:20:03,78165.25520714122,1862.0001640319824,82555,82910,0.9957182487034133
10,2026-02-03 05:20:03,78165.25520714122,1864.000164413452,82457,82980,0.9936972764521571
10,2026-02-03 05:20:03,78165.25520714122,1866.0001647949216,82130,83369,0.9851383607815855
10,2026-02-03 05:20:03,78165.25520714122,1868.0001651763914,82524,82850,0.996065178032589
10,2026-02-03 05:20:03,78165.25520714122,1870.0001655578612,82638,83027,0.9953147771206957
10,2026-02-03 05:20:03,78165.25520714122,1872.000165939331,82792,82706,1.001039827823858
10,2026-02-03 05:20:03,78165.25520714122,1874.0001663208006,82748,82926,0.9978535079468441
10,2026-02-03 05:20:03,78165.25520714122,1876.0001667022702,82533,83596,0.9872840805780181
10,2026-02-03 05:20:03,78165.25520714122,1878.00016708374,82430,83002,0.9931085997927761
10,2026-02-03 05:20:03,78165.25520714122,1880.0001674652099,82798,82814,0.9998067959523752
10,2026-02-03 05:20:03,78165.25520714122,1882.0001678466797,82074,83070,0.988010111953774
10,2026-02-03 05:20:03,78165.25520714122,1884.0001682281493,82862,82778,1.001014762376477
10,2026-02-03 05:20:03,78165.25520714122,1886.0001686096189,83133,83184,0.9993869013271783
10,2026-02-03 05:20:03,78165.25520714122,1888.0001689910887,83206,83451,0.9970641454266576
10,2026-02-03 05:20:03,78165.25520714122,1890.0001693725585,82758,83749,0.9881670228898255
10,2026-02-03 05:20:03,78165.25520714122,1892.0001697540283,82762,83642,0.989478969895507
10,2026-02-03 05:20:03,78165.25520714122,1894.000170135498,83101,83175,0.9991103095882176
10,2026-02-03 05:20:03,78165.25520714122,1896.0001705169675,82453,82764,0.9962423275820405
10,2026-02-03 05:20:03,78165.25520714122,1898.0001708984373,82828,82893,0.9992158565862015
10,2026-02-03 05:20:03,78165.25520714122,1900.0001712799071,82034,83417,0.9834206456717456
10,2026-02-03 05:20:03,78165.25520714122,1902.000171661377,82779,83097,0.9961731470450197
10,2026-02-03 05:20:03,78165.25520714122,1904.0001720428465,82570,83582,0.9878921298844249
10,2026-02-03 05:20:03,78165.25520714122,1906.0001724243161,82604,83074,0.9943423935286612
10,2026-02-03 05:20:03,78165.25520714122,1908.000172805786,83006,83011,0.9999397670188288
10,2026-02-03 05:20:03,78165.25520714122,1910.0001731872558,82439,82734,0.9964343558875433
10,2026-02-03 05:20:03,78165.25520714122,1912.0001735687256,82442,82579,0.9983409825742622
10,2026-02-03 05:20:03,78165.25520714122,1914.0001739501952,82541,82821,0.9966192149334107
10,2026-02-03 05:20:03,78165.25520714122,1916.0001743316648,82479,82473,1.0000727510821723
10,2026-02-03 05:20:03,78165.25520714122,1918.0001747131346,82852,83439,0.9929649204808303
10,2026-02-03 05:20:03,78165.25520714122,1920.0001750946044,82214,82730,0.9937628429831984
10,2026-02-03 05:20:03,78165.25520714122,1922.0001754760742,82646,83066,0.9949437796451015
10,2026-02-03 05:20:03,78165.25520714122,1924.0001758575438,82804,83183,0.9954437805801666
10,2026-02-03 05:20:03,78165.25520714122,1926.0001762390134,82562,83339,0.9906766339888887
10,2026-02-03 05:20:03,78165.25520714122,1928.0001766204832,82564,83107,0.9934662543468059
10,2026-02-03 05:20:03,78165.25520714122,1930.000177001953,81843,83202,0.9836662580226437
10,2026-02-03 05:20:03,78165.25520714122,1932.0001773834229,82841,82953,0.9986498378599931
10,2026-02-03 05:20:03,78165.25520714122,1934.0001777648924,82244,82970,0.9912498493431361
10,2026-02-03 05:20:03,78165.25520714122,1936.000178146362,82690,82493,1.0023880814129684
10,2026-02-03 05:20:03,78165.25520714122,1938.0001785278318,82389,82815,0.9948560043470386
10,2026-02-03 05:20:03,78165.25520714122,1940.0001789093017,82351,83341,0.9881210928594569
10,2026-02-03 05:20:03,78165.25520714122,1942.0001792907715,82802,82788,1.0001691066338116
10,2026-02-03 05:20:03,78165.25520714122,1944.000179672241,82503,82657,0.9981368789092273
10,2026-02-03 05:20:03,78165.25520714122,1946.0001800537107,83176,82871,1.0036804189644146
10,2026-02-03 05:20:03,78165.25520714122,1948.0001804351805,82403,83001,0.9927952675268973
10,2026-02-03 05:20:03,78165.25520714122,1950.0001808166503,82773,82533,1.0029079277379958
10,2026-02-03 05:20:03,78165.25520714122,1952.0001811981201,81846,82952,0.9866669881377182
10,2026-02-03 05:20:03,78165.25520714122,1954.0001815795897,82371,82671,0.9963711579634938
10,2026-02-03 05:20:03,78165.25520714122,1956.0001819610593,82496,83437,0.9887220297949351
10,2026-02-03 05:20:03,78165.25520714122,1958.0001823425291,82525,82846,0.9961253409941337
10,2026-02-03 05:20:03,78165.25520714122,1960.000182723999,82785,83489,0.9915677514403095
10,2026-02-03 05:20:03,78165.25520714122,1962.0001831054688,82952,83049,0.9988320148346157
10,2026-02-03 05:20:03,78165.25520714122,1964.0001834869383,82290,83140,0.9897762809718547
10,2026-02-03 05:20:03,78165.25520714122,1966.000183868408,82817,82648,1.002044816571484
10,2026-02-03 05:20:03,78165.25520714122,1968.0001842498777,82663,83154,0.9940952930706881
10,2026-02-03 05:20:03,78165.25520714122,1970.0001846313476,82589,82767,0.9978493844164945
10,2026-02-03 05:20:03,78165.25520714122,1972.0001850128174,82701,83123,0.9949231861217713
10,2026-02-03 05:20:03,78165.25520714122,1974.000185394287,82322,83292,0.9883542236949527
10,2026-02-03 05:20:03,78165.25520714122,1976.0001857757566,82951,83363,0.9950577594376402
10,2026-02-03 05:20:03,78165.25520714122,1978.0001861572264,82978,83250,0.9967327327327328
10,2026-02-03 05:20:03,78165.25520714122,1980.0001865386962,82901,83501,0.9928144573118884
10,2026-02-03 05:20:03,78165.25520714122,1982.000186920166,82821,83401,0.993045646934689
10,2026-02-03 05:20:03,78165.25520714122,1984.0001873016356,82638,83115,0.9942609637249594
10,2026-02-03 05:20:03,78165.25520714122,1986.0001876831052,82659,83004,0.9958435738036722
10,2026-02-03 05:20:03,78165.25520714122,1988.000188064575,82704,82811,0.9987079011242468
10,2026-02-03 05:20:03,78165.25520714122,1990.0001884460448,83254,83348,0.9988721984930652
10,2026-02-03 05:20:03,78165.25520714122,1992.0001888275146,82532,82372,1.0019424076142378
10,2026-02-03 05:20:03,78165.25520714122,1994.0001892089842,82777,83468,0.9917213782527435
10,2026-02-03 05:20:03,78165.25520714122,1996.0001895904538,82434,82615,0.9978091145675725
10,2026-02-03 05:20:03,78165.25520714122,1998.0001899719236,82504,82995,0.9940839809627086
10,2026-02-03 05:20:03,78165.25520714122,2000.0001903533935,82498,82919,0.9949227559425463
10,2026-02-03 05:20:03,78165.25520714122,2002.0001907348633,82807,82934,0.9984686618274773
10,2026-02-03 05:20:03,78165.25520714122,2004.0001911163329,82417,83490,0.9871481614564619
10,2026-02-03 05:20:03,78165.25520714122,2006.0001914978025,82405,83120,0.9913979788257941
10,2026-02-03 05:20:03,78165.25520714122,2008.0001918792723,82259,83220,0.988452295121365
10,2026-02-03 05:20:03,78165.25520714122,2010.000192260742,82303,82651,0.9957895246276512
10,2026-02-03 05:20:03,78165.25520714122,2012.000192642212,82570,83359,0.9905349152461042
10,2026-02-03 05:20:03,78165.25520714122,2014.0001930236815,83100,83269,0.9979704331744107
10,2026-02-03 05:20:03,78165.25520714122,2016.000193405151,82544,83268,0.9913051832636787
10,2026-02-03 05:20:03,78165.25520714122,2018.000193786621,82650,83408,0.9909121427201227
10,2026-02-03 05:20:03,78165.25520714122,2020.0001941680907,82917,82814,1.0012437510565846
10,2026-02-03 05:20:03,78165.25520714122,2022.0001945495605,82437,83249,0.9902461290826317
10,2026-02-03 05:20:03,78165.25520714122,2024.0001949310301,82608,82384,1.0027189745581666
10,2026-02-03 05:20:03,78165.25520714122,2026.0001953125,82556,83143,0.9929398746737549
10,2026-02-03 05:20:03,78165.25520714122,2028.0001956939695,82586,82888,0.9963565292925394
10,2026-02-03 05:20:03,78165.25520714122,2030.0001960754394,82511,82323,1.0022836874263572
10,2026-02-03 05:20:03,78165.25520714122,2032.000196456909,82391,82718,0.9960468096423994
10,2026-02-03 05:20:03,78165.25520714122,2034.0001968383788,82301,83102,0.9903612428100407
10,2026-02-03 05:20:03,78165.25520714122,2036.0001972198486,82643,83099,0.9945125693449981
10,2026-02-03 05:20:03,78165.25520714122,2038.0001976013182,82750,83206,0.9945196259885104
10,2026-02-03 05:20:03,78165.25520714122,2040.000197982788,82579,82885,0.9963081377812631
10,2026-02-03 05:20:03,78165.25520714122,2042.0001983642576,83125,83093,1.000385110659141
10,2026-02-03 05:20:03,78165.25520714122,2044.0001987457274,82326,82958,0.992381687118783
10,2026-02-03 05:20:03,78165.25520714122,2046.0001991271972,82328,82467,0.9983144773060739
10,2026-02-03 05:20:03,78165.25520714122,2048.000199508667,82271,82935,0.9919937300295412
10,2026-02-03 05:20:03,78165.25520714122,2050.0001998901366,82602,82912,0.9962610961018912
10,2026-02-03 05:20:03,78165.25520714122,2052.0002002716064,82459,83094,0.992358052326281
10,2026-02-03 05:20:03,78165.25520714122,2054.000200653076,82657,83063,0.9951121437944692
10,2026-02-03 05:20:03,78165.25520714122,2056.000201034546,82769,82720,1.0005923597678916
10,2026-02-03 05:20:03,78165.25520714122,2058.0002014160154,83067,82727,1.004109903659023
10,2026-02-03 05:20:03,78165.25520714122,2060.0002017974853,82856,82971,0.998613973557026
10,2026-02-03 05:20:03,78165.25520714122,2062.000202178955,81759,83084,0.9840522844350296
10,2026-02-03 05:20:03,78165.25520714122,2064.0002025604244,83019,83191,0.9979324686564652
10,2026-02-03 05:20:03,78165.25520714122,2066.0002029418947,82773,83383,0.9926843601213676
10,2026-02-03 05:20:03,78165.25520714122,2068.000203323364,82505,82999,0.9940481210616995
10,2026-02-03 05:20:03,78165.25520714122,2070.000203704834,82106,82983,0.9894315703216321
10,2026-02-03 05:20:03,78165.25520714122,2072.0002040863037,82226,82998,0.9906985710499048
10,2026-02-03 05:20:03,78165.25520714122,2074.000204467773,82666,82857,0.9976948236117649
10,2026-02-03 05:20:03,78165.25520714122,2076.0002048492433,82885,82963,0.9990598218482938
10,2026-02-03 05:20:03,78165.25520714122,2078.0002052307127,82948,83003,0.9993373733479513
10,2026-02-03 05:20:03,78165.25520714122,2080.0002056121825,82629,83067,0.9947271479648958
10,2026-02-03 05:20:03,78165.25520714122,2082.0002059936523,82686,82719,0.9996010590069996
10,2026-02-03 05:20:03,78165.25520714122,2084.0002063751217,82462,82697,0.9971583007847927
10,2026-02-03 05:20:03,78165.25520714122,2086.000206756592,82717,82827,0.9986719306506332
10,2026-02-03 05:20:03,78165.25520714122,2088.0002071380613,82404,82917,0.9938130901986324
10,2026-02-03 05:20:03,78165.25520714122,2090.000207519531,82172,82823,0.992139864530384
10,2026-02-03 05:20:03,78165.25520714122,2092.000207901001,82444,82910,0.9943794475937764
10,2026-02-03 05:20:03,78165.25520714122,2094.0002082824703,82112,83112,0.9879680431225335
10,2026-02-03 05:20:03,78165.25520714122,2096.0002086639406,82881,83049,0.9979770978578911
10,2026-02-03 05:20:03,78165.25520714122,2098.00020904541,82301,83532,0.9852631326916631
10,2026-02-03 05:20:03,78165.25520714122,2100.00020942688,82319,83790,0.9824442057524764
10,2026-02-03 05:20:03,78165.25520714122,2102.0002098083496,82529,83404,0.9895088964558055
10,2026-02-03 05:20:03,78165.25520714122,2104.000210189819,82553,82847,0.9964512897268458
10,2026-02-03 05:20:03,78165.25520714122,2106.0002105712892,82362,83053,0.9916800115588841
10,2026-02-03 05:20:03,78165.25520714122,2108.0002109527586,82642,83079,0.9947399463161569
10,2026-02-03 05:20:03,78165.25520714122,2110.0002113342284,82920,82984,0.9992287669912272
10,2026-02-03 05:20:03,78165.25520714122,2112.0002117156982,82569,82921,0.9957549957188168
10,2026-02-03 05:20:03,78165.25520714122,2114.0002120971676,82072,83506,0.9828275812516466
10,2026-02-03 05:20:03,78165.25520714122,2116.000212478638,83118,83386,0.9967860312282637
10,2026-02-03 05:20:03,78165.25520714122,2118.0002128601072,82590,83094,0.9939345801140876
10,2026-02-03 05:20:03,78165.25520714122,2120.000213241577,82669,82810,0.9982973070885158
10,2026-02-03 05:20:03,78165.25520714122,2122.000213623047,82770,82211,1.006799576698982
10,2026-02-03 05:20:03,78165.25520714122,2124.0002140045162,82666,82702,0.999564702183744
10,2026-02-03 05:20:03,78165.25520714122,2126.0002143859865,82930,82699,1.0027932623127245
10,2026-02-03 05:20:03,78165.25520714122,2128.000214767456,82811,82231,1.0070533010665077
10,2026-02-03 05:20:03,78165.25520714122,2130.0002151489257,82465,82449,1.0001940593579062
10,2026-02-03 05:20:03,78165.25520714122,2132.0002155303955,82676,83339,0.992044540971214
10,2026-02-03 05:20:03,78165.25520714122,2134.000215911865,82258,83183,0.9888799394106969
10,2026-02-03 05:20:03,78165.25520714122,2136.000216293335,82972,83385,0.995047070816094
10,2026-02-03 05:20:03,78165.25520714122,2138.0002166748045,82783,82854,0.9991430709440703
10,2026-02-03 05:20:03,78165.25520714122,2140.0002170562743,82927,82743,1.0022237530667246
10,2026-02-03 05:20:03,78165.25520714122,2142.000217437744,83293,82775,1.0062579281183932
10,2026-02-03 05:20:03,78165.25520714122,2144.0002178192135,82643,82914,0.9967315531755795
10,2026-02-03 05:20:03,78165.25520714122,2146.000218200684,82938,83165,0.9972704863824926
10,2026-02-03 05:20:03,78165.25520714122,2148.000218582153,82779,83200,0.9949399038461538
10,2026-02-03 05:20:03,78165.25520714122,2150.000218963623,82542,82328,1.0025993586629094
10,2026-02-03 05:20:03,78165.25520714122,2152.000219345093,82905,82892,1.0001568305747237
10,2026-02-03 05:20:03,78165.25520714122,2154.000219726562,82590,83151,0.9932532380849298
10,2026-02-03 05:20:03,78165.25520714122,2156.0002201080324,82732,83334,0.9927760577915377
10,2026-02-03 05:20:03,78165.25520714122,2158.0002204895018,82472,83430,0.9885173199089057
10,2026-02-03 05:20:03,78165.25520714122,2160.0002208709716,82335,83381,0.9874551756395342
10,2026-02-03 05:20:03,78165.25520714122,2162.0002212524414,82952,83133,0.997822765929294
10,2026-02-03 05:20:03,78165.25520714122,2164.0002216339108,82754,82529,1.002726314386458
10,2026-02-03 05:20:03,78165.25520714122,2166.000222015381,83297,83101,1.002358575709077
10,2026-02-03 05:20:03,78165.25520714122,2168.0002223968504,82455,83020,0.9931944109853047
10,2026-02-03 05:20:03,78165.25520714122,2170.00022277832,82117,82952,0.9899339376989102
10,2026-02-03 05:20:03,78165.25520714122,2172.00022315979,82623,83050,0.9948585189644792
10,2026-02-03 05:20:03,78165.25520714122,2174.0002235412594,82516,82467,1.0005941770647653
10,2026-02-03 05:20:03,78165.25520714122,2176.0002239227297,82821,82825,0.9999517054029581
10,2026-02-03 05:20:03,78165.25520714122,2178.000224304199,82370,82238,1.0016050974002286
10,2026-02-03 05:20:03,78165.25520714122,2180.000224685669,82619,83123,0.9939366962212625
10,2026-02-03 05:20:03,78165.25520714122,2182.0002250671387,82980,83212,0.9972119405854925
10,2026-02-03 05:20:03,78165.25520714122,2184.000225448608,82362,83200,0.9899278846153846
10,2026-02-03 05:20:03,78165.25520714122,2186.0002258300783,82544,83862,0.9842837041806778
10,2026-02-03 05:20:03,78165.25520714122,2188.0002262115477,82820,82659,1.0019477612843126
10,2026-02-03 05:20:03,78165.25520714122,2190.0002265930175,82429,82993,0.9932042461412408
10,2026-02-03 05:20:03,78165.25520714122,2192.0002269744873,82658,82949,0.9964918202751089
10,2026-02-03 05:20:03,78165.25520714122,2194.0002273559567,83494,83008,1.0058548573631456
10,2026-02-03 05:20:03,78165.25520714122,2196.000227737427,82506,82952,0.9946233966631305
10,2026-02-03 05:20:03,78165.25520714122,2198.0002281188963,82430,82828,0.995194861640991
10,2026-02-03 05:20:03,78165.25520714122,2200.000228500366,82964,83161,0.9976311011171102
10,2026-02-03 05:20:03,78165.25520714122,2202.000228881836,82573,83136,0.9932279638183218
10,2026-02-03 05:20:03,78165.25520714122,2204.0002292633053,82284,82676,0.9952585998355025
10,2026-02-03 05:20:03,78165.25520714122,2206.0002296447756,82591,83342,0.9909889371505364
10,2026-02-03 05:20:03,78165.25520714122,2208.000230026245,82549,82902,0.9957419603869629
10,2026-02-03 05:20:03,78165.25520714122,2210.0002304077148,82702,83270,0.993178815900084
10,2026-02-03 05:20:03,78165.25520714122,2212.0002307891846,82495,83712,0.9854620603975535
10,2026-02-03 05:20:03,78165.25520714122,2214.000231170654,82705,82299,1.0049332312664796
10,2026-02-03 05:20:03,78165.25520714122,2216.000231552124,82404,83159,0.9909210067461128
10,2026-02-03 05:20:03,78165.25520714122,2218.0002319335936,82427,82788,0.9956394646567135
10,2026-02-03 05:20:03,78165.25520714122,2220.0002323150634,82661,83051,0.9953040902577934
10,2026-02-03 05:20:03,78165.25520714122,2222.000232696533,83122,82961,1.0019406709176601
10,2026-02-03 05:20:03,78165.25520714122,2224.0002330780026,82866,82369,1.0060338234044361
10,2026-02-03 05:20:03,78165.25520714122,2226.000233459473,82853,82843,1.000120710259165
10,2026-02-03 05:20:03,78165.25520714122,2228.000233840942,82834,83232,0.995218185313341
10,2026-02-03 05:20:03,78165.25520714122,2230.000234222412,82157,83244,0.9869420018259574
10,2026-02-03 05:20:03,78165.25520714122,2232.000234603882,82312,83324,0.9878546397196486
10,2026-02-03 05:20:03,78165.25520714122,2234.000234985351,82204,82800,0.9928019323671498
10,2026-02-03 05:20:03,78165.25520714122,2236.0002353668215,82406,82878,0.9943048818745626
10,2026-02-03 05:20:03,78165.25520714122,2238.000235748291,83019,83199,0.9978365124580825
10,2026-02-03 05:20:03,78165.25520714122,2240.0002361297607,83008,82989,1.0002289460048923
10,2026-02-03 05:20:03,78165.25520714122,2242.0002365112305,83155,83090,1.0007822842700687
10,2026-02-03 05:20:03,78165.25520714122,2244.0002368927,83028,82882,1.0017615405033662
10,2026-02-03 05:20:03,78165.25520714122,2246.00023727417,82465,82828,0.9956174240594968
10,2026-02-03 05:20:03,78165.25520714122,2248.0002376556395,82679,83233,0.9933439861593358
10,2026-02-03 05:20:03,78165.25520714122,2250.0002380371093,83191,83110,1.0009746119600529
10,2026-02-03 05:20:03,78165.25520714122,2252.000238418579,82680,83420,0.9911292256053704
10,2026-02-03 05:20:03,78165.25520714122,2254.0002388000485,82981,83130,0.9982076266089258
10,2026-02-03 05:20:03,78165.25520714122,2256.0002391815187,82643,82914,0.9967315531755795
10,2026-02-03 05:20:03,78165.25520714122,2258.000239562988,82739,83274,0.9935754257031006
10,2026-02-03 05:20:03,78165.25520714122,2260.000239944458,82874,83260,0.9953639202498198
10,2026-02-03 05:20:03,78165.25520714122,2262.0002403259277,83087,82981,1.0012774008507972
10,2026-02-03 05:20:03,78165.25520714122,2264.000240707397,82624,83010,0.9953499578364052
10,2026-02-03 05:20:03,78165.25520714122,2266.0002410888674,82630,83769,0.9864030846733278
10,2026-02-03 05:20:03,78165.25520714122,2268.0002414703367,82956,83167,0.9974629360202966
10,2026-02-03 05:20:03,78165.25520714122,2270.0002418518065,82780,83065,0.9965689520255222
10,2026-02-03 05:20:03,78165.25520714122,2272.0002422332764,82839,82974,0.9983729843083375
10,2026-02-03 05:20:03,78165.25520714122,2274.0002426147457,82526,82851,0.9960772953856923
10,2026-02-03 05:20:03,78165.25520714122,2276.000242996216,82626,83171,0.9934472352141973
10,2026-02-03 05:20:03,78165.25520714122,2278.0002433776854,82190,82909,0.9913278413682471
10,2026-02-03 05:20:03,78165.25520714122,2280.000243759155,82708,83120,0.9950433108758422
10,2026-02-03 05:20:03,78165.25520714122,2282.000244140625,82776,83500,0.9913293413173653
10,2026-02-03 05:20:03,78165.25520714122,2284.0002445220944,83053,83312,0.9968912041482619
10,2026-02-03 05:20:03,78165.25520714122,2286.0002449035646,82599,82394,1.002488045246013
10,2026-02-03 05:20:03,78165.25520714122,2288.000245285034,82058,82857,0.990356879925655
10,2026-02-03 05:20:03,78165.25520714122,2290.000245666504,83332,82614,1.0086910208923427
10,2026-02-03 05:20:03,78165.25520714122,2292.0002460479736,82592,82371,1.0026829830887085
10,2026-02-03 05:20:03,78165.25520714122,2294.000246429443,83161,82808,1.0042628731523524
10,2026-02-03 05:20:03,78165.25520714122,2296.0002468109133,82064,82756,0.9916380685388371
10,2026-02-03 05:20:03,78165.25520714122,2298.0002471923826,82051,82918,0.9895438867314696
10,2026-02-03 05:20:03,78165.25520714122,2300.0002475738524,82682,82847,0.9980083768875155
10,2026-02-03 05:20:03,78165.25520714122,2302.0002479553223,81804,83546,0.9791492112129845
10,2026-02-03 05:20:03,78165.25520714122,2304.0002483367916,81935,82777,0.9898280923444919
10,2026-02-03 05:20:03,78165.25520714122,2306.000248718262,81193,82696,0.9818249975815033
10,2026-02-03 05:20:03,78165.25520714122,2308.0002490997313,81534,83453,0.9770050207901454
10,2026-02-03 05:20:03,78165.25520714122,2310.000249481201,81477,83279,0.9783618919535537
10,2026-02-03 05:20:03,78165.25520714122,2312.000249862671,82654,82736,0.9990088957648424
10,2026-02-03 05:20:03,78165.25520714122,2314.0002502441403,82761,82636,1.001512657921487
10,2026-02-03 05:20:03,78165.25520714122,2316.0002506256105,82030,82906,0.9894338166115842
10,2026-02-03 05:20:03,78165.25520714122,2318.00025100708,82351,82952,0.9927548461761019
10,2026-02-03 05:20:03,78165.25520714122,2320.0002513885497,82491,83052,0.9932451957809565
10,2026-02-03 05:20:03,78165.25520714122,2322.0002517700195,82677,82506,1.002072576539888
10,2026-02-03 05:20:03,78165.25520714122,2324.000252151489,82251,82799,0.9933815625792582
10,2026-02-03 05:20:03,78165.25520714122,2326.000252532959,82883,83253,0.9955557157099444
10,2026-02-03 05:20:03,78165.25520714122,2328.0002529144285,82797,82591,1.0024942184983836
10,2026-02-03 05:20:03,78165.25520714122,2330.0002532958983,82613,83155,0.9934820515904035
10,2026-02-03 05:20:03,78165.25520714122,2332.000253677368,82763,83132,0.9955612760429197
10,2026-02-03 05:20:03,78165.25520714122,2334.0002540588375,82825,82684,1.0017052876009869
10,2026-02-03 05:20:03,78165.25520714122,2336.000254440308,82567,83243,0.9918791970496018
10,2026-02-03 05:20:03,78165.25520714122,2338.000254821777,82813,82946,0.9983965471511586
10,2026-02-03 05:20:03,78165.25520714122,2340.000255203247,82370,82855,0.9941464003379398
10,2026-02-03 05:20:03,78165.25520714122,2342.000255584717,82800,83610,0.9903121636167922
10,2026-02-03 05:20:03,78165.25520714122,2344.000255966186,82524,82976,0.9945526417277285
10,2026-02-03 05:20:03,78165.25520714122,2346.0002563476564,82566,83279,0.9914384178484372
10,2026-02-03 05:20:03,78165.25520714122,2348.000256729126,82894,83011,0.9985905482405946
10,2026-02-03 05:20:03,78165.25520714122,2350.0002571105956,82722,83318,0.9928466837898173
10,2026-02-03 05:20:03,78165.25520714122,2352.0002574920654,83449,83145,1.0036562631547297
10,2026-02-03 05:20:03,78165.25520714122,2354.000257873535,82758,82527,1.0027990839361662
10,2026-02-03 05:20:03,78165.25520714122,2356.000258255005,82189,82817,0.9924170158300832
10,2026-02-03 05:20:03,78165.25520714122,2358.0002586364744,82609,83151,0.9934817380428377
10,2026-02-03 05:20:03,78165.25520714122,2360.0002590179442,82410,83015,0.9927121604529302
10,2026-02-03 05:20:03,78165.25520714122,2362.000259399414,82738,83142,0.9951408433763922
10,2026-02-03 05:20:03,78165.25520714122,2364.0002597808834,82752,83099,0.9958242578129701
10,2026-02-03 05:20:03,78165.25520714122,2366.0002601623537,82787,82583,1.0024702420595037
10,2026-02-03 05:20:03,78165.25520714122,2368.000260543823,82552,82972,0.9949380513908307
10,2026-02-03 05:20:03,78165.25520714122,2370.000260925293,83099,82472,1.0076025802696673
10,2026-02-03 05:20:03,78165.25520714122,2372.0002613067627,82577,83081,0.9939336310347733
10,2026-02-03 05:20:03,78165.25520714122,2374.000261688232,82404,83504,0.9868269783483425
10,2026-02-03 05:20:03,78165.25520714122,2376.0002620697023,82618,83150,0.9936019242333133
10,2026-02-03 05:20:03,78165.25520714122,2378.0002624511717,82204,83222,0.987767657590541
10,2026-02-03 05:20:03,78165.25520714122,2380.0002628326415,82682,82760,0.9990575157080716
10,2026-02-03 05:20:03,78165.25520714122,2382.0002632141113,82586,82530,1.0006785411365564
10,2026-02-03 05:20:03,78165.25520714122,2384.0002635955807,82559,82809,0.9969810044801893
10,2026-02-03 05:20:03,78165.25520714122,2386.000263977051,82361,83342,0.9882292241606873
10,2026-02-03 05:20:03,78165.25520714122,2388.0002643585203,82610,83075,0.9944026482094493
10,2026-02-03 05:20:03,78165.25520714122,2390.00026473999,83197,82952,1.0029535152859486
10,2026-02-03 05:20:03,78165.25520714122,2392.00026512146,82497,82963,0.9943830382218579
10,2026-02-03 05:20:03,78165.25520714122,2394.0002655029293,82178,82746,0.9931356198486936
10,2026-02-03 05:20:03,78165.25520714122,2396.0002658843996,82504,82881,0.995451309709101
10,2026-02-03 05:20:03,78165.25520714122,2398.000266265869,82215,82962,0.9909958776307225
10,2026-02-03 05:20:03,78165.25520714122,2400.000266647339,82448,83139,0.9916886178568421
10,2026-02-03 05:20:03,78165.25520714122,2402.0002670288086,82818,82318,1.0060740056852693
10,2026-02-03 05:20:03,78165.25520714122,2404.000267410278,82841,82497,1.0041698486005552
10,2026-02-03 05:20:03,78165.25520714122,2406.0002677917482,82814,82638,1.0021297708076187
10,2026-02-03 05:20:03,78165.25520714122,2408.0002681732176,82386,82834,0.9945915928242026
10,2026-02-03 05:20:03,78165.25520714122,2410.0002685546874,82554,82609,0.9993342129792153
10,2026-02-03 05:20:03,78165.25520714122,2412.000268936157,82698,83068,0.9955458178841431
10,2026-02-03 05:20:03,78165.25520714122,2414.0002693176266,82272,82759,0.99411544363755
10,2026-02-03 05:20:03,78165.25520714122,2416.000269699097,82493,82670,0.9978589573001089
10,2026-02-03 05:20:03,78165.25520714122,2418.000270080566,82737,82997,0.9968673566514452
10,2026-02-03 05:20:03,78165.25520714122,2420.000270462036,83003,82720,1.0034211798839459
10,2026-02-03 05:20:03,78165.25520714122,2422.000270843506,82643,83050,0.9950993377483444
10,2026-02-03 05:20:03,78165.25520714122,2424.000271224975,82547,83185,0.9923303480194746
10,2026-02-03 05:20:03,78165.25520714122,2426.0002716064455,82940,83478,0.9935551881932965
10,2026-02-03 05:20:03,78165.25520714122,2428.000271987915,82454,82729,0.9966758935802439
10,2026-02-03 05:20:03,78165.25520714122,2430.0002723693847,83012,83097,0.9989770990529141
10,2026-02-03 05:20:03,78165.25520714122,2432.0002727508545,82681,82619,1.0007504327091832
10,2026-02-03 05:20:03,78165.25520714122,2434.000273132324,82721,83001,0.9966265466681125
10,2026-02-03 05:20:03,78165.25520714122,2436.000273513794,82472,82867,0.9952333256905644
10,2026-02-03 05:20:03,78165.25520714122,2438.0002738952635,82606,82890,0.9965737724695379
10,2026-02-03 05:20:03,78165.25520714122,2440.0002742767333,82977,83255,0.996660861209537
10,2026-02-03 05:20:03,78165.25520714122,2442.000274658203,82870,82771,1.0011960710876997
10,2026-02-03 05:20:03,78165.25520714122,2444.0002750396725,82991,83313,0.9961350569538967
10,2026-02-03 05:20:03,78165.25520714122,2446.0002754211428,82201,83006,0.9903019058863215
10,2026-02-03 05:20:03,78165.25520714122,2448.000275802612,82722,83344,0.9925369552697255
10,2026-02-03 05:20:03,78165.25520714122,2450.000276184082,82431,83275,0.9898649054338037
10,2026-02-03 05:20:03,78165.25520714122,2452.0002765655518,82859,83228,0.9955663959244485
10,2026-02-03 05:20:03,78165.25520714122,2454.000276947021,82739,83381,0.9923004041688155
10,2026-02-03 05:20:03,78165.25520714122,2456.0002773284914,82828,83669,0.9899484874923807
10,2026-02-03 05:20:03,78165.25520714122,2458.0002777099608,82599,83054,0.994521636525634
10,2026-02-03 05:20:03,78165.25520714122,2460.0002780914306,83063,82744,1.0038552644300494
10,2026-02-03 05:20:03,78165.25520714122,2462.0002784729004,82381,82720,0.9959018375241779
10,2026-02-03 05:20:03,78165.25520714122,2464.0002788543698,82543,82455,1.001067248802377
10,2026-02-03 05:20:03,78165.25520714122,2466.00027923584,82768,83280,0.9938520653218059
10,2026-02-03 05:20:03,78165.25520714122,2468.0002796173094,82268,83091,0.9900951968323886
10,2026-02-03 05:20:03,78165.25520714122,2470.000279998779,82594,83081,0.9941382506228861
10,2026-02-03 05:20:03,78165.25520714122,2472.000280380249,82095,82967,0.9894897971482638
10,2026-02-03 05:20:03,78165.25520714122,2474.0002807617184,82979,82379,1.0072834096068173
10,2026-02-03 05:20:03,78165.25520714122,2476.0002811431887,82038,82847,0.9902350115272731
10,2026-02-03 05:20:03,78165.25520714122,2478.000281524658,82414,82738,0.9960840242693805
10,2026-02-03 05:20:03,78165.25520714122,2480.000281906128,83056,82859,1.0023775329173656
10,2026-02-03 05:20:03,78165.25520714122,2482.0002822875977,82130,83026,0.9892081998410137
10,2026-02-03 05:20:03,78165.25520714122,2484.000282669067,83169,83379,0.9974813802036484
10,2026-02-03 05:20:03,78165.25520714122,2486.0002830505373,82981,83207,0.9972838823656663
10,2026-02-03 05:20:03,78165.25520714122,2488.0002834320067,82334,82758,0.9948766282413785
10,2026-02-03 05:20:03,78165.25520714122,2490.0002838134765,82711,82798,0.9989492499818836
10,2026-02-03 05:20:03,78165.25520714122,2492.0002841949463,82233,83088,0.9897097053726169
10,2026-02-03 05:20:03,78165.25520714122,2494.0002845764157,82551,82940,0.9953098625512419
10,2026-02-03 05:20:03,78165.25520714122,2496.000284957886,82707,83074,0.9955822519681248
10,2026-02-03 05:20:03,78165.25520714122,2498.0002853393553,82202,82709,0.9938700745988949
10,2026-02-03 05:20:03,78165.25520714122,2500.000285720825,81980,83777,0.9785501987418981
11,2026-02-03 05:51:58,79743.09178301672,999.9999996185302,85256,85154,1.001197829814219
11,2026-02-03 05:51:58,79743.09178301672,1001.9999999999999,84482,85231,0.9912121176567211
11,2026-02-03 05:51:58,79743.09178301672,1004.0000003814696,84361,84472,0.9986859551093854
11,2026-02-03 05:51:58,79743.09178301672,1006.0000007629394,85434,85148,1.0033588575186734
11,2026-02-03 05:51:58,79743.09178301672,1008.0000011444091,84833,85292,0.9946184870796793
11,2026-02-03 05:51:58,79743.09178301672,1010.0000015258788,84390,84977,0.993092248490768
11,2026-02-03 05:51:58,79743.09178301672,1012.0000019073485,84835,85143,0.9963825564051068
11,2026-02-03 05:51:58,79743.09178301672,1014.0000022888182,84251,84643,0.995368784187706
11,2026-02-03 05:51:58,79743.09178301672,1016.000002670288,84599,85229,0.9926081498081639
11,2026-02-03 05:51:58,79743.09178301672,1018.0000030517577,84345,85303,0.9887694453887905
11,2026-02-03 05:51:58,79743.09178301672,1020.0000034332274,85290,84972,1.0037424092642282
11,2026-02-03 05:51:58,79743.09178301672,1022.0000038146972,84881,84969,0.9989643281667432
11,2026-02-03 05:51:58,79743.09178301672,1024.0000041961669,84402,85232,0.9902618734747513
11,2026-02-03 05:51:58,79743.09178301672,1026.0000045776367,84454,84868,0.9951218362633737
11,2026-02-03 05:51:58,79743.09178301672,1028.0000049591063,84808,85901,0.9872760503370158
11,2026-02-03 05:51:58,79743.09178301672,1030.000005340576,84873,85454,0.9932010204320453
11,2026-02-03 05:51:58,79743.09178301672,1032.000005722046,85044,85068,0.9997178727606151
11,2026-02-03 05:51:58,79743.09178301672,1034.0000061035155,84838,84900,0.9992697290930507
11,2026-02-03 05:51:58,79743.09178301672,1036.0000064849853,85145,85385,0.9971892018504421
11,2026-02-03 05:51:58,79743.09178301672,1038.000006866455,85193,85329,0.9984061690632727
11,2026-02-03 05:51:58,79743.09178301672,1040.0000072479247,85410,85242,1.0019708594354895
11,2026-02-03 05:51:58,79743.09178301672,1042.0000076293945,84770,85480,0.991693963500234
11,2026-02-03 05:51:58,79743.09178301672,1044.0000080108641,85177,85276,0.9988390637459543
11,2026-02-03 05:51:58,79743.09178301672,1046.000008392334,84994,85166,0.997980414719489
11,2026-02-03 05:51:58,79743.09178301672,1048.0000087738035,84894,85324,0.9949603862922507
11,2026-02-03 05:51:58,79743.09178301672,1050.0000091552733,85042,84847,1.0022982545051682
11,2026-02-03 05:51:58,79743.09178301672,1052.0000095367432,85192,85193,0.999988261946404
11,2026-02-03 05:51:58,79743.09178301672,1054.0000099182128,84546,85146,0.9929532802480445
11,2026-02-03 05:51:58,79743.09178301672,1056.0000102996826,85174,85457,0.9966883929929672
11,2026-02-03 05:51:58,79743.09178301672,1058.0000106811522,85240,85584,0.9959805571134791
11,2026-02-03 05:51:58,79743.09178301672,1060.000011062622,84495,85690,0.9860543820749212
11,2026-02-03 05:51:58,79743.09178301672,1062.0000114440918,85064,85271,0.9975724454972968
11,2026-02-03 05:51:58,79743.09178301672,1064.0000118255614,84557,85102,0.9935959201898897
11,2026-02-03 05:51:58,79743.09178301672,1066.0000122070312,84536,85380,0.9901147809791521
11,2026-02-03 05:51:58,79743.09178301672,1068.0000125885008,85400,84872,1.0062211330002828
11,2026-02-03 05:51:58,79743.09178301672,1070.0000129699706,84661,85632,0.9886607810164425
11,2026-02-03 05:51:58,79743.09178301672,1072.0000133514404,85031,84466,1.00668908199749
11,2026-02-03 05:51:58,79743.09178301672,1074.00001373291,84894,84463,1.0051028260895303
11,2026-02-03 05:51:58,79743.09178301672,1076.0000141143798,84959,84879,1.0009425181729286
11,2026-02-03 05:51:58,79743.09178301672,1078.0000144958494,84311,85118,0.9905190441504734
11,2026-02-03 05:51:58,79743.09178301672,1080.0000148773192,84974,85232,0.9969729678993805
11,2026-02-03 05:51:58,79743.09178301672,1082.000015258789,84222,84708,0.9942626434339141
11,2026-02-03 05:51:58,79743.09178301672,1084.0000156402587,84705,84461,1.0028889073063307
11,2026-02-03 05:51:58,79743.09178301672,1086.0000160217285,84723,85056,0.9960849322799097
11,2026-02-03 05:51:58,79743.09178301672,1088.000016403198,84679,84942,0.9969037696310423
11,2026-02-03 05:51:58,79743.09178301672,1090.0000167846679,84688,84946,0.9969627763520355
11,2026-02-03 05:51:58,79743.09178301672,1092.0000171661377,84103,84508,0.9952075543143845
11,2026-02-03 05:51:58,79743.09178301672,1094.0000175476073,84817,85408,0.9930802735106782
11,2026-02-03 05:51:58,79743.09178301672,1096.000017929077,84828,85298,0.9944899059766935
11,2026-02-03 05:51:58,79743.09178301672,1098.0000183105467,85071,85425,0.99585601404741
11,2026-02-03 05:51:58,79743.09178301672,1100.0000186920165,84681,84737,0.9993391316662142
11,2026-02-03 05:51:58,79743.09178301672,1102.0000190734863,84445,84625,0.9978729689807977
11,2026-02-03 05:51:58,79743.09178301672,1104.000019454956,84384,84486,0.9987926993821462
11,2026-02-03 05:51:58,79743.09178301672,1106.0000198364257,84290,85381,0.9872219814712875
11,2026-02-03 05:51:58,79743.09178301672,1108.0000202178953,85142,85427,0.9966638182307701
11,2026-02-03 05:51:58,79743.09178301672,1110.0000205993651,84356,85390,0.987890853729945
11,2026-02-03 05:51:58,79743.09178301672,1112.000020980835,85082,85597,0.9939834339988551
11,2026-02-03 05:51:58,79743.09178301672,1114.0000213623046,85029,85197,0.9980280995809712
11,2026-02-03 05:51:58,79743.09178301672,1116.0000217437744,84572,84757,0.9978172894274219
11,2026-02-03 05:51:58,79743.09178301672,1118.000022125244,85264,85031,1.002740177111877
11,2026-02-03 05:51:58,79743.09178301672,1120.0000225067138,85240,85482,0.9971689946421469
11,2026-02-03 05:51:58,79743.09178301672,1122.0000228881836,84666,84924,0.9969619895435919
11,2026-02-03 05:51:58,79743.09178301672,1124.0000232696532,84622,85270,0.9924006098276065
11,2026-02-03 05:51:58,79743.09178301672,1126.000023651123,85003,85027,0.9997177367189246
11,2026-02-03 05:51:58,79743.09178301672,1128.0000240325926,85046,85509,0.9945853652831865
11,2026-02-03 05:51:58,79743.09178301672,1130.0000244140624,85584,84952,1.0074394952443733
11,2026-02-03 05:51:58,79743.09178301672,1132.0000247955322,84847,85305,0.9946310298341247
11,2026-02-03 05:51:58,79743.09178301672,1134.0000251770018,84718,84521,1.0023307816992226
11,2026-02-03 05:51:58,79743.09178301672,1136.0000255584716,84734,85142,0.9952080054497193
11,2026-02-03 05:51:58,79743.09178301672,1138.0000259399412,83989,85094,0.9870143605894658
11,2026-02-03 05:51:58,79743.09178301672,1140.000026321411,84658,85481,0.9903721294790655
11,2026-02-03 05:51:58,79743.09178301672,1142.0000267028809,84588,85334,0.9912578807978063
11,2026-02-03 05:51:58,79743.09178301672,1144.0000270843504,85059,84545,1.0060796025785086
11,2026-02-03 05:51:58,79743.09178301672,1146.0000274658203,85397,85257,1.001642093904313
11,2026-02-03 05:51:58,79743.09178301672,1148.0000278472899,84746,84960,0.9974811676082862
11,2026-02-03 05:51:58,79743.09178301672,1150.0000282287597,84868,85408,0.99367740726864
11,2026-02-03 05:51:58,79743.09178301672,1152.0000286102295,85007,84746,1.003079791376584
11,2026-02-03 05:51:58,79743.09178301672,1154.000028991699,84919,85047,0.9984949498512588
11,2026-02-03 05:51:58,79743.09178301672,1156.000029373169,84544,85349,0.9905681378809359
11,2026-02-03 05:51:58,79743.09178301672,1158.0000297546385,85035,85228,0.9977354859905195
11,2026-02-03 05:51:58,79743.09178301672,1160.0000301361083,84918,84642,1.0032607925143546
11,2026-02-03 05:51:58,79743.09178301672,1162.0000305175781,84758,85540,0.9908580780921207
11,2026-02-03 05:51:58,79743.09178301672,1164.0000308990477,84451,84965,0.9939504501853704
11,2026-02-03 05:51:58,79743.09178301672,1166.0000312805175,85084,85388,0.9964397807654471
11,2026-02-03 05:51:58,79743.09178301672,1168.0000316619871,84985,84849,1.0016028474112835
11,2026-02-03 05:51:58,79743.09178301672,1170.000032043457,85251,85324,0.9991444376728704
11,2026-02-03 05:51:58,79743.09178301672,1172.0000324249268,84787,84461,1.0038597695978024
11,2026-02-03 05:51:58,79743.09178301672,1174.0000328063963,84262,85288,0.987970171653691
11,2026-02-03 05:51:58,79743.09178301672,1176.0000331878662,84844,84690,1.0018183965049001
11,2026-02-03 05:51:58,79743.09178301672,1178.0000335693358,83904,84924,0.9879892609862936
11,2026-02-03 05:51:58,79743.09178301672,1180.0000339508056,84652,85207,0.9934864506437264
11,2026-02-03 05:51:58,79743.09178301672,1182.0000343322754,84782,85007,0.9973531591515993
11,2026-02-03 05:51:58,79743.09178301672,1184.000034713745,85196,85210,0.9998357000352072
11,2026-02-03 05:51:58,79743.09178301672,1186.0000350952148,85163,84856,1.0036178938436882
11,2026-02-03 05:51:58,79743.09178301672,1188.0000354766844,84434,85000,0.9933411764705883
11,2026-02-03 05:51:58,79743.09178301672,1190.0000358581542,84603,85605,0.9882950762221833
11,2026-02-03 05:51:58,79743.09178301672,1192.000036239624,84885,85845,0.9888170539926612
11,2026-02-03 05:51:58,79743.09178301672,1194.0000366210936,84627,84808,0.9978657673804358
11,2026-02-03 05:51:58,79743.09178301672,1196.0000370025634,85058,85570,0.9940165946009115
11,2026-02-03 05:51:58,79743.09178301672,1198.000037384033,84756,85395,0.9925171262954505
11,2026-02-03 05:51:58,79743.09178301672,1200.0000377655028,85399,85478,0.9990757855822551
11,2026-02-03 05:51:58,79743.09178301672,1202.0000381469727,84668,84949,0.9966921329268149
11,2026-02-03 05:51:58,79743.09178301672,1204.0000385284422,85002,85080,0.9990832157968971
11,2026-02-03 05:51:58,79743.09178301672,1206.000038909912,84989,85245,0.9969968913132735
11,2026-02-03 05:51:58,79743.09178301672,1208.0000392913817,84891,85578,0.9919722358550095
11,2026-02-03 05:51:58,79743.09178301672,1210.0000396728515,84818,85421,0.9929408459278164
11,2026-02-03 05:51:58,79743.09178301672,1212.0000400543213,85802,85260,1.0063570255688483
11,2026-02-03 05:51:58,79743.09178301672,1214.0000404357909,85164,85209,0.9994718867725241
11,2026-02-03 05:51:58,79743.09178301672,1216.0000408172607,84358,85295,0.9890145964007269
11,2026-02-03 05:51:58,79743.09178301672,1218.0000411987303,85273,85545,0.9968203869308551
11,2026-02-03 05:51:58,79743.09178301672,1220.0000415802,84648,85232,0.9931481133846443
11,2026-02-03 05:51:58,79743.09178301672,1222.00004196167,84339,85631,0.9849120061659913
11,2026-02-03 05:51:58,79743.09178301672,1224.0000423431395,84719,85451,0.9914336871423389
11,2026-02-03 05:51:58,79743.09178301672,1226.0000427246093,85083,85229,0.9982869680507809
11,2026-02-03 05:51:58,79743.09178301672,1228.000043106079,84815,85596,0.9908757418570961
11,2026-02-03 05:51:58,79743.09178301672,1230.0000434875487,85487,84780,1.008339230950696
11,2026-02-03 05:51:58,79743.09178301672,1232.0000438690186,85000,85795,0.9907337257415934
11,2026-02-03 05:51:58,79743.09178301672,1234.0000442504881,85252,85157,1.0011155865049262
11,2026-02-03 05:51:58,79743.09178301672,1236.000044631958,84853,85114,0.9969335244495617
11,2026-02-03 05:51:58,79743.09178301672,1238.0000450134276,84825,84757,1.0008022936158665
11,2026-02-03 05:51:58,79743.09178301672,1240.0000453948974,85044,84805,1.00281823005719
11,2026-02-03 05:51:58,79743.09178301672,1242.0000457763672,85256,85188,1.000798234493121
11,2026-02-03 05:51:58,79743.09178301672,1244.0000461578368,85126,85281,0.9981824790985097
11,2026-02-03 05:51:58,79743.09178301672,1246.0000465393066,84932,85403,0.9944849712539372
11,2026-02-03 05:51:58,79743.09178301672,1248.0000469207762,84743,85320,0.9932372245663385
11,2026-02-03 05:51:58,79743.09178301672,1250.000047302246,84605,85123,0.9939146881571373
11,2026-02-03 05:51:58,79743.09178301672,1252.0000476837158,85138,84694,1.0052424020591777
11,2026-02-03 05:51:58,79743.09178301672,1254.0000480651854,84676,84923,0.99709148287272
11,2026-02-03 05:51:58,79743.09178301672,1256.0000484466552,84921,85656,0.9914191650322219
11,2026-02-03 05:51:58,79743.09178301672,1258.0000488281248,84853,85698,0.9901397932273799
11,2026-02-03 05:51:58,79743.09178301672,1260.0000492095946,85257,85450,0.9977413692217671
11,2026-02-03 05:51:58,79743.09178301672,1262.0000495910645,84824,85978,0.9865779618041824
11,2026-02-03 05:51:58,79743.09178301672,1264.000049972534,85103,84729,1.00441407310366
11,2026-02-03 05:51:58,79743.09178301672,1266.0000503540039,84831,84810,1.0002476123098691
11,2026-02-03 05:51:58,79743.09178301672,1268.0000507354735,84620,85088,0.9944998119593832
11,2026-02-03 05:51:58,79743.09178301672,1270.0000511169433,84649,85146,0.9941629671387969
11,2026-02-03 05:51:58,79743.09178301672,1272.000051498413,85026,85595,0.9933524154448273
11,2026-02-03 05:51:58,79743.09178301672,1274.0000518798827,85148,85266,0.9986160955128657
11,2026-02-03 05:51:58,79743.09178301672,1276.0000522613525,84603,85157,0.9934943692239041
11,2026-02-03 05:51:58,79743.09178301672,1278.000052642822,84884,84857,1.0003181823538423
11,2026-02-03 05:51:58,79743.09178301672,1280.000053024292,84891,85016,0.9985296885292181
11,2026-02-03 05:51:58,79743.09178301672,1282.0000534057617,84173,85028,0.9899444888742532
11,2026-02-03 05:51:58,79743.09178301672,1284.0000537872313,84816,84699,1.0013813622356817
11,2026-02-03 05:51:58,79743.09178301672,1286.0000541687011,84389,84943,0.9934779793508588
11,2026-02-03 05:51:58,79743.09178301672,1288.0000545501707,84579,85166,0.9931075781415118
11,2026-02-03 05:51:58,79743.09178301672,1290.0000549316405,84786,84915,0.9984808337749514
11,2026-02-03 05:51:58,79743.09178301672,1292.0000553131104,84726,85183,0.9946350797694375
11,2026-02-03 05:51:58,79743.09178301672,1294.00005569458,84698,85213,0.9939563212185935
11,2026-02-03 05:51:58,79743.09178301672,1296.0000560760498,85025,84936,1.001047847791278
11,2026-02-03 05:51:58,79743.09178301672,1298.0000564575193,84508,85036,0.9937908650453925
11,2026-02-03 05:51:58,79743.09178301672,1300.0000568389892,84527,85370,0.9901253367693569
11,2026-02-03 05:51:58,79743.09178301672,1302.000057220459,84853,84791,1.0007312096802727
11,2026-02-03 05:51:58,79743.09178301672,1304.0000576019286,85186,85569,0.9955240799822366
11,2026-02-03 05:51:58,79743.09178301672,1306.0000579833984,84759,85119,0.9957706270045465
11,2026-02-03 05:51:58,79743.09178301672,1308.000058364868,84673,85377,0.9917542195204797
11,2026-02-03 05:51:58,79743.09178301672,1310.0000587463378,84949,85262,0.9963289624920832
11,2026-02-03 05:51:58,79743.09178301672,1312.0000591278076,85195,84506,1.008153267223629
11,2026-02-03 05:51:58,79743.09178301672,1314.0000595092772,84638,85666,0.9879999066140592
11,2026-02-03 05:51:58,79743.09178301672,1316.000059890747,84970,84863,1.00126085573218
11,2026-02-03 05:51:58,79743.09178301672,1318.0000602722166,85096,85620,0.9938799345947209
11,2026-02-03 05:51:58,79743.09178301672,1320.0000606536864,84553,85193,0.9924876456985903
11,2026-02-03 05:51:58,79743.09178301672,1322.0000610351562,84873,85411,0.9937010455327768
11,2026-02-03 05:51:58,79743.09178301672,1324.0000614166258,84546,85166,0.9927200995702511
11,2026-02-03 05:51:58,79743.09178301672,1326.0000617980957,84454,85253,0.9906278957925234
11,2026-02-03 05:51:58,79743.09178301672,1328.0000621795652,85006,84939,1.0007888013751045
11,2026-02-03 05:51:58,79743.09178301672,1330.000062561035,85162,84876,1.003369621565578
11,2026-02-03 05:51:58,79743.09178301672,1332.0000629425049,84868,85121,0.9970277604821371
11,2026-02-03 05:51:58,79743.09178301672,1334.0000633239745,84898,85131,0.9972630416651983
11,2026-02-03 05:51:58,79743.09178301672,1336.0000637054443,85014,84902,1.0013191679819085
11,2026-02-03 05:51:58,79743.09178301672,1338.0000640869139,85270,84981,1.0034007601699204
11,2026-02-03 05:51:58,79743.09178301672,1340.0000644683837,85292,85184,1.0012678437265214
11,2026-02-03 05:51:58,79743.09178301672,1342.0000648498535,85075,85219,0.9983102359802392
11,2026-02-03 05:51:58,79743.09178301672,1344.000065231323,84687,85239,0.9935240910850667
11,2026-02-03 05:51:58,79743.09178301672,1346.000065612793,84929,85364,0.9949041750620871
11,2026-02-03 05:51:58,79743.09178301672,1348.0000659942625,85183,84838,1.0040665739409227
11,2026-02-03 05:51:58,79743.09178301672,1350.0000663757323,84465,85724,0.9853133311558023
11,2026-02-03 05:51:58,79743.09178301672,1352.0000667572021,84437,84419,1.0002132221419349
11,2026-02-03 05:51:58,79743.09178301672,1354.0000671386717,84583,85234,0.9923622028767862
11,2026-02-03 05:51:58,79743.09178301672,1356.0000675201416,84444,85434,0.9884121075918253
11,2026-02-03 05:51:58,79743.09178301672,1358.0000679016111,84913,85076,0.9980840660115662
11,2026-02-03 05:51:58,79743.09178301672,1360.000068283081,84893,85496,0.9929470384579395
11,2026-02-03 05:51:58,79743.09178301672,1362.0000686645508,85003,84822,1.002133880361227
11,2026-02-03 05:51:58,79743.09178301672,1364.0000690460204,84630,84650,0.9997637330183107
11,2026-02-03 05:51:58,79743.09178301672,1366.0000694274902,84916,85427,0.9940182846172756
11,2026-02-03 05:51:58,79743.09178301672,1368.0000698089598,84617,85138,0.9938805233855622
11,2026-02-03 05:51:58,79743.09178301672,1370.0000701904296,84035,85261,0.9856206237318352
11,2026-02-03 05:51:58,79743.09178301672,1372.0000705718994,84578,84948,0.9956443942176391
11,2026-02-03 05:51:58,79743.09178301672,1374.000070953369,84357,84964,0.9928557977496352
11,2026-02-03 05:51:58,79743.09178301672,1376.0000713348388,84442,85017,0.9932366467882894
11,2026-02-03 05:51:58,79743.09178301672,1378.0000717163084,84813,85129,0.9962879864675962
11,2026-02-03 05:51:58,79743.09178301672,1380.0000720977782,85019,85461,0.9948280502217386
11,2026-02-03 05:51:58,79743.09178301672,1382.000072479248,84916,85201,0.9966549688383939
11,2026-02-03 05:51:58,79743.09178301672,1384.0000728607176,85064,85442,0.9955759462559397
11,2026-02-03 05:51:58,79743.09178301672,1386.0000732421875,84832,85418,0.9931396192839916
11,2026-02-03 05:51:58,79743.09178301672,1388.000073623657,84460,84879,0.9950635610692868
11,2026-02-03 05:51:58,79743.09178301672,1390.0000740051269,85837,86004,0.9980582298497744
11,2026-02-03 05:51:58,79743.09178301672,1392.0000743865967,85269,85303,0.9996014208175562
11,2026-02-03 05:51:58,79743.09178301672,1394.0000747680663,85142,84829,1.0036897759021088
11,2026-02-03 05:51:58,79743.09178301672,1396.000075149536,84770,85001,0.9972823849131187
11,2026-02-03 05:51:58,79743.09178301672,1398.0000755310057,84645,84945,0.9964683030196009
11,2026-02-03 05:51:58,79743.09178301672,1400.0000759124755,85046,85080,0.9996003761165961
11,2026-02-03 05:51:58,79743.09178301672,1402.0000762939453,84878,85441,0.9934106576467973
11,2026-02-03 05:51:58,79743.09178301672,1404.000076675415,84843,84953,0.9987051663861194
11,2026-02-03 05:51:58,79743.09178301672,1406.0000770568847,84346,85435,0.9872534675484286
11,2026-02-03 05:51:58,79743.09178301672,1408.0000774383543,84867,85334,0.9945273865047929
11,2026-02-03 05:51:58,79743.09178301672,1410.0000778198241,85002,85124,0.9985667966730887
11,2026-02-03 05:51:58,79743.09178301672,1412.000078201294,84486,85066,0.9931817647473726
11,2026-02-03 05:51:58,79743.09178301672,1414.0000785827635,85019,85000,1.0002235294117647
11,2026-02-03 05:51:58,79743.09178301672,1416.0000789642334,85222,85394,0.9979858069653605
11,2026-02-03 05:51:58,79743.09178301672,1418.000079345703,84945,85522,0.9932531980075302
11,2026-02-03 05:51:58,79743.09178301672,1420.0000797271728,84864,84594,1.0031917157245194
11,2026-02-03 05:51:58,79743.09178301672,1422.0000801086426,85380,84766,1.007243470259302
11,2026-02-03 05:51:58,79743.09178301672,1424.0000804901122,84558,85331,0.990941158547304
11,2026-02-03 05:51:58,79743.09178301672,1426.000080871582,84988,85024,0.9995765901392548
11,2026-02-03 05:51:58,79743.09178301672,1428.0000812530516,84888,85208,0.9962444840860013
11,2026-02-03 05:51:58,79743.09178301672,1430.0000816345214,85057,85208,0.9982278659280819
11,2026-02-03 05:51:58,79743.09178301672,1432.0000820159912,84779,85145,0.9957014504668507
11,2026-02-03 05:51:58,79743.09178301672,1434.0000823974608,84801,84872,0.9991634461306438
11,2026-02-03 05:51:58,79743.09178301672,1436.0000827789306,85043,85674,0.9926348717230432
11,2026-02-03 05:51:58,79743.09178301672,1438.0000831604002,84749,84847,0.9988449797871463
11,2026-02-03 05:51:58,79743.09178301672,1440.00008354187,84697,85497,0.9906429465361357
11,2026-02-03 05:51:58,79743.09178301672,1442.0000839233398,85039,85350,0.996356180433509
11,2026-02-03 05:51:58,79743.09178301672,1444.0000843048094,84839,86206,0.9841426350834048
11,2026-02-03 05:51:58,79743.09178301672,1446.0000846862793,85173,85182,0.9998943438754666
11,2026-02-03 05:51:58,79743.09178301672,1448.0000850677488,84571,84774,0.9976053978814259
11,2026-02-03 05:51:58,79743.09178301672,1450.0000854492187,85252,85068,1.0021629755019514
11,2026-02-03 05:51:58,79743.09178301672,1452.0000858306885,84761,84907,0.9982804715747818
11,2026-02-03 05:51:58,79743.09178301672,1454.000086212158,84959,84730,1.0027027027027027
11,2026-02-03 05:51:58,79743.09178301672,1456.0000865936279,84801,85117,0.9962874631389734
11,2026-02-03 05:51:58,79743.09178301672,1458.0000869750975,84722,85232,0.9940163318941243
11,2026-02-03 05:51:58,79743.09178301672,1460.0000873565673,84819,85682,0.9899278728321
11,2026-02-03 05:51:58,79743.09178301672,1462.000087738037,84660,85092,0.9949231420109999
11,2026-02-03 05:51:58,79743.09178301672,1464.0000881195067,84306,85490,0.9861504269505206
11,2026-02-03 05:51:58,79743.09178301672,1466.0000885009765,84993,85141,0.9982617070506572
11,2026-02-03 05:51:58,79743.09178301672,1468.000088882446,84536,85037,0.9941084469113445
11,2026-02-03 05:51:58,79743.09178301672,1470.000089263916,84975,85497,0.9938945226148286
11,2026-02-03 05:51:58,79743.09178301672,1472.0000896453857,84524,85354,0.9902757925814841
11,2026-02-03 05:51:58,79743.09178301672,1474.0000900268553,85096,84984,1.0013178951332016
11,2026-02-03 05:51:58,79743.09178301672,1476.0000904083251,84617,84616,1.0000118180958684
11,2026-02-03 05:51:58,79743.09178301672,1478.0000907897947,84629,84651,0.9997401093903202
11,2026-02-03 05:51:58,79743.09178301672,1480.0000911712646,84911,85086,0.9979432574101498
11,2026-02-03 05:51:58,79743.09178301672,1482.0000915527344,84467,85129,0.9922235665871795
11,2026-02-03 05:51:58,79743.09178301672,1484.000091934204,84744,84596,1.0017494917017353
11,2026-02-03 05:51:58,79743.09178301672,1486.0000923156738,84776,85607,0.9902928498837712
11,2026-02-03 05:51:58,79743.09178301672,1488.0000926971434,84773,85223,0.9947197352827288
11,2026-02-03 05:51:58,79743.09178301672,1490.0000930786132,84647,84871,0.9973607003570124
11,2026-02-03 05:51:58,79743.09178301672,1492.000093460083,84523,85592,0.987510515001402
11,2026-02-03 05:51:58,79743.09178301672,1494.0000938415526,84862,85246,0.9954953898130118
11,2026-02-03 05:51:58,79743.09178301672,1496.0000942230224,84734,85335,0.9929571688052967
11,2026-02-03 05:51:58,79743.09178301672,1498.000094604492,84740,85255,0.9939592985748636
11,2026-02-03 05:51:58,79743.09178301672,1500.0000949859618,85185,84954,1.0027191185818207
11,2026-02-03 05:51:58,79743.09178301672,1502.0000953674316,84705,85315,0.9928500263728536
11,2026-02-03 05:51:58,79743.09178301672,1504.0000957489012,84714,85520,0.9905753040224509
11,2026-02-03 05:51:58,79743.09178301672,1506.000096130371,84716,85362,0.9924322297978023
11,2026-02-03 05:51:58,79743.09178301672,1508.0000965118406,85157,85402,0.9971312147256505
11,2026-02-03 05:51:58,79743.09178301672,1510.0000968933105,83985,84996,0.9881053226034167
11,2026-02-03 05:51:58,79743.09178301672,1512.0000972747803,84800,84880,0.9990574929311969
11,2026-02-03 05:51:58,79743.09178301672,1514.0000976562499,85309,85482,0.9979761821202124
11,2026-02-03 05:51:58,79743.09178301672,1516.0000980377195,85329,85163,1.0019492032925097
11,2026-02-03 05:51:58,79743.09178301672,1518.0000984191893,85008,84904,1.00122491284274
11,2026-02-03 05:51:58,79743.09178301672,1520.000098800659,85386,85813,0.9950240639530141
11,2026-02-03 05:51:58,79743.09178301672,1522.000099182129,84323,85312,0.9884072580645161
11,2026-02-03 05:51:58,79743.09178301672,1524.0000995635985,85017,85192,0.9979458165085924
11,2026-02-03 05:51:58,79743.09178301672,1526.000099945068,84916,85282,0.9957083558077906
11,2026-02-03 05:51:58,79743.09178301672,1528.000100326538,85044,84793,1.002960150012383
11,2026-02-03 05:51:58,79743.09178301672,1530.0001007080077,84971,85075,0.9987775492212754
11,2026-02-03 05:51:58,79743.09178301672,1532.0001010894775,84934,85065,0.9984600011755717
11,2026-02-03 05:51:58,79743.09178301672,1534.0001014709471,84501,85168,0.9921684200638737
11,2026-02-03 05:51:58,79743.09178301672,1536.0001018524167,84594,85468,0.9897739504843919
11,2026-02-03 05:51:58,79743.09178301672,1538.0001022338865,84360,84802,0.9947878587769157
11,2026-02-03 05:51:58,79743.09178301672,1540.0001026153564,84875,85379,0.9940969090760023
11,2026-02-03 05:51:58,79743.09178301672,1542.0001029968262,84741,85502,0.9910996234006222
11,2026-02-03 05:51:58,79743.09178301672,1544.0001033782958,85147,85223,0.9991082219588608
11,2026-02-03 05:51:58,79743.09178301672,1546.0001037597654,85287,84997,1.0034118851253573
11,2026-02-03 05:51:58,79743.09178301672,1548.0001041412352,84600,85712,0.9870263207018853
11,2026-02-03 05:51:58,79743.09178301672,1550.000104522705,84838,85242,0.9952605523098942
11,2026-02-03 05:51:58,79743.09178301672,1552.0001049041748,84463,85311,0.9900598984890577
11,2026-02-03 05:51:58,79743.09178301672,1554.0001052856444,85147,85392,0.997130878770845
11,2026-02-03 05:51:58,79743.09178301672,1556.000105667114,84657,85181,0.9938483934210681
11,2026-02-03 05:51:58,79743.09178301672,1558.0001060485838,84280,85041,0.991051375219012
11,2026-02-03 05:51:58,79743.09178301672,1560.0001064300536,84573,85396,0.9903625462550939
11,2026-02-03 05:51:58,79743.09178301672,1562.0001068115234,84120,84846,0.9914433208401103
11,2026-02-03 05:51:58,79743.09178301672,1564.000107192993,84756,84951,0.9977045590987745
11,2026-02-03 05:51:58,79743.09178301672,1566.0001075744626,84339,85576,0.9855450126203609
11,2026-02-03 05:51:58,79743.09178301672,1568.0001079559324,85009,85107,0.9988485083483145
11,2026-02-03 05:51:58,79743.09178301672,1570.0001083374023,84858,85067,0.9975431130755757
11,2026-02-03 05:51:58,79743.09178301672,1572.000108718872,84276,85349,0.9874280893742164
11,2026-02-03 05:51:58,79743.09178301672,1574.0001091003417,84314,85430,0.9869366732997776
11,2026-02-03 05:51:58,79743.09178301672,1576.0001094818113,84730,85239,0.9940285550041648
11,2026-02-03 05:51:58,79743.09178301672,1578.000109863281,84732,84982,0.9970582005601186
11,2026-02-03 05:51:58,79743.09178301672,1580.0001102447509,84701,84635,1.0007798192237254
11,2026-02-03 05:51:58,79743.09178301672,1582.0001106262207,84745,85174,0.9949632516965271
11,2026-02-03 05:51:58,79743.09178301672,1584.0001110076903,84927,85455,0.9938213094611199
11,2026-02-03 05:51:58,79743.09178301672,1586.0001113891599,85054,85143,0.9989546997404367
11,2026-02-03 05:51:58,79743.09178301672,1588.0001117706297,84966,85527,0.9934406678592725
11,2026-02-03 05:51:58,79743.09178301672,1590.0001121520995,84464,85381,0.9892599055996064
11,2026-02-03 05:51:58,79743.09178301672,1592.0001125335693,85245,85131,1.0013391126616626
11,2026-02-03 05:51:58,79743.09178301672,1594.000112915039,85186,84428,1.0089780641493344
11,2026-02-03 05:51:58,79743.09178301672,1596.0001132965085,85167,85780,0.9928538120774073
11,2026-02-03 05:51:58,79743.09178301672,1598.0001136779783,84896,85395,0.9941565665437087
11,2026-02-03 05:51:58,79743.09178301672,1600.0001140594482,84472,85644,0.9863154453318388
11,2026-02-03 05:51:58,79743.09178301672,1602.000114440918,85373,85221,1.001783597939475
11,2026-02-03 05:51:58,79743.09178301672,1604.0001148223876,84997,84847,1.0017678880808984
11,2026-02-03 05:51:58,79743.09178301672,1606.0001152038571,84946,84763,1.0021589608673596
11,2026-02-03 05:51:58,79743.09178301672,1608.000115585327,85328,85106,1.0026085117383028
11,2026-02-03 05:51:58,79743.09178301672,1610.0001159667968,85258,85358,0.998828463647227
11,2026-02-03 05:51:58,79743.09178301672,1612.0001163482666,84926,85467,0.9936700714895808
11,2026-02-03 05:51:58,79743.09178301672,1614.0001167297362,85224,85508,0.9966786733405062
11,2026-02-03 05:51:58,79743.09178301672,1616.0001171112058,84970,84779,1.0022529164061855
11,2026-02-03 05:51:58,79743.09178301672,1618.0001174926756,84916,84688,1.0026922350273946
11,2026-02-03 05:51:58,79743.09178301672,1620.0001178741454,84613,85357,0.9912836674203639
11,2026-02-03 05:51:58,79743.09178301672,1622.0001182556152,85030,85451,0.9950731998455256
11,2026-02-03 05:51:58,79743.09178301672,1624.0001186370848,84924,85214,0.9965968033421738
11,2026-02-03 05:51:58,79743.09178301672,1626.0001190185544,84637,85318,0.992018097001805
11,2026-02-03 05:51:58,79743.09178301672,1628.0001194000242,84905,84976,0.9991644699679909
11,2026-02-03 05:51:58,79743.09178301672,1630.000119781494,84847,84632,1.0025404102467153
11,2026-02-03 05:51:58,79743.09178301672,1632.0001201629639,84693,85048,0.9958258865581789
11,2026-02-03 05:51:58,79743.09178301672,1634.0001205444335,84903,85285,0.9955209005100545
11,2026-02-03 05:51:58,79743.09178301672,1636.000120925903,85020,85480,0.9946186242395882
11,2026-02-03 05:51:58,79743.09178301672,1638.0001213073729,84347,84989,0.9924460812575745
11,2026-02-03 05:51:58,79743.09178301672,1640.0001216888427,84813,84857,0.9994814806085532
11,2026-02-03 05:51:58,79743.09178301672,1642.0001220703125,84794,84675,1.0014053734868615
11,2026-02-03 05:51:58,79743.09178301672,1644.000122451782,84776,85078,0.9964503161804462
11,2026-02-03 05:51:58,79743.09178301672,1646.0001228332517,84591,85189,0.9929803143598351
11,2026-02-03 05:51:58,79743.09178301672,1648.0001232147215,84352,85311,0.9887587767110924
11,2026-02-03 05:51:58,79743.09178301672,1650.0001235961913,84658,85338,0.9920316857671846
11,2026-02-03 05:51:58,79743.09178301672,1652.0001239776611,85349,84484,1.010238625065101
11,2026-02-03 05:51:58,79743.09178301672,1654.0001243591307,84457,85357,0.9894560492988272
11,2026-02-03 05:51:58,79743.09178301672,1656.0001247406003,84788,84950,0.9980929958799294
11,2026-02-03 05:51:58,79743.09178301672,1658.0001251220701,85215,85337,0.9985703739292452
11,2026-02-03 05:51:58,79743.09178301672,1660.00012550354,84686,85542,0.9899932197049403
11,2026-02-03 05:51:58,79743.09178301672,1662.0001258850098,85136,85277,0.9983465647243688
11,2026-02-03 05:51:58,79743.09178301672,1664.0001262664794,84369,85471,0.9871067379579038
11,2026-02-03 05:51:58,79743.09178301672,1666.000126647949,84920,84803,1.0013796681721165
11,2026-02-03 05:51:58,79743.09178301672,1668.0001270294188,84760,85759,0.9883510768549073
11,2026-02-03 05:51:58,79743.09178301672,1670.0001274108886,85170,85161,1.000105682178462
11,2026-02-03 05:51:58,79743.09178301672,1672.0001277923584,84978,84903,1.0008833610119783
11,2026-02-03 05:51:58,79743.09178301672,1674.000128173828,84203,85123,0.9891921102404756
11,2026-02-03 05:51:58,79743.09178301672,1676.0001285552976,85077,84851,1.0026634924750444
11,2026-02-03 05:51:58,79743.09178301672,1678.0001289367674,84650,84752,0.9987964885784406
11,2026-02-03 05:51:58,79743.09178301672,1680.0001293182372,85324,85346,0.9997422257633632
11,2026-02-03 05:51:58,79743.09178301672,1682.000129699707,84863,85588,0.9915291863345329
11,2026-02-03 05:51:58,79743.09178301672,1684.0001300811766,84783,85518,0.9914053181786291
11,2026-02-03 05:51:58,79743.09178301672,1686.0001304626462,84389,85364,0.9885783234150227
11,2026-02-03 05:51:58,79743.09178301672,1688.000130844116,84426,85208,0.9908224579851657
11,2026-02-03 05:51:58,79743.09178301672,1690.0001312255858,84952,85304,0.9958735815436557
11,2026-02-03 05:51:58,79743.09178301672,1692.0001316070557,85277,85786,0.994066630918798
11,2026-02-03 05:51:58,79743.09178301672,1694.0001319885253,84696,85419,0.9915358409721491
11,2026-02-03 05:51:58,79743.09178301672,1696.0001323699948,84478,85184,0.9917120586025545
11,2026-02-03 05:51:58,79743.09178301672,1698.0001327514647,85179,85301,0.9985697705771327
11,2026-02-03 05:51:58,79743.09178301672,1700.0001331329345,85429,85149,1.0032883533570565
11,2026-02-03 05:51:58,79743.09178301672,1702.0001335144043,84626,84942,0.9962798144616326
11,2026-02-03 05:51:58,79743.09178301672,1704.000133895874,85062,84835,1.0026757824011316
11,2026-02-03 05:51:58,79743.09178301672,1706.0001342773435,85052,84889,1.0019201545547716
11,2026-02-03 05:51:58,79743.09178301672,1708.0001346588133,84971,84834,1.001614918546809
11,2026-02-03 05:51:58,79743.09178301672,1710.000135040283,85277,85443,0.9980571843217115
11,2026-02-03 05:51:58,79743.09178301672,1712.000135421753,84944,85415,0.9944857460633378
11,2026-02-03 05:51:58,79743.09178301672,1714.0001358032225,84594,85966,0.984040201940302
11,2026-02-03 05:51:58,79743.09178301672,1716.000136184692,85057,84993,1.000753003188498
11,2026-02-03 05:51:58,79743.09178301672,1718.000136566162,85257,85297,0.9995310503300233
11,2026-02-03 05:51:58,79743.09178301672,1720.0001369476317,84799,85151,0.9958661671618654
11,2026-02-03 05:51:58,79743.09178301672,1722.0001373291016,85159,85127,1.0003759089360602
11,2026-02-03 05:51:58,79743.09178301672,1724.0001377105712,85095,85783,0.9919797628900832
11,2026-02-03 05:51:58,79743.09178301672,1726.0001380920407,85160,85748,0.9931426972057658
11,2026-02-03 05:51:58,79743.09178301672,1728.0001384735106,85176,85089,1.0010224588372174
11,2026-02-03 05:51:58,79743.09178301672,1730.0001388549804,85144,85472,0.9961624859603145
11,2026-02-03 05:51:58,79743.09178301672,1732.0001392364502,84919,84821,1.0011553742587331
11,2026-02-03 05:51:58,79743.09178301672,1734.0001396179198,84726,84703,1.000271537017579
11,2026-02-03 05:51:58,79743.09178301672,1736.0001399993894,84580,85342,0.9910712193292869
11,2026-02-03 05:51:58,79743.09178301672,1738.0001403808592,84879,85099,0.9974147757317947
11,2026-02-03 05:51:58,79743.09178301672,1740.000140762329,84772,84807,0.9995872982183075
11,2026-02-03 05:51:58,79743.09178301672,1742.0001411437988,84330,85440,0.9870084269662921
11,2026-02-03 05:51:58,79743.09178301672,1744.0001415252684,84776,85420,0.9924607820182627
11,2026-02-03 05:51:58,79743.09178301672,1746.000141906738,84592,85862,0.9852088234609023
11,2026-02-03 05:51:58,79743.09178301672,1748.0001422882078,84775,85292,0.9939384701965014
11,2026-02-03 05:51:58,79743.09178301672,1750.0001426696776,84572,84629,0.9993264720131397
11,2026-02-03 05:51:58,79743.09178301672,1752.0001430511475,85041,85491,0.994736288030319
11,2026-02-03 05:51:58,79743.09178301672,1754.000143432617,85436,85117,1.0037477824641377
11,2026-02-03 05:51:58,79743.09178301672,1756.0001438140866,84717,84734,0.9997993721528549
11,2026-02-03 05:51:58,79743.09178301672,1758.0001441955565,84751,85798,0.9877969183430849
11,2026-02-03 05:51:58,79743.09178301672,1760.0001445770263,84881,84568,1.003701163560685
11,2026-02-03 05:51:58,79743.09178301672,1762.000144958496,84796,85318,0.9938817131203264
11,2026-02-03 05:51:58,79743.09178301672,1764.0001453399657,84702,85199,0.9941665981995094
11,2026-02-03 05:51:58,79743.09178301672,1766.0001457214353,85651,85641,1.0001167665020259
11,2026-02-03 05:51:58,79743.09178301672,1768.000146102905,84972,84861,1.0013080213525647
11,2026-02-03 05:51:58,79743.09178301672,1770.000146484375,85200,85422,0.9974011378801714
11,2026-02-03 05:51:58,79743.09178301672,1772.0001468658447,84579,85272,0.9918730650154799
11,2026-02-03 05:51:58,79743.09178301672,1774.0001472473143,84894,85399,0.9940865818100915
11,2026-02-03 05:51:58,79743.09178301672,1776.000147628784,84986,85422,0.9948959284493456
11,2026-02-03 05:51:58,79743.09178301672,1778.0001480102537,85024,84937,1.001024288590367
11,2026-02-03 05:51:58,79743.09178301672,1780.0001483917235,84754,85210,0.994648515432461
11,2026-02-03 05:51:58,79743.09178301672,1782.0001487731934,84812,85204,0.9953992770292475
11,2026-02-03 05:51:58,79743.09178301672,1784.000149154663,85140,85452,0.9963488274118804
11,2026-02-03 05:51:58,79743.09178301672,1786.0001495361325,84827,85340,0.9939887508788376
11,2026-02-03 05:51:58,79743.09178301672,1788.0001499176024,84864,85306,0.9948186528497409
11,2026-02-03 05:51:58,79743.09178301672,1790.0001502990722,84551,85163,0.9928137806324343
11,2026-02-03 05:51:58,79743.09178301672,1792.000150680542,84419,85135,0.9915898279203618
11,2026-02-03 05:51:58,79743.09178301672,1794.0001510620116,84823,85323,0.994139915380378
11,2026-02-03 05:51:58,79743.09178301672,1796.0001514434812,84720,85046,0.9961667803306445
11,2026-02-03 05:51:58,79743.09178301672,1798.000151824951,84609,84959,0.9958803658235149
11,2026-02-03 05:51:58,79743.09178301672,1800.0001522064208,84850,85557,0.9917365031499468
11,2026-02-03 05:51:58,79743.09178301672,1802.0001525878906,84865,85088,0.9973791839037232
11,2026-02-03 05:51:58,79743.09178301672,1804.0001529693602,85018,85378,0.9957834570966759
11,2026-02-03 05:51:58,79743.09178301672,1806.0001533508298,84634,85577,0.9889806840623064
11,2026-02-03 05:51:58,79743.09178301672,1808.0001537322996,84995,85312,0.9962842273068268
11,2026-02-03 05:51:58,79743.09178301672,1810.0001541137694,84811,85513,0.9917907218785448
11,2026-02-03 05:51:58,79743.09178301672,1812.0001544952393,84344,85007,0.9922006423000459
11,2026-02-03 05:51:58,79743.09178301672,1814.0001548767088,84884,85243,0.9957885104935302
11,2026-02-03 05:51:58,79743.09178301672,1816.0001552581784,84852,85111,0.9969569150873565
11,2026-02-03 05:51:58,79743.09178301672,1818.0001556396483,84681,85164,0.9943285895448781
11,2026-02-03 05:51:58,79743.09178301672,1820.000156021118,85311,85363,0.9993908367794009
11,2026-02-03 05:51:58,79743.09178301672,1822.000156402588,84910,85068,0.9981426623407157
11,2026-02-03 05:51:58,79743.09178301672,1824.0001567840575,84655,85658,0.9882906441896846
11,2026-02-03 05:51:58,79743.09178301672,1826.000157165527,85203,85007,1.0023056924723845
11,2026-02-03 05:51:58,79743.09178301672,1828.000157546997,84975,85274,0.9964936557450103
11,2026-02-03 05:51:58,79743.09178301672,1830.0001579284667,85612,85438,1.0020365645263232
11,2026-02-03 05:51:58,79743.09178301672,1832.0001583099365,84731,85227,0.9941802480434604
11,2026-02-03 05:51:58,79743.09178301672,1834.000158691406,85134,85572,0.9948815032954704
11,2026-02-03 05:51:58,79743.09178301672,1836.0001590728757,84371,85351,0.9885180021323711
11,2026-02-03 05:51:58,79743.09178301672,1838.0001594543455,85193,84709,1.005713678593774
11,2026-02-03 05:51:58,79743.09178301672,1840.0001598358153,84559,85042,0.9943204534230146
11,2026-02-03 05:51:58,79743.09178301672,1842.0001602172852,84413,85249,0.990193433354057
11,2026-02-03 05:51:58,79743.09178301672,1844.0001605987547,84305,85268,0.9887061969320261
11,2026-02-03 05:51:58,79743.09178301672,1846.0001609802243,84537,85391,0.9899989460247567
11,2026-02-03 05:51:58,79743.09178301672,1848.0001613616942,84405,85270,0.9898557523161722
11,2026-02-03 05:51:58,79743.09178301672,1850.000161743164,84471,85049,0.9932039177415373
11,2026-02-03 05:51:58,79743.09178301672,1852.0001621246338,84502,84908,0.9952183539831347
11,2026-02-03 05:51:58,79743.09178301672,1854.0001625061034,85314,85037,1.0032574055999153
11,2026-02-03 05:51:58,79743.09178301672,1856.000162887573,84610,85843,0.9856365690854234
11,2026-02-03 05:51:58,79743.09178301672,1858.0001632690428,85282,85696,0.9951689693801344
11,2026-02-03 05:51:58,79743.09178301672,1860.0001636505126,84261,84659,0.9952987868980262
11,2026-02-03 05:51:58,79743.09178301672,1862.0001640319824,84614,84452,1.0019182494197887
11,2026-02-03 05:51:58,79743.09178301672,1864.000164413452,84639,85692,0.987711805069318
11,2026-02-03 05:51:58,79743.09178301672,1866.0001647949216,84674,85101,0.9949824326388644
11,2026-02-03 05:51:58,79743.09178301672,1868.0001651763914,84946,85292,0.9959433475589738
11,2026-02-03 05:51:58,79743.09178301672,1870.0001655578612,84990,84970,1.00023537719195
11,2026-02-03 05:51:58,79743.09178301672,1872.000165939331,84931,85619,0.9919644004251392
11,2026-02-03 05:51:58,79743.09178301672,1874.0001663208006,85070,85635,0.99340223039645
11,2026-02-03 05:51:58,79743.09178301672,1876.0001667022702,85273,85448,0.9979519707892519
11,2026-02-03 05:51:58,79743.09178301672,1878.00016708374,84622,86091,0.9829366600457655
11,2026-02-03 05:51:58,79743.09178301672,1880.0001674652099,85157,85280,0.9985576923076923
11,2026-02-03 05:51:58,79743.09178301672,1882.0001678466797,84763,85513,0.991229403716394
11,2026-02-03 05:51:58,79743.09178301672,1884.0001682281493,84872,85076,0.9976021439653956
11,2026-02-03 05:51:58,79743.09178301672,1886.0001686096189,85614,85821,0.9975880029363442
11,2026-02-03 05:51:58,79743.09178301672,1888.0001689910887,84585,85354,0.9909904632471823
11,2026-02-03 05:51:58,79743.09178301672,1890.0001693725585,85066,84658,1.0048193909612795
11,2026-02-03 05:51:58,79743.09178301672,1892.0001697540283,84600,85273,0.9921077011480773
11,2026-02-03 05:51:58,79743.09178301672,1894.000170135498,84698,85167,0.9944931722380734
11,2026-02-03 05:51:58,79743.09178301672,1896.0001705169675,85150,85504,0.9958598428143712
11,2026-02-03 05:51:58,79743.09178301672,1898.0001708984373,85009,84850,1.0018738951090158
11,2026-02-03 05:51:58,79743.09178301672,1900.0001712799071,84539,84751,0.9974985545893263
11,2026-02-03 05:51:58,79743.09178301672,1902.000171661377,84596,85151,0.9934821669739639
11,2026-02-03 05:51:58,79743.09178301672,1904.0001720428465,84928,84870,1.0006833981383292
11,2026-02-03 05:51:58,79743.09178301672,1906.0001724243161,84809,84795,1.0001651040745327
11,2026-02-03 05:51:58,79743.09178301672,1908.000172805786,84547,85443,0.9895134768208045
11,2026-02-03 05:51:58,79743.09178301672,1910.0001731872558,84941,85654,0.9916758119877648
11,2026-02-03 05:51:58,79743.09178301672,1912.0001735687256,84448,84913,0.9945238067198191
11,2026-02-03 05:51:58,79743.09178301672,1914.0001739501952,84832,85055,0.9973781670683676
11,2026-02-03 05:51:58,79743.09178301672,1916.0001743316648,84976,85453,0.9944179841550326
11,2026-02-03 05:51:58,79743.09178301672,1918.0001747131346,84918,85842,0.9892360383029286
11,2026-02-03 05:51:58,79743.09178301672,1920.0001750946044,84837,85366,0.9938031534803083
11,2026-02-03 05:51:58,79743.09178301672,1922.0001754760742,84866,85629,0.9910894673533499
11,2026-02-03 05:51:58,79743.09178301672,1924.0001758575438,85301,85341,0.9995312921104744
11,2026-02-03 05:51:58,79743.09178301672,1926.0001762390134,84876,85130,0.9970163279689886
11,2026-02-03 05:51:58,79743.09178301672,1928.0001766204832,84876,85196,0.9962439551152636
11,2026-02-03 05:51:58,79743.09178301672,1930.000177001953,85086,85498,0.9951811738286276
11,2026-02-03 05:51:58,79743.09178301672,1932.0001773834229,84826,84975,0.998246543100912
11,2026-02-03 05:51:58,79743.09178301672,1934.0001777648924,84851,85312,0.9945963053263316
11,2026-02-03 05:51:58,79743.09178301672,1936.000178146362,84763,85019,0.9969889083616603
11,2026-02-03 05:51:58,79743.09178301672,1938.0001785278318,84668,85290,0.9927072341423379
11,2026-02-03 05:51:58,79743.09178301672,1940.0001789093017,84568,85785,0.985813370635892
11,2026-02-03 05:51:58,79743.09178301672,1942.0001792907715,84614,85433,0.9904135404351948
11,2026-02-03 05:51:58,79743.09178301672,1944.000179672241,85106,85219,0.9986740046233821
11,2026-02-03 05:51:58,79743.09178301672,1946.0001800537107,84531,84892,0.9957475380483438
11,2026-02-03 05:51:58,79743.09178301672,1948.0001804351805,84586,85060,0.9944274629673172
11,2026-02-03 05:51:58,79743.09178301672,1950.0001808166503,84715,85525,0.9905290850628471
11,2026-02-03 05:51:58,79743.09178301672,1952.0001811981201,84981,85061,0.9990594984775631
11,2026-02-03 05:51:58,79743.09178301672,1954.0001815795897,84645,85326,0.9920188453695239
11,2026-02-03 05:51:58,79743.09178301672,1956.0001819610593,85235,85690,0.994690162212627
11,2026-02-03 05:51:58,79743.09178301672,1958.0001823425291,84721,85512,0.9907498362802881
11,2026-02-03 05:51:58,79743.09178301672,1960.000182723999,84411,85189,0.990867365504936
11,2026-02-03 05:51:58,79743.09178301672,1962.0001831054688,84571,85392,0.9903855162076073
11,2026-02-03 05:51:58,79743.09178301672,1964.0001834869383,84994,85611,0.99279298221023
11,2026-02-03 05:51:58,79743.09178301672,1966.000183868408,84737,85346,0.9928643404494645
11,2026-02-03 05:51:58,79743.09178301672,1968.0001842498777,85017,85322,0.9964253064860177
11,2026-02-03 05:51:58,79743.09178301672,1970.0001846313476,84345,85093,0.9912096177123852
11,2026-02-03 05:51:58,79743.09178301672,1972.0001850128174,84138,85803,0.9805950840879689
11,2026-02-03 05:51:58,79743.09178301672,1974.000185394287,84505,85348,0.990122791395229
11,2026-02-03 05:51:58,79743.09178301672,1976.0001857757566,85358,85375,0.999800878477306
11,2026-02-03 05:51:58,79743.09178301672,1978.0001861572264,84680,85367,0.9919523937821406
11,2026-02-03 05:51:58,79743.09178301672,1980.0001865386962,84984,85191,0.9975701658625912
11,2026-02-03 05:51:58,79743.09178301672,1982.000186920166,85139,85180,0.9995186663536041
11,2026-02-03 05:51:58,79743.09178301672,1984.0001873016356,84724,85533,0.9905416622823939
11,2026-02-03 05:51:58,79743.09178301672,1986.0001876831052,84667,85278,0.9928351978235888
11,2026-02-03 05:51:58,79743.09178301672,1988.000188064575,85110,85138,0.9996711221781108
11,2026-02-03 05:51:58,79743.09178301672,1990.0001884460448,84964,85905,0.9890460392293813
11,2026-02-03 05:51:58,79743.09178301672,1992.0001888275146,84735,85524,0.9907745194331415
11,2026-02-03 05:51:58,79743.09178301672,1994.0001892089842,85354,85629,0.9967884711955062
11,2026-02-03 05:51:58,79743.09178301672,1996.0001895904538,85537,85314,1.0026138734557049
11,2026-02-03 05:51:58,79743.09178301672,1998.0001899719236,85111,84949,1.0019070265688825
11,2026-02-03 05:51:58,79743.09178301672,2000.0001903533935,84911,85291,0.9955446647360214
11,2026-02-03 05:51:58,79743.09178301672,2002.0001907348633,84688,84950,0.9969158328428487
11,2026-02-03 05:51:58,79743.09178301672,2004.0001911163329,84834,85845,0.9882229599860213
11,2026-02-03 05:51:58,79743.09178301672,2006.0001914978025,84678,85108,0.9949475959956761
11,2026-02-03 05:51:58,79743.09178301672,2008.0001918792723,84566,85883,0.9846651840294354
11,2026-02-03 05:51:58,79743.09178301672,2010.000192260742,84746,85061,0.9962967752554049
11,2026-02-03 05:51:58,79743.09178301672,2012.000192642212,84613,85463,0.9900541754911483
11,2026-02-03 05:51:58,79743.09178301672,2014.0001930236815,84531,85001,0.9944706532864319
11,2026-02-03 05:51:58,79743.09178301672,2016.000193405151,84937,85487,0.9935662732345268
11,2026-02-03 05:51:58,79743.09178301672,2018.000193786621,85078,84764,1.0037044028125148
11,2026-02-03 05:51:58,79743.09178301672,2020.0001941680907,84875,84773,1.0012032132872495
11,2026-02-03 05:51:58,79743.09178301672,2022.0001945495605,84203,84612,0.995166170283175
11,2026-02-03 05:51:58,79743.09178301672,2024.0001949310301,84638,84812,0.9979484035278027
11,2026-02-03 05:51:58,79743.09178301672,2026.0001953125,84582,85226,0.9924436204913993
11,2026-02-03 05:51:58,79743.09178301672,2028.0001956939695,84753,85002,0.997070657161008
11,2026-02-03 05:51:58,79743.09178301672,2030.0001960754394,84960,84543,1.0049324012632626
11,2026-02-03 05:51:58,79743.09178301672,2032.000196456909,84586,84992,0.9952230798192772
11,2026-02-03 05:51:58,79743.09178301672,2034.0001968383788,85059,86087,0.9880585918896001
11,2026-02-03 05:51:58,79743.09178301672,2036.0001972198486,84729,84964,0.9972341226872558
11,2026-02-03 05:51:58,79743.09178301672,2038.0001976013182,84729,85321,0.9930614971695128
11,2026-02-03 05:51:58,79743.09178301672,2040.000197982788,84959,85439,0.9943819567176582
11,2026-02-03 05:51:58,79743.09178301672,2042.0001983642576,85132,85795,0.9922722769392156
11,2026-02-03 05:51:58,79743.09178301672,2044.0001987457274,84595,85382,0.990782600548125
11,2026-02-03 05:51:58,79743.09178301672,2046.0001991271972,85070,85131,0.9992834572599876
11,2026-02-03 05:51:58,79743.09178301672,2048.000199508667,85157,85747,0.9931192928032467
11,2026-02-03 05:51:58,79743.09178301672,2050.0001998901366,84778,84772,1.0000707780871043
11,2026-02-03 05:51:58,79743.09178301672,2052.0002002716064,84799,85310,0.994010080881491
11,2026-02-03 05:51:58,79743.09178301672,2054.000200653076,85132,85270,0.9983816113521754
11,2026-02-03 05:51:58,79743.09178301672,2056.000201034546,85044,85436,0.9954117702139613
11,2026-02-03 05:51:58,79743.09178301672,2058.0002014160154,84967,84830,1.0016149946952728
11,2026-02-03 05:51:58,79743.09178301672,2060.0002017974853,85142,84957,1.0021775721835753
11,2026-02-03 05:51:58,79743.09178301672,2062.000202178955,85466,85495,0.9996607988771273
11,2026-02-03 05:51:58,79743.09178301672,2064.0002025604244,84888,84990,0.9987998588069185
11,2026-02-03 05:51:58,79743.09178301672,2066.0002029418947,85032,85565,0.9937708175071583
11,2026-02-03 05:51:58,79743.09178301672,2068.000203323364,85022,85160,0.9983795209018318
11,2026-02-03 05:51:58,79743.09178301672,2070.000203704834,84404,85508,0.9870889273518267
11,2026-02-03 05:51:58,79743.09178301672,2072.0002040863037,85339,85464,0.9985373958625854
11,2026-02-03 05:51:58,79743.09178301672,2074.000204467773,84772,85288,0.9939499108901604
11,2026-02-03 05:51:58,79743.09178301672,2076.0002048492433,85056,85559,0.9941210159071517
11,2026-02-03 05:51:58,79743.09178301672,2078.0002052307127,84635,85790,0.986536892411703
11,2026-02-03 05:51:58,79743.09178301672,2080.0002056121825,84664,85265,0.9929513868527532
11,2026-02-03 05:51:58,79743.09178301672,2082.0002059936523,84660,85697,0.9878992263439794
11,2026-02-03 05:51:58,79743.09178301672,2084.0002063751217,84916,85337,0.9950666182312479
11,2026-02-03 05:51:58,79743.09178301672,2086.000206756592,84488,84718,0.9972851106022332
11,2026-02-03 05:51:58,79743.09178301672,2088.0002071380613,85079,85334,0.9970117420957649
11,2026-02-03 05:51:58,79743.09178301672,2090.000207519531,84640,85742,0.9871474889785636
11,2026-02-03 05:51:58,79743.09178301672,2092.000207901001,85199,85156,1.000504955610879
11,2026-02-03 05:51:58,79743.09178301672,2094.0002082824703,84898,85146,0.9970873558358584
11,2026-02-03 05:51:58,79743.09178301672,2096.0002086639406,85130,86180,0.9878161986539801
11,2026-02-03 05:51:58,79743.09178301672,2098.00020904541,84733,85004,0.9968119147334243
11,2026-02-03 05:51:58,79743.09178301672,2100.00020942688,84874,85250,0.9955894428152493
11,2026-02-03 05:51:58,79743.09178301672,2102.0002098083496,84423,85060,0.9925111685868798
11,2026-02-03 05:51:58,79743.09178301672,2104.000210189819,85132,85432,0.9964884352467459
11,2026-02-03 05:51:58,79743.09178301672,2106.0002105712892,84810,85046,0.9972250311596077
11,2026-02-03 05:51:58,79743.09178301672,2108.0002109527586,85057,85427,0.9956688166504735
11,2026-02-03 05:51:58,79743.09178301672,2110.0002113342284,84890,84827,1.0007426880592265
11,2026-02-03 05:51:58,79743.09178301672,2112.0002117156982,84737,84596,1.0016667454725992
11,2026-02-03 05:51:58,79743.09178301672,2114.0002120971676,84933,85217,0.9966673316357065
11,2026-02-03 05:51:58,79743.09178301672,2116.000212478638,85117,84795,1.003797393714252
11,2026-02-03 05:51:58,79743.09178301672,2118.0002128601072,84325,85172,0.9900554172732823
11,2026-02-03 05:51:58,79743.09178301672,2120.000213241577,84167,84542,0.9955643348868018
11,2026-02-03 05:51:58,79743.09178301672,2122.000213623047,84951,85335,0.9955000878889084
11,2026-02-03 05:51:58,79743.09178301672,2124.0002140045162,84509,84933,0.9950078297010585
11,2026-02-03 05:51:58,79743.09178301672,2126.0002143859865,84797,84879,0.9990339188727483
11,2026-02-03 05:51:58,79743.09178301672,2128.000214767456,84744,85515,0.9909840378880899
11,2026-02-03 05:51:58,79743.09178301672,2130.0002151489257,84182,85080,0.9894452280206865
11,2026-02-03 05:51:58,79743.09178301672,2132.0002155303955,84827,85105,0.9967334469185124
11,2026-02-03 05:51:58,79743.09178301672,2134.000215911865,84658,85341,0.9919968127863512
11,2026-02-03 05:51:58,79743.09178301672,2136.000216293335,85008,85458,0.994734255423717
11,2026-02-03 05:51:58,79743.09178301672,2138.0002166748045,84930,84866,1.000754130040299
11,2026-02-03 05:51:58,79743.09178301672,2140.0002170562743,85272,85600,0.9961682242990654
11,2026-02-03 05:51:58,79743.09178301672,2142.000217437744,84867,85320,0.994690576652602
11,2026-02-03 05:51:58,79743.09178301672,2144.0002178192135,85473,85483,0.9998830176760292
11,2026-02-03 05:51:58,79743.09178301672,2146.000218200684,84683,85315,0.9925921584715466
11,2026-02-03 05:51:58,79743.09178301672,2148.000218582153,85168,85039,1.0015169510459907
11,2026-02-03 05:51:58,79743.09178301672,2150.000218963623,85009,84951,1.000682746524467
11,2026-02-03 05:51:58,79743.09178301672,2152.000219345093,85215,85297,0.9990386531765478
11,2026-02-03 05:51:58,79743.09178301672,2154.000219726562,84951,85769,0.9904627546083083
11,2026-02-03 05:51:58,79743.09178301672,2156.0002201080324,85446,85612,0.99806101948325
11,2026-02-03 05:51:58,79743.09178301672,2158.0002204895018,85599,85545,1.0006312467122567
11,2026-02-03 05:51:58,79743.09178301672,2160.0002208709716,85164,85369,0.9975986599351052
11,2026-02-03 05:51:58,79743.09178301672,2162.0002212524414,84765,85146,0.9955253329575082
11,2026-02-03 05:51:58,79743.09178301672,2164.0002216339108,85284,85099,1.0021739385891726
11,2026-02-03 05:51:58,79743.09178301672,2166.000222015381,84918,85739,0.9904244276233686
11,2026-02-03 05:51:58,79743.09178301672,2168.0002223968504,85289,85387,0.9988522843055735
11,2026-02-03 05:51:58,79743.09178301672,2170.00022277832,85554,84675,1.0103808680248008
11,2026-02-03 05:51:58,79743.09178301672,2172.00022315979,84846,85316,0.9944910684982887
11,2026-02-03 05:51:58,79743.09178301672,2174.0002235412594,84255,86401,0.975162324510133
11,2026-02-03 05:51:58,79743.09178301672,2176.0002239227297,85233,85028,1.002410970503834
11,2026-02-03 05:51:58,79743.09178301672,2178.000224304199,84698,85268,0.9933151944457476
11,2026-02-03 05:51:58,79743.09178301672,2180.000224685669,85089,84899,1.0022379533327836
11,2026-02-03 05:51:58,79743.09178301672,2182.0002250671387,84636,85205,0.9933219881462355
11,2026-02-03 05:51:58,79743.09178301672,2184.000225448608,84694,85135,0.9948199917777647
11,2026-02-03 05:51:58,79743.09178301672,2186.0002258300783,84200,85107,0.9893428272645023
11,2026-02-03 05:51:58,79743.09178301672,2188.0002262115477,84685,85217,0.9937571141908305
11,2026-02-03 05:51:58,79743.09178301672,2190.0002265930175,84863,85189,0.9961732148516828
11,2026-02-03 05:51:58,79743.09178301672,2192.0002269744873,84700,85064,0.9957208689927584
11,2026-02-03 05:51:58,79743.09178301672,2194.0002273559567,84727,85034,0.9963896794223487
11,2026-02-03 05:51:58,79743.09178301672,2196.000227737427,85404,84982,1.0049657574545199
11,2026-02-03 05:51:58,79743.09178301672,2198.0002281188963,84001,84599,0.9929313585266966
11,2026-02-03 05:51:58,79743.09178301672,2200.000228500366,84955,85286,0.9961189409750721
11,2026-02-03 05:51:58,79743.09178301672,2202.000228881836,84942,85089,0.9982723971371152
11,2026-02-03 05:51:58,79743.09178301672,2204.0002292633053,84930,85058,0.9984951444896424
11,2026-02-03 05:51:58,79743.09178301672,2206.0002296447756,84506,85088,0.993160022564874
11,2026-02-03 05:51:58,79743.09178301672,2208.000230026245,85344,85316,1.0003281916639317
11,2026-02-03 05:51:58,79743.09178301672,2210.0002304077148,84714,85291,0.993234925138643
11,2026-02-03 05:51:58,79743.09178301672,2212.0002307891846,84637,85422,0.990810329891597
11,2026-02-03 05:51:58,79743.09178301672,2214.000231170654,84471,85033,0.9933908012183505
11,2026-02-03 05:51:58,79743.09178301672,2216.000231552124,84766,85265,0.9941476573037002
11,2026-02-03 05:51:58,79743.09178301672,2218.0002319335936,85106,85215,0.9987208824737429
11,2026-02-03 05:51:58,79743.09178301672,2220.0002323150634,84257,85368,0.9869857557867117
11,2026-02-03 05:51:58,79743.09178301672,2222.000232696533,84608,85129,0.9938798764228406
11,2026-02-03 05:51:58,79743.09178301672,2224.0002330780026,84265,85103,0.9901531085860663
11,2026-02-03 05:51:58,79743.09178301672,2226.000233459473,84471,85432,0.9887512875737429
11,2026-02-03 05:51:58,79743.09178301672,2228.000233840942,85157,85274,0.9986279522480475
11,2026-02-03 05:51:58,79743.09178301672,2230.000234222412,85089,85082,1.0000822735713781
11,2026-02-03 05:51:58,79743.09178301672,2232.000234603882,84846,85231,0.9954828642160716
11,2026-02-03 05:51:58,79743.09178301672,2234.000234985351,84991,85251,0.9969501824025525
11,2026-02-03 05:51:58,79743.09178301672,2236.0002353668215,84622,85129,0.9940443327185801
11,2026-02-03 05:51:58,79743.09178301672,2238.000235748291,85360,85007,1.0041525991977132
11,2026-02-03 05:51:58,79743.09178301672,2240.0002361297607,84651,85390,0.9913455908185971
11,2026-02-03 05:51:58,79743.09178301672,2242.0002365112305,84284,85263,0.9885178799713826
11,2026-02-03 05:51:58,79743.09178301672,2244.0002368927,85054,85548,0.9942254640669566
11,2026-02-03 05:51:58,79743.09178301672,2246.00023727417,84746,85321,0.9932607447170099
11,2026-02-03 05:51:58,79743.09178301672,2248.0002376556395,84864,85448,0.9931654339481322
11,2026-02-03 05:51:58,79743.09178301672,2250.0002380371093,85398,85111,1.0033720670653616
11,2026-02-03 05:51:58,79743.09178301672,2252.000238418579,85203,85314,0.9986989239749631
11,2026-02-03 05:51:58,79743.09178301672,2254.0002388000485,85024,85287,0.9969162943942219
11,2026-02-03 05:51:58,79743.09178301672,2256.0002391815187,84782,85249,0.9945219298760103
11,2026-02-03 05:51:58,79743.09178301672,2258.000239562988,84698,85281,0.9931637762221363
11,2026-02-03 05:51:58,79743.09178301672,2260.000239944458,84855,85206,0.995880571790719
11,2026-02-03 05:51:58,79743.09178301672,2262.0002403259277,84933,85526,0.9930664359376096
11,2026-02-03 05:51:58,79743.09178301672,2264.000240707397,84626,84999,0.9956117130789774
11,2026-02-03 05:51:58,79743.09178301672,2266.0002410888674,84404,84911,0.99402904217357
11,2026-02-03 05:51:58,79743.09178301672,2268.0002414703367,84973,85365,0.9954079540795407
11,2026-02-03 05:51:58,79743.09178301672,2270.0002418518065,85142,85206,0.9992488791869117
11,2026-02-03 05:51:58,79743.09178301672,2272.0002422332764,84842,85322,0.994374252830454
11,2026-02-03 05:51:58,79743.09178301672,2274.0002426147457,84716,85132,0.9951134708452756
11,2026-02-03 05:51:58,79743.09178301672,2276.000242996216,84732,84879,0.9982681228572439
11,2026-02-03 05:51:58,79743.09178301672,2278.0002433776854,84648,85734,0.9873329134299111
11,2026-02-03 05:51:58,79743.09178301672,2280.000243759155,85019,85252,0.9972669262891193
11,2026-02-03 05:51:58,79743.09178301672,2282.000244140625,84738,85249,0.9940057947893817
11,2026-02-03 05:51:58,79743.09178301672,2284.0002445220944,84943,85098,0.998178570589203
11,2026-02-03 05:51:58,79743.09178301672,2286.0002449035646,84747,85605,0.9899772209567198
11,2026-02-03 05:51:58,79743.09178301672,2288.000245285034,84697,85500,0.9906081871345029
11,2026-02-03 05:51:58,79743.09178301672,2290.000245666504,84557,84833,0.996746549102354
11,2026-02-03 05:51:58,79743.09178301672,2292.0002460479736,84901,85202,0.9964672190793643
11,2026-02-03 05:51:58,79743.09178301672,2294.000246429443,84938,85198,0.9969482851710134
11,2026-02-03 05:51:58,79743.09178301672,2296.0002468109133,84606,85488,0.9896827624929815
11,2026-02-03 05:51:58,79743.09178301672,2298.0002471923826,83898,85540,0.9808043020808979
11,2026-02-03 05:51:58,79743.09178301672,2300.0002475738524,84791,85180,0.9954332002817563
11,2026-02-03 05:51:58,79743.09178301672,2302.0002479553223,84357,85045,0.9919101652066553
11,2026-02-03 05:51:58,79743.09178301672,2304.0002483367916,83955,84732,0.9908299107775103
11,2026-02-03 05:51:58,79743.09178301672,2306.000248718262,83552,85700,0.9749358226371062
11,2026-02-03 05:51:58,79743.09178301672,2308.0002490997313,84056,85550,0.9825365283459965
11,2026-02-03 05:51:58,79743.09178301672,2310.000249481201,84218,85075,0.9899265354099324
11,2026-02-03 05:51:58,79743.09178301672,2312.000249862671,84247,84811,0.9933499192321751
11,2026-02-03 05:51:58,79743.09178301672,2314.0002502441403,83958,85394,0.9831838302456847
11,2026-02-03 05:51:58,79743.09178301672,2316.0002506256105,84295,85292,0.9883107442667542
11,2026-02-03 05:51:58,79743.09178301672,2318.00025100708,84817,85272,0.9946641335960221
11,2026-02-03 05:51:58,79743.09178301672,2320.0002513885497,84962,85252,0.9965983202740112
11,2026-02-03 05:51:58,79743.09178301672,2322.0002517700195,84679,84942,0.9969037696310423
11,2026-02-03 05:51:58,79743.09178301672,2324.000252151489,84431,85040,0.9928386641580432
11,2026-02-03 05:51:58,79743.09178301672,2326.000252532959,84662,84775,0.9986670598643468
11,2026-02-03 05:51:58,79743.09178301672,2328.0002529144285,85157,84922,1.0027672452368055
11,2026-02-03 05:51:58,79743.09178301672,2330.0002532958983,85237,85383,0.9982900577398311
11,2026-02-03 05:51:58,79743.09178301672,2332.000253677368,84705,85252,0.9935837282409797
11,2026-02-03 05:51:58,79743.09178301672,2334.0002540588375,85170,85024,1.0017171622130223
11,2026-02-03 05:51:58,79743.09178301672,2336.000254440308,85103,84923,1.0021195671372891
11,2026-02-03 05:51:58,79743.09178301672,2338.000254821777,84759,85874,0.987015860446701
11,2026-02-03 05:51:58,79743.09178301672,2340.000255203247,84611,84513,1.00115958491593
11,2026-02-03 05:51:58,79743.09178301672,2342.000255584717,84801,85657,0.990006654447389
11,2026-02-03 05:51:58,79743.09178301672,2344.000255966186,84935,85115,0.9978852141220701
11,2026-02-03 05:51:58,79743.09178301672,2346.0002563476564,84096,85058,0.9886900703049684
11,2026-02-03 05:51:58,79743.09178301672,2348.000256729126,84543,84842,0.9964758020791589
11,2026-02-03 05:51:58,79743.09178301672,2350.0002571105956,84493,85039,0.9935794165030163
11,2026-02-03 05:51:58,79743.09178301672,2352.0002574920654,84921,84992,0.9991646272590361
11,2026-02-03 05:51:58,79743.09178301672,2354.000257873535,84926,85285,0.9957905845107581
11,2026-02-03 05:51:58,79743.09178301672,2356.000258255005,84402,85131,0.9914367269267365
11,2026-02-03 05:51:58,79743.09178301672,2358.0002586364744,85031,85176,0.9982976425284118
11,2026-02-03 05:51:58,79743.09178301672,2360.0002590179442,84937,85298,0.9957677788459284
11,2026-02-03 05:51:58,79743.09178301672,2362.000259399414,84978,85190,0.9975114450052823
11,2026-02-03 05:51:58,79743.09178301672,2364.0002597808834,84819,85486,0.9921975528156657
11,2026-02-03 05:51:58,79743.09178301672,2366.0002601623537,85471,85355,1.0013590299338058
11,2026-02-03 05:51:58,79743.09178301672,2368.000260543823,85185,85150,1.000411039342337
11,2026-02-03 05:51:58,79743.09178301672,2370.000260925293,84894,84806,1.0010376624295452
11,2026-02-03 05:51:58,79743.09178301672,2372.0002613067627,84763,85717,0.9888703524388395
11,2026-02-03 05:51:58,79743.09178301672,2374.000261688232,85211,85406,0.9977167880476782
11,2026-02-03 05:51:58,79743.09178301672,2376.0002620697023,85171,85140,1.0003641061780597
11,2026-02-03 05:51:58,79743.09178301672,2378.0002624511717,84881,85162,0.9967004062844931
11,2026-02-03 05:51:58,79743.09178301672,2380.0002628326415,85329,84987,1.0040241448692153
11,2026-02-03 05:51:58,79743.09178301672,2382.0002632141113,84663,85194,0.9937671667018804
11,2026-02-03 05:51:58,79743.09178301672,2384.0002635955807,84573,85519,0.9889381307077959
11,2026-02-03 05:51:58,79743.09178301672,2386.000263977051,84866,85114,0.9970862607796602
11,2026-02-03 05:51:58,79743.09178301672,2388.0002643585203,85343,84801,1.0063914340632776
11,2026-02-03 05:51:58,79743.09178301672,2390.00026473999,84977,84700,1.0032703659976387
11,2026-02-03 05:51:58,79743.09178301672,2392.00026512146,84914,84976,0.9992703822255695
11,2026-02-03 05:51:58,79743.09178301672,2394.0002655029293,84730,84927,0.997680360780435
11,2026-02-03 05:51:58,79743.09178301672,2396.0002658843996,84667,85407,0.9913356048099102
11,2026-02-03 05:51:58,79743.09178301672,2398.000266265869,85137,85509,0.9956495807458864
11,2026-02-03 05:51:58,79743.09178301672,2400.000266647339,84817,85123,0.9964052018843321
11,2026-02-03 05:51:58,79743.09178301672,2402.0002670288086,84745,85481,0.9913898995098326
11,2026-02-03 05:51:58,79743.09178301672,2404.000267410278,84529,85068,0.9936638924154794
11,2026-02-03 05:51:58,79743.09178301672,2406.0002677917482,84827,85474,0.9924304466855418
11,2026-02-03 05:51:58,79743.09178301672,2408.0002681732176,84082,84907,0.9902834866383219
11,2026-02-03 05:51:58,79743.09178301672,2410.0002685546874,85174,85068,1.0012460619739503
11,2026-02-03 05:51:58,79743.09178301672,2412.000268936157,85136,85245,0.9987213326294797
11,2026-02-03 05:51:58,79743.09178301672,2414.0002693176266,85056,84838,1.0025696032438294
11,2026-02-03 05:51:58,79743.09178301672,2416.000269699097,84414,85118,0.9917291289738951
11,2026-02-03 05:51:58,79743.09178301672,2418.000270080566,84409,85156,0.9912278641551975
11,2026-02-03 05:51:58,79743.09178301672,2420.000270462036,84662,85379,0.9916021504116938
11,2026-02-03 05:51:58,79743.09178301672,2422.000270843506,84401,84828,0.9949662847173103
11,2026-02-03 05:51:58,79743.09178301672,2424.000271224975,85128,85500,0.9956491228070176
11,2026-02-03 05:51:58,79743.09178301672,2426.0002716064455,84708,85353,0.9924431478682647
11,2026-02-03 05:51:58,79743.09178301672,2428.000271987915,84852,85135,0.9966758677394726
11,2026-02-03 05:51:58,79743.09178301672,2430.0002723693847,84893,85196,0.9964434949997653
11,2026-02-03 05:51:58,79743.09178301672,2432.0002727508545,84548,85144,0.9930000939584703
11,2026-02-03 05:51:58,79743.09178301672,2434.000273132324,85106,84588,1.0061238000662032
11,2026-02-03 05:51:58,79743.09178301672,2436.000273513794,85351,85407,0.9993443160396689
11,2026-02-03 05:51:58,79743.09178301672,2438.0002738952635,84989,85037,0.9994355398238414
11,2026-02-03 05:51:58,79743.09178301672,2440.0002742767333,84433,85292,0.9899287154715566
11,2026-02-03 05:51:58,79743.09178301672,2442.000274658203,84310,85137,0.9902862445235326
11,2026-02-03 05:51:58,79743.09178301672,2444.0002750396725,84794,85331,0.9937068591719305
11,2026-02-03 05:51:58,79743.09178301672,2446.0002754211428,85601,84922,1.007995572407621
11,2026-02-03 05:51:58,79743.09178301672,2448.000275802612,84639,85136,0.9941622815260289
11,2026-02-03 05:51:58,79743.09178301672,2450.000276184082,85666,84804,1.0101646148766568
11,2026-02-03 05:51:58,79743.09178301672,2452.0002765655518,84850,86136,0.9850701216680599
11,2026-02-03 05:51:58,79743.09178301672,2454.000276947021,84768,85362,0.9930414001546356
11,2026-02-03 05:51:58,79743.09178301672,2456.0002773284914,84851,85747,0.9895506548334052
11,2026-02-03 05:51:58,79743.09178301672,2458.0002777099608,84811,85252,0.9948271008304791
11,2026-02-03 05:51:58,79743.09178301672,2460.0002780914306,85048,85004,1.0005176227001082
11,2026-02-03 05:51:58,79743.09178301672,2462.0002784729004,85051,85248,0.9976890953453453
11,2026-02-03 05:51:58,79743.09178301672,2464.0002788543698,84809,85153,0.9959602127934424
11,2026-02-03 05:51:58,79743.09178301672,2466.00027923584,84595,85427,0.9902606904140377
11,2026-02-03 05:51:58,79743.09178301672,2468.0002796173094,84512,84987,0.9944109099038676
11,2026-02-03 05:51:58,79743.09178301672,2470.000279998779,85100,85077,1.0002703433360367
11,2026-02-03 05:51:58,79743.09178301672,2472.000280380249,84828,85212,0.9954935924517674
11,2026-02-03 05:51:58,79743.09178301672,2474.0002807617184,84567,85329,0.9910698590162782
11,2026-02-03 05:51:58,79743.09178301672,2476.0002811431887,84801,85336,0.9937306646667292
11,2026-02-03 05:51:58,79743.09178301672,2478.000281524658,85005,85177,0.9979806755344752
11,2026-02-03 05:51:58,79743.09178301672,2480.000281906128,84901,85368,0.9945295661137663
11,2026-02-03 05:51:58,79743.09178301672,2482.0002822875977,84875,85555,0.992051896440886
11,2026-02-03 05:51:58,79743.09178301672,2484.000282669067,85092,85026,1.0007762331522123
11,2026-02-03 05:51:58,79743.09178301672,2486.0002830505373,84926,84901,1.00029446060706
11,2026-02-03 05:51:58,79743.09178301672,2488.0002834320067,84409,85088,0.9920200263256863
11,2026-02-03 05:51:58,79743.09178301672,2490.0002838134765,85114,84950,1.0019305473808122
11,2026-02-03 05:51:58,79743.09178301672,2492.0002841949463,84948,85312,0.9957333083270817
11,2026-02-03 05:51:58,79743.09178301672,2494.0002845764157,84168,84869,0.9917402113846046
11,2026-02-03 05:51:58,79743.09178301672,2496.000284957886,84758,85205,0.9947538290006455
11,2026-02-03 05:51:58,79743.09178301672,2498.0002853393553,84822,85143,0.99622987209753
11,2026-02-03 05:51:58,79743.09178301672,2500.000285720825,84546,84752,0.9975693788937134
